time,ee_x,ee_y,ee_z,tgt_x,tgt_y,tension_N,pos_error_m,cable_taut,cable_dist_m
3.3400,0.43921,0.09215,0.39404,0.44121,0.09147,0.5004,0.00965,0,0.37242
3.3600,0.43552,0.09318,0.40766,0.44121,0.09145,1.0001,0.02136,0,0.37628
3.3800,0.43062,0.09434,0.42038,0.44121,0.09141,1.4522,0.03263,0,0.38179
3.4000,0.42456,0.09561,0.43214,0.44121,0.09136,1.8619,0.04351,0,0.38875
3.4200,0.41740,0.09699,0.44290,0.44121,0.09129,2.2287,0.05408,0,0.39703
3.4400,0.40916,0.09847,0.45264,0.44121,0.09121,2.5511,0.06446,0,0.40648
3.4600,0.39992,0.10007,0.46139,0.44121,0.09111,2.8289,0.07477,0,0.41695
3.4800,0.38974,0.10177,0.46919,0.44121,0.09099,3.0632,0.08515,0,0.42832
3.5000,0.37874,0.10356,0.47609,0.44121,0.09086,3.2565,0.09569,0,0.44042
3.5200,0.36701,0.10543,0.48215,0.44121,0.09072,3.4119,0.10646,0,0.45315
3.5400,0.35467,0.10736,0.48745,0.44121,0.09055,3.5332,0.11752,0,0.46636
3.5600,0.34182,0.10934,0.49206,0.44121,0.09038,3.6240,0.12887,1,0.47996
3.5800,0.32867,0.11133,0.49604,0.44121,0.09018,144.8407,0.14042,1,0.49373
3.6000,0.32573,0.11134,0.49852,0.44121,0.08997,50.3462,0.14281,1,0.49702
3.6200,0.32765,0.11113,0.50114,0.44121,0.08975,19.4895,0.14134,1,0.49568
3.6400,0.32861,0.11168,0.50425,0.44121,0.08951,17.6942,0.14104,1,0.49553
3.6600,0.32885,0.11263,0.50742,0.44121,0.08925,21.2015,0.14143,1,0.49619
3.6800,0.32911,0.11365,0.51042,0.44121,0.08898,20.4532,0.14174,1,0.49683
3.7000,0.32949,0.11468,0.51317,0.44121,0.08869,18.8746,0.14183,1,0.49734
3.7200,0.32984,0.11567,0.51564,0.44121,0.08838,18.3178,0.14178,1,0.49780
3.7400,0.33016,0.11661,0.51779,0.44121,0.08806,17.7559,0.14157,1,0.49822
3.7600,0.33046,0.11747,0.51960,0.44121,0.08773,17.2004,0.14119,1,0.49858
3.7800,0.33070,0.11824,0.52108,0.44121,0.08738,16.7088,0.14065,1,0.49888
3.8000,0.33090,0.11891,0.52222,0.44121,0.08701,16.2392,0.13996,1,0.49913
3.8200,0.33104,0.11948,0.52304,0.44121,0.08663,15.7805,0.13912,1,0.49933
3.8400,0.33113,0.11994,0.52356,0.44121,0.08623,15.3316,0.13816,1,0.49949
3.8600,0.33117,0.12030,0.52378,0.44121,0.08582,14.8906,0.13709,1,0.49960
3.8800,0.33115,0.12057,0.52375,0.44121,0.08539,14.4571,0.13594,1,0.49967
3.9000,0.33109,0.12073,0.52347,0.44121,0.08494,14.0322,0.13472,1,0.49970
3.9200,0.33098,0.12081,0.52299,0.44121,0.08448,13.6169,0.13347,1,0.49970
3.9400,0.33083,0.12080,0.52232,0.44121,0.08401,13.2127,0.13221,1,0.49968
3.9600,0.33065,0.12072,0.52151,0.44121,0.08352,12.8207,0.13094,1,0.49962
3.9800,0.33045,0.12056,0.52056,0.44121,0.08301,12.4422,0.12971,1,0.49955
4.0000,0.33022,0.12033,0.51953,0.44121,0.08249,12.0782,0.12852,1,0.49946
4.0200,0.32998,0.12003,0.51842,0.44121,0.08195,11.7293,0.12739,1,0.49935
4.0400,0.32973,0.11969,0.51728,0.44121,0.08140,11.3963,0.12633,1,0.49923
4.0600,0.32947,0.11928,0.51612,0.44121,0.08083,11.0795,0.12536,1,0.49911
4.0800,0.32921,0.11883,0.51497,0.44121,0.08025,10.7794,0.12448,1,0.49898
4.1000,0.32895,0.11834,0.51385,0.44121,0.07965,10.4959,0.12370,1,0.49885
4.1200,0.32869,0.11780,0.51278,0.44121,0.07903,10.2292,0.12303,1,0.49873
4.1400,0.32844,0.11723,0.51179,0.44121,0.07840,9.9792,0.12245,1,0.49861
4.1600,0.32820,0.11663,0.51089,0.44121,0.07776,9.7457,0.12198,1,0.49849
4.1800,0.32797,0.11599,0.51010,0.44121,0.07710,9.5284,0.12159,1,0.49838
4.2000,0.32776,0.11532,0.50942,0.44121,0.07642,9.3269,0.12130,1,0.49828
4.2200,0.32755,0.11463,0.50889,0.44121,0.07573,9.1410,0.12108,1,0.49820
4.2400,0.32736,0.11391,0.50850,0.44121,0.07503,8.9701,0.12094,1,0.49813
4.2600,0.32719,0.11316,0.50827,0.44121,0.07431,8.8139,0.12085,1,0.49807
4.2800,0.32703,0.11239,0.50821,0.44121,0.07357,8.6719,0.12081,1,0.49803
4.3000,0.32689,0.11159,0.50832,0.44121,0.07282,8.5437,0.12081,1,0.49801
4.3200,0.32677,0.11077,0.50862,0.44121,0.07205,8.4291,0.12084,1,0.49801
4.3400,0.32667,0.10992,0.50911,0.44121,0.07127,8.3277,0.12089,1,0.49802
4.3600,0.32659,0.10905,0.50979,0.44121,0.07047,8.2393,0.12094,1,0.49806
4.3800,0.32652,0.10815,0.51066,0.44121,0.06966,8.1639,0.12099,1,0.49812
4.4000,0.32648,0.10723,0.51173,0.44121,0.06884,8.1014,0.12104,1,0.49820
4.4200,0.32646,0.10628,0.51301,0.44121,0.06800,8.0520,0.12106,1,0.49830
4.4400,0.32646,0.10530,0.51448,0.44121,0.06714,8.0158,0.12105,1,0.49843
4.4600,0.32649,0.10429,0.51615,0.44121,0.06627,7.9933,0.12102,1,0.49858
4.4800,0.32654,0.10325,0.51802,0.44121,0.06539,7.9848,0.12095,1,0.49875
4.5000,0.32662,0.10218,0.52009,0.44121,0.06448,7.9909,0.12083,1,0.49895
4.5200,0.32672,0.10107,0.52236,0.44121,0.06357,8.0122,0.12068,1,0.49918
4.5400,0.32686,0.09993,0.52481,0.44121,0.06264,8.0496,0.12048,1,0.49942
4.5600,0.32703,0.09876,0.52745,0.44121,0.06170,8.1037,0.12023,1,0.49970
4.5800,0.32723,0.09755,0.53028,0.44121,0.06074,8.1753,0.11993,1,0.49999
4.6000,0.32747,0.09630,0.53328,0.44121,0.05976,8.2654,0.11958,1,0.50032
4.6200,0.32775,0.09501,0.53646,0.44121,0.05878,8.3747,0.11919,1,0.50066
4.6400,0.32807,0.09368,0.53980,0.44121,0.05777,8.5040,0.11875,1,0.50104
4.6600,0.32843,0.09230,0.54329,0.44121,0.05676,8.6539,0.11828,1,0.50143
4.6800,0.32883,0.09089,0.54695,0.44121,0.05573,8.8250,0.11776,1,0.50185
4.7000,0.32928,0.08943,0.55074,0.44121,0.05468,9.0176,0.11720,1,0.50229
4.7200,0.32977,0.08792,0.55467,0.44121,0.05362,9.2317,0.11662,1,0.50276
4.7400,0.33032,0.08637,0.55872,0.44121,0.05254,9.4671,0.11600,1,0.50324
4.7600,0.33092,0.08478,0.56289,0.44121,0.05146,9.7233,0.11537,1,0.50374
4.7800,0.33157,0.08313,0.56716,0.44121,0.05035,9.9992,0.11471,1,0.50426
4.8000,0.33227,0.08145,0.57153,0.44121,0.04924,10.2933,0.11404,1,0.50480
4.8200,0.33303,0.07971,0.57597,0.44121,0.04811,10.6036,0.11336,1,0.50535
4.8400,0.33384,0.07793,0.58049,0.44121,0.04696,10.9273,0.11268,1,0.50592
4.8600,0.33471,0.07611,0.58505,0.44121,0.04580,11.2610,0.11200,1,0.50649
4.8800,0.33563,0.07424,0.58966,0.44121,0.04463,11.6008,0.11132,1,0.50707
4.9000,0.33661,0.07233,0.59428,0.44121,0.04344,11.9418,0.11065,1,0.50765
4.9200,0.33763,0.07038,0.59891,0.44121,0.04224,12.2784,0.10999,1,0.50824
4.9400,0.33870,0.06839,0.60353,0.44121,0.04102,12.6046,0.10935,1,0.50882
4.9600,0.33982,0.06637,0.60812,0.44121,0.03980,12.9138,0.10872,1,0.50940
4.9800,0.34097,0.06432,0.61266,0.44121,0.03855,13.1989,0.10810,1,0.50997
5.0000,0.34215,0.06224,0.61713,0.44121,0.03730,13.4531,0.10750,1,0.51053
5.0200,0.34336,0.06013,0.62151,0.44121,0.03603,13.6696,0.10691,1,0.51108
5.0400,0.34459,0.05801,0.62578,0.44121,0.03474,13.8424,0.10633,1,0.51160
5.0600,0.34583,0.05588,0.62993,0.44121,0.03345,13.9667,0.10576,1,0.51211
5.0800,0.34707,0.05374,0.63393,0.44121,0.03214,14.0390,0.10519,1,0.51260
5.1000,0.34830,0.05159,0.63777,0.44121,0.03081,14.0578,0.10462,1,0.51306
5.1200,0.34952,0.04945,0.64144,0.44121,0.02947,14.0233,0.10404,1,0.51349
5.1400,0.35071,0.04732,0.64492,0.44121,0.02812,13.9381,0.10344,1,0.51390
5.1600,0.35187,0.04520,0.64821,0.44121,0.02676,13.8065,0.10283,1,0.51427
5.1800,0.35298,0.04309,0.65130,0.44121,0.02538,13.6346,0.10220,1,0.51462
5.2000,0.35405,0.04101,0.65419,0.44121,0.02399,13.4294,0.10155,1,0.51494
5.2200,0.35507,0.03895,0.65688,0.44121,0.02259,13.1989,0.10086,1,0.51524
5.2400,0.35603,0.03693,0.65937,0.44121,0.02117,12.9510,0.10015,1,0.51551
5.2600,0.35694,0.03493,0.66168,0.44121,0.01974,12.6933,0.09941,1,0.51575
5.2800,0.35779,0.03296,0.66380,0.44121,0.01830,12.4328,0.09865,1,0.51597
5.3000,0.35859,0.03102,0.66576,0.44121,0.01684,12.1755,0.09785,1,0.51618
5.3200,0.35933,0.02912,0.66756,0.44121,0.01538,11.9262,0.09704,1,0.51636
5.3400,0.36003,0.02725,0.66922,0.44121,0.01390,11.6889,0.09620,1,0.51652
5.3600,0.36069,0.02540,0.67076,0.44121,0.01240,11.4664,0.09535,1,0.51667
5.3800,0.36130,0.02359,0.67219,0.44121,0.01090,11.2605,0.09448,1,0.51681
5.4000,0.36189,0.02180,0.67352,0.44121,0.00938,11.0726,0.09361,1,0.51694
5.4200,0.36245,0.02004,0.67477,0.44121,0.00784,10.9033,0.09272,1,0.51706
5.4400,0.36299,0.01829,0.67597,0.44121,0.00630,10.7527,0.09183,1,0.51717
5.4600,0.36352,0.01657,0.67711,0.44121,0.00474,10.6208,0.09094,1,0.51728
5.4800,0.36404,0.01486,0.67822,0.44121,0.00317,10.5070,0.09005,1,0.51738
5.5000,0.36456,0.01316,0.67930,0.44121,0.00159,10.4108,0.08916,1,0.51748
5.5200,0.36508,0.01147,0.68037,0.44121,0.00000,10.3314,0.08827,1,0.51758
5.5400,0.36561,0.00978,0.68144,0.44121,-0.00161,10.2681,0.08738,1,0.51768
5.5600,0.36615,0.00810,0.68251,0.44121,-0.00322,10.2199,0.08649,1,0.51778
5.5800,0.36671,0.00641,0.68359,0.44121,-0.00485,10.1858,0.08560,1,0.51789
5.6000,0.36728,0.00473,0.68469,0.44121,-0.00650,10.1646,0.08471,1,0.51799
5.6200,0.36788,0.00303,0.68581,0.44121,-0.00815,10.1552,0.08382,1,0.51809
5.6400,0.36850,0.00133,0.68695,0.44121,-0.00981,10.1563,0.08293,1,0.51820
5.6600,0.36915,-0.00038,0.68812,0.44121,-0.01149,10.1666,0.08204,1,0.51831
5.6800,0.36983,-0.00211,0.68932,0.44121,-0.01318,10.1847,0.08114,1,0.51842
5.7000,0.37053,-0.00385,0.69055,0.44121,-0.01488,10.2093,0.08023,1,0.51854
5.7200,0.37126,-0.00560,0.69180,0.44121,-0.01659,10.2388,0.07932,1,0.51865
5.7400,0.37202,-0.00737,0.69308,0.44121,-0.01832,10.2720,0.07839,1,0.51877
5.7600,0.37280,-0.00916,0.69439,0.44121,-0.02005,10.3074,0.07746,1,0.51889
5.7800,0.37361,-0.01097,0.69571,0.44121,-0.02180,10.3439,0.07652,1,0.51901
5.8000,0.37445,-0.01279,0.69705,0.44121,-0.02356,10.3803,0.07557,1,0.51913
5.8200,0.37531,-0.01463,0.69841,0.44121,-0.02533,10.4155,0.07461,1,0.51925
5.8400,0.37619,-0.01649,0.69977,0.44121,-0.02711,10.4486,0.07363,1,0.51937
5.8600,0.37710,-0.01837,0.70114,0.44121,-0.02890,10.4789,0.07264,1,0.51949
5.8800,0.37802,-0.02027,0.70251,0.44121,-0.03070,10.5059,0.07165,1,0.51961
5.9000,0.37896,-0.02218,0.70388,0.44121,-0.03252,10.5290,0.07064,1,0.51972
5.9200,0.37992,-0.02411,0.70525,0.44121,-0.03434,10.5482,0.06962,1,0.51983
5.9400,0.38089,-0.02606,0.70661,0.44121,-0.03618,10.5633,0.06858,1,0.51994
5.9600,0.38187,-0.02802,0.70795,0.44121,-0.03802,10.5743,0.06754,1,0.52005
5.9800,0.38286,-0.03000,0.70928,0.44121,-0.03988,10.5813,0.06649,1,0.52016
6.0000,0.38385,-0.03199,0.71059,0.44121,-0.04175,10.5847,0.06543,1,0.52026
6.0200,0.38485,-0.03399,0.71187,0.44121,-0.04362,10.5848,0.06436,1,0.52035
6.0400,0.38586,-0.03600,0.71314,0.44121,-0.04551,10.5818,0.06328,1,0.52045
6.0600,0.38687,-0.03802,0.71438,0.44121,-0.04741,10.5762,0.06219,1,0.52054
6.0800,0.38788,-0.04006,0.71559,0.44121,-0.04932,10.5684,0.06109,1,0.52062
6.1000,0.38889,-0.04210,0.71678,0.44121,-0.05124,10.5587,0.05999,1,0.52070
6.1200,0.38990,-0.04414,0.71793,0.44121,-0.05317,10.5476,0.05888,1,0.52078
6.1400,0.39091,-0.04620,0.71906,0.44121,-0.05511,10.5354,0.05776,1,0.52085
6.1600,0.39192,-0.04826,0.72016,0.44121,-0.05706,10.5224,0.05664,1,0.52092
6.1800,0.39293,-0.05032,0.72123,0.44121,-0.05902,10.5088,0.05551,1,0.52099
6.2000,0.39393,-0.05239,0.72227,0.44121,-0.06099,10.4950,0.05438,1,0.52105
6.2200,0.39493,-0.05445,0.72328,0.44121,-0.06297,10.4811,0.05324,1,0.52111
6.2400,0.39593,-0.05652,0.72426,0.44121,-0.06495,10.4674,0.05210,1,0.52116
6.2600,0.39692,-0.05860,0.72521,0.44121,-0.06695,10.4538,0.05095,1,0.52121
6.2800,0.39792,-0.06067,0.72613,0.44121,-0.06896,10.4406,0.04981,1,0.52126
6.3000,0.39891,-0.06274,0.72703,0.44121,-0.07098,10.4274,0.04866,1,0.52131
6.3200,0.39990,-0.06481,0.72790,0.44121,-0.07300,10.4150,0.04751,1,0.52135
6.3400,0.40088,-0.06687,0.72875,0.44121,-0.07504,10.4036,0.04635,1,0.52138
6.3600,0.40186,-0.06894,0.72957,0.44121,-0.07709,10.3928,0.04520,1,0.52142
6.3800,0.40285,-0.07100,0.73036,0.44121,-0.07914,10.3823,0.04405,1,0.52145
6.4000,0.40382,-0.07306,0.73113,0.44121,-0.08120,10.3723,0.04289,1,0.52148
6.4200,0.40480,-0.07511,0.73188,0.44121,-0.08328,10.3630,0.04174,1,0.52151
6.4400,0.40578,-0.07716,0.73261,0.44121,-0.08536,10.3541,0.04059,1,0.52153
6.4600,0.40675,-0.07921,0.73331,0.44121,-0.08745,10.3458,0.03945,1,0.52155
6.4800,0.40773,-0.08125,0.73400,0.44121,-0.08955,10.3379,0.03830,1,0.52157
6.5000,0.40870,-0.08329,0.73466,0.44121,-0.09165,10.3305,0.03716,1,0.52159
6.5200,0.40967,-0.08532,0.73530,0.44121,-0.09377,10.3234,0.03603,1,0.52160
6.5400,0.41064,-0.08735,0.73593,0.44121,-0.09589,10.3168,0.03490,1,0.52161
6.5600,0.41161,-0.08937,0.73653,0.44121,-0.09803,10.3105,0.03378,1,0.52162
6.5800,0.41258,-0.09139,0.73711,0.44121,-0.10017,10.3046,0.03267,1,0.52163
6.6000,0.41354,-0.09341,0.73768,0.44121,-0.10232,10.2989,0.03157,1,0.52163
6.6200,0.41451,-0.09542,0.73823,0.44121,-0.10448,10.2935,0.03048,1,0.52163
6.6400,0.41548,-0.09742,0.73875,0.44121,-0.10664,10.2883,0.02940,1,0.52163
6.6600,0.41644,-0.09942,0.73926,0.44121,-0.10882,10.2834,0.02834,1,0.52163
6.6800,0.41741,-0.10142,0.73976,0.44121,-0.11100,10.2786,0.02730,1,0.52163
6.7000,0.41837,-0.10341,0.74023,0.44121,-0.11319,10.2740,0.02628,1,0.52162
6.7200,0.41933,-0.10539,0.74069,0.44121,-0.11538,10.2695,0.02528,1,0.52162
6.7400,0.42030,-0.10738,0.74113,0.44121,-0.11759,10.2651,0.02431,1,0.52161
6.7600,0.42126,-0.10936,0.74155,0.44121,-0.11980,10.2609,0.02337,1,0.52159
6.7800,0.42222,-0.11133,0.74195,0.44121,-0.12202,10.2568,0.02247,1,0.52158
6.8000,0.42318,-0.11331,0.74233,0.44121,-0.12425,10.2527,0.02161,1,0.52156
6.8200,0.42413,-0.11528,0.74270,0.44121,-0.12648,10.2487,0.02080,1,0.52155
6.8400,0.42509,-0.11724,0.74305,0.44121,-0.12872,10.2448,0.02004,1,0.52153
6.8600,0.42604,-0.11921,0.74338,0.44121,-0.13097,10.2409,0.01934,1,0.52150
6.8800,0.42700,-0.12117,0.74370,0.44121,-0.13323,10.2371,0.01870,1,0.52148
6.9000,0.42795,-0.12312,0.74399,0.44121,-0.13549,10.2334,0.01815,1,0.52146
6.9200,0.42890,-0.12508,0.74427,0.44121,-0.13776,10.2297,0.01768,1,0.52143
6.9400,0.42984,-0.12703,0.74453,0.44121,-0.14004,10.2260,0.01729,1,0.52140
6.9600,0.43079,-0.12898,0.74478,0.44121,-0.14232,10.2223,0.01701,1,0.52137
6.9800,0.43173,-0.13093,0.74500,0.44121,-0.14461,10.2187,0.01683,1,0.52134
7.0000,0.43267,-0.13287,0.74521,0.44121,-0.14690,10.2151,0.01675,1,0.52130
7.0200,0.43361,-0.13481,0.74540,0.44121,-0.14921,10.2116,0.01679,1,0.52127
7.0400,0.43455,-0.13675,0.74558,0.44121,-0.15151,10.2081,0.01693,1,0.52123
7.0600,0.43548,-0.13868,0.74574,0.44121,-0.15383,10.2046,0.01719,1,0.52119
7.0800,0.43642,-0.14061,0.74588,0.44121,-0.15615,10.2011,0.01754,1,0.52115
7.1000,0.43735,-0.14254,0.74600,0.44121,-0.15848,10.1977,0.01799,1,0.52110
7.1200,0.43827,-0.14447,0.74610,0.44121,-0.16081,10.1943,0.01853,1,0.52106
7.1400,0.43920,-0.14639,0.74619,0.44121,-0.16315,10.1909,0.01916,1,0.52102
7.1600,0.44012,-0.14831,0.74627,0.44121,-0.16549,10.1876,0.01986,1,0.52097
7.1800,0.44104,-0.15022,0.74632,0.44121,-0.16784,10.1843,0.02063,1,0.52092
7.2000,0.44196,-0.15214,0.74636,0.44121,-0.17020,10.1811,0.02147,1,0.52087
7.2200,0.44287,-0.15404,0.74638,0.44121,-0.17256,10.1778,0.02235,1,0.52082
7.2400,0.44379,-0.15595,0.74639,0.44121,-0.17492,10.1747,0.02329,1,0.52077
7.2600,0.44469,-0.15785,0.74638,0.44121,-0.17730,10.1715,0.02427,1,0.52071
7.2800,0.44560,-0.15975,0.74636,0.44121,-0.17967,10.1684,0.02529,1,0.52066
7.3000,0.44650,-0.16164,0.74632,0.44121,-0.18205,10.1655,0.02634,1,0.52060
7.3200,0.44740,-0.16353,0.74626,0.44121,-0.18444,10.1626,0.02742,1,0.52054
7.3400,0.44830,-0.16541,0.74619,0.44121,-0.18683,10.1597,0.02854,1,0.52048
7.3600,0.44920,-0.16729,0.74611,0.44121,-0.18923,10.1568,0.02967,1,0.52042
7.3800,0.45009,-0.16916,0.74600,0.44121,-0.19163,10.1540,0.03083,1,0.52036
7.4000,0.45098,-0.17103,0.74589,0.44121,-0.19404,10.1513,0.03201,1,0.52030
7.4200,0.45186,-0.17290,0.74576,0.44121,-0.19645,10.1486,0.03320,1,0.52023
7.4400,0.45274,-0.17475,0.74561,0.44121,-0.19886,10.1459,0.03441,1,0.52017
7.4600,0.45362,-0.17661,0.74545,0.44121,-0.20128,10.1433,0.03564,1,0.52010
7.4800,0.45450,-0.17846,0.74528,0.44121,-0.20370,10.1408,0.03688,1,0.52003
7.5000,0.45537,-0.18030,0.74509,0.44121,-0.20613,10.1383,0.03813,1,0.51996
7.5200,0.45624,-0.18214,0.74489,0.44121,-0.20856,10.1359,0.03939,1,0.51989
7.5400,0.45711,-0.18397,0.74467,0.44121,-0.21100,10.1336,0.04066,1,0.51982
7.5600,0.45797,-0.18580,0.74444,0.44121,-0.21344,10.1313,0.04193,1,0.51975
7.5800,0.45883,-0.18762,0.74419,0.44121,-0.21588,10.1291,0.04322,1,0.51968
7.6000,0.45969,-0.18943,0.74394,0.44121,-0.21833,10.1269,0.04451,1,0.51961
7.6200,0.46054,-0.19124,0.74367,0.44121,-0.22078,10.1248,0.04582,1,0.51953
7.6400,0.46139,-0.19305,0.74338,0.44121,-0.22323,10.1227,0.04712,1,0.51946
7.6600,0.46223,-0.19484,0.74308,0.44121,-0.22569,10.1207,0.04843,1,0.51938
7.6800,0.46308,-0.19664,0.74277,0.44121,-0.22815,10.1188,0.04975,1,0.51930
7.7000,0.46391,-0.19842,0.74245,0.44121,-0.23061,10.1169,0.05107,1,0.51923
7.7200,0.46475,-0.20020,0.74211,0.44121,-0.23308,10.1150,0.05240,1,0.51915
7.7400,0.46558,-0.20198,0.74176,0.44121,-0.23555,10.1132,0.05373,1,0.51907
7.7600,0.46641,-0.20374,0.74140,0.44121,-0.23802,10.1115,0.05506,1,0.51899
7.7800,0.46723,-0.20551,0.74102,0.44121,-0.24050,10.1098,0.05640,1,0.51891
7.8000,0.46805,-0.20726,0.74064,0.44121,-0.24297,10.1082,0.05774,1,0.51883
7.8200,0.46887,-0.20901,0.74024,0.44121,-0.24546,10.1066,0.05908,1,0.51874
7.8400,0.46968,-0.21076,0.73982,0.44121,-0.24794,10.1050,0.06042,1,0.51866
7.8600,0.47049,-0.21249,0.73940,0.44121,-0.25042,10.1035,0.06177,1,0.51858
7.8800,0.47129,-0.21422,0.73896,0.44121,-0.25291,10.1021,0.06312,1,0.51849
7.9000,0.47210,-0.21595,0.73851,0.44121,-0.25540,10.1006,0.06446,1,0.51841
7.9200,0.47289,-0.21767,0.73805,0.44121,-0.25789,10.0993,0.06582,1,0.51832
7.9400,0.47369,-0.21938,0.73758,0.44121,-0.26039,10.0979,0.06717,1,0.51823
7.9600,0.47448,-0.22109,0.73709,0.44121,-0.26288,10.0966,0.06852,1,0.51815
7.9800,0.47527,-0.22279,0.73660,0.44121,-0.26538,10.0953,0.06987,1,0.51806
8.0000,0.47605,-0.22448,0.73609,0.44121,-0.26788,10.0941,0.07123,1,0.51797
8.0200,0.47683,-0.22617,0.73557,0.44121,-0.27038,10.0928,0.07258,1,0.51788
8.0400,0.47760,-0.22786,0.73504,0.44121,-0.27288,10.0916,0.07394,1,0.51779
8.0600,0.47837,-0.22953,0.73450,0.44121,-0.27539,10.0905,0.07529,1,0.51770
8.0800,0.47914,-0.23120,0.73394,0.44121,-0.27789,10.0893,0.07665,1,0.51761
8.1000,0.47990,-0.23287,0.73338,0.44121,-0.28040,10.0882,0.07801,1,0.51752
8.1200,0.48066,-0.23452,0.73280,0.44121,-0.28291,10.0871,0.07936,1,0.51743
8.1400,0.48142,-0.23617,0.73222,0.44121,-0.28542,10.0861,0.08072,1,0.51734
8.1600,0.48217,-0.23782,0.73162,0.44121,-0.28793,10.0850,0.08207,1,0.51725
8.1800,0.48292,-0.23946,0.73101,0.44121,-0.29044,10.0840,0.08343,1,0.51715
8.2000,0.48367,-0.24109,0.73039,0.44121,-0.29295,10.0830,0.08478,1,0.51706
8.2200,0.48441,-0.24272,0.72976,0.44121,-0.29546,10.0820,0.08613,1,0.51697
8.2400,0.48515,-0.24434,0.72912,0.44121,-0.29797,10.0810,0.08749,1,0.51687
8.2600,0.48588,-0.24595,0.72847,0.44121,-0.30048,10.0801,0.08884,1,0.51678
8.2800,0.48661,-0.24756,0.72781,0.44121,-0.30300,10.0791,0.09019,1,0.51668
8.3000,0.48734,-0.24916,0.72714,0.44121,-0.30551,10.0782,0.09154,1,0.51659
8.3200,0.48806,-0.25075,0.72646,0.44121,-0.30802,10.0773,0.09289,1,0.51649
8.3400,0.48878,-0.25234,0.72577,0.44121,-0.31054,10.0764,0.09423,1,0.51639
8.3600,0.48949,-0.25392,0.72507,0.44121,-0.31305,10.0756,0.09558,1,0.51630
8.3800,0.49021,-0.25550,0.72436,0.44121,-0.31556,10.0747,0.09693,1,0.51620
8.4000,0.49091,-0.25707,0.72364,0.44121,-0.31807,10.0739,0.09827,1,0.51610
8.4200,0.49162,-0.25863,0.72291,0.44121,-0.32059,10.0731,0.09961,1,0.51601
8.4400,0.49232,-0.26018,0.72218,0.44121,-0.32310,10.0723,0.10095,1,0.51591
8.4600,0.49301,-0.26173,0.72143,0.44121,-0.32561,10.0715,0.10229,1,0.51581
8.4800,0.49371,-0.26328,0.72067,0.44121,-0.32812,10.0707,0.10363,1,0.51571
8.5000,0.49440,-0.26481,0.71990,0.44121,-0.33063,10.0699,0.10497,1,0.51561
8.5200,0.49508,-0.26634,0.71913,0.44121,-0.33314,10.0692,0.10630,1,0.51551
8.5400,0.49576,-0.26787,0.71834,0.44121,-0.33565,10.0685,0.10763,1,0.51542
8.5600,0.49644,-0.26938,0.71755,0.44121,-0.33815,10.0678,0.10896,1,0.51532
8.5800,0.49712,-0.27089,0.71674,0.44121,-0.34066,10.0671,0.11029,1,0.51522
8.6000,0.49779,-0.27240,0.71593,0.44121,-0.34317,10.0664,0.11162,1,0.51512
8.6200,0.49846,-0.27389,0.71511,0.44121,-0.34567,10.0657,0.11294,1,0.51502
8.6400,0.49912,-0.27538,0.71428,0.44121,-0.34817,10.0651,0.11426,1,0.51492
8.6600,0.49978,-0.27687,0.71344,0.44121,-0.35067,10.0644,0.11558,1,0.51482
8.6800,0.50044,-0.27835,0.71260,0.44121,-0.35317,10.0638,0.11690,1,0.51472
8.7000,0.50109,-0.27982,0.71174,0.44121,-0.35567,10.0632,0.11821,1,0.51461
8.7200,0.50174,-0.28128,0.71088,0.44121,-0.35816,10.0626,0.11953,1,0.51451
8.7400,0.50238,-0.28274,0.71001,0.44121,-0.36065,10.0620,0.12084,1,0.51441
8.7600,0.50303,-0.28419,0.70913,0.44121,-0.36314,10.0615,0.12214,1,0.51431
8.7800,0.50367,-0.28563,0.70824,0.44121,-0.36563,10.0609,0.12345,1,0.51421
8.8000,0.50430,-0.28707,0.70735,0.44121,-0.36812,10.0604,0.12475,1,0.51411
8.8200,0.50493,-0.28850,0.70644,0.44121,-0.37060,10.0599,0.12605,1,0.51401
8.8400,0.50556,-0.28992,0.70553,0.44121,-0.37308,10.0594,0.12735,1,0.51391
8.8600,0.50618,-0.29134,0.70461,0.44121,-0.37556,10.0589,0.12865,1,0.51380
8.8800,0.50680,-0.29275,0.70368,0.44121,-0.37804,10.0584,0.12994,1,0.51370
8.9000,0.50742,-0.29415,0.70275,0.44121,-0.38051,10.0579,0.13123,1,0.51360
8.9200,0.50803,-0.29555,0.70180,0.44121,-0.38298,10.0575,0.13251,1,0.51350
8.9400,0.50864,-0.29694,0.70085,0.44121,-0.38545,10.0570,0.13380,1,0.51340
8.9600,0.50925,-0.29833,0.69990,0.44121,-0.38792,10.0566,0.13508,1,0.51329
8.9800,0.50985,-0.29970,0.69893,0.44121,-0.39038,10.0562,0.13635,1,0.51319
9.0000,0.51045,-0.30107,0.69796,0.44121,-0.39284,10.0558,0.13763,1,0.51309
9.0200,0.51105,-0.30244,0.69698,0.44121,-0.39529,10.0554,0.13890,1,0.51299
9.0400,0.51164,-0.30379,0.69599,0.44121,-0.39774,10.0550,0.14017,1,0.51289
9.0600,0.51223,-0.30514,0.69499,0.44121,-0.40019,10.0546,0.14143,1,0.51278
9.0800,0.51281,-0.30648,0.69399,0.44121,-0.40264,10.0543,0.14270,1,0.51268
9.1000,0.51339,-0.30782,0.69298,0.44121,-0.40508,10.0539,0.14396,1,0.51258
9.1200,0.51397,-0.30915,0.69197,0.44121,-0.40751,10.0536,0.14521,1,0.51248
9.1400,0.51455,-0.31047,0.69095,0.44121,-0.40995,10.0532,0.14646,1,0.51237
9.1600,0.51512,-0.31179,0.68992,0.44121,-0.41238,10.0529,0.14771,1,0.51227
9.1800,0.51569,-0.31310,0.68888,0.44121,-0.41480,10.0526,0.14896,1,0.51217
9.2000,0.51625,-0.31440,0.68784,0.44121,-0.41722,10.0523,0.15020,1,0.51207
9.2200,0.51681,-0.31570,0.68679,0.44121,-0.41964,10.0520,0.15144,1,0.51196
9.2400,0.51737,-0.31699,0.68573,0.44121,-0.42205,10.0517,0.15267,1,0.51186
9.2600,0.51792,-0.31827,0.68467,0.44121,-0.42446,10.0514,0.15391,1,0.51176
9.2800,0.51848,-0.31954,0.68360,0.44121,-0.42686,10.0511,0.15513,1,0.51166
9.3000,0.51902,-0.32081,0.68252,0.44121,-0.42926,10.0509,0.15636,1,0.51155
9.3200,0.51957,-0.32208,0.68144,0.44121,-0.43165,10.0506,0.15758,1,0.51145
9.3400,0.52011,-0.32333,0.68035,0.44121,-0.43404,10.0504,0.15880,1,0.51135
9.3600,0.52065,-0.32458,0.67926,0.44121,-0.43643,10.0501,0.16001,1,0.51125
9.3800,0.52118,-0.32582,0.67816,0.44121,-0.43881,10.0499,0.16122,1,0.51115
9.4000,0.52171,-0.32706,0.67705,0.44121,-0.44118,10.0496,0.16243,1,0.51104
9.4200,0.52224,-0.32828,0.67594,0.44121,-0.44355,10.0494,0.16363,1,0.51094
9.4400,0.52276,-0.32951,0.67482,0.44121,-0.44591,10.0492,0.16483,1,0.51084
9.4600,0.52328,-0.33072,0.67369,0.44121,-0.44827,10.0490,0.16602,1,0.51074
9.4800,0.52380,-0.33193,0.67256,0.44121,-0.45062,10.0488,0.16721,1,0.51064
9.5000,0.52432,-0.33313,0.67143,0.44121,-0.45297,10.0486,0.16840,1,0.51054
9.5200,0.52483,-0.33432,0.67028,0.44121,-0.45531,10.0484,0.16958,1,0.51044
9.5400,0.52534,-0.33551,0.66913,0.44121,-0.45764,10.0482,0.17076,1,0.51033
9.5600,0.52584,-0.33669,0.66798,0.44121,-0.45997,10.0480,0.17193,1,0.51023
9.5800,0.52634,-0.33787,0.66682,0.44121,-0.46230,10.0478,0.17311,1,0.51013
9.6000,0.52684,-0.33903,0.66565,0.44121,-0.46461,10.0476,0.17427,1,0.51003
9.6200,0.52734,-0.34019,0.66448,0.44121,-0.46692,10.0475,0.17543,1,0.50993
9.6400,0.52783,-0.34135,0.66331,0.44121,-0.46923,10.0473,0.17659,1,0.50983
9.6600,0.52832,-0.34250,0.66213,0.44121,-0.47153,10.0472,0.17775,1,0.50973
9.6800,0.52881,-0.34364,0.66094,0.44121,-0.47382,10.0470,0.17890,1,0.50963
9.7000,0.52929,-0.34477,0.65975,0.44121,-0.47610,10.0468,0.18004,1,0.50953
9.7200,0.52977,-0.34590,0.65855,0.44121,-0.47838,10.0467,0.18118,1,0.50943
9.7400,0.53025,-0.34702,0.65735,0.44121,-0.48065,10.0466,0.18232,1,0.50933
9.7600,0.53072,-0.34813,0.65614,0.44121,-0.48292,10.0464,0.18346,1,0.50923
9.7800,0.53119,-0.34924,0.65492,0.44121,-0.48518,10.0463,0.18458,1,0.50913
9.8000,0.53166,-0.35034,0.65370,0.44121,-0.48743,10.0462,0.18571,1,0.50903
9.8200,0.53212,-0.35143,0.65248,0.44121,-0.48967,10.0460,0.18683,1,0.50893
9.8400,0.53258,-0.35252,0.65125,0.44121,-0.49191,10.0459,0.18794,1,0.50883
9.8600,0.53304,-0.35360,0.65002,0.44121,-0.49414,10.0458,0.18905,1,0.50873
9.8800,0.53350,-0.35467,0.64878,0.44121,-0.49636,10.0457,0.19016,1,0.50863
9.9000,0.53395,-0.35573,0.64754,0.44121,-0.49858,10.0456,0.19126,1,0.50853
9.9200,0.53440,-0.35679,0.64629,0.44121,-0.50079,10.0455,0.19236,1,0.50843
9.9400,0.53484,-0.35785,0.64504,0.44121,-0.50299,10.0454,0.19345,1,0.50834
9.9600,0.53529,-0.35889,0.64378,0.44121,-0.50518,10.0453,0.19454,1,0.50824
9.9800,0.53573,-0.35993,0.64252,0.44121,-0.50736,10.0452,0.19563,1,0.50814
10.0000,0.53617,-0.36096,0.64125,0.44121,-0.50954,10.0451,0.19671,1,0.50804
10.0200,0.53660,-0.36199,0.63998,0.44121,-0.51171,10.0450,0.19778,1,0.50794
10.0400,0.53703,-0.36301,0.63870,0.44121,-0.51387,10.0450,0.19885,1,0.50785
10.0600,0.53746,-0.36402,0.63742,0.44121,-0.51602,10.0449,0.19992,1,0.50775
10.0800,0.53789,-0.36503,0.63614,0.44121,-0.51817,10.0448,0.20098,1,0.50765
10.1000,0.53831,-0.36602,0.63485,0.44121,-0.52030,10.0447,0.20203,1,0.50755
10.1200,0.53873,-0.36702,0.63356,0.44121,-0.52243,10.0447,0.20308,1,0.50746
10.1400,0.53915,-0.36800,0.63226,0.44121,-0.52455,10.0446,0.20413,1,0.50736
10.1600,0.53956,-0.36898,0.63096,0.44121,-0.52666,10.0445,0.20517,1,0.50726
10.1800,0.53997,-0.36995,0.62965,0.44121,-0.52876,10.0445,0.20621,1,0.50717
10.2000,0.54038,-0.37092,0.62834,0.44121,-0.53086,10.0444,0.20724,1,0.50707
10.2200,0.54078,-0.37188,0.62702,0.44121,-0.53294,10.0444,0.20827,1,0.50698
10.2400,0.54119,-0.37283,0.62571,0.44121,-0.53502,10.0443,0.20929,1,0.50688
10.2600,0.54159,-0.37377,0.62438,0.44121,-0.53709,10.0443,0.21031,1,0.50678
10.2800,0.54198,-0.37471,0.62306,0.44121,-0.53914,10.0442,0.21132,1,0.50669
10.3000,0.54238,-0.37564,0.62173,0.44121,-0.54119,10.0442,0.21233,1,0.50659
10.3200,0.54277,-0.37657,0.62039,0.44121,-0.54323,10.0442,0.21333,1,0.50650
10.3400,0.54316,-0.37748,0.61905,0.44121,-0.54526,10.0441,0.21433,1,0.50640
10.3600,0.54355,-0.37840,0.61771,0.44121,-0.54728,10.0441,0.21532,1,0.50631
10.3800,0.54393,-0.37930,0.61636,0.44121,-0.54930,10.0441,0.21631,1,0.50622
10.4000,0.54431,-0.38020,0.61501,0.44121,-0.55130,10.0440,0.21729,1,0.50612
10.4200,0.54469,-0.38109,0.61366,0.44121,-0.55329,10.0440,0.21827,1,0.50603
10.4400,0.54506,-0.38197,0.61230,0.44121,-0.55527,10.0440,0.21924,1,0.50593
10.4600,0.54543,-0.38285,0.61094,0.44121,-0.55725,10.0440,0.22021,1,0.50584
10.4800,0.54580,-0.38372,0.60958,0.44121,-0.55921,10.0440,0.22117,1,0.50575
10.5000,0.54617,-0.38459,0.60821,0.44121,-0.56116,10.0439,0.22213,1,0.50566
10.5200,0.54654,-0.38545,0.60684,0.44121,-0.56311,10.0439,0.22308,1,0.50556
10.5400,0.54690,-0.38630,0.60546,0.44121,-0.56504,10.0439,0.22403,1,0.50547
10.5600,0.54726,-0.38714,0.60408,0.44121,-0.56696,10.0439,0.22497,1,0.50538
10.5800,0.54761,-0.38798,0.60270,0.44121,-0.56888,10.0439,0.22591,1,0.50529
10.6000,0.54797,-0.38881,0.60131,0.44121,-0.57078,10.0439,0.22684,1,0.50519
10.6200,0.54832,-0.38963,0.59992,0.44121,-0.57267,10.0439,0.22776,1,0.50510
10.6400,0.54867,-0.39045,0.59853,0.44121,-0.57455,10.0439,0.22868,1,0.50501
10.6600,0.54901,-0.39126,0.59714,0.44121,-0.57643,10.0439,0.22960,1,0.50492
10.6800,0.54935,-0.39207,0.59574,0.44121,-0.57829,10.0439,0.23051,1,0.50483
10.7000,0.54970,-0.39286,0.59434,0.44121,-0.58014,10.0439,0.23141,1,0.50474
10.7200,0.55003,-0.39365,0.59293,0.44121,-0.58198,10.0439,0.23231,1,0.50465
10.7400,0.55037,-0.39444,0.59152,0.44121,-0.58381,10.0439,0.23321,1,0.50456
10.7600,0.55070,-0.39522,0.59011,0.44121,-0.58562,10.0439,0.23410,1,0.50447
10.7800,0.55103,-0.39599,0.58870,0.44121,-0.58743,10.0439,0.23498,1,0.50438
10.8000,0.55136,-0.39675,0.58728,0.44121,-0.58923,10.0439,0.23586,1,0.50429
10.8200,0.55169,-0.39751,0.58586,0.44121,-0.59101,10.0439,0.23673,1,0.50420
10.8400,0.55201,-0.39826,0.58443,0.44121,-0.59279,10.0439,0.23760,1,0.50411
10.8600,0.55233,-0.39901,0.58301,0.44121,-0.59455,10.0439,0.23846,1,0.50402
10.8800,0.55265,-0.39974,0.58158,0.44121,-0.59630,10.0439,0.23932,1,0.50393
10.9000,0.55296,-0.40047,0.58015,0.44121,-0.59804,10.0440,0.24017,1,0.50384
10.9200,0.55327,-0.40120,0.57871,0.44121,-0.59977,10.0440,0.24101,1,0.50376
10.9400,0.55358,-0.40192,0.57727,0.44121,-0.60149,10.0440,0.24185,1,0.50367
10.9600,0.55389,-0.40263,0.57583,0.44121,-0.60319,10.0440,0.24269,1,0.50358
10.9800,0.55420,-0.40333,0.57439,0.44121,-0.60488,10.0440,0.24352,1,0.50349
11.0000,0.55450,-0.40403,0.57294,0.44121,-0.60657,10.0441,0.24434,1,0.50341
11.0200,0.55480,-0.40472,0.57149,0.44121,-0.60824,10.0441,0.24516,1,0.50332
11.0400,0.55510,-0.40541,0.57004,0.44121,-0.60990,10.0441,0.24597,1,0.50323
11.0600,0.55539,-0.40608,0.56859,0.44121,-0.61154,10.0441,0.24678,1,0.50315
11.0800,0.55569,-0.40675,0.56713,0.44121,-0.61318,10.0441,0.24758,1,0.50306
11.1000,0.55598,-0.40742,0.56567,0.44121,-0.61480,10.0442,0.24837,1,0.50298
11.1200,0.55627,-0.40808,0.56421,0.44121,-0.61641,10.0442,0.24916,1,0.50289
11.1400,0.55655,-0.40873,0.56275,0.44121,-0.61801,10.0442,0.24995,1,0.50280
11.1600,0.55684,-0.40937,0.56128,0.44121,-0.61959,10.0443,0.25072,1,0.50272
11.1800,0.55712,-0.41001,0.55981,0.44121,-0.62117,10.0443,0.25150,1,0.50263
11.2000,0.55740,-0.41064,0.55834,0.44121,-0.62273,10.0443,0.25227,1,0.50255
11.2200,0.55767,-0.41127,0.55687,0.44121,-0.62428,10.0443,0.25303,1,0.50246
11.2400,0.55795,-0.41189,0.55539,0.44121,-0.62582,10.0444,0.25378,1,0.50238
11.2600,0.55822,-0.41250,0.55391,0.44121,-0.62734,10.0444,0.25453,1,0.50230
11.2800,0.55849,-0.41310,0.55243,0.44121,-0.62885,10.0444,0.25528,1,0.50221
11.3000,0.55876,-0.41370,0.55095,0.44121,-0.63035,10.0445,0.25602,1,0.50213
11.3200,0.55902,-0.41429,0.54946,0.44121,-0.63184,10.0445,0.25675,1,0.50205
11.3400,0.55928,-0.41488,0.54798,0.44121,-0.63331,10.0445,0.25748,1,0.50196
11.3600,0.55954,-0.41546,0.54649,0.44121,-0.63477,10.0446,0.25820,1,0.50188
11.3800,0.55980,-0.41603,0.54500,0.44121,-0.63622,10.0446,0.25891,1,0.50180
11.4000,0.56006,-0.41660,0.54350,0.44121,-0.63765,10.0446,0.25962,1,0.50172
11.4200,0.56031,-0.41716,0.54201,0.44121,-0.63907,10.0447,0.26033,1,0.50163
11.4400,0.56056,-0.41771,0.54051,0.44121,-0.64048,10.0447,0.26103,1,0.50155
11.4600,0.56081,-0.41825,0.53901,0.44121,-0.64188,10.0447,0.26172,1,0.50147
11.4800,0.56106,-0.41879,0.53751,0.44121,-0.64326,10.0448,0.26240,1,0.50139
11.5000,0.56130,-0.41933,0.53600,0.44121,-0.64463,10.0448,0.26309,1,0.50131
11.5200,0.56154,-0.41985,0.53450,0.44121,-0.64599,10.0449,0.26376,1,0.50123
11.5400,0.56178,-0.42037,0.53299,0.44121,-0.64733,10.0449,0.26443,1,0.50115
11.5600,0.56202,-0.42089,0.53148,0.44121,-0.64866,10.0449,0.26509,1,0.50107
11.5800,0.56225,-0.42139,0.52997,0.44121,-0.64997,10.0450,0.26575,1,0.50099
11.6000,0.56249,-0.42189,0.52846,0.44121,-0.65128,10.0450,0.26640,1,0.50091
11.6200,0.56272,-0.42239,0.52695,0.44121,-0.65257,10.0451,0.26705,1,0.50083
11.6400,0.56295,-0.42287,0.52543,0.44121,-0.65384,10.0451,0.26769,1,0.50075
11.6600,0.56317,-0.42335,0.52391,0.44121,-0.65510,10.0451,0.26832,1,0.50067
11.6800,0.56340,-0.42383,0.52239,0.44121,-0.65635,10.0452,0.26895,1,0.50059
11.7000,0.56362,-0.42429,0.52087,0.44121,-0.65759,10.0452,0.26957,1,0.50051
11.7200,0.56384,-0.42475,0.51935,0.44121,-0.65881,10.0453,0.27019,1,0.50043
11.7400,0.56406,-0.42521,0.51783,0.44121,-0.66001,10.0453,0.27080,1,0.50035
11.7600,0.56427,-0.42566,0.51630,0.44121,-0.66120,10.0453,0.27140,1,0.50028
11.7800,0.56449,-0.42610,0.51477,0.44121,-0.66238,10.0454,0.27200,1,0.50020
11.8000,0.56470,-0.42653,0.51324,0.44121,-0.66355,10.0454,0.27259,1,0.50012
11.8200,0.56491,-0.42696,0.51171,0.44121,-0.66470,10.0455,0.27317,1,0.50004
11.8400,0.56511,-0.42738,0.51018,0.44121,-0.66584,10.0455,0.27375,1,0.49997
11.8600,0.56532,-0.42780,0.50865,0.44121,-0.66696,10.0456,0.27433,1,0.49989
11.8800,0.56552,-0.42820,0.50712,0.44121,-0.66807,10.0456,0.27490,1,0.49981
11.9000,0.56572,-0.42861,0.50558,0.44121,-0.66916,10.0456,0.27546,1,0.49974
11.9200,0.56592,-0.42900,0.50404,0.44121,-0.67024,10.0457,0.27601,1,0.49966
11.9400,0.56612,-0.42939,0.50250,0.44121,-0.67131,10.0457,0.27656,1,0.49958
11.9600,0.56631,-0.42977,0.50096,0.44121,-0.67236,10.0458,0.27711,1,0.49951
11.9800,0.56650,-0.43015,0.49942,0.44121,-0.67340,10.0458,0.27765,1,0.49943
12.0000,0.56669,-0.43052,0.49788,0.44121,-0.67442,10.0459,0.27818,1,0.49936
12.0200,0.56688,-0.43088,0.49634,0.44121,-0.67543,10.0459,0.27870,1,0.49928
12.0400,0.56707,-0.43124,0.49479,0.44121,-0.67642,10.0460,0.27922,1,0.49921
12.0600,0.56725,-0.43159,0.49325,0.44121,-0.67740,10.0460,0.27974,1,0.49913
12.0800,0.56743,-0.43193,0.49170,0.44121,-0.67837,10.0460,0.28024,1,0.49906
12.1000,0.56761,-0.43227,0.49015,0.44121,-0.67932,10.0461,0.28074,1,0.49899
12.1200,0.56779,-0.43260,0.48860,0.44121,-0.68025,10.0461,0.28124,1,0.49891
12.1400,0.56797,-0.43292,0.48705,0.44121,-0.68117,10.0462,0.28173,1,0.49884
12.1600,0.56814,-0.43324,0.48550,0.44121,-0.68208,10.0462,0.28221,1,0.49876
12.1800,0.56831,-0.43355,0.48395,0.44121,-0.68297,10.0463,0.28269,1,0.49869
12.2000,0.56848,-0.43385,0.48240,0.44121,-0.68385,10.0463,0.28316,1,0.49862
12.2200,0.56865,-0.43415,0.48085,0.44121,-0.68471,10.0464,0.28362,1,0.49855
12.2400,0.56881,-0.43444,0.47929,0.44121,-0.68555,10.0464,0.28408,1,0.49847
12.2600,0.56898,-0.43473,0.47774,0.44121,-0.68639,10.0464,0.28453,1,0.49840
12.2800,0.56914,-0.43501,0.47618,0.44121,-0.68720,10.0465,0.28498,1,0.49833
12.3000,0.56930,-0.43528,0.47462,0.44121,-0.68801,10.0465,0.28542,1,0.49826
12.3200,0.56946,-0.43555,0.47306,0.44121,-0.68879,10.0466,0.28585,1,0.49819
12.3400,0.56961,-0.43580,0.47150,0.44121,-0.68956,10.0466,0.28628,1,0.49811
12.3600,0.56976,-0.43606,0.46995,0.44121,-0.69032,10.0467,0.28670,1,0.49804
12.3800,0.56992,-0.43630,0.46839,0.44121,-0.69106,10.0467,0.28712,1,0.49797
12.4000,0.57006,-0.43654,0.46682,0.44121,-0.69179,10.0468,0.28753,1,0.49790
12.4200,0.57021,-0.43678,0.46526,0.44121,-0.69250,10.0468,0.28793,1,0.49783
12.4400,0.57036,-0.43700,0.46370,0.44121,-0.69320,10.0468,0.28833,1,0.49776
12.4600,0.57050,-0.43722,0.46214,0.44121,-0.69388,10.0469,0.28872,1,0.49769
12.4800,0.57064,-0.43744,0.46057,0.44121,-0.69455,10.0469,0.28910,1,0.49762
12.5000,0.57078,-0.43765,0.45901,0.44121,-0.69520,10.0470,0.28948,1,0.49755
12.5200,0.57092,-0.43785,0.45745,0.44121,-0.69583,10.0470,0.28985,1,0.49748
12.5400,0.57106,-0.43804,0.45588,0.44121,-0.69645,10.0471,0.29022,1,0.49741
12.5600,0.57119,-0.43823,0.45431,0.44121,-0.69706,10.0471,0.29057,1,0.49734
12.5800,0.57132,-0.43841,0.45275,0.44121,-0.69765,10.0472,0.29093,1,0.49727
12.6000,0.57145,-0.43859,0.45118,0.44121,-0.69822,10.0472,0.29127,1,0.49721
12.6200,0.57158,-0.43876,0.44962,0.44121,-0.69878,10.0473,0.29162,1,0.49714
12.6400,0.57170,-0.43892,0.44805,0.44121,-0.69933,10.0473,0.29195,1,0.49707
12.6600,0.57183,-0.43908,0.44648,0.44121,-0.69985,10.0473,0.29228,1,0.49700
12.6800,0.57195,-0.43923,0.44491,0.44121,-0.70037,10.0474,0.29260,1,0.49693
12.7000,0.57207,-0.43937,0.44334,0.44121,-0.70086,10.0474,0.29292,1,0.49687
12.7200,0.57219,-0.43951,0.44178,0.44121,-0.70135,10.0475,0.29322,1,0.49680
12.7400,0.57230,-0.43964,0.44021,0.44121,-0.70181,10.0475,0.29353,1,0.49673
12.7600,0.57242,-0.43976,0.43864,0.44121,-0.70226,10.0476,0.29382,1,0.49666
12.7800,0.57253,-0.43988,0.43707,0.44121,-0.70270,10.0476,0.29411,1,0.49660
12.8000,0.57264,-0.43999,0.43550,0.44121,-0.70312,10.0476,0.29440,1,0.49653
12.8200,0.57275,-0.44010,0.43393,0.44121,-0.70352,10.0477,0.29468,1,0.49646
12.8400,0.57286,-0.44019,0.43236,0.44121,-0.70391,10.0477,0.29495,1,0.49640
12.8600,0.57296,-0.44029,0.43079,0.44121,-0.70428,10.0478,0.29521,1,0.49633
12.8800,0.57307,-0.44037,0.42922,0.44121,-0.70464,10.0478,0.29547,1,0.49627
12.9000,0.57317,-0.44045,0.42765,0.44121,-0.70498,10.0479,0.29573,1,0.49620
12.9200,0.57327,-0.44052,0.42608,0.44121,-0.70531,10.0479,0.29597,1,0.49614
12.9400,0.57336,-0.44059,0.42451,0.44121,-0.70562,10.0480,0.29621,1,0.49607
12.9600,0.57346,-0.44065,0.42294,0.44121,-0.70591,10.0480,0.29645,1,0.49601
12.9800,0.57355,-0.44071,0.42137,0.44121,-0.70619,10.0480,0.29668,1,0.49594
13.0000,0.57364,-0.44075,0.41980,0.44121,-0.70646,10.0481,0.29690,1,0.49588
13.0200,0.57373,-0.44080,0.41823,0.44121,-0.70670,10.0481,0.29711,1,0.49581
13.0400,0.57382,-0.44083,0.41666,0.44121,-0.70693,10.0482,0.29732,1,0.49575
13.0600,0.57391,-0.44086,0.41509,0.44121,-0.70715,10.0482,0.29752,1,0.49568
13.0800,0.57399,-0.44088,0.41352,0.44121,-0.70735,10.0483,0.29772,1,0.49562
13.1000,0.57407,-0.44090,0.41195,0.44121,-0.70754,10.0483,0.29791,1,0.49556
13.1200,0.57415,-0.44091,0.41038,0.44121,-0.70770,10.0483,0.29809,1,0.49549
13.1400,0.57423,-0.44091,0.40881,0.44121,-0.70786,10.0484,0.29827,1,0.49543
13.1600,0.57431,-0.44091,0.40724,0.44121,-0.70799,10.0484,0.29844,1,0.49537
13.1800,0.57438,-0.44090,0.40568,0.44121,-0.70812,10.0485,0.29861,1,0.49530
13.2000,0.57446,-0.44088,0.40411,0.44121,-0.70822,10.0485,0.29876,1,0.49524
13.2200,0.57453,-0.44086,0.40254,0.44121,-0.70831,10.0486,0.29892,1,0.49518
13.2400,0.57460,-0.44083,0.40097,0.44121,-0.70839,10.0486,0.29906,1,0.49512
13.2600,0.57467,-0.44080,0.39941,0.44121,-0.70844,10.0487,0.29920,1,0.49505
13.2800,0.57473,-0.44076,0.39784,0.44121,-0.70849,10.0487,0.29934,1,0.49499
13.3000,0.57479,-0.44071,0.39627,0.44121,-0.70851,10.0487,0.29946,1,0.49493
13.3200,0.57486,-0.44065,0.39471,0.44121,-0.70853,10.0488,0.29958,1,0.49487
13.3400,0.57492,-0.44060,0.39314,0.44121,-0.70852,10.0488,0.29970,1,0.49481
13.3600,0.57498,-0.44053,0.39158,0.44121,-0.70850,10.0489,0.29981,1,0.49475
13.3800,0.57503,-0.44046,0.39001,0.44121,-0.70846,10.0489,0.29991,1,0.49468
13.4000,0.57509,-0.44038,0.38845,0.44121,-0.70841,10.0490,0.30000,1,0.49462
13.4200,0.57514,-0.44029,0.38689,0.44121,-0.70834,10.0490,0.30009,1,0.49456
13.4400,0.57519,-0.44020,0.38532,0.44121,-0.70826,10.0490,0.30017,1,0.49450
13.4600,0.57524,-0.44010,0.38376,0.44121,-0.70816,10.0491,0.30025,1,0.49444
13.4800,0.57529,-0.44000,0.38220,0.44121,-0.70805,10.0491,0.30032,1,0.49438
13.5000,0.57533,-0.43989,0.38064,0.44121,-0.70791,10.0492,0.30038,1,0.49432
13.5200,0.57538,-0.43977,0.37908,0.44121,-0.70777,10.0492,0.30044,1,0.49426
13.5400,0.57542,-0.43965,0.37752,0.44121,-0.70760,10.0493,0.30049,1,0.49420
13.5600,0.57546,-0.43952,0.37596,0.44121,-0.70743,10.0493,0.30054,1,0.49414
13.5800,0.57550,-0.43939,0.37440,0.44121,-0.70723,10.0493,0.30058,1,0.49408
13.6000,0.57553,-0.43925,0.37284,0.44121,-0.70702,10.0494,0.30061,1,0.49402
13.6200,0.57557,-0.43910,0.37129,0.44121,-0.70680,10.0494,0.30064,1,0.49396
13.6400,0.57560,-0.43894,0.36973,0.44121,-0.70656,10.0495,0.30065,1,0.49391
13.6600,0.57563,-0.43878,0.36818,0.44121,-0.70630,10.0495,0.30067,1,0.49385
13.6800,0.57566,-0.43862,0.36662,0.44121,-0.70603,10.0496,0.30068,1,0.49379
13.7000,0.57569,-0.43844,0.36507,0.44121,-0.70574,10.0496,0.30068,1,0.49373
13.7200,0.57571,-0.43827,0.36352,0.44121,-0.70543,10.0496,0.30067,1,0.49367
13.7400,0.57574,-0.43808,0.36197,0.44121,-0.70511,10.0497,0.30066,1,0.49361
13.7600,0.57576,-0.43789,0.36042,0.44121,-0.70478,10.0497,0.30064,1,0.49356
13.7800,0.57578,-0.43769,0.35887,0.44121,-0.70443,10.0498,0.30062,1,0.49350
13.8000,0.57580,-0.43749,0.35732,0.44121,-0.70406,10.0498,0.30059,1,0.49344
13.8200,0.57582,-0.43728,0.35577,0.44121,-0.70368,10.0499,0.30055,1,0.49338
13.8400,0.57583,-0.43706,0.35423,0.44121,-0.70328,10.0499,0.30051,1,0.49333
13.8600,0.57584,-0.43684,0.35268,0.44121,-0.70287,10.0500,0.30046,1,0.49327
13.8800,0.57585,-0.43661,0.35114,0.44121,-0.70244,10.0500,0.30040,1,0.49321
13.9000,0.57586,-0.43638,0.34960,0.44121,-0.70199,10.0500,0.30034,1,0.49315
13.9200,0.57587,-0.43613,0.34806,0.44121,-0.70153,10.0501,0.30027,1,0.49310
13.9400,0.57588,-0.43589,0.34652,0.44121,-0.70106,10.0501,0.30020,1,0.49304
13.9600,0.57588,-0.43563,0.34498,0.44121,-0.70057,10.0502,0.30012,1,0.49298
13.9800,0.57588,-0.43537,0.34344,0.44121,-0.70006,10.0502,0.30003,1,0.49293
14.0000,0.57588,-0.43511,0.34190,0.44121,-0.69954,10.0503,0.29993,1,0.49287
14.0200,0.57588,-0.43484,0.34037,0.44121,-0.69900,10.0503,0.29983,1,0.49282
14.0400,0.57588,-0.43456,0.33883,0.44121,-0.69845,10.0504,0.29973,1,0.49276
14.0600,0.57588,-0.43428,0.33730,0.44121,-0.69788,10.0504,0.29962,1,0.49271
14.0800,0.57587,-0.43399,0.33577,0.44121,-0.69730,10.0504,0.29950,1,0.49265
14.1000,0.57586,-0.43369,0.33424,0.44121,-0.69670,10.0505,0.29937,1,0.49259
14.1200,0.57585,-0.43339,0.33271,0.44121,-0.69608,10.0505,0.29924,1,0.49254
14.1400,0.57584,-0.43308,0.33118,0.44121,-0.69545,10.0506,0.29911,1,0.49248
14.1600,0.57582,-0.43276,0.32966,0.44121,-0.69481,10.0506,0.29896,1,0.49243
14.1800,0.57581,-0.43244,0.32813,0.44121,-0.69415,10.0507,0.29881,1,0.49237
14.2000,0.57579,-0.43211,0.32661,0.44121,-0.69347,10.0507,0.29866,1,0.49232
14.2200,0.57577,-0.43178,0.32509,0.44121,-0.69278,10.0508,0.29850,1,0.49227
14.2400,0.57575,-0.43144,0.32357,0.44121,-0.69208,10.0508,0.29833,1,0.49221
14.2600,0.57573,-0.43110,0.32205,0.44121,-0.69136,10.0509,0.29815,1,0.49216
14.2800,0.57570,-0.43074,0.32053,0.44121,-0.69062,10.0509,0.29797,1,0.49210
14.3000,0.57568,-0.43039,0.31902,0.44121,-0.68987,10.0510,0.29779,1,0.49205
14.3200,0.57565,-0.43002,0.31751,0.44121,-0.68910,10.0510,0.29759,1,0.49200
14.3400,0.57562,-0.42965,0.31599,0.44121,-0.68832,10.0511,0.29739,1,0.49194
14.3600,0.57559,-0.42928,0.31448,0.44121,-0.68753,10.0511,0.29719,1,0.49189
14.3800,0.57555,-0.42890,0.31298,0.44121,-0.68671,10.0512,0.29698,1,0.49183
14.4000,0.57552,-0.42851,0.31147,0.44121,-0.68589,10.0512,0.29676,1,0.49178
14.4200,0.57548,-0.42811,0.30996,0.44121,-0.68505,10.0512,0.29654,1,0.49173
14.4400,0.57544,-0.42771,0.30846,0.44121,-0.68419,10.0513,0.29631,1,0.49168
14.4600,0.57540,-0.42731,0.30696,0.44121,-0.68332,10.0513,0.29607,1,0.49162
14.4800,0.57536,-0.42689,0.30546,0.44121,-0.68244,10.0514,0.29583,1,0.49157
14.5000,0.57531,-0.42648,0.30396,0.44121,-0.68154,10.0514,0.29558,1,0.49152
14.5200,0.57527,-0.42605,0.30247,0.44121,-0.68062,10.0515,0.29532,1,0.49147
14.5400,0.57522,-0.42562,0.30097,0.44121,-0.67969,10.0516,0.29506,1,0.49141
14.5600,0.57517,-0.42518,0.29948,0.44121,-0.67875,10.0516,0.29480,1,0.49136
14.5800,0.57512,-0.42474,0.29799,0.44121,-0.67779,10.0517,0.29452,1,0.49131
14.6000,0.57506,-0.42429,0.29650,0.44121,-0.67681,10.0517,0.29424,1,0.49126
14.6200,0.57501,-0.42384,0.29502,0.44121,-0.67583,10.0518,0.29396,1,0.49120
14.6400,0.57495,-0.42338,0.29353,0.44121,-0.67482,10.0518,0.29367,1,0.49115
14.6600,0.57489,-0.42291,0.29205,0.44121,-0.67381,10.0519,0.29337,1,0.49110
14.6800,0.57483,-0.42244,0.29057,0.44121,-0.67278,10.0519,0.29307,1,0.49105
14.7000,0.57477,-0.42196,0.28909,0.44121,-0.67173,10.0520,0.29276,1,0.49100
14.7200,0.57470,-0.42147,0.28762,0.44121,-0.67067,10.0520,0.29244,1,0.49095
14.7400,0.57464,-0.42098,0.28614,0.44121,-0.66960,10.0521,0.29212,1,0.49090
14.7600,0.57457,-0.42049,0.28467,0.44121,-0.66851,10.0521,0.29179,1,0.49085
14.7800,0.57450,-0.41998,0.28320,0.44121,-0.66740,10.0522,0.29146,1,0.49080
14.8000,0.57443,-0.41948,0.28174,0.44121,-0.66629,10.0522,0.29112,1,0.49074
14.8200,0.57435,-0.41896,0.28027,0.44121,-0.66516,10.0523,0.29077,1,0.49069
14.8400,0.57428,-0.41844,0.27881,0.44121,-0.66401,10.0524,0.29042,1,0.49064
14.8600,0.57420,-0.41791,0.27735,0.44121,-0.66285,10.0524,0.29006,1,0.49059
14.8800,0.57412,-0.41738,0.27589,0.44121,-0.66168,10.0525,0.28970,1,0.49054
14.9000,0.57404,-0.41684,0.27443,0.44121,-0.66049,10.0525,0.28933,1,0.49049
14.9200,0.57396,-0.41630,0.27298,0.44121,-0.65929,10.0526,0.28895,1,0.49044
14.9400,0.57387,-0.41575,0.27153,0.44121,-0.65807,10.0526,0.28857,1,0.49039
14.9600,0.57379,-0.41519,0.27008,0.44121,-0.65685,10.0527,0.28818,1,0.49034
14.9800,0.57370,-0.41463,0.26864,0.44121,-0.65560,10.0528,0.28779,1,0.49029
15.0000,0.57361,-0.41406,0.26719,0.44121,-0.65435,10.0528,0.28739,1,0.49024
15.0200,0.57351,-0.41349,0.26575,0.44121,-0.65308,10.0529,0.28698,1,0.49019
15.0400,0.57342,-0.41291,0.26431,0.44121,-0.65179,10.0530,0.28657,1,0.49015
15.0600,0.57333,-0.41232,0.26288,0.44121,-0.65050,10.0530,0.28615,1,0.49010
15.0800,0.57323,-0.41173,0.26144,0.44121,-0.64919,10.0531,0.28573,1,0.49005
15.1000,0.57313,-0.41113,0.26001,0.44121,-0.64786,10.0531,0.28530,1,0.49000
15.1200,0.57303,-0.41053,0.25858,0.44121,-0.64653,10.0532,0.28486,1,0.48995
15.1400,0.57292,-0.40992,0.25716,0.44121,-0.64517,10.0533,0.28442,1,0.48990
15.1600,0.57282,-0.40930,0.25573,0.44121,-0.64381,10.0533,0.28397,1,0.48985
15.1800,0.57271,-0.40868,0.25431,0.44121,-0.64243,10.0534,0.28352,1,0.48980
15.2000,0.57260,-0.40806,0.25290,0.44121,-0.64104,10.0535,0.28306,1,0.48975
15.2200,0.57249,-0.40742,0.25148,0.44121,-0.63964,10.0535,0.28260,1,0.48971
15.2400,0.57238,-0.40679,0.25007,0.44121,-0.63822,10.0536,0.28212,1,0.48966
15.2600,0.57226,-0.40614,0.24866,0.44121,-0.63679,10.0537,0.28165,1,0.48961
15.2800,0.57215,-0.40549,0.24725,0.44121,-0.63535,10.0537,0.28116,1,0.48956
15.3000,0.57203,-0.40483,0.24585,0.44121,-0.63390,10.0538,0.28068,1,0.48951
15.3200,0.57191,-0.40417,0.24445,0.44121,-0.63243,10.0539,0.28018,1,0.48947
15.3400,0.57179,-0.40350,0.24305,0.44121,-0.63095,10.0539,0.27968,1,0.48942
15.3600,0.57166,-0.40283,0.24165,0.44121,-0.62945,10.0540,0.27918,1,0.48937
15.3800,0.57154,-0.40215,0.24026,0.44121,-0.62795,10.0541,0.27866,1,0.48932
15.4000,0.57141,-0.40147,0.23887,0.44121,-0.62643,10.0542,0.27815,1,0.48928
15.4200,0.57128,-0.40077,0.23749,0.44121,-0.62490,10.0542,0.27762,1,0.48923
15.4400,0.57115,-0.40008,0.23610,0.44121,-0.62335,10.0543,0.27709,1,0.48918
15.4600,0.57101,-0.39938,0.23472,0.44121,-0.62179,10.0544,0.27656,1,0.48913
15.4800,0.57088,-0.39867,0.23334,0.44121,-0.62023,10.0545,0.27602,1,0.48909
15.5000,0.57074,-0.39795,0.23197,0.44121,-0.61864,10.0545,0.27547,1,0.48904
15.5200,0.57060,-0.39723,0.23060,0.44121,-0.61705,10.0546,0.27492,1,0.48899
15.5400,0.57046,-0.39651,0.22923,0.44121,-0.61545,10.0547,0.27436,1,0.48895
15.5600,0.57032,-0.39578,0.22787,0.44121,-0.61383,10.0548,0.27380,1,0.48890
15.5800,0.57017,-0.39504,0.22650,0.44121,-0.61220,10.0549,0.27323,1,0.48885
15.6000,0.57002,-0.39430,0.22514,0.44121,-0.61056,10.0549,0.27265,1,0.48881
15.6200,0.56988,-0.39355,0.22379,0.44121,-0.60890,10.0550,0.27207,1,0.48876
15.6400,0.56972,-0.39279,0.22244,0.44121,-0.60724,10.0551,0.27149,1,0.48871
15.6600,0.56957,-0.39203,0.22109,0.44121,-0.60556,10.0552,0.27090,1,0.48867
15.6800,0.56942,-0.39127,0.21974,0.44121,-0.60387,10.0553,0.27030,1,0.48862
15.7000,0.56926,-0.39050,0.21840,0.44121,-0.60217,10.0553,0.26970,1,0.48858
15.7200,0.56910,-0.38972,0.21706,0.44121,-0.60046,10.0554,0.26909,1,0.48853
15.7400,0.56894,-0.38894,0.21573,0.44121,-0.59873,10.0555,0.26847,1,0.48848
15.7600,0.56878,-0.38815,0.21439,0.44121,-0.59700,10.0556,0.26785,1,0.48844
15.7800,0.56861,-0.38735,0.21307,0.44121,-0.59525,10.0557,0.26723,1,0.48839
15.8000,0.56844,-0.38655,0.21174,0.44121,-0.59349,10.0558,0.26660,1,0.48835
15.8200,0.56828,-0.38575,0.21042,0.44121,-0.59172,10.0559,0.26596,1,0.48830
15.8400,0.56810,-0.38494,0.20910,0.44121,-0.58994,10.0560,0.26532,1,0.48826
15.8600,0.56793,-0.38412,0.20779,0.44121,-0.58815,10.0561,0.26467,1,0.48821
15.8800,0.56776,-0.38330,0.20648,0.44121,-0.58635,10.0562,0.26402,1,0.48817
15.9000,0.56758,-0.38247,0.20517,0.44121,-0.58453,10.0563,0.26336,1,0.48812
15.9200,0.56740,-0.38164,0.20386,0.44121,-0.58271,10.0564,0.26270,1,0.48808
15.9400,0.56722,-0.38080,0.20256,0.44121,-0.58088,10.0564,0.26203,1,0.48803
15.9600,0.56704,-0.37995,0.20127,0.44121,-0.57903,10.0565,0.26135,1,0.48799
15.9800,0.56685,-0.37910,0.19997,0.44121,-0.57717,10.0566,0.26067,1,0.48794
16.0000,0.56666,-0.37825,0.19869,0.44121,-0.57530,10.0567,0.25998,1,0.48790
16.0200,0.56648,-0.37738,0.19740,0.44121,-0.57343,10.0568,0.25929,1,0.48785
16.0400,0.56628,-0.37652,0.19612,0.44121,-0.57154,10.0570,0.25860,1,0.48781
16.0600,0.56609,-0.37564,0.19484,0.44121,-0.56964,10.0571,0.25790,1,0.48776
16.0800,0.56590,-0.37477,0.19357,0.44121,-0.56773,10.0572,0.25719,1,0.48772
16.1000,0.56570,-0.37388,0.19230,0.44121,-0.56581,10.0573,0.25648,1,0.48767
16.1200,0.56550,-0.37299,0.19103,0.44121,-0.56388,10.0574,0.25576,1,0.48763
16.1400,0.56530,-0.37210,0.18977,0.44121,-0.56194,10.0575,0.25503,1,0.48758
16.1600,0.56509,-0.37120,0.18851,0.44121,-0.55999,10.0576,0.25431,1,0.48754
16.1800,0.56489,-0.37029,0.18726,0.44121,-0.55803,10.0577,0.25357,1,0.48750
16.2000,0.56468,-0.36938,0.18601,0.44121,-0.55606,10.0578,0.25283,1,0.48745
16.2200,0.56447,-0.36846,0.18476,0.44121,-0.55409,10.0579,0.25209,1,0.48741
16.2400,0.56426,-0.36754,0.18352,0.44121,-0.55210,10.0581,0.25134,1,0.48736
16.2600,0.56404,-0.36661,0.18228,0.44121,-0.55010,10.0582,0.25058,1,0.48732
16.2800,0.56383,-0.36568,0.18105,0.44121,-0.54809,10.0583,0.24982,1,0.48728
16.3000,0.56361,-0.36474,0.17982,0.44121,-0.54607,10.0584,0.24906,1,0.48723
16.3200,0.56339,-0.36379,0.17859,0.44121,-0.54405,10.0585,0.24829,1,0.48719
16.3400,0.56316,-0.36284,0.17737,0.44121,-0.54201,10.0587,0.24751,1,0.48715
16.3600,0.56294,-0.36189,0.17615,0.44121,-0.53996,10.0588,0.24673,1,0.48710
16.3800,0.56271,-0.36093,0.17494,0.44121,-0.53791,10.0589,0.24594,1,0.48706
16.4000,0.56248,-0.35996,0.17373,0.44121,-0.53585,10.0590,0.24515,1,0.48702
16.4200,0.56225,-0.35899,0.17253,0.44121,-0.53377,10.0592,0.24436,1,0.48697
16.4400,0.56202,-0.35801,0.17133,0.44121,-0.53169,10.0593,0.24356,1,0.48693
16.4600,0.56178,-0.35703,0.17013,0.44121,-0.52960,10.0594,0.24275,1,0.48689
16.4800,0.56154,-0.35604,0.16894,0.44121,-0.52750,10.0596,0.24194,1,0.48684
16.5000,0.56130,-0.35505,0.16775,0.44121,-0.52540,10.0597,0.24112,1,0.48680
16.5200,0.56106,-0.35405,0.16657,0.44121,-0.52328,10.0598,0.24030,1,0.48676
16.5400,0.56082,-0.35305,0.16539,0.44121,-0.52116,10.0600,0.23947,1,0.48671
16.5600,0.56057,-0.35204,0.16422,0.44121,-0.51902,10.0601,0.23864,1,0.48667
16.5800,0.56032,-0.35102,0.16305,0.44121,-0.51688,10.0603,0.23781,1,0.48663
16.6000,0.56007,-0.35000,0.16189,0.44121,-0.51473,10.0604,0.23696,1,0.48659
16.6200,0.55982,-0.34898,0.16073,0.44121,-0.51257,10.0605,0.23612,1,0.48654
16.6400,0.55956,-0.34795,0.15957,0.44121,-0.51041,10.0607,0.23527,1,0.48650
16.6600,0.55930,-0.34691,0.15842,0.44121,-0.50824,10.0608,0.23441,1,0.48646
16.6800,0.55904,-0.34587,0.15727,0.44121,-0.50605,10.0610,0.23355,1,0.48642
16.7000,0.55878,-0.34482,0.15613,0.44121,-0.50386,10.0611,0.23268,1,0.48637
16.7200,0.55852,-0.34377,0.15500,0.44121,-0.50167,10.0613,0.23181,1,0.48633
16.7400,0.55825,-0.34271,0.15387,0.44121,-0.49946,10.0615,0.23094,1,0.48629
16.7600,0.55798,-0.34165,0.15274,0.44121,-0.49725,10.0616,0.23006,1,0.48625
16.7800,0.55771,-0.34058,0.15162,0.44121,-0.49503,10.0618,0.22917,1,0.48621
16.8000,0.55743,-0.33951,0.15050,0.44121,-0.49280,10.0619,0.22828,1,0.48616
16.8200,0.55716,-0.33843,0.14939,0.44121,-0.49057,10.0621,0.22739,1,0.48612
16.8400,0.55688,-0.33735,0.14828,0.44121,-0.48833,10.0623,0.22649,1,0.48608
16.8600,0.55660,-0.33626,0.14718,0.44121,-0.48608,10.0624,0.22558,1,0.48604
16.8800,0.55632,-0.33517,0.14608,0.44121,-0.48382,10.0626,0.22468,1,0.48600
16.9000,0.55603,-0.33407,0.14499,0.44121,-0.48156,10.0628,0.22376,1,0.48595
16.9200,0.55574,-0.33296,0.14390,0.44121,-0.47929,10.0630,0.22284,1,0.48591
16.9400,0.55545,-0.33185,0.14282,0.44121,-0.47702,10.0631,0.22192,1,0.48587
16.9600,0.55516,-0.33074,0.14175,0.44121,-0.47473,10.0633,0.22099,1,0.48583
16.9800,0.55486,-0.32962,0.14067,0.44121,-0.47244,10.0635,0.22006,1,0.48579
17.0000,0.55457,-0.32849,0.13961,0.44121,-0.47015,10.0637,0.21913,1,0.48575
17.0200,0.55427,-0.32736,0.13855,0.44121,-0.46785,10.0639,0.21819,1,0.48570
17.0400,0.55397,-0.32623,0.13749,0.44121,-0.46554,10.0641,0.21724,1,0.48566
17.0600,0.55366,-0.32509,0.13644,0.44121,-0.46322,10.0643,0.21629,1,0.48562
17.0800,0.55335,-0.32394,0.13540,0.44121,-0.46090,10.0645,0.21534,1,0.48558
17.1000,0.55304,-0.32279,0.13436,0.44121,-0.45858,10.0647,0.21438,1,0.48554
17.1200,0.55273,-0.32164,0.13332,0.44121,-0.45624,10.0649,0.21341,1,0.48550
17.1400,0.55242,-0.32047,0.13229,0.44121,-0.45390,10.0651,0.21245,1,0.48546
17.1600,0.55210,-0.31931,0.13127,0.44121,-0.45156,10.0653,0.21147,1,0.48541
17.1800,0.55178,-0.31814,0.13025,0.44121,-0.44921,10.0655,0.21050,1,0.48537
17.2000,0.55146,-0.31696,0.12924,0.44121,-0.44685,10.0657,0.20952,1,0.48533
17.2200,0.55114,-0.31578,0.12823,0.44121,-0.44449,10.0659,0.20853,1,0.48529
17.2400,0.55081,-0.31459,0.12723,0.44121,-0.44213,10.0661,0.20754,1,0.48525
17.2600,0.55048,-0.31340,0.12624,0.44121,-0.43976,10.0664,0.20655,1,0.48521
17.2800,0.55015,-0.31221,0.12525,0.44121,-0.43738,10.0666,0.20555,1,0.48517
17.3000,0.54982,-0.31101,0.12426,0.44121,-0.43500,10.0668,0.20455,1,0.48513
17.3200,0.54948,-0.30980,0.12328,0.44121,-0.43261,10.0670,0.20354,1,0.48509
17.3400,0.54914,-0.30859,0.12231,0.44121,-0.43022,10.0673,0.20253,1,0.48505
17.3600,0.54880,-0.30737,0.12134,0.44121,-0.42782,10.0675,0.20152,1,0.48501
17.3800,0.54845,-0.30615,0.12038,0.44121,-0.42542,10.0677,0.20050,1,0.48496
17.4000,0.54811,-0.30493,0.11943,0.44121,-0.42301,10.0680,0.19947,1,0.48492
17.4200,0.54776,-0.30370,0.11848,0.44121,-0.42060,10.0682,0.19845,1,0.48488
17.4400,0.54741,-0.30246,0.11753,0.44121,-0.41819,10.0685,0.19742,1,0.48484
17.4600,0.54705,-0.30122,0.11660,0.44121,-0.41577,10.0687,0.19638,1,0.48480
17.4800,0.54669,-0.29997,0.11567,0.44121,-0.41335,10.0690,0.19534,1,0.48476
17.5000,0.54634,-0.29872,0.11474,0.44121,-0.41092,10.0692,0.19430,1,0.48472
17.5200,0.54597,-0.29747,0.11382,0.44121,-0.40849,10.0695,0.19325,1,0.48468
17.5400,0.54561,-0.29621,0.11291,0.44121,-0.40605,10.0698,0.19220,1,0.48464
17.5600,0.54524,-0.29494,0.11200,0.44121,-0.40361,10.0700,0.19114,1,0.48460
17.5800,0.54487,-0.29367,0.11110,0.44121,-0.40117,10.0703,0.19008,1,0.48456
17.6000,0.54450,-0.29240,0.11021,0.44121,-0.39872,10.0706,0.18902,1,0.48452
17.6200,0.54412,-0.29112,0.10932,0.44121,-0.39627,10.0709,0.18795,1,0.48448
17.6400,0.54374,-0.28983,0.10844,0.44121,-0.39382,10.0711,0.18688,1,0.48444
17.6600,0.54336,-0.28855,0.10756,0.44121,-0.39136,10.0714,0.18581,1,0.48440
17.6800,0.54298,-0.28725,0.10669,0.44121,-0.38890,10.0717,0.18473,1,0.48436
17.7000,0.54259,-0.28595,0.10583,0.44121,-0.38644,10.0720,0.18365,1,0.48432
17.7200,0.54220,-0.28465,0.10497,0.44121,-0.38397,10.0723,0.18256,1,0.48428
17.7400,0.54181,-0.28334,0.10412,0.44121,-0.38150,10.0726,0.18148,1,0.48424
17.7600,0.54142,-0.28203,0.10328,0.44121,-0.37903,10.0729,0.18038,1,0.48420
17.7800,0.54102,-0.28071,0.10244,0.44121,-0.37655,10.0733,0.17929,1,0.48416
17.8000,0.54062,-0.27939,0.10161,0.44121,-0.37408,10.0736,0.17819,1,0.48412
17.8200,0.54022,-0.27806,0.10079,0.44121,-0.37160,10.0739,0.17708,1,0.48408
17.8400,0.53981,-0.27673,0.09997,0.44121,-0.36911,10.0742,0.17598,1,0.48404
17.8600,0.53941,-0.27540,0.09916,0.44121,-0.36663,10.0745,0.17486,1,0.48400
17.8800,0.53900,-0.27405,0.09836,0.44121,-0.36414,10.0749,0.17375,1,0.48396
17.9000,0.53858,-0.27271,0.09756,0.44121,-0.36165,10.0752,0.17263,1,0.48392
17.9200,0.53816,-0.27136,0.09678,0.44121,-0.35916,10.0756,0.17151,1,0.48388
17.9400,0.53775,-0.27000,0.09599,0.44121,-0.35666,10.0759,0.17039,1,0.48384
17.9600,0.53732,-0.26865,0.09522,0.44121,-0.35417,10.0763,0.16926,1,0.48380
17.9800,0.53690,-0.26728,0.09445,0.44121,-0.35167,10.0766,0.16813,1,0.48376
18.0000,0.53647,-0.26591,0.09369,0.44121,-0.34917,10.0770,0.16699,1,0.48372
18.0200,0.53604,-0.26454,0.09293,0.44121,-0.34667,10.0774,0.16586,1,0.48368
18.0400,0.53561,-0.26316,0.09219,0.44121,-0.34417,10.0777,0.16472,1,0.48364
18.0600,0.53517,-0.26178,0.09145,0.44121,-0.34166,10.0781,0.16357,1,0.48360
18.0800,0.53473,-0.26040,0.09071,0.44121,-0.33916,10.0785,0.16242,1,0.48356
18.1000,0.53429,-0.25900,0.08999,0.44121,-0.33665,10.0789,0.16127,1,0.48352
18.1200,0.53384,-0.25761,0.08927,0.44121,-0.33414,10.0793,0.16012,1,0.48348
18.1400,0.53340,-0.25621,0.08856,0.44121,-0.33163,10.0797,0.15896,1,0.48344
18.1600,0.53294,-0.25481,0.08786,0.44121,-0.32913,10.0801,0.15780,1,0.48340
18.1800,0.53249,-0.25340,0.08716,0.44121,-0.32661,10.0805,0.15664,1,0.48336
18.2000,0.53203,-0.25198,0.08647,0.44121,-0.32410,10.0809,0.15548,1,0.48332
18.2200,0.53157,-0.25057,0.08579,0.44121,-0.32159,10.0814,0.15431,1,0.48328
18.2400,0.53111,-0.24915,0.08512,0.44121,-0.31908,10.0818,0.15314,1,0.48324
18.2600,0.53064,-0.24772,0.08445,0.44121,-0.31657,10.0822,0.15196,1,0.48321
18.2800,0.53018,-0.24629,0.08379,0.44121,-0.31405,10.0827,0.15078,1,0.48317
18.3000,0.52970,-0.24485,0.08314,0.44121,-0.31154,10.0831,0.14960,1,0.48313
18.3200,0.52923,-0.24342,0.08250,0.44121,-0.30903,10.0836,0.14842,1,0.48309
18.3400,0.52875,-0.24197,0.08187,0.44121,-0.30651,10.0840,0.14724,1,0.48305
18.3600,0.52827,-0.24052,0.08124,0.44121,-0.30400,10.0845,0.14605,1,0.48301
18.3800,0.52779,-0.23907,0.08062,0.44121,-0.30149,10.0850,0.14486,1,0.48297
18.4000,0.52730,-0.23762,0.08001,0.44121,-0.29898,10.0855,0.14366,1,0.48293
18.4200,0.52681,-0.23616,0.07941,0.44121,-0.29646,10.0860,0.14247,1,0.48289
18.4400,0.52632,-0.23469,0.07881,0.44121,-0.29395,10.0865,0.14127,1,0.48285
18.4600,0.52582,-0.23322,0.07823,0.44121,-0.29144,10.0870,0.14007,1,0.48281
18.4800,0.52532,-0.23175,0.07765,0.44121,-0.28893,10.0875,0.13886,1,0.48277
18.5000,0.52482,-0.23028,0.07708,0.44121,-0.28642,10.0880,0.13766,1,0.48273
18.5200,0.52431,-0.22879,0.07651,0.44121,-0.28391,10.0885,0.13645,1,0.48269
18.5400,0.52381,-0.22731,0.07596,0.44121,-0.28140,10.0890,0.13524,1,0.48265
18.5600,0.52329,-0.22582,0.07541,0.44121,-0.27890,10.0896,0.13403,1,0.48262
18.5800,0.52278,-0.22433,0.07488,0.44121,-0.27639,10.0901,0.13281,1,0.48258
18.6000,0.52226,-0.22283,0.07435,0.44121,-0.27389,10.0907,0.13159,1,0.48254
18.6200,0.52174,-0.22133,0.07383,0.44121,-0.27138,10.0913,0.13037,1,0.48250
18.6400,0.52121,-0.21982,0.07332,0.44121,-0.26888,10.0918,0.12915,1,0.48246
18.6600,0.52069,-0.21832,0.07281,0.44121,-0.26638,10.0924,0.12793,1,0.48242
18.6800,0.52016,-0.21680,0.07232,0.44121,-0.26388,10.0930,0.12670,1,0.48238
18.7000,0.51962,-0.21529,0.07183,0.44121,-0.26139,10.0936,0.12547,1,0.48234
18.7200,0.51909,-0.21376,0.07136,0.44121,-0.25889,10.0942,0.12424,1,0.48230
18.7400,0.51854,-0.21224,0.07089,0.44121,-0.25640,10.0948,0.12301,1,0.48226
18.7600,0.51800,-0.21071,0.07043,0.44121,-0.25391,10.0955,0.12178,1,0.48222
18.7800,0.51745,-0.20918,0.06998,0.44121,-0.25142,10.0961,0.12054,1,0.48218
18.8000,0.51690,-0.20764,0.06954,0.44121,-0.24893,10.0967,0.11930,1,0.48214
18.8200,0.51635,-0.20610,0.06911,0.44121,-0.24645,10.0974,0.11806,1,0.48211
18.8400,0.51579,-0.20456,0.06868,0.44121,-0.24397,10.0980,0.11682,1,0.48207
18.8600,0.51523,-0.20301,0.06827,0.44121,-0.24149,10.0987,0.11558,1,0.48203
18.8800,0.51467,-0.20146,0.06786,0.44121,-0.23901,10.0994,0.11434,1,0.48199
18.9000,0.51410,-0.19990,0.06747,0.44121,-0.23654,10.1001,0.11309,1,0.48195
18.9200,0.51353,-0.19835,0.06708,0.44121,-0.23407,10.1008,0.11184,1,0.48191
18.9400,0.51296,-0.19678,0.06671,0.44121,-0.23160,10.1015,0.11059,1,0.48187
18.9600,0.51239,-0.19522,0.06634,0.44121,-0.22913,10.1022,0.10934,1,0.48183
18.9800,0.51181,-0.19365,0.06598,0.44121,-0.22667,10.1030,0.10809,1,0.48179
19.0000,0.51122,-0.19208,0.06563,0.44121,-0.22421,10.1037,0.10684,1,0.48175
19.0200,0.51064,-0.19050,0.06529,0.44121,-0.22176,10.1045,0.10559,1,0.48171
19.0400,0.51005,-0.18892,0.06497,0.44121,-0.21931,10.1052,0.10433,1,0.48168
19.0600,0.50945,-0.18733,0.06465,0.44121,-0.21686,10.1060,0.10307,1,0.48164
19.0800,0.50886,-0.18575,0.06434,0.44121,-0.21441,10.1068,0.10182,1,0.48160
19.1000,0.50826,-0.18416,0.06404,0.44121,-0.21197,10.1076,0.10056,1,0.48156
19.1200,0.50765,-0.18256,0.06375,0.44121,-0.20954,10.1084,0.09930,1,0.48152
19.1400,0.50705,-0.18097,0.06347,0.44121,-0.20710,10.1092,0.09804,1,0.48148
19.1600,0.50644,-0.17936,0.06320,0.44121,-0.20467,10.1101,0.09678,1,0.48144
19.1800,0.50582,-0.17776,0.06294,0.44121,-0.20225,10.1109,0.09552,1,0.48140
19.2000,0.50521,-0.17615,0.06269,0.44121,-0.19983,10.1118,0.09425,1,0.48136
19.2200,0.50459,-0.17454,0.06245,0.44121,-0.19741,10.1127,0.09299,1,0.48132
19.2400,0.50396,-0.17293,0.06222,0.44121,-0.19500,10.1135,0.09173,1,0.48128
19.2600,0.50334,-0.17131,0.06201,0.44121,-0.19259,10.1144,0.09046,1,0.48125
19.2800,0.50270,-0.16969,0.06180,0.44121,-0.19019,10.1154,0.08920,1,0.48121
19.3000,0.50207,-0.16807,0.06160,0.44121,-0.18779,10.1163,0.08793,1,0.48117
19.3200,0.50143,-0.16644,0.06142,0.44121,-0.18540,10.1172,0.08667,1,0.48113
19.3400,0.50079,-0.16481,0.06124,0.44121,-0.18301,10.1182,0.08540,1,0.48109
19.3600,0.50015,-0.16318,0.06108,0.44121,-0.18062,10.1191,0.08414,1,0.48105
19.3800,0.49950,-0.16154,0.06092,0.44121,-0.17825,10.1201,0.08287,1,0.48101
19.4000,0.49885,-0.15990,0.06078,0.44121,-0.17587,10.1211,0.08161,1,0.48097
19.4200,0.49819,-0.15826,0.06065,0.44121,-0.17350,10.1221,0.08034,1,0.48093
19.4400,0.49754,-0.15662,0.06052,0.44121,-0.17114,10.1232,0.07908,1,0.48089
19.4600,0.49687,-0.15497,0.06041,0.44121,-0.16878,10.1242,0.07781,1,0.48085
19.4800,0.49621,-0.15332,0.06031,0.44121,-0.16643,10.1253,0.07655,1,0.48081
19.5000,0.49554,-0.15167,0.06023,0.44121,-0.16408,10.1263,0.07529,1,0.48078
19.5200,0.49487,-0.15001,0.06015,0.44121,-0.16174,10.1274,0.07402,1,0.48074
19.5400,0.49419,-0.14835,0.06008,0.44121,-0.15941,10.1285,0.07276,1,0.48070
19.5600,0.49351,-0.14669,0.06003,0.44121,-0.15708,10.1296,0.07150,1,0.48066
19.5800,0.49283,-0.14503,0.05999,0.44121,-0.15476,10.1308,0.07024,1,0.48062
19.6000,0.49214,-0.14336,0.05996,0.44121,-0.15244,10.1319,0.06898,1,0.48058
19.6200,0.49145,-0.14169,0.05994,0.44121,-0.15013,10.1331,0.06772,1,0.48054
19.6400,0.49076,-0.14002,0.05993,0.44121,-0.14782,10.1343,0.06647,1,0.48050
19.6600,0.49006,-0.13834,0.05993,0.44121,-0.14552,10.1355,0.06521,1,0.48046
19.6800,0.48936,-0.13667,0.05995,0.44121,-0.14323,10.1367,0.06396,1,0.48042
19.7000,0.48866,-0.13499,0.05998,0.44121,-0.14095,10.1380,0.06271,1,0.48038
19.7200,0.48795,-0.13331,0.06002,0.44121,-0.13867,10.1392,0.06146,1,0.48034
19.7400,0.48724,-0.13162,0.06007,0.44121,-0.13640,10.1404,0.06021,1,0.48031
19.7600,0.48653,-0.12994,0.06014,0.44121,-0.13413,10.1416,0.05897,1,0.48027
19.7800,0.48581,-0.12825,0.06021,0.44121,-0.13187,10.1429,0.05773,1,0.48023
19.8000,0.48509,-0.12656,0.06030,0.44121,-0.12962,10.1443,0.05649,1,0.48019
19.8200,0.48437,-0.12487,0.06040,0.44121,-0.12738,10.1456,0.05525,1,0.48015
19.8400,0.48364,-0.12317,0.06052,0.44121,-0.12514,10.1470,0.05402,1,0.48011
19.8600,0.48291,-0.12147,0.06064,0.44121,-0.12291,10.1484,0.05279,1,0.48007
19.8800,0.48217,-0.11977,0.06078,0.44121,-0.12069,10.1498,0.05157,1,0.48003
19.9000,0.48143,-0.11807,0.06093,0.44121,-0.11847,10.1513,0.05035,1,0.47999
19.9200,0.48069,-0.11637,0.06110,0.44121,-0.11626,10.1527,0.04913,1,0.47995
19.9400,0.47994,-0.11467,0.06128,0.44121,-0.11406,10.1542,0.04792,1,0.47991
19.9600,0.47920,-0.11296,0.06147,0.44121,-0.11187,10.1557,0.04671,1,0.47988
19.9800,0.47844,-0.11125,0.06167,0.44121,-0.10969,10.1572,0.04551,1,0.47984
20.0000,0.47769,-0.10954,0.06189,0.44121,-0.10751,10.1588,0.04432,1,0.47980
20.0200,0.47693,-0.10783,0.06212,0.44121,-0.10534,10.1603,0.04313,1,0.47976
20.0400,0.47616,-0.10611,0.06236,0.44121,-0.10318,10.1619,0.04195,1,0.47972
20.0600,0.47540,-0.10440,0.06262,0.44121,-0.10103,10.1635,0.04078,1,0.47968
20.0800,0.47463,-0.10268,0.06289,0.44121,-0.09888,10.1651,0.03961,1,0.47964
20.1000,0.47386,-0.10097,0.06317,0.44121,-0.09675,10.1668,0.03846,1,0.47960
20.1200,0.47308,-0.09925,0.06347,0.44121,-0.09462,10.1685,0.03732,1,0.47956
20.1400,0.47230,-0.09753,0.06378,0.44121,-0.09250,10.1702,0.03618,1,0.47952
20.1600,0.47152,-0.09580,0.06410,0.44121,-0.09039,10.1719,0.03506,1,0.47948
20.1800,0.47073,-0.09408,0.06444,0.44121,-0.08829,10.1736,0.03395,1,0.47945
20.2000,0.46994,-0.09236,0.06480,0.44121,-0.08619,10.1754,0.03285,1,0.47941
20.2200,0.46915,-0.09063,0.06516,0.44121,-0.08411,10.1772,0.03177,1,0.47937
20.2400,0.46835,-0.08890,0.06554,0.44121,-0.08203,10.1790,0.03071,1,0.47933
20.2600,0.46755,-0.08718,0.06594,0.44121,-0.07996,10.1809,0.02967,1,0.47929
20.2800,0.46675,-0.08545,0.06635,0.44121,-0.07791,10.1827,0.02864,1,0.47925
20.3000,0.46594,-0.08372,0.06677,0.44121,-0.07586,10.1846,0.02764,1,0.47921
20.3200,0.46513,-0.08199,0.06721,0.44121,-0.07382,10.1866,0.02667,1,0.47917
20.3400,0.46432,-0.08026,0.06766,0.44121,-0.07179,10.1885,0.02572,1,0.47913
20.3600,0.46350,-0.07853,0.06813,0.44121,-0.06977,10.1905,0.02480,1,0.47910
20.3800,0.46269,-0.07679,0.06861,0.44121,-0.06775,10.1925,0.02392,1,0.47906
20.4000,0.46186,-0.07506,0.06911,0.44121,-0.06575,10.1945,0.02308,1,0.47902
20.4200,0.46104,-0.07333,0.06962,0.44121,-0.06376,10.1966,0.02227,1,0.47898
20.4400,0.46021,-0.07160,0.07015,0.44121,-0.06178,10.1987,0.02152,1,0.47894
20.4600,0.45938,-0.06986,0.07070,0.44121,-0.05980,10.2008,0.02081,1,0.47890
20.4800,0.45854,-0.06813,0.07125,0.44121,-0.05784,10.2029,0.02016,1,0.47886
20.5000,0.45770,-0.06639,0.07183,0.44121,-0.05589,10.2051,0.01957,1,0.47882
20.5200,0.45686,-0.06466,0.07242,0.44121,-0.05394,10.2073,0.01904,1,0.47879
20.5400,0.45602,-0.06293,0.07302,0.44121,-0.05201,10.2095,0.01859,1,0.47875
20.5600,0.45517,-0.06119,0.07364,0.44121,-0.05009,10.2118,0.01822,1,0.47871
20.5800,0.45432,-0.05946,0.07427,0.44121,-0.04817,10.2141,0.01792,1,0.47867
20.6000,0.45347,-0.05772,0.07493,0.44121,-0.04627,10.2164,0.01771,1,0.47863
20.6200,0.45261,-0.05599,0.07559,0.44121,-0.04438,10.2187,0.01758,1,0.47859
20.6400,0.45176,-0.05426,0.07628,0.44121,-0.04250,10.2211,0.01754,1,0.47855
20.6600,0.45090,-0.05253,0.07698,0.44121,-0.04062,10.2235,0.01759,1,0.47852
20.6800,0.45003,-0.05079,0.07769,0.44121,-0.03876,10.2260,0.01773,1,0.47848
20.7000,0.44916,-0.04906,0.07842,0.44121,-0.03691,10.2284,0.01795,1,0.47844
20.7200,0.44829,-0.04733,0.07917,0.44121,-0.03507,10.2309,0.01825,1,0.47840
20.7400,0.44742,-0.04560,0.07993,0.44121,-0.03324,10.2335,0.01863,1,0.47836
20.7600,0.44655,-0.04387,0.08072,0.44121,-0.03143,10.2360,0.01907,1,0.47833
20.7800,0.44567,-0.04215,0.08151,0.44121,-0.02962,10.2386,0.01959,1,0.47829
20.8000,0.44479,-0.04042,0.08233,0.44121,-0.02782,10.2413,0.02016,1,0.47825
20.8200,0.44391,-0.03869,0.08316,0.44121,-0.02604,10.2439,0.02078,1,0.47821
20.8400,0.44302,-0.03697,0.08401,0.44121,-0.02426,10.2466,0.02146,1,0.47817
20.8600,0.44214,-0.03525,0.08487,0.44121,-0.02250,10.2494,0.02217,1,0.47814
20.8800,0.44125,-0.03353,0.08575,0.44121,-0.02075,10.2521,0.02293,1,0.47810
20.9000,0.44035,-0.03181,0.08665,0.44121,-0.01901,10.2549,0.02372,1,0.47806
20.9200,0.43946,-0.03009,0.08757,0.44121,-0.01728,10.2578,0.02454,1,0.47803
20.9400,0.43856,-0.02837,0.08850,0.44121,-0.01557,10.2606,0.02539,1,0.47799
20.9600,0.43766,-0.02666,0.08945,0.44121,-0.01386,10.2635,0.02627,1,0.47795
20.9800,0.43676,-0.02495,0.09042,0.44121,-0.01217,10.2665,0.02716,1,0.47791
21.0000,0.43586,-0.02324,0.09141,0.44121,-0.01048,10.2695,0.02807,1,0.47788
21.0200,0.43495,-0.02153,0.09241,0.44121,-0.00881,10.2725,0.02900,1,0.47784
21.0400,0.43405,-0.01982,0.09344,0.44121,-0.00716,10.2755,0.02994,1,0.47780
21.0600,0.43314,-0.01812,0.09448,0.44121,-0.00551,10.2786,0.03090,1,0.47777
21.0800,0.43223,-0.01642,0.09553,0.44121,-0.00387,10.2817,0.03186,1,0.47773
21.1000,0.43131,-0.01472,0.09661,0.44121,-0.00225,10.2848,0.03284,1,0.47770
21.1200,0.43040,-0.01303,0.09770,0.44121,-0.00064,10.2880,0.03382,1,0.47766
21.1400,0.42948,-0.01133,0.09882,0.44121,0.00096,10.2913,0.03481,1,0.47762
21.1600,0.42856,-0.00964,0.09995,0.44121,0.00254,10.2945,0.03581,1,0.47759
21.1800,0.42764,-0.00796,0.10110,0.44121,0.00412,10.2978,0.03681,1,0.47755
21.2000,0.42672,-0.00628,0.10226,0.44121,0.00568,10.3011,0.03781,1,0.47752
21.2200,0.42580,-0.00460,0.10345,0.44121,0.00723,10.3045,0.03882,1,0.47748
21.2400,0.42488,-0.00292,0.10465,0.44121,0.00876,10.3079,0.03983,1,0.47745
21.2600,0.42395,-0.00125,0.10588,0.44121,0.01029,10.3114,0.04084,1,0.47741
21.2800,0.42302,0.00042,0.10712,0.44121,0.01180,10.3148,0.04185,1,0.47738
21.3000,0.42210,0.00209,0.10838,0.44121,0.01330,10.3184,0.04286,1,0.47734
21.3200,0.42117,0.00375,0.10966,0.44121,0.01479,10.3219,0.04387,1,0.47731
21.3400,0.42024,0.00540,0.11096,0.44121,0.01626,10.3255,0.04489,1,0.47728
21.3600,0.41931,0.00706,0.11228,0.44121,0.01772,10.3291,0.04590,1,0.47724
21.3800,0.41837,0.00871,0.11362,0.44121,0.01917,10.3328,0.04691,1,0.47721
21.4000,0.41744,0.01035,0.11497,0.44121,0.02060,10.3365,0.04792,1,0.47718
21.4200,0.41651,0.01199,0.11635,0.44121,0.02202,10.3403,0.04892,1,0.47714
21.4400,0.41557,0.01362,0.11775,0.44121,0.02343,10.3441,0.04993,1,0.47711
21.4600,0.41464,0.01525,0.11916,0.44121,0.02483,10.3479,0.05093,1,0.47708
21.4800,0.41371,0.01688,0.12060,0.44121,0.02621,10.3517,0.05193,1,0.47705
21.5000,0.41277,0.01850,0.12205,0.44121,0.02758,10.3556,0.05292,1,0.47702
21.5200,0.41183,0.02011,0.12353,0.44121,0.02894,10.3596,0.05391,1,0.47698
21.5400,0.41090,0.02172,0.12502,0.44121,0.03028,10.3636,0.05490,1,0.47695
21.5600,0.40996,0.02332,0.12654,0.44121,0.03161,10.3676,0.05588,1,0.47692
21.5800,0.40903,0.02492,0.12807,0.44121,0.03292,10.3716,0.05686,1,0.47689
21.6000,0.40809,0.02651,0.12962,0.44121,0.03423,10.3757,0.05784,1,0.47686
21.6200,0.40715,0.02809,0.13120,0.44121,0.03552,10.3799,0.05881,1,0.47683
21.6400,0.40622,0.02967,0.13279,0.44121,0.03679,10.3840,0.05978,1,0.47681
21.6600,0.40528,0.03124,0.13441,0.44121,0.03805,10.3883,0.06074,1,0.47678
21.6800,0.40435,0.03281,0.13604,0.44121,0.03930,10.3925,0.06170,1,0.47675
21.7000,0.40341,0.03437,0.13770,0.44121,0.04053,10.3968,0.06265,1,0.47672
21.7200,0.40248,0.03592,0.13938,0.44121,0.04175,10.4012,0.06359,1,0.47669
21.7400,0.40155,0.03747,0.14107,0.44121,0.04296,10.4055,0.06453,1,0.47667
21.7600,0.40062,0.03901,0.14279,0.44121,0.04415,10.4099,0.06547,1,0.47664
21.7800,0.39968,0.04054,0.14453,0.44121,0.04533,10.4144,0.06640,1,0.47662
21.8000,0.39875,0.04206,0.14628,0.44121,0.04650,10.4189,0.06732,1,0.47659
21.8200,0.39782,0.04358,0.14806,0.44121,0.04765,10.4235,0.06824,1,0.47657
21.8400,0.39690,0.04508,0.14986,0.44121,0.04879,10.4280,0.06915,1,0.47654
21.8600,0.39597,0.04658,0.15168,0.44121,0.04991,10.4327,0.07005,1,0.47652
21.8800,0.39505,0.04808,0.15353,0.44121,0.05102,10.4373,0.07095,1,0.47650
21.9000,0.39412,0.04956,0.15539,0.44121,0.05211,10.4421,0.07184,1,0.47647
21.9200,0.39320,0.05103,0.15727,0.44121,0.05319,10.4468,0.07272,1,0.47645
21.9400,0.39228,0.05250,0.15917,0.44121,0.05426,10.4516,0.07360,1,0.47643
21.9600,0.39136,0.05396,0.16110,0.44121,0.05531,10.4565,0.07447,1,0.47641
21.9800,0.39045,0.05541,0.16305,0.44121,0.05635,10.4613,0.07533,1,0.47639
22.0000,0.38953,0.05685,0.16501,0.44121,0.05737,10.4663,0.07619,1,0.47637
22.0200,0.38862,0.05828,0.16700,0.44121,0.05838,10.4713,0.07704,1,0.47636
22.0400,0.38771,0.05970,0.16901,0.44121,0.05937,10.4763,0.07788,1,0.47634
22.0600,0.38681,0.06111,0.17104,0.44121,0.06035,10.4814,0.07871,1,0.47632
22.0800,0.38590,0.06251,0.17309,0.44121,0.06131,10.4865,0.07954,1,0.47631
22.1000,0.38500,0.06390,0.17517,0.44121,0.06226,10.4916,0.08035,1,0.47629
22.1200,0.38411,0.06528,0.17726,0.44121,0.06320,10.4968,0.08116,1,0.47628
22.1400,0.38321,0.06665,0.17938,0.44121,0.06412,10.5021,0.08197,1,0.47627
22.1600,0.38232,0.06801,0.18151,0.44121,0.06503,10.5074,0.08276,1,0.47625
22.1800,0.38143,0.06936,0.18367,0.44121,0.06592,10.5127,0.08355,1,0.47624
22.2000,0.38055,0.07070,0.18585,0.44121,0.06679,10.5181,0.08432,1,0.47623
22.2200,0.37967,0.07202,0.18805,0.44121,0.06766,10.5236,0.08509,1,0.47622
22.2400,0.37879,0.07334,0.19027,0.44121,0.06850,10.5290,0.08585,1,0.47622
22.2600,0.37792,0.07464,0.19252,0.44121,0.06934,10.5346,0.08660,1,0.47621
22.2800,0.37705,0.07594,0.19478,0.44121,0.07015,10.5401,0.08735,1,0.47620
22.3000,0.37618,0.07722,0.19707,0.44121,0.07095,10.5457,0.08808,1,0.47620
22.3200,0.37532,0.07848,0.19938,0.44121,0.07174,10.5514,0.08881,1,0.47620
22.3400,0.37446,0.07974,0.20170,0.44121,0.07251,10.5570,0.08952,1,0.47619
22.3600,0.37361,0.08098,0.20405,0.44121,0.07327,10.5627,0.09023,1,0.47619
22.3800,0.37277,0.08221,0.20643,0.44121,0.07401,10.5685,0.09093,1,0.47619
22.4000,0.37192,0.08343,0.20882,0.44121,0.07474,10.5742,0.09162,1,0.47619
22.4200,0.37109,0.08464,0.21123,0.44121,0.07545,10.5800,0.09230,1,0.47620
22.4400,0.37025,0.08583,0.21367,0.44121,0.07615,10.5859,0.09297,1,0.47620
22.4600,0.36943,0.08700,0.21613,0.44121,0.07683,10.5917,0.09363,1,0.47620
22.4800,0.36861,0.08817,0.21861,0.44121,0.07750,10.5976,0.09428,1,0.47621
22.5000,0.36779,0.08932,0.22111,0.44121,0.07815,10.6035,0.09492,1,0.47622
22.5200,0.36698,0.09045,0.22363,0.44121,0.07878,10.6094,0.09555,1,0.47623
22.5400,0.36618,0.09158,0.22617,0.44121,0.07940,10.6153,0.09618,1,0.47624
22.5600,0.36538,0.09268,0.22873,0.44121,0.08001,10.6213,0.09679,1,0.47625
22.5800,0.36459,0.09377,0.23132,0.44121,0.08060,10.6272,0.09739,1,0.47627
22.6000,0.36380,0.09485,0.23393,0.44121,0.08117,10.6332,0.09799,1,0.47629
22.6200,0.36302,0.09591,0.23655,0.44121,0.08173,10.6392,0.09857,1,0.47630
22.6400,0.36225,0.09696,0.23920,0.44121,0.08228,10.6452,0.09914,1,0.47632
22.6600,0.36148,0.09799,0.24187,0.44121,0.08280,10.6512,0.09971,1,0.47635
22.6800,0.36072,0.09901,0.24456,0.44121,0.08332,10.6572,0.10026,1,0.47637
22.7000,0.35997,0.10000,0.24727,0.44121,0.08381,10.6633,0.10080,1,0.47640
22.7200,0.35922,0.10099,0.25000,0.44121,0.08430,10.6693,0.10133,1,0.47643
22.7400,0.35849,0.10195,0.25276,0.44121,0.08476,10.6754,0.10186,1,0.47646
22.7600,0.35775,0.10290,0.25553,0.44121,0.08521,10.6814,0.10237,1,0.47649
22.7800,0.35703,0.10384,0.25832,0.44121,0.08565,10.6875,0.10287,1,0.47652
22.8000,0.35632,0.10475,0.26114,0.44121,0.08607,10.6935,0.10336,1,0.47656
22.8200,0.35561,0.10565,0.26397,0.44121,0.08647,10.6996,0.10385,1,0.47660
22.8400,0.35491,0.10653,0.26683,0.44121,0.08686,10.7056,0.10432,1,0.47664
22.8600,0.35421,0.10739,0.26971,0.44121,0.08723,10.7116,0.10478,1,0.47669
22.8800,0.35353,0.10823,0.27260,0.44121,0.08759,10.7176,0.10523,1,0.47674
22.9000,0.35286,0.10906,0.27552,0.44121,0.08793,10.7235,0.10567,1,0.47679
22.9200,0.35219,0.10987,0.27846,0.44121,0.08826,10.7294,0.10610,1,0.47684
22.9400,0.35153,0.11065,0.28141,0.44121,0.08857,10.7353,0.10652,1,0.47690
22.9600,0.35088,0.11142,0.28439,0.44121,0.08886,10.7411,0.10693,1,0.47696
22.9800,0.35024,0.11217,0.28738,0.44121,0.08914,10.7469,0.10733,1,0.47702
23.0000,0.34961,0.11290,0.29040,0.44121,0.08940,10.7526,0.10772,1,0.47709
23.0200,0.34898,0.11361,0.29344,0.44121,0.08965,10.7582,0.10810,1,0.47716
23.0400,0.34837,0.11430,0.29649,0.44121,0.08988,10.7638,0.10846,1,0.47723
23.0600,0.34777,0.11497,0.29956,0.44121,0.09010,10.7693,0.10882,1,0.47731
23.0800,0.34717,0.11562,0.30266,0.44121,0.09030,10.7746,0.10917,1,0.47739
23.1000,0.34659,0.11625,0.30577,0.44121,0.09048,10.7799,0.10951,1,0.47747
23.1200,0.34601,0.11686,0.30890,0.44121,0.09065,10.7851,0.10983,1,0.47756
23.1400,0.34545,0.11744,0.31205,0.44121,0.09081,10.7902,0.11015,1,0.47765
23.1600,0.34489,0.11801,0.31522,0.44121,0.09094,10.7951,0.11046,1,0.47774
23.1800,0.34435,0.11855,0.31840,0.44121,0.09107,10.7999,0.11075,1,0.47784
23.2000,0.34381,0.11907,0.32161,0.44121,0.09117,10.8046,0.11104,1,0.47795
23.2200,0.34329,0.11957,0.32483,0.44121,0.09126,10.8091,0.11131,1,0.47805
23.2400,0.34277,0.12004,0.32807,0.44121,0.09134,10.8134,0.11158,1,0.47816
23.2600,0.34227,0.12050,0.33133,0.44121,0.09139,10.8176,0.11183,1,0.47828
23.2800,0.34178,0.12092,0.33460,0.44121,0.09144,10.8216,0.11208,1,0.47840
23.3000,0.34130,0.12133,0.33789,0.44121,0.09146,10.8254,0.11231,1,0.47853
23.3200,0.34082,0.12171,0.34120,0.44121,0.09147,10.8291,0.11254,1,0.47866
23.3400,0.34037,0.12207,0.34453,0.44121,0.09147,10.8325,0.11276,1,0.47879
23.3600,0.33992,0.12240,0.34787,0.44121,0.09145,10.8358,0.11296,1,0.47893
23.3800,0.33948,0.12271,0.35123,0.44121,0.09141,10.8388,0.11316,1,0.47908
23.4000,0.33905,0.12299,0.35460,0.44121,0.09136,10.8416,0.11335,1,0.47923
23.4200,0.33864,0.12325,0.35799,0.44121,0.09129,10.8442,0.11353,1,0.47938
23.4400,0.33824,0.12348,0.36140,0.44121,0.09121,10.8466,0.11369,1,0.47954
23.4600,0.33785,0.12369,0.36482,0.44121,0.09111,10.8487,0.11385,1,0.47971
23.4800,0.33747,0.12387,0.36825,0.44121,0.09099,10.8505,0.11400,1,0.47988
23.5000,0.33710,0.12403,0.37170,0.44121,0.09086,10.8520,0.11415,1,0.48006
23.5200,0.33675,0.12416,0.37516,0.44121,0.09072,10.8529,0.11428,1,0.48025
23.5400,0.33640,0.12426,0.37864,0.44121,0.09055,10.8548,0.11440,1,0.48044
23.5600,0.33607,0.12433,0.38213,0.44121,0.09038,10.8575,0.11452,1,0.48063
23.5800,0.33575,0.12438,0.38563,0.44121,0.09018,10.8588,0.11462,1,0.48083
23.6000,0.33545,0.12440,0.38915,0.44121,0.08997,10.8598,0.11472,1,0.48104
23.6200,0.33515,0.12439,0.39268,0.44121,0.08975,10.8608,0.11481,1,0.48126
23.6400,0.33487,0.12435,0.39622,0.44121,0.08951,10.8617,0.11489,1,0.48148
23.6600,0.33460,0.12429,0.39977,0.44121,0.08925,10.8625,0.11497,1,0.48171
23.6800,0.33435,0.12420,0.40334,0.44121,0.08898,10.8632,0.11503,1,0.48194
23.7000,0.33410,0.12407,0.40691,0.44121,0.08869,10.8640,0.11509,1,0.48218
23.7200,0.33387,0.12392,0.41049,0.44121,0.08838,10.8647,0.11514,1,0.48243
23.7400,0.33366,0.12374,0.41409,0.44121,0.08806,10.8655,0.11518,1,0.48269
23.7600,0.33345,0.12353,0.41769,0.44121,0.08773,10.8664,0.11522,1,0.48295
23.7800,0.33326,0.12329,0.42130,0.44121,0.08738,10.8674,0.11525,1,0.48322
23.8000,0.33309,0.12302,0.42492,0.44121,0.08701,10.8686,0.11527,1,0.48349
23.8200,0.33292,0.12272,0.42855,0.44121,0.08663,10.8701,0.11528,1,0.48377
23.8400,0.33277,0.12239,0.43219,0.44121,0.08623,10.8718,0.11529,1,0.48406
23.8600,0.33264,0.12203,0.43583,0.44121,0.08582,10.8738,0.11529,1,0.48436
23.8800,0.33251,0.12163,0.43948,0.44121,0.08539,10.8762,0.11528,1,0.48466
23.9000,0.33240,0.12121,0.44313,0.44121,0.08494,10.8791,0.11527,1,0.48497
23.9200,0.33231,0.12076,0.44679,0.44121,0.08448,10.8824,0.11525,1,0.48529
23.9400,0.33223,0.12027,0.45045,0.44121,0.08401,10.8863,0.11522,1,0.48562
23.9600,0.33216,0.11975,0.45412,0.44121,0.08352,10.8908,0.11519,1,0.48595
23.9800,0.33210,0.11921,0.45779,0.44121,0.08301,10.8960,0.11515,1,0.48629
24.0000,0.33206,0.11863,0.46146,0.44121,0.08249,10.9019,0.11510,1,0.48664
24.0200,0.33204,0.11801,0.46514,0.44121,0.08195,10.9086,0.11505,1,0.48699
24.0400,0.33203,0.11737,0.46881,0.44121,0.08140,10.9161,0.11500,1,0.48735
24.0600,0.33203,0.11670,0.47248,0.44121,0.08083,10.9246,0.11493,1,0.48772
24.0800,0.33205,0.11599,0.47616,0.44121,0.08025,10.9340,0.11487,1,0.48809
24.1000,0.33208,0.11525,0.47983,0.44121,0.07965,10.9444,0.11479,1,0.48847
24.1200,0.33213,0.11448,0.48350,0.44121,0.07903,10.9559,0.11471,1,0.48886
24.1400,0.33219,0.11368,0.48716,0.44121,0.07840,10.9684,0.11463,1,0.48925
24.1600,0.33227,0.11285,0.49082,0.44121,0.07776,10.9821,0.11454,1,0.48965
24.1800,0.33236,0.11198,0.49448,0.44121,0.07710,10.9970,0.11444,1,0.49006
24.2000,0.33247,0.11109,0.49813,0.44121,0.07642,11.0130,0.11434,1,0.49047
24.2200,0.33259,0.11016,0.50177,0.44121,0.07573,11.0302,0.11423,1,0.49088
24.2400,0.33272,0.10920,0.50540,0.44121,0.07503,11.0486,0.11412,1,0.49131
24.2600,0.33287,0.10821,0.50903,0.44121,0.07431,11.0682,0.11400,1,0.49174
24.2800,0.33304,0.10719,0.51265,0.44121,0.07357,11.0890,0.11388,1,0.49217
24.3000,0.33322,0.10614,0.51625,0.44121,0.07282,11.1109,0.11375,1,0.49261
24.3200,0.33342,0.10507,0.51984,0.44121,0.07205,11.1339,0.11361,1,0.49305
24.3400,0.33363,0.10396,0.52342,0.44121,0.07127,11.1580,0.11347,1,0.49349
24.3600,0.33386,0.10282,0.52698,0.44121,0.07047,11.1831,0.11332,1,0.49394
24.3800,0.33410,0.10165,0.53053,0.44121,0.06966,11.2091,0.11316,1,0.49440
24.4000,0.33436,0.10046,0.53406,0.44121,0.06884,11.2360,0.11300,1,0.49485
24.4200,0.33464,0.09924,0.53757,0.44121,0.06800,11.2636,0.11283,1,0.49531
24.4400,0.33493,0.09799,0.54106,0.44121,0.06714,11.2918,0.11266,1,0.49578
24.4600,0.33523,0.09671,0.54452,0.44121,0.06627,11.3204,0.11247,1,0.49624
24.4800,0.33555,0.09541,0.54797,0.44121,0.06539,11.3494,0.11228,1,0.49670
24.5000,0.33588,0.09408,0.55139,0.44121,0.06448,11.3785,0.11208,1,0.49717
24.5200,0.33623,0.09273,0.55479,0.44121,0.06357,11.4075,0.11188,1,0.49764
24.5400,0.33659,0.09136,0.55816,0.44121,0.06264,11.4363,0.11166,1,0.49810
24.5600,0.33697,0.08996,0.56150,0.44121,0.06170,11.4647,0.11144,1,0.49857
24.5800,0.33736,0.08854,0.56481,0.44121,0.06074,11.4923,0.11120,1,0.49904
24.6000,0.33776,0.08710,0.56809,0.44121,0.05976,11.5191,0.11096,1,0.49950
24.6200,0.33818,0.08563,0.57134,0.44121,0.05878,11.5447,0.11071,1,0.49997
24.6400,0.33861,0.08415,0.57455,0.44121,0.05777,11.5688,0.11044,1,0.50043
24.6600,0.33905,0.08265,0.57773,0.44121,0.05676,11.5913,0.11017,1,0.50089
24.6800,0.33951,0.08114,0.58086,0.44121,0.05573,11.6118,0.10989,1,0.50135
24.7000,0.33997,0.07960,0.58396,0.44121,0.05468,11.6301,0.10959,1,0.50180
24.7200,0.34045,0.07806,0.58703,0.44121,0.05362,11.6460,0.10928,1,0.50225
24.7400,0.34094,0.07649,0.59004,0.44121,0.05254,11.6592,0.10896,1,0.50269
24.7600,0.34144,0.07492,0.59302,0.44121,0.05146,11.6694,0.10863,1,0.50314
24.7800,0.34195,0.07333,0.59595,0.44121,0.05035,11.6765,0.10829,1,0.50357
24.8000,0.34247,0.07173,0.59884,0.44121,0.04924,11.6803,0.10793,1,0.50400
24.8200,0.34300,0.07013,0.60169,0.44121,0.04811,11.6805,0.10756,1,0.50443
24.8400,0.34353,0.06851,0.60448,0.44121,0.04696,11.6772,0.10717,1,0.50484
24.8600,0.34408,0.06688,0.60723,0.44121,0.04580,11.6700,0.10677,1,0.50526
24.8800,0.34463,0.06525,0.60994,0.44121,0.04463,11.6591,0.10636,1,0.50566
24.9000,0.34518,0.06361,0.61259,0.44121,0.04344,11.6444,0.10593,1,0.50606
24.9200,0.34575,0.06197,0.61520,0.44121,0.04224,11.6258,0.10549,1,0.50645
24.9400,0.34632,0.06033,0.61776,0.44121,0.04102,11.6036,0.10503,1,0.50684
24.9600,0.34689,0.05867,0.62027,0.44121,0.03980,11.5778,0.10456,1,0.50722
24.9800,0.34747,0.05702,0.62273,0.44121,0.03855,11.5485,0.10408,1,0.50759
25.0000,0.34805,0.05537,0.62515,0.44121,0.03730,11.5161,0.10358,1,0.50795
25.0200,0.34863,0.05371,0.62752,0.44121,0.03603,11.4807,0.10307,1,0.50831
25.0400,0.34922,0.05205,0.62984,0.44121,0.03474,11.4427,0.10254,1,0.50866
25.0600,0.34982,0.05039,0.63212,0.44121,0.03345,11.4024,0.10200,1,0.50900
25.0800,0.35041,0.04873,0.63436,0.44121,0.03214,11.3602,0.10145,1,0.50934
25.1000,0.35101,0.04707,0.63655,0.44121,0.03081,11.3165,0.10088,1,0.50967
25.1200,0.35161,0.04541,0.63870,0.44121,0.02947,11.2717,0.10030,1,0.50999
25.1400,0.35222,0.04374,0.64082,0.44121,0.02812,11.2263,0.09971,1,0.51031
25.1600,0.35283,0.04208,0.64289,0.44121,0.02676,11.1807,0.09911,1,0.51062
25.1800,0.35344,0.04041,0.64494,0.44121,0.02538,11.1353,0.09849,1,0.51092
25.2000,0.35406,0.03874,0.64694,0.44121,0.02399,11.0906,0.09786,1,0.51122
25.2200,0.35468,0.03707,0.64892,0.44121,0.02259,11.0471,0.09722,1,0.51152
25.2400,0.35530,0.03539,0.65087,0.44121,0.02117,11.0050,0.09657,1,0.51181
25.2600,0.35593,0.03371,0.65279,0.44121,0.01974,10.9648,0.09591,1,0.51209
25.2800,0.35657,0.03203,0.65468,0.44121,0.01830,10.9268,0.09524,1,0.51237
25.3000,0.35721,0.03033,0.65656,0.44121,0.01684,10.8914,0.09456,1,0.51265
25.3200,0.35785,0.02864,0.65840,0.44121,0.01538,10.8587,0.09387,1,0.51292
25.3400,0.35851,0.02693,0.66023,0.44121,0.01390,10.8290,0.09317,1,0.51319
25.3600,0.35917,0.02522,0.66204,0.44121,0.01240,10.8023,0.09246,1,0.51345
25.3800,0.35984,0.02350,0.66384,0.44121,0.01090,10.7789,0.09174,1,0.51371
25.4000,0.36052,0.02177,0.66562,0.44121,0.00938,10.7586,0.09101,1,0.51397
25.4200,0.36121,0.02003,0.66738,0.44121,0.00784,10.7416,0.09027,1,0.51423
25.4400,0.36190,0.01827,0.66913,0.44121,0.00630,10.7277,0.08952,1,0.51448
25.4600,0.36261,0.01651,0.67087,0.44121,0.00474,10.7167,0.08876,1,0.51473
25.4800,0.36333,0.01474,0.67259,0.44121,0.00317,10.7085,0.08799,1,0.51498
25.5000,0.36406,0.01295,0.67430,0.44121,0.00159,10.7029,0.08721,1,0.51523
25.5200,0.36479,0.01115,0.67600,0.44121,0.00000,10.6996,0.08643,1,0.51547
25.5400,0.36554,0.00934,0.67769,0.44121,-0.00161,10.6983,0.08563,1,0.51571
25.5600,0.36630,0.00751,0.67937,0.44121,-0.00322,10.6986,0.08482,1,0.51595
25.5800,0.36707,0.00567,0.68104,0.44121,-0.00485,10.7002,0.08400,1,0.51618
25.6000,0.36785,0.00382,0.68269,0.44121,-0.00650,10.7027,0.08318,1,0.51641
25.6200,0.36864,0.00196,0.68433,0.44121,-0.00815,10.7058,0.08234,1,0.51664
25.6400,0.36944,0.00008,0.68596,0.44121,-0.00981,10.7091,0.08149,1,0.51687
25.6600,0.37025,-0.00180,0.68757,0.44121,-0.01149,10.7123,0.08063,1,0.51709
25.6800,0.37107,-0.00370,0.68917,0.44121,-0.01318,10.7151,0.07976,1,0.51731
25.7000,0.37190,-0.00561,0.69074,0.44121,-0.01488,10.7171,0.07889,1,0.51753
25.7200,0.37274,-0.00753,0.69231,0.44121,-0.01659,10.7183,0.07800,1,0.51774
25.7400,0.37358,-0.00946,0.69385,0.44121,-0.01832,10.7183,0.07710,1,0.51795
25.7600,0.37443,-0.01140,0.69538,0.44121,-0.02005,10.7171,0.07619,1,0.51815
25.7800,0.37529,-0.01335,0.69688,0.44121,-0.02180,10.7145,0.07528,1,0.51835
25.8000,0.37616,-0.01530,0.69836,0.44121,-0.02356,10.7105,0.07435,1,0.51855
25.8200,0.37703,-0.01727,0.69982,0.44121,-0.02533,10.7051,0.07341,1,0.51874
25.8400,0.37791,-0.01924,0.70126,0.44121,-0.02711,10.6984,0.07247,1,0.51893
25.8600,0.37879,-0.02121,0.70268,0.44121,-0.02890,10.6904,0.07151,1,0.51912
25.8800,0.37967,-0.02319,0.70407,0.44121,-0.03070,10.6812,0.07055,1,0.51930
25.9000,0.38056,-0.02518,0.70544,0.44121,-0.03252,10.6710,0.06958,1,0.51948
25.9200,0.38145,-0.02717,0.70678,0.44121,-0.03434,10.6599,0.06860,1,0.51965
25.9400,0.38235,-0.02916,0.70810,0.44121,-0.03618,10.6480,0.06761,1,0.51982
25.9600,0.38324,-0.03116,0.70939,0.44121,-0.03802,10.6356,0.06662,1,0.51998
25.9800,0.38414,-0.03316,0.71066,0.44121,-0.03988,10.6228,0.06562,1,0.52014
26.0000,0.38504,-0.03516,0.71190,0.44121,-0.04175,10.6097,0.06461,1,0.52029
26.0200,0.38595,-0.03716,0.71312,0.44121,-0.04362,10.5964,0.06359,1,0.52045
26.0400,0.38685,-0.03917,0.71431,0.44121,-0.04551,10.5831,0.06257,1,0.52059
26.0600,0.38776,-0.04117,0.71548,0.44121,-0.04741,10.5699,0.06154,1,0.52074
26.0800,0.38867,-0.04318,0.71663,0.44121,-0.04932,10.5569,0.06050,1,0.52088
26.1000,0.38958,-0.04519,0.71775,0.44121,-0.05124,10.5442,0.05946,1,0.52101
26.1200,0.39049,-0.04720,0.71884,0.44121,-0.05317,10.5317,0.05841,1,0.52114
26.1400,0.39140,-0.04921,0.71992,0.44121,-0.05511,10.5197,0.05735,1,0.52127
26.1600,0.39231,-0.05122,0.72097,0.44121,-0.05706,10.5080,0.05630,1,0.52139
26.1800,0.39323,-0.05323,0.72199,0.44121,-0.05902,10.4951,0.05523,1,0.52151
26.2000,0.39414,-0.05524,0.72300,0.44121,-0.06099,10.4823,0.05416,1,0.52163
26.2200,0.39506,-0.05726,0.72398,0.44121,-0.06297,10.4728,0.05309,1,0.52175
26.2400,0.39598,-0.05927,0.72494,0.44121,-0.06495,10.4643,0.05201,1,0.52186
26.2600,0.39689,-0.06128,0.72588,0.44121,-0.06695,10.4551,0.05093,1,0.52196
26.2800,0.39782,-0.06329,0.72680,0.44121,-0.06896,10.4456,0.04984,1,0.52207
26.3000,0.39874,-0.06530,0.72769,0.44121,-0.07098,10.4367,0.04875,1,0.52217
26.3200,0.39966,-0.06732,0.72857,0.44121,-0.07300,10.4283,0.04766,1,0.52227
26.3400,0.40058,-0.06933,0.72943,0.44121,-0.07504,10.4201,0.04656,1,0.52236
26.3600,0.40151,-0.07134,0.73026,0.44121,-0.07709,10.4120,0.04547,1,0.52245
26.3800,0.40243,-0.07335,0.73107,0.44121,-0.07914,10.4042,0.04436,1,0.52254
26.4000,0.40336,-0.07536,0.73187,0.44121,-0.08120,10.3966,0.04326,1,0.52263
26.4200,0.40429,-0.07737,0.73264,0.44121,-0.08328,10.3892,0.04216,1,0.52271
26.4400,0.40522,-0.07938,0.73340,0.44121,-0.08536,10.3820,0.04105,1,0.52279
26.4600,0.40615,-0.08139,0.73413,0.44121,-0.08745,10.3750,0.03995,1,0.52286
26.4800,0.40708,-0.08340,0.73485,0.44121,-0.08955,10.3681,0.03884,1,0.52294
26.5000,0.40801,-0.08541,0.73554,0.44121,-0.09165,10.3613,0.03774,1,0.52301
26.5200,0.40894,-0.08742,0.73622,0.44121,-0.09377,10.3547,0.03663,1,0.52308
26.5400,0.40988,-0.08943,0.73687,0.44121,-0.09589,10.3482,0.03553,1,0.52314
26.5600,0.41081,-0.09143,0.73751,0.44121,-0.09803,10.3417,0.03443,1,0.52320
26.5800,0.41174,-0.09344,0.73813,0.44121,-0.10017,10.3354,0.03334,1,0.52326
26.6000,0.41268,-0.09544,0.73873,0.44121,-0.10232,10.3292,0.03225,1,0.52332
26.6200,0.41361,-0.09745,0.73931,0.44121,-0.10448,10.3231,0.03116,1,0.52338
26.6400,0.41454,-0.09945,0.73987,0.44121,-0.10664,10.3171,0.03009,1,0.52343
26.6600,0.41547,-0.10145,0.74041,0.44121,-0.10882,10.3111,0.02902,1,0.52348
26.6800,0.41641,-0.10345,0.74093,0.44121,-0.11100,10.3053,0.02797,1,0.52352
26.7000,0.41734,-0.10545,0.74143,0.44121,-0.11319,10.2995,0.02692,1,0.52357
26.7200,0.41827,-0.10745,0.74192,0.44121,-0.11538,10.2938,0.02589,1,0.52361
26.7400,0.41920,-0.10944,0.74238,0.44121,-0.11759,10.2882,0.02488,1,0.52365
26.7600,0.42013,-0.11143,0.74283,0.44121,-0.11980,10.2826,0.02389,1,0.52369
26.7800,0.42106,-0.11343,0.74326,0.44121,-0.12202,10.2772,0.02293,1,0.52372
26.8000,0.42199,-0.11542,0.74367,0.44121,-0.12425,10.2718,0.02199,1,0.52375
26.8200,0.42292,-0.11740,0.74406,0.44121,-0.12648,10.2666,0.02109,1,0.52378
26.8400,0.42385,-0.11939,0.74443,0.44121,-0.12872,10.2614,0.02022,1,0.52381
26.8600,0.42477,-0.12137,0.74479,0.44121,-0.13097,10.2562,0.01940,1,0.52384
26.8800,0.42570,-0.12336,0.74512,0.44121,-0.13323,10.2512,0.01863,1,0.52386
26.9000,0.42662,-0.12533,0.74544,0.44121,-0.13549,10.2463,0.01791,1,0.52388
26.9200,0.42754,-0.12731,0.74574,0.44121,-0.13776,10.2414,0.01726,1,0.52390
26.9400,0.42846,-0.12928,0.74602,0.44121,-0.14004,10.2366,0.01669,1,0.52392
26.9600,0.42938,-0.13125,0.74629,0.44121,-0.14232,10.2320,0.01620,1,0.52393
26.9800,0.43029,-0.13322,0.74654,0.44121,-0.14461,10.2274,0.01580,1,0.52395
27.0000,0.43121,-0.13519,0.74677,0.44121,-0.14690,10.2228,0.01550,1,0.52396
27.0200,0.43212,-0.13715,0.74698,0.44121,-0.14921,10.2184,0.01531,1,0.52396
27.0400,0.43303,-0.13910,0.74718,0.44121,-0.15151,10.2141,0.01523,1,0.52397
27.0600,0.43394,-0.14106,0.74735,0.44121,-0.15383,10.2098,0.01526,1,0.52398
27.0800,0.43485,-0.14301,0.74751,0.44121,-0.15615,10.2057,0.01541,1,0.52398
27.1000,0.43575,-0.14496,0.74766,0.44121,-0.15848,10.2016,0.01567,1,0.52398
27.1200,0.43666,-0.14690,0.74779,0.44121,-0.16081,10.1976,0.01604,1,0.52398
27.1400,0.43756,-0.14884,0.74790,0.44121,-0.16315,10.1937,0.01650,1,0.52398
27.1600,0.43846,-0.15078,0.74799,0.44121,-0.16549,10.1898,0.01706,1,0.52397
27.1800,0.43935,-0.15271,0.74807,0.44121,-0.16784,10.1861,0.01770,1,0.52397
27.2000,0.44024,-0.15464,0.74813,0.44121,-0.17020,10.1824,0.01842,1,0.52396
27.2200,0.44114,-0.15656,0.74818,0.44121,-0.17256,10.1789,0.01920,1,0.52395
27.2400,0.44202,-0.15848,0.74821,0.44121,-0.17492,10.1754,0.02005,1,0.52394
27.2600,0.44291,-0.16039,0.74822,0.44121,-0.17730,10.1719,0.02095,1,0.52393
27.2800,0.44379,-0.16230,0.74822,0.44121,-0.17967,10.1686,0.02189,1,0.52391
27.3000,0.44468,-0.16421,0.74821,0.44121,-0.18205,10.1653,0.02288,1,0.52390
27.3200,0.44555,-0.16611,0.74817,0.44121,-0.18444,10.1621,0.02390,1,0.52388
27.3400,0.44643,-0.16801,0.74813,0.44121,-0.18683,10.1590,0.02496,1,0.52386
27.3600,0.44730,-0.16990,0.74806,0.44121,-0.18923,10.1560,0.02604,1,0.52384
27.3800,0.44817,-0.17178,0.74798,0.44121,-0.19163,10.1530,0.02715,1,0.52382
27.4000,0.44904,-0.17367,0.74789,0.44121,-0.19404,10.1501,0.02828,1,0.52380
27.4200,0.44990,-0.17554,0.74778,0.44121,-0.19645,10.1473,0.02943,1,0.52377
27.4400,0.45076,-0.17742,0.74766,0.44121,-0.19886,10.1445,0.03060,1,0.52375
27.4600,0.45162,-0.17928,0.74752,0.44121,-0.20128,10.1418,0.03179,1,0.52372
27.4800,0.45248,-0.18115,0.74737,0.44121,-0.20370,10.1392,0.03299,1,0.52369
27.5000,0.45333,-0.18300,0.74720,0.44121,-0.20613,10.1366,0.03420,1,0.52366
27.5200,0.45418,-0.18486,0.74702,0.44121,-0.20856,10.1341,0.03542,1,0.52363
27.5400,0.45503,-0.18670,0.74683,0.44121,-0.21100,10.1316,0.03666,1,0.52360
27.5600,0.45587,-0.18854,0.74662,0.44121,-0.21344,10.1292,0.03790,1,0.52356
27.5800,0.45671,-0.19038,0.74639,0.44121,-0.21588,10.1269,0.03915,1,0.52353
27.6000,0.45754,-0.19221,0.74616,0.44121,-0.21833,10.1246,0.04041,1,0.52349
27.6200,0.45838,-0.19404,0.74590,0.44121,-0.22078,10.1224,0.04168,1,0.52346
27.6400,0.45921,-0.19586,0.74564,0.44121,-0.22323,10.1202,0.04295,1,0.52342
27.6600,0.46003,-0.19767,0.74536,0.44121,-0.22569,10.1181,0.04423,1,0.52338
27.6800,0.46086,-0.19948,0.74507,0.44121,-0.22815,10.1160,0.04552,1,0.52334
27.7000,0.46168,-0.20129,0.74476,0.44121,-0.23061,10.1140,0.04680,1,0.52330
27.7200,0.46249,-0.20308,0.74444,0.44121,-0.23308,10.1120,0.04810,1,0.52325
27.7400,0.46331,-0.20488,0.74411,0.44121,-0.23555,10.1101,0.04939,1,0.52321
27.7600,0.46412,-0.20666,0.74377,0.44121,-0.23802,10.1082,0.05069,1,0.52317
27.7800,0.46492,-0.20845,0.74341,0.44121,-0.24050,10.1064,0.05200,1,0.52312
27.8000,0.46573,-0.21022,0.74304,0.44121,-0.24297,10.1046,0.05331,1,0.52308
27.8200,0.46653,-0.21199,0.74266,0.44121,-0.24546,10.1028,0.05461,1,0.52303
27.8400,0.46732,-0.21376,0.74226,0.44121,-0.24794,10.1011,0.05593,1,0.52298
27.8600,0.46812,-0.21551,0.74185,0.44121,-0.25042,10.0994,0.05724,1,0.52293
27.8800,0.46890,-0.21727,0.74143,0.44121,-0.25291,10.0978,0.05856,1,0.52288
27.9000,0.46969,-0.21901,0.74100,0.44121,-0.25540,10.0962,0.05987,1,0.52283
27.9200,0.47047,-0.22076,0.74055,0.44121,-0.25789,10.0946,0.06119,1,0.52278
27.9400,0.47125,-0.22249,0.74010,0.44121,-0.26039,10.0931,0.06251,1,0.52273
27.9600,0.47203,-0.22422,0.73963,0.44121,-0.26288,10.0916,0.06384,1,0.52267
27.9800,0.47280,-0.22594,0.73914,0.44121,-0.26538,10.0902,0.06516,1,0.52262
28.0000,0.47357,-0.22766,0.73865,0.44121,-0.26788,10.0888,0.06648,1,0.52256
28.0200,0.47433,-0.22937,0.73815,0.44121,-0.27038,10.0874,0.06781,1,0.52251
28.0400,0.47509,-0.23108,0.73763,0.44121,-0.27288,10.0860,0.06913,1,0.52245
28.0600,0.47585,-0.23278,0.73710,0.44121,-0.27539,10.0847,0.07045,1,0.52240
28.0800,0.47660,-0.23447,0.73656,0.44121,-0.27789,10.0834,0.07178,1,0.52234
28.1000,0.47735,-0.23616,0.73601,0.44121,-0.28040,10.0822,0.07311,1,0.52228
28.1200,0.47810,-0.23784,0.73545,0.44121,-0.28291,10.0809,0.07443,1,0.52222
28.1400,0.47884,-0.23951,0.73488,0.44121,-0.28542,10.0797,0.07576,1,0.52216
28.1600,0.47958,-0.24118,0.73429,0.44121,-0.28793,10.0786,0.07708,1,0.52210
28.1800,0.48032,-0.24284,0.73370,0.44121,-0.29044,10.0774,0.07841,1,0.52204
28.2000,0.48105,-0.24450,0.73309,0.44121,-0.29295,10.0763,0.07973,1,0.52198
28.2200,0.48178,-0.24615,0.73248,0.44121,-0.29546,10.0752,0.08105,1,0.52192
28.2400,0.48250,-0.24779,0.73185,0.44121,-0.29797,10.0742,0.08238,1,0.52185
28.2600,0.48322,-0.24943,0.73121,0.44121,-0.30048,10.0731,0.08370,1,0.52179
28.2800,0.48394,-0.25106,0.73057,0.44121,-0.30300,10.0721,0.08502,1,0.52173
28.3000,0.48465,-0.25269,0.72991,0.44121,-0.30551,10.0711,0.08634,1,0.52166
28.3200,0.48536,-0.25431,0.72924,0.44121,-0.30802,10.0702,0.08766,1,0.52160
28.3400,0.48607,-0.25592,0.72856,0.44121,-0.31054,10.0692,0.08898,1,0.52153
28.3600,0.48677,-0.25752,0.72787,0.44121,-0.31305,10.0683,0.09030,1,0.52147
28.3800,0.48747,-0.25912,0.72717,0.44121,-0.31556,10.0674,0.09161,1,0.52140
28.4000,0.48817,-0.26071,0.72646,0.44121,-0.31807,10.0665,0.09293,1,0.52133
28.4200,0.48886,-0.26230,0.72574,0.44121,-0.32059,10.0657,0.09424,1,0.52127
28.4400,0.48955,-0.26388,0.72502,0.44121,-0.32310,10.0649,0.09556,1,0.52120
28.4600,0.49024,-0.26545,0.72428,0.44121,-0.32561,10.0640,0.09687,1,0.52113
28.4800,0.49092,-0.26702,0.72353,0.44121,-0.32812,10.0633,0.09818,1,0.52106
28.5000,0.49160,-0.26858,0.72277,0.44121,-0.33063,10.0625,0.09948,1,0.52099
28.5200,0.49227,-0.27014,0.72201,0.44121,-0.33314,10.0617,0.10079,1,0.52092
28.5400,0.49294,-0.27168,0.72123,0.44121,-0.33565,10.0610,0.10210,1,0.52085
28.5600,0.49361,-0.27322,0.72045,0.44121,-0.33815,10.0603,0.10340,1,0.52078
28.5800,0.49427,-0.27476,0.71965,0.44121,-0.34066,10.0596,0.10470,1,0.52071
28.6000,0.49493,-0.27629,0.71885,0.44121,-0.34317,10.0589,0.10600,1,0.52064
28.6200,0.49559,-0.27781,0.71804,0.44121,-0.34567,10.0582,0.10729,1,0.52057
28.6400,0.49624,-0.27932,0.71722,0.44121,-0.34817,10.0575,0.10859,1,0.52050
28.6600,0.49689,-0.28083,0.71639,0.44121,-0.35067,10.0569,0.10988,1,0.52043
28.6800,0.49753,-0.28233,0.71555,0.44121,-0.35317,10.0563,0.11117,1,0.52035
28.7000,0.49817,-0.28383,0.71470,0.44121,-0.35567,10.0559,0.11246,1,0.52028
28.7200,0.49881,-0.28532,0.71385,0.44121,-0.35816,10.0554,0.11375,1,0.52021
28.7400,0.49945,-0.28680,0.71298,0.44121,-0.36065,10.0548,0.11503,1,0.52014
28.7600,0.50008,-0.28827,0.71211,0.44121,-0.36314,10.0543,0.11631,1,0.52006
28.7800,0.50071,-0.28974,0.71123,0.44121,-0.36563,10.0537,0.11759,1,0.51999
28.8000,0.50133,-0.29120,0.71034,0.44121,-0.36812,10.0532,0.11887,1,0.51991
28.8200,0.50195,-0.29266,0.70944,0.44121,-0.37060,10.0527,0.12014,1,0.51984
28.8400,0.50257,-0.29411,0.70853,0.44121,-0.37308,10.0522,0.12141,1,0.51977
28.8600,0.50318,-0.29555,0.70762,0.44121,-0.37556,10.0518,0.12268,1,0.51969
28.8800,0.50379,-0.29698,0.70670,0.44121,-0.37804,10.0513,0.12395,1,0.51962
28.9000,0.50440,-0.29841,0.70577,0.44121,-0.38051,10.0509,0.12521,1,0.51954
28.9200,0.50500,-0.29983,0.70483,0.44121,-0.38298,10.0504,0.12647,1,0.51947
28.9400,0.50560,-0.30125,0.70388,0.44121,-0.38545,10.0500,0.12773,1,0.51939
28.9600,0.50620,-0.30266,0.70293,0.44121,-0.38792,10.0496,0.12899,1,0.51931
28.9800,0.50679,-0.30406,0.70197,0.44121,-0.39038,10.0492,0.13024,1,0.51924
29.0000,0.50738,-0.30545,0.70100,0.44121,-0.39284,10.0488,0.13149,1,0.51916
29.0200,0.50797,-0.30684,0.70002,0.44121,-0.39529,10.0484,0.13274,1,0.51908
29.0400,0.50855,-0.30822,0.69904,0.44121,-0.39774,10.0480,0.13398,1,0.51901
29.0600,0.50913,-0.30960,0.69805,0.44121,-0.40019,10.0477,0.13522,1,0.51893
29.0800,0.50970,-0.31097,0.69705,0.44121,-0.40264,10.0473,0.13646,1,0.51885
29.1000,0.51027,-0.31233,0.69604,0.44121,-0.40508,10.0470,0.13769,1,0.51878
29.1200,0.51084,-0.31368,0.69503,0.44121,-0.40751,10.0467,0.13893,1,0.51870
29.1400,0.51141,-0.31503,0.69401,0.44121,-0.40995,10.0463,0.14015,1,0.51862
29.1600,0.51197,-0.31637,0.69298,0.44121,-0.41238,10.0460,0.14138,1,0.51855
29.1800,0.51253,-0.31770,0.69195,0.44121,-0.41480,10.0457,0.14260,1,0.51847
29.2000,0.51308,-0.31903,0.69091,0.44121,-0.41722,10.0454,0.14382,1,0.51839
29.2200,0.51364,-0.32035,0.68986,0.44121,-0.41964,10.0451,0.14504,1,0.51831
29.2400,0.51419,-0.32167,0.68880,0.44121,-0.42205,10.0448,0.14625,1,0.51823
29.2600,0.51473,-0.32297,0.68774,0.44121,-0.42446,10.0446,0.14746,1,0.51816
29.2800,0.51527,-0.32427,0.68667,0.44121,-0.42686,10.0443,0.14866,1,0.51808
29.3000,0.51581,-0.32557,0.68560,0.44121,-0.42926,10.0440,0.14986,1,0.51800
29.3200,0.51635,-0.32685,0.68451,0.44121,-0.43165,10.0438,0.15106,1,0.51792
29.3400,0.51688,-0.32813,0.68343,0.44121,-0.43404,10.0435,0.15225,1,0.51784
29.3600,0.51741,-0.32941,0.68233,0.44121,-0.43643,10.0433,0.15345,1,0.51776
29.3800,0.51793,-0.33067,0.68123,0.44121,-0.43881,10.0431,0.15463,1,0.51768
29.4000,0.51846,-0.33193,0.68012,0.44121,-0.44118,10.0429,0.15582,1,0.51761
29.4200,0.51898,-0.33319,0.67901,0.44121,-0.44355,10.0426,0.15700,1,0.51753
29.4400,0.51949,-0.33443,0.67789,0.44121,-0.44591,10.0424,0.15817,1,0.51745
29.4600,0.52001,-0.33567,0.67676,0.44121,-0.44827,10.0422,0.15935,1,0.51737
29.4800,0.52052,-0.33691,0.67563,0.44121,-0.45062,10.0420,0.16051,1,0.51729
29.5000,0.52102,-0.33813,0.67449,0.44121,-0.45297,10.0418,0.16168,1,0.51721
29.5200,0.52153,-0.33935,0.67335,0.44121,-0.45531,10.0416,0.16284,1,0.51713
29.5400,0.52203,-0.34056,0.67220,0.44121,-0.45764,10.0415,0.16400,1,0.51705
29.5600,0.52252,-0.34177,0.67104,0.44121,-0.45997,10.0413,0.16515,1,0.51697
29.5800,0.52302,-0.34297,0.66988,0.44121,-0.46230,10.0411,0.16630,1,0.51689
29.6000,0.52351,-0.34416,0.66871,0.44121,-0.46461,10.0410,0.16745,1,0.51681
29.6200,0.52399,-0.34534,0.66753,0.44121,-0.46692,10.0408,0.16859,1,0.51674
29.6400,0.52448,-0.34652,0.66635,0.44121,-0.46923,10.0406,0.16973,1,0.51666
29.6600,0.52496,-0.34769,0.66517,0.44121,-0.47153,10.0405,0.17086,1,0.51658
29.6800,0.52544,-0.34886,0.66398,0.44121,-0.47382,10.0404,0.17199,1,0.51650
29.7000,0.52591,-0.35002,0.66278,0.44121,-0.47610,10.0402,0.17311,1,0.51642
29.7200,0.52639,-0.35117,0.66158,0.44121,-0.47838,10.0401,0.17424,1,0.51634
29.7400,0.52686,-0.35231,0.66037,0.44121,-0.48065,10.0400,0.17535,1,0.51626
29.7600,0.52732,-0.35345,0.65916,0.44121,-0.48292,10.0398,0.17647,1,0.51618
29.7800,0.52778,-0.35458,0.65794,0.44121,-0.48518,10.0397,0.17758,1,0.51610
29.8000,0.52824,-0.35570,0.65672,0.44121,-0.48743,10.0396,0.17868,1,0.51602
29.8200,0.52870,-0.35682,0.65549,0.44121,-0.48967,10.0395,0.17978,1,0.51594
29.8400,0.52916,-0.35793,0.65426,0.44121,-0.49191,10.0394,0.18088,1,0.51586
29.8600,0.52961,-0.35903,0.65302,0.44121,-0.49414,10.0393,0.18197,1,0.51578
29.8800,0.53005,-0.36013,0.65177,0.44121,-0.49636,10.0392,0.18305,1,0.51571
29.9000,0.53050,-0.36122,0.65052,0.44121,-0.49858,10.0391,0.18414,1,0.51563
29.9200,0.53094,-0.36230,0.64927,0.44121,-0.50079,10.0390,0.18522,1,0.51555
29.9400,0.53138,-0.36338,0.64801,0.44121,-0.50299,10.0389,0.18629,1,0.51547
29.9600,0.53182,-0.36445,0.64675,0.44121,-0.50518,10.0388,0.18736,1,0.51539
29.9800,0.53225,-0.36551,0.64548,0.44121,-0.50736,10.0387,0.18843,1,0.51531
30.0000,0.53268,-0.36656,0.64420,0.44121,-0.50954,10.0387,0.18949,1,0.51523
30.0200,0.53311,-0.36761,0.64293,0.44121,-0.51171,10.0386,0.19054,1,0.51515
30.0400,0.53353,-0.36865,0.64164,0.44121,-0.51387,10.0385,0.19159,1,0.51507
30.0600,0.53395,-0.36969,0.64035,0.44121,-0.51602,10.0385,0.19264,1,0.51500
30.0800,0.53437,-0.37072,0.63906,0.44121,-0.51817,10.0384,0.19368,1,0.51492
30.1000,0.53479,-0.37174,0.63776,0.44121,-0.52030,10.0383,0.19472,1,0.51484
30.1200,0.53520,-0.37275,0.63646,0.44121,-0.52243,10.0383,0.19576,1,0.51476
30.1400,0.53561,-0.37376,0.63516,0.44121,-0.52455,10.0382,0.19678,1,0.51468
30.1600,0.53602,-0.37476,0.63385,0.44121,-0.52666,10.0382,0.19781,1,0.51460
30.1800,0.53643,-0.37576,0.63253,0.44121,-0.52876,10.0381,0.19883,1,0.51452
30.2000,0.53683,-0.37674,0.63121,0.44121,-0.53086,10.0381,0.19984,1,0.51445
30.2200,0.53723,-0.37773,0.62989,0.44121,-0.53294,10.0380,0.20085,1,0.51437
30.2400,0.53762,-0.37870,0.62856,0.44121,-0.53502,10.0380,0.20186,1,0.51429
30.2600,0.53802,-0.37967,0.62723,0.44121,-0.53709,10.0379,0.20286,1,0.51421
30.2800,0.53841,-0.38063,0.62589,0.44121,-0.53914,10.0379,0.20385,1,0.51413
30.3000,0.53879,-0.38158,0.62455,0.44121,-0.54119,10.0379,0.20484,1,0.51406
30.3200,0.53918,-0.38253,0.62321,0.44121,-0.54323,10.0378,0.20583,1,0.51398
30.3400,0.53956,-0.38347,0.62186,0.44121,-0.54526,10.0378,0.20681,1,0.51390
30.3600,0.53994,-0.38440,0.62050,0.44121,-0.54728,10.0378,0.20779,1,0.51382
30.3800,0.54032,-0.38533,0.61915,0.44121,-0.54930,10.0377,0.20876,1,0.51375
30.4000,0.54069,-0.38625,0.61779,0.44121,-0.55130,10.0377,0.20972,1,0.51367
30.4200,0.54107,-0.38716,0.61642,0.44121,-0.55329,10.0377,0.21069,1,0.51359
30.4400,0.54143,-0.38806,0.61505,0.44121,-0.55527,10.0377,0.21164,1,0.51351
30.4600,0.54180,-0.38896,0.61368,0.44121,-0.55725,10.0377,0.21259,1,0.51344
30.4800,0.54216,-0.38986,0.61230,0.44121,-0.55921,10.0376,0.21354,1,0.51336
30.5000,0.54253,-0.39074,0.61092,0.44121,-0.56116,10.0376,0.21448,1,0.51328
30.5200,0.54288,-0.39162,0.60954,0.44121,-0.56311,10.0376,0.21542,1,0.51321
30.5400,0.54324,-0.39249,0.60815,0.44121,-0.56504,10.0376,0.21635,1,0.51313
30.5600,0.54359,-0.39336,0.60676,0.44121,-0.56696,10.0376,0.21727,1,0.51305
30.5800,0.54394,-0.39422,0.60537,0.44121,-0.56888,10.0376,0.21820,1,0.51298
30.6000,0.54429,-0.39507,0.60397,0.44121,-0.57078,10.0376,0.21911,1,0.51290
30.6200,0.54464,-0.39591,0.60257,0.44121,-0.57267,10.0376,0.22002,1,0.51283
30.6400,0.54498,-0.39675,0.60116,0.44121,-0.57455,10.0376,0.22093,1,0.51275
30.6600,0.54532,-0.39758,0.59975,0.44121,-0.57643,10.0376,0.22183,1,0.51267
30.6800,0.54566,-0.39841,0.59834,0.44121,-0.57829,10.0376,0.22272,1,0.51260
30.7000,0.54599,-0.39922,0.59693,0.44121,-0.58014,10.0376,0.22361,1,0.51252
30.7200,0.54632,-0.40003,0.59551,0.44121,-0.58198,10.0376,0.22450,1,0.51245
30.7400,0.54665,-0.40084,0.59409,0.44121,-0.58381,10.0376,0.22538,1,0.51237
30.7600,0.54698,-0.40164,0.59266,0.44121,-0.58562,10.0376,0.22625,1,0.51230
30.7800,0.54731,-0.40243,0.59123,0.44121,-0.58743,10.0376,0.22712,1,0.51222
30.8000,0.54763,-0.40321,0.58980,0.44121,-0.58923,10.0376,0.22799,1,0.51215
30.8200,0.54795,-0.40399,0.58836,0.44121,-0.59101,10.0376,0.22885,1,0.51207
30.8400,0.54827,-0.40476,0.58693,0.44121,-0.59279,10.0376,0.22970,1,0.51200
30.8600,0.54858,-0.40552,0.58549,0.44121,-0.59455,10.0376,0.23055,1,0.51192
30.8800,0.54889,-0.40628,0.58404,0.44121,-0.59630,10.0376,0.23139,1,0.51185
30.9000,0.54920,-0.40703,0.58259,0.44121,-0.59804,10.0376,0.23223,1,0.51177
30.9200,0.54951,-0.40777,0.58114,0.44121,-0.59977,10.0376,0.23306,1,0.51170
30.9400,0.54982,-0.40851,0.57969,0.44121,-0.60149,10.0376,0.23388,1,0.51162
30.9600,0.55012,-0.40924,0.57823,0.44121,-0.60319,10.0377,0.23471,1,0.51155
30.9800,0.55042,-0.40996,0.57677,0.44121,-0.60488,10.0377,0.23552,1,0.51148
31.0000,0.55072,-0.41068,0.57531,0.44121,-0.60657,10.0377,0.23633,1,0.51140
31.0200,0.55101,-0.41139,0.57385,0.44121,-0.60824,10.0377,0.23714,1,0.51133
31.0400,0.55130,-0.41209,0.57238,0.44121,-0.60990,10.0377,0.23794,1,0.51126
31.0600,0.55160,-0.41279,0.57091,0.44121,-0.61154,10.0377,0.23873,1,0.51118
31.0800,0.55188,-0.41348,0.56944,0.44121,-0.61318,10.0378,0.23952,1,0.51111
31.1000,0.55217,-0.41416,0.56796,0.44121,-0.61480,10.0378,0.24030,1,0.51104
31.1200,0.55245,-0.41484,0.56648,0.44121,-0.61641,10.0378,0.24108,1,0.51096
31.1400,0.55273,-0.41550,0.56500,0.44121,-0.61801,10.0378,0.24185,1,0.51089
31.1600,0.55301,-0.41617,0.56352,0.44121,-0.61959,10.0378,0.24262,1,0.51082
31.1800,0.55329,-0.41682,0.56203,0.44121,-0.62117,10.0379,0.24338,1,0.51075
31.2000,0.55356,-0.41747,0.56055,0.44121,-0.62273,10.0379,0.24413,1,0.51067
31.2200,0.55383,-0.41811,0.55905,0.44121,-0.62428,10.0379,0.24488,1,0.51060
31.2400,0.55410,-0.41875,0.55756,0.44121,-0.62582,10.0379,0.24562,1,0.51053
31.2600,0.55437,-0.41938,0.55606,0.44121,-0.62734,10.0380,0.24636,1,0.51046
31.2800,0.55464,-0.42000,0.55457,0.44121,-0.62885,10.0380,0.24709,1,0.51039
31.3000,0.55490,-0.42062,0.55307,0.44121,-0.63035,10.0380,0.24782,1,0.51032
31.3200,0.55516,-0.42122,0.55156,0.44121,-0.63184,10.0380,0.24854,1,0.51024
31.3400,0.55542,-0.42183,0.55006,0.44121,-0.63331,10.0381,0.24926,1,0.51017
31.3600,0.55567,-0.42242,0.54855,0.44121,-0.63477,10.0381,0.24997,1,0.51010
31.3800,0.55592,-0.42301,0.54704,0.44121,-0.63622,10.0381,0.25067,1,0.51003
31.4000,0.55617,-0.42359,0.54553,0.44121,-0.63765,10.0381,0.25137,1,0.50996
31.4200,0.55642,-0.42417,0.54401,0.44121,-0.63907,10.0382,0.25206,1,0.50989
31.4400,0.55667,-0.42474,0.54250,0.44121,-0.64048,10.0382,0.25275,1,0.50982
31.4600,0.55691,-0.42530,0.54098,0.44121,-0.64188,10.0382,0.25343,1,0.50975
31.4800,0.55716,-0.42585,0.53946,0.44121,-0.64326,10.0383,0.25411,1,0.50968
31.5000,0.55740,-0.42640,0.53794,0.44121,-0.64463,10.0383,0.25478,1,0.50961
31.5200,0.55763,-0.42694,0.53641,0.44121,-0.64599,10.0383,0.25544,1,0.50954
31.5400,0.55787,-0.42748,0.53489,0.44121,-0.64733,10.0383,0.25610,1,0.50947
31.5600,0.55810,-0.42801,0.53336,0.44121,-0.64866,10.0384,0.25675,1,0.50940
31.5800,0.55833,-0.42853,0.53183,0.44121,-0.64997,10.0384,0.25740,1,0.50933
31.6000,0.55856,-0.42904,0.53030,0.44121,-0.65128,10.0384,0.25804,1,0.50926
31.6200,0.55879,-0.42955,0.52876,0.44121,-0.65257,10.0385,0.25867,1,0.50919
31.6400,0.55901,-0.43005,0.52723,0.44121,-0.65384,10.0385,0.25930,1,0.50912
31.6600,0.55923,-0.43055,0.52569,0.44121,-0.65510,10.0385,0.25993,1,0.50906
31.6800,0.55945,-0.43104,0.52415,0.44121,-0.65635,10.0386,0.26054,1,0.50899
31.7000,0.55967,-0.43152,0.52261,0.44121,-0.65759,10.0386,0.26116,1,0.50892
31.7200,0.55989,-0.43199,0.52107,0.44121,-0.65881,10.0386,0.26176,1,0.50885
31.7400,0.56010,-0.43246,0.51952,0.44121,-0.66001,10.0387,0.26236,1,0.50878
31.7600,0.56031,-0.43292,0.51797,0.44121,-0.66120,10.0387,0.26296,1,0.50872
31.7800,0.56052,-0.43338,0.51643,0.44121,-0.66238,10.0387,0.26354,1,0.50865
31.8000,0.56073,-0.43383,0.51488,0.44121,-0.66355,10.0388,0.26413,1,0.50858
31.8200,0.56093,-0.43427,0.51333,0.44121,-0.66470,10.0388,0.26470,1,0.50851
31.8400,0.56114,-0.43470,0.51177,0.44121,-0.66584,10.0388,0.26527,1,0.50845
31.8600,0.56134,-0.43513,0.51022,0.44121,-0.66696,10.0389,0.26584,1,0.50838
31.8800,0.56154,-0.43555,0.50866,0.44121,-0.66807,10.0389,0.26640,1,0.50831
31.9000,0.56173,-0.43597,0.50711,0.44121,-0.66916,10.0389,0.26695,1,0.50824
31.9200,0.56193,-0.43638,0.50555,0.44121,-0.67024,10.0390,0.26749,1,0.50818
31.9400,0.56212,-0.43678,0.50399,0.44121,-0.67131,10.0390,0.26804,1,0.50811
31.9600,0.56231,-0.43717,0.50243,0.44121,-0.67236,10.0390,0.26857,1,0.50805
31.9800,0.56250,-0.43756,0.50086,0.44121,-0.67340,10.0391,0.26910,1,0.50798
32.0000,0.56268,-0.43794,0.49930,0.44121,-0.67442,10.0391,0.26962,1,0.50791
32.0200,0.56287,-0.43832,0.49774,0.44121,-0.67543,10.0391,0.27014,1,0.50785
32.0400,0.56305,-0.43869,0.49617,0.44121,-0.67642,10.0392,0.27065,1,0.50778
32.0600,0.56323,-0.43905,0.49460,0.44121,-0.67740,10.0392,0.27115,1,0.50772
32.0800,0.56341,-0.43941,0.49303,0.44121,-0.67837,10.0392,0.27165,1,0.50765
32.1000,0.56358,-0.43975,0.49146,0.44121,-0.67932,10.0393,0.27214,1,0.50759
32.1200,0.56376,-0.44010,0.48989,0.44121,-0.68025,10.0393,0.27263,1,0.50752
32.1400,0.56393,-0.44043,0.48832,0.44121,-0.68117,10.0394,0.27311,1,0.50746
32.1600,0.56410,-0.44076,0.48675,0.44121,-0.68208,10.0394,0.27358,1,0.50739
32.1800,0.56426,-0.44108,0.48517,0.44121,-0.68297,10.0394,0.27405,1,0.50733
32.2000,0.56443,-0.44140,0.48360,0.44121,-0.68385,10.0395,0.27451,1,0.50726
32.2200,0.56459,-0.44171,0.48202,0.44121,-0.68471,10.0395,0.27497,1,0.50720
32.2400,0.56475,-0.44201,0.48044,0.44121,-0.68555,10.0395,0.27542,1,0.50713
32.2600,0.56491,-0.44231,0.47886,0.44121,-0.68639,10.0396,0.27586,1,0.50707
32.2800,0.56507,-0.44260,0.47728,0.44121,-0.68720,10.0396,0.27630,1,0.50701
32.3000,0.56523,-0.44288,0.47570,0.44121,-0.68801,10.0396,0.27673,1,0.50694
32.3200,0.56538,-0.44315,0.47412,0.44121,-0.68879,10.0397,0.27716,1,0.50688
32.3400,0.56553,-0.44342,0.47254,0.44121,-0.68956,10.0397,0.27758,1,0.50682
32.3600,0.56568,-0.44369,0.47096,0.44121,-0.69032,10.0397,0.27799,1,0.50675
32.3800,0.56583,-0.44394,0.46937,0.44121,-0.69106,10.0398,0.27840,1,0.50669
32.4000,0.56597,-0.44419,0.46779,0.44121,-0.69179,10.0398,0.27880,1,0.50663
32.4200,0.56612,-0.44444,0.46620,0.44121,-0.69250,10.0398,0.27920,1,0.50656
32.4400,0.56626,-0.44467,0.46462,0.44121,-0.69320,10.0399,0.27959,1,0.50650
32.4600,0.56640,-0.44490,0.46303,0.44121,-0.69388,10.0399,0.27997,1,0.50644
32.4800,0.56654,-0.44513,0.46145,0.44121,-0.69455,10.0399,0.28034,1,0.50638
32.5000,0.56667,-0.44534,0.45986,0.44121,-0.69520,10.0400,0.28072,1,0.50631
32.5200,0.56681,-0.44555,0.45827,0.44121,-0.69583,10.0400,0.28108,1,0.50625
32.5400,0.56694,-0.44576,0.45668,0.44121,-0.69645,10.0401,0.28144,1,0.50619
32.5600,0.56707,-0.44595,0.45509,0.44121,-0.69706,10.0401,0.28179,1,0.50613
32.5800,0.56720,-0.44614,0.45350,0.44121,-0.69765,10.0401,0.28214,1,0.50607
32.6000,0.56732,-0.44633,0.45191,0.44121,-0.69822,10.0402,0.28247,1,0.50601
32.6200,0.56745,-0.44651,0.45032,0.44121,-0.69878,10.0402,0.28281,1,0.50595
32.6400,0.56757,-0.44668,0.44873,0.44121,-0.69933,10.0402,0.28314,1,0.50588
32.6600,0.56769,-0.44684,0.44714,0.44121,-0.69985,10.0403,0.28346,1,0.50582
32.6800,0.56781,-0.44700,0.44554,0.44121,-0.70037,10.0403,0.28377,1,0.50576
32.7000,0.56792,-0.44715,0.44395,0.44121,-0.70086,10.0403,0.28408,1,0.50570
32.7200,0.56804,-0.44730,0.44236,0.44121,-0.70135,10.0404,0.28438,1,0.50564
32.7400,0.56815,-0.44743,0.44076,0.44121,-0.70181,10.0404,0.28468,1,0.50558
32.7600,0.56826,-0.44757,0.43917,0.44121,-0.70226,10.0404,0.28497,1,0.50552
32.7800,0.56837,-0.44769,0.43758,0.44121,-0.70270,10.0405,0.28525,1,0.50546
32.8000,0.56848,-0.44781,0.43598,0.44121,-0.70312,10.0405,0.28553,1,0.50540
32.8200,0.56858,-0.44792,0.43439,0.44121,-0.70352,10.0405,0.28580,1,0.50534
32.8400,0.56868,-0.44803,0.43279,0.44121,-0.70391,10.0406,0.28607,1,0.50528
32.8600,0.56879,-0.44813,0.43120,0.44121,-0.70428,10.0406,0.28632,1,0.50522
32.8800,0.56888,-0.44822,0.42960,0.44121,-0.70464,10.0406,0.28658,1,0.50517
32.9000,0.56898,-0.44831,0.42801,0.44121,-0.70498,10.0407,0.28682,1,0.50511
32.9200,0.56908,-0.44839,0.42641,0.44121,-0.70531,10.0407,0.28706,1,0.50505
32.9400,0.56917,-0.44846,0.42482,0.44121,-0.70562,10.0407,0.28730,1,0.50499
32.9600,0.56926,-0.44853,0.42322,0.44121,-0.70591,10.0408,0.28753,1,0.50493
32.9800,0.56935,-0.44859,0.42163,0.44121,-0.70619,10.0408,0.28775,1,0.50487
33.0000,0.56944,-0.44864,0.42003,0.44121,-0.70646,10.0408,0.28796,1,0.50481
33.0200,0.56953,-0.44869,0.41844,0.44121,-0.70670,10.0409,0.28817,1,0.50476
33.0400,0.56961,-0.44873,0.41684,0.44121,-0.70693,10.0409,0.28837,1,0.50470
