time,ee_x,ee_y,ee_z,tgt_x,tgt_y,tension_N,pos_error_m,cable_taut,cable_dist_m
3.3400,0.43921,0.09215,0.39404,0.44121,0.09147,0.4993,0.01063,0,0.37242
3.3600,0.43552,0.09318,0.40765,0.44121,0.09146,0.9970,0.02353,0,0.37628
3.3800,0.43063,0.09433,0.42035,0.44121,0.09144,1.4478,0.03592,0,0.38176
3.4000,0.42460,0.09560,0.43206,0.44121,0.09142,1.8576,0.04784,0,0.38871
3.4200,0.41744,0.09698,0.44273,0.44121,0.09138,2.2259,0.05934,0,0.39696
3.4400,0.40921,0.09846,0.45235,0.44121,0.09134,2.5512,0.07053,0,0.40639
3.4600,0.39994,0.10006,0.46094,0.44121,0.09129,2.8327,0.08154,0,0.41686
3.4800,0.38973,0.10176,0.46851,0.44121,0.09123,3.0714,0.09248,0,0.42822
3.5000,0.37866,0.10356,0.47514,0.44121,0.09117,3.2693,0.10345,0,0.44033
3.5200,0.36685,0.10544,0.48087,0.44121,0.09110,3.4294,0.11455,0,0.45308
3.5400,0.35439,0.10738,0.48579,0.44121,0.09101,3.5551,0.12584,0,0.46633
3.5600,0.34140,0.10937,0.48995,0.44121,0.09093,3.6498,0.13734,1,0.47997
3.5800,0.32812,0.11136,0.49342,0.44121,0.09083,151.1538,0.14895,1,0.49376
3.6000,0.32539,0.11132,0.49531,0.44121,0.09072,49.0611,0.15144,1,0.49672
3.6200,0.32725,0.11114,0.49727,0.44121,0.09061,19.4018,0.15047,1,0.49528
3.6400,0.32811,0.11174,0.49966,0.44121,0.09049,17.7954,0.15064,1,0.49507
3.6600,0.32824,0.11274,0.50202,0.44121,0.09036,21.4318,0.15143,1,0.49566
3.6800,0.32839,0.11383,0.50413,0.44121,0.09023,20.5601,0.15206,1,0.49620
3.7000,0.32863,0.11493,0.50591,0.44121,0.09008,19.0038,0.15243,1,0.49660
3.7200,0.32885,0.11601,0.50732,0.44121,0.08993,18.4565,0.15259,1,0.49695
3.7400,0.32903,0.11705,0.50833,0.44121,0.08977,17.8910,0.15251,1,0.49725
3.7600,0.32917,0.11803,0.50893,0.44121,0.08960,17.3408,0.15220,1,0.49747
3.7800,0.32926,0.11892,0.50912,0.44121,0.08943,16.8585,0.15165,1,0.49764
3.8000,0.32929,0.11973,0.50890,0.44121,0.08924,16.4014,0.15088,1,0.49775
3.8200,0.32928,0.12044,0.50830,0.44121,0.08905,15.9596,0.14990,1,0.49781
3.8400,0.32921,0.12106,0.50732,0.44121,0.08885,15.5321,0.14874,1,0.49781
3.8600,0.32910,0.12160,0.50600,0.44121,0.08865,15.1164,0.14741,1,0.49776
3.8800,0.32894,0.12204,0.50436,0.44121,0.08843,14.7122,0.14594,1,0.49767
3.9000,0.32875,0.12240,0.50243,0.44121,0.08821,14.3200,0.14437,1,0.49754
3.9200,0.32852,0.12267,0.50024,0.44121,0.08798,13.9409,0.14271,1,0.49738
3.9400,0.32828,0.12287,0.49783,0.44121,0.08774,13.5761,0.14099,1,0.49718
3.9600,0.32801,0.12300,0.49522,0.44121,0.08750,13.2267,0.13925,1,0.49696
3.9800,0.32773,0.12306,0.49245,0.44121,0.08724,12.8938,0.13751,1,0.49672
4.0000,0.32745,0.12306,0.48955,0.44121,0.08698,12.5784,0.13579,1,0.49645
4.0200,0.32717,0.12301,0.48655,0.44121,0.08671,12.2814,0.13412,1,0.49618
4.0400,0.32689,0.12290,0.48348,0.44121,0.08644,12.0032,0.13252,1,0.49589
4.0600,0.32662,0.12275,0.48036,0.44121,0.08615,11.7444,0.13101,1,0.49559
4.0800,0.32637,0.12256,0.47723,0.44121,0.08586,11.5051,0.12961,1,0.49529
4.1000,0.32612,0.12234,0.47410,0.44121,0.08556,11.2853,0.12831,1,0.49499
4.1200,0.32590,0.12208,0.47100,0.44121,0.08525,11.0845,0.12714,1,0.49469
4.1400,0.32568,0.12179,0.46795,0.44121,0.08494,10.9024,0.12611,1,0.49439
4.1600,0.32549,0.12148,0.46497,0.44121,0.08462,10.7381,0.12520,1,0.49410
4.1800,0.32531,0.12115,0.46208,0.44121,0.08429,10.5909,0.12443,1,0.49382
4.2000,0.32515,0.12079,0.45929,0.44121,0.08395,10.4596,0.12379,1,0.49354
4.2200,0.32501,0.12043,0.45662,0.44121,0.08360,10.3431,0.12328,1,0.49328
4.2400,0.32488,0.12004,0.45408,0.44121,0.08325,10.2402,0.12289,1,0.49302
4.2600,0.32476,0.11965,0.45169,0.44121,0.08289,10.1496,0.12261,1,0.49278
4.2800,0.32466,0.11924,0.44945,0.44121,0.08252,10.0700,0.12244,1,0.49256
4.3000,0.32457,0.11883,0.44738,0.44121,0.08215,10.0002,0.12235,1,0.49234
4.3200,0.32448,0.11840,0.44547,0.44121,0.08176,9.9390,0.12235,1,0.49215
4.3400,0.32440,0.11797,0.44375,0.44121,0.08137,9.8852,0.12242,1,0.49196
4.3600,0.32433,0.11754,0.44220,0.44121,0.08097,9.8378,0.12255,1,0.49179
4.3800,0.32425,0.11709,0.44085,0.44121,0.08057,9.7959,0.12272,1,0.49164
4.4000,0.32419,0.11664,0.43968,0.44121,0.08016,9.7585,0.12293,1,0.49151
4.4200,0.32412,0.11618,0.43871,0.44121,0.07974,9.7251,0.12317,1,0.49139
4.4400,0.32405,0.11572,0.43794,0.44121,0.07931,9.6949,0.12342,1,0.49129
4.4600,0.32398,0.11525,0.43736,0.44121,0.07887,9.6674,0.12368,1,0.49120
4.4800,0.32390,0.11478,0.43697,0.44121,0.07843,9.6422,0.12394,1,0.49113
4.5000,0.32383,0.11430,0.43679,0.44121,0.07798,9.6190,0.12419,1,0.49108
4.5200,0.32375,0.11381,0.43679,0.44121,0.07752,9.5976,0.12443,1,0.49104
4.5400,0.32367,0.11332,0.43699,0.44121,0.07706,9.5778,0.12466,1,0.49102
4.5600,0.32358,0.11282,0.43738,0.44121,0.07659,9.5596,0.12486,1,0.49102
4.5800,0.32349,0.11231,0.43795,0.44121,0.07611,9.5430,0.12503,1,0.49103
4.6000,0.32340,0.11179,0.43870,0.44121,0.07562,9.5280,0.12518,1,0.49106
4.6200,0.32330,0.11127,0.43963,0.44121,0.07513,9.5149,0.12530,1,0.49111
4.6400,0.32321,0.11073,0.44073,0.44121,0.07462,9.5037,0.12539,1,0.49117
4.6600,0.32311,0.11019,0.44200,0.44121,0.07412,9.4948,0.12545,1,0.49125
4.6800,0.32301,0.10963,0.44343,0.44121,0.07360,9.4885,0.12548,1,0.49135
4.7000,0.32291,0.10907,0.44502,0.44121,0.07308,9.4850,0.12549,1,0.49146
4.7200,0.32282,0.10849,0.44675,0.44121,0.07255,9.4848,0.12546,1,0.49159
4.7400,0.32273,0.10790,0.44863,0.44121,0.07201,9.4881,0.12541,1,0.49173
4.7600,0.32264,0.10730,0.45065,0.44121,0.07147,9.4954,0.12534,1,0.49189
4.7800,0.32256,0.10668,0.45279,0.44121,0.07091,9.5071,0.12525,1,0.49206
4.8000,0.32248,0.10606,0.45506,0.44121,0.07036,9.5236,0.12514,1,0.49225
4.8200,0.32241,0.10541,0.45744,0.44121,0.06979,9.5453,0.12502,1,0.49245
4.8400,0.32235,0.10475,0.45992,0.44121,0.06922,9.5724,0.12489,1,0.49266
4.8600,0.32230,0.10408,0.46251,0.44121,0.06864,9.6053,0.12475,1,0.49289
4.8800,0.32225,0.10339,0.46519,0.44121,0.06805,9.6444,0.12461,1,0.49313
4.9000,0.32222,0.10268,0.46796,0.44121,0.06746,9.6897,0.12447,1,0.49339
4.9200,0.32221,0.10196,0.47080,0.44121,0.06686,9.7416,0.12433,1,0.49365
4.9400,0.32220,0.10122,0.47371,0.44121,0.06625,9.8000,0.12419,1,0.49393
4.9600,0.32221,0.10046,0.47668,0.44121,0.06564,9.8650,0.12406,1,0.49422
4.9800,0.32223,0.09968,0.47970,0.44121,0.06501,9.9364,0.12395,1,0.49452
5.0000,0.32227,0.09888,0.48277,0.44121,0.06439,10.0142,0.12385,1,0.49483
5.0200,0.32232,0.09806,0.48588,0.44121,0.06375,10.0980,0.12376,1,0.49515
5.0400,0.32238,0.09723,0.48901,0.44121,0.06311,10.1874,0.12369,1,0.49548
5.0600,0.32246,0.09637,0.49217,0.44121,0.06246,10.2821,0.12363,1,0.49581
5.0800,0.32256,0.09550,0.49535,0.44121,0.06181,10.3813,0.12360,1,0.49615
5.1000,0.32267,0.09460,0.49853,0.44121,0.06114,10.4845,0.12358,1,0.49649
5.1200,0.32279,0.09369,0.50171,0.44121,0.06047,10.5909,0.12359,1,0.49684
5.1400,0.32293,0.09276,0.50488,0.44121,0.05980,10.6996,0.12361,1,0.49720
5.1600,0.32308,0.09180,0.50804,0.44121,0.05912,10.8099,0.12366,1,0.49755
5.1800,0.32324,0.09083,0.51118,0.44121,0.05843,10.9206,0.12372,1,0.49791
5.2000,0.32342,0.08984,0.51429,0.44121,0.05773,11.0308,0.12380,1,0.49826
5.2200,0.32360,0.08884,0.51736,0.44121,0.05703,11.1395,0.12390,1,0.49862
5.2400,0.32380,0.08781,0.52039,0.44121,0.05632,11.2456,0.12401,1,0.49897
5.2600,0.32400,0.08677,0.52336,0.44121,0.05561,11.3481,0.12414,1,0.49932
5.2800,0.32421,0.08571,0.52629,0.44121,0.05489,11.4460,0.12427,1,0.49967
5.3000,0.32443,0.08464,0.52915,0.44121,0.05416,11.5383,0.12441,1,0.50001
5.3200,0.32465,0.08355,0.53195,0.44121,0.05343,11.6240,0.12456,1,0.50035
5.3400,0.32488,0.08245,0.53467,0.44121,0.05269,11.7024,0.12472,1,0.50068
5.3600,0.32511,0.08134,0.53732,0.44121,0.05194,11.7727,0.12487,1,0.50100
5.3800,0.32533,0.08022,0.53989,0.44121,0.05118,11.8341,0.12502,1,0.50131
5.4000,0.32556,0.07908,0.54237,0.44121,0.05043,11.8861,0.12517,1,0.50161
5.4200,0.32579,0.07794,0.54477,0.44121,0.04966,11.9284,0.12531,1,0.50191
5.4400,0.32601,0.07679,0.54707,0.44121,0.04889,11.9604,0.12545,1,0.50219
5.4600,0.32623,0.07563,0.54928,0.44121,0.04811,11.9822,0.12557,1,0.50246
5.4800,0.32644,0.07447,0.55139,0.44121,0.04732,11.9935,0.12568,1,0.50272
5.5000,0.32664,0.07330,0.55340,0.44121,0.04653,11.9945,0.12578,1,0.50296
5.5200,0.32684,0.07213,0.55532,0.44121,0.04574,11.9854,0.12586,1,0.50320
5.5400,0.32702,0.07096,0.55714,0.44121,0.04493,11.9664,0.12592,1,0.50342
5.5600,0.32720,0.06978,0.55886,0.44121,0.04413,11.9379,0.12597,1,0.50363
5.5800,0.32737,0.06861,0.56048,0.44121,0.04331,11.9005,0.12599,1,0.50383
5.6000,0.32752,0.06743,0.56201,0.44121,0.04249,11.8546,0.12600,1,0.50401
5.6200,0.32766,0.06626,0.56345,0.44121,0.04166,11.8010,0.12599,1,0.50419
5.6400,0.32780,0.06508,0.56479,0.44121,0.04083,11.7403,0.12597,1,0.50435
5.6600,0.32792,0.06391,0.56605,0.44121,0.03999,11.6732,0.12592,1,0.50450
5.6800,0.32803,0.06274,0.56722,0.44121,0.03915,11.6005,0.12585,1,0.50464
5.7000,0.32812,0.06158,0.56831,0.44121,0.03830,11.5230,0.12577,1,0.50476
5.7200,0.32821,0.06041,0.56932,0.44121,0.03744,11.4415,0.12568,1,0.50488
5.7400,0.32828,0.05925,0.57026,0.44121,0.03658,11.3566,0.12556,1,0.50499
5.7600,0.32835,0.05810,0.57113,0.44121,0.03571,11.2693,0.12544,1,0.50509
5.7800,0.32841,0.05694,0.57194,0.44121,0.03484,11.1801,0.12530,1,0.50518
5.8000,0.32846,0.05579,0.57269,0.44121,0.03396,11.0898,0.12515,1,0.50526
5.8200,0.32850,0.05464,0.57340,0.44121,0.03307,10.9990,0.12499,1,0.50534
5.8400,0.32853,0.05349,0.57405,0.44121,0.03218,10.9085,0.12482,1,0.50541
5.8600,0.32856,0.05235,0.57466,0.44121,0.03129,10.8187,0.12465,1,0.50547
5.8800,0.32859,0.05120,0.57524,0.44121,0.03039,10.7303,0.12447,1,0.50553
5.9000,0.32861,0.05006,0.57578,0.44121,0.02948,10.6438,0.12428,1,0.50558
5.9200,0.32863,0.04891,0.57630,0.44121,0.02857,10.5596,0.12409,1,0.50564
5.9400,0.32864,0.04777,0.57680,0.44121,0.02765,10.4782,0.12390,1,0.50568
5.9600,0.32866,0.04662,0.57728,0.44121,0.02673,10.3999,0.12371,1,0.50573
5.9800,0.32868,0.04547,0.57775,0.44121,0.02580,10.3252,0.12351,1,0.50577
6.0000,0.32870,0.04432,0.57821,0.44121,0.02486,10.2544,0.12332,1,0.50582
6.0200,0.32872,0.04316,0.57867,0.44121,0.02393,10.1876,0.12312,1,0.50586
6.0400,0.32874,0.04200,0.57913,0.44121,0.02298,10.1252,0.12293,1,0.50590
6.0600,0.32877,0.04084,0.57960,0.44121,0.02203,10.0674,0.12274,1,0.50595
6.0800,0.32880,0.03967,0.58007,0.44121,0.02108,10.0144,0.12255,1,0.50599
6.1000,0.32884,0.03849,0.58055,0.44121,0.02012,9.9662,0.12236,1,0.50604
6.1200,0.32888,0.03730,0.58105,0.44121,0.01915,9.9230,0.12217,1,0.50608
6.1400,0.32893,0.03611,0.58156,0.44121,0.01818,9.8849,0.12199,1,0.50613
6.1600,0.32899,0.03491,0.58209,0.44121,0.01721,9.8519,0.12181,1,0.50619
6.1800,0.32906,0.03370,0.58264,0.44121,0.01623,9.8240,0.12163,1,0.50624
6.2000,0.32913,0.03249,0.58321,0.44121,0.01524,9.8011,0.12145,1,0.50630
6.2200,0.32922,0.03126,0.58381,0.44121,0.01425,9.7833,0.12128,1,0.50636
6.2400,0.32931,0.03003,0.58443,0.44121,0.01326,9.7705,0.12110,1,0.50642
6.2600,0.32941,0.02878,0.58507,0.44121,0.01226,9.7626,0.12093,1,0.50649
6.2800,0.32952,0.02752,0.58574,0.44121,0.01126,9.7593,0.12076,1,0.50656
6.3000,0.32965,0.02626,0.58643,0.44121,0.01025,9.7606,0.12060,1,0.50664
6.3200,0.32978,0.02498,0.58715,0.44121,0.00923,9.7663,0.12043,1,0.50671
6.3400,0.32992,0.02369,0.58790,0.44121,0.00822,9.7761,0.12027,1,0.50680
6.3600,0.33007,0.02239,0.58866,0.44121,0.00719,9.7899,0.12011,1,0.50688
6.3800,0.33023,0.02109,0.58945,0.44121,0.00617,9.8073,0.11994,1,0.50697
6.4000,0.33041,0.01977,0.59027,0.44121,0.00514,9.8281,0.11978,1,0.50706
6.4200,0.33059,0.01844,0.59110,0.44121,0.00410,9.8520,0.11962,1,0.50716
6.4400,0.33078,0.01710,0.59195,0.44121,0.00306,9.8787,0.11946,1,0.50725
6.4600,0.33098,0.01575,0.59282,0.44121,0.00201,9.9079,0.11931,1,0.50735
6.4800,0.33119,0.01440,0.59371,0.44121,0.00096,9.9392,0.11915,1,0.50746
6.5000,0.33141,0.01303,0.59462,0.44121,-0.00009,9.9722,0.11899,1,0.50756
6.5200,0.33164,0.01166,0.59553,0.44121,-0.00115,10.0067,0.11883,1,0.50767
6.5400,0.33188,0.01028,0.59646,0.44121,-0.00221,10.0422,0.11867,1,0.50778
6.5600,0.33213,0.00889,0.59740,0.44121,-0.00328,10.0785,0.11852,1,0.50789
6.5800,0.33238,0.00749,0.59834,0.44121,-0.00435,10.1151,0.11836,1,0.50800
6.6000,0.33264,0.00608,0.59929,0.44121,-0.00542,10.1517,0.11820,1,0.50811
6.6200,0.33291,0.00467,0.60024,0.44121,-0.00650,10.1880,0.11804,1,0.50822
6.6400,0.33319,0.00326,0.60120,0.44121,-0.00758,10.2237,0.11788,1,0.50834
6.6600,0.33347,0.00184,0.60215,0.44121,-0.00867,10.2584,0.11772,1,0.50845
6.6800,0.33375,0.00041,0.60309,0.44121,-0.00976,10.2919,0.11755,1,0.50856
6.7000,0.33404,-0.00102,0.60403,0.44121,-0.01086,10.3238,0.11739,1,0.50867
6.7200,0.33433,-0.00245,0.60497,0.44121,-0.01195,10.3540,0.11722,1,0.50879
6.7400,0.33463,-0.00389,0.60589,0.44121,-0.01306,10.3823,0.11706,1,0.50890
6.7600,0.33493,-0.00533,0.60680,0.44121,-0.01416,10.4084,0.11689,1,0.50901
6.7800,0.33523,-0.00678,0.60770,0.44121,-0.01527,10.4322,0.11672,1,0.50911
6.8000,0.33553,-0.00823,0.60859,0.44121,-0.01639,10.4536,0.11654,1,0.50922
6.8200,0.33584,-0.00967,0.60945,0.44121,-0.01750,10.4725,0.11636,1,0.50932
6.8400,0.33614,-0.01113,0.61030,0.44121,-0.01862,10.4889,0.11618,1,0.50942
6.8600,0.33645,-0.01258,0.61113,0.44121,-0.01975,10.5026,0.11600,1,0.50952
6.8800,0.33676,-0.01403,0.61194,0.44121,-0.02088,10.5138,0.11582,1,0.50962
6.9000,0.33706,-0.01549,0.61273,0.44121,-0.02201,10.5224,0.11563,1,0.50971
6.9200,0.33736,-0.01694,0.61350,0.44121,-0.02314,10.5286,0.11543,1,0.50980
6.9400,0.33767,-0.01840,0.61424,0.44121,-0.02428,10.5323,0.11524,1,0.50989
6.9600,0.33797,-0.01986,0.61496,0.44121,-0.02542,10.5337,0.11503,1,0.50998
6.9800,0.33826,-0.02132,0.61565,0.44121,-0.02657,10.5329,0.11483,1,0.51006
7.0000,0.33856,-0.02278,0.61633,0.44121,-0.02771,10.5301,0.11462,1,0.51014
7.0200,0.33886,-0.02424,0.61697,0.44121,-0.02887,10.5254,0.11441,1,0.51022
7.0400,0.33915,-0.02570,0.61760,0.44121,-0.03002,10.5189,0.11419,1,0.51029
7.0600,0.33944,-0.02717,0.61820,0.44121,-0.03118,10.5109,0.11397,1,0.51036
7.0800,0.33972,-0.02863,0.61877,0.44121,-0.03234,10.5016,0.11375,1,0.51043
7.1000,0.34001,-0.03010,0.61933,0.44121,-0.03350,10.4910,0.11352,1,0.51049
7.1200,0.34029,-0.03156,0.61986,0.44121,-0.03467,10.4794,0.11329,1,0.51055
7.1400,0.34057,-0.03303,0.62036,0.44121,-0.03584,10.4670,0.11305,1,0.51061
7.1600,0.34085,-0.03450,0.62085,0.44121,-0.03701,10.4540,0.11281,1,0.51067
7.1800,0.34113,-0.03597,0.62131,0.44121,-0.03818,10.4404,0.11257,1,0.51072
7.2000,0.34140,-0.03744,0.62176,0.44121,-0.03936,10.4265,0.11232,1,0.51077
7.2200,0.34168,-0.03891,0.62218,0.44121,-0.04054,10.4125,0.11207,1,0.51082
7.2400,0.34195,-0.04039,0.62259,0.44121,-0.04172,10.3984,0.11181,1,0.51087
7.2600,0.34222,-0.04186,0.62298,0.44121,-0.04291,10.3844,0.11156,1,0.51091
7.2800,0.34249,-0.04334,0.62335,0.44121,-0.04410,10.3706,0.11130,1,0.51096
7.3000,0.34276,-0.04482,0.62370,0.44121,-0.04529,10.3571,0.11103,1,0.51100
7.3200,0.34303,-0.04630,0.62404,0.44121,-0.04648,10.3441,0.11077,1,0.51104
7.3400,0.34330,-0.04778,0.62437,0.44121,-0.04768,10.3315,0.11050,1,0.51107
7.3600,0.34357,-0.04926,0.62468,0.44121,-0.04888,10.3195,0.11023,1,0.51111
7.3800,0.34384,-0.05075,0.62498,0.44121,-0.05008,10.3082,0.10996,1,0.51115
7.4000,0.34412,-0.05224,0.62527,0.44121,-0.05128,10.2976,0.10968,1,0.51118
7.4200,0.34439,-0.05373,0.62554,0.44121,-0.05249,10.2876,0.10941,1,0.51121
7.4400,0.34466,-0.05522,0.62581,0.44121,-0.05369,10.2784,0.10913,1,0.51124
7.4600,0.34494,-0.05671,0.62606,0.44121,-0.05490,10.2699,0.10885,1,0.51127
7.4800,0.34522,-0.05820,0.62631,0.44121,-0.05611,10.2622,0.10857,1,0.51130
7.5000,0.34550,-0.05970,0.62654,0.44121,-0.05733,10.2553,0.10828,1,0.51133
7.5200,0.34578,-0.06119,0.62677,0.44121,-0.05854,10.2490,0.10800,1,0.51136
7.5400,0.34606,-0.06269,0.62699,0.44121,-0.05976,10.2435,0.10771,1,0.51138
7.5600,0.34635,-0.06419,0.62720,0.44121,-0.06098,10.2387,0.10742,1,0.51141
7.5800,0.34664,-0.06568,0.62740,0.44121,-0.06220,10.2345,0.10714,1,0.51143
7.6000,0.34693,-0.06718,0.62759,0.44121,-0.06343,10.2310,0.10685,1,0.51146
7.6200,0.34722,-0.06868,0.62778,0.44121,-0.06465,10.2280,0.10655,1,0.51148
7.6400,0.34752,-0.07018,0.62796,0.44121,-0.06588,10.2256,0.10626,1,0.51150
7.6600,0.34781,-0.07168,0.62813,0.44121,-0.06711,10.2237,0.10597,1,0.51152
7.6800,0.34811,-0.07318,0.62830,0.44121,-0.06834,10.2221,0.10567,1,0.51154
7.7000,0.34841,-0.07468,0.62845,0.44121,-0.06957,10.2210,0.10538,1,0.51156
7.7200,0.34872,-0.07618,0.62861,0.44121,-0.07080,10.2203,0.10508,1,0.51158
7.7400,0.34903,-0.07768,0.62875,0.44121,-0.07204,10.2198,0.10478,1,0.51160
7.7600,0.34933,-0.07918,0.62889,0.44121,-0.07327,10.2195,0.10448,1,0.51162
7.7800,0.34965,-0.08068,0.62901,0.44121,-0.07451,10.2195,0.10418,1,0.51164
7.8000,0.34996,-0.08217,0.62914,0.44121,-0.07575,10.2197,0.10388,1,0.51166
7.8200,0.35027,-0.08367,0.62925,0.44121,-0.07699,10.2199,0.10358,1,0.51167
7.8400,0.35059,-0.08516,0.62935,0.44121,-0.07823,10.2202,0.10327,1,0.51169
7.8600,0.35091,-0.08665,0.62945,0.44121,-0.07947,10.2206,0.10297,1,0.51170
7.8800,0.35123,-0.08815,0.62954,0.44121,-0.08072,10.2210,0.10266,1,0.51172
7.9000,0.35155,-0.08964,0.62962,0.44121,-0.08196,10.2214,0.10236,1,0.51173
7.9200,0.35187,-0.09113,0.62969,0.44121,-0.08321,10.2218,0.10205,1,0.51174
7.9400,0.35220,-0.09261,0.62976,0.44121,-0.08446,10.2221,0.10174,1,0.51176
7.9600,0.35252,-0.09410,0.62981,0.44121,-0.08570,10.2223,0.10143,1,0.51177
7.9800,0.35285,-0.09558,0.62985,0.44121,-0.08695,10.2224,0.10112,1,0.51178
8.0000,0.35317,-0.09706,0.62989,0.44121,-0.08820,10.2224,0.10081,1,0.51178
8.0200,0.35350,-0.09855,0.62992,0.44121,-0.08945,10.2223,0.10050,1,0.51179
8.0400,0.35383,-0.10002,0.62993,0.44121,-0.09070,10.2221,0.10018,1,0.51180
8.0600,0.35416,-0.10150,0.62994,0.44121,-0.09196,10.2217,0.09987,1,0.51181
8.0800,0.35449,-0.10297,0.62993,0.44121,-0.09321,10.2213,0.09955,1,0.51181
8.1000,0.35482,-0.10445,0.62992,0.44121,-0.09446,10.2207,0.09923,1,0.51182
8.1200,0.35515,-0.10592,0.62989,0.44121,-0.09572,10.2199,0.09891,1,0.51182
8.1400,0.35549,-0.10739,0.62986,0.44121,-0.09697,10.2191,0.09859,1,0.51182
8.1600,0.35582,-0.10885,0.62981,0.44121,-0.09823,10.2181,0.09827,1,0.51182
8.1800,0.35615,-0.11032,0.62976,0.44121,-0.09948,10.2170,0.09795,1,0.51182
8.2000,0.35648,-0.11178,0.62969,0.44121,-0.10074,10.2158,0.09763,1,0.51182
8.2200,0.35682,-0.11324,0.62962,0.44121,-0.10199,10.2145,0.09730,1,0.51182
8.2400,0.35715,-0.11470,0.62953,0.44121,-0.10325,10.2132,0.09698,1,0.51182
8.2600,0.35748,-0.11616,0.62943,0.44121,-0.10450,10.2117,0.09665,1,0.51181
8.2800,0.35782,-0.11761,0.62932,0.44121,-0.10576,10.2102,0.09632,1,0.51181
8.3000,0.35815,-0.11906,0.62920,0.44121,-0.10702,10.2086,0.09599,1,0.51180
8.3200,0.35848,-0.12051,0.62907,0.44121,-0.10827,10.2069,0.09566,1,0.51180
8.3400,0.35882,-0.12196,0.62893,0.44121,-0.10953,10.2053,0.09533,1,0.51179
8.3600,0.35915,-0.12341,0.62878,0.44121,-0.11079,10.2035,0.09500,1,0.51178
8.3800,0.35949,-0.12485,0.62862,0.44121,-0.11204,10.2018,0.09467,1,0.51177
8.4000,0.35982,-0.12630,0.62845,0.44121,-0.11330,10.2000,0.09433,1,0.51176
8.4200,0.36016,-0.12774,0.62827,0.44121,-0.11456,10.1982,0.09400,1,0.51175
8.4400,0.36049,-0.12917,0.62807,0.44121,-0.11581,10.1964,0.09366,1,0.51173
8.4600,0.36083,-0.13061,0.62787,0.44121,-0.11707,10.1946,0.09332,1,0.51172
8.4800,0.36116,-0.13204,0.62766,0.44121,-0.11832,10.1928,0.09299,1,0.51171
8.5000,0.36150,-0.13347,0.62744,0.44121,-0.11958,10.1910,0.09265,1,0.51169
8.5200,0.36183,-0.13490,0.62720,0.44121,-0.12083,10.1892,0.09231,1,0.51168
8.5400,0.36217,-0.13633,0.62696,0.44121,-0.12209,10.1874,0.09197,1,0.51166
8.5600,0.36250,-0.13775,0.62671,0.44121,-0.12334,10.1857,0.09163,1,0.51164
8.5800,0.36284,-0.13918,0.62644,0.44121,-0.12459,10.1840,0.09128,1,0.51162
8.6000,0.36317,-0.14059,0.62617,0.44121,-0.12585,10.1823,0.09094,1,0.51160
8.6200,0.36351,-0.14201,0.62589,0.44121,-0.12710,10.1806,0.09060,1,0.51158
8.6400,0.36385,-0.14342,0.62560,0.44121,-0.12835,10.1789,0.09025,1,0.51156
8.6600,0.36418,-0.14484,0.62530,0.44121,-0.12960,10.1773,0.08991,1,0.51154
8.6800,0.36452,-0.14624,0.62499,0.44121,-0.13085,10.1757,0.08956,1,0.51152
8.7000,0.36486,-0.14765,0.62467,0.44121,-0.13210,10.1741,0.08921,1,0.51149
8.7200,0.36519,-0.14905,0.62434,0.44121,-0.13334,10.1726,0.08887,1,0.51147
8.7400,0.36553,-0.15045,0.62400,0.44121,-0.13459,10.1711,0.08852,1,0.51144
8.7600,0.36587,-0.15185,0.62365,0.44121,-0.13583,10.1696,0.08817,1,0.51142
8.7800,0.36621,-0.15324,0.62330,0.44121,-0.13708,10.1682,0.08782,1,0.51139
8.8000,0.36654,-0.15463,0.62293,0.44121,-0.13832,10.1668,0.08747,1,0.51136
8.8200,0.36688,-0.15602,0.62256,0.44121,-0.13956,10.1654,0.08712,1,0.51134
8.8400,0.36722,-0.15740,0.62217,0.44121,-0.14080,10.1640,0.08677,1,0.51131
8.8600,0.36756,-0.15878,0.62178,0.44121,-0.14204,10.1627,0.08642,1,0.51128
8.8800,0.36789,-0.16015,0.62138,0.44121,-0.14328,10.1613,0.08607,1,0.51125
8.9000,0.36823,-0.16153,0.62097,0.44121,-0.14452,10.1601,0.08572,1,0.51122
8.9200,0.36857,-0.16290,0.62055,0.44121,-0.14575,10.1588,0.08536,1,0.51119
8.9400,0.36891,-0.16426,0.62013,0.44121,-0.14699,10.1575,0.08501,1,0.51115
8.9600,0.36925,-0.16562,0.61969,0.44121,-0.14822,10.1563,0.08466,1,0.51112
8.9800,0.36958,-0.16698,0.61925,0.44121,-0.14945,10.1551,0.08431,1,0.51109
9.0000,0.36992,-0.16833,0.61880,0.44121,-0.15068,10.1539,0.08395,1,0.51105
9.0200,0.37026,-0.16968,0.61833,0.44121,-0.15191,10.1528,0.08360,1,0.51102
9.0400,0.37060,-0.17103,0.61787,0.44121,-0.15313,10.1516,0.08324,1,0.51098
9.0600,0.37093,-0.17237,0.61739,0.44121,-0.15436,10.1505,0.08289,1,0.51095
9.0800,0.37127,-0.17371,0.61690,0.44121,-0.15558,10.1494,0.08254,1,0.51091
9.1000,0.37161,-0.17504,0.61641,0.44121,-0.15680,10.1483,0.08218,1,0.51087
9.1200,0.37194,-0.17637,0.61590,0.44121,-0.15802,10.1472,0.08183,1,0.51084
9.1400,0.37228,-0.17769,0.61539,0.44121,-0.15924,10.1462,0.08147,1,0.51080
9.1600,0.37262,-0.17901,0.61487,0.44121,-0.16045,10.1451,0.08112,1,0.51076
9.1800,0.37295,-0.18033,0.61435,0.44121,-0.16166,10.1441,0.08076,1,0.51072
9.2000,0.37329,-0.18164,0.61381,0.44121,-0.16287,10.1431,0.08041,1,0.51068
9.2200,0.37362,-0.18295,0.61327,0.44121,-0.16408,10.1421,0.08005,1,0.51064
9.2400,0.37396,-0.18425,0.61272,0.44121,-0.16529,10.1411,0.07969,1,0.51060
9.2600,0.37429,-0.18555,0.61216,0.44121,-0.16649,10.1401,0.07934,1,0.51055
9.2800,0.37463,-0.18684,0.61159,0.44121,-0.16769,10.1392,0.07898,1,0.51051
9.3000,0.37496,-0.18813,0.61102,0.44121,-0.16889,10.1382,0.07863,1,0.51047
9.3200,0.37529,-0.18941,0.61043,0.44121,-0.17009,10.1373,0.07827,1,0.51043
9.3400,0.37563,-0.19069,0.60984,0.44121,-0.17128,10.1363,0.07792,1,0.51038
9.3600,0.37596,-0.19197,0.60924,0.44121,-0.17248,10.1354,0.07756,1,0.51034
9.3800,0.37629,-0.19324,0.60864,0.44121,-0.17367,10.1345,0.07721,1,0.51029
9.4000,0.37662,-0.19450,0.60802,0.44121,-0.17485,10.1336,0.07685,1,0.51025
9.4200,0.37696,-0.19576,0.60740,0.44121,-0.17604,10.1327,0.07649,1,0.51020
9.4400,0.37729,-0.19702,0.60677,0.44121,-0.17722,10.1318,0.07614,1,0.51015
9.4600,0.37762,-0.19827,0.60613,0.44121,-0.17840,10.1310,0.07578,1,0.51011
9.4800,0.37795,-0.19951,0.60549,0.44121,-0.17957,10.1301,0.07543,1,0.51006
9.5000,0.37828,-0.20075,0.60484,0.44121,-0.18075,10.1293,0.07507,1,0.51001
9.5200,0.37861,-0.20199,0.60418,0.44121,-0.18192,10.1284,0.07472,1,0.50996
9.5400,0.37893,-0.20322,0.60351,0.44121,-0.18308,10.1276,0.07437,1,0.50991
9.5600,0.37926,-0.20444,0.60283,0.44121,-0.18425,10.1268,0.07401,1,0.50986
9.5800,0.37959,-0.20566,0.60215,0.44121,-0.18541,10.1260,0.07366,1,0.50981
9.6000,0.37992,-0.20688,0.60146,0.44121,-0.18657,10.1252,0.07330,1,0.50976
9.6200,0.38024,-0.20809,0.60076,0.44121,-0.18772,10.1244,0.07295,1,0.50971
9.6400,0.38057,-0.20929,0.60006,0.44121,-0.18888,10.1236,0.07260,1,0.50966
9.6600,0.38089,-0.21049,0.59935,0.44121,-0.19003,10.1229,0.07224,1,0.50960
9.6800,0.38122,-0.21169,0.59863,0.44121,-0.19117,10.1221,0.07189,1,0.50955
9.7000,0.38154,-0.21288,0.59790,0.44121,-0.19231,10.1213,0.07154,1,0.50950
9.7200,0.38187,-0.21406,0.59717,0.44121,-0.19345,10.1206,0.07119,1,0.50945
9.7400,0.38219,-0.21524,0.59643,0.44121,-0.19459,10.1198,0.07083,1,0.50939
9.7600,0.38251,-0.21642,0.59568,0.44121,-0.19572,10.1191,0.07048,1,0.50934
9.7800,0.38283,-0.21758,0.59493,0.44121,-0.19685,10.1184,0.07013,1,0.50928
9.8000,0.38315,-0.21875,0.59416,0.44121,-0.19798,10.1177,0.06978,1,0.50923
9.8200,0.38347,-0.21991,0.59340,0.44121,-0.19910,10.1170,0.06943,1,0.50917
9.8400,0.38379,-0.22106,0.59262,0.44121,-0.20022,10.1163,0.06908,1,0.50912
9.8600,0.38411,-0.22220,0.59184,0.44121,-0.20133,10.1156,0.06873,1,0.50906
9.8800,0.38443,-0.22335,0.59105,0.44121,-0.20244,10.1149,0.06838,1,0.50900
9.9000,0.38474,-0.22448,0.59025,0.44121,-0.20355,10.1142,0.06803,1,0.50895
9.9200,0.38506,-0.22561,0.58945,0.44121,-0.20466,10.1136,0.06768,1,0.50889
9.9400,0.38538,-0.22674,0.58864,0.44121,-0.20576,10.1129,0.06734,1,0.50883
9.9600,0.38569,-0.22786,0.58783,0.44121,-0.20685,10.1122,0.06699,1,0.50877
9.9800,0.38601,-0.22897,0.58700,0.44121,-0.20794,10.1116,0.06664,1,0.50871
10.0000,0.38632,-0.23008,0.58617,0.44121,-0.20903,10.1110,0.06629,1,0.50865
10.0200,0.38663,-0.23118,0.58534,0.44121,-0.21012,10.1103,0.06595,1,0.50859
10.0400,0.38694,-0.23228,0.58450,0.44121,-0.21120,10.1097,0.06560,1,0.50853
10.0600,0.38726,-0.23337,0.58365,0.44121,-0.21227,10.1091,0.06526,1,0.50847
10.0800,0.38757,-0.23445,0.58279,0.44121,-0.21335,10.1085,0.06491,1,0.50841
10.1000,0.38788,-0.23553,0.58193,0.44121,-0.21441,10.1079,0.06457,1,0.50835
10.1200,0.38818,-0.23661,0.58107,0.44121,-0.21548,10.1073,0.06423,1,0.50829
10.1400,0.38849,-0.23767,0.58019,0.44121,-0.21654,10.1067,0.06389,1,0.50823
10.1600,0.38880,-0.23874,0.57931,0.44121,-0.21759,10.1061,0.06354,1,0.50817
10.1800,0.38911,-0.23979,0.57843,0.44121,-0.21864,10.1055,0.06320,1,0.50810
10.2000,0.38941,-0.24084,0.57753,0.44121,-0.21969,10.1049,0.06286,1,0.50804
10.2200,0.38971,-0.24189,0.57664,0.44121,-0.22073,10.1044,0.06252,1,0.50798
10.2400,0.39002,-0.24292,0.57573,0.44121,-0.22177,10.1038,0.06218,1,0.50792
10.2600,0.39032,-0.24396,0.57482,0.44121,-0.22281,10.1033,0.06185,1,0.50785
10.2800,0.39062,-0.24498,0.57391,0.44121,-0.22383,10.1027,0.06151,1,0.50779
10.3000,0.39092,-0.24600,0.57299,0.44121,-0.22486,10.1022,0.06117,1,0.50772
10.3200,0.39122,-0.24702,0.57206,0.44121,-0.22588,10.1017,0.06084,1,0.50766
10.3400,0.39152,-0.24802,0.57112,0.44121,-0.22689,10.1011,0.06050,1,0.50760
10.3600,0.39182,-0.24903,0.57019,0.44121,-0.22790,10.1006,0.06017,1,0.50753
10.3800,0.39212,-0.25002,0.56924,0.44121,-0.22891,10.1001,0.05983,1,0.50747
10.4000,0.39241,-0.25101,0.56829,0.44121,-0.22991,10.0996,0.05950,1,0.50740
10.4200,0.39271,-0.25200,0.56733,0.44121,-0.23091,10.0991,0.05917,1,0.50733
10.4400,0.39300,-0.25297,0.56637,0.44121,-0.23190,10.0986,0.05884,1,0.50727
10.4600,0.39330,-0.25394,0.56541,0.44121,-0.23289,10.0981,0.05851,1,0.50720
10.4800,0.39359,-0.25491,0.56443,0.44121,-0.23387,10.0977,0.05818,1,0.50714
10.5000,0.39388,-0.25587,0.56346,0.44121,-0.23484,10.0972,0.05785,1,0.50707
10.5200,0.39417,-0.25682,0.56247,0.44121,-0.23582,10.0967,0.05752,1,0.50700
10.5400,0.39446,-0.25777,0.56148,0.44121,-0.23678,10.0963,0.05720,1,0.50693
10.5600,0.39475,-0.25871,0.56049,0.44121,-0.23774,10.0958,0.05687,1,0.50687
10.5800,0.39504,-0.25964,0.55949,0.44121,-0.23870,10.0954,0.05654,1,0.50680
10.6000,0.39532,-0.26057,0.55849,0.44121,-0.23965,10.0949,0.05622,1,0.50673
10.6200,0.39561,-0.26149,0.55748,0.44121,-0.24060,10.0945,0.05590,1,0.50666
10.6400,0.39589,-0.26240,0.55646,0.44121,-0.24154,10.0941,0.05558,1,0.50660
10.6600,0.39618,-0.26331,0.55545,0.44121,-0.24248,10.0936,0.05525,1,0.50653
10.6800,0.39646,-0.26421,0.55442,0.44121,-0.24341,10.0932,0.05494,1,0.50646
10.7000,0.39674,-0.26511,0.55339,0.44121,-0.24433,10.0928,0.05462,1,0.50639
10.7200,0.39702,-0.26600,0.55236,0.44121,-0.24525,10.0924,0.05430,1,0.50632
10.7400,0.39730,-0.26688,0.55132,0.44121,-0.24617,10.0920,0.05398,1,0.50625
10.7600,0.39758,-0.26775,0.55027,0.44121,-0.24707,10.0916,0.05367,1,0.50618
10.7800,0.39785,-0.26862,0.54923,0.44121,-0.24798,10.0912,0.05335,1,0.50611
10.8000,0.39813,-0.26949,0.54817,0.44121,-0.24888,10.0908,0.05304,1,0.50604
10.8200,0.39840,-0.27034,0.54711,0.44121,-0.24977,10.0905,0.05272,1,0.50597
10.8400,0.39868,-0.27119,0.54605,0.44121,-0.25066,10.0901,0.05241,1,0.50590
10.8600,0.39895,-0.27203,0.54498,0.44121,-0.25154,10.0897,0.05210,1,0.50583
10.8800,0.39922,-0.27287,0.54391,0.44121,-0.25241,10.0894,0.05179,1,0.50576
10.9000,0.39949,-0.27370,0.54283,0.44121,-0.25328,10.0890,0.05149,1,0.50569
10.9200,0.39976,-0.27452,0.54175,0.44121,-0.25415,10.0887,0.05118,1,0.50562
10.9400,0.40003,-0.27534,0.54067,0.44121,-0.25501,10.0883,0.05087,1,0.50555
10.9600,0.40029,-0.27615,0.53958,0.44121,-0.25586,10.0880,0.05057,1,0.50548
10.9800,0.40056,-0.27695,0.53848,0.44121,-0.25671,10.0876,0.05026,1,0.50540
11.0000,0.40082,-0.27775,0.53739,0.44121,-0.25755,10.0873,0.04996,1,0.50533
11.0200,0.40109,-0.27854,0.53628,0.44121,-0.25838,10.0870,0.04966,1,0.50526
11.0400,0.40135,-0.27932,0.53518,0.44121,-0.25921,10.0866,0.04936,1,0.50519
11.0600,0.40161,-0.28010,0.53406,0.44121,-0.26003,10.0863,0.04906,1,0.50512
11.0800,0.40187,-0.28087,0.53295,0.44121,-0.26085,10.0860,0.04876,1,0.50504
11.1000,0.40213,-0.28163,0.53183,0.44121,-0.26166,10.0857,0.04847,1,0.50497
11.1200,0.40239,-0.28239,0.53071,0.44121,-0.26247,10.0854,0.04817,1,0.50490
11.1400,0.40264,-0.28314,0.52958,0.44121,-0.26327,10.0851,0.04788,1,0.50483
11.1600,0.40290,-0.28388,0.52845,0.44121,-0.26406,10.0848,0.04759,1,0.50476
11.1800,0.40315,-0.28462,0.52731,0.44121,-0.26485,10.0845,0.04730,1,0.50468
11.2000,0.40340,-0.28535,0.52617,0.44121,-0.26563,10.0842,0.04701,1,0.50461
11.2200,0.40366,-0.28607,0.52503,0.44121,-0.26640,10.0839,0.04672,1,0.50454
11.2400,0.40391,-0.28679,0.52388,0.44121,-0.26717,10.0836,0.04643,1,0.50446
11.2600,0.40415,-0.28749,0.52273,0.44121,-0.26793,10.0834,0.04614,1,0.50439
11.2800,0.40440,-0.28820,0.52158,0.44121,-0.26869,10.0831,0.04586,1,0.50432
11.3000,0.40465,-0.28889,0.52042,0.44121,-0.26944,10.0828,0.04558,1,0.50424
11.3200,0.40489,-0.28958,0.51926,0.44121,-0.27018,10.0826,0.04529,1,0.50417
11.3400,0.40514,-0.29026,0.51809,0.44121,-0.27092,10.0823,0.04501,1,0.50410
11.3600,0.40538,-0.29094,0.51692,0.44121,-0.27165,10.0820,0.04473,1,0.50402
11.3800,0.40562,-0.29160,0.51575,0.44121,-0.27237,10.0818,0.04446,1,0.50395
11.4000,0.40586,-0.29227,0.51457,0.44121,-0.27309,10.0815,0.04418,1,0.50388
11.4200,0.40610,-0.29292,0.51339,0.44121,-0.27380,10.0813,0.04391,1,0.50380
11.4400,0.40634,-0.29357,0.51221,0.44121,-0.27450,10.0811,0.04363,1,0.50373
11.4600,0.40658,-0.29421,0.51103,0.44121,-0.27520,10.0808,0.04336,1,0.50365
11.4800,0.40681,-0.29484,0.50984,0.44121,-0.27589,10.0806,0.04309,1,0.50358
11.5000,0.40704,-0.29547,0.50864,0.44121,-0.27658,10.0803,0.04282,1,0.50351
11.5200,0.40728,-0.29609,0.50745,0.44121,-0.27726,10.0801,0.04255,1,0.50343
11.5400,0.40751,-0.29670,0.50625,0.44121,-0.27793,10.0799,0.04228,1,0.50336
11.5600,0.40774,-0.29730,0.50505,0.44121,-0.27859,10.0797,0.04202,1,0.50328
11.5800,0.40797,-0.29790,0.50384,0.44121,-0.27925,10.0795,0.04176,1,0.50321
11.6000,0.40820,-0.29849,0.50263,0.44121,-0.27990,10.0792,0.04149,1,0.50313
11.6200,0.40842,-0.29908,0.50142,0.44121,-0.28055,10.0790,0.04123,1,0.50306
11.6400,0.40865,-0.29966,0.50021,0.44121,-0.28118,10.0788,0.04097,1,0.50298
11.6600,0.40887,-0.30023,0.49899,0.44121,-0.28181,10.0786,0.04072,1,0.50291
11.6800,0.40909,-0.30079,0.49777,0.44121,-0.28244,10.0784,0.04046,1,0.50284
11.7000,0.40931,-0.30135,0.49655,0.44121,-0.28306,10.0782,0.04021,1,0.50276
11.7200,0.40953,-0.30190,0.49532,0.44121,-0.28367,10.0780,0.03995,1,0.50269
11.7400,0.40975,-0.30244,0.49409,0.44121,-0.28427,10.0778,0.03970,1,0.50261
11.7600,0.40997,-0.30298,0.49286,0.44121,-0.28487,10.0776,0.03945,1,0.50254
11.7800,0.41018,-0.30351,0.49163,0.44121,-0.28545,10.0774,0.03920,1,0.50246
11.8000,0.41040,-0.30403,0.49039,0.44121,-0.28604,10.0773,0.03895,1,0.50239
11.8200,0.41061,-0.30454,0.48915,0.44121,-0.28661,10.0771,0.03871,1,0.50231
11.8400,0.41082,-0.30505,0.48791,0.44121,-0.28718,10.0769,0.03847,1,0.50224
11.8600,0.41103,-0.30555,0.48667,0.44121,-0.28774,10.0767,0.03822,1,0.50216
11.8800,0.41124,-0.30604,0.48542,0.44121,-0.28830,10.0766,0.03798,1,0.50209
11.9000,0.41145,-0.30653,0.48417,0.44121,-0.28884,10.0764,0.03774,1,0.50201
11.9200,0.41166,-0.30701,0.48292,0.44121,-0.28938,10.0762,0.03751,1,0.50194
11.9400,0.41186,-0.30748,0.48167,0.44121,-0.28992,10.0761,0.03727,1,0.50186
11.9600,0.41207,-0.30795,0.48041,0.44121,-0.29044,10.0759,0.03703,1,0.50179
11.9800,0.41227,-0.30841,0.47915,0.44121,-0.29096,10.0757,0.03680,1,0.50171
12.0000,0.41247,-0.30886,0.47789,0.44121,-0.29147,10.0756,0.03657,1,0.50164
12.0200,0.41267,-0.30930,0.47663,0.44121,-0.29198,10.0754,0.03634,1,0.50156
12.0400,0.41287,-0.30974,0.47536,0.44121,-0.29247,10.0753,0.03611,1,0.50149
12.0600,0.41306,-0.31017,0.47410,0.44121,-0.29296,10.0751,0.03589,1,0.50141
12.0800,0.41326,-0.31059,0.47283,0.44121,-0.29345,10.0750,0.03566,1,0.50134
12.1000,0.41345,-0.31101,0.47156,0.44121,-0.29392,10.0749,0.03544,1,0.50126
12.1200,0.41365,-0.31142,0.47028,0.44121,-0.29439,10.0747,0.03522,1,0.50119
12.1400,0.41384,-0.31182,0.46901,0.44121,-0.29485,10.0746,0.03500,1,0.50111
12.1600,0.41403,-0.31221,0.46773,0.44121,-0.29530,10.0745,0.03478,1,0.50104
12.1800,0.41422,-0.31260,0.46645,0.44121,-0.29575,10.0743,0.03456,1,0.50096
12.2000,0.41441,-0.31298,0.46517,0.44121,-0.29619,10.0742,0.03435,1,0.50089
12.2200,0.41459,-0.31335,0.46389,0.44121,-0.29662,10.0741,0.03414,1,0.50081
12.2400,0.41478,-0.31372,0.46261,0.44121,-0.29704,10.0739,0.03393,1,0.50074
12.2600,0.41496,-0.31408,0.46132,0.44121,-0.29746,10.0738,0.03372,1,0.50066
12.2800,0.41514,-0.31443,0.46003,0.44121,-0.29786,10.0737,0.03351,1,0.50059
12.3000,0.41532,-0.31478,0.45874,0.44121,-0.29827,10.0736,0.03330,1,0.50051
12.3200,0.41550,-0.31511,0.45745,0.44121,-0.29866,10.0735,0.03310,1,0.50044
12.3400,0.41568,-0.31545,0.45616,0.44121,-0.29904,10.0734,0.03289,1,0.50036
12.3600,0.41585,-0.31577,0.45487,0.44121,-0.29942,10.0733,0.03269,1,0.50029
12.3800,0.41603,-0.31609,0.45357,0.44121,-0.29979,10.0732,0.03249,1,0.50021
12.4000,0.41620,-0.31639,0.45227,0.44121,-0.30016,10.0731,0.03230,1,0.50014
12.4200,0.41637,-0.31670,0.45098,0.44121,-0.30051,10.0730,0.03210,1,0.50006
12.4400,0.41655,-0.31699,0.44968,0.44121,-0.30086,10.0729,0.03191,1,0.49999
12.4600,0.41671,-0.31728,0.44838,0.44121,-0.30120,10.0728,0.03171,1,0.49991
12.4800,0.41688,-0.31756,0.44707,0.44121,-0.30154,10.0727,0.03152,1,0.49984
12.5000,0.41705,-0.31783,0.44577,0.44121,-0.30186,10.0726,0.03133,1,0.49977
12.5200,0.41721,-0.31810,0.44447,0.44121,-0.30218,10.0725,0.03115,1,0.49969
12.5400,0.41738,-0.31836,0.44316,0.44121,-0.30249,10.0724,0.03096,1,0.49962
12.5600,0.41754,-0.31861,0.44185,0.44121,-0.30279,10.0723,0.03078,1,0.49954
12.5800,0.41770,-0.31886,0.44054,0.44121,-0.30309,10.0722,0.03060,1,0.49947
12.6000,0.41786,-0.31910,0.43924,0.44121,-0.30337,10.0722,0.03042,1,0.49939
12.6200,0.41802,-0.31933,0.43793,0.44121,-0.30365,10.0721,0.03024,1,0.49932
12.6400,0.41817,-0.31955,0.43662,0.44121,-0.30393,10.0720,0.03006,1,0.49924
12.6600,0.41833,-0.31977,0.43530,0.44121,-0.30419,10.0719,0.02989,1,0.49917
12.6800,0.41848,-0.31998,0.43399,0.44121,-0.30445,10.0719,0.02971,1,0.49910
12.7000,0.41863,-0.32018,0.43268,0.44121,-0.30469,10.0718,0.02954,1,0.49902
12.7200,0.41879,-0.32038,0.43136,0.44121,-0.30494,10.0717,0.02937,1,0.49895
12.7400,0.41894,-0.32057,0.43005,0.44121,-0.30517,10.0716,0.02921,1,0.49887
12.7600,0.41908,-0.32075,0.42873,0.44121,-0.30539,10.0716,0.02904,1,0.49880
12.7800,0.41923,-0.32092,0.42741,0.44121,-0.30561,10.0715,0.02888,1,0.49873
12.8000,0.41937,-0.32109,0.42610,0.44121,-0.30582,10.0715,0.02871,1,0.49865
12.8200,0.41952,-0.32125,0.42478,0.44121,-0.30602,10.0714,0.02855,1,0.49858
12.8400,0.41966,-0.32140,0.42346,0.44121,-0.30622,10.0714,0.02839,1,0.49851
12.8600,0.41980,-0.32155,0.42214,0.44121,-0.30640,10.0713,0.02824,1,0.49843
12.8800,0.41994,-0.32169,0.42082,0.44121,-0.30658,10.0712,0.02808,1,0.49836
12.9000,0.42008,-0.32182,0.41950,0.44121,-0.30675,10.0712,0.02793,1,0.49829
12.9200,0.42021,-0.32194,0.41818,0.44121,-0.30692,10.0712,0.02778,1,0.49821
12.9400,0.42035,-0.32206,0.41686,0.44121,-0.30707,10.0711,0.02763,1,0.49814
12.9600,0.42048,-0.32217,0.41554,0.44121,-0.30722,10.0711,0.02748,1,0.49807
12.9800,0.42062,-0.32227,0.41422,0.44121,-0.30736,10.0710,0.02733,1,0.49799
13.0000,0.42075,-0.32237,0.41290,0.44121,-0.30749,10.0710,0.02719,1,0.49792
13.0200,0.42088,-0.32246,0.41157,0.44121,-0.30761,10.0709,0.02705,1,0.49785
13.0400,0.42100,-0.32254,0.41025,0.44121,-0.30773,10.0709,0.02691,1,0.49777
13.0600,0.42113,-0.32262,0.40893,0.44121,-0.30784,10.0709,0.02677,1,0.49770
13.0800,0.42125,-0.32269,0.40761,0.44121,-0.30794,10.0708,0.02663,1,0.49763
13.1000,0.42138,-0.32275,0.40628,0.44121,-0.30803,10.0708,0.02650,1,0.49755
13.1200,0.42150,-0.32280,0.40496,0.44121,-0.30811,10.0708,0.02636,1,0.49748
13.1400,0.42162,-0.32285,0.40364,0.44121,-0.30819,10.0707,0.02623,1,0.49741
13.1600,0.42174,-0.32289,0.40231,0.44121,-0.30826,10.0707,0.02610,1,0.49734
13.1800,0.42186,-0.32292,0.40099,0.44121,-0.30832,10.0707,0.02598,1,0.49726
13.2000,0.42197,-0.32295,0.39967,0.44121,-0.30837,10.0707,0.02585,1,0.49719
13.2200,0.42209,-0.32297,0.39835,0.44121,-0.30842,10.0707,0.02573,1,0.49712
13.2400,0.42220,-0.32298,0.39702,0.44121,-0.30846,10.0706,0.02560,1,0.49705
13.2600,0.42231,-0.32298,0.39570,0.44121,-0.30848,10.0706,0.02548,1,0.49697
13.2800,0.42242,-0.32298,0.39438,0.44121,-0.30851,10.0706,0.02536,1,0.49690
13.3000,0.42253,-0.32297,0.39306,0.44121,-0.30852,10.0706,0.02525,1,0.49683
13.3200,0.42264,-0.32296,0.39173,0.44121,-0.30853,10.0706,0.02513,1,0.49676
13.3400,0.42275,-0.32293,0.39041,0.44121,-0.30852,10.0706,0.02502,1,0.49669
13.3600,0.42285,-0.32290,0.38909,0.44121,-0.30851,10.0706,0.02491,1,0.49662
13.3800,0.42295,-0.32287,0.38777,0.44121,-0.30849,10.0706,0.02480,1,0.49654
13.4000,0.42305,-0.32282,0.38645,0.44121,-0.30847,10.0705,0.02469,1,0.49647
13.4200,0.42316,-0.32277,0.38513,0.44121,-0.30843,10.0705,0.02459,1,0.49640
13.4400,0.42325,-0.32271,0.38381,0.44121,-0.30839,10.0705,0.02448,1,0.49633
13.4600,0.42335,-0.32265,0.38249,0.44121,-0.30834,10.0705,0.02438,1,0.49626
13.4800,0.42345,-0.32258,0.38118,0.44121,-0.30829,10.0705,0.02428,1,0.49619
13.5000,0.42354,-0.32250,0.37986,0.44121,-0.30822,10.0705,0.02418,1,0.49612
13.5200,0.42363,-0.32241,0.37854,0.44121,-0.30815,10.0705,0.02409,1,0.49604
13.5400,0.42373,-0.32232,0.37723,0.44121,-0.30807,10.0706,0.02399,1,0.49597
13.5600,0.42382,-0.32222,0.37591,0.44121,-0.30798,10.0706,0.02390,1,0.49590
13.5800,0.42390,-0.32211,0.37460,0.44121,-0.30788,10.0706,0.02381,1,0.49583
13.6000,0.42399,-0.32200,0.37328,0.44121,-0.30777,10.0706,0.02372,1,0.49576
13.6200,0.42408,-0.32188,0.37197,0.44121,-0.30766,10.0706,0.02363,1,0.49569
13.6400,0.42416,-0.32175,0.37066,0.44121,-0.30754,10.0706,0.02355,1,0.49562
13.6600,0.42424,-0.32162,0.36935,0.44121,-0.30741,10.0706,0.02346,1,0.49555
13.6800,0.42432,-0.32148,0.36804,0.44121,-0.30728,10.0706,0.02338,1,0.49548
13.7000,0.42440,-0.32133,0.36673,0.44121,-0.30713,10.0707,0.02330,1,0.49541
13.7200,0.42448,-0.32117,0.36542,0.44121,-0.30698,10.0707,0.02322,1,0.49534
13.7400,0.42456,-0.32101,0.36411,0.44121,-0.30682,10.0707,0.02315,1,0.49527
13.7600,0.42463,-0.32084,0.36280,0.44121,-0.30665,10.0707,0.02307,1,0.49520
13.7800,0.42471,-0.32067,0.36150,0.44121,-0.30648,10.0707,0.02300,1,0.49513
13.8000,0.42478,-0.32048,0.36020,0.44121,-0.30629,10.0708,0.02293,1,0.49506
13.8200,0.42485,-0.32030,0.35889,0.44121,-0.30610,10.0708,0.02286,1,0.49499
13.8400,0.42492,-0.32010,0.35759,0.44121,-0.30590,10.0708,0.02279,1,0.49492
13.8600,0.42499,-0.31990,0.35629,0.44121,-0.30570,10.0709,0.02273,1,0.49485
13.8800,0.42505,-0.31969,0.35499,0.44121,-0.30548,10.0709,0.02266,1,0.49478
13.9000,0.42512,-0.31947,0.35369,0.44121,-0.30526,10.0709,0.02260,1,0.49471
13.9200,0.42518,-0.31925,0.35240,0.44121,-0.30503,10.0710,0.02254,1,0.49464
13.9400,0.42524,-0.31902,0.35110,0.44121,-0.30479,10.0710,0.02248,1,0.49458
13.9600,0.42531,-0.31878,0.34981,0.44121,-0.30455,10.0710,0.02243,1,0.49451
13.9800,0.42536,-0.31854,0.34852,0.44121,-0.30429,10.0711,0.02237,1,0.49444
14.0000,0.42542,-0.31829,0.34723,0.44121,-0.30403,10.0711,0.02232,1,0.49437
14.0200,0.42548,-0.31803,0.34594,0.44121,-0.30376,10.0712,0.02227,1,0.49430
14.0400,0.42553,-0.31777,0.34465,0.44121,-0.30349,10.0712,0.02222,1,0.49423
14.0600,0.42559,-0.31750,0.34336,0.44121,-0.30320,10.0712,0.02218,1,0.49416
14.0800,0.42564,-0.31722,0.34208,0.44121,-0.30291,10.0713,0.02213,1,0.49410
14.1000,0.42569,-0.31694,0.34080,0.44121,-0.30261,10.0713,0.02209,1,0.49403
14.1200,0.42574,-0.31665,0.33952,0.44121,-0.30230,10.0714,0.02204,1,0.49396
14.1400,0.42578,-0.31635,0.33824,0.44121,-0.30199,10.0714,0.02201,1,0.49389
14.1600,0.42583,-0.31605,0.33696,0.44121,-0.30167,10.0715,0.02197,1,0.49382
14.1800,0.42587,-0.31573,0.33568,0.44121,-0.30134,10.0715,0.02193,1,0.49376
14.2000,0.42592,-0.31542,0.33441,0.44121,-0.30100,10.0716,0.02190,1,0.49369
14.2200,0.42596,-0.31509,0.33314,0.44121,-0.30065,10.0716,0.02186,1,0.49362
14.2400,0.42600,-0.31476,0.33187,0.44121,-0.30030,10.0717,0.02183,1,0.49355
14.2600,0.42604,-0.31443,0.33060,0.44121,-0.29994,10.0718,0.02180,1,0.49349
14.2800,0.42607,-0.31408,0.32933,0.44121,-0.29957,10.0718,0.02178,1,0.49342
14.3000,0.42611,-0.31373,0.32807,0.44121,-0.29920,10.0719,0.02175,1,0.49335
14.3200,0.42614,-0.31338,0.32681,0.44121,-0.29881,10.0719,0.02173,1,0.49328
14.3400,0.42618,-0.31301,0.32555,0.44121,-0.29842,10.0720,0.02171,1,0.49322
14.3600,0.42621,-0.31264,0.32429,0.44121,-0.29803,10.0721,0.02169,1,0.49315
14.3800,0.42624,-0.31227,0.32303,0.44121,-0.29762,10.0721,0.02167,1,0.49308
14.4000,0.42627,-0.31188,0.32178,0.44121,-0.29721,10.0722,0.02165,1,0.49302
14.4200,0.42629,-0.31149,0.32053,0.44121,-0.29679,10.0723,0.02164,1,0.49295
14.4400,0.42632,-0.31110,0.31928,0.44121,-0.29636,10.0723,0.02163,1,0.49288
14.4600,0.42634,-0.31069,0.31803,0.44121,-0.29592,10.0724,0.02161,1,0.49282
14.4800,0.42636,-0.31029,0.31679,0.44121,-0.29548,10.0725,0.02161,1,0.49275
14.5000,0.42639,-0.30987,0.31555,0.44121,-0.29503,10.0726,0.02160,1,0.49269
14.5200,0.42641,-0.30945,0.31431,0.44121,-0.29457,10.0726,0.02159,1,0.49262
14.5400,0.42642,-0.30902,0.31307,0.44121,-0.29411,10.0727,0.02159,1,0.49255
14.5600,0.42644,-0.30858,0.31183,0.44121,-0.29364,10.0728,0.02159,1,0.49249
14.5800,0.42646,-0.30814,0.31060,0.44121,-0.29316,10.0729,0.02159,1,0.49242
14.6000,0.42647,-0.30769,0.30937,0.44121,-0.29267,10.0730,0.02159,1,0.49236
14.6200,0.42648,-0.30724,0.30814,0.44121,-0.29218,10.0730,0.02159,1,0.49229
14.6400,0.42649,-0.30678,0.30692,0.44121,-0.29167,10.0731,0.02160,1,0.49223
14.6600,0.42650,-0.30631,0.30570,0.44121,-0.29117,10.0732,0.02160,1,0.49216
14.6800,0.42651,-0.30584,0.30448,0.44121,-0.29065,10.0733,0.02161,1,0.49210
14.7000,0.42652,-0.30536,0.30326,0.44121,-0.29013,10.0734,0.02162,1,0.49203
14.7200,0.42652,-0.30487,0.30205,0.44121,-0.28960,10.0735,0.02164,1,0.49197
14.7400,0.42652,-0.30438,0.30083,0.44121,-0.28906,10.0736,0.02165,1,0.49190
14.7600,0.42653,-0.30388,0.29963,0.44121,-0.28852,10.0737,0.02167,1,0.49184
14.7800,0.42653,-0.30338,0.29842,0.44121,-0.28796,10.0738,0.02168,1,0.49177
14.8000,0.42652,-0.30286,0.29722,0.44121,-0.28741,10.0738,0.02170,1,0.49171
14.8200,0.42652,-0.30235,0.29602,0.44121,-0.28684,10.0739,0.02172,1,0.49164
14.8400,0.42652,-0.30182,0.29482,0.44121,-0.28627,10.0740,0.02175,1,0.49158
14.8600,0.42651,-0.30129,0.29362,0.44121,-0.28569,10.0741,0.02177,1,0.49151
14.8800,0.42651,-0.30076,0.29243,0.44121,-0.28510,10.0742,0.02180,1,0.49145
14.9000,0.42650,-0.30021,0.29124,0.44121,-0.28451,10.0743,0.02183,1,0.49139
14.9200,0.42649,-0.29966,0.29006,0.44121,-0.28391,10.0744,0.02186,1,0.49132
14.9400,0.42648,-0.29911,0.28888,0.44121,-0.28330,10.0745,0.02189,1,0.49126
14.9600,0.42646,-0.29855,0.28770,0.44121,-0.28269,10.0747,0.02192,1,0.49119
14.9800,0.42645,-0.29798,0.28652,0.44121,-0.28206,10.0748,0.02196,1,0.49113
15.0000,0.42644,-0.29741,0.28535,0.44121,-0.28144,10.0749,0.02200,1,0.49107
15.0200,0.42642,-0.29683,0.28418,0.44121,-0.28080,10.0750,0.02203,1,0.49100
15.0400,0.42640,-0.29624,0.28301,0.44121,-0.28016,10.0751,0.02207,1,0.49094
15.0600,0.42638,-0.29565,0.28185,0.44121,-0.27951,10.0752,0.02212,1,0.49088
15.0800,0.42636,-0.29505,0.28069,0.44121,-0.27886,10.0753,0.02216,1,0.49081
15.1000,0.42634,-0.29445,0.27953,0.44121,-0.27819,10.0754,0.02221,1,0.49075
15.1200,0.42631,-0.29384,0.27838,0.44121,-0.27753,10.0755,0.02226,1,0.49069
15.1400,0.42629,-0.29322,0.27723,0.44121,-0.27685,10.0757,0.02231,1,0.49062
15.1600,0.42626,-0.29260,0.27608,0.44121,-0.27617,10.0758,0.02236,1,0.49056
15.1800,0.42623,-0.29197,0.27494,0.44121,-0.27548,10.0759,0.02241,1,0.49050
15.2000,0.42620,-0.29133,0.27380,0.44121,-0.27478,10.0760,0.02246,1,0.49044
15.2200,0.42617,-0.29069,0.27266,0.44121,-0.27408,10.0761,0.02252,1,0.49037
15.2400,0.42614,-0.29005,0.27153,0.44121,-0.27337,10.0763,0.02258,1,0.49031
15.2600,0.42610,-0.28939,0.27040,0.44121,-0.27266,10.0764,0.02264,1,0.49025
15.2800,0.42607,-0.28874,0.26927,0.44121,-0.27194,10.0765,0.02270,1,0.49019
15.3000,0.42603,-0.28807,0.26815,0.44121,-0.27121,10.0766,0.02276,1,0.49013
15.3200,0.42599,-0.28740,0.26703,0.44121,-0.27048,10.0768,0.02283,1,0.49006
15.3400,0.42595,-0.28673,0.26592,0.44121,-0.26974,10.0769,0.02290,1,0.49000
15.3600,0.42591,-0.28604,0.26481,0.44121,-0.26899,10.0770,0.02297,1,0.48994
15.3800,0.42587,-0.28536,0.26370,0.44121,-0.26824,10.0772,0.02304,1,0.48988
15.4000,0.42582,-0.28466,0.26260,0.44121,-0.26748,10.0773,0.02311,1,0.48982
15.4200,0.42578,-0.28396,0.26150,0.44121,-0.26671,10.0774,0.02318,1,0.48976
15.4400,0.42573,-0.28326,0.26040,0.44121,-0.26594,10.0776,0.02326,1,0.48970
15.4600,0.42568,-0.28255,0.25931,0.44121,-0.26516,10.0777,0.02334,1,0.48963
15.4800,0.42563,-0.28183,0.25822,0.44121,-0.26438,10.0779,0.02341,1,0.48957
15.5000,0.42558,-0.28111,0.25714,0.44121,-0.26358,10.0780,0.02350,1,0.48951
15.5200,0.42553,-0.28038,0.25606,0.44121,-0.26279,10.0781,0.02358,1,0.48945
15.5400,0.42547,-0.27964,0.25498,0.44121,-0.26199,10.0783,0.02366,1,0.48939
15.5600,0.42542,-0.27890,0.25391,0.44121,-0.26118,10.0784,0.02375,1,0.48933
15.5800,0.42536,-0.27816,0.25284,0.44121,-0.26036,10.0786,0.02384,1,0.48927
15.6000,0.42530,-0.27741,0.25178,0.44121,-0.25954,10.0787,0.02393,1,0.48921
15.6200,0.42524,-0.27665,0.25072,0.44121,-0.25871,10.0789,0.02402,1,0.48915
15.6400,0.42518,-0.27589,0.24966,0.44121,-0.25788,10.0790,0.02411,1,0.48909
15.6600,0.42512,-0.27512,0.24861,0.44121,-0.25704,10.0792,0.02421,1,0.48903
15.6800,0.42505,-0.27435,0.24757,0.44121,-0.25620,10.0793,0.02430,1,0.48897
15.7000,0.42499,-0.27357,0.24652,0.44121,-0.25535,10.0795,0.02440,1,0.48891
15.7200,0.42492,-0.27278,0.24548,0.44121,-0.25449,10.0796,0.02450,1,0.48885
15.7400,0.42485,-0.27199,0.24445,0.44121,-0.25363,10.0798,0.02460,1,0.48879
15.7600,0.42478,-0.27120,0.24342,0.44121,-0.25276,10.0800,0.02470,1,0.48873
15.7800,0.42471,-0.27040,0.24240,0.44121,-0.25189,10.0801,0.02481,1,0.48867
15.8000,0.42464,-0.26959,0.24137,0.44121,-0.25101,10.0803,0.02491,1,0.48861
15.8200,0.42456,-0.26878,0.24036,0.44121,-0.25012,10.0804,0.02502,1,0.48855
15.8400,0.42449,-0.26796,0.23935,0.44121,-0.24923,10.0806,0.02513,1,0.48849
15.8600,0.42441,-0.26714,0.23834,0.44121,-0.24834,10.0808,0.02524,1,0.48843
15.8800,0.42433,-0.26631,0.23734,0.44121,-0.24744,10.0809,0.02536,1,0.48837
15.9000,0.42425,-0.26547,0.23634,0.44121,-0.24653,10.0811,0.02547,1,0.48831
15.9200,0.42417,-0.26464,0.23534,0.44121,-0.24562,10.0813,0.02559,1,0.48825
15.9400,0.42409,-0.26379,0.23435,0.44121,-0.24470,10.0815,0.02571,1,0.48820
15.9600,0.42400,-0.26294,0.23337,0.44121,-0.24378,10.0816,0.02583,1,0.48814
15.9800,0.42392,-0.26209,0.23239,0.44121,-0.24285,10.0818,0.02595,1,0.48808
16.0000,0.42383,-0.26123,0.23141,0.44121,-0.24192,10.0820,0.02607,1,0.48802
16.0200,0.42374,-0.26036,0.23044,0.44121,-0.24098,10.0822,0.02620,1,0.48796
16.0400,0.42365,-0.25949,0.22948,0.44121,-0.24003,10.0823,0.02632,1,0.48790
16.0600,0.42356,-0.25861,0.22852,0.44121,-0.23908,10.0825,0.02645,1,0.48785
16.0800,0.42347,-0.25773,0.22756,0.44121,-0.23813,10.0827,0.02658,1,0.48779
16.1000,0.42338,-0.25684,0.22661,0.44121,-0.23717,10.0829,0.02671,1,0.48773
16.1200,0.42328,-0.25595,0.22566,0.44121,-0.23620,10.0831,0.02684,1,0.48767
16.1400,0.42318,-0.25506,0.22472,0.44121,-0.23523,10.0832,0.02698,1,0.48761
16.1600,0.42309,-0.25415,0.22379,0.44121,-0.23426,10.0834,0.02711,1,0.48756
16.1800,0.42299,-0.25325,0.22286,0.44121,-0.23328,10.0836,0.02725,1,0.48750
16.2000,0.42289,-0.25234,0.22193,0.44121,-0.23229,10.0838,0.02739,1,0.48744
16.2200,0.42278,-0.25142,0.22101,0.44121,-0.23131,10.0840,0.02753,1,0.48738
16.2400,0.42268,-0.25050,0.22009,0.44121,-0.23031,10.0842,0.02767,1,0.48733
16.2600,0.42257,-0.24957,0.21918,0.44121,-0.22931,10.0844,0.02782,1,0.48727
16.2800,0.42247,-0.24864,0.21827,0.44121,-0.22831,10.0846,0.02796,1,0.48721
16.3000,0.42236,-0.24770,0.21737,0.44121,-0.22730,10.0848,0.02811,1,0.48715
16.3200,0.42225,-0.24676,0.21648,0.44121,-0.22629,10.0850,0.02826,1,0.48710
16.3400,0.42214,-0.24581,0.21559,0.44121,-0.22527,10.0852,0.02841,1,0.48704
16.3600,0.42203,-0.24486,0.21470,0.44121,-0.22424,10.0854,0.02856,1,0.48698
16.3800,0.42192,-0.24390,0.21382,0.44121,-0.22322,10.0856,0.02872,1,0.48693
16.4000,0.42180,-0.24294,0.21295,0.44121,-0.22219,10.0858,0.02887,1,0.48687
16.4200,0.42169,-0.24197,0.21208,0.44121,-0.22115,10.0860,0.02903,1,0.48681
16.4400,0.42157,-0.24100,0.21122,0.44121,-0.22011,10.0862,0.02919,1,0.48676
16.4600,0.42145,-0.24003,0.21036,0.44121,-0.21906,10.0864,0.02935,1,0.48670
16.4800,0.42133,-0.23905,0.20950,0.44121,-0.21801,10.0866,0.02951,1,0.48664
16.5000,0.42121,-0.23806,0.20866,0.44121,-0.21696,10.0869,0.02967,1,0.48659
16.5200,0.42109,-0.23707,0.20781,0.44121,-0.21590,10.0871,0.02983,1,0.48653
16.5400,0.42096,-0.23608,0.20698,0.44121,-0.21484,10.0873,0.03000,1,0.48648
16.5600,0.42084,-0.23508,0.20615,0.44121,-0.21377,10.0875,0.03017,1,0.48642
16.5800,0.42071,-0.23407,0.20532,0.44121,-0.21270,10.0877,0.03033,1,0.48637
16.6000,0.42058,-0.23307,0.20450,0.44121,-0.21163,10.0879,0.03050,1,0.48631
16.6200,0.42045,-0.23205,0.20369,0.44121,-0.21055,10.0882,0.03068,1,0.48625
16.6400,0.42032,-0.23103,0.20288,0.44121,-0.20947,10.0884,0.03085,1,0.48620
16.6600,0.42019,-0.23001,0.20208,0.44121,-0.20838,10.0886,0.03102,1,0.48614
16.6800,0.42006,-0.22899,0.20128,0.44121,-0.20729,10.0888,0.03120,1,0.48609
16.7000,0.41992,-0.22795,0.20049,0.44121,-0.20619,10.0891,0.03138,1,0.48603
16.7200,0.41979,-0.22692,0.19970,0.44121,-0.20510,10.0893,0.03156,1,0.48598
16.7400,0.41965,-0.22588,0.19892,0.44121,-0.20399,10.0895,0.03174,1,0.48592
16.7600,0.41951,-0.22483,0.19815,0.44121,-0.20289,10.0898,0.03192,1,0.48587
16.7800,0.41937,-0.22379,0.19738,0.44121,-0.20178,10.0900,0.03210,1,0.48581
16.8000,0.41923,-0.22273,0.19662,0.44121,-0.20066,10.0902,0.03228,1,0.48576
16.8200,0.41909,-0.22167,0.19586,0.44121,-0.19955,10.0905,0.03247,1,0.48570
16.8400,0.41894,-0.22061,0.19511,0.44121,-0.19843,10.0907,0.03266,1,0.48565
16.8600,0.41880,-0.21955,0.19437,0.44121,-0.19730,10.0910,0.03285,1,0.48560
16.8800,0.41865,-0.21848,0.19363,0.44121,-0.19617,10.0912,0.03304,1,0.48554
16.9000,0.41850,-0.21740,0.19290,0.44121,-0.19504,10.0914,0.03323,1,0.48549
16.9200,0.41835,-0.21632,0.19217,0.44121,-0.19391,10.0917,0.03342,1,0.48543
16.9400,0.41820,-0.21524,0.19145,0.44121,-0.19277,10.0919,0.03361,1,0.48538
16.9600,0.41805,-0.21415,0.19073,0.44121,-0.19163,10.0922,0.03381,1,0.48533
16.9800,0.41790,-0.21306,0.19003,0.44121,-0.19048,10.0924,0.03401,1,0.48527
17.0000,0.41774,-0.21197,0.18932,0.44121,-0.18934,10.0927,0.03421,1,0.48522
17.0200,0.41759,-0.21087,0.18863,0.44121,-0.18819,10.0929,0.03440,1,0.48516
17.0400,0.41743,-0.20976,0.18794,0.44121,-0.18703,10.0932,0.03461,1,0.48511
17.0600,0.41727,-0.20866,0.18726,0.44121,-0.18587,10.0934,0.03481,1,0.48506
17.0800,0.41711,-0.20755,0.18658,0.44121,-0.18471,10.0937,0.03501,1,0.48500
17.1000,0.41695,-0.20643,0.18591,0.44121,-0.18355,10.0940,0.03522,1,0.48495
17.1200,0.41679,-0.20531,0.18524,0.44121,-0.18238,10.0942,0.03542,1,0.48490
17.1400,0.41662,-0.20419,0.18459,0.44121,-0.18121,10.0945,0.03563,1,0.48484
17.1600,0.41646,-0.20306,0.18393,0.44121,-0.18004,10.0947,0.03584,1,0.48479
17.1800,0.41629,-0.20193,0.18329,0.44121,-0.17887,10.0950,0.03605,1,0.48474
17.2000,0.41612,-0.20080,0.18265,0.44121,-0.17769,10.0953,0.03626,1,0.48469
17.2200,0.41596,-0.19966,0.18202,0.44121,-0.17651,10.0956,0.03647,1,0.48463
17.2400,0.41579,-0.19852,0.18139,0.44121,-0.17533,10.0958,0.03669,1,0.48458
17.2600,0.41561,-0.19737,0.18077,0.44121,-0.17414,10.0961,0.03690,1,0.48453
17.2800,0.41544,-0.19622,0.18016,0.44121,-0.17295,10.0964,0.03712,1,0.48448
17.3000,0.41527,-0.19507,0.17955,0.44121,-0.17176,10.0966,0.03733,1,0.48442
17.3200,0.41509,-0.19391,0.17896,0.44121,-0.17057,10.0969,0.03755,1,0.48437
17.3400,0.41492,-0.19275,0.17836,0.44121,-0.16937,10.0972,0.03777,1,0.48432
17.3600,0.41474,-0.19159,0.17778,0.44121,-0.16817,10.0975,0.03799,1,0.48427
17.3800,0.41456,-0.19042,0.17720,0.44121,-0.16697,10.0978,0.03821,1,0.48422
17.4000,0.41438,-0.18925,0.17662,0.44121,-0.16577,10.0980,0.03844,1,0.48416
17.4200,0.41420,-0.18808,0.17606,0.44121,-0.16456,10.0983,0.03866,1,0.48411
17.4400,0.41402,-0.18690,0.17550,0.44121,-0.16336,10.0986,0.03889,1,0.48406
17.4600,0.41383,-0.18572,0.17495,0.44121,-0.16215,10.0989,0.03911,1,0.48401
17.4800,0.41365,-0.18453,0.17440,0.44121,-0.16094,10.0992,0.03934,1,0.48396
17.5000,0.41346,-0.18335,0.17386,0.44121,-0.15972,10.0995,0.03957,1,0.48391
17.5200,0.41327,-0.18216,0.17333,0.44121,-0.15851,10.0998,0.03980,1,0.48386
17.5400,0.41309,-0.18096,0.17280,0.44121,-0.15729,10.1001,0.04003,1,0.48381
17.5600,0.41290,-0.17976,0.17228,0.44121,-0.15607,10.1004,0.04027,1,0.48376
17.5800,0.41271,-0.17856,0.17177,0.44121,-0.15485,10.1007,0.04050,1,0.48370
17.6000,0.41251,-0.17736,0.17127,0.44121,-0.15362,10.1010,0.04073,1,0.48365
17.6200,0.41232,-0.17615,0.17077,0.44121,-0.15240,10.1013,0.04097,1,0.48360
17.6400,0.41212,-0.17494,0.17028,0.44121,-0.15117,10.1016,0.04121,1,0.48355
17.6600,0.41193,-0.17373,0.16980,0.44121,-0.14994,10.1019,0.04144,1,0.48350
17.6800,0.41173,-0.17251,0.16932,0.44121,-0.14871,10.1022,0.04168,1,0.48345
17.7000,0.41153,-0.17129,0.16885,0.44121,-0.14748,10.1025,0.04192,1,0.48340
17.7200,0.41133,-0.17007,0.16839,0.44121,-0.14625,10.1028,0.04216,1,0.48335
17.7400,0.41113,-0.16885,0.16793,0.44121,-0.14501,10.1031,0.04240,1,0.48330
17.7600,0.41093,-0.16762,0.16749,0.44121,-0.14378,10.1034,0.04265,1,0.48325
17.7800,0.41073,-0.16639,0.16705,0.44121,-0.14254,10.1037,0.04289,1,0.48320
17.8000,0.41052,-0.16515,0.16661,0.44121,-0.14130,10.1040,0.04314,1,0.48315
17.8200,0.41032,-0.16392,0.16619,0.44121,-0.14006,10.1044,0.04338,1,0.48310
17.8400,0.41011,-0.16268,0.16577,0.44121,-0.13882,10.1047,0.04363,1,0.48305
17.8600,0.40990,-0.16143,0.16535,0.44121,-0.13758,10.1050,0.04388,1,0.48301
17.8800,0.40969,-0.16019,0.16495,0.44121,-0.13633,10.1053,0.04412,1,0.48296
17.9000,0.40948,-0.15894,0.16455,0.44121,-0.13509,10.1056,0.04437,1,0.48291
17.9200,0.40927,-0.15769,0.16416,0.44121,-0.13384,10.1060,0.04462,1,0.48286
17.9400,0.40906,-0.15644,0.16378,0.44121,-0.13259,10.1063,0.04488,1,0.48281
17.9600,0.40885,-0.15518,0.16341,0.44121,-0.13135,10.1066,0.04513,1,0.48276
17.9800,0.40863,-0.15393,0.16304,0.44121,-0.13010,10.1070,0.04538,1,0.48271
18.0000,0.40842,-0.15267,0.16268,0.44121,-0.12885,10.1073,0.04564,1,0.48266
18.0200,0.40820,-0.15140,0.16233,0.44121,-0.12760,10.1076,0.04589,1,0.48262
18.0400,0.40798,-0.15014,0.16198,0.44121,-0.12635,10.1080,0.04615,1,0.48257
18.0600,0.40776,-0.14887,0.16164,0.44121,-0.12509,10.1083,0.04640,1,0.48252
18.0800,0.40754,-0.14760,0.16131,0.44121,-0.12384,10.1086,0.04666,1,0.48247
18.1000,0.40732,-0.14633,0.16099,0.44121,-0.12259,10.1090,0.04692,1,0.48243
18.1200,0.40710,-0.14505,0.16068,0.44121,-0.12133,10.1093,0.04718,1,0.48238
18.1400,0.40687,-0.14378,0.16037,0.44121,-0.12008,10.1096,0.04744,1,0.48233
18.1600,0.40665,-0.14250,0.16007,0.44121,-0.11883,10.1100,0.04770,1,0.48228
18.1800,0.40642,-0.14122,0.15978,0.44121,-0.11757,10.1103,0.04796,1,0.48224
18.2000,0.40620,-0.13993,0.15949,0.44121,-0.11631,10.1107,0.04822,1,0.48219
18.2200,0.40597,-0.13865,0.15922,0.44121,-0.11506,10.1110,0.04849,1,0.48214
18.2400,0.40574,-0.13736,0.15895,0.44121,-0.11380,10.1114,0.04875,1,0.48209
18.2600,0.40551,-0.13607,0.15868,0.44121,-0.11255,10.1117,0.04902,1,0.48205
18.2800,0.40528,-0.13478,0.15843,0.44121,-0.11129,10.1121,0.04928,1,0.48200
18.3000,0.40505,-0.13348,0.15819,0.44121,-0.11003,10.1124,0.04955,1,0.48196
18.3200,0.40481,-0.13219,0.15795,0.44121,-0.10878,10.1128,0.04982,1,0.48191
18.3400,0.40458,-0.13089,0.15772,0.44121,-0.10752,10.1131,0.05008,1,0.48186
18.3600,0.40434,-0.12959,0.15750,0.44121,-0.10626,10.1135,0.05035,1,0.48182
18.3800,0.40411,-0.12829,0.15728,0.44121,-0.10501,10.1139,0.05062,1,0.48177
18.4000,0.40387,-0.12699,0.15707,0.44121,-0.10375,10.1142,0.05089,1,0.48173
18.4200,0.40363,-0.12569,0.15688,0.44121,-0.10249,10.1146,0.05116,1,0.48168
18.4400,0.40339,-0.12438,0.15669,0.44121,-0.10124,10.1149,0.05143,1,0.48163
18.4600,0.40315,-0.12307,0.15650,0.44121,-0.09998,10.1153,0.05170,1,0.48159
18.4800,0.40291,-0.12176,0.15633,0.44121,-0.09873,10.1157,0.05198,1,0.48154
18.5000,0.40266,-0.12045,0.15616,0.44121,-0.09747,10.1160,0.05225,1,0.48150
18.5200,0.40242,-0.11914,0.15600,0.44121,-0.09622,10.1164,0.05252,1,0.48145
18.5400,0.40218,-0.11783,0.15585,0.44121,-0.09496,10.1168,0.05280,1,0.48141
18.5600,0.40193,-0.11651,0.15571,0.44121,-0.09371,10.1172,0.05307,1,0.48137
18.5800,0.40168,-0.11519,0.15557,0.44121,-0.09246,10.1175,0.05335,1,0.48132
18.6000,0.40144,-0.11388,0.15545,0.44121,-0.09121,10.1179,0.05363,1,0.48128
18.6200,0.40119,-0.11256,0.15533,0.44121,-0.08995,10.1183,0.05390,1,0.48123
18.6400,0.40094,-0.11124,0.15522,0.44121,-0.08870,10.1187,0.05418,1,0.48119
18.6600,0.40069,-0.10992,0.15512,0.44121,-0.08745,10.1190,0.05446,1,0.48115
18.6800,0.40043,-0.10859,0.15502,0.44121,-0.08620,10.1194,0.05474,1,0.48110
18.7000,0.40018,-0.10727,0.15494,0.44121,-0.08496,10.1198,0.05501,1,0.48106
18.7200,0.39993,-0.10594,0.15486,0.44121,-0.08371,10.1202,0.05529,1,0.48101
18.7400,0.39967,-0.10462,0.15479,0.44121,-0.08246,10.1206,0.05557,1,0.48097
18.7600,0.39942,-0.10329,0.15473,0.44121,-0.08122,10.1210,0.05585,1,0.48093
18.7800,0.39916,-0.10196,0.15468,0.44121,-0.07997,10.1214,0.05614,1,0.48089
18.8000,0.39890,-0.10063,0.15463,0.44121,-0.07873,10.1217,0.05642,1,0.48084
18.8200,0.39865,-0.09930,0.15460,0.44121,-0.07749,10.1221,0.05670,1,0.48080
18.8400,0.39839,-0.09797,0.15457,0.44121,-0.07625,10.1225,0.05698,1,0.48076
18.8600,0.39813,-0.09664,0.15455,0.44121,-0.07501,10.1229,0.05726,1,0.48072
18.8800,0.39786,-0.09531,0.15454,0.44121,-0.07377,10.1233,0.05755,1,0.48068
18.9000,0.39760,-0.09398,0.15453,0.44121,-0.07253,10.1237,0.05783,1,0.48063
18.9200,0.39734,-0.09264,0.15454,0.44121,-0.07130,10.1241,0.05811,1,0.48059
18.9400,0.39708,-0.09131,0.15455,0.44121,-0.07006,10.1245,0.05840,1,0.48055
18.9600,0.39681,-0.08998,0.15458,0.44121,-0.06883,10.1249,0.05868,1,0.48051
18.9800,0.39655,-0.08864,0.15461,0.44121,-0.06760,10.1252,0.05897,1,0.48047
19.0000,0.39628,-0.08730,0.15465,0.44121,-0.06637,10.1255,0.05925,1,0.48043
19.0200,0.39601,-0.08597,0.15469,0.44121,-0.06514,10.1260,0.05954,1,0.48039
19.0400,0.39574,-0.08463,0.15475,0.44121,-0.06392,10.1264,0.05983,1,0.48035
19.0600,0.39547,-0.08330,0.15481,0.44121,-0.06269,10.1268,0.06011,1,0.48031
19.0800,0.39520,-0.08196,0.15489,0.44121,-0.06147,10.1272,0.06040,1,0.48027
19.1000,0.39493,-0.08062,0.15497,0.44121,-0.06025,10.1276,0.06069,1,0.48023
19.1200,0.39466,-0.07928,0.15506,0.44121,-0.05903,10.1280,0.06098,1,0.48019
19.1400,0.39439,-0.07795,0.15516,0.44121,-0.05781,10.1285,0.06126,1,0.48015
19.1600,0.39412,-0.07661,0.15527,0.44121,-0.05660,10.1289,0.06155,1,0.48011
19.1800,0.39384,-0.07527,0.15538,0.44121,-0.05539,10.1293,0.06184,1,0.48007
19.2000,0.39357,-0.07393,0.15551,0.44121,-0.05418,10.1297,0.06213,1,0.48003
19.2200,0.39329,-0.07259,0.15564,0.44121,-0.05297,10.1301,0.06242,1,0.47999
19.2400,0.39301,-0.07126,0.15578,0.44121,-0.05176,10.1305,0.06271,1,0.47996
19.2600,0.39274,-0.06992,0.15593,0.44121,-0.05056,10.1310,0.06300,1,0.47992
19.2800,0.39246,-0.06858,0.15609,0.44121,-0.04936,10.1314,0.06329,1,0.47988
19.3000,0.39218,-0.06724,0.15626,0.44121,-0.04816,10.1318,0.06358,1,0.47984
19.3200,0.39190,-0.06591,0.15643,0.44121,-0.04696,10.1322,0.06387,1,0.47981
19.3400,0.39162,-0.06457,0.15662,0.44121,-0.04577,10.1326,0.06416,1,0.47977
19.3600,0.39134,-0.06323,0.15681,0.44121,-0.04457,10.1331,0.06445,1,0.47973
19.3800,0.39106,-0.06190,0.15701,0.44121,-0.04339,10.1335,0.06474,1,0.47970
19.4000,0.39077,-0.06056,0.15723,0.44121,-0.04220,10.1339,0.06503,1,0.47966
19.4200,0.39049,-0.05923,0.15745,0.44121,-0.04101,10.1343,0.06532,1,0.47962
19.4400,0.39021,-0.05789,0.15767,0.44121,-0.03983,10.1348,0.06561,1,0.47959
19.4600,0.38992,-0.05656,0.15791,0.44121,-0.03865,10.1352,0.06590,1,0.47955
19.4800,0.38964,-0.05523,0.15816,0.44121,-0.03748,10.1356,0.06619,1,0.47952
19.5000,0.38935,-0.05389,0.15841,0.44121,-0.03630,10.1361,0.06648,1,0.47948
19.5200,0.38906,-0.05256,0.15868,0.44121,-0.03513,10.1365,0.06678,1,0.47945
19.5400,0.38877,-0.05123,0.15895,0.44121,-0.03397,10.1369,0.06707,1,0.47941
19.5600,0.38849,-0.04990,0.15923,0.44121,-0.03280,10.1374,0.06736,1,0.47938
19.5800,0.38820,-0.04857,0.15952,0.44121,-0.03164,10.1378,0.06765,1,0.47934
19.6000,0.38791,-0.04724,0.15982,0.44121,-0.03048,10.1382,0.06794,1,0.47931
19.6200,0.38762,-0.04592,0.16013,0.44121,-0.02933,10.1387,0.06823,1,0.47928
19.6400,0.38733,-0.04459,0.16044,0.44121,-0.02817,10.1391,0.06853,1,0.47924
19.6600,0.38704,-0.04327,0.16077,0.44121,-0.02702,10.1395,0.06882,1,0.47921
19.6800,0.38674,-0.04194,0.16110,0.44121,-0.02588,10.1400,0.06911,1,0.47918
19.7000,0.38645,-0.04062,0.16145,0.44121,-0.02474,10.1404,0.06940,1,0.47915
19.7200,0.38616,-0.03930,0.16180,0.44121,-0.02360,10.1408,0.06969,1,0.47911
19.7400,0.38586,-0.03798,0.16216,0.44121,-0.02246,10.1413,0.06998,1,0.47908
19.7600,0.38557,-0.03666,0.16253,0.44121,-0.02133,10.1417,0.07028,1,0.47905
19.7800,0.38527,-0.03534,0.16291,0.44121,-0.02020,10.1422,0.07057,1,0.47902
19.8000,0.38498,-0.03403,0.16330,0.44121,-0.01907,10.1426,0.07086,1,0.47899
19.8200,0.38468,-0.03271,0.16369,0.44121,-0.01795,10.1431,0.07115,1,0.47896
19.8400,0.38438,-0.03140,0.16410,0.44121,-0.01683,10.1435,0.07144,1,0.47893
19.8600,0.38409,-0.03009,0.16452,0.44121,-0.01572,10.1439,0.07173,1,0.47890
19.8800,0.38379,-0.02878,0.16494,0.44121,-0.01461,10.1444,0.07202,1,0.47887
19.9000,0.38349,-0.02747,0.16537,0.44121,-0.01350,10.1448,0.07232,1,0.47884
19.9200,0.38319,-0.02616,0.16581,0.44121,-0.01239,10.1453,0.07261,1,0.47881
19.9400,0.38289,-0.02486,0.16626,0.44121,-0.01129,10.1457,0.07290,1,0.47878
19.9600,0.38259,-0.02356,0.16672,0.44121,-0.01020,10.1462,0.07319,1,0.47875
19.9800,0.38229,-0.02226,0.16719,0.44121,-0.00911,10.1466,0.07348,1,0.47872
20.0000,0.38199,-0.02096,0.16767,0.44121,-0.00802,10.1471,0.07377,1,0.47870
20.0200,0.38169,-0.01966,0.16816,0.44121,-0.00693,10.1475,0.07406,1,0.47867
20.0400,0.38139,-0.01837,0.16865,0.44121,-0.00585,10.1480,0.07435,1,0.47864
20.0600,0.38108,-0.01708,0.16916,0.44121,-0.00478,10.1484,0.07464,1,0.47861
20.0800,0.38078,-0.01579,0.16967,0.44121,-0.00370,10.1489,0.07493,1,0.47859
20.1000,0.38048,-0.01450,0.17019,0.44121,-0.00264,10.1493,0.07522,1,0.47856
20.1200,0.38017,-0.01322,0.17072,0.44121,-0.00157,10.1498,0.07551,1,0.47854
20.1400,0.37987,-0.01193,0.17126,0.44121,-0.00051,10.1502,0.07579,1,0.47851
20.1600,0.37956,-0.01065,0.17181,0.44121,0.00054,10.1507,0.07608,1,0.47849
20.1800,0.37926,-0.00937,0.17237,0.44121,0.00159,10.1511,0.07637,1,0.47846
20.2000,0.37895,-0.00810,0.17294,0.44121,0.00264,10.1516,0.07666,1,0.47844
20.2200,0.37865,-0.00683,0.17351,0.44121,0.00368,10.1520,0.07695,1,0.47841
20.2400,0.37834,-0.00556,0.17410,0.44121,0.00472,10.1525,0.07723,1,0.47839
20.2600,0.37804,-0.00429,0.17469,0.44121,0.00575,10.1529,0.07752,1,0.47837
20.2800,0.37773,-0.00303,0.17530,0.44121,0.00678,10.1534,0.07781,1,0.47834
20.3000,0.37742,-0.00176,0.17591,0.44121,0.00781,10.1538,0.07809,1,0.47832
20.3200,0.37711,-0.00050,0.17653,0.44121,0.00883,10.1543,0.07838,1,0.47830
20.3400,0.37681,0.00075,0.17716,0.44121,0.00984,10.1547,0.07867,1,0.47828
20.3600,0.37650,0.00200,0.17780,0.44121,0.01085,10.1552,0.07895,1,0.47826
20.3800,0.37619,0.00325,0.17845,0.44121,0.01186,10.1557,0.07924,1,0.47824
20.4000,0.37588,0.00450,0.17911,0.44121,0.01286,10.1561,0.07952,1,0.47822
20.4200,0.37557,0.00574,0.17977,0.44121,0.01386,10.1566,0.07980,1,0.47820
20.4400,0.37526,0.00698,0.18045,0.44121,0.01485,10.1570,0.08009,1,0.47818
20.4600,0.37495,0.00822,0.18113,0.44121,0.01584,10.1575,0.08037,1,0.47816
20.4800,0.37464,0.00945,0.18183,0.44121,0.01682,10.1579,0.08065,1,0.47814
20.5000,0.37433,0.01068,0.18253,0.44121,0.01779,10.1584,0.08094,1,0.47812
20.5200,0.37402,0.01191,0.18324,0.44121,0.01877,10.1588,0.08122,1,0.47810
20.5400,0.37371,0.01313,0.18396,0.44121,0.01973,10.1593,0.08150,1,0.47809
20.5600,0.37340,0.01435,0.18469,0.44121,0.02069,10.1597,0.08178,1,0.47807
20.5800,0.37309,0.01557,0.18543,0.44121,0.02165,10.1602,0.08206,1,0.47805
20.6000,0.37278,0.01678,0.18618,0.44121,0.02260,10.1606,0.08234,1,0.47804
20.6200,0.37247,0.01799,0.18693,0.44121,0.02355,10.1611,0.08262,1,0.47802
20.6400,0.37216,0.01920,0.18770,0.44121,0.02449,10.1615,0.08290,1,0.47801
20.6600,0.37184,0.02040,0.18847,0.44121,0.02543,10.1620,0.08318,1,0.47799
20.6800,0.37153,0.02159,0.18926,0.44121,0.02636,10.1624,0.08346,1,0.47798
20.7000,0.37122,0.02279,0.19005,0.44121,0.02728,10.1629,0.08374,1,0.47796
20.7200,0.37091,0.02398,0.19085,0.44121,0.02820,10.1633,0.08401,1,0.47795
20.7400,0.37060,0.02516,0.19166,0.44121,0.02912,10.1638,0.08429,1,0.47794
20.7600,0.37028,0.02634,0.19248,0.44121,0.03002,10.1642,0.08456,1,0.47793
20.7800,0.36997,0.02752,0.19331,0.44121,0.03093,10.1647,0.08484,1,0.47792
20.8000,0.36966,0.02869,0.19414,0.44121,0.03183,10.1651,0.08511,1,0.47790
20.8200,0.36935,0.02986,0.19499,0.44121,0.03272,10.1656,0.08539,1,0.47789
20.8400,0.36904,0.03102,0.19584,0.44121,0.03361,10.1660,0.08566,1,0.47788
20.8600,0.36872,0.03218,0.19671,0.44121,0.03449,10.1665,0.08594,1,0.47787
20.8800,0.36841,0.03334,0.19758,0.44121,0.03536,10.1669,0.08621,1,0.47787
20.9000,0.36810,0.03449,0.19846,0.44121,0.03623,10.1674,0.08648,1,0.47786
20.9200,0.36779,0.03563,0.19935,0.44121,0.03710,10.1678,0.08675,1,0.47785
20.9400,0.36747,0.03677,0.20025,0.44121,0.03795,10.1682,0.08702,1,0.47784
20.9600,0.36716,0.03791,0.20115,0.44121,0.03881,10.1687,0.08729,1,0.47784
20.9800,0.36685,0.03904,0.20207,0.44121,0.03965,10.1691,0.08756,1,0.47783
21.0000,0.36653,0.04017,0.20300,0.44121,0.04050,10.1696,0.08783,1,0.47782
21.0200,0.36622,0.04129,0.20393,0.44121,0.04133,10.1700,0.08810,1,0.47782
21.0400,0.36591,0.04240,0.20487,0.44121,0.04216,10.1704,0.08836,1,0.47781
21.0600,0.36560,0.04351,0.20582,0.44121,0.04298,10.1709,0.08863,1,0.47781
21.0800,0.36529,0.04462,0.20678,0.44121,0.04380,10.1713,0.08890,1,0.47781
21.1000,0.36497,0.04572,0.20775,0.44121,0.04461,10.1717,0.08916,1,0.47780
21.1200,0.36466,0.04682,0.20873,0.44121,0.04542,10.1721,0.08943,1,0.47780
21.1400,0.36435,0.04791,0.20972,0.44121,0.04622,10.1726,0.08969,1,0.47780
21.1600,0.36404,0.04899,0.21071,0.44121,0.04701,10.1730,0.08995,1,0.47780
21.1800,0.36373,0.05007,0.21171,0.44121,0.04780,10.1734,0.09022,1,0.47780
21.2000,0.36342,0.05115,0.21273,0.44121,0.04858,10.1738,0.09048,1,0.47780
21.2200,0.36310,0.05221,0.21375,0.44121,0.04935,10.1742,0.09074,1,0.47780
21.2400,0.36279,0.05328,0.21477,0.44121,0.05012,10.1747,0.09100,1,0.47780
21.2600,0.36248,0.05433,0.21581,0.44121,0.05088,10.1751,0.09126,1,0.47781
21.2800,0.36217,0.05539,0.21686,0.44121,0.05164,10.1755,0.09152,1,0.47781
21.3000,0.36186,0.05643,0.21791,0.44121,0.05239,10.1759,0.09177,1,0.47781
21.3200,0.36155,0.05747,0.21898,0.44121,0.05313,10.1763,0.09203,1,0.47782
21.3400,0.36124,0.05850,0.22005,0.44121,0.05387,10.1767,0.09229,1,0.47782
21.3600,0.36093,0.05953,0.22113,0.44121,0.05460,10.1771,0.09254,1,0.47783
21.3800,0.36062,0.06055,0.22222,0.44121,0.05532,10.1775,0.09280,1,0.47783
21.4000,0.36031,0.06157,0.22331,0.44121,0.05604,10.1779,0.09305,1,0.47784
21.4200,0.36000,0.06258,0.22442,0.44121,0.05675,10.1783,0.09330,1,0.47785
21.4400,0.35970,0.06358,0.22553,0.44121,0.05745,10.1787,0.09355,1,0.47786
21.4600,0.35939,0.06458,0.22666,0.44121,0.05815,10.1791,0.09381,1,0.47787
21.4800,0.35908,0.06557,0.22779,0.44121,0.05884,10.1794,0.09406,1,0.47788
21.5000,0.35877,0.06655,0.22892,0.44121,0.05953,10.1798,0.09431,1,0.47789
21.5200,0.35847,0.06753,0.23007,0.44121,0.06021,10.1802,0.09455,1,0.47790
21.5400,0.35816,0.06850,0.23123,0.44121,0.06088,10.1806,0.09480,1,0.47791
21.5600,0.35785,0.06947,0.23239,0.44121,0.06154,10.1809,0.09505,1,0.47793
21.5800,0.35755,0.07043,0.23356,0.44121,0.06220,10.1813,0.09530,1,0.47794
21.6000,0.35724,0.07138,0.23474,0.44121,0.06285,10.1817,0.09554,1,0.47795
21.6200,0.35694,0.07232,0.23593,0.44121,0.06349,10.1820,0.09578,1,0.47797
21.6400,0.35663,0.07326,0.23713,0.44121,0.06413,10.1824,0.09603,1,0.47798
21.6600,0.35633,0.07419,0.23833,0.44121,0.06476,10.1827,0.09627,1,0.47800
21.6800,0.35603,0.07511,0.23954,0.44121,0.06539,10.1831,0.09651,1,0.47802
21.7000,0.35572,0.07603,0.24076,0.44121,0.06600,10.1834,0.09675,1,0.47804
21.7200,0.35542,0.07694,0.24199,0.44121,0.06661,10.1837,0.09699,1,0.47806
21.7400,0.35512,0.07784,0.24323,0.44121,0.06722,10.1841,0.09723,1,0.47808
21.7600,0.35482,0.07874,0.24447,0.44121,0.06781,10.1844,0.09747,1,0.47810
21.7800,0.35452,0.07963,0.24572,0.44121,0.06840,10.1847,0.09771,1,0.47812
21.8000,0.35421,0.08051,0.24698,0.44121,0.06899,10.1850,0.09794,1,0.47814
21.8200,0.35391,0.08138,0.24825,0.44121,0.06956,10.1853,0.09818,1,0.47817
21.8400,0.35362,0.08225,0.24952,0.44121,0.07013,10.1856,0.09841,1,0.47819
21.8600,0.35332,0.08310,0.25081,0.44121,0.07069,10.1859,0.09865,1,0.47822
21.8800,0.35302,0.08395,0.25210,0.44121,0.07125,10.1862,0.09888,1,0.47824
21.9000,0.35272,0.08480,0.25340,0.44121,0.07179,10.1865,0.09911,1,0.47827
21.9200,0.35242,0.08563,0.25470,0.44121,0.07233,10.1868,0.09934,1,0.47830
21.9400,0.35213,0.08646,0.25602,0.44121,0.07287,10.1871,0.09957,1,0.47833
21.9600,0.35183,0.08728,0.25734,0.44121,0.07339,10.1874,0.09980,1,0.47836
21.9800,0.35154,0.08809,0.25866,0.44121,0.07391,10.1876,0.10003,1,0.47839
22.0000,0.35124,0.08890,0.26000,0.44121,0.07442,10.1879,0.10026,1,0.47842
22.0200,0.35095,0.08969,0.26134,0.44121,0.07493,10.1881,0.10048,1,0.47845
22.0400,0.35066,0.09048,0.26270,0.44121,0.07542,10.1884,0.10071,1,0.47848
22.0600,0.35037,0.09126,0.26405,0.44121,0.07591,10.1886,0.10093,1,0.47852
22.0800,0.35007,0.09203,0.26542,0.44121,0.07639,10.1889,0.10115,1,0.47855
22.1000,0.34978,0.09279,0.26679,0.44121,0.07687,10.1891,0.10138,1,0.47859
22.1200,0.34949,0.09355,0.26817,0.44121,0.07734,10.1893,0.10160,1,0.47863
22.1400,0.34921,0.09429,0.26956,0.44121,0.07780,10.1895,0.10182,1,0.47867
22.1600,0.34892,0.09503,0.27095,0.44121,0.07825,10.1897,0.10204,1,0.47871
22.1800,0.34863,0.09576,0.27235,0.44121,0.07870,10.1899,0.10225,1,0.47875
22.2000,0.34834,0.09648,0.27376,0.44121,0.07913,10.1901,0.10247,1,0.47879
22.2200,0.34806,0.09719,0.27518,0.44121,0.07957,10.1903,0.10269,1,0.47883
22.2400,0.34777,0.09790,0.27660,0.44121,0.07999,10.1905,0.10290,1,0.47887
22.2600,0.34749,0.09859,0.27803,0.44121,0.08040,10.1906,0.10312,1,0.47892
22.2800,0.34721,0.09928,0.27946,0.44121,0.08081,10.1908,0.10333,1,0.47896
22.3000,0.34693,0.09996,0.28091,0.44121,0.08121,10.1909,0.10354,1,0.47901
22.3200,0.34664,0.10062,0.28236,0.44121,0.08161,10.1911,0.10375,1,0.47906
22.3400,0.34636,0.10128,0.28381,0.44121,0.08199,10.1912,0.10396,1,0.47911
22.3600,0.34609,0.10193,0.28528,0.44121,0.08237,10.1913,0.10417,1,0.47916
22.3800,0.34581,0.10257,0.28674,0.44121,0.08274,10.1914,0.10438,1,0.47921
22.4000,0.34553,0.10321,0.28822,0.44121,0.08311,10.1915,0.10459,1,0.47926
22.4200,0.34525,0.10383,0.28970,0.44121,0.08346,10.1916,0.10480,1,0.47931
22.4400,0.34498,0.10444,0.29119,0.44121,0.08381,10.1917,0.10500,1,0.47937
22.4600,0.34470,0.10505,0.29269,0.44121,0.08415,10.1918,0.10521,1,0.47942
22.4800,0.34443,0.10564,0.29419,0.44121,0.08449,10.1919,0.10541,1,0.47948
22.5000,0.34416,0.10623,0.29570,0.44121,0.08481,10.1919,0.10561,1,0.47954
22.5200,0.34389,0.10680,0.29721,0.44121,0.08513,10.1920,0.10581,1,0.47959
22.5400,0.34362,0.10737,0.29873,0.44121,0.08544,10.1920,0.10601,1,0.47965
22.5600,0.34335,0.10792,0.30025,0.44121,0.08574,10.1920,0.10621,1,0.47972
22.5800,0.34308,0.10847,0.30179,0.44121,0.08604,10.1921,0.10641,1,0.47978
22.6000,0.34281,0.10901,0.30332,0.44121,0.08632,10.1921,0.10661,1,0.47984
22.6200,0.34255,0.10954,0.30487,0.44121,0.08660,10.1921,0.10681,1,0.47991
22.6400,0.34228,0.11005,0.30642,0.44121,0.08687,10.1921,0.10700,1,0.47997
22.6600,0.34202,0.11056,0.30797,0.44121,0.08714,10.1920,0.10720,1,0.48004
22.6800,0.34176,0.11106,0.30953,0.44121,0.08740,10.1920,0.10739,1,0.48011
22.7000,0.34150,0.11155,0.31110,0.44121,0.08764,10.1920,0.10758,1,0.48018
22.7200,0.34124,0.11203,0.31267,0.44121,0.08788,10.1919,0.10777,1,0.48025
22.7400,0.34098,0.11249,0.31425,0.44121,0.08812,10.1918,0.10797,1,0.48032
22.7600,0.34072,0.11295,0.31583,0.44121,0.08834,10.1917,0.10815,1,0.48039
22.7800,0.34047,0.11340,0.31742,0.44121,0.08856,10.1916,0.10834,1,0.48047
22.8000,0.34021,0.11384,0.31901,0.44121,0.08877,10.1915,0.10853,1,0.48054
22.8200,0.33996,0.11426,0.32061,0.44121,0.08897,10.1914,0.10872,1,0.48062
22.8400,0.33971,0.11468,0.32222,0.44121,0.08917,10.1913,0.10890,1,0.48070
22.8600,0.33946,0.11509,0.32382,0.44121,0.08935,10.1911,0.10909,1,0.48078
22.8800,0.33921,0.11548,0.32544,0.44121,0.08953,10.1909,0.10927,1,0.48086
22.9000,0.33896,0.11587,0.32706,0.44121,0.08970,10.1907,0.10946,1,0.48094
22.9200,0.33871,0.11624,0.32868,0.44121,0.08987,10.1907,0.10964,1,0.48102
22.9400,0.33847,0.11661,0.33031,0.44121,0.09002,10.1907,0.10982,1,0.48111
22.9600,0.33822,0.11696,0.33194,0.44121,0.09017,10.1905,0.11000,1,0.48119
22.9800,0.33798,0.11730,0.33358,0.44121,0.09031,10.1903,0.11018,1,0.48128
23.0000,0.33774,0.11763,0.33522,0.44121,0.09044,10.1902,0.11036,1,0.48137
23.0200,0.33750,0.11796,0.33687,0.44121,0.09056,10.1900,0.11053,1,0.48146
23.0400,0.33726,0.11827,0.33852,0.44121,0.09068,10.1898,0.11071,1,0.48155
23.0600,0.33703,0.11857,0.34017,0.44121,0.09079,10.1896,0.11088,1,0.48164
23.0800,0.33679,0.11885,0.34183,0.44121,0.09089,10.1894,0.11106,1,0.48174
23.1000,0.33656,0.11913,0.34349,0.44121,0.09098,10.1891,0.11123,1,0.48183
23.1200,0.33633,0.11940,0.34516,0.44121,0.09106,10.1889,0.11140,1,0.48193
23.1400,0.33610,0.11966,0.34683,0.44121,0.09114,10.1887,0.11158,1,0.48203
23.1600,0.33587,0.11990,0.34851,0.44121,0.09121,10.1884,0.11175,1,0.48213
23.1800,0.33564,0.12013,0.35019,0.44121,0.09127,10.1882,0.11192,1,0.48223
23.2000,0.33541,0.12036,0.35187,0.44121,0.09132,10.1879,0.11208,1,0.48233
23.2200,0.33519,0.12057,0.35355,0.44121,0.09137,10.1876,0.11225,1,0.48243
23.2400,0.33497,0.12077,0.35524,0.44121,0.09141,10.1873,0.11242,1,0.48254
23.2600,0.33475,0.12096,0.35694,0.44121,0.09143,10.1871,0.11258,1,0.48264
23.2800,0.33453,0.12113,0.35863,0.44121,0.09146,10.1868,0.11275,1,0.48275
23.3000,0.33431,0.12130,0.36033,0.44121,0.09147,10.1865,0.11291,1,0.48286
23.3200,0.33409,0.12146,0.36203,0.44121,0.09147,10.1862,0.11308,1,0.48297
23.3400,0.33388,0.12160,0.36374,0.44121,0.09147,10.1859,0.11324,1,0.48308
23.3600,0.33367,0.12173,0.36545,0.44121,0.09146,10.1856,0.11340,1,0.48320
23.3800,0.33346,0.12185,0.36716,0.44121,0.09144,10.1853,0.11356,1,0.48331
23.4000,0.33325,0.12196,0.36887,0.44121,0.09142,10.1850,0.11372,1,0.48343
23.4200,0.33304,0.12206,0.37059,0.44121,0.09138,10.1847,0.11388,1,0.48354
23.4400,0.33284,0.12214,0.37231,0.44121,0.09134,10.1844,0.11403,1,0.48366
23.4600,0.33263,0.12222,0.37403,0.44121,0.09129,10.1841,0.11419,1,0.48378
23.4800,0.33243,0.12228,0.37576,0.44121,0.09123,10.1838,0.11434,1,0.48390
23.5000,0.33223,0.12233,0.37748,0.44121,0.09117,10.1835,0.11450,1,0.48403
23.5200,0.33203,0.12237,0.37921,0.44121,0.09110,10.1832,0.11465,1,0.48415
23.5400,0.33184,0.12240,0.38094,0.44121,0.09101,10.1829,0.11480,1,0.48428
23.5600,0.33164,0.12242,0.38267,0.44121,0.09093,10.1826,0.11496,1,0.48440
23.5800,0.33145,0.12242,0.38441,0.44121,0.09083,10.1824,0.11511,1,0.48453
23.6000,0.33126,0.12241,0.38615,0.44121,0.09072,10.1821,0.11526,1,0.48466
23.6200,0.33107,0.12239,0.38788,0.44121,0.09061,10.1818,0.11540,1,0.48479
23.6400,0.33088,0.12236,0.38962,0.44121,0.09049,10.1816,0.11555,1,0.48492
23.6600,0.33070,0.12232,0.39136,0.44121,0.09036,10.1813,0.11570,1,0.48506
23.6800,0.33052,0.12226,0.39311,0.44121,0.09023,10.1811,0.11584,1,0.48519
23.7000,0.33034,0.12220,0.39485,0.44121,0.09008,10.1809,0.11599,1,0.48533
23.7200,0.33016,0.12212,0.39659,0.44121,0.08993,10.1807,0.11613,1,0.48547
23.7400,0.32998,0.12203,0.39834,0.44121,0.08977,10.1805,0.11628,1,0.48561
23.7600,0.32981,0.12193,0.40008,0.44121,0.08960,10.1803,0.11642,1,0.48575
23.7800,0.32963,0.12181,0.40183,0.44121,0.08943,10.1802,0.11656,1,0.48589
23.8000,0.32946,0.12169,0.40358,0.44121,0.08924,10.1800,0.11670,1,0.48603
23.8200,0.32929,0.12155,0.40533,0.44121,0.08905,10.1799,0.11684,1,0.48618
23.8400,0.32913,0.12140,0.40708,0.44121,0.08885,10.1798,0.11697,1,0.48632
23.8600,0.32896,0.12124,0.40883,0.44121,0.08865,10.1797,0.11711,1,0.48647
23.8800,0.32880,0.12106,0.41057,0.44121,0.08843,10.1797,0.11725,1,0.48662
23.9000,0.32864,0.12088,0.41232,0.44121,0.08821,10.1796,0.11738,1,0.48677
23.9200,0.32848,0.12068,0.41407,0.44121,0.08798,10.1796,0.11752,1,0.48692
23.9400,0.32833,0.12047,0.41582,0.44121,0.08774,10.1797,0.11765,1,0.48707
23.9600,0.32817,0.12025,0.41757,0.44121,0.08750,10.1797,0.11778,1,0.48723
23.9800,0.32802,0.12001,0.41932,0.44121,0.08724,10.1798,0.11791,1,0.48738
24.0000,0.32787,0.11977,0.42107,0.44121,0.08698,10.1799,0.11804,1,0.48754
24.0200,0.32773,0.11951,0.42281,0.44121,0.08671,10.1801,0.11817,1,0.48769
24.0400,0.32758,0.11924,0.42456,0.44121,0.08644,10.1802,0.11830,1,0.48785
24.0600,0.32744,0.11896,0.42631,0.44121,0.08615,10.1805,0.11843,1,0.48801
24.0800,0.32730,0.11866,0.42805,0.44121,0.08586,10.1807,0.11855,1,0.48817
24.1000,0.32716,0.11836,0.42980,0.44121,0.08556,10.1810,0.11868,1,0.48834
24.1200,0.32703,0.11804,0.43154,0.44121,0.08525,10.1813,0.11880,1,0.48850
24.1400,0.32689,0.11771,0.43328,0.44121,0.08494,10.1817,0.11892,1,0.48867
24.1600,0.32676,0.11737,0.43502,0.44121,0.08462,10.1821,0.11904,1,0.48883
24.1800,0.32663,0.11702,0.43676,0.44121,0.08429,10.1826,0.11916,1,0.48900
24.2000,0.32651,0.11665,0.43849,0.44121,0.08395,10.1831,0.11928,1,0.48917
24.2200,0.32638,0.11627,0.44023,0.44121,0.08360,10.1836,0.11940,1,0.48934
24.2400,0.32626,0.11589,0.44196,0.44121,0.08325,10.1842,0.11952,1,0.48951
24.2600,0.32614,0.11548,0.44369,0.44121,0.08289,10.1849,0.11964,1,0.48968
24.2800,0.32603,0.11507,0.44542,0.44121,0.08252,10.1856,0.11975,1,0.48985
24.3000,0.32591,0.11465,0.44715,0.44121,0.08215,10.1863,0.11986,1,0.49003
24.3200,0.32580,0.11421,0.44887,0.44121,0.08176,10.1871,0.11998,1,0.49020
24.3400,0.32569,0.11376,0.45059,0.44121,0.08137,10.1880,0.12009,1,0.49038
24.3600,0.32558,0.11330,0.45231,0.44121,0.08097,10.1889,0.12020,1,0.49056
24.3800,0.32548,0.11283,0.45403,0.44121,0.08057,10.1899,0.12031,1,0.49073
24.4000,0.32538,0.11235,0.45574,0.44121,0.08016,10.1909,0.12041,1,0.49091
24.4200,0.32528,0.11186,0.45745,0.44121,0.07974,10.1919,0.12052,1,0.49109
24.4400,0.32518,0.11135,0.45916,0.44121,0.07931,10.1931,0.12063,1,0.49127
24.4600,0.32509,0.11083,0.46086,0.44121,0.07887,10.1943,0.12073,1,0.49146
24.4800,0.32500,0.11030,0.46256,0.44121,0.07843,10.1955,0.12083,1,0.49164
24.5000,0.32491,0.10976,0.46426,0.44121,0.07798,10.1968,0.12093,1,0.49182
24.5200,0.32482,0.10921,0.46595,0.44121,0.07752,10.1982,0.12103,1,0.49201
24.5400,0.32474,0.10864,0.46764,0.44121,0.07706,10.1996,0.12113,1,0.49219
24.5600,0.32466,0.10807,0.46933,0.44121,0.07659,10.2011,0.12123,1,0.49238
24.5800,0.32458,0.10748,0.47101,0.44121,0.07611,10.2026,0.12133,1,0.49257
24.6000,0.32450,0.10688,0.47269,0.44121,0.07562,10.2042,0.12142,1,0.49275
24.6200,0.32443,0.10628,0.47436,0.44121,0.07513,10.2058,0.12152,1,0.49294
24.6400,0.32436,0.10566,0.47603,0.44121,0.07462,10.2076,0.12161,1,0.49313
24.6600,0.32429,0.10502,0.47769,0.44121,0.07412,10.2093,0.12170,1,0.49332
24.6800,0.32422,0.10438,0.47935,0.44121,0.07360,10.2112,0.12179,1,0.49351
24.7000,0.32416,0.10373,0.48101,0.44121,0.07308,10.2131,0.12187,1,0.49371
24.7200,0.32410,0.10306,0.48266,0.44121,0.07255,10.2150,0.12196,1,0.49390
24.7400,0.32404,0.10239,0.48430,0.44121,0.07201,10.2170,0.12205,1,0.49409
24.7600,0.32399,0.10170,0.48594,0.44121,0.07147,10.2191,0.12213,1,0.49429
24.7800,0.32393,0.10100,0.48758,0.44121,0.07091,10.2212,0.12221,1,0.49448
24.8000,0.32389,0.10029,0.48921,0.44121,0.07036,10.2234,0.12229,1,0.49467
24.8200,0.32384,0.09957,0.49083,0.44121,0.06979,10.2256,0.12237,1,0.49487
24.8400,0.32379,0.09884,0.49245,0.44121,0.06922,10.2279,0.12245,1,0.49506
24.8600,0.32375,0.09810,0.49406,0.44121,0.06864,10.2302,0.12252,1,0.49526
24.8800,0.32371,0.09735,0.49567,0.44121,0.06805,10.2326,0.12260,1,0.49546
24.9000,0.32368,0.09659,0.49727,0.44121,0.06746,10.2350,0.12267,1,0.49565
24.9200,0.32365,0.09582,0.49887,0.44121,0.06686,10.2374,0.12274,1,0.49585
24.9400,0.32362,0.09504,0.50046,0.44121,0.06625,10.2400,0.12281,1,0.49605
24.9600,0.32359,0.09424,0.50204,0.44121,0.06564,10.2425,0.12288,1,0.49625
24.9800,0.32356,0.09344,0.50362,0.44121,0.06501,10.2451,0.12294,1,0.49645
25.0000,0.32354,0.09262,0.50519,0.44121,0.06439,10.2477,0.12300,1,0.49665
25.0200,0.32352,0.09180,0.50675,0.44121,0.06375,10.2504,0.12307,1,0.49684
25.0400,0.32351,0.09097,0.50831,0.44121,0.06311,10.2531,0.12313,1,0.49704
25.0600,0.32349,0.09012,0.50986,0.44121,0.06246,10.2558,0.12319,1,0.49724
25.0800,0.32348,0.08927,0.51141,0.44121,0.06181,10.2586,0.12324,1,0.49744
25.1000,0.32347,0.08841,0.51294,0.44121,0.06114,10.2614,0.12330,1,0.49764
25.1200,0.32347,0.08753,0.51447,0.44121,0.06047,10.2642,0.12335,1,0.49784
25.1400,0.32347,0.08665,0.51600,0.44121,0.05980,10.2670,0.12340,1,0.49804
25.1600,0.32347,0.08576,0.51751,0.44121,0.05912,10.2699,0.12345,1,0.49824
25.1800,0.32347,0.08485,0.51902,0.44121,0.05843,10.2728,0.12350,1,0.49844
25.2000,0.32348,0.08394,0.52052,0.44121,0.05773,10.2756,0.12354,1,0.49864
25.2200,0.32349,0.08302,0.52201,0.44121,0.05703,10.2785,0.12359,1,0.49884
25.2400,0.32350,0.08209,0.52350,0.44121,0.05632,10.2814,0.12363,1,0.49904
25.2600,0.32351,0.08115,0.52497,0.44121,0.05561,10.2843,0.12367,1,0.49924
25.2800,0.32353,0.08020,0.52644,0.44121,0.05489,10.2872,0.12370,1,0.49944
25.3000,0.32355,0.07924,0.52790,0.44121,0.05416,10.2901,0.12374,1,0.49964
25.3200,0.32357,0.07827,0.52936,0.44121,0.05343,10.2930,0.12377,1,0.49984
25.3400,0.32360,0.07729,0.53080,0.44121,0.05269,10.2959,0.12380,1,0.50004
25.3600,0.32363,0.07631,0.53224,0.44121,0.05194,10.2988,0.12383,1,0.50024
25.3800,0.32366,0.07531,0.53367,0.44121,0.05118,10.3016,0.12386,1,0.50044
25.4000,0.32369,0.07431,0.53509,0.44121,0.05043,10.3045,0.12388,1,0.50064
25.4200,0.32373,0.07330,0.53650,0.44121,0.04966,10.3073,0.12390,1,0.50084
25.4400,0.32377,0.07228,0.53790,0.44121,0.04889,10.3101,0.12392,1,0.50103
25.4600,0.32381,0.07125,0.53930,0.44121,0.04811,10.3128,0.12394,1,0.50123
25.4800,0.32386,0.07021,0.54068,0.44121,0.04732,10.3155,0.12396,1,0.50143
25.5000,0.32391,0.06917,0.54206,0.44121,0.04653,10.3182,0.12397,1,0.50163
25.5200,0.32396,0.06811,0.54342,0.44121,0.04574,10.3209,0.12398,1,0.50182
25.5400,0.32401,0.06705,0.54478,0.44121,0.04493,10.3235,0.12399,1,0.50202
25.5600,0.32407,0.06598,0.54613,0.44121,0.04413,10.3260,0.12400,1,0.50221
25.5800,0.32413,0.06490,0.54747,0.44121,0.04331,10.3286,0.12400,1,0.50241
25.6000,0.32419,0.06381,0.54880,0.44121,0.04249,10.3310,0.12400,1,0.50260
25.6200,0.32426,0.06272,0.55012,0.44121,0.04166,10.3334,0.12400,1,0.50280
25.6400,0.32432,0.06162,0.55143,0.44121,0.04083,10.3358,0.12400,1,0.50299
25.6600,0.32439,0.06051,0.55274,0.44121,0.03999,10.3381,0.12400,1,0.50318
25.6800,0.32447,0.05939,0.55403,0.44121,0.03915,10.3403,0.12399,1,0.50337
25.7000,0.32454,0.05826,0.55531,0.44121,0.03830,10.3425,0.12398,1,0.50356
25.7200,0.32462,0.05713,0.55658,0.44121,0.03744,10.3445,0.12397,1,0.50375
25.7400,0.32470,0.05599,0.55785,0.44121,0.03658,10.3466,0.12395,1,0.50394
25.7600,0.32479,0.05485,0.55910,0.44121,0.03571,10.3485,0.12393,1,0.50413
25.7800,0.32487,0.05369,0.56034,0.44121,0.03484,10.3504,0.12391,1,0.50432
25.8000,0.32496,0.05253,0.56158,0.44121,0.03396,10.3522,0.12389,1,0.50451
25.8200,0.32506,0.05136,0.56280,0.44121,0.03307,10.3539,0.12387,1,0.50469
25.8400,0.32515,0.05019,0.56401,0.44121,0.03218,10.3556,0.12384,1,0.50488
25.8600,0.32525,0.04900,0.56522,0.44121,0.03129,10.3571,0.12381,1,0.50506
25.8800,0.32535,0.04782,0.56641,0.44121,0.03039,10.3586,0.12378,1,0.50525
25.9000,0.32545,0.04662,0.56759,0.44121,0.02948,10.3600,0.12374,1,0.50543
25.9200,0.32555,0.04542,0.56876,0.44121,0.02857,10.3613,0.12370,1,0.50561
25.9400,0.32566,0.04421,0.56992,0.44121,0.02765,10.3625,0.12366,1,0.50579
25.9600,0.32577,0.04300,0.57108,0.44121,0.02673,10.3636,0.12362,1,0.50597
25.9800,0.32589,0.04177,0.57222,0.44121,0.02580,10.3647,0.12357,1,0.50615
26.0000,0.32600,0.04055,0.57335,0.44121,0.02486,10.3656,0.12353,1,0.50633
26.0200,0.32612,0.03931,0.57447,0.44121,0.02393,10.3665,0.12347,1,0.50650
26.0400,0.32624,0.03807,0.57557,0.44121,0.02298,10.3673,0.12342,1,0.50668
26.0600,0.32636,0.03683,0.57667,0.44121,0.02203,10.3680,0.12337,1,0.50685
26.0800,0.32649,0.03557,0.57776,0.44121,0.02108,10.3686,0.12331,1,0.50703
26.1000,0.32662,0.03432,0.57884,0.44121,0.02012,10.3691,0.12325,1,0.50720
26.1200,0.32675,0.03305,0.57990,0.44121,0.01915,10.3695,0.12318,1,0.50737
26.1400,0.32688,0.03178,0.58096,0.44121,0.01818,10.3699,0.12311,1,0.50754
26.1600,0.32702,0.03051,0.58200,0.44121,0.01721,10.3701,0.12305,1,0.50771
26.1800,0.32715,0.02923,0.58304,0.44121,0.01623,10.3703,0.12297,1,0.50788
26.2000,0.32729,0.02794,0.58406,0.44121,0.01524,10.3704,0.12290,1,0.50805
26.2200,0.32744,0.02665,0.58507,0.44121,0.01425,10.3704,0.12282,1,0.50821
26.2400,0.32758,0.02536,0.58607,0.44121,0.01326,10.3704,0.12274,1,0.50838
26.2600,0.32773,0.02405,0.58706,0.44121,0.01226,10.3702,0.12266,1,0.50854
26.2800,0.32788,0.02275,0.58804,0.44121,0.01126,10.3700,0.12257,1,0.50870
26.3000,0.32803,0.02143,0.58901,0.44121,0.01025,10.3697,0.12249,1,0.50886
26.3200,0.32818,0.02012,0.58996,0.44121,0.00923,10.3694,0.12240,1,0.50902
26.3400,0.32834,0.01880,0.59091,0.44121,0.00822,10.3689,0.12230,1,0.50918
26.3600,0.32850,0.01747,0.59185,0.44121,0.00719,10.3684,0.12221,1,0.50933
26.3800,0.32866,0.01614,0.59277,0.44121,0.00617,10.3679,0.12211,1,0.50949
26.4000,0.32882,0.01480,0.59368,0.44121,0.00514,10.3672,0.12201,1,0.50964
26.4200,0.32899,0.01346,0.59458,0.44121,0.00410,10.3665,0.12191,1,0.50980
26.4400,0.32916,0.01211,0.59547,0.44121,0.00306,10.3658,0.12180,1,0.50995
26.4600,0.32933,0.01076,0.59635,0.44121,0.00201,10.3650,0.12169,1,0.51010
26.4800,0.32950,0.00941,0.59722,0.44121,0.00096,10.3641,0.12158,1,0.51025
26.5000,0.32968,0.00805,0.59808,0.44121,-0.00009,10.3632,0.12146,1,0.51040
26.5200,0.32985,0.00669,0.59893,0.44121,-0.00115,10.3622,0.12135,1,0.51054
26.5400,0.33003,0.00532,0.59976,0.44121,-0.00221,10.3612,0.12123,1,0.51069
26.5600,0.33021,0.00395,0.60059,0.44121,-0.00328,10.3602,0.12111,1,0.51083
26.5800,0.33040,0.00257,0.60140,0.44121,-0.00435,10.3591,0.12098,1,0.51097
26.6000,0.33058,0.00119,0.60220,0.44121,-0.00542,10.3579,0.12086,1,0.51112
26.6200,0.33077,-0.00019,0.60299,0.44121,-0.00650,10.3567,0.12073,1,0.51126
26.6400,0.33096,-0.00158,0.60377,0.44121,-0.00758,10.3555,0.12059,1,0.51139
26.6600,0.33115,-0.00297,0.60454,0.44121,-0.00867,10.3542,0.12046,1,0.51153
26.6800,0.33135,-0.00436,0.60530,0.44121,-0.00976,10.3529,0.12032,1,0.51167
26.7000,0.33154,-0.00576,0.60604,0.44121,-0.01086,10.3515,0.12018,1,0.51180
26.7200,0.33174,-0.00716,0.60678,0.44121,-0.01195,10.3502,0.12004,1,0.51193
26.7400,0.33194,-0.00857,0.60750,0.44121,-0.01306,10.3488,0.11989,1,0.51206
26.7600,0.33214,-0.00998,0.60822,0.44121,-0.01416,10.3473,0.11975,1,0.51219
26.7800,0.33235,-0.01139,0.60892,0.44121,-0.01527,10.3458,0.11960,1,0.51232
26.8000,0.33255,-0.01281,0.60961,0.44121,-0.01639,10.3443,0.11945,1,0.51245
26.8200,0.33276,-0.01422,0.61029,0.44121,-0.01750,10.3428,0.11929,1,0.51258
26.8400,0.33297,-0.01565,0.61096,0.44121,-0.01862,10.3412,0.11913,1,0.51270
26.8600,0.33318,-0.01707,0.61161,0.44121,-0.01975,10.3397,0.11897,1,0.51282
26.8800,0.33340,-0.01850,0.61226,0.44121,-0.02088,10.3381,0.11881,1,0.51295
26.9000,0.33361,-0.01993,0.61289,0.44121,-0.02201,10.3364,0.11865,1,0.51307
26.9200,0.33383,-0.02136,0.61352,0.44121,-0.02314,10.3348,0.11848,1,0.51319
26.9400,0.33405,-0.02280,0.61413,0.44121,-0.02428,10.3331,0.11831,1,0.51330
26.9600,0.33427,-0.02424,0.61473,0.44121,-0.02542,10.3314,0.11814,1,0.51342
26.9800,0.33450,-0.02568,0.61532,0.44121,-0.02657,10.3297,0.11796,1,0.51353
27.0000,0.33472,-0.02712,0.61590,0.44121,-0.02771,10.3279,0.11779,1,0.51365
27.0200,0.33495,-0.02857,0.61647,0.44121,-0.02887,10.3262,0.11761,1,0.51376
27.0400,0.33518,-0.03002,0.61703,0.44121,-0.03002,10.3244,0.11743,1,0.51387
27.0600,0.33541,-0.03147,0.61757,0.44121,-0.03118,10.3226,0.11724,1,0.51398
27.0800,0.33564,-0.03292,0.61811,0.44121,-0.03234,10.3208,0.11706,1,0.51409
27.1000,0.33587,-0.03438,0.61863,0.44121,-0.03350,10.3190,0.11687,1,0.51419
27.1200,0.33611,-0.03584,0.61914,0.44121,-0.03467,10.3171,0.11668,1,0.51430
27.1400,0.33635,-0.03730,0.61965,0.44121,-0.03584,10.3153,0.11649,1,0.51440
27.1600,0.33659,-0.03876,0.62014,0.44121,-0.03701,10.3134,0.11629,1,0.51450
27.1800,0.33683,-0.04022,0.62062,0.44121,-0.03818,10.3115,0.11610,1,0.51461
27.2000,0.33707,-0.04169,0.62109,0.44121,-0.03936,10.3096,0.11590,1,0.51470
27.2200,0.33731,-0.04316,0.62154,0.44121,-0.04054,10.3077,0.11569,1,0.51480
27.2400,0.33756,-0.04463,0.62199,0.44121,-0.04172,10.3058,0.11549,1,0.51490
27.2600,0.33781,-0.04610,0.62242,0.44121,-0.04291,10.3038,0.11529,1,0.51499
27.2800,0.33806,-0.04757,0.62285,0.44121,-0.04410,10.3019,0.11508,1,0.51509
27.3000,0.33831,-0.04904,0.62326,0.44121,-0.04529,10.2999,0.11487,1,0.51518
27.3200,0.33856,-0.05052,0.62367,0.44121,-0.04648,10.2980,0.11465,1,0.51527
27.3400,0.33881,-0.05199,0.62406,0.44121,-0.04768,10.2960,0.11444,1,0.51536
27.3600,0.33907,-0.05347,0.62444,0.44121,-0.04888,10.2941,0.11422,1,0.51545
27.3800,0.33932,-0.05495,0.62481,0.44121,-0.05008,10.2921,0.11401,1,0.51554
27.4000,0.33958,-0.05643,0.62517,0.44121,-0.05128,10.2901,0.11378,1,0.51562
27.4200,0.33984,-0.05791,0.62551,0.44121,-0.05249,10.2881,0.11356,1,0.51571
27.4400,0.34010,-0.05939,0.62585,0.44121,-0.05369,10.2861,0.11334,1,0.51579
27.4600,0.34037,-0.06087,0.62618,0.44121,-0.05490,10.2842,0.11311,1,0.51587
27.4800,0.34063,-0.06236,0.62649,0.44121,-0.05611,10.2822,0.11288,1,0.51595
27.5000,0.34090,-0.06384,0.62680,0.44121,-0.05733,10.2802,0.11265,1,0.51603
27.5200,0.34116,-0.06532,0.62709,0.44121,-0.05854,10.2782,0.11242,1,0.51611
27.5400,0.34143,-0.06681,0.62737,0.44121,-0.05976,10.2762,0.11218,1,0.51619
27.5600,0.34170,-0.06830,0.62764,0.44121,-0.06098,10.2742,0.11195,1,0.51626
27.5800,0.34197,-0.06978,0.62790,0.44121,-0.06220,10.2722,0.11171,1,0.51633
27.6000,0.34224,-0.07127,0.62815,0.44121,-0.06343,10.2703,0.11147,1,0.51641
27.6200,0.34252,-0.07275,0.62839,0.44121,-0.06465,10.2683,0.11123,1,0.51648
27.6400,0.34279,-0.07424,0.62862,0.44121,-0.06588,10.2663,0.11098,1,0.51655
27.6600,0.34307,-0.07573,0.62884,0.44121,-0.06711,10.2644,0.11074,1,0.51662
27.6800,0.34334,-0.07722,0.62905,0.44121,-0.06834,10.2624,0.11049,1,0.51668
27.7000,0.34362,-0.07870,0.62924,0.44121,-0.06957,10.2605,0.11024,1,0.51675
27.7200,0.34390,-0.08019,0.62943,0.44121,-0.07080,10.2585,0.10999,1,0.51681
27.7400,0.34418,-0.08168,0.62960,0.44121,-0.07204,10.2566,0.10974,1,0.51688
27.7600,0.34446,-0.08317,0.62977,0.44121,-0.07327,10.2546,0.10948,1,0.51694
27.7800,0.34475,-0.08465,0.62992,0.44121,-0.07451,10.2527,0.10923,1,0.51700
27.8000,0.34503,-0.08614,0.63007,0.44121,-0.07575,10.2508,0.10897,1,0.51706
27.8200,0.34531,-0.08763,0.63020,0.44121,-0.07699,10.2489,0.10871,1,0.51712
27.8400,0.34560,-0.08911,0.63032,0.44121,-0.07823,10.2470,0.10845,1,0.51717
27.8600,0.34589,-0.09060,0.63043,0.44121,-0.07947,10.2451,0.10818,1,0.51723
27.8800,0.34618,-0.09208,0.63053,0.44121,-0.08072,10.2432,0.10792,1,0.51728
27.9000,0.34647,-0.09357,0.63062,0.44121,-0.08196,10.2413,0.10765,1,0.51734
27.9200,0.34676,-0.09505,0.63070,0.44121,-0.08321,10.2395,0.10739,1,0.51739
27.9400,0.34705,-0.09654,0.63077,0.44121,-0.08446,10.2376,0.10712,1,0.51744
27.9600,0.34734,-0.09802,0.63083,0.44121,-0.08570,10.2358,0.10685,1,0.51749
27.9800,0.34763,-0.09950,0.63088,0.44121,-0.08695,10.2339,0.10657,1,0.51754
28.0000,0.34793,-0.10098,0.63092,0.44121,-0.08820,10.2321,0.10630,1,0.51758
28.0200,0.34822,-0.10246,0.63095,0.44121,-0.08945,10.2303,0.10602,1,0.51763
28.0400,0.34852,-0.10394,0.63097,0.44121,-0.09070,10.2285,0.10575,1,0.51767
28.0600,0.34881,-0.10542,0.63098,0.44121,-0.09196,10.2267,0.10547,1,0.51772
28.0800,0.34911,-0.10689,0.63097,0.44121,-0.09321,10.2249,0.10519,1,0.51776
28.1000,0.34941,-0.10837,0.63096,0.44121,-0.09446,10.2231,0.10491,1,0.51780
28.1200,0.34971,-0.10984,0.63094,0.44121,-0.09572,10.2214,0.10463,1,0.51784
28.1400,0.35001,-0.11131,0.63090,0.44121,-0.09697,10.2196,0.10434,1,0.51788
28.1600,0.35031,-0.11278,0.63086,0.44121,-0.09823,10.2179,0.10406,1,0.51792
28.1800,0.35061,-0.11425,0.63081,0.44121,-0.09948,10.2162,0.10377,1,0.51795
28.2000,0.35091,-0.11572,0.63074,0.44121,-0.10074,10.2144,0.10348,1,0.51799
28.2200,0.35122,-0.11719,0.63067,0.44121,-0.10199,10.2127,0.10319,1,0.51802
28.2400,0.35152,-0.11865,0.63059,0.44121,-0.10325,10.2110,0.10290,1,0.51806
28.2600,0.35183,-0.12012,0.63049,0.44121,-0.10450,10.2094,0.10261,1,0.51809
28.2800,0.35213,-0.12158,0.63039,0.44121,-0.10576,10.2077,0.10232,1,0.51812
28.3000,0.35244,-0.12304,0.63028,0.44121,-0.10702,10.2061,0.10202,1,0.51815
28.3200,0.35274,-0.12449,0.63015,0.44121,-0.10827,10.2044,0.10173,1,0.51818
28.3400,0.35305,-0.12595,0.63002,0.44121,-0.10953,10.2028,0.10143,1,0.51820
28.3600,0.35336,-0.12740,0.62988,0.44121,-0.11079,10.2012,0.10114,1,0.51823
28.3800,0.35367,-0.12885,0.62972,0.44121,-0.11204,10.1996,0.10084,1,0.51826
28.4000,0.35398,-0.13030,0.62956,0.44121,-0.11330,10.1980,0.10054,1,0.51828
28.4200,0.35428,-0.13175,0.62939,0.44121,-0.11456,10.1964,0.10024,1,0.51830
28.4400,0.35459,-0.13319,0.62920,0.44121,-0.11581,10.1948,0.09994,1,0.51833
28.4600,0.35490,-0.13464,0.62901,0.44121,-0.11707,10.1933,0.09963,1,0.51835
28.4800,0.35522,-0.13608,0.62881,0.44121,-0.11832,10.1917,0.09933,1,0.51837
28.5000,0.35553,-0.13751,0.62860,0.44121,-0.11958,10.1902,0.09902,1,0.51838
28.5200,0.35584,-0.13895,0.62838,0.44121,-0.12083,10.1887,0.09872,1,0.51840
28.5400,0.35615,-0.14038,0.62815,0.44121,-0.12209,10.1872,0.09841,1,0.51842
28.5600,0.35646,-0.14181,0.62791,0.44121,-0.12334,10.1857,0.09810,1,0.51844
28.5800,0.35678,-0.14324,0.62766,0.44121,-0.12459,10.1842,0.09779,1,0.51845
28.6000,0.35709,-0.14466,0.62740,0.44121,-0.12585,10.1828,0.09748,1,0.51846
28.6200,0.35740,-0.14608,0.62713,0.44121,-0.12710,10.1813,0.09717,1,0.51848
28.6400,0.35772,-0.14750,0.62685,0.44121,-0.12835,10.1799,0.09686,1,0.51849
28.6600,0.35803,-0.14892,0.62656,0.44121,-0.12960,10.1785,0.09655,1,0.51850
28.6800,0.35835,-0.15033,0.62626,0.44121,-0.13085,10.1771,0.09624,1,0.51851
28.7000,0.35866,-0.15174,0.62596,0.44121,-0.13210,10.1757,0.09592,1,0.51852
28.7200,0.35898,-0.15315,0.62564,0.44121,-0.13334,10.1743,0.09561,1,0.51853
28.7400,0.35929,-0.15455,0.62532,0.44121,-0.13459,10.1729,0.09529,1,0.51853
28.7600,0.35961,-0.15595,0.62498,0.44121,-0.13583,10.1715,0.09498,1,0.51854
28.7800,0.35993,-0.15735,0.62464,0.44121,-0.13708,10.1702,0.09466,1,0.51854
28.8000,0.36024,-0.15874,0.62429,0.44121,-0.13832,10.1689,0.09434,1,0.51855
28.8200,0.36056,-0.16013,0.62393,0.44121,-0.13956,10.1675,0.09402,1,0.51855
28.8400,0.36087,-0.16152,0.62356,0.44121,-0.14080,10.1662,0.09370,1,0.51855
28.8600,0.36119,-0.16291,0.62318,0.44121,-0.14204,10.1649,0.09338,1,0.51856
28.8800,0.36151,-0.16429,0.62279,0.44121,-0.14328,10.1637,0.09306,1,0.51856
28.9000,0.36183,-0.16566,0.62239,0.44121,-0.14452,10.1624,0.09274,1,0.51855
28.9200,0.36214,-0.16704,0.62198,0.44121,-0.14575,10.1611,0.09242,1,0.51855
28.9400,0.36246,-0.16841,0.62157,0.44121,-0.14699,10.1599,0.09210,1,0.51855
28.9600,0.36278,-0.16978,0.62114,0.44121,-0.14822,10.1587,0.09178,1,0.51855
28.9800,0.36309,-0.17114,0.62071,0.44121,-0.14945,10.1574,0.09145,1,0.51854
29.0000,0.36341,-0.17250,0.62027,0.44121,-0.15068,10.1562,0.09113,1,0.51854
29.0200,0.36373,-0.17385,0.61982,0.44121,-0.15191,10.1551,0.09081,1,0.51853
29.0400,0.36405,-0.17520,0.61936,0.44121,-0.15313,10.1539,0.09048,1,0.51853
29.0600,0.36436,-0.17655,0.61889,0.44121,-0.15436,10.1527,0.09016,1,0.51852
29.0800,0.36468,-0.17790,0.61841,0.44121,-0.15558,10.1515,0.08983,1,0.51851
29.1000,0.36500,-0.17924,0.61793,0.44121,-0.15680,10.1504,0.08950,1,0.51850
29.1200,0.36532,-0.18057,0.61744,0.44121,-0.15802,10.1493,0.08918,1,0.51849
29.1400,0.36563,-0.18190,0.61693,0.44121,-0.15924,10.1481,0.08885,1,0.51848
29.1600,0.36595,-0.18323,0.61642,0.44121,-0.16045,10.1470,0.08852,1,0.51847
29.1800,0.36627,-0.18455,0.61590,0.44121,-0.16166,10.1459,0.08819,1,0.51846
29.2000,0.36658,-0.18587,0.61538,0.44121,-0.16287,10.1449,0.08787,1,0.51844
29.2200,0.36690,-0.18719,0.61484,0.44121,-0.16408,10.1438,0.08754,1,0.51843
29.2400,0.36722,-0.18850,0.61430,0.44121,-0.16529,10.1427,0.08721,1,0.51841
29.2600,0.36754,-0.18980,0.61374,0.44121,-0.16649,10.1417,0.08688,1,0.51840
29.2800,0.36785,-0.19111,0.61318,0.44121,-0.16769,10.1406,0.08655,1,0.51838
29.3000,0.36817,-0.19240,0.61261,0.44121,-0.16889,10.1396,0.08622,1,0.51837
29.3200,0.36848,-0.19370,0.61204,0.44121,-0.17009,10.1386,0.08589,1,0.51835
29.3400,0.36880,-0.19499,0.61145,0.44121,-0.17128,10.1376,0.08556,1,0.51833
29.3600,0.36911,-0.19627,0.61086,0.44121,-0.17248,10.1366,0.08523,1,0.51831
29.3800,0.36943,-0.19755,0.61026,0.44121,-0.17367,10.1356,0.08490,1,0.51829
29.4000,0.36975,-0.19882,0.60965,0.44121,-0.17485,10.1346,0.08457,1,0.51827
29.4200,0.37006,-0.20009,0.60903,0.44121,-0.17604,10.1337,0.08424,1,0.51825
29.4400,0.37037,-0.20136,0.60840,0.44121,-0.17722,10.1327,0.08391,1,0.51822
29.4600,0.37069,-0.20262,0.60777,0.44121,-0.17840,10.1318,0.08358,1,0.51820
29.4800,0.37100,-0.20388,0.60713,0.44121,-0.17957,10.1309,0.08325,1,0.51818
29.5000,0.37132,-0.20513,0.60648,0.44121,-0.18075,10.1299,0.08292,1,0.51815
29.5200,0.37163,-0.20637,0.60583,0.44121,-0.18192,10.1290,0.08259,1,0.51813
29.5400,0.37194,-0.20761,0.60516,0.44121,-0.18308,10.1281,0.08226,1,0.51810
29.5600,0.37225,-0.20885,0.60449,0.44121,-0.18425,10.1272,0.08192,1,0.51807
29.5800,0.37257,-0.21008,0.60381,0.44121,-0.18541,10.1264,0.08159,1,0.51805
29.6000,0.37288,-0.21131,0.60312,0.44121,-0.18657,10.1255,0.08126,1,0.51802
29.6200,0.37319,-0.21253,0.60243,0.44121,-0.18772,10.1246,0.08093,1,0.51799
29.6400,0.37350,-0.21375,0.60173,0.44121,-0.18888,10.1238,0.08060,1,0.51796
29.6600,0.37381,-0.21496,0.60102,0.44121,-0.19003,10.1230,0.08027,1,0.51793
29.6800,0.37412,-0.21616,0.60030,0.44121,-0.19117,10.1221,0.07994,1,0.51790
29.7000,0.37443,-0.21736,0.59958,0.44121,-0.19231,10.1213,0.07961,1,0.51787
29.7200,0.37474,-0.21856,0.59885,0.44121,-0.19345,10.1205,0.07928,1,0.51784
29.7400,0.37505,-0.21975,0.59811,0.44121,-0.19459,10.1197,0.07895,1,0.51781
29.7600,0.37536,-0.22094,0.59736,0.44121,-0.19572,10.1189,0.07862,1,0.51777
29.7800,0.37566,-0.22212,0.59661,0.44121,-0.19685,10.1181,0.07829,1,0.51774
29.8000,0.37597,-0.22329,0.59585,0.44121,-0.19798,10.1174,0.07796,1,0.51770
29.8200,0.37628,-0.22446,0.59508,0.44121,-0.19910,10.1166,0.07763,1,0.51767
29.8400,0.37658,-0.22562,0.59431,0.44121,-0.20022,10.1158,0.07730,1,0.51763
29.8600,0.37689,-0.22678,0.59353,0.44121,-0.20133,10.1151,0.07697,1,0.51760
29.8800,0.37719,-0.22793,0.59274,0.44121,-0.20244,10.1144,0.07664,1,0.51756
29.9000,0.37750,-0.22908,0.59195,0.44121,-0.20355,10.1136,0.07631,1,0.51752
29.9200,0.37780,-0.23022,0.59114,0.44121,-0.20466,10.1129,0.07598,1,0.51749
29.9400,0.37810,-0.23136,0.59033,0.44121,-0.20576,10.1122,0.07565,1,0.51745
29.9600,0.37841,-0.23249,0.58952,0.44121,-0.20685,10.1115,0.07532,1,0.51741
29.9800,0.37871,-0.23361,0.58870,0.44121,-0.20794,10.1108,0.07500,1,0.51737
30.0000,0.37901,-0.23473,0.58787,0.44121,-0.20903,10.1101,0.07467,1,0.51733
30.0200,0.37931,-0.23585,0.58703,0.44121,-0.21012,10.1095,0.07434,1,0.51729
30.0400,0.37961,-0.23696,0.58619,0.44121,-0.21120,10.1088,0.07401,1,0.51725
30.0600,0.37991,-0.23806,0.58534,0.44121,-0.21227,10.1081,0.07369,1,0.51720
30.0800,0.38021,-0.23915,0.58449,0.44121,-0.21335,10.1075,0.07336,1,0.51716
30.1000,0.38051,-0.24024,0.58363,0.44121,-0.21441,10.1068,0.07304,1,0.51712
30.1200,0.38080,-0.24133,0.58276,0.44121,-0.21548,10.1062,0.07271,1,0.51707
30.1400,0.38110,-0.24241,0.58188,0.44121,-0.21654,10.1056,0.07239,1,0.51703
30.1600,0.38139,-0.24348,0.58100,0.44121,-0.21759,10.1049,0.07206,1,0.51699
30.1800,0.38169,-0.24455,0.58011,0.44121,-0.21864,10.1043,0.07174,1,0.51694
30.2000,0.38198,-0.24561,0.57922,0.44121,-0.21969,10.1037,0.07142,1,0.51690
30.2200,0.38228,-0.24666,0.57832,0.44121,-0.22073,10.1031,0.07109,1,0.51685
30.2400,0.38257,-0.24771,0.57742,0.44121,-0.22177,10.1025,0.07077,1,0.51680
30.2600,0.38286,-0.24876,0.57650,0.44121,-0.22281,10.1020,0.07045,1,0.51676
30.2800,0.38315,-0.24979,0.57559,0.44121,-0.22383,10.1014,0.07013,1,0.51671
30.3000,0.38344,-0.25082,0.57466,0.44121,-0.22486,10.1008,0.06981,1,0.51666
30.3200,0.38373,-0.25185,0.57373,0.44121,-0.22588,10.1003,0.06949,1,0.51661
30.3400,0.38402,-0.25287,0.57280,0.44121,-0.22689,10.0997,0.06917,1,0.51656
30.3600,0.38431,-0.25388,0.57186,0.44121,-0.22790,10.0991,0.06885,1,0.51651
30.3800,0.38460,-0.25489,0.57091,0.44121,-0.22891,10.0986,0.06853,1,0.51646
30.4000,0.38488,-0.25589,0.56995,0.44121,-0.22991,10.0981,0.06821,1,0.51641
30.4200,0.38517,-0.25688,0.56900,0.44121,-0.23091,10.0975,0.06790,1,0.51636
30.4400,0.38545,-0.25787,0.56803,0.44121,-0.23190,10.0970,0.06758,1,0.51631
30.4600,0.38574,-0.25885,0.56706,0.44121,-0.23289,10.0965,0.06727,1,0.51626
30.4800,0.38602,-0.25983,0.56608,0.44121,-0.23387,10.0960,0.06695,1,0.51621
30.5000,0.38630,-0.26079,0.56510,0.44121,-0.23484,10.0955,0.06664,1,0.51616
30.5200,0.38658,-0.26176,0.56412,0.44121,-0.23582,10.0950,0.06632,1,0.51610
30.5400,0.38686,-0.26271,0.56312,0.44121,-0.23678,10.0945,0.06601,1,0.51605
30.5600,0.38714,-0.26366,0.56213,0.44121,-0.23774,10.0940,0.06570,1,0.51600
30.5800,0.38742,-0.26461,0.56112,0.44121,-0.23870,10.0935,0.06539,1,0.51594
30.6000,0.38770,-0.26555,0.56011,0.44121,-0.23965,10.0931,0.06508,1,0.51589
30.6200,0.38798,-0.26648,0.55910,0.44121,-0.24060,10.0926,0.06477,1,0.51583
30.6400,0.38825,-0.26740,0.55808,0.44121,-0.24154,10.0922,0.06446,1,0.51578
30.6600,0.38853,-0.26832,0.55706,0.44121,-0.24248,10.0917,0.06415,1,0.51572
30.6800,0.38880,-0.26923,0.55603,0.44121,-0.24341,10.0912,0.06384,1,0.51567
30.7000,0.38907,-0.27013,0.55499,0.44121,-0.24433,10.0908,0.06354,1,0.51561
30.7200,0.38935,-0.27103,0.55395,0.44121,-0.24525,10.0904,0.06323,1,0.51555
30.7400,0.38962,-0.27192,0.55291,0.44121,-0.24617,10.0899,0.06292,1,0.51550
30.7600,0.38989,-0.27281,0.55186,0.44121,-0.24707,10.0895,0.06262,1,0.51544
30.7800,0.39016,-0.27369,0.55080,0.44121,-0.24798,10.0891,0.06232,1,0.51538
30.8000,0.39043,-0.27456,0.54974,0.44121,-0.24888,10.0887,0.06202,1,0.51532
30.8200,0.39069,-0.27543,0.54868,0.44121,-0.24977,10.0883,0.06171,1,0.51526
30.8400,0.39096,-0.27629,0.54761,0.44121,-0.25066,10.0879,0.06141,1,0.51521
30.8600,0.39122,-0.27714,0.54653,0.44121,-0.25154,10.0875,0.06111,1,0.51515
30.8800,0.39149,-0.27798,0.54545,0.44121,-0.25241,10.0871,0.06082,1,0.51509
30.9000,0.39175,-0.27882,0.54437,0.44121,-0.25328,10.0867,0.06052,1,0.51503
30.9200,0.39201,-0.27966,0.54328,0.44121,-0.25415,10.0863,0.06022,1,0.51497
30.9400,0.39227,-0.28048,0.54219,0.44121,-0.25501,10.0859,0.05993,1,0.51491
30.9600,0.39253,-0.28130,0.54109,0.44121,-0.25586,10.0855,0.05963,1,0.51485
30.9800,0.39279,-0.28211,0.53999,0.44121,-0.25671,10.0852,0.05934,1,0.51478
31.0000,0.39305,-0.28292,0.53888,0.44121,-0.25755,10.0848,0.05905,1,0.51472
31.0200,0.39331,-0.28372,0.53777,0.44121,-0.25838,10.0845,0.05875,1,0.51466
31.0400,0.39356,-0.28451,0.53666,0.44121,-0.25921,10.0841,0.05846,1,0.51460
31.0600,0.39382,-0.28529,0.53554,0.44121,-0.26003,10.0837,0.05817,1,0.51454
31.0800,0.39407,-0.28607,0.53442,0.44121,-0.26085,10.0834,0.05789,1,0.51447
31.1000,0.39432,-0.28684,0.53329,0.44121,-0.26166,10.0831,0.05760,1,0.51441
31.1200,0.39458,-0.28761,0.53216,0.44121,-0.26247,10.0827,0.05731,1,0.51435
31.1400,0.39483,-0.28837,0.53102,0.44121,-0.26327,10.0824,0.05703,1,0.51428
31.1600,0.39508,-0.28912,0.52988,0.44121,-0.26406,10.0821,0.05674,1,0.51422
31.1800,0.39532,-0.28986,0.52873,0.44121,-0.26485,10.0817,0.05646,1,0.51416
31.2000,0.39557,-0.29060,0.52759,0.44121,-0.26563,10.0814,0.05618,1,0.51409
31.2200,0.39582,-0.29133,0.52643,0.44121,-0.26640,10.0811,0.05590,1,0.51403
31.2400,0.39606,-0.29205,0.52528,0.44121,-0.26717,10.0808,0.05562,1,0.51396
31.2600,0.39630,-0.29277,0.52412,0.44121,-0.26793,10.0805,0.05534,1,0.51390
31.2800,0.39655,-0.29348,0.52295,0.44121,-0.26869,10.0802,0.05506,1,0.51383
31.3000,0.39679,-0.29418,0.52179,0.44121,-0.26944,10.0799,0.05479,1,0.51376
31.3200,0.39703,-0.29488,0.52061,0.44121,-0.27018,10.0796,0.05451,1,0.51370
31.3400,0.39727,-0.29557,0.51944,0.44121,-0.27092,10.0793,0.05424,1,0.51363
31.3600,0.39751,-0.29625,0.51826,0.44121,-0.27165,10.0790,0.05396,1,0.51357
31.3800,0.39774,-0.29692,0.51708,0.44121,-0.27237,10.0787,0.05369,1,0.51350
31.4000,0.39798,-0.29759,0.51589,0.44121,-0.27309,10.0785,0.05342,1,0.51343
31.4200,0.39821,-0.29825,0.51470,0.44121,-0.27380,10.0782,0.05315,1,0.51337
31.4400,0.39845,-0.29891,0.51351,0.44121,-0.27450,10.0779,0.05289,1,0.51330
31.4600,0.39868,-0.29955,0.51231,0.44121,-0.27520,10.0776,0.05262,1,0.51323
31.4800,0.39891,-0.30019,0.51111,0.44121,-0.27589,10.0774,0.05235,1,0.51316
31.5000,0.39914,-0.30083,0.50991,0.44121,-0.27658,10.0771,0.05209,1,0.51309
31.5200,0.39937,-0.30145,0.50870,0.44121,-0.27726,10.0769,0.05183,1,0.51303
31.5400,0.39960,-0.30207,0.50749,0.44121,-0.27793,10.0766,0.05157,1,0.51296
31.5600,0.39982,-0.30268,0.50628,0.44121,-0.27859,10.0764,0.05131,1,0.51289
31.5800,0.40005,-0.30329,0.50506,0.44121,-0.27925,10.0761,0.05105,1,0.51282
31.6000,0.40027,-0.30389,0.50384,0.44121,-0.27990,10.0759,0.05079,1,0.51275
31.6200,0.40049,-0.30448,0.50262,0.44121,-0.28055,10.0756,0.05053,1,0.51268
31.6400,0.40071,-0.30506,0.50140,0.44121,-0.28118,10.0754,0.05028,1,0.51261
31.6600,0.40093,-0.30564,0.50017,0.44121,-0.28181,10.0752,0.05003,1,0.51254
31.6800,0.40115,-0.30620,0.49894,0.44121,-0.28244,10.0749,0.04977,1,0.51247
31.7000,0.40137,-0.30677,0.49770,0.44121,-0.28306,10.0747,0.04952,1,0.51240
31.7200,0.40159,-0.30732,0.49646,0.44121,-0.28367,10.0745,0.04927,1,0.51233
31.7400,0.40180,-0.30787,0.49522,0.44121,-0.28427,10.0743,0.04903,1,0.51226
31.7600,0.40202,-0.30841,0.49398,0.44121,-0.28487,10.0740,0.04878,1,0.51219
31.7800,0.40223,-0.30894,0.49273,0.44121,-0.28545,10.0738,0.04853,1,0.51212
31.8000,0.40244,-0.30947,0.49149,0.44121,-0.28604,10.0736,0.04829,1,0.51205
31.8200,0.40265,-0.30999,0.49023,0.44121,-0.28661,10.0734,0.04805,1,0.51198
31.8400,0.40286,-0.31050,0.48898,0.44121,-0.28718,10.0732,0.04781,1,0.51191
31.8600,0.40307,-0.31101,0.48772,0.44121,-0.28774,10.0730,0.04757,1,0.51184
31.8800,0.40328,-0.31151,0.48647,0.44121,-0.28830,10.0728,0.04733,1,0.51176
31.9000,0.40348,-0.31200,0.48520,0.44121,-0.28884,10.0726,0.04709,1,0.51169
31.9200,0.40368,-0.31248,0.48394,0.44121,-0.28938,10.0724,0.04686,1,0.51162
31.9400,0.40389,-0.31296,0.48267,0.44121,-0.28992,10.0722,0.04662,1,0.51155
31.9600,0.40409,-0.31343,0.48140,0.44121,-0.29044,10.0721,0.04639,1,0.51148
31.9800,0.40429,-0.31389,0.48013,0.44121,-0.29096,10.0719,0.04616,1,0.51140
32.0000,0.40449,-0.31434,0.47886,0.44121,-0.29147,10.0717,0.04593,1,0.51133
32.0200,0.40469,-0.31479,0.47758,0.44121,-0.29198,10.0715,0.04570,1,0.51126
32.0400,0.40488,-0.31523,0.47631,0.44121,-0.29247,10.0713,0.04548,1,0.51119
32.0600,0.40508,-0.31566,0.47503,0.44121,-0.29296,10.0712,0.04525,1,0.51111
32.0800,0.40527,-0.31609,0.47374,0.44121,-0.29345,10.0710,0.04503,1,0.51104
32.1000,0.40546,-0.31651,0.47246,0.44121,-0.29392,10.0708,0.04481,1,0.51097
32.1200,0.40565,-0.31692,0.47117,0.44121,-0.29439,10.0707,0.04459,1,0.51089
32.1400,0.40584,-0.31733,0.46989,0.44121,-0.29485,10.0705,0.04437,1,0.51082
32.1600,0.40603,-0.31772,0.46860,0.44121,-0.29530,10.0703,0.04415,1,0.51075
32.1800,0.40622,-0.31811,0.46730,0.44121,-0.29575,10.0702,0.04393,1,0.51067
32.2000,0.40641,-0.31850,0.46601,0.44121,-0.29619,10.0700,0.04372,1,0.51060
32.2200,0.40659,-0.31887,0.46471,0.44121,-0.29662,10.0699,0.04351,1,0.51053
32.2400,0.40677,-0.31924,0.46342,0.44121,-0.29704,10.0697,0.04330,1,0.51045
32.2600,0.40696,-0.31960,0.46212,0.44121,-0.29746,10.0696,0.04309,1,0.51038
32.2800,0.40714,-0.31995,0.46081,0.44121,-0.29786,10.0694,0.04288,1,0.51030
32.3000,0.40732,-0.32030,0.45951,0.44121,-0.29827,10.0693,0.04267,1,0.51023
32.3200,0.40749,-0.32064,0.45821,0.44121,-0.29866,10.0692,0.04247,1,0.51016
32.3400,0.40767,-0.32097,0.45690,0.44121,-0.29904,10.0690,0.04226,1,0.51008
32.3600,0.40785,-0.32130,0.45559,0.44121,-0.29942,10.0689,0.04206,1,0.51001
32.3800,0.40802,-0.32162,0.45428,0.44121,-0.29979,10.0688,0.04186,1,0.50993
32.4000,0.40819,-0.32193,0.45297,0.44121,-0.30016,10.0686,0.04166,1,0.50986
32.4200,0.40836,-0.32223,0.45166,0.44121,-0.30051,10.0685,0.04147,1,0.50978
32.4400,0.40853,-0.32253,0.45035,0.44121,-0.30086,10.0684,0.04127,1,0.50971
32.4600,0.40870,-0.32282,0.44903,0.44121,-0.30120,10.0683,0.04108,1,0.50963
32.4800,0.40887,-0.32310,0.44772,0.44121,-0.30154,10.0681,0.04089,1,0.50956
32.5000,0.40904,-0.32337,0.44640,0.44121,-0.30186,10.0680,0.04070,1,0.50948
32.5200,0.40920,-0.32364,0.44508,0.44121,-0.30218,10.0679,0.04051,1,0.50941
32.5400,0.40936,-0.32390,0.44376,0.44121,-0.30249,10.0678,0.04032,1,0.50933
32.5600,0.40953,-0.32415,0.44244,0.44121,-0.30279,10.0677,0.04013,1,0.50926
32.5800,0.40969,-0.32440,0.44112,0.44121,-0.30309,10.0676,0.03995,1,0.50918
32.6000,0.40985,-0.32464,0.43979,0.44121,-0.30337,10.0675,0.03977,1,0.50911
32.6200,0.41000,-0.32487,0.43847,0.44121,-0.30365,10.0674,0.03959,1,0.50903
32.6400,0.41016,-0.32509,0.43714,0.44121,-0.30393,10.0673,0.03941,1,0.50896
32.6600,0.41032,-0.32531,0.43582,0.44121,-0.30419,10.0672,0.03923,1,0.50888
32.6800,0.41047,-0.32552,0.43449,0.44121,-0.30445,10.0671,0.03906,1,0.50881
32.7000,0.41062,-0.32572,0.43316,0.44121,-0.30469,10.0670,0.03888,1,0.50873
32.7200,0.41077,-0.32591,0.43183,0.44121,-0.30494,10.0669,0.03871,1,0.50866
32.7400,0.41092,-0.32610,0.43050,0.44121,-0.30517,10.0668,0.03854,1,0.50858
32.7600,0.41107,-0.32628,0.42917,0.44121,-0.30539,10.0667,0.03837,1,0.50850
32.7800,0.41122,-0.32646,0.42784,0.44121,-0.30561,10.0666,0.03820,1,0.50843
32.8000,0.41136,-0.32662,0.42651,0.44121,-0.30582,10.0665,0.03804,1,0.50835
32.8200,0.41151,-0.32678,0.42517,0.44121,-0.30602,10.0664,0.03788,1,0.50828
32.8400,0.41165,-0.32693,0.42384,0.44121,-0.30622,10.0663,0.03771,1,0.50820
32.8600,0.41179,-0.32708,0.42251,0.44121,-0.30640,10.0663,0.03755,1,0.50813
32.8800,0.41193,-0.32722,0.42117,0.44121,-0.30658,10.0662,0.03739,1,0.50805
32.9000,0.41207,-0.32735,0.41984,0.44121,-0.30675,10.0661,0.03724,1,0.50797
32.9200,0.41221,-0.32747,0.41850,0.44121,-0.30692,10.0660,0.03708,1,0.50790
32.9400,0.41235,-0.32758,0.41717,0.44121,-0.30707,10.0660,0.03693,1,0.50782
32.9600,0.41248,-0.32769,0.41583,0.44121,-0.30722,10.0659,0.03678,1,0.50775
32.9800,0.41261,-0.32779,0.41449,0.44121,-0.30736,10.0658,0.03663,1,0.50767
33.0000,0.41274,-0.32789,0.41316,0.44121,-0.30749,10.0658,0.03648,1,0.50759
33.0200,0.41288,-0.32798,0.41182,0.44121,-0.30761,10.0657,0.03633,1,0.50752
33.0400,0.41300,-0.32806,0.41048,0.44121,-0.30773,10.0656,0.03619,1,0.50744
33.0600,0.41313,-0.32813,0.40915,0.44121,-0.30784,10.0656,0.03605,1,0.50736
33.0800,0.41326,-0.32819,0.40781,0.44121,-0.30794,10.0655,0.03590,1,0.50729
33.1000,0.41338,-0.32825,0.40647,0.44121,-0.30803,10.0655,0.03576,1,0.50721
33.1200,0.41351,-0.32830,0.40513,0.44121,-0.30811,10.0654,0.03563,1,0.50714
33.1400,0.41363,-0.32835,0.40379,0.44121,-0.30819,10.0653,0.03549,1,0.50706
33.1600,0.41375,-0.32839,0.40246,0.44121,-0.30826,10.0653,0.03536,1,0.50698
33.1800,0.41387,-0.32842,0.40112,0.44121,-0.30832,10.0652,0.03522,1,0.50691
33.2000,0.41399,-0.32844,0.39978,0.44121,-0.30837,10.0652,0.03509,1,0.50683
33.2200,0.41410,-0.32845,0.39844,0.44121,-0.30842,10.0651,0.03497,1,0.50676
33.2400,0.41422,-0.32846,0.39710,0.44121,-0.30846,10.0651,0.03484,1,0.50668
33.2600,0.41433,-0.32846,0.39577,0.44121,-0.30848,10.0651,0.03471,1,0.50660
33.2800,0.41444,-0.32846,0.39443,0.44121,-0.30851,10.0650,0.03459,1,0.50653
33.3000,0.41455,-0.32845,0.39309,0.44121,-0.30852,10.0650,0.03447,1,0.50645
33.3200,0.41466,-0.32843,0.39176,0.44121,-0.30853,10.0649,0.03435,1,0.50637
33.3400,0.41477,-0.32840,0.39042,0.44121,-0.30852,10.0649,0.03423,1,0.50630
33.3600,0.41488,-0.32836,0.38908,0.44121,-0.30851,10.0649,0.03411,1,0.50622
33.3800,0.41498,-0.32832,0.38775,0.44121,-0.30849,10.0648,0.03400,1,0.50615
33.4000,0.41509,-0.32827,0.38641,0.44121,-0.30847,10.0648,0.03388,1,0.50607
33.4200,0.41519,-0.32822,0.38508,0.44121,-0.30843,10.0648,0.03377,1,0.50599
33.4400,0.41529,-0.32816,0.38374,0.44121,-0.30839,10.0647,0.03366,1,0.50592
33.4600,0.41539,-0.32809,0.38241,0.44121,-0.30834,10.0647,0.03356,1,0.50584
33.4800,0.41549,-0.32801,0.38108,0.44121,-0.30829,10.0647,0.03345,1,0.50577
33.5000,0.41558,-0.32793,0.37975,0.44121,-0.30822,10.0647,0.03335,1,0.50569
33.5200,0.41568,-0.32784,0.37841,0.44121,-0.30815,10.0647,0.03324,1,0.50561
33.5400,0.41577,-0.32774,0.37708,0.44121,-0.30807,10.0646,0.03314,1,0.50554
33.5600,0.41587,-0.32763,0.37575,0.44121,-0.30798,10.0646,0.03305,1,0.50546
33.5800,0.41596,-0.32752,0.37442,0.44121,-0.30788,10.0646,0.03295,1,0.50539
33.6000,0.41605,-0.32740,0.37309,0.44121,-0.30777,10.0646,0.03285,1,0.50531
33.6200,0.41613,-0.32728,0.37177,0.44121,-0.30766,10.0646,0.03276,1,0.50523
33.6400,0.41622,-0.32715,0.37044,0.44121,-0.30754,10.0646,0.03267,1,0.50516
33.6600,0.41631,-0.32701,0.36911,0.44121,-0.30741,10.0645,0.03258,1,0.50508
33.6800,0.41639,-0.32686,0.36779,0.44121,-0.30728,10.0645,0.03249,1,0.50501
33.7000,0.41647,-0.32671,0.36646,0.44121,-0.30713,10.0645,0.03241,1,0.50493
33.7200,0.41655,-0.32655,0.36514,0.44121,-0.30698,10.0645,0.03232,1,0.50485
33.7400,0.41663,-0.32638,0.36382,0.44121,-0.30682,10.0645,0.03224,1,0.50478
33.7600,0.41671,-0.32620,0.36250,0.44121,-0.30665,10.0645,0.03216,1,0.50470
33.7800,0.41679,-0.32602,0.36118,0.44121,-0.30648,10.0645,0.03208,1,0.50463
33.8000,0.41686,-0.32583,0.35986,0.44121,-0.30629,10.0645,0.03200,1,0.50455
33.8200,0.41694,-0.32564,0.35854,0.44121,-0.30610,10.0645,0.03193,1,0.50448
33.8400,0.41701,-0.32544,0.35723,0.44121,-0.30590,10.0645,0.03185,1,0.50440
33.8600,0.41708,-0.32523,0.35591,0.44121,-0.30570,10.0645,0.03178,1,0.50433
33.8800,0.41715,-0.32501,0.35460,0.44121,-0.30548,10.0645,0.03171,1,0.50425
33.9000,0.41722,-0.32479,0.35329,0.44121,-0.30526,10.0645,0.03164,1,0.50417
33.9200,0.41728,-0.32456,0.35197,0.44121,-0.30503,10.0646,0.03158,1,0.50410
33.9400,0.41735,-0.32432,0.35067,0.44121,-0.30479,10.0646,0.03151,1,0.50402
33.9600,0.41741,-0.32408,0.34936,0.44121,-0.30455,10.0646,0.03145,1,0.50395
33.9800,0.41748,-0.32383,0.34805,0.44121,-0.30429,10.0646,0.03139,1,0.50387
34.0000,0.41754,-0.32357,0.34675,0.44121,-0.30403,10.0646,0.03133,1,0.50380
34.0200,0.41760,-0.32331,0.34544,0.44121,-0.30376,10.0646,0.03128,1,0.50372
34.0400,0.41765,-0.32304,0.34414,0.44121,-0.30349,10.0646,0.03122,1,0.50365
34.0600,0.41771,-0.32276,0.34284,0.44121,-0.30320,10.0647,0.03117,1,0.50357
34.0800,0.41777,-0.32248,0.34154,0.44121,-0.30291,10.0647,0.03112,1,0.50350
34.1000,0.41782,-0.32218,0.34024,0.44121,-0.30261,10.0647,0.03107,1,0.50342
34.1200,0.41787,-0.32189,0.33895,0.44121,-0.30230,10.0647,0.03102,1,0.50335
34.1400,0.41792,-0.32158,0.33766,0.44121,-0.30199,10.0647,0.03097,1,0.50327
34.1600,0.41797,-0.32127,0.33636,0.44121,-0.30167,10.0648,0.03093,1,0.50320
34.1800,0.41802,-0.32095,0.33507,0.44121,-0.30134,10.0648,0.03088,1,0.50312
34.2000,0.41807,-0.32063,0.33379,0.44121,-0.30100,10.0648,0.03084,1,0.50305
34.2200,0.41811,-0.32030,0.33250,0.44121,-0.30065,10.0649,0.03080,1,0.50298
34.2400,0.41816,-0.31996,0.33122,0.44121,-0.30030,10.0649,0.03077,1,0.50290
34.2600,0.41820,-0.31961,0.32994,0.44121,-0.29994,10.0649,0.03073,1,0.50283
34.2800,0.41824,-0.31926,0.32865,0.44121,-0.29957,10.0650,0.03070,1,0.50275
34.3000,0.41828,-0.31890,0.32738,0.44121,-0.29920,10.0650,0.03067,1,0.50268
34.3200,0.41832,-0.31854,0.32610,0.44121,-0.29881,10.0650,0.03064,1,0.50260
34.3400,0.41835,-0.31817,0.32483,0.44121,-0.29842,10.0651,0.03061,1,0.50253
34.3600,0.41839,-0.31779,0.32356,0.44121,-0.29803,10.0651,0.03058,1,0.50245
34.3800,0.41842,-0.31740,0.32229,0.44121,-0.29762,10.0652,0.03056,1,0.50238
34.4000,0.41845,-0.31701,0.32102,0.44121,-0.29721,10.0652,0.03054,1,0.50231
34.4200,0.41848,-0.31661,0.31975,0.44121,-0.29679,10.0652,0.03051,1,0.50223
34.4400,0.41851,-0.31621,0.31849,0.44121,-0.29636,10.0653,0.03050,1,0.50216
34.4600,0.41854,-0.31580,0.31723,0.44121,-0.29592,10.0653,0.03048,1,0.50208
34.4800,0.41857,-0.31538,0.31597,0.44121,-0.29548,10.0654,0.03046,1,0.50201
34.5000,0.41859,-0.31495,0.31472,0.44121,-0.29503,10.0654,0.03045,1,0.50194
34.5200,0.41862,-0.31452,0.31346,0.44121,-0.29457,10.0655,0.03044,1,0.50186
34.5400,0.41864,-0.31409,0.31221,0.44121,-0.29411,10.0655,0.03043,1,0.50179
34.5600,0.41866,-0.31364,0.31096,0.44121,-0.29364,10.0656,0.03042,1,0.50172
34.5800,0.41868,-0.31319,0.30972,0.44121,-0.29316,10.0656,0.03041,1,0.50164
34.6000,0.41870,-0.31273,0.30848,0.44121,-0.29267,10.0657,0.03041,1,0.50157
34.6200,0.41871,-0.31227,0.30723,0.44121,-0.29218,10.0658,0.03041,1,0.50150
34.6400,0.41873,-0.31180,0.30600,0.44121,-0.29167,10.0658,0.03041,1,0.50142
34.6600,0.41874,-0.31132,0.30476,0.44121,-0.29117,10.0659,0.03041,1,0.50135
34.6800,0.41875,-0.31084,0.30353,0.44121,-0.29065,10.0659,0.03041,1,0.50128
34.7000,0.41876,-0.31035,0.30230,0.44121,-0.29013,10.0660,0.03041,1,0.50120
34.7200,0.41877,-0.30986,0.30107,0.44121,-0.28960,10.0661,0.03042,1,0.50113
34.7400,0.41878,-0.30935,0.29985,0.44121,-0.28906,10.0661,0.03043,1,0.50106
34.7600,0.41879,-0.30885,0.29862,0.44121,-0.28852,10.0662,0.03044,1,0.50099
34.7800,0.41879,-0.30833,0.29741,0.44121,-0.28796,10.0663,0.03045,1,0.50091
34.8000,0.41879,-0.30781,0.29619,0.44121,-0.28741,10.0663,0.03046,1,0.50084
34.8200,0.41880,-0.30728,0.29498,0.44121,-0.28684,10.0664,0.03048,1,0.50077
34.8400,0.41880,-0.30675,0.29377,0.44121,-0.28627,10.0665,0.03049,1,0.50070
34.8600,0.41880,-0.30621,0.29256,0.44121,-0.28569,10.0666,0.03051,1,0.50062
34.8800,0.41879,-0.30566,0.29136,0.44121,-0.28510,10.0666,0.03053,1,0.50055
34.9000,0.41879,-0.30511,0.29015,0.44121,-0.28451,10.0667,0.03056,1,0.50048
34.9200,0.41878,-0.30455,0.28896,0.44121,-0.28391,10.0668,0.03058,1,0.50041
34.9400,0.41878,-0.30398,0.28776,0.44121,-0.28330,10.0669,0.03061,1,0.50033
34.9600,0.41877,-0.30341,0.28657,0.44121,-0.28269,10.0669,0.03063,1,0.50026
34.9800,0.41876,-0.30283,0.28538,0.44121,-0.28206,10.0670,0.03066,1,0.50019
35.0000,0.41875,-0.30225,0.28420,0.44121,-0.28144,10.0671,0.03069,1,0.50012
35.0200,0.41874,-0.30166,0.28301,0.44121,-0.28080,10.0672,0.03073,1,0.50005
35.0400,0.41872,-0.30106,0.28184,0.44121,-0.28016,10.0673,0.03076,1,0.49997
35.0600,0.41871,-0.30046,0.28066,0.44121,-0.27951,10.0674,0.03080,1,0.49990
35.0800,0.41869,-0.29985,0.27949,0.44121,-0.27886,10.0675,0.03084,1,0.49983
35.1000,0.41867,-0.29924,0.27832,0.44121,-0.27819,10.0675,0.03088,1,0.49976
35.1200,0.41865,-0.29862,0.27715,0.44121,-0.27753,10.0676,0.03092,1,0.49969
35.1400,0.41863,-0.29799,0.27599,0.44121,-0.27685,10.0677,0.03096,1,0.49962
35.1600,0.41861,-0.29736,0.27483,0.44121,-0.27617,10.0678,0.03101,1,0.49955
35.1800,0.41859,-0.29672,0.27368,0.44121,-0.27548,10.0679,0.03105,1,0.49948
35.2000,0.41856,-0.29607,0.27253,0.44121,-0.27478,10.0680,0.03110,1,0.49940
35.2200,0.41853,-0.29542,0.27138,0.44121,-0.27408,10.0681,0.03115,1,0.49933
35.2400,0.41850,-0.29476,0.27024,0.44121,-0.27337,10.0682,0.03121,1,0.49926
35.2600,0.41848,-0.29410,0.26910,0.44121,-0.27266,10.0683,0.03126,1,0.49919
35.2800,0.41844,-0.29343,0.26796,0.44121,-0.27194,10.0684,0.03132,1,0.49912
35.3000,0.41841,-0.29276,0.26683,0.44121,-0.27121,10.0685,0.03137,1,0.49905
35.3200,0.41838,-0.29208,0.26570,0.44121,-0.27048,10.0686,0.03143,1,0.49898
35.3400,0.41834,-0.29139,0.26457,0.44121,-0.26974,10.0687,0.03149,1,0.49891
35.3600,0.41831,-0.29070,0.26345,0.44121,-0.26899,10.0688,0.03156,1,0.49884
35.3800,0.41827,-0.29000,0.26233,0.44121,-0.26824,10.0689,0.03162,1,0.49877
35.4000,0.41823,-0.28929,0.26122,0.44121,-0.26748,10.0690,0.03169,1,0.49870
35.4200,0.41819,-0.28858,0.26011,0.44121,-0.26671,10.0691,0.03176,1,0.49863
35.4400,0.41814,-0.28786,0.25900,0.44121,-0.26594,10.0693,0.03183,1,0.49856
35.4600,0.41810,-0.28714,0.25790,0.44121,-0.26516,10.0694,0.03190,1,0.49849
35.4800,0.41806,-0.28641,0.25680,0.44121,-0.26438,10.0695,0.03197,1,0.49842
35.5000,0.41801,-0.28568,0.25570,0.44121,-0.26358,10.0696,0.03204,1,0.49835
35.5200,0.41796,-0.28494,0.25461,0.44121,-0.26279,10.0697,0.03212,1,0.49828
35.5400,0.41791,-0.28419,0.25353,0.44121,-0.26199,10.0698,0.03220,1,0.49821
35.5600,0.41786,-0.28344,0.25245,0.44121,-0.26118,10.0699,0.03228,1,0.49814
35.5800,0.41781,-0.28269,0.25137,0.44121,-0.26036,10.0701,0.03236,1,0.49807
35.6000,0.41775,-0.28192,0.25029,0.44121,-0.25954,10.0702,0.03244,1,0.49800
35.6200,0.41770,-0.28116,0.24922,0.44121,-0.25871,10.0703,0.03253,1,0.49793
35.6400,0.41764,-0.28038,0.24816,0.44121,-0.25788,10.0704,0.03262,1,0.49786
35.6600,0.41758,-0.27960,0.24710,0.44121,-0.25704,10.0706,0.03270,1,0.49779
35.6800,0.41753,-0.27882,0.24604,0.44121,-0.25620,10.0707,0.03279,1,0.49772
35.7000,0.41746,-0.27803,0.24499,0.44121,-0.25535,10.0708,0.03289,1,0.49766
35.7200,0.41740,-0.27723,0.24394,0.44121,-0.25449,10.0709,0.03298,1,0.49759
35.7400,0.41734,-0.27643,0.24290,0.44121,-0.25363,10.0711,0.03308,1,0.49752
35.7600,0.41727,-0.27562,0.24186,0.44121,-0.25276,10.0712,0.03317,1,0.49745
35.7800,0.41721,-0.27481,0.24082,0.44121,-0.25189,10.0713,0.03327,1,0.49738
35.8000,0.41714,-0.27399,0.23979,0.44121,-0.25101,10.0715,0.03337,1,0.49731
35.8200,0.41707,-0.27317,0.23877,0.44121,-0.25012,10.0716,0.03347,1,0.49724
35.8400,0.41700,-0.27234,0.23774,0.44121,-0.24923,10.0717,0.03358,1,0.49718
35.8600,0.41693,-0.27150,0.23673,0.44121,-0.24834,10.0719,0.03368,1,0.49711
35.8800,0.41685,-0.27066,0.23571,0.44121,-0.24744,10.0720,0.03379,1,0.49704
35.9000,0.41678,-0.26981,0.23471,0.44121,-0.24653,10.0722,0.03390,1,0.49697
35.9200,0.41670,-0.26896,0.23370,0.44121,-0.24562,10.0723,0.03401,1,0.49690
35.9400,0.41663,-0.26811,0.23271,0.44121,-0.24470,10.0725,0.03412,1,0.49683
35.9600,0.41655,-0.26725,0.23171,0.44121,-0.24378,10.0726,0.03423,1,0.49677
35.9800,0.41647,-0.26638,0.23072,0.44121,-0.24285,10.0727,0.03435,1,0.49670
36.0000,0.41638,-0.26551,0.22974,0.44121,-0.24192,10.0729,0.03446,1,0.49663
36.0200,0.41630,-0.26463,0.22876,0.44121,-0.24098,10.0730,0.03458,1,0.49656
36.0400,0.41622,-0.26375,0.22779,0.44121,-0.24003,10.0732,0.03470,1,0.49650
36.0600,0.41613,-0.26286,0.22682,0.44121,-0.23908,10.0733,0.03482,1,0.49643
36.0800,0.41604,-0.26196,0.22585,0.44121,-0.23813,10.0735,0.03495,1,0.49636
36.1000,0.41595,-0.26107,0.22489,0.44121,-0.23717,10.0737,0.03507,1,0.49629
36.1200,0.41586,-0.26016,0.22394,0.44121,-0.23620,10.0738,0.03520,1,0.49623
36.1400,0.41577,-0.25925,0.22299,0.44121,-0.23523,10.0740,0.03532,1,0.49616
36.1600,0.41568,-0.25834,0.22204,0.44121,-0.23426,10.0741,0.03545,1,0.49609
36.1800,0.41559,-0.25742,0.22111,0.44121,-0.23328,10.0743,0.03559,1,0.49603
36.2000,0.41549,-0.25650,0.22017,0.44121,-0.23229,10.0744,0.03572,1,0.49596
36.2200,0.41539,-0.25557,0.21924,0.44121,-0.23131,10.0746,0.03585,1,0.49589
36.2400,0.41530,-0.25463,0.21832,0.44121,-0.23031,10.0748,0.03599,1,0.49583
36.2600,0.41520,-0.25369,0.21740,0.44121,-0.22931,10.0749,0.03612,1,0.49576
36.2800,0.41509,-0.25275,0.21648,0.44121,-0.22831,10.0751,0.03626,1,0.49569
36.3000,0.41499,-0.25180,0.21558,0.44121,-0.22730,10.0753,0.03640,1,0.49563
36.3200,0.41489,-0.25084,0.21467,0.44121,-0.22629,10.0754,0.03655,1,0.49556
36.3400,0.41478,-0.24989,0.21378,0.44121,-0.22527,10.0756,0.03669,1,0.49549
36.3600,0.41468,-0.24892,0.21288,0.44121,-0.22424,10.0758,0.03683,1,0.49543
36.3800,0.41457,-0.24795,0.21200,0.44121,-0.22322,10.0760,0.03698,1,0.49536
36.4000,0.41446,-0.24698,0.21111,0.44121,-0.22219,10.0761,0.03713,1,0.49530
36.4200,0.41435,-0.24600,0.21024,0.44121,-0.22115,10.0763,0.03728,1,0.49523
36.4400,0.41424,-0.24502,0.20937,0.44121,-0.22011,10.0765,0.03743,1,0.49516
36.4600,0.41412,-0.24403,0.20850,0.44121,-0.21906,10.0767,0.03758,1,0.49510
36.4800,0.41401,-0.24304,0.20764,0.44121,-0.21801,10.0768,0.03773,1,0.49503
36.5000,0.41389,-0.24204,0.20679,0.44121,-0.21696,10.0770,0.03789,1,0.49497
36.5200,0.41378,-0.24104,0.20594,0.44121,-0.21590,10.0772,0.03805,1,0.49490
36.5400,0.41366,-0.24003,0.20509,0.44121,-0.21484,10.0774,0.03821,1,0.49484
36.5600,0.41354,-0.23902,0.20426,0.44121,-0.21377,10.0776,0.03837,1,0.49477
36.5800,0.41342,-0.23800,0.20342,0.44121,-0.21270,10.0778,0.03853,1,0.49471
36.6000,0.41329,-0.23698,0.20260,0.44121,-0.21163,10.0780,0.03869,1,0.49464
36.6200,0.41317,-0.23596,0.20178,0.44121,-0.21055,10.0781,0.03885,1,0.49458
36.6400,0.41304,-0.23493,0.20096,0.44121,-0.20947,10.0783,0.03902,1,0.49451
36.6600,0.41292,-0.23389,0.20015,0.44121,-0.20838,10.0785,0.03919,1,0.49445
36.6800,0.41279,-0.23285,0.19935,0.44121,-0.20729,10.0787,0.03935,1,0.49438
36.7000,0.41266,-0.23181,0.19855,0.44121,-0.20619,10.0789,0.03952,1,0.49432
36.7200,0.41253,-0.23076,0.19776,0.44121,-0.20510,10.0791,0.03970,1,0.49425
36.7400,0.41240,-0.22971,0.19697,0.44121,-0.20399,10.0793,0.03987,1,0.49419
36.7600,0.41226,-0.22865,0.19619,0.44121,-0.20289,10.0795,0.04004,1,0.49412
36.7800,0.41213,-0.22759,0.19542,0.44121,-0.20178,10.0797,0.04022,1,0.49406
36.8000,0.41199,-0.22653,0.19465,0.44121,-0.20066,10.0799,0.04039,1,0.49399
36.8200,0.41186,-0.22546,0.19389,0.44121,-0.19955,10.0801,0.04057,1,0.49393
36.8400,0.41172,-0.22438,0.19313,0.44121,-0.19843,10.0803,0.04075,1,0.49387
36.8600,0.41158,-0.22330,0.19238,0.44121,-0.19730,10.0805,0.04093,1,0.49380
36.8800,0.41144,-0.22222,0.19164,0.44121,-0.19617,10.0808,0.04112,1,0.49374
36.9000,0.41129,-0.22113,0.19090,0.44121,-0.19504,10.0810,0.04130,1,0.49367
36.9200,0.41115,-0.22004,0.19017,0.44121,-0.19391,10.0812,0.04148,1,0.49361
36.9400,0.41100,-0.21895,0.18945,0.44121,-0.19277,10.0814,0.04167,1,0.49355
36.9600,0.41086,-0.21785,0.18873,0.44121,-0.19163,10.0816,0.04186,1,0.49348
36.9800,0.41071,-0.21675,0.18801,0.44121,-0.19048,10.0818,0.04205,1,0.49342
37.0000,0.41056,-0.21564,0.18731,0.44121,-0.18934,10.0820,0.04224,1,0.49336
37.0200,0.41041,-0.21453,0.18661,0.44121,-0.18819,10.0823,0.04243,1,0.49329
37.0400,0.41026,-0.21341,0.18591,0.44121,-0.18703,10.0825,0.04262,1,0.49323
37.0600,0.41011,-0.21229,0.18522,0.44121,-0.18587,10.0827,0.04282,1,0.49317
37.0800,0.40995,-0.21117,0.18454,0.44121,-0.18471,10.0829,0.04301,1,0.49310
37.1000,0.40980,-0.21004,0.18387,0.44121,-0.18355,10.0832,0.04321,1,0.49304
37.1200,0.40964,-0.20891,0.18320,0.44121,-0.18238,10.0834,0.04341,1,0.49298
37.1400,0.40948,-0.20778,0.18253,0.44121,-0.18121,10.0836,0.04361,1,0.49292
37.1600,0.40932,-0.20664,0.18188,0.44121,-0.18004,10.0838,0.04381,1,0.49285
37.1800,0.40916,-0.20550,0.18123,0.44121,-0.17887,10.0841,0.04401,1,0.49279
37.2000,0.40900,-0.20435,0.18059,0.44121,-0.17769,10.0843,0.04421,1,0.49273
37.2200,0.40884,-0.20320,0.17995,0.44121,-0.17651,10.0845,0.04442,1,0.49266
37.2400,0.40868,-0.20204,0.17932,0.44121,-0.17533,10.0848,0.04462,1,0.49260
37.2600,0.40851,-0.20089,0.17870,0.44121,-0.17414,10.0850,0.04483,1,0.49254
37.2800,0.40834,-0.19973,0.17808,0.44121,-0.17295,10.0853,0.04503,1,0.49248
37.3000,0.40818,-0.19856,0.17747,0.44121,-0.17176,10.0855,0.04524,1,0.49242
37.3200,0.40801,-0.19739,0.17687,0.44121,-0.17057,10.0857,0.04545,1,0.49235
37.3400,0.40784,-0.19622,0.17627,0.44121,-0.16937,10.0860,0.04566,1,0.49229
37.3600,0.40766,-0.19505,0.17568,0.44121,-0.16817,10.0862,0.04588,1,0.49223
37.3800,0.40749,-0.19387,0.17510,0.44121,-0.16697,10.0865,0.04609,1,0.49217
37.4000,0.40732,-0.19268,0.17452,0.44121,-0.16577,10.0867,0.04631,1,0.49211
37.4200,0.40714,-0.19150,0.17395,0.44121,-0.16456,10.0870,0.04652,1,0.49204
37.4400,0.40697,-0.19031,0.17339,0.44121,-0.16336,10.0872,0.04674,1,0.49198
37.4600,0.40679,-0.18912,0.17283,0.44121,-0.16215,10.0875,0.04696,1,0.49192
37.4800,0.40661,-0.18792,0.17228,0.44121,-0.16094,10.0877,0.04718,1,0.49186
37.5000,0.40643,-0.18672,0.17174,0.44121,-0.15972,10.0880,0.04740,1,0.49180
37.5200,0.40625,-0.18552,0.17121,0.44121,-0.15851,10.0883,0.04762,1,0.49174
37.5400,0.40607,-0.18431,0.17068,0.44121,-0.15729,10.0885,0.04784,1,0.49168
37.5600,0.40588,-0.18310,0.17016,0.44121,-0.15607,10.0888,0.04806,1,0.49161
37.5800,0.40570,-0.18189,0.16964,0.44121,-0.15485,10.0890,0.04829,1,0.49155
37.6000,0.40551,-0.18068,0.16913,0.44121,-0.15362,10.0893,0.04851,1,0.49149
37.6200,0.40532,-0.17946,0.16863,0.44121,-0.15240,10.0896,0.04874,1,0.49143
37.6400,0.40513,-0.17824,0.16814,0.44121,-0.15117,10.0898,0.04897,1,0.49137
37.6600,0.40495,-0.17701,0.16766,0.44121,-0.14994,10.0901,0.04920,1,0.49131
37.6800,0.40475,-0.17578,0.16718,0.44121,-0.14871,10.0904,0.04943,1,0.49125
37.7000,0.40456,-0.17455,0.16671,0.44121,-0.14748,10.0906,0.04966,1,0.49119
37.7200,0.40437,-0.17332,0.16624,0.44121,-0.14625,10.0909,0.04989,1,0.49113
37.7400,0.40418,-0.17208,0.16578,0.44121,-0.14501,10.0912,0.05012,1,0.49107
37.7600,0.40398,-0.17084,0.16533,0.44121,-0.14378,10.0915,0.05035,1,0.49101
37.7800,0.40378,-0.16960,0.16489,0.44121,-0.14254,10.0917,0.05059,1,0.49095
37.8000,0.40359,-0.16836,0.16445,0.44121,-0.14130,10.0920,0.05082,1,0.49089
37.8200,0.40339,-0.16711,0.16403,0.44121,-0.14006,10.0923,0.05106,1,0.49083
37.8400,0.40319,-0.16586,0.16361,0.44121,-0.13882,10.0926,0.05130,1,0.49077
37.8600,0.40299,-0.16461,0.16319,0.44121,-0.13758,10.0929,0.05154,1,0.49071
37.8800,0.40278,-0.16335,0.16279,0.44121,-0.13633,10.0932,0.05178,1,0.49065
37.9000,0.40258,-0.16209,0.16239,0.44121,-0.13509,10.0934,0.05202,1,0.49059
37.9200,0.40238,-0.16083,0.16200,0.44121,-0.13384,10.0937,0.05226,1,0.49053
37.9400,0.40217,-0.15957,0.16161,0.44121,-0.13259,10.0940,0.05250,1,0.49047
37.9600,0.40196,-0.15830,0.16124,0.44121,-0.13135,10.0943,0.05274,1,0.49041
37.9800,0.40175,-0.15703,0.16087,0.44121,-0.13010,10.0946,0.05299,1,0.49035
38.0000,0.40155,-0.15576,0.16051,0.44121,-0.12885,10.0949,0.05323,1,0.49029
38.0200,0.40134,-0.15449,0.16015,0.44121,-0.12760,10.0952,0.05347,1,0.49023
38.0400,0.40112,-0.15321,0.15980,0.44121,-0.12635,10.0955,0.05372,1,0.49017
38.0600,0.40091,-0.15193,0.15947,0.44121,-0.12509,10.0958,0.05397,1,0.49011
38.0800,0.40070,-0.15065,0.15914,0.44121,-0.12384,10.0961,0.05422,1,0.49005
38.1000,0.40048,-0.14937,0.15881,0.44121,-0.12259,10.0964,0.05446,1,0.49000
38.1200,0.40027,-0.14808,0.15850,0.44121,-0.12133,10.0967,0.05471,1,0.48994
38.1400,0.40005,-0.14680,0.15819,0.44121,-0.12008,10.0970,0.05496,1,0.48988
38.1600,0.39983,-0.14551,0.15789,0.44121,-0.11883,10.0973,0.05521,1,0.48982
38.1800,0.39962,-0.14422,0.15759,0.44121,-0.11757,10.0976,0.05547,1,0.48976
38.2000,0.39940,-0.14292,0.15731,0.44121,-0.11631,10.0979,0.05572,1,0.48970
38.2200,0.39918,-0.14163,0.15703,0.44121,-0.11506,10.0983,0.05597,1,0.48964
38.2400,0.39895,-0.14033,0.15676,0.44121,-0.11380,10.0986,0.05623,1,0.48959
38.2600,0.39873,-0.13903,0.15650,0.44121,-0.11255,10.0989,0.05648,1,0.48953
38.2800,0.39851,-0.13773,0.15625,0.44121,-0.11129,10.0992,0.05674,1,0.48947
38.3000,0.39828,-0.13642,0.15600,0.44121,-0.11003,10.0995,0.05699,1,0.48941
38.3200,0.39806,-0.13512,0.15576,0.44121,-0.10878,10.0998,0.05725,1,0.48935
38.3400,0.39783,-0.13381,0.15553,0.44121,-0.10752,10.1002,0.05751,1,0.48930
38.3600,0.39760,-0.13250,0.15531,0.44121,-0.10626,10.1005,0.05776,1,0.48924
38.3800,0.39737,-0.13119,0.15510,0.44121,-0.10501,10.1008,0.05802,1,0.48918
38.4000,0.39714,-0.12988,0.15489,0.44121,-0.10375,10.1011,0.05828,1,0.48912
38.4200,0.39691,-0.12857,0.15469,0.44121,-0.10249,10.1015,0.05854,1,0.48907
38.4400,0.39668,-0.12725,0.15450,0.44121,-0.10124,10.1018,0.05880,1,0.48901
38.4600,0.39645,-0.12593,0.15432,0.44121,-0.09998,10.1021,0.05906,1,0.48895
38.4800,0.39621,-0.12461,0.15414,0.44121,-0.09873,10.1025,0.05932,1,0.48889
38.5000,0.39598,-0.12329,0.15398,0.44121,-0.09747,10.1028,0.05959,1,0.48884
38.5200,0.39574,-0.12197,0.15382,0.44121,-0.09622,10.1031,0.05985,1,0.48878
38.5400,0.39551,-0.12065,0.15367,0.44121,-0.09496,10.1035,0.06011,1,0.48872
38.5600,0.39527,-0.11933,0.15353,0.44121,-0.09371,10.1038,0.06038,1,0.48867
38.5800,0.39503,-0.11800,0.15339,0.44121,-0.09246,10.1041,0.06064,1,0.48861
38.6000,0.39479,-0.11667,0.15327,0.44121,-0.09121,10.1045,0.06091,1,0.48855
38.6200,0.39455,-0.11535,0.15315,0.44121,-0.08995,10.1048,0.06117,1,0.48850
38.6400,0.39431,-0.11402,0.15304,0.44121,-0.08870,10.1052,0.06144,1,0.48844
38.6600,0.39407,-0.11269,0.15294,0.44121,-0.08745,10.1055,0.06170,1,0.48839
38.6800,0.39382,-0.11135,0.15285,0.44121,-0.08620,10.1059,0.06197,1,0.48833
38.7000,0.39358,-0.11002,0.15276,0.44121,-0.08496,10.1062,0.06224,1,0.48827
38.7200,0.39333,-0.10869,0.15268,0.44121,-0.08371,10.1065,0.06251,1,0.48822
38.7400,0.39309,-0.10735,0.15262,0.44121,-0.08246,10.1069,0.06278,1,0.48816
38.7600,0.39284,-0.10602,0.15256,0.44121,-0.08122,10.1073,0.06304,1,0.48811
38.7800,0.39259,-0.10468,0.15251,0.44121,-0.07997,10.1076,0.06331,1,0.48805
38.8000,0.39234,-0.10334,0.15246,0.44121,-0.07873,10.1080,0.06358,1,0.48799
38.8200,0.39209,-0.10201,0.15243,0.44121,-0.07749,10.1083,0.06385,1,0.48794
38.8400,0.39184,-0.10067,0.15240,0.44121,-0.07625,10.1087,0.06412,1,0.48788
38.8600,0.39159,-0.09933,0.15238,0.44121,-0.07501,10.1090,0.06439,1,0.48783
38.8800,0.39134,-0.09799,0.15237,0.44121,-0.07377,10.1094,0.06467,1,0.48777
38.9000,0.39109,-0.09665,0.15237,0.44121,-0.07253,10.1098,0.06494,1,0.48772
38.9200,0.39083,-0.09530,0.15238,0.44121,-0.07130,10.1101,0.06521,1,0.48766
38.9400,0.39058,-0.09396,0.15239,0.44121,-0.07006,10.1105,0.06548,1,0.48761
38.9600,0.39032,-0.09262,0.15242,0.44121,-0.06883,10.1108,0.06575,1,0.48755
38.9800,0.39007,-0.09128,0.15245,0.44121,-0.06760,10.1112,0.06603,1,0.48750
39.0000,0.38981,-0.08993,0.15249,0.44121,-0.06637,10.1116,0.06630,1,0.48745
39.0200,0.38955,-0.08859,0.15254,0.44121,-0.06514,10.1120,0.06657,1,0.48739
39.0400,0.38929,-0.08725,0.15260,0.44121,-0.06392,10.1123,0.06685,1,0.48734
39.0600,0.38904,-0.08590,0.15267,0.44121,-0.06269,10.1127,0.06712,1,0.48728
39.0800,0.38878,-0.08456,0.15274,0.44121,-0.06147,10.1131,0.06739,1,0.48723
39.1000,0.38851,-0.08321,0.15282,0.44121,-0.06025,10.1134,0.06767,1,0.48718
39.1200,0.38825,-0.08187,0.15292,0.44121,-0.05903,10.1138,0.06794,1,0.48712
39.1400,0.38799,-0.08052,0.15302,0.44121,-0.05781,10.1142,0.06822,1,0.48707
39.1600,0.38773,-0.07918,0.15313,0.44121,-0.05660,10.1146,0.06849,1,0.48702
39.1800,0.38746,-0.07783,0.15325,0.44121,-0.05539,10.1150,0.06877,1,0.48696
39.2000,0.38720,-0.07649,0.15337,0.44121,-0.05418,10.1153,0.06904,1,0.48691
39.2200,0.38693,-0.07514,0.15351,0.44121,-0.05297,10.1157,0.06932,1,0.48686
39.2400,0.38667,-0.07380,0.15365,0.44121,-0.05176,10.1161,0.06960,1,0.48680
39.2600,0.38640,-0.07245,0.15381,0.44121,-0.05056,10.1165,0.06987,1,0.48675
39.2800,0.38613,-0.07111,0.15397,0.44121,-0.04936,10.1169,0.07015,1,0.48670
39.3000,0.38587,-0.06977,0.15414,0.44121,-0.04816,10.1173,0.07042,1,0.48664
39.3200,0.38560,-0.06842,0.15432,0.44121,-0.04696,10.1177,0.07070,1,0.48659
39.3400,0.38533,-0.06708,0.15450,0.44121,-0.04577,10.1180,0.07098,1,0.48654
39.3600,0.38506,-0.06574,0.15470,0.44121,-0.04457,10.1184,0.07125,1,0.48649
39.3800,0.38479,-0.06440,0.15491,0.44121,-0.04339,10.1188,0.07153,1,0.48644
39.4000,0.38452,-0.06305,0.15512,0.44121,-0.04220,10.1192,0.07181,1,0.48638
39.4200,0.38424,-0.06171,0.15534,0.44121,-0.04101,10.1196,0.07208,1,0.48633
39.4400,0.38397,-0.06037,0.15557,0.44121,-0.03983,10.1200,0.07236,1,0.48628
39.4600,0.38370,-0.05903,0.15581,0.44121,-0.03865,10.1204,0.07264,1,0.48623
39.4800,0.38342,-0.05769,0.15606,0.44121,-0.03748,10.1208,0.07291,1,0.48618
39.5000,0.38315,-0.05636,0.15632,0.44121,-0.03630,10.1212,0.07319,1,0.48613
39.5200,0.38287,-0.05502,0.15659,0.44121,-0.03513,10.1216,0.07346,1,0.48608
39.5400,0.38260,-0.05368,0.15686,0.44121,-0.03397,10.1220,0.07374,1,0.48603
39.5600,0.38232,-0.05235,0.15715,0.44121,-0.03280,10.1224,0.07402,1,0.48598
39.5800,0.38205,-0.05101,0.15744,0.44121,-0.03164,10.1228,0.07429,1,0.48592
39.6000,0.38177,-0.04968,0.15774,0.44121,-0.03048,10.1232,0.07457,1,0.48587
39.6200,0.38149,-0.04835,0.15805,0.44121,-0.02933,10.1236,0.07485,1,0.48582
39.6400,0.38121,-0.04702,0.15837,0.44121,-0.02817,10.1240,0.07512,1,0.48577
39.6600,0.38093,-0.04569,0.15870,0.44121,-0.02702,10.1244,0.07540,1,0.48572
39.6800,0.38065,-0.04436,0.15904,0.44121,-0.02588,10.1249,0.07568,1,0.48567
39.7000,0.38037,-0.04303,0.15939,0.44121,-0.02474,10.1253,0.07595,1,0.48562
39.7200,0.38009,-0.04171,0.15974,0.44121,-0.02360,10.1257,0.07623,1,0.48558
39.7400,0.37981,-0.04038,0.16011,0.44121,-0.02246,10.1261,0.07650,1,0.48553
39.7600,0.37953,-0.03906,0.16048,0.44121,-0.02133,10.1265,0.07678,1,0.48548
39.7800,0.37925,-0.03774,0.16086,0.44121,-0.02020,10.1269,0.07705,1,0.48543
39.8000,0.37897,-0.03642,0.16126,0.44121,-0.01907,10.1273,0.07733,1,0.48538
39.8200,0.37868,-0.03510,0.16166,0.44121,-0.01795,10.1278,0.07760,1,0.48533
39.8400,0.37840,-0.03378,0.16207,0.44121,-0.01683,10.1282,0.07788,1,0.48528
39.8600,0.37812,-0.03247,0.16248,0.44121,-0.01572,10.1286,0.07815,1,0.48524
39.8800,0.37783,-0.03115,0.16291,0.44121,-0.01461,10.1290,0.07843,1,0.48519
39.9000,0.37755,-0.02984,0.16335,0.44121,-0.01350,10.1294,0.07870,1,0.48514
39.9200,0.37726,-0.02853,0.16379,0.44121,-0.01239,10.1298,0.07897,1,0.48509
39.9400,0.37698,-0.02723,0.16425,0.44121,-0.01129,10.1303,0.07925,1,0.48504
39.9600,0.37669,-0.02592,0.16471,0.44121,-0.01020,10.1307,0.07952,1,0.48500
39.9800,0.37641,-0.02462,0.16518,0.44121,-0.00911,10.1311,0.07979,1,0.48495
