time,ee_x,ee_y,ee_z,tgt_x,tgt_y,tension_N,pos_error_m,cable_taut,cable_dist_m
3.3400,0.44114,0.09397,0.39407,0.55000,0.43301,0.0000,0.35614,0,0.37101
3.3600,0.44524,0.10183,0.40840,0.55000,0.43301,0.0000,0.34746,0,0.36918
3.3800,0.45288,0.11328,0.42334,0.55000,0.43301,0.0000,0.33497,0,0.36588
3.4000,0.46285,0.12736,0.43918,0.55000,0.43301,0.0000,0.32024,0,0.36253
3.4200,0.47376,0.14350,0.45586,0.55000,0.43301,0.0000,0.30455,0,0.36075
3.4400,0.48423,0.16134,0.47301,0.55000,0.43301,0.6181,0.28890,0,0.36203
3.4600,0.49309,0.18059,0.49002,0.55000,0.43301,1.8060,0.27397,0,0.36730
3.4800,0.49954,0.20105,0.50625,0.55000,0.43301,2.9594,0.26008,0,0.37681
3.5000,0.50319,0.22251,0.52115,0.55000,0.43301,3.9803,0.24735,0,0.39023
3.5200,0.50393,0.24478,0.53429,0.55000,0.43301,4.8172,0.23577,0,0.40695
3.5400,0.50184,0.26768,0.54545,0.55000,0.43301,5.4702,0.22541,0,0.42627
3.5600,0.49709,0.29104,0.55454,0.55000,0.43301,5.9671,0.21642,0,0.44759
3.5800,0.48991,0.31470,0.56160,0.55000,0.43301,6.3440,0.20910,0,0.47043
3.6000,0.48051,0.33853,0.56676,0.55000,0.43301,6.6350,0.20388,1,0.49445
3.6200,0.47428,0.35552,0.56833,0.55000,0.43301,152.7278,0.20018,1,0.51071
3.6400,0.47842,0.35649,0.56409,0.55000,0.43301,25.0370,0.19469,1,0.50737
3.6600,0.48094,0.35823,0.55844,0.55000,0.43301,27.8111,0.18832,1,0.50520
3.6800,0.48189,0.36129,0.55148,0.55000,0.43301,25.3040,0.18091,1,0.50465
3.7000,0.48236,0.36458,0.54321,0.55000,0.43301,22.9285,0.17254,1,0.50431
3.7200,0.48275,0.36782,0.53388,0.55000,0.43301,20.1262,0.16339,1,0.50385
3.7400,0.48323,0.37100,0.52373,0.55000,0.43301,18.2293,0.15367,1,0.50329
3.7600,0.48389,0.37416,0.51299,0.55000,0.43301,17.1709,0.14353,1,0.50268
3.7800,0.48483,0.37727,0.50186,0.55000,0.43301,16.4281,0.13315,1,0.50204
3.8000,0.48611,0.38034,0.49051,0.55000,0.43301,15.8807,0.12268,1,0.50138
3.8200,0.48775,0.38335,0.47909,0.55000,0.43301,15.4457,0.11223,1,0.50071
3.8400,0.48979,0.38629,0.46772,0.55000,0.43301,15.0597,0.10195,1,0.50004
3.8600,0.49223,0.38918,0.45650,0.55000,0.43301,14.6892,0.09193,1,0.49937
3.8800,0.49507,0.39199,0.44555,0.55000,0.43301,14.3164,0.08231,1,0.49872
3.9000,0.49828,0.39474,0.43494,0.55000,0.43301,13.9327,0.07321,1,0.49808
3.9200,0.50185,0.39743,0.42473,0.55000,0.43301,13.5357,0.06478,1,0.49745
3.9400,0.50574,0.40006,0.41499,0.55000,0.43301,13.1271,0.05718,1,0.49685
3.9600,0.50992,0.40263,0.40577,0.55000,0.43301,12.7109,0.05062,1,0.49627
3.9800,0.51435,0.40514,0.39709,0.55000,0.43301,12.2923,0.04535,1,0.49572
4.0000,0.51898,0.40758,0.38901,0.55000,0.43301,11.8771,0.04159,1,0.49519
4.0200,0.52376,0.40997,0.38153,0.55000,0.43301,11.4710,0.03951,1,0.49469
4.0400,0.52864,0.41229,0.37468,0.55000,0.43301,11.0795,0.03908,1,0.49422
4.0600,0.53357,0.41454,0.36846,0.55000,0.43301,10.7074,0.04007,1,0.49379
4.0800,0.53850,0.41673,0.36289,0.55000,0.43301,10.3588,0.04212,1,0.49338
4.1000,0.54338,0.41884,0.35797,0.55000,0.43301,10.0374,0.04485,1,0.49300
4.1200,0.54817,0.42089,0.35368,0.55000,0.43301,9.7457,0.04791,1,0.49266
4.1400,0.55281,0.42285,0.35003,0.55000,0.43301,9.4856,0.05107,1,0.49234
4.1600,0.55727,0.42474,0.34699,0.55000,0.43301,9.2584,0.05414,1,0.49206
4.1800,0.56152,0.42654,0.34455,0.55000,0.43301,9.0645,0.05700,1,0.49182
4.2000,0.56551,0.42826,0.34270,0.55000,0.43301,8.9037,0.05956,1,0.49160
4.2200,0.56923,0.42989,0.34139,0.55000,0.43301,8.7752,0.06176,1,0.49142
4.2400,0.57264,0.43142,0.34062,0.55000,0.43301,8.6777,0.06357,1,0.49127
4.2600,0.57574,0.43286,0.34033,0.55000,0.43301,8.6094,0.06498,1,0.49114
4.2800,0.57850,0.43420,0.34052,0.55000,0.43301,8.5680,0.06597,1,0.49105
4.3000,0.58091,0.43543,0.34113,0.55000,0.43301,8.5511,0.06654,1,0.49099
4.3200,0.58298,0.43656,0.34214,0.55000,0.43301,8.5561,0.06669,1,0.49095
4.3400,0.58469,0.43757,0.34350,0.55000,0.43301,8.5802,0.06645,1,0.49094
4.3600,0.58605,0.43847,0.34519,0.55000,0.43301,8.6209,0.06583,1,0.49095
4.3800,0.58707,0.43925,0.34717,0.55000,0.43301,8.6754,0.06484,1,0.49099
4.4000,0.58775,0.43991,0.34939,0.55000,0.43301,8.7415,0.06352,1,0.49105
4.4200,0.58811,0.44044,0.35183,0.55000,0.43301,8.8169,0.06187,1,0.49113
4.4400,0.58816,0.44085,0.35444,0.55000,0.43301,8.8996,0.05994,1,0.49123
4.4600,0.58791,0.44114,0.35721,0.55000,0.43301,8.9878,0.05775,1,0.49134
4.4800,0.58739,0.44131,0.36009,0.55000,0.43301,9.0801,0.05531,1,0.49148
4.5000,0.58660,0.44135,0.36305,0.55000,0.43301,9.1750,0.05268,1,0.49162
4.5200,0.58558,0.44128,0.36607,0.55000,0.43301,9.2716,0.04986,1,0.49178
4.5400,0.58435,0.44109,0.36912,0.55000,0.43301,9.3687,0.04689,1,0.49195
4.5600,0.58292,0.44079,0.37218,0.55000,0.43301,9.4656,0.04379,1,0.49214
4.5800,0.58132,0.44040,0.37523,0.55000,0.43301,9.5615,0.04061,1,0.49233
4.6000,0.57957,0.43990,0.37824,0.55000,0.43301,9.6557,0.03736,1,0.49252
4.6200,0.57770,0.43932,0.38120,0.55000,0.43301,9.7477,0.03407,1,0.49272
4.6400,0.57573,0.43867,0.38410,0.55000,0.43301,9.8369,0.03077,1,0.49293
4.6600,0.57369,0.43794,0.38691,0.55000,0.43301,9.9228,0.02751,1,0.49313
4.6800,0.57158,0.43715,0.38963,0.55000,0.43301,10.0049,0.02430,1,0.49334
4.7000,0.56944,0.43631,0.39225,0.55000,0.43301,10.0829,0.02119,1,0.49355
4.7200,0.56728,0.43543,0.39475,0.55000,0.43301,10.1564,0.01822,1,0.49375
4.7400,0.56513,0.43453,0.39714,0.55000,0.43301,10.2250,0.01547,1,0.49395
4.7600,0.56299,0.43360,0.39939,0.55000,0.43301,10.2885,0.01302,1,0.49415
4.7800,0.56089,0.43266,0.40152,0.55000,0.43301,10.3466,0.01100,1,0.49434
4.8000,0.55884,0.43172,0.40351,0.55000,0.43301,10.3994,0.00960,1,0.49453
4.8200,0.55686,0.43080,0.40536,0.55000,0.43301,10.4466,0.00898,1,0.49470
4.8400,0.55495,0.42988,0.40708,0.55000,0.43301,10.4882,0.00918,1,0.49487
4.8600,0.55312,0.42900,0.40865,0.55000,0.43301,10.5243,0.01003,1,0.49504
4.8800,0.55139,0.42814,0.41007,0.55000,0.43301,10.5550,0.01128,1,0.49519
4.9000,0.54976,0.42732,0.41136,0.55000,0.43301,10.5803,0.01270,1,0.49533
4.9200,0.54824,0.42655,0.41250,0.55000,0.43301,10.6005,0.01418,1,0.49547
4.9400,0.54683,0.42583,0.41350,0.55000,0.43301,10.6157,0.01562,1,0.49559
4.9600,0.54553,0.42516,0.41436,0.55000,0.43301,10.6263,0.01697,1,0.49570
4.9800,0.54435,0.42454,0.41509,0.55000,0.43301,10.6323,0.01820,1,0.49580
5.0000,0.54328,0.42399,0.41568,0.55000,0.43301,10.6342,0.01930,1,0.49590
5.0200,0.54234,0.42349,0.41615,0.55000,0.43301,10.6322,0.02025,1,0.49598
5.0400,0.54151,0.42305,0.41648,0.55000,0.43301,10.6265,0.02105,1,0.49605
5.0600,0.54079,0.42268,0.41670,0.55000,0.43301,10.6174,0.02169,1,0.49611
5.0800,0.54019,0.42236,0.41679,0.55000,0.43301,10.6053,0.02217,1,0.49616
5.1000,0.53969,0.42211,0.41678,0.55000,0.43301,10.5904,0.02251,1,0.49620
5.1200,0.53931,0.42191,0.41665,0.55000,0.43301,10.5729,0.02269,1,0.49624
5.1400,0.53902,0.42177,0.41643,0.55000,0.43301,10.5532,0.02273,1,0.49626
5.1600,0.53883,0.42168,0.41611,0.55000,0.43301,10.5313,0.02264,1,0.49627
5.1800,0.53873,0.42165,0.41570,0.55000,0.43301,10.5077,0.02242,1,0.49628
5.2000,0.53873,0.42166,0.41521,0.55000,0.43301,10.4825,0.02208,1,0.49628
5.2200,0.53880,0.42171,0.41465,0.55000,0.43301,10.4558,0.02163,1,0.49627
5.2400,0.53895,0.42181,0.41402,0.55000,0.43301,10.4280,0.02108,1,0.49626
5.2600,0.53917,0.42195,0.41333,0.55000,0.43301,10.3992,0.02043,1,0.49623
5.2800,0.53945,0.42211,0.41258,0.55000,0.43301,10.3696,0.01971,1,0.49621
5.3000,0.53980,0.42231,0.41179,0.55000,0.43301,10.3395,0.01891,1,0.49618
5.3200,0.54020,0.42254,0.41097,0.55000,0.43301,10.3089,0.01806,1,0.49614
5.3400,0.54065,0.42279,0.41011,0.55000,0.43301,10.2780,0.01715,1,0.49610
5.3600,0.54114,0.42306,0.40922,0.55000,0.43301,10.2471,0.01621,1,0.49606
5.3800,0.54166,0.42335,0.40832,0.55000,0.43301,10.2163,0.01524,1,0.49602
5.4000,0.54222,0.42365,0.40742,0.55000,0.43301,10.1857,0.01425,1,0.49597
5.4200,0.54280,0.42397,0.40650,0.55000,0.43301,10.1555,0.01326,1,0.49592
5.4400,0.54341,0.42429,0.40560,0.55000,0.43301,10.1260,0.01228,1,0.49587
5.4600,0.54403,0.42461,0.40470,0.55000,0.43301,10.0971,0.01132,1,0.49582
5.4800,0.54466,0.42495,0.40381,0.55000,0.43301,10.0691,0.01040,1,0.49577
5.5000,0.54530,0.42528,0.40295,0.55000,0.43301,10.0421,0.00952,1,0.49573
5.5200,0.54593,0.42561,0.40211,0.55000,0.43301,10.0162,0.00871,1,0.49568
5.5400,0.54657,0.42594,0.40130,0.55000,0.43301,9.9915,0.00797,1,0.49563
5.5600,0.54720,0.42626,0.40053,0.55000,0.43301,9.9681,0.00733,1,0.49558
5.5800,0.54782,0.42657,0.39980,0.55000,0.43301,9.9462,0.00680,1,0.49554
5.6000,0.54842,0.42688,0.39910,0.55000,0.43301,9.9258,0.00639,1,0.49550
5.6200,0.54901,0.42718,0.39845,0.55000,0.43301,9.9070,0.00611,1,0.49546
5.6400,0.54958,0.42747,0.39785,0.55000,0.43301,9.8898,0.00596,1,0.49542
5.6600,0.55012,0.42775,0.39729,0.55000,0.43301,9.8742,0.00592,1,0.49539
5.6800,0.55064,0.42801,0.39679,0.55000,0.43301,9.8604,0.00598,1,0.49536
5.7000,0.55113,0.42826,0.39633,0.55000,0.43301,9.8483,0.00611,1,0.49533
5.7200,0.55160,0.42850,0.39593,0.55000,0.43301,9.8379,0.00629,1,0.49531
5.7400,0.55203,0.42872,0.39558,0.55000,0.43301,9.8292,0.00649,1,0.49529
5.7600,0.55243,0.42893,0.39527,0.55000,0.43301,9.8222,0.00670,1,0.49527
5.7800,0.55279,0.42912,0.39502,0.55000,0.43301,9.8168,0.00691,1,0.49526
5.8000,0.55312,0.42930,0.39482,0.55000,0.43301,9.8131,0.00710,1,0.49525
5.8200,0.55342,0.42946,0.39466,0.55000,0.43301,9.8109,0.00727,1,0.49524
5.8400,0.55368,0.42960,0.39456,0.55000,0.43301,9.8101,0.00740,1,0.49524
5.8600,0.55391,0.42973,0.39449,0.55000,0.43301,9.8108,0.00751,1,0.49524
5.8800,0.55410,0.42984,0.39447,0.55000,0.43301,9.8129,0.00758,1,0.49524
5.9000,0.55426,0.42994,0.39449,0.55000,0.43301,9.8161,0.00761,1,0.49525
5.9200,0.55438,0.43003,0.39455,0.55000,0.43301,9.8205,0.00760,1,0.49526
5.9400,0.55447,0.43009,0.39464,0.55000,0.43301,9.8260,0.00756,1,0.49527
5.9600,0.55453,0.43015,0.39477,0.55000,0.43301,9.8324,0.00749,1,0.49529
5.9800,0.55456,0.43018,0.39493,0.55000,0.43301,9.8397,0.00738,1,0.49530
6.0000,0.55456,0.43021,0.39511,0.55000,0.43301,9.8478,0.00725,1,0.49532
6.0200,0.55453,0.43022,0.39532,0.55000,0.43301,9.8565,0.00709,1,0.49535
6.0400,0.55447,0.43022,0.39555,0.55000,0.43301,9.8658,0.00690,1,0.49537
6.0600,0.55439,0.43021,0.39580,0.55000,0.43301,9.8755,0.00670,1,0.49540
6.0800,0.55429,0.43019,0.39606,0.55000,0.43301,9.8856,0.00647,1,0.49543
6.1000,0.55417,0.43015,0.39634,0.55000,0.43301,9.8959,0.00624,1,0.49546
6.1200,0.55403,0.43011,0.39663,0.55000,0.43301,9.9065,0.00600,1,0.49549
6.1400,0.55387,0.43006,0.39693,0.55000,0.43301,9.9171,0.00575,1,0.49552
6.1600,0.55370,0.43000,0.39723,0.55000,0.43301,9.9277,0.00551,1,0.49556
6.1800,0.55351,0.42994,0.39754,0.55000,0.43301,9.9383,0.00527,1,0.49559
6.2000,0.55331,0.42987,0.39785,0.55000,0.43301,9.9487,0.00505,1,0.49562
6.2200,0.55310,0.42979,0.39816,0.55000,0.43301,9.9589,0.00484,1,0.49566
6.2400,0.55289,0.42971,0.39846,0.55000,0.43301,9.9688,0.00465,1,0.49570
6.2600,0.55267,0.42962,0.39876,0.55000,0.43301,9.9785,0.00449,1,0.49573
6.2800,0.55245,0.42954,0.39905,0.55000,0.43301,9.9877,0.00436,1,0.49577
6.3000,0.55222,0.42945,0.39933,0.55000,0.43301,9.9966,0.00425,1,0.49580
6.3200,0.55199,0.42936,0.39960,0.55000,0.43301,10.0049,0.00418,1,0.49584
6.3400,0.55177,0.42927,0.39987,0.55000,0.43301,10.0128,0.00414,1,0.49587
6.3600,0.55154,0.42918,0.40012,0.55000,0.43301,10.0202,0.00413,1,0.49591
6.3800,0.55133,0.42909,0.40035,0.55000,0.43301,10.0270,0.00415,1,0.49594
6.4000,0.55111,0.42901,0.40057,0.55000,0.43301,10.0333,0.00420,1,0.49598
6.4200,0.55090,0.42892,0.40078,0.55000,0.43301,10.0390,0.00426,1,0.49601
6.4400,0.55070,0.42884,0.40097,0.55000,0.43301,10.0441,0.00434,1,0.49604
6.4600,0.55051,0.42877,0.40115,0.55000,0.43301,10.0487,0.00443,1,0.49607
6.4800,0.55033,0.42869,0.40131,0.55000,0.43301,10.0527,0.00453,1,0.49610
6.5000,0.55016,0.42862,0.40145,0.55000,0.43301,10.0561,0.00462,1,0.49613
6.5200,0.54999,0.42856,0.40158,0.55000,0.43301,10.0589,0.00472,1,0.49615
6.5400,0.54984,0.42850,0.40168,0.55000,0.43301,10.0612,0.00482,1,0.49618
6.5600,0.54970,0.42845,0.40178,0.55000,0.43301,10.0629,0.00491,1,0.49621
6.5800,0.54957,0.42840,0.40186,0.55000,0.43301,10.0642,0.00499,1,0.49623
6.6000,0.54945,0.42836,0.40192,0.55000,0.43301,10.0649,0.00507,1,0.49625
6.6200,0.54935,0.42832,0.40196,0.55000,0.43301,10.0651,0.00513,1,0.49627
6.6400,0.54925,0.42829,0.40200,0.55000,0.43301,10.0649,0.00518,1,0.49629
6.6600,0.54917,0.42826,0.40201,0.55000,0.43301,10.0643,0.00523,1,0.49631
6.6800,0.54910,0.42824,0.40202,0.55000,0.43301,10.0632,0.00526,1,0.49633
6.7000,0.54904,0.42822,0.40201,0.55000,0.43301,10.0618,0.00528,1,0.49635
6.7200,0.54899,0.42822,0.40199,0.55000,0.43301,10.0600,0.00529,1,0.49636
6.7400,0.54895,0.42821,0.40195,0.55000,0.43301,10.0580,0.00529,1,0.49638
6.7600,0.54893,0.42821,0.40191,0.55000,0.43301,10.0556,0.00528,1,0.49639
6.7800,0.54891,0.42822,0.40186,0.55000,0.43301,10.0530,0.00526,1,0.49641
6.8000,0.54890,0.42823,0.40180,0.55000,0.43301,10.0502,0.00523,1,0.49642
6.8200,0.54891,0.42824,0.40173,0.55000,0.43301,10.0472,0.00519,1,0.49643
6.8400,0.54892,0.42826,0.40165,0.55000,0.43301,10.0440,0.00515,1,0.49644
6.8600,0.54893,0.42829,0.40157,0.55000,0.43301,10.0407,0.00509,1,0.49645
6.8800,0.54896,0.42831,0.40148,0.55000,0.43301,10.0373,0.00504,1,0.49646
6.9000,0.54899,0.42834,0.40139,0.55000,0.43301,10.0338,0.00498,1,0.49647
6.9200,0.54903,0.42837,0.40130,0.55000,0.43301,10.0303,0.00491,1,0.49648
6.9400,0.54907,0.42841,0.40120,0.55000,0.43301,10.0267,0.00485,1,0.49649
6.9600,0.54912,0.42845,0.40110,0.55000,0.43301,10.0232,0.00478,1,0.49650
6.9800,0.54917,0.42849,0.40100,0.55000,0.43301,10.0197,0.00471,1,0.49651
7.0000,0.54923,0.42853,0.40090,0.55000,0.43301,10.0162,0.00464,1,0.49651
7.0200,0.54928,0.42857,0.40080,0.55000,0.43301,10.0128,0.00457,1,0.49652
7.0400,0.54934,0.42862,0.40070,0.55000,0.43301,10.0095,0.00450,1,0.49653
7.0600,0.54941,0.42866,0.40060,0.55000,0.43301,10.0063,0.00443,1,0.49654
7.0800,0.54947,0.42871,0.40051,0.55000,0.43301,10.0032,0.00437,1,0.49654
7.1000,0.54953,0.42875,0.40042,0.55000,0.43301,10.0003,0.00430,1,0.49655
7.1200,0.54960,0.42880,0.40033,0.55000,0.43301,9.9975,0.00424,1,0.49656
7.1400,0.54966,0.42885,0.40024,0.55000,0.43301,9.9949,0.00419,1,0.49657
7.1600,0.54972,0.42889,0.40016,0.55000,0.43301,9.9924,0.00413,1,0.49658
7.1800,0.54978,0.42894,0.40008,0.55000,0.43301,9.9901,0.00408,1,0.49658
7.2000,0.54984,0.42898,0.40001,0.55000,0.43301,9.9881,0.00403,1,0.49659
7.2200,0.54990,0.42903,0.39994,0.55000,0.43301,9.9862,0.00399,1,0.49660
7.2400,0.54995,0.42907,0.39988,0.55000,0.43301,9.9844,0.00395,1,0.49661
7.2600,0.55001,0.42911,0.39982,0.55000,0.43301,9.9829,0.00391,1,0.49662
7.2800,0.55006,0.42915,0.39977,0.55000,0.43301,9.9816,0.00387,1,0.49663
7.3000,0.55010,0.42919,0.39973,0.55000,0.43301,9.9805,0.00384,1,0.49664
7.3200,0.55014,0.42923,0.39968,0.55000,0.43301,9.9795,0.00380,1,0.49665
7.3400,0.55018,0.42926,0.39965,0.55000,0.43301,9.9788,0.00377,1,0.49666
7.3600,0.55022,0.42929,0.39962,0.55000,0.43301,9.9782,0.00374,1,0.49667
7.3800,0.55025,0.42933,0.39960,0.55000,0.43301,9.9778,0.00372,1,0.49669
7.4000,0.55028,0.42936,0.39958,0.55000,0.43301,9.9776,0.00369,1,0.49670
7.4200,0.55030,0.42938,0.39956,0.55000,0.43301,9.9775,0.00367,1,0.49671
7.4400,0.55032,0.42941,0.39955,0.55000,0.43301,9.9776,0.00364,1,0.49672
7.4600,0.55033,0.42943,0.39955,0.55000,0.43301,9.9778,0.00362,1,0.49674
7.4800,0.55035,0.42946,0.39955,0.55000,0.43301,9.9782,0.00360,1,0.49675
7.5000,0.55035,0.42948,0.39955,0.55000,0.43301,9.9787,0.00358,1,0.49676
7.5200,0.55036,0.42950,0.39956,0.55000,0.43301,9.9793,0.00356,1,0.49678
7.5400,0.55036,0.42951,0.39957,0.55000,0.43301,9.9800,0.00354,1,0.49679
7.5600,0.55036,0.42953,0.39959,0.55000,0.43301,9.9808,0.00352,1,0.49681
7.5800,0.55035,0.42954,0.39960,0.55000,0.43301,9.9817,0.00351,1,0.49682
7.6000,0.55034,0.42956,0.39962,0.55000,0.43301,9.9827,0.00349,1,0.49684
7.6200,0.55033,0.42957,0.39965,0.55000,0.43301,9.9837,0.00348,1,0.49686
7.6400,0.55031,0.42958,0.39967,0.55000,0.43301,9.9848,0.00346,1,0.49687
7.6600,0.55030,0.42959,0.39970,0.55000,0.43301,9.9859,0.00345,1,0.49689
7.6800,0.55028,0.42959,0.39973,0.55000,0.43301,9.9871,0.00344,1,0.49690
7.7000,0.55026,0.42960,0.39976,0.55000,0.43301,9.9883,0.00343,1,0.49692
7.7200,0.55023,0.42961,0.39979,0.55000,0.43301,9.9895,0.00342,1,0.49694
7.7400,0.55021,0.42961,0.39982,0.55000,0.43301,9.9907,0.00341,1,0.49695
7.7600,0.55018,0.42962,0.39986,0.55000,0.43301,9.9919,0.00341,1,0.49697
7.7800,0.55015,0.42962,0.39989,0.55000,0.43301,9.9930,0.00340,1,0.49699
7.8000,0.55012,0.42962,0.39992,0.55000,0.43301,9.9942,0.00340,1,0.49700
7.8200,0.55009,0.42962,0.39996,0.55000,0.43301,9.9953,0.00339,1,0.49702
7.8400,0.55006,0.42962,0.39999,0.55000,0.43301,9.9964,0.00339,1,0.49704
7.8600,0.55003,0.42963,0.40002,0.55000,0.43301,9.9975,0.00339,1,0.49706
7.8800,0.55000,0.42963,0.40005,0.55000,0.43301,9.9985,0.00339,1,0.49707
7.9000,0.54997,0.42963,0.40008,0.55000,0.43301,9.9995,0.00339,1,0.49709
7.9200,0.54993,0.42963,0.40011,0.55000,0.43301,10.0004,0.00339,1,0.49711
7.9400,0.54990,0.42963,0.40014,0.55000,0.43301,10.0012,0.00339,1,0.49712
7.9600,0.54987,0.42963,0.40016,0.55000,0.43301,10.0020,0.00339,1,0.49714
7.9800,0.54984,0.42963,0.40019,0.55000,0.43301,10.0028,0.00339,1,0.49716
8.0000,0.54981,0.42963,0.40021,0.55000,0.43301,10.0035,0.00339,1,0.49717
8.0200,0.54978,0.42964,0.40023,0.55000,0.43301,10.0041,0.00339,1,0.49719
8.0400,0.54975,0.42964,0.40025,0.55000,0.43301,10.0046,0.00339,1,0.49721
8.0600,0.54972,0.42964,0.40027,0.55000,0.43301,10.0051,0.00339,1,0.49722
8.0800,0.54970,0.42964,0.40029,0.55000,0.43301,10.0055,0.00339,1,0.49724
8.1000,0.54967,0.42965,0.40030,0.55000,0.43301,10.0059,0.00339,1,0.49725
8.1200,0.54965,0.42965,0.40031,0.55000,0.43301,10.0062,0.00339,1,0.49727
8.1400,0.54962,0.42966,0.40033,0.55000,0.43301,10.0064,0.00339,1,0.49729
8.1600,0.54960,0.42966,0.40033,0.55000,0.43301,10.0066,0.00339,1,0.49730
8.1800,0.54958,0.42967,0.40034,0.55000,0.43301,10.0067,0.00339,1,0.49732
8.2000,0.54956,0.42968,0.40035,0.55000,0.43301,10.0067,0.00338,1,0.49733
8.2200,0.54954,0.42968,0.40035,0.55000,0.43301,10.0067,0.00338,1,0.49735
8.2400,0.54953,0.42969,0.40035,0.55000,0.43301,10.0067,0.00337,1,0.49736
8.2600,0.54951,0.42970,0.40036,0.55000,0.43301,10.0066,0.00337,1,0.49738
8.2800,0.54950,0.42971,0.40035,0.55000,0.43301,10.0064,0.00336,1,0.49739
8.3000,0.54948,0.42972,0.40035,0.55000,0.43301,10.0062,0.00335,1,0.49741
8.3200,0.54947,0.42973,0.40035,0.55000,0.43301,10.0060,0.00335,1,0.49742
8.3400,0.54946,0.42974,0.40035,0.55000,0.43301,10.0058,0.00334,1,0.49744
8.3600,0.54945,0.42975,0.40034,0.55000,0.43301,10.0055,0.00333,1,0.49745
8.3800,0.54944,0.42976,0.40033,0.55000,0.43301,10.0052,0.00332,1,0.49747
8.4000,0.54943,0.42977,0.40033,0.55000,0.43301,10.0048,0.00330,1,0.49748
8.4200,0.54943,0.42979,0.40032,0.55000,0.43301,10.0045,0.00329,1,0.49750
8.4400,0.54942,0.42980,0.40031,0.55000,0.43301,10.0041,0.00328,1,0.49751
8.4600,0.54942,0.42981,0.40030,0.55000,0.43301,10.0037,0.00327,1,0.49753
8.4800,0.54941,0.42983,0.40029,0.55000,0.43301,10.0034,0.00325,1,0.49754
8.5000,0.54941,0.42984,0.40028,0.55000,0.43301,10.0030,0.00324,1,0.49755
8.5200,0.54941,0.42986,0.40027,0.55000,0.43301,10.0026,0.00322,1,0.49757
8.5400,0.54940,0.42987,0.40026,0.55000,0.43301,10.0022,0.00321,1,0.49758
8.5600,0.54940,0.42989,0.40025,0.55000,0.43301,10.0018,0.00319,1,0.49760
8.5800,0.54940,0.42990,0.40024,0.55000,0.43301,10.0014,0.00318,1,0.49761
8.6000,0.54940,0.42992,0.40022,0.55000,0.43301,10.0010,0.00316,1,0.49762
8.6200,0.54940,0.42993,0.40021,0.55000,0.43301,10.0006,0.00315,1,0.49764
8.6400,0.54940,0.42995,0.40020,0.55000,0.43301,10.0002,0.00313,1,0.49765
8.6600,0.54940,0.42996,0.40019,0.55000,0.43301,9.9999,0.00311,1,0.49766
8.6800,0.54940,0.42998,0.40018,0.55000,0.43301,9.9996,0.00310,1,0.49768
8.7000,0.54940,0.43000,0.40017,0.55000,0.43301,9.9992,0.00308,1,0.49769
8.7200,0.54940,0.43001,0.40016,0.55000,0.43301,9.9989,0.00306,1,0.49771
8.7400,0.54940,0.43003,0.40015,0.55000,0.43301,9.9987,0.00305,1,0.49772
8.7600,0.54940,0.43004,0.40014,0.55000,0.43301,9.9984,0.00303,1,0.49773
8.7800,0.54940,0.43006,0.40014,0.55000,0.43301,9.9981,0.00302,1,0.49775
8.8000,0.54940,0.43008,0.40013,0.55000,0.43301,9.9979,0.00300,1,0.49776
8.8200,0.54940,0.43009,0.40012,0.55000,0.43301,9.9977,0.00299,1,0.49778
8.8400,0.54939,0.43011,0.40011,0.55000,0.43301,9.9976,0.00297,1,0.49779
8.8600,0.54939,0.43012,0.40011,0.55000,0.43301,9.9974,0.00296,1,0.49780
8.8800,0.54939,0.43014,0.40010,0.55000,0.43301,9.9973,0.00294,1,0.49782
8.9000,0.54939,0.43015,0.40010,0.55000,0.43301,9.9972,0.00293,1,0.49783
8.9200,0.54938,0.43017,0.40009,0.55000,0.43301,9.9971,0.00291,1,0.49785
8.9400,0.54938,0.43018,0.40009,0.55000,0.43301,9.9970,0.00290,1,0.49786
8.9600,0.54938,0.43020,0.40009,0.55000,0.43301,9.9969,0.00288,1,0.49788
8.9800,0.54937,0.43021,0.40008,0.55000,0.43301,9.9969,0.00287,1,0.49789
9.0000,0.54937,0.43023,0.40008,0.55000,0.43301,9.9969,0.00286,1,0.49791
9.0200,0.54936,0.43024,0.40008,0.55000,0.43301,9.9969,0.00285,1,0.49792
9.0400,0.54936,0.43025,0.40008,0.55000,0.43301,9.9969,0.00283,1,0.49793
9.0600,0.54935,0.43027,0.40008,0.55000,0.43301,9.9970,0.00282,1,0.49795
9.0800,0.54935,0.43028,0.40008,0.55000,0.43301,9.9970,0.00281,1,0.49796
9.1000,0.54934,0.43029,0.40008,0.55000,0.43301,9.9971,0.00280,1,0.49798
9.1200,0.54933,0.43031,0.40008,0.55000,0.43301,9.9972,0.00279,1,0.49799
9.1400,0.54933,0.43032,0.40008,0.55000,0.43301,9.9973,0.00278,1,0.49801
9.1600,0.54932,0.43033,0.40008,0.55000,0.43301,9.9974,0.00277,1,0.49802
9.1800,0.54931,0.43034,0.40008,0.55000,0.43301,9.9975,0.00276,1,0.49804
9.2000,0.54930,0.43036,0.40009,0.55000,0.43301,9.9976,0.00275,1,0.49805
9.2200,0.54929,0.43037,0.40009,0.55000,0.43301,9.9977,0.00274,1,0.49807
9.2400,0.54929,0.43038,0.40009,0.55000,0.43301,9.9978,0.00273,1,0.49808
9.2600,0.54928,0.43039,0.40009,0.55000,0.43301,9.9980,0.00272,1,0.49810
9.2800,0.54927,0.43040,0.40010,0.55000,0.43301,9.9981,0.00271,1,0.49811
9.3000,0.54926,0.43041,0.40010,0.55000,0.43301,9.9982,0.00270,1,0.49813
9.3200,0.54925,0.43043,0.40010,0.55000,0.43301,9.9984,0.00270,1,0.49814
9.3400,0.54924,0.43044,0.40011,0.55000,0.43301,9.9985,0.00269,1,0.49816
9.3600,0.54923,0.43045,0.40011,0.55000,0.43301,9.9986,0.00268,1,0.49817
9.3800,0.54922,0.43046,0.40011,0.55000,0.43301,9.9988,0.00267,1,0.49819
9.4000,0.54921,0.43047,0.40012,0.55000,0.43301,9.9989,0.00266,1,0.49820
9.4200,0.54920,0.43048,0.40012,0.55000,0.43301,9.9990,0.00266,1,0.49822
9.4400,0.54918,0.43049,0.40012,0.55000,0.43301,9.9991,0.00265,1,0.49823
9.4600,0.54917,0.43050,0.40013,0.55000,0.43301,9.9992,0.00264,1,0.49824
9.4800,0.54916,0.43052,0.40013,0.55000,0.43301,9.9994,0.00264,1,0.49826
9.5000,0.54915,0.43053,0.40013,0.55000,0.43301,9.9995,0.00263,1,0.49827
9.5200,0.54914,0.43054,0.40014,0.55000,0.43301,9.9996,0.00262,1,0.49829
9.5400,0.54913,0.43055,0.40014,0.55000,0.43301,9.9997,0.00262,1,0.49830
9.5600,0.54912,0.43056,0.40014,0.55000,0.43301,9.9997,0.00261,1,0.49832
9.5800,0.54911,0.43057,0.40014,0.55000,0.43301,9.9998,0.00260,1,0.49833
9.6000,0.54910,0.43058,0.40015,0.55000,0.43301,9.9999,0.00260,1,0.49835
9.6200,0.54909,0.43059,0.40015,0.55000,0.43301,10.0000,0.00259,1,0.49836
9.6400,0.54908,0.43060,0.40015,0.55000,0.43301,10.0000,0.00258,1,0.49838
9.6600,0.54907,0.43062,0.40015,0.55000,0.43301,10.0001,0.00258,1,0.49839
9.6800,0.54906,0.43063,0.40015,0.55000,0.43301,10.0001,0.00257,1,0.49841
9.7000,0.54905,0.43064,0.40015,0.55000,0.43301,10.0001,0.00256,1,0.49842
9.7200,0.54904,0.43065,0.40015,0.55000,0.43301,10.0002,0.00256,1,0.49844
9.7400,0.54903,0.43066,0.40016,0.55000,0.43301,10.0002,0.00255,1,0.49845
9.7600,0.54902,0.43067,0.40016,0.55000,0.43301,10.0002,0.00254,1,0.49847
9.7800,0.54901,0.43068,0.40016,0.55000,0.43301,10.0002,0.00253,1,0.49848
9.8000,0.54900,0.43070,0.40016,0.55000,0.43301,10.0002,0.00253,1,0.49850
9.8200,0.54899,0.43071,0.40016,0.55000,0.43301,10.0002,0.00252,1,0.49851
9.8400,0.54898,0.43072,0.40016,0.55000,0.43301,10.0002,0.00251,1,0.49853
9.8600,0.54897,0.43073,0.40016,0.55000,0.43301,10.0002,0.00251,1,0.49854
9.8800,0.54897,0.43074,0.40016,0.55000,0.43301,10.0002,0.00250,1,0.49856
9.9000,0.54896,0.43076,0.40016,0.55000,0.43301,10.0001,0.00249,1,0.49857
9.9200,0.54895,0.43077,0.40015,0.55000,0.43301,10.0001,0.00248,1,0.49859
9.9400,0.54894,0.43078,0.40015,0.55000,0.43301,10.0001,0.00248,1,0.49860
9.9600,0.54893,0.43079,0.40015,0.55000,0.43301,10.0001,0.00247,1,0.49861
9.9800,0.54892,0.43080,0.40015,0.55000,0.43301,10.0000,0.00246,1,0.49863
10.0000,0.54892,0.43082,0.40015,0.55000,0.43301,10.0000,0.00245,1,0.49864
10.0200,0.54891,0.43083,0.40015,0.55000,0.43301,9.9999,0.00245,1,0.49866
10.0400,0.54890,0.43084,0.40015,0.55000,0.43301,9.9999,0.00244,1,0.49867
10.0600,0.54889,0.43085,0.40015,0.55000,0.43301,9.9998,0.00243,1,0.49869
10.0800,0.54889,0.43087,0.40015,0.55000,0.43301,9.9998,0.00242,1,0.49870
10.1000,0.54888,0.43088,0.40014,0.55000,0.43301,9.9998,0.00242,1,0.49872
10.1200,0.54887,0.43089,0.40014,0.55000,0.43301,9.9997,0.00241,1,0.49873
10.1400,0.54886,0.43090,0.40014,0.55000,0.43301,9.9997,0.00240,1,0.49875
10.1600,0.54886,0.43092,0.40014,0.55000,0.43301,9.9996,0.00239,1,0.49876
10.1800,0.54885,0.43093,0.40014,0.55000,0.43301,9.9996,0.00238,1,0.49878
10.2000,0.54884,0.43094,0.40014,0.55000,0.43301,9.9995,0.00238,1,0.49879
10.2200,0.54883,0.43095,0.40013,0.55000,0.43301,9.9995,0.00237,1,0.49880
10.2400,0.54883,0.43097,0.40013,0.55000,0.43301,9.9995,0.00236,1,0.49882
10.2600,0.54882,0.43098,0.40013,0.55000,0.43301,9.9994,0.00235,1,0.49883
10.2800,0.54881,0.43099,0.40013,0.55000,0.43301,9.9994,0.00235,1,0.49885
10.3000,0.54881,0.43100,0.40013,0.55000,0.43301,9.9994,0.00234,1,0.49886
10.3200,0.54880,0.43102,0.40013,0.55000,0.43301,9.9993,0.00233,1,0.49888
10.3400,0.54879,0.43103,0.40013,0.55000,0.43301,9.9993,0.00233,1,0.49889
10.3600,0.54878,0.43104,0.40013,0.55000,0.43301,9.9993,0.00232,1,0.49891
10.3800,0.54878,0.43106,0.40012,0.55000,0.43301,9.9992,0.00231,1,0.49892
10.4000,0.54877,0.43107,0.40012,0.55000,0.43301,9.9992,0.00230,1,0.49894
10.4200,0.54876,0.43108,0.40012,0.55000,0.43301,9.9992,0.00230,1,0.49895
10.4400,0.54875,0.43109,0.40012,0.55000,0.43301,9.9992,0.00229,1,0.49896
10.4600,0.54875,0.43111,0.40012,0.55000,0.43301,9.9992,0.00228,1,0.49898
10.4800,0.54874,0.43112,0.40012,0.55000,0.43301,9.9991,0.00228,1,0.49899
10.5000,0.54873,0.43113,0.40012,0.55000,0.43301,9.9991,0.00227,1,0.49901
10.5200,0.54873,0.43114,0.40012,0.55000,0.43301,9.9991,0.00227,1,0.49902
10.5400,0.54872,0.43116,0.40012,0.55000,0.43301,9.9991,0.00226,1,0.49904
10.5600,0.54871,0.43117,0.40012,0.55000,0.43301,9.9991,0.00225,1,0.49905
10.5800,0.54870,0.43118,0.40012,0.55000,0.43301,9.9991,0.00225,1,0.49907
10.6000,0.54869,0.43119,0.40012,0.55000,0.43301,9.9991,0.00224,1,0.49908
10.6200,0.54869,0.43121,0.40011,0.55000,0.43301,9.9991,0.00224,1,0.49910
10.6400,0.54868,0.43122,0.40011,0.55000,0.43301,9.9991,0.00223,1,0.49911
10.6600,0.54867,0.43123,0.40011,0.55000,0.43301,9.9991,0.00223,1,0.49913
10.6800,0.54866,0.43124,0.40011,0.55000,0.43301,9.9991,0.00222,1,0.49914
10.7000,0.54866,0.43126,0.40011,0.55000,0.43301,9.9991,0.00222,1,0.49915
10.7200,0.54865,0.43127,0.40011,0.55000,0.43301,9.9992,0.00221,1,0.49917
10.7400,0.54864,0.43128,0.40011,0.55000,0.43301,9.9992,0.00221,1,0.49918
10.7600,0.54863,0.43129,0.40011,0.55000,0.43301,9.9992,0.00220,1,0.49920
10.7800,0.54862,0.43130,0.40011,0.55000,0.43301,9.9992,0.00220,1,0.49921
10.8000,0.54862,0.43132,0.40011,0.55000,0.43301,9.9992,0.00219,1,0.49923
10.8200,0.54861,0.43133,0.40011,0.55000,0.43301,9.9992,0.00219,1,0.49924
10.8400,0.54860,0.43134,0.40011,0.55000,0.43301,9.9992,0.00218,1,0.49926
10.8600,0.54859,0.43135,0.40011,0.55000,0.43301,9.9992,0.00218,1,0.49927
10.8800,0.54858,0.43137,0.40011,0.55000,0.43301,9.9993,0.00218,1,0.49929
10.9000,0.54858,0.43138,0.40011,0.55000,0.43301,9.9993,0.00217,1,0.49930
10.9200,0.54857,0.43139,0.40011,0.55000,0.43301,9.9993,0.00217,1,0.49932
10.9400,0.54856,0.43140,0.40011,0.55000,0.43301,9.9993,0.00216,1,0.49933
10.9600,0.54855,0.43141,0.40011,0.55000,0.43301,9.9993,0.00216,1,0.49934
10.9800,0.54854,0.43143,0.40011,0.55000,0.43301,9.9993,0.00216,1,0.49936
11.0000,0.54853,0.43144,0.40011,0.55000,0.43301,9.9994,0.00215,1,0.49937
11.0200,0.54853,0.43145,0.40011,0.55000,0.43301,9.9994,0.00215,1,0.49939
11.0400,0.54852,0.43146,0.40011,0.55000,0.43301,9.9994,0.00215,1,0.49940
11.0600,0.54851,0.43147,0.40011,0.55000,0.43301,9.9994,0.00215,1,0.49942
11.0800,0.54850,0.43149,0.40011,0.55000,0.43301,9.9994,0.00214,1,0.49943
11.1000,0.54849,0.43150,0.40011,0.55000,0.43301,9.9994,0.00214,1,0.49945
11.1200,0.54848,0.43151,0.40011,0.55000,0.43301,9.9994,0.00214,1,0.49946
11.1400,0.54848,0.43152,0.40011,0.55000,0.43301,9.9994,0.00213,1,0.49948
11.1600,0.54847,0.43153,0.40011,0.55000,0.43301,9.9994,0.00213,1,0.49949
11.1800,0.54846,0.43155,0.40011,0.55000,0.43301,9.9995,0.00213,1,0.49951
11.2000,0.54845,0.43156,0.40011,0.55000,0.43301,9.9995,0.00213,1,0.49952
11.2200,0.54844,0.43157,0.40011,0.55000,0.43301,9.9995,0.00212,1,0.49953
11.2400,0.54843,0.43158,0.40011,0.55000,0.43301,9.9995,0.00212,1,0.49955
11.2600,0.54843,0.43160,0.40011,0.55000,0.43301,9.9995,0.00212,1,0.49956
11.2800,0.54842,0.43161,0.40011,0.55000,0.43301,9.9995,0.00212,1,0.49958
11.3000,0.54841,0.43162,0.40011,0.55000,0.43301,9.9995,0.00212,1,0.49959
11.3200,0.54840,0.43163,0.40011,0.55000,0.43301,9.9995,0.00212,1,0.49961
11.3400,0.54839,0.43164,0.40011,0.55000,0.43301,9.9995,0.00211,1,0.49962
11.3600,0.54839,0.43166,0.40011,0.55000,0.43301,9.9995,0.00211,1,0.49964
11.3800,0.54838,0.43167,0.40011,0.55000,0.43301,9.9995,0.00211,1,0.49965
11.4000,0.54837,0.43168,0.40011,0.55000,0.43301,9.9995,0.00211,1,0.49967
11.4200,0.54836,0.43169,0.40011,0.55000,0.43301,9.9995,0.00211,1,0.49968
11.4400,0.54835,0.43170,0.40011,0.55000,0.43301,9.9995,0.00211,1,0.49970
11.4600,0.54834,0.43172,0.40011,0.55000,0.43301,9.9995,0.00210,1,0.49971
11.4800,0.54834,0.43173,0.40011,0.55000,0.43301,9.9995,0.00210,1,0.49972
11.5000,0.54833,0.43174,0.40011,0.55000,0.43301,9.9995,0.00210,1,0.49974
11.5200,0.54832,0.43175,0.40011,0.55000,0.43301,9.9995,0.00210,1,0.49975
11.5400,0.54831,0.43177,0.40011,0.55000,0.43301,9.9995,0.00210,1,0.49977
11.5600,0.54830,0.43178,0.40011,0.55000,0.43301,9.9995,0.00210,1,0.49978
11.5800,0.54830,0.43179,0.40011,0.55000,0.43301,9.9995,0.00210,1,0.49980
11.6000,0.54829,0.43180,0.40011,0.55000,0.43301,9.9995,0.00210,1,0.49981
11.6200,0.54828,0.43181,0.40010,0.55000,0.43301,9.9995,0.00210,1,0.49983
11.6400,0.54827,0.43183,0.40010,0.55000,0.43301,9.9995,0.00210,1,0.49984
11.6600,0.54827,0.43184,0.40010,0.55000,0.43301,9.9995,0.00210,1,0.49986
11.6800,0.54826,0.43185,0.40010,0.55000,0.43301,9.9995,0.00210,1,0.49987
11.7000,0.54825,0.43186,0.40010,0.55000,0.43301,9.9994,0.00210,1,0.49988
11.7200,0.54824,0.43188,0.40010,0.55000,0.43301,9.9994,0.00210,1,0.49990
11.7400,0.54823,0.43189,0.40010,0.55000,0.43301,9.9994,0.00210,1,0.49991
11.7600,0.54823,0.43190,0.40010,0.55000,0.43301,9.9994,0.00210,1,0.49993
11.7800,0.54822,0.43191,0.40010,0.55000,0.43301,9.9994,0.00210,1,0.49994
11.8000,0.54821,0.43192,0.40010,0.55000,0.43301,9.9994,0.00210,1,0.49996
11.8200,0.54820,0.43194,0.40010,0.55000,0.43301,9.9994,0.00210,1,0.49997
11.8400,0.54819,0.43195,0.40010,0.55000,0.43301,9.9994,0.00210,1,0.49999
11.8600,0.54819,0.43196,0.40010,0.55000,0.43301,9.9994,0.00210,1,0.50000
11.8800,0.54818,0.43197,0.40010,0.55000,0.43301,9.9994,0.00210,1,0.50002
11.9000,0.54817,0.43199,0.40010,0.55000,0.43301,9.9994,0.00210,1,0.50003
11.9200,0.54816,0.43200,0.40010,0.55000,0.43301,9.9994,0.00210,1,0.50004
11.9400,0.54815,0.43201,0.40010,0.55000,0.43301,9.9994,0.00210,1,0.50006
11.9600,0.54815,0.43202,0.40010,0.55000,0.43301,9.9994,0.00210,1,0.50007
11.9800,0.54814,0.43203,0.40009,0.55000,0.43301,9.9994,0.00210,1,0.50009
12.0000,0.54813,0.43205,0.40009,0.55000,0.43301,9.9994,0.00211,1,0.50010
12.0200,0.54812,0.43206,0.40009,0.55000,0.43301,9.9994,0.00211,1,0.50012
12.0400,0.54812,0.43207,0.40009,0.55000,0.43301,9.9994,0.00211,1,0.50013
12.0600,0.54811,0.43208,0.40009,0.55000,0.43301,9.9994,0.00211,1,0.50015
12.0800,0.54810,0.43210,0.40009,0.55000,0.43301,9.9994,0.00211,1,0.50016
12.1000,0.54809,0.43211,0.40009,0.55000,0.43301,9.9994,0.00211,1,0.50018
12.1200,0.54808,0.43212,0.40009,0.55000,0.43301,9.9994,0.00212,1,0.50019
12.1400,0.54808,0.43213,0.40009,0.55000,0.43301,9.9994,0.00212,1,0.50020
12.1600,0.54807,0.43214,0.40009,0.55000,0.43301,9.9994,0.00212,1,0.50022
12.1800,0.54806,0.43216,0.40009,0.55000,0.43301,9.9994,0.00212,1,0.50023
12.2000,0.54805,0.43217,0.40009,0.55000,0.43301,9.9994,0.00212,1,0.50025
12.2200,0.54804,0.43218,0.40009,0.55000,0.43301,9.9994,0.00213,1,0.50026
12.2400,0.54804,0.43219,0.40009,0.55000,0.43301,9.9994,0.00213,1,0.50028
12.2600,0.54803,0.43221,0.40009,0.55000,0.43301,9.9994,0.00213,1,0.50029
12.2800,0.54802,0.43222,0.40009,0.55000,0.43301,9.9994,0.00213,1,0.50031
12.3000,0.54801,0.43223,0.40009,0.55000,0.43301,9.9994,0.00214,1,0.50032
12.3200,0.54800,0.43224,0.40009,0.55000,0.43301,9.9994,0.00214,1,0.50033
12.3400,0.54800,0.43225,0.40009,0.55000,0.43301,9.9994,0.00214,1,0.50035
12.3600,0.54799,0.43227,0.40009,0.55000,0.43301,9.9994,0.00215,1,0.50036
12.3800,0.54798,0.43228,0.40009,0.55000,0.43301,9.9994,0.00215,1,0.50038
12.4000,0.54797,0.43229,0.40009,0.55000,0.43301,9.9994,0.00215,1,0.50039
12.4200,0.54796,0.43230,0.40008,0.55000,0.43301,9.9994,0.00216,1,0.50041
12.4400,0.54796,0.43232,0.40008,0.55000,0.43301,9.9994,0.00216,1,0.50042
12.4600,0.54795,0.43233,0.40008,0.55000,0.43301,9.9994,0.00216,1,0.50044
12.4800,0.54794,0.43234,0.40008,0.55000,0.43301,9.9994,0.00217,1,0.50045
12.5000,0.54793,0.43235,0.40008,0.55000,0.43301,9.9994,0.00217,1,0.50047
12.5200,0.54793,0.43236,0.40008,0.55000,0.43301,9.9994,0.00218,1,0.50048
12.5400,0.54792,0.43238,0.40008,0.55000,0.43301,9.9994,0.00218,1,0.50049
12.5600,0.54791,0.43239,0.40008,0.55000,0.43301,9.9994,0.00218,1,0.50051
12.5800,0.54790,0.43240,0.40008,0.55000,0.43301,9.9994,0.00219,1,0.50052
12.6000,0.54789,0.43241,0.40008,0.55000,0.43301,9.9994,0.00219,1,0.50054
12.6200,0.54789,0.43242,0.40008,0.55000,0.43301,9.9994,0.00220,1,0.50055
12.6400,0.54788,0.43244,0.40008,0.55000,0.43301,9.9994,0.00220,1,0.50057
12.6600,0.54787,0.43245,0.40008,0.55000,0.43301,9.9994,0.00221,1,0.50058
12.6800,0.54786,0.43246,0.40008,0.55000,0.43301,9.9994,0.00221,1,0.50060
12.7000,0.54785,0.43247,0.40008,0.55000,0.43301,9.9994,0.00221,1,0.50061
12.7200,0.54785,0.43249,0.40008,0.55000,0.43301,9.9994,0.00222,1,0.50062
12.7400,0.54784,0.43250,0.40008,0.55000,0.43301,9.9994,0.00222,1,0.50064
12.7600,0.54783,0.43251,0.40008,0.55000,0.43301,9.9994,0.00223,1,0.50065
12.7800,0.54782,0.43252,0.40008,0.55000,0.43301,9.9994,0.00223,1,0.50067
12.8000,0.54781,0.43253,0.40008,0.55000,0.43301,9.9994,0.00224,1,0.50068
12.8200,0.54781,0.43255,0.40008,0.55000,0.43301,9.9994,0.00224,1,0.50070
12.8400,0.54780,0.43256,0.40008,0.55000,0.43301,9.9994,0.00225,1,0.50071
12.8600,0.54779,0.43257,0.40007,0.55000,0.43301,9.9994,0.00225,1,0.50073
12.8800,0.54778,0.43258,0.40007,0.55000,0.43301,9.9994,0.00226,1,0.50074
12.9000,0.54777,0.43259,0.40007,0.55000,0.43301,9.9994,0.00227,1,0.50076
12.9200,0.54777,0.43261,0.40007,0.55000,0.43301,9.9994,0.00227,1,0.50077
12.9400,0.54776,0.43262,0.40007,0.55000,0.43301,9.9994,0.00228,1,0.50078
12.9600,0.54775,0.43263,0.40007,0.55000,0.43301,9.9994,0.00228,1,0.50080
12.9800,0.54774,0.43264,0.40007,0.55000,0.43301,9.9994,0.00229,1,0.50081
13.0000,0.54773,0.43266,0.40007,0.55000,0.43301,9.9994,0.00229,1,0.50083
13.0200,0.54773,0.43267,0.40007,0.55000,0.43301,9.9994,0.00230,1,0.50084
13.0400,0.54772,0.43268,0.40007,0.55000,0.43301,9.9994,0.00231,1,0.50086
13.0600,0.54771,0.43269,0.40007,0.55000,0.43301,9.9994,0.00231,1,0.50087
13.0800,0.54770,0.43270,0.40007,0.55000,0.43301,9.9994,0.00232,1,0.50089
13.1000,0.54770,0.43272,0.40007,0.55000,0.43301,9.9994,0.00232,1,0.50090
13.1200,0.54769,0.43273,0.40007,0.55000,0.43301,9.9994,0.00233,1,0.50091
13.1400,0.54768,0.43274,0.40007,0.55000,0.43301,9.9994,0.00234,1,0.50093
13.1600,0.54767,0.43275,0.40007,0.55000,0.43301,9.9994,0.00234,1,0.50094
13.1800,0.54766,0.43276,0.40007,0.55000,0.43301,9.9994,0.00235,1,0.50096
13.2000,0.54766,0.43278,0.40007,0.55000,0.43301,9.9994,0.00236,1,0.50097
13.2200,0.54765,0.43279,0.40007,0.55000,0.43301,9.9994,0.00236,1,0.50099
13.2400,0.54764,0.43280,0.40007,0.55000,0.43301,9.9994,0.00237,1,0.50100
13.2600,0.54763,0.43281,0.40006,0.55000,0.43301,9.9994,0.00238,1,0.50102
13.2800,0.54762,0.43282,0.40006,0.55000,0.43301,9.9994,0.00238,1,0.50103
13.3000,0.54762,0.43284,0.40006,0.55000,0.43301,9.9994,0.00239,1,0.50104
13.3200,0.54761,0.43285,0.40006,0.55000,0.43301,9.9994,0.00240,1,0.50106
13.3400,0.54760,0.43286,0.40006,0.55000,0.43301,9.9994,0.00240,1,0.50107
13.3600,0.54759,0.43287,0.40006,0.55000,0.43301,9.9994,0.00241,1,0.50109
13.3800,0.54759,0.43289,0.40006,0.55000,0.43301,9.9994,0.00242,1,0.50110
13.4000,0.54758,0.43290,0.40006,0.55000,0.43301,9.9994,0.00243,1,0.50112
13.4200,0.54757,0.43291,0.40006,0.55000,0.43301,9.9994,0.00243,1,0.50113
13.4400,0.54756,0.43292,0.40006,0.55000,0.43301,9.9994,0.00244,1,0.50115
13.4600,0.54755,0.43293,0.40006,0.55000,0.43301,9.9994,0.00245,1,0.50116
13.4800,0.54755,0.43295,0.40006,0.55000,0.43301,9.9994,0.00246,1,0.50117
13.5000,0.54754,0.43296,0.40006,0.55000,0.43301,9.9994,0.00246,1,0.50119
13.5200,0.54753,0.43297,0.40006,0.55000,0.43301,9.9994,0.00247,1,0.50120
13.5400,0.54752,0.43298,0.40006,0.55000,0.43301,9.9994,0.00248,1,0.50122
13.5600,0.54751,0.43299,0.40006,0.55000,0.43301,9.9994,0.00249,1,0.50123
13.5800,0.54751,0.43301,0.40006,0.55000,0.43301,9.9994,0.00249,1,0.50125
13.6000,0.54750,0.43302,0.40006,0.55000,0.43301,9.9994,0.00250,1,0.50126
13.6200,0.54749,0.43303,0.40005,0.55000,0.43301,9.9994,0.00251,1,0.50127
13.6400,0.54748,0.43304,0.40005,0.55000,0.43301,9.9994,0.00252,1,0.50129
13.6600,0.54748,0.43305,0.40005,0.55000,0.43301,9.9994,0.00253,1,0.50130
13.6800,0.54747,0.43307,0.40005,0.55000,0.43301,9.9994,0.00253,1,0.50132
13.7000,0.54746,0.43308,0.40005,0.55000,0.43301,9.9994,0.00254,1,0.50133
13.7200,0.54745,0.43309,0.40005,0.55000,0.43301,9.9994,0.00255,1,0.50135
13.7400,0.54744,0.43310,0.40005,0.55000,0.43301,9.9994,0.00256,1,0.50136
13.7600,0.54744,0.43312,0.40005,0.55000,0.43301,9.9994,0.00257,1,0.50138
13.7800,0.54743,0.43313,0.40005,0.55000,0.43301,9.9994,0.00257,1,0.50139
13.8000,0.54742,0.43314,0.40005,0.55000,0.43301,9.9994,0.00258,1,0.50140
13.8200,0.54741,0.43315,0.40005,0.55000,0.43301,9.9994,0.00259,1,0.50142
13.8400,0.54740,0.43316,0.40005,0.55000,0.43301,9.9994,0.00260,1,0.50143
13.8600,0.54740,0.43318,0.40005,0.55000,0.43301,9.9994,0.00261,1,0.50145
13.8800,0.54739,0.43319,0.40005,0.55000,0.43301,9.9994,0.00262,1,0.50146
13.9000,0.54738,0.43320,0.40005,0.55000,0.43301,9.9994,0.00263,1,0.50148
13.9200,0.54737,0.43321,0.40005,0.55000,0.43301,9.9994,0.00263,1,0.50149
13.9400,0.54737,0.43322,0.40005,0.55000,0.43301,9.9994,0.00264,1,0.50151
13.9600,0.54736,0.43324,0.40005,0.55000,0.43301,9.9994,0.00265,1,0.50152
13.9800,0.54735,0.43325,0.40005,0.55000,0.43301,9.9994,0.00266,1,0.50153
14.0000,0.54734,0.43326,0.40004,0.55000,0.43301,9.9994,0.00267,1,0.50155
14.0200,0.54733,0.43327,0.40004,0.55000,0.43301,9.9994,0.00268,1,0.50156
14.0400,0.54733,0.43328,0.40004,0.55000,0.43301,9.9994,0.00269,1,0.50158
14.0600,0.54732,0.43330,0.40004,0.55000,0.43301,9.9994,0.00270,1,0.50159
14.0800,0.54731,0.43331,0.40004,0.55000,0.43301,9.9994,0.00271,1,0.50161
14.1000,0.54730,0.43332,0.40004,0.55000,0.43301,9.9994,0.00271,1,0.50162
14.1200,0.54730,0.43333,0.40004,0.55000,0.43301,9.9994,0.00272,1,0.50163
14.1400,0.54729,0.43334,0.40004,0.55000,0.43301,9.9994,0.00273,1,0.50165
14.1600,0.54728,0.43336,0.40004,0.55000,0.43301,9.9994,0.00274,1,0.50166
14.1800,0.54727,0.43337,0.40004,0.55000,0.43301,9.9994,0.00275,1,0.50168
14.2000,0.54726,0.43338,0.40004,0.55000,0.43301,9.9994,0.00276,1,0.50169
14.2200,0.54726,0.43339,0.40004,0.55000,0.43301,9.9994,0.00277,1,0.50171
14.2400,0.54725,0.43340,0.40004,0.55000,0.43301,9.9994,0.00278,1,0.50172
14.2600,0.54724,0.43342,0.40004,0.55000,0.43301,9.9994,0.00279,1,0.50173
14.2800,0.54723,0.43343,0.40004,0.55000,0.43301,9.9994,0.00280,1,0.50175
14.3000,0.54722,0.43344,0.40004,0.55000,0.43301,9.9994,0.00281,1,0.50176
14.3200,0.54722,0.43345,0.40004,0.55000,0.43301,9.9994,0.00282,1,0.50178
14.3400,0.54721,0.43347,0.40003,0.55000,0.43301,9.9994,0.00283,1,0.50179
14.3600,0.54720,0.43348,0.40003,0.55000,0.43301,9.9994,0.00284,1,0.50181
14.3800,0.54719,0.43349,0.40003,0.55000,0.43301,9.9994,0.00285,1,0.50182
14.4000,0.54719,0.43350,0.40003,0.55000,0.43301,9.9995,0.00286,1,0.50183
14.4200,0.54718,0.43351,0.40003,0.55000,0.43301,9.9995,0.00287,1,0.50185
14.4400,0.54717,0.43353,0.40003,0.55000,0.43301,9.9995,0.00288,1,0.50186
14.4600,0.54716,0.43354,0.40003,0.55000,0.43301,9.9995,0.00289,1,0.50188
14.4800,0.54715,0.43355,0.40003,0.55000,0.43301,9.9995,0.00290,1,0.50189
14.5000,0.54715,0.43356,0.40003,0.55000,0.43301,9.9995,0.00291,1,0.50191
14.5200,0.54714,0.43357,0.40003,0.55000,0.43301,9.9995,0.00292,1,0.50192
14.5400,0.54713,0.43359,0.40003,0.55000,0.43301,9.9995,0.00293,1,0.50194
14.5600,0.54712,0.43360,0.40003,0.55000,0.43301,9.9995,0.00294,1,0.50195
14.5800,0.54712,0.43361,0.40003,0.55000,0.43301,9.9995,0.00295,1,0.50196
14.6000,0.54711,0.43362,0.40003,0.55000,0.43301,9.9995,0.00296,1,0.50198
14.6200,0.54710,0.43363,0.40003,0.55000,0.43301,9.9995,0.00297,1,0.50199
14.6400,0.54709,0.43365,0.40003,0.55000,0.43301,9.9995,0.00298,1,0.50201
14.6600,0.54708,0.43366,0.40003,0.55000,0.43301,9.9995,0.00299,1,0.50202
14.6800,0.54708,0.43367,0.40002,0.55000,0.43301,9.9995,0.00300,1,0.50204
14.7000,0.54707,0.43368,0.40002,0.55000,0.43301,9.9995,0.00301,1,0.50205
14.7200,0.54706,0.43369,0.40002,0.55000,0.43301,9.9995,0.00302,1,0.50206
14.7400,0.54705,0.43371,0.40002,0.55000,0.43301,9.9995,0.00303,1,0.50208
14.7600,0.54705,0.43372,0.40002,0.55000,0.43301,9.9995,0.00304,1,0.50209
14.7800,0.54704,0.43373,0.40002,0.55000,0.43301,9.9995,0.00305,1,0.50211
14.8000,0.54703,0.43374,0.40002,0.55000,0.43301,9.9995,0.00306,1,0.50212
14.8200,0.54702,0.43375,0.40002,0.55000,0.43301,9.9995,0.00307,1,0.50214
14.8400,0.54701,0.43377,0.40002,0.55000,0.43301,9.9995,0.00308,1,0.50215
14.8600,0.54701,0.43378,0.40002,0.55000,0.43301,9.9995,0.00309,1,0.50216
14.8800,0.54700,0.43379,0.40002,0.55000,0.43301,9.9995,0.00310,1,0.50218
14.9000,0.54699,0.43380,0.40002,0.55000,0.43301,9.9995,0.00311,1,0.50219
14.9200,0.54698,0.43381,0.40002,0.55000,0.43301,9.9995,0.00312,1,0.50221
14.9400,0.54698,0.43383,0.40002,0.55000,0.43301,9.9995,0.00313,1,0.50222
14.9600,0.54697,0.43384,0.40002,0.55000,0.43301,9.9995,0.00314,1,0.50223
14.9800,0.54696,0.43385,0.40002,0.55000,0.43301,9.9995,0.00315,1,0.50225
15.0000,0.54695,0.43386,0.40001,0.55000,0.43301,9.9995,0.00316,1,0.50226
15.0200,0.54695,0.43387,0.40001,0.55000,0.43301,9.9995,0.00317,1,0.50228
15.0400,0.54694,0.43389,0.40001,0.55000,0.43301,9.9995,0.00318,1,0.50229
15.0600,0.54693,0.43390,0.40001,0.55000,0.43301,9.9995,0.00320,1,0.50231
15.0800,0.54692,0.43391,0.40001,0.55000,0.43301,9.9995,0.00321,1,0.50232
15.1000,0.54691,0.43392,0.40001,0.55000,0.43301,9.9995,0.00322,1,0.50233
15.1200,0.54691,0.43393,0.40001,0.55000,0.43301,9.9995,0.00323,1,0.50235
15.1400,0.54690,0.43395,0.40001,0.55000,0.43301,9.9995,0.00324,1,0.50236
15.1600,0.54689,0.43396,0.40001,0.55000,0.43301,9.9995,0.00325,1,0.50238
15.1800,0.54688,0.43397,0.40001,0.55000,0.43301,9.9995,0.00326,1,0.50239
15.2000,0.54688,0.43398,0.40001,0.55000,0.43301,9.9995,0.00327,1,0.50241
15.2200,0.54687,0.43399,0.40001,0.55000,0.43301,9.9995,0.00328,1,0.50242
15.2400,0.54686,0.43401,0.40001,0.55000,0.43301,9.9995,0.00329,1,0.50243
15.2600,0.54685,0.43402,0.40001,0.55000,0.43301,9.9995,0.00330,1,0.50245
15.2800,0.54684,0.43403,0.40001,0.55000,0.43301,9.9995,0.00331,1,0.50246
15.3000,0.54684,0.43404,0.40001,0.55000,0.43301,9.9995,0.00333,1,0.50248
15.3200,0.54683,0.43405,0.40000,0.55000,0.43301,9.9995,0.00334,1,0.50249
15.3400,0.54682,0.43406,0.40000,0.55000,0.43301,9.9995,0.00335,1,0.50251
15.3600,0.54681,0.43408,0.40000,0.55000,0.43301,9.9995,0.00336,1,0.50252
15.3800,0.54681,0.43409,0.40000,0.55000,0.43301,9.9995,0.00337,1,0.50253
15.4000,0.54680,0.43410,0.40000,0.55000,0.43301,9.9995,0.00338,1,0.50255
15.4200,0.54679,0.43411,0.40000,0.55000,0.43301,9.9995,0.00339,1,0.50256
15.4400,0.54678,0.43412,0.40000,0.55000,0.43301,9.9995,0.00340,1,0.50258
15.4600,0.54678,0.43414,0.40000,0.55000,0.43301,9.9995,0.00341,1,0.50259
15.4800,0.54677,0.43415,0.40000,0.55000,0.43301,9.9995,0.00343,1,0.50260
15.5000,0.54676,0.43416,0.40000,0.55000,0.43301,9.9995,0.00344,1,0.50262
15.5200,0.54675,0.43417,0.40000,0.55000,0.43301,9.9995,0.00345,1,0.50263
15.5400,0.54674,0.43418,0.40000,0.55000,0.43301,9.9995,0.00346,1,0.50265
15.5600,0.54674,0.43420,0.40000,0.55000,0.43301,9.9995,0.00347,1,0.50266
15.5800,0.54673,0.43421,0.40000,0.55000,0.43301,9.9995,0.00348,1,0.50268
15.6000,0.54672,0.43422,0.40000,0.55000,0.43301,9.9995,0.00349,1,0.50269
15.6200,0.54671,0.43423,0.40000,0.55000,0.43301,9.9995,0.00351,1,0.50270
15.6400,0.54671,0.43424,0.39999,0.55000,0.43301,9.9995,0.00352,1,0.50272
15.6600,0.54670,0.43426,0.39999,0.55000,0.43301,9.9995,0.00353,1,0.50273
15.6800,0.54669,0.43427,0.39999,0.55000,0.43301,9.9995,0.00354,1,0.50275
15.7000,0.54668,0.43428,0.39999,0.55000,0.43301,9.9995,0.00355,1,0.50276
15.7200,0.54668,0.43429,0.39999,0.55000,0.43301,9.9995,0.00356,1,0.50277
15.7400,0.54667,0.43430,0.39999,0.55000,0.43301,9.9995,0.00357,1,0.50279
15.7600,0.54666,0.43432,0.39999,0.55000,0.43301,9.9995,0.00359,1,0.50280
15.7800,0.54665,0.43433,0.39999,0.55000,0.43301,9.9995,0.00360,1,0.50282
15.8000,0.54664,0.43434,0.39999,0.55000,0.43301,9.9995,0.00361,1,0.50283
15.8200,0.54664,0.43435,0.39999,0.55000,0.43301,9.9995,0.00362,1,0.50285
15.8400,0.54663,0.43436,0.39999,0.55000,0.43301,9.9995,0.00363,1,0.50286
15.8600,0.54662,0.43437,0.39999,0.55000,0.43301,9.9995,0.00364,1,0.50287
15.8800,0.54661,0.43439,0.39999,0.55000,0.43301,9.9995,0.00365,1,0.50289
15.9000,0.54661,0.43440,0.39999,0.55000,0.43301,9.9995,0.00367,1,0.50290
15.9200,0.54660,0.43441,0.39999,0.55000,0.43301,9.9995,0.00368,1,0.50292
15.9400,0.54659,0.43442,0.39998,0.55000,0.43301,9.9995,0.00369,1,0.50293
15.9600,0.54658,0.43443,0.39998,0.55000,0.43301,9.9995,0.00370,1,0.50294
15.9800,0.54658,0.43445,0.39998,0.55000,0.43301,9.9995,0.00371,1,0.50296
16.0000,0.54657,0.43446,0.39998,0.55000,0.43301,9.9995,0.00372,1,0.50297
16.0200,0.54656,0.43447,0.39998,0.55000,0.43301,9.9995,0.00374,1,0.50299
16.0400,0.54655,0.43448,0.39998,0.55000,0.43301,9.9995,0.00375,1,0.50300
16.0600,0.54655,0.43449,0.39998,0.55000,0.43301,9.9995,0.00376,1,0.50302
16.0800,0.54654,0.43451,0.39998,0.55000,0.43301,9.9995,0.00377,1,0.50303
16.1000,0.54653,0.43452,0.39998,0.55000,0.43301,9.9995,0.00378,1,0.50304
16.1200,0.54652,0.43453,0.39998,0.55000,0.43301,9.9995,0.00379,1,0.50306
16.1400,0.54651,0.43454,0.39998,0.55000,0.43301,9.9995,0.00381,1,0.50307
16.1600,0.54651,0.43455,0.39998,0.55000,0.43301,9.9995,0.00382,1,0.50309
16.1800,0.54650,0.43457,0.39998,0.55000,0.43301,9.9995,0.00383,1,0.50310
16.2000,0.54649,0.43458,0.39998,0.55000,0.43301,9.9995,0.00384,1,0.50311
16.2200,0.54648,0.43459,0.39998,0.55000,0.43301,9.9995,0.00385,1,0.50313
16.2400,0.54648,0.43460,0.39997,0.55000,0.43301,9.9995,0.00386,1,0.50314
16.2600,0.54647,0.43461,0.39997,0.55000,0.43301,9.9995,0.00388,1,0.50316
16.2800,0.54646,0.43462,0.39997,0.55000,0.43301,9.9995,0.00389,1,0.50317
16.3000,0.54645,0.43464,0.39997,0.55000,0.43301,9.9995,0.00390,1,0.50318
16.3200,0.54645,0.43465,0.39997,0.55000,0.43301,9.9995,0.00391,1,0.50320
16.3400,0.54644,0.43466,0.39997,0.55000,0.43301,9.9995,0.00392,1,0.50321
16.3600,0.54643,0.43467,0.39997,0.55000,0.43301,9.9995,0.00394,1,0.50323
16.3800,0.54642,0.43468,0.39997,0.55000,0.43301,9.9995,0.00395,1,0.50324
16.4000,0.54642,0.43470,0.39997,0.55000,0.43301,9.9995,0.00396,1,0.50325
16.4200,0.54641,0.43471,0.39997,0.55000,0.43301,9.9995,0.00397,1,0.50327
16.4400,0.54640,0.43472,0.39997,0.55000,0.43301,9.9995,0.00398,1,0.50328
16.4600,0.54639,0.43473,0.39997,0.55000,0.43301,9.9995,0.00400,1,0.50330
16.4800,0.54639,0.43474,0.39997,0.55000,0.43301,9.9995,0.00401,1,0.50331
16.5000,0.54638,0.43475,0.39997,0.55000,0.43301,9.9995,0.00402,1,0.50333
16.5200,0.54637,0.43477,0.39996,0.55000,0.43301,9.9995,0.00403,1,0.50334
16.5400,0.54636,0.43478,0.39996,0.55000,0.43301,9.9995,0.00404,1,0.50335
16.5600,0.54635,0.43479,0.39996,0.55000,0.43301,9.9995,0.00406,1,0.50337
16.5800,0.54635,0.43480,0.39996,0.55000,0.43301,9.9995,0.00407,1,0.50338
16.6000,0.54634,0.43481,0.39996,0.55000,0.43301,9.9995,0.00408,1,0.50340
16.6200,0.54633,0.43483,0.39996,0.55000,0.43301,9.9995,0.00409,1,0.50341
16.6400,0.54632,0.43484,0.39996,0.55000,0.43301,9.9995,0.00410,1,0.50342
16.6600,0.54632,0.43485,0.39996,0.55000,0.43301,9.9995,0.00412,1,0.50344
16.6800,0.54631,0.43486,0.39996,0.55000,0.43301,9.9995,0.00413,1,0.50345
16.7000,0.54630,0.43487,0.39996,0.55000,0.43301,9.9995,0.00414,1,0.50347
16.7200,0.54629,0.43488,0.39996,0.55000,0.43301,9.9995,0.00415,1,0.50348
16.7400,0.54629,0.43490,0.39996,0.55000,0.43301,9.9995,0.00416,1,0.50349
16.7600,0.54628,0.43491,0.39996,0.55000,0.43301,9.9995,0.00418,1,0.50351
16.7800,0.54627,0.43492,0.39996,0.55000,0.43301,9.9995,0.00419,1,0.50352
16.8000,0.54626,0.43493,0.39995,0.55000,0.43301,9.9995,0.00420,1,0.50354
16.8200,0.54626,0.43494,0.39995,0.55000,0.43301,9.9995,0.00421,1,0.50355
16.8400,0.54625,0.43496,0.39995,0.55000,0.43301,9.9995,0.00422,1,0.50356
16.8600,0.54624,0.43497,0.39995,0.55000,0.43301,9.9995,0.00424,1,0.50358
16.8800,0.54623,0.43498,0.39995,0.55000,0.43301,9.9995,0.00425,1,0.50359
16.9000,0.54623,0.43499,0.39995,0.55000,0.43301,9.9995,0.00426,1,0.50361
16.9200,0.54622,0.43500,0.39995,0.55000,0.43301,9.9995,0.00427,1,0.50362
16.9400,0.54621,0.43501,0.39995,0.55000,0.43301,9.9995,0.00429,1,0.50363
16.9600,0.54620,0.43503,0.39995,0.55000,0.43301,9.9995,0.00430,1,0.50365
16.9800,0.54620,0.43504,0.39995,0.55000,0.43301,9.9995,0.00431,1,0.50366
17.0000,0.54619,0.43505,0.39995,0.55000,0.43301,9.9995,0.00432,1,0.50368
17.0200,0.54618,0.43506,0.39995,0.55000,0.43301,9.9995,0.00433,1,0.50369
17.0400,0.54617,0.43507,0.39995,0.55000,0.43301,9.9995,0.00435,1,0.50370
17.0600,0.54617,0.43509,0.39995,0.55000,0.43301,9.9995,0.00436,1,0.50372
17.0800,0.54616,0.43510,0.39994,0.55000,0.43301,9.9995,0.00437,1,0.50373
17.1000,0.54615,0.43511,0.39994,0.55000,0.43301,9.9995,0.00438,1,0.50375
17.1200,0.54614,0.43512,0.39994,0.55000,0.43301,9.9995,0.00440,1,0.50376
17.1400,0.54614,0.43513,0.39994,0.55000,0.43301,9.9995,0.00441,1,0.50377
17.1600,0.54613,0.43514,0.39994,0.55000,0.43301,9.9995,0.00442,1,0.50379
17.1800,0.54612,0.43516,0.39994,0.55000,0.43301,9.9995,0.00443,1,0.50380
17.2000,0.54611,0.43517,0.39994,0.55000,0.43301,9.9995,0.00445,1,0.50382
17.2200,0.54611,0.43518,0.39994,0.55000,0.43301,9.9995,0.00446,1,0.50383
17.2400,0.54610,0.43519,0.39994,0.55000,0.43301,9.9995,0.00447,1,0.50384
17.2600,0.54609,0.43520,0.39994,0.55000,0.43301,9.9995,0.00448,1,0.50386
17.2800,0.54608,0.43521,0.39994,0.55000,0.43301,9.9995,0.00449,1,0.50387
17.3000,0.54608,0.43523,0.39994,0.55000,0.43301,9.9995,0.00451,1,0.50388
17.3200,0.54607,0.43524,0.39994,0.55000,0.43301,9.9995,0.00452,1,0.50390
17.3400,0.54606,0.43525,0.39993,0.55000,0.43301,9.9995,0.00453,1,0.50391
17.3600,0.54605,0.43526,0.39993,0.55000,0.43301,9.9995,0.00454,1,0.50393
17.3800,0.54604,0.43527,0.39993,0.55000,0.43301,9.9995,0.00456,1,0.50394
17.4000,0.54604,0.43529,0.39993,0.55000,0.43301,9.9995,0.00457,1,0.50395
17.4200,0.54603,0.43530,0.39993,0.55000,0.43301,9.9995,0.00458,1,0.50397
17.4400,0.54602,0.43531,0.39993,0.55000,0.43301,9.9995,0.00459,1,0.50398
17.4600,0.54601,0.43532,0.39993,0.55000,0.43301,9.9995,0.00461,1,0.50400
17.4800,0.54601,0.43533,0.39993,0.55000,0.43301,9.9995,0.00462,1,0.50401
17.5000,0.54600,0.43534,0.39993,0.55000,0.43301,9.9995,0.00463,1,0.50402
17.5200,0.54599,0.43536,0.39993,0.55000,0.43301,9.9995,0.00464,1,0.50404
17.5400,0.54598,0.43537,0.39993,0.55000,0.43301,9.9995,0.00466,1,0.50405
17.5600,0.54598,0.43538,0.39993,0.55000,0.43301,9.9995,0.00467,1,0.50407
17.5800,0.54597,0.43539,0.39993,0.55000,0.43301,9.9995,0.00468,1,0.50408
17.6000,0.54596,0.43540,0.39993,0.55000,0.43301,9.9995,0.00469,1,0.50409
17.6200,0.54596,0.43541,0.39992,0.55000,0.43301,9.9995,0.00470,1,0.50411
17.6400,0.54595,0.43543,0.39992,0.55000,0.43301,9.9995,0.00472,1,0.50412
17.6600,0.54594,0.43544,0.39992,0.55000,0.43301,9.9995,0.00473,1,0.50414
17.6800,0.54593,0.43545,0.39992,0.55000,0.43301,9.9995,0.00474,1,0.50415
17.7000,0.54593,0.43546,0.39992,0.55000,0.43301,9.9995,0.00475,1,0.50416
17.7200,0.54592,0.43547,0.39992,0.55000,0.43301,9.9995,0.00477,1,0.50418
17.7400,0.54591,0.43548,0.39992,0.55000,0.43301,9.9995,0.00478,1,0.50419
17.7600,0.54590,0.43550,0.39992,0.55000,0.43301,9.9995,0.00479,1,0.50420
17.7800,0.54590,0.43551,0.39992,0.55000,0.43301,9.9995,0.00480,1,0.50422
17.8000,0.54589,0.43552,0.39992,0.55000,0.43301,9.9995,0.00482,1,0.50423
17.8200,0.54588,0.43553,0.39992,0.55000,0.43301,9.9995,0.00483,1,0.50425
17.8400,0.54587,0.43554,0.39992,0.55000,0.43301,9.9995,0.00484,1,0.50426
17.8600,0.54587,0.43555,0.39992,0.55000,0.43301,9.9995,0.00485,1,0.50427
17.8800,0.54586,0.43557,0.39991,0.55000,0.43301,9.9995,0.00487,1,0.50429
17.9000,0.54585,0.43558,0.39991,0.55000,0.43301,9.9995,0.00488,1,0.50430
17.9200,0.54584,0.43559,0.39991,0.55000,0.43301,9.9995,0.00489,1,0.50432
17.9400,0.54584,0.43560,0.39991,0.55000,0.43301,9.9995,0.00490,1,0.50433
17.9600,0.54583,0.43561,0.39991,0.55000,0.43301,9.9995,0.00492,1,0.50434
17.9800,0.54582,0.43562,0.39991,0.55000,0.43301,9.9995,0.00493,1,0.50436
18.0000,0.54581,0.43564,0.39991,0.55000,0.43301,9.9995,0.00494,1,0.50437
18.0200,0.54581,0.43565,0.39991,0.55000,0.43301,9.9995,0.00495,1,0.50438
18.0400,0.54580,0.43566,0.39991,0.55000,0.43301,9.9995,0.00497,1,0.50440
18.0600,0.54579,0.43567,0.39991,0.55000,0.43301,9.9995,0.00498,1,0.50441
18.0800,0.54578,0.43568,0.39991,0.55000,0.43301,9.9995,0.00499,1,0.50443
18.1000,0.54578,0.43569,0.39991,0.55000,0.43301,9.9995,0.00500,1,0.50444
18.1200,0.54577,0.43571,0.39991,0.55000,0.43301,9.9995,0.00502,1,0.50445
18.1400,0.54576,0.43572,0.39990,0.55000,0.43301,9.9995,0.00503,1,0.50447
18.1600,0.54575,0.43573,0.39990,0.55000,0.43301,9.9995,0.00504,1,0.50448
18.1800,0.54575,0.43574,0.39990,0.55000,0.43301,9.9995,0.00505,1,0.50449
18.2000,0.54574,0.43575,0.39990,0.55000,0.43301,9.9995,0.00507,1,0.50451
18.2200,0.54573,0.43576,0.39990,0.55000,0.43301,9.9995,0.00508,1,0.50452
18.2400,0.54572,0.43578,0.39990,0.55000,0.43301,9.9995,0.00509,1,0.50454
18.2600,0.54572,0.43579,0.39990,0.55000,0.43301,9.9995,0.00510,1,0.50455
18.2800,0.54571,0.43580,0.39990,0.55000,0.43301,9.9995,0.00512,1,0.50456
18.3000,0.54570,0.43581,0.39990,0.55000,0.43301,9.9995,0.00513,1,0.50458
18.3200,0.54569,0.43582,0.39990,0.55000,0.43301,9.9995,0.00514,1,0.50459
18.3400,0.54569,0.43583,0.39990,0.55000,0.43301,9.9995,0.00515,1,0.50461
18.3600,0.54568,0.43585,0.39990,0.55000,0.43301,9.9995,0.00517,1,0.50462
18.3800,0.54567,0.43586,0.39989,0.55000,0.43301,9.9995,0.00518,1,0.50463
18.4000,0.54566,0.43587,0.39989,0.55000,0.43301,9.9995,0.00519,1,0.50465
18.4200,0.54566,0.43588,0.39989,0.55000,0.43301,9.9995,0.00521,1,0.50466
18.4400,0.54565,0.43589,0.39989,0.55000,0.43301,9.9995,0.00522,1,0.50467
18.4600,0.54564,0.43590,0.39989,0.55000,0.43301,9.9995,0.00523,1,0.50469
18.4800,0.54564,0.43592,0.39989,0.55000,0.43301,9.9995,0.00524,1,0.50470
18.5000,0.54563,0.43593,0.39989,0.55000,0.43301,9.9995,0.00526,1,0.50472
18.5200,0.54562,0.43594,0.39989,0.55000,0.43301,9.9995,0.00527,1,0.50473
18.5400,0.54561,0.43595,0.39989,0.55000,0.43301,9.9995,0.00528,1,0.50474
18.5600,0.54561,0.43596,0.39989,0.55000,0.43301,9.9995,0.00529,1,0.50476
18.5800,0.54560,0.43597,0.39989,0.55000,0.43301,9.9995,0.00531,1,0.50477
18.6000,0.54559,0.43598,0.39989,0.55000,0.43301,9.9995,0.00532,1,0.50478
18.6200,0.54558,0.43600,0.39989,0.55000,0.43301,9.9995,0.00533,1,0.50480
18.6400,0.54558,0.43601,0.39988,0.55000,0.43301,9.9995,0.00534,1,0.50481
18.6600,0.54557,0.43602,0.39988,0.55000,0.43301,9.9995,0.00536,1,0.50483
18.6800,0.54556,0.43603,0.39988,0.55000,0.43301,9.9995,0.00537,1,0.50484
18.7000,0.54555,0.43604,0.39988,0.55000,0.43301,9.9995,0.00538,1,0.50485
18.7200,0.54555,0.43605,0.39988,0.55000,0.43301,9.9995,0.00539,1,0.50487
18.7400,0.54554,0.43607,0.39988,0.55000,0.43301,9.9995,0.00541,1,0.50488
18.7600,0.54553,0.43608,0.39988,0.55000,0.43301,9.9995,0.00542,1,0.50489
18.7800,0.54552,0.43609,0.39988,0.55000,0.43301,9.9995,0.00543,1,0.50491
18.8000,0.54552,0.43610,0.39988,0.55000,0.43301,9.9995,0.00544,1,0.50492
18.8200,0.54551,0.43611,0.39988,0.55000,0.43301,9.9995,0.00546,1,0.50493
18.8400,0.54550,0.43612,0.39988,0.55000,0.43301,9.9995,0.00547,1,0.50495
18.8600,0.54550,0.43614,0.39988,0.55000,0.43301,9.9995,0.00548,1,0.50496
18.8800,0.54549,0.43615,0.39987,0.55000,0.43301,9.9995,0.00550,1,0.50498
18.9000,0.54548,0.43616,0.39987,0.55000,0.43301,9.9995,0.00551,1,0.50499
18.9200,0.54547,0.43617,0.39987,0.55000,0.43301,9.9995,0.00552,1,0.50500
18.9400,0.54547,0.43618,0.39987,0.55000,0.43301,9.9995,0.00553,1,0.50502
18.9600,0.54546,0.43619,0.39987,0.55000,0.43301,9.9995,0.00555,1,0.50503
18.9800,0.54545,0.43620,0.39987,0.55000,0.43301,9.9995,0.00556,1,0.50504
19.0000,0.54544,0.43622,0.39987,0.55000,0.43301,9.9995,0.00557,1,0.50506
19.0200,0.54544,0.43623,0.39987,0.55000,0.43301,9.9995,0.00558,1,0.50507
19.0400,0.54543,0.43624,0.39987,0.55000,0.43301,9.9995,0.00560,1,0.50508
19.0600,0.54542,0.43625,0.39987,0.55000,0.43301,9.9995,0.00561,1,0.50510
19.0800,0.54541,0.43626,0.39987,0.55000,0.43301,9.9995,0.00562,1,0.50511
19.1000,0.54541,0.43627,0.39987,0.55000,0.43301,9.9995,0.00563,1,0.50513
19.1200,0.54540,0.43629,0.39986,0.55000,0.43301,9.9995,0.00565,1,0.50514
19.1400,0.54539,0.43630,0.39986,0.55000,0.43301,9.9995,0.00566,1,0.50515
19.1600,0.54539,0.43631,0.39986,0.55000,0.43301,9.9995,0.00567,1,0.50517
19.1800,0.54538,0.43632,0.39986,0.55000,0.43301,9.9995,0.00568,1,0.50518
19.2000,0.54537,0.43633,0.39986,0.55000,0.43301,9.9995,0.00570,1,0.50519
19.2200,0.54536,0.43634,0.39986,0.55000,0.43301,9.9995,0.00571,1,0.50521
19.2400,0.54536,0.43635,0.39986,0.55000,0.43301,9.9995,0.00572,1,0.50522
19.2600,0.54535,0.43637,0.39986,0.55000,0.43301,9.9995,0.00574,1,0.50523
19.2800,0.54534,0.43638,0.39986,0.55000,0.43301,9.9995,0.00575,1,0.50525
19.3000,0.54533,0.43639,0.39986,0.55000,0.43301,9.9995,0.00576,1,0.50526
19.3200,0.54533,0.43640,0.39986,0.55000,0.43301,9.9995,0.00577,1,0.50528
19.3400,0.54532,0.43641,0.39986,0.55000,0.43301,9.9995,0.00579,1,0.50529
19.3600,0.54531,0.43642,0.39985,0.55000,0.43301,9.9995,0.00580,1,0.50530
19.3800,0.54531,0.43643,0.39985,0.55000,0.43301,9.9995,0.00581,1,0.50532
19.4000,0.54530,0.43645,0.39985,0.55000,0.43301,9.9995,0.00582,1,0.50533
19.4200,0.54529,0.43646,0.39985,0.55000,0.43301,9.9995,0.00584,1,0.50534
19.4400,0.54528,0.43647,0.39985,0.55000,0.43301,9.9995,0.00585,1,0.50536
19.4600,0.54528,0.43648,0.39985,0.55000,0.43301,9.9995,0.00586,1,0.50537
19.4800,0.54527,0.43649,0.39985,0.55000,0.43301,9.9995,0.00587,1,0.50538
19.5000,0.54526,0.43650,0.39985,0.55000,0.43301,9.9995,0.00589,1,0.50540
19.5200,0.54525,0.43652,0.39985,0.55000,0.43301,9.9995,0.00590,1,0.50541
19.5400,0.54525,0.43653,0.39985,0.55000,0.43301,9.9995,0.00591,1,0.50543
19.5600,0.54524,0.43654,0.39985,0.55000,0.43301,9.9995,0.00593,1,0.50544
19.5800,0.54523,0.43655,0.39985,0.55000,0.43301,9.9995,0.00594,1,0.50545
19.6000,0.54523,0.43656,0.39984,0.55000,0.43301,9.9995,0.00595,1,0.50547
19.6200,0.54522,0.43657,0.39984,0.55000,0.43301,9.9995,0.00596,1,0.50548
19.6400,0.54521,0.43658,0.39984,0.55000,0.43301,9.9995,0.00598,1,0.50549
19.6600,0.54520,0.43660,0.39984,0.55000,0.43301,9.9995,0.00599,1,0.50551
19.6800,0.54520,0.43661,0.39984,0.55000,0.43301,9.9995,0.00600,1,0.50552
19.7000,0.54519,0.43662,0.39984,0.55000,0.43301,9.9995,0.00601,1,0.50553
19.7200,0.54518,0.43663,0.39984,0.55000,0.43301,9.9995,0.00603,1,0.50555
19.7400,0.54517,0.43664,0.39984,0.55000,0.43301,9.9995,0.00604,1,0.50556
19.7600,0.54517,0.43665,0.39984,0.55000,0.43301,9.9995,0.00605,1,0.50557
19.7800,0.54516,0.43666,0.39984,0.55000,0.43301,9.9996,0.00606,1,0.50559
19.8000,0.54515,0.43668,0.39984,0.55000,0.43301,9.9996,0.00608,1,0.50560
19.8200,0.54515,0.43669,0.39984,0.55000,0.43301,9.9996,0.00609,1,0.50561
19.8400,0.54514,0.43670,0.39983,0.55000,0.43301,9.9996,0.00610,1,0.50563
19.8600,0.54513,0.43671,0.39983,0.55000,0.43301,9.9996,0.00612,1,0.50564
19.8800,0.54512,0.43672,0.39983,0.55000,0.43301,9.9996,0.00613,1,0.50566
19.9000,0.54512,0.43673,0.39983,0.55000,0.43301,9.9996,0.00614,1,0.50567
19.9200,0.54511,0.43674,0.39983,0.55000,0.43301,9.9996,0.00615,1,0.50568
19.9400,0.54510,0.43676,0.39983,0.55000,0.43301,9.9996,0.00617,1,0.50570
19.9600,0.54509,0.43677,0.39983,0.55000,0.43301,9.9996,0.00618,1,0.50571
19.9800,0.54509,0.43678,0.39983,0.55000,0.43301,9.9996,0.00619,1,0.50572
20.0000,0.54508,0.43679,0.39983,0.55000,0.43301,9.9996,0.00620,1,0.50574
20.0200,0.54507,0.43680,0.39983,0.55000,0.43301,9.9996,0.00622,1,0.50575
20.0400,0.54507,0.43681,0.39983,0.55000,0.43301,9.9996,0.00623,1,0.50576
20.0600,0.54506,0.43682,0.39982,0.55000,0.43301,9.9996,0.00624,1,0.50578
20.0800,0.54505,0.43683,0.39982,0.55000,0.43301,9.9996,0.00626,1,0.50579
20.1000,0.54504,0.43685,0.39982,0.55000,0.43301,9.9996,0.00627,1,0.50580
20.1200,0.54504,0.43686,0.39982,0.55000,0.43301,9.9996,0.00628,1,0.50582
20.1400,0.54503,0.43687,0.39982,0.55000,0.43301,9.9996,0.00629,1,0.50583
20.1600,0.54502,0.43688,0.39982,0.55000,0.43301,9.9996,0.00631,1,0.50584
20.1800,0.54502,0.43689,0.39982,0.55000,0.43301,9.9996,0.00632,1,0.50586
20.2000,0.54501,0.43690,0.39982,0.55000,0.43301,9.9996,0.00633,1,0.50587
20.2200,0.54500,0.43691,0.39982,0.55000,0.43301,9.9996,0.00634,1,0.50588
20.2400,0.54499,0.43693,0.39982,0.55000,0.43301,9.9996,0.00636,1,0.50590
20.2600,0.54499,0.43694,0.39982,0.55000,0.43301,9.9996,0.00637,1,0.50591
20.2800,0.54498,0.43695,0.39982,0.55000,0.43301,9.9996,0.00638,1,0.50592
20.3000,0.54497,0.43696,0.39981,0.55000,0.43301,9.9996,0.00639,1,0.50594
20.3200,0.54497,0.43697,0.39981,0.55000,0.43301,9.9996,0.00641,1,0.50595
20.3400,0.54496,0.43698,0.39981,0.55000,0.43301,9.9996,0.00642,1,0.50596
20.3600,0.54495,0.43699,0.39981,0.55000,0.43301,9.9996,0.00643,1,0.50598
20.3800,0.54494,0.43701,0.39981,0.55000,0.43301,9.9996,0.00645,1,0.50599
20.4000,0.54494,0.43702,0.39981,0.55000,0.43301,9.9996,0.00646,1,0.50600
20.4200,0.54493,0.43703,0.39981,0.55000,0.43301,9.9996,0.00647,1,0.50602
20.4400,0.54492,0.43704,0.39981,0.55000,0.43301,9.9996,0.00648,1,0.50603
20.4600,0.54492,0.43705,0.39981,0.55000,0.43301,9.9996,0.00650,1,0.50604
20.4800,0.54491,0.43706,0.39981,0.55000,0.43301,9.9996,0.00651,1,0.50606
20.5000,0.54490,0.43707,0.39981,0.55000,0.43301,9.9996,0.00652,1,0.50607
20.5200,0.54489,0.43708,0.39980,0.55000,0.43301,9.9996,0.00653,1,0.50609
20.5400,0.54489,0.43710,0.39980,0.55000,0.43301,9.9996,0.00655,1,0.50610
20.5600,0.54488,0.43711,0.39980,0.55000,0.43301,9.9996,0.00656,1,0.50611
20.5800,0.54487,0.43712,0.39980,0.55000,0.43301,9.9996,0.00657,1,0.50613
20.6000,0.54487,0.43713,0.39980,0.55000,0.43301,9.9996,0.00658,1,0.50614
20.6200,0.54486,0.43714,0.39980,0.55000,0.43301,9.9996,0.00660,1,0.50615
20.6400,0.54485,0.43715,0.39980,0.55000,0.43301,9.9996,0.00661,1,0.50617
20.6600,0.54484,0.43716,0.39980,0.55000,0.43301,9.9996,0.00662,1,0.50618
20.6800,0.54484,0.43718,0.39980,0.55000,0.43301,9.9996,0.00663,1,0.50619
20.7000,0.54483,0.43719,0.39980,0.55000,0.43301,9.9996,0.00665,1,0.50621
20.7200,0.54482,0.43720,0.39980,0.55000,0.43301,9.9996,0.00666,1,0.50622
20.7400,0.54482,0.43721,0.39979,0.55000,0.43301,9.9996,0.00667,1,0.50623
20.7600,0.54481,0.43722,0.39979,0.55000,0.43301,9.9996,0.00669,1,0.50625
20.7800,0.54480,0.43723,0.39979,0.55000,0.43301,9.9996,0.00670,1,0.50626
20.8000,0.54479,0.43724,0.39979,0.55000,0.43301,9.9996,0.00671,1,0.50627
20.8200,0.54479,0.43725,0.39979,0.55000,0.43301,9.9996,0.00672,1,0.50629
20.8400,0.54478,0.43727,0.39979,0.55000,0.43301,9.9996,0.00674,1,0.50630
20.8600,0.54477,0.43728,0.39979,0.55000,0.43301,9.9996,0.00675,1,0.50631
20.8800,0.54477,0.43729,0.39979,0.55000,0.43301,9.9996,0.00676,1,0.50633
20.9000,0.54476,0.43730,0.39979,0.55000,0.43301,9.9996,0.00677,1,0.50634
20.9200,0.54475,0.43731,0.39979,0.55000,0.43301,9.9996,0.00679,1,0.50635
20.9400,0.54474,0.43732,0.39979,0.55000,0.43301,9.9996,0.00680,1,0.50637
20.9600,0.54474,0.43733,0.39979,0.55000,0.43301,9.9996,0.00681,1,0.50638
20.9800,0.54473,0.43734,0.39978,0.55000,0.43301,9.9996,0.00682,1,0.50639
21.0000,0.54472,0.43736,0.39978,0.55000,0.43301,9.9996,0.00684,1,0.50640
21.0200,0.54472,0.43737,0.39978,0.55000,0.43301,9.9996,0.00685,1,0.50642
21.0400,0.54471,0.43738,0.39978,0.55000,0.43301,9.9996,0.00686,1,0.50643
21.0600,0.54470,0.43739,0.39978,0.55000,0.43301,9.9996,0.00688,1,0.50644
21.0800,0.54470,0.43740,0.39978,0.55000,0.43301,9.9996,0.00689,1,0.50646
21.1000,0.54469,0.43741,0.39978,0.55000,0.43301,9.9996,0.00690,1,0.50647
21.1200,0.54468,0.43742,0.39978,0.55000,0.43301,9.9996,0.00691,1,0.50648
21.1400,0.54467,0.43743,0.39978,0.55000,0.43301,9.9996,0.00693,1,0.50650
21.1600,0.54467,0.43745,0.39978,0.55000,0.43301,9.9996,0.00694,1,0.50651
21.1800,0.54466,0.43746,0.39977,0.55000,0.43301,9.9996,0.00695,1,0.50652
21.2000,0.54465,0.43747,0.39977,0.55000,0.43301,9.9996,0.00696,1,0.50654
21.2200,0.54465,0.43748,0.39977,0.55000,0.43301,9.9996,0.00698,1,0.50655
21.2400,0.54464,0.43749,0.39977,0.55000,0.43301,9.9996,0.00699,1,0.50656
21.2600,0.54463,0.43750,0.39977,0.55000,0.43301,9.9996,0.00700,1,0.50658
21.2800,0.54462,0.43751,0.39977,0.55000,0.43301,9.9996,0.00701,1,0.50659
21.3000,0.54462,0.43752,0.39977,0.55000,0.43301,9.9996,0.00703,1,0.50660
21.3200,0.54461,0.43753,0.39977,0.55000,0.43301,9.9996,0.00704,1,0.50662
21.3400,0.54460,0.43755,0.39977,0.55000,0.43301,9.9996,0.00705,1,0.50663
21.3600,0.54460,0.43756,0.39977,0.55000,0.43301,9.9996,0.00706,1,0.50664
21.3800,0.54459,0.43757,0.39977,0.55000,0.43301,9.9996,0.00708,1,0.50666
21.4000,0.54458,0.43758,0.39976,0.55000,0.43301,9.9996,0.00709,1,0.50667
21.4200,0.54458,0.43759,0.39976,0.55000,0.43301,9.9996,0.00710,1,0.50668
21.4400,0.54457,0.43760,0.39976,0.55000,0.43301,9.9996,0.00711,1,0.50670
21.4600,0.54456,0.43761,0.39976,0.55000,0.43301,9.9996,0.00713,1,0.50671
21.4800,0.54455,0.43762,0.39976,0.55000,0.43301,9.9996,0.00714,1,0.50672
21.5000,0.54455,0.43764,0.39976,0.55000,0.43301,9.9996,0.00715,1,0.50674
21.5200,0.54454,0.43765,0.39976,0.55000,0.43301,9.9996,0.00717,1,0.50675
21.5400,0.54453,0.43766,0.39976,0.55000,0.43301,9.9996,0.00718,1,0.50676
21.5600,0.54453,0.43767,0.39976,0.55000,0.43301,9.9996,0.00719,1,0.50678
21.5800,0.54452,0.43768,0.39976,0.55000,0.43301,9.9996,0.00720,1,0.50679
21.6000,0.54451,0.43769,0.39976,0.55000,0.43301,9.9996,0.00722,1,0.50680
21.6200,0.54451,0.43770,0.39975,0.55000,0.43301,9.9996,0.00723,1,0.50681
21.6400,0.54450,0.43771,0.39975,0.55000,0.43301,9.9996,0.00724,1,0.50683
21.6600,0.54449,0.43772,0.39975,0.55000,0.43301,9.9996,0.00725,1,0.50684
21.6800,0.54448,0.43774,0.39975,0.55000,0.43301,9.9996,0.00727,1,0.50685
21.7000,0.54448,0.43775,0.39975,0.55000,0.43301,9.9996,0.00728,1,0.50687
21.7200,0.54447,0.43776,0.39975,0.55000,0.43301,9.9996,0.00729,1,0.50688
21.7400,0.54446,0.43777,0.39975,0.55000,0.43301,9.9996,0.00730,1,0.50689
21.7600,0.54446,0.43778,0.39975,0.55000,0.43301,9.9996,0.00732,1,0.50691
21.7800,0.54445,0.43779,0.39975,0.55000,0.43301,9.9996,0.00733,1,0.50692
21.8000,0.54444,0.43780,0.39975,0.55000,0.43301,9.9996,0.00734,1,0.50693
21.8200,0.54444,0.43781,0.39975,0.55000,0.43301,9.9996,0.00735,1,0.50695
21.8400,0.54443,0.43782,0.39974,0.55000,0.43301,9.9996,0.00737,1,0.50696
21.8600,0.54442,0.43784,0.39974,0.55000,0.43301,9.9996,0.00738,1,0.50697
21.8800,0.54441,0.43785,0.39974,0.55000,0.43301,9.9996,0.00739,1,0.50699
21.9000,0.54441,0.43786,0.39974,0.55000,0.43301,9.9996,0.00740,1,0.50700
21.9200,0.54440,0.43787,0.39974,0.55000,0.43301,9.9996,0.00742,1,0.50701
21.9400,0.54439,0.43788,0.39974,0.55000,0.43301,9.9996,0.00743,1,0.50702
21.9600,0.54439,0.43789,0.39974,0.55000,0.43301,9.9996,0.00744,1,0.50704
21.9800,0.54438,0.43790,0.39974,0.55000,0.43301,9.9996,0.00745,1,0.50705
22.0000,0.54437,0.43791,0.39974,0.55000,0.43301,9.9996,0.00747,1,0.50706
22.0200,0.54437,0.43792,0.39974,0.55000,0.43301,9.9996,0.00748,1,0.50708
22.0400,0.54436,0.43794,0.39973,0.55000,0.43301,9.9996,0.00749,1,0.50709
22.0600,0.54435,0.43795,0.39973,0.55000,0.43301,9.9996,0.00750,1,0.50710
22.0800,0.54435,0.43796,0.39973,0.55000,0.43301,9.9996,0.00752,1,0.50712
22.1000,0.54434,0.43797,0.39973,0.55000,0.43301,9.9996,0.00753,1,0.50713
22.1200,0.54433,0.43798,0.39973,0.55000,0.43301,9.9996,0.00754,1,0.50714
22.1400,0.54432,0.43799,0.39973,0.55000,0.43301,9.9996,0.00755,1,0.50716
22.1600,0.54432,0.43800,0.39973,0.55000,0.43301,9.9996,0.00757,1,0.50717
22.1800,0.54431,0.43801,0.39973,0.55000,0.43301,9.9996,0.00758,1,0.50718
22.2000,0.54430,0.43802,0.39973,0.55000,0.43301,9.9996,0.00759,1,0.50719
22.2200,0.54430,0.43804,0.39973,0.55000,0.43301,9.9996,0.00760,1,0.50721
22.2400,0.54429,0.43805,0.39973,0.55000,0.43301,9.9996,0.00762,1,0.50722
22.2600,0.54428,0.43806,0.39972,0.55000,0.43301,9.9996,0.00763,1,0.50723
22.2800,0.54428,0.43807,0.39972,0.55000,0.43301,9.9996,0.00764,1,0.50725
22.3000,0.54427,0.43808,0.39972,0.55000,0.43301,9.9996,0.00765,1,0.50726
22.3200,0.54426,0.43809,0.39972,0.55000,0.43301,9.9996,0.00767,1,0.50727
22.3400,0.54426,0.43810,0.39972,0.55000,0.43301,9.9996,0.00768,1,0.50729
22.3600,0.54425,0.43811,0.39972,0.55000,0.43301,9.9996,0.00769,1,0.50730
22.3800,0.54424,0.43812,0.39972,0.55000,0.43301,9.9996,0.00770,1,0.50731
22.4000,0.54423,0.43813,0.39972,0.55000,0.43301,9.9996,0.00772,1,0.50732
22.4200,0.54423,0.43815,0.39972,0.55000,0.43301,9.9996,0.00773,1,0.50734
22.4400,0.54422,0.43816,0.39972,0.55000,0.43301,9.9996,0.00774,1,0.50735
22.4600,0.54421,0.43817,0.39971,0.55000,0.43301,9.9996,0.00775,1,0.50736
22.4800,0.54421,0.43818,0.39971,0.55000,0.43301,9.9996,0.00777,1,0.50738
22.5000,0.54420,0.43819,0.39971,0.55000,0.43301,9.9996,0.00778,1,0.50739
22.5200,0.54419,0.43820,0.39971,0.55000,0.43301,9.9996,0.00779,1,0.50740
22.5400,0.54419,0.43821,0.39971,0.55000,0.43301,9.9996,0.00780,1,0.50742
22.5600,0.54418,0.43822,0.39971,0.55000,0.43301,9.9996,0.00782,1,0.50743
22.5800,0.54417,0.43823,0.39971,0.55000,0.43301,9.9996,0.00783,1,0.50744
22.6000,0.54417,0.43824,0.39971,0.55000,0.43301,9.9996,0.00784,1,0.50745
22.6200,0.54416,0.43826,0.39971,0.55000,0.43301,9.9996,0.00785,1,0.50747
22.6400,0.54415,0.43827,0.39971,0.55000,0.43301,9.9996,0.00787,1,0.50748
22.6600,0.54415,0.43828,0.39971,0.55000,0.43301,9.9996,0.00788,1,0.50749
22.6800,0.54414,0.43829,0.39970,0.55000,0.43301,9.9996,0.00789,1,0.50751
22.7000,0.54413,0.43830,0.39970,0.55000,0.43301,9.9996,0.00790,1,0.50752
22.7200,0.54412,0.43831,0.39970,0.55000,0.43301,9.9996,0.00792,1,0.50753
22.7400,0.54412,0.43832,0.39970,0.55000,0.43301,9.9996,0.00793,1,0.50754
22.7600,0.54411,0.43833,0.39970,0.55000,0.43301,9.9996,0.00794,1,0.50756
22.7800,0.54410,0.43834,0.39970,0.55000,0.43301,9.9996,0.00795,1,0.50757
22.8000,0.54410,0.43835,0.39970,0.55000,0.43301,9.9996,0.00797,1,0.50758
22.8200,0.54409,0.43837,0.39970,0.55000,0.43301,9.9996,0.00798,1,0.50760
22.8400,0.54408,0.43838,0.39970,0.55000,0.43301,9.9996,0.00799,1,0.50761
22.8600,0.54408,0.43839,0.39970,0.55000,0.43301,9.9996,0.00800,1,0.50762
22.8800,0.54407,0.43840,0.39969,0.55000,0.43301,9.9996,0.00802,1,0.50763
22.9000,0.54406,0.43841,0.39969,0.55000,0.43301,9.9996,0.00803,1,0.50765
22.9200,0.54406,0.43842,0.39969,0.55000,0.43301,9.9996,0.00804,1,0.50766
22.9400,0.54405,0.43843,0.39969,0.55000,0.43301,9.9996,0.00805,1,0.50767
22.9600,0.54404,0.43844,0.39969,0.55000,0.43301,9.9996,0.00807,1,0.50769
22.9800,0.54404,0.43845,0.39969,0.55000,0.43301,9.9996,0.00808,1,0.50770
23.0000,0.54403,0.43846,0.39969,0.55000,0.43301,9.9996,0.00809,1,0.50771
23.0200,0.54402,0.43847,0.39969,0.55000,0.43301,9.9996,0.00810,1,0.50772
23.0400,0.54402,0.43849,0.39969,0.55000,0.43301,9.9996,0.00812,1,0.50774
23.0600,0.54401,0.43850,0.39969,0.55000,0.43301,9.9996,0.00813,1,0.50775
23.0800,0.54400,0.43851,0.39968,0.55000,0.43301,9.9996,0.00814,1,0.50776
23.1000,0.54400,0.43852,0.39968,0.55000,0.43301,9.9996,0.00815,1,0.50778
23.1200,0.54399,0.43853,0.39968,0.55000,0.43301,9.9996,0.00817,1,0.50779
23.1400,0.54398,0.43854,0.39968,0.55000,0.43301,9.9996,0.00818,1,0.50780
23.1600,0.54397,0.43855,0.39968,0.55000,0.43301,9.9996,0.00819,1,0.50781
23.1800,0.54397,0.43856,0.39968,0.55000,0.43301,9.9996,0.00820,1,0.50783
23.2000,0.54396,0.43857,0.39968,0.55000,0.43301,9.9996,0.00821,1,0.50784
23.2200,0.54395,0.43858,0.39968,0.55000,0.43301,9.9996,0.00823,1,0.50785
23.2400,0.54395,0.43859,0.39968,0.55000,0.43301,9.9996,0.00824,1,0.50787
23.2600,0.54394,0.43861,0.39968,0.55000,0.43301,9.9996,0.00825,1,0.50788
23.2800,0.54393,0.43862,0.39967,0.55000,0.43301,9.9996,0.00826,1,0.50789
23.3000,0.54393,0.43863,0.39967,0.55000,0.43301,9.9996,0.00828,1,0.50790
23.3200,0.54392,0.43864,0.39967,0.55000,0.43301,9.9996,0.00829,1,0.50792
23.3400,0.54391,0.43865,0.39967,0.55000,0.43301,9.9996,0.00830,1,0.50793
23.3600,0.54391,0.43866,0.39967,0.55000,0.43301,9.9996,0.00831,1,0.50794
23.3800,0.54390,0.43867,0.39967,0.55000,0.43301,9.9996,0.00833,1,0.50796
23.4000,0.54389,0.43868,0.39967,0.55000,0.43301,9.9996,0.00834,1,0.50797
23.4200,0.54389,0.43869,0.39967,0.55000,0.43301,9.9996,0.00835,1,0.50798
23.4400,0.54388,0.43870,0.39967,0.55000,0.43301,9.9996,0.00836,1,0.50799
23.4600,0.54387,0.43871,0.39967,0.55000,0.43301,9.9996,0.00838,1,0.50801
23.4800,0.54387,0.43872,0.39966,0.55000,0.43301,9.9996,0.00839,1,0.50802
23.5000,0.54386,0.43874,0.39966,0.55000,0.43301,9.9996,0.00840,1,0.50803
23.5200,0.54385,0.43875,0.39966,0.55000,0.43301,9.9996,0.00841,1,0.50804
23.5400,0.54385,0.43876,0.39966,0.55000,0.43301,9.9996,0.00842,1,0.50806
23.5600,0.54384,0.43877,0.39966,0.55000,0.43301,9.9996,0.00844,1,0.50807
23.5800,0.54383,0.43878,0.39966,0.55000,0.43301,9.9996,0.00845,1,0.50808
23.6000,0.54383,0.43879,0.39966,0.55000,0.43301,9.9996,0.00846,1,0.50810
23.6200,0.54382,0.43880,0.39966,0.55000,0.43301,9.9996,0.00847,1,0.50811
23.6400,0.54381,0.43881,0.39966,0.55000,0.43301,9.9996,0.00849,1,0.50812
23.6600,0.54381,0.43882,0.39966,0.55000,0.43301,9.9996,0.00850,1,0.50813
23.6800,0.54380,0.43883,0.39965,0.55000,0.43301,9.9996,0.00851,1,0.50815
23.7000,0.54379,0.43884,0.39965,0.55000,0.43301,9.9996,0.00852,1,0.50816
23.7200,0.54379,0.43885,0.39965,0.55000,0.43301,9.9996,0.00854,1,0.50817
23.7400,0.54378,0.43886,0.39965,0.55000,0.43301,9.9996,0.00855,1,0.50818
23.7600,0.54377,0.43888,0.39965,0.55000,0.43301,9.9996,0.00856,1,0.50820
23.7800,0.54377,0.43889,0.39965,0.55000,0.43301,9.9996,0.00857,1,0.50821
23.8000,0.54376,0.43890,0.39965,0.55000,0.43301,9.9996,0.00858,1,0.50822
23.8200,0.54375,0.43891,0.39965,0.55000,0.43301,9.9997,0.00860,1,0.50824
23.8400,0.54375,0.43892,0.39965,0.55000,0.43301,9.9997,0.00861,1,0.50825
23.8600,0.54374,0.43893,0.39965,0.55000,0.43301,9.9997,0.00862,1,0.50826
23.8800,0.54373,0.43894,0.39964,0.55000,0.43301,9.9997,0.00863,1,0.50827
23.9000,0.54373,0.43895,0.39964,0.55000,0.43301,9.9997,0.00865,1,0.50829
23.9200,0.54372,0.43896,0.39964,0.55000,0.43301,9.9997,0.00866,1,0.50830
23.9400,0.54371,0.43897,0.39964,0.55000,0.43301,9.9997,0.00867,1,0.50831
23.9600,0.54371,0.43898,0.39964,0.55000,0.43301,9.9997,0.00868,1,0.50832
23.9800,0.54370,0.43899,0.39964,0.55000,0.43301,9.9997,0.00870,1,0.50834
24.0000,0.54369,0.43900,0.39964,0.55000,0.43301,9.9997,0.00871,1,0.50835
24.0200,0.54369,0.43902,0.39964,0.55000,0.43301,9.9997,0.00872,1,0.50836
24.0400,0.54368,0.43903,0.39964,0.55000,0.43301,9.9997,0.00873,1,0.50837
24.0600,0.54367,0.43904,0.39964,0.55000,0.43301,9.9997,0.00874,1,0.50839
24.0800,0.54367,0.43905,0.39963,0.55000,0.43301,9.9997,0.00876,1,0.50840
24.1000,0.54366,0.43906,0.39963,0.55000,0.43301,9.9997,0.00877,1,0.50841
24.1200,0.54365,0.43907,0.39963,0.55000,0.43301,9.9997,0.00878,1,0.50842
24.1400,0.54365,0.43908,0.39963,0.55000,0.43301,9.9997,0.00879,1,0.50844
24.1600,0.54364,0.43909,0.39963,0.55000,0.43301,9.9997,0.00881,1,0.50845
24.1800,0.54363,0.43910,0.39963,0.55000,0.43301,9.9997,0.00882,1,0.50846
24.2000,0.54363,0.43911,0.39963,0.55000,0.43301,9.9997,0.00883,1,0.50848
24.2200,0.54362,0.43912,0.39963,0.55000,0.43301,9.9997,0.00884,1,0.50849
24.2400,0.54361,0.43913,0.39963,0.55000,0.43301,9.9997,0.00885,1,0.50850
24.2600,0.54361,0.43914,0.39963,0.55000,0.43301,9.9997,0.00887,1,0.50851
24.2800,0.54360,0.43915,0.39962,0.55000,0.43301,9.9997,0.00888,1,0.50853
24.3000,0.54359,0.43917,0.39962,0.55000,0.43301,9.9997,0.00889,1,0.50854
24.3200,0.54359,0.43918,0.39962,0.55000,0.43301,9.9997,0.00890,1,0.50855
24.3400,0.54358,0.43919,0.39962,0.55000,0.43301,9.9997,0.00892,1,0.50856
24.3600,0.54357,0.43920,0.39962,0.55000,0.43301,9.9997,0.00893,1,0.50858
24.3800,0.54357,0.43921,0.39962,0.55000,0.43301,9.9997,0.00894,1,0.50859
24.4000,0.54356,0.43922,0.39962,0.55000,0.43301,9.9997,0.00895,1,0.50860
24.4200,0.54355,0.43923,0.39962,0.55000,0.43301,9.9997,0.00896,1,0.50861
24.4400,0.54355,0.43924,0.39962,0.55000,0.43301,9.9997,0.00898,1,0.50863
24.4600,0.54354,0.43925,0.39962,0.55000,0.43301,9.9997,0.00899,1,0.50864
24.4800,0.54353,0.43926,0.39961,0.55000,0.43301,9.9997,0.00900,1,0.50865
24.5000,0.54353,0.43927,0.39961,0.55000,0.43301,9.9997,0.00901,1,0.50866
24.5200,0.54352,0.43928,0.39961,0.55000,0.43301,9.9997,0.00902,1,0.50868
24.5400,0.54351,0.43929,0.39961,0.55000,0.43301,9.9997,0.00904,1,0.50869
24.5600,0.54351,0.43930,0.39961,0.55000,0.43301,9.9997,0.00905,1,0.50870
24.5800,0.54350,0.43931,0.39961,0.55000,0.43301,9.9997,0.00906,1,0.50871
24.6000,0.54349,0.43933,0.39961,0.55000,0.43301,9.9997,0.00907,1,0.50873
24.6200,0.54349,0.43934,0.39961,0.55000,0.43301,9.9997,0.00909,1,0.50874
24.6400,0.54348,0.43935,0.39961,0.55000,0.43301,9.9997,0.00910,1,0.50875
24.6600,0.54347,0.43936,0.39961,0.55000,0.43301,9.9997,0.00911,1,0.50876
24.6800,0.54347,0.43937,0.39960,0.55000,0.43301,9.9997,0.00912,1,0.50878
24.7000,0.54346,0.43938,0.39960,0.55000,0.43301,9.9997,0.00913,1,0.50879
24.7200,0.54345,0.43939,0.39960,0.55000,0.43301,9.9997,0.00915,1,0.50880
24.7400,0.54345,0.43940,0.39960,0.55000,0.43301,9.9997,0.00916,1,0.50881
24.7600,0.54344,0.43941,0.39960,0.55000,0.43301,9.9997,0.00917,1,0.50883
24.7800,0.54344,0.43942,0.39960,0.55000,0.43301,9.9997,0.00918,1,0.50884
24.8000,0.54343,0.43943,0.39960,0.55000,0.43301,9.9997,0.00919,1,0.50885
24.8200,0.54342,0.43944,0.39960,0.55000,0.43301,9.9997,0.00921,1,0.50886
24.8400,0.54342,0.43945,0.39960,0.55000,0.43301,9.9997,0.00922,1,0.50888
24.8600,0.54341,0.43946,0.39959,0.55000,0.43301,9.9997,0.00923,1,0.50889
24.8800,0.54340,0.43947,0.39959,0.55000,0.43301,9.9997,0.00924,1,0.50890
24.9000,0.54340,0.43948,0.39959,0.55000,0.43301,9.9997,0.00926,1,0.50891
24.9200,0.54339,0.43949,0.39959,0.55000,0.43301,9.9997,0.00927,1,0.50892
24.9400,0.54338,0.43951,0.39959,0.55000,0.43301,9.9997,0.00928,1,0.50894
24.9600,0.54338,0.43952,0.39959,0.55000,0.43301,9.9997,0.00929,1,0.50895
24.9800,0.54337,0.43953,0.39959,0.55000,0.43301,9.9997,0.00930,1,0.50896
25.0000,0.54336,0.43954,0.39959,0.55000,0.43301,9.9997,0.00932,1,0.50897
25.0200,0.54336,0.43955,0.39959,0.55000,0.43301,9.9997,0.00933,1,0.50899
25.0400,0.54335,0.43956,0.39959,0.55000,0.43301,9.9997,0.00934,1,0.50900
25.0600,0.54334,0.43957,0.39958,0.55000,0.43301,9.9997,0.00935,1,0.50901
25.0800,0.54334,0.43958,0.39958,0.55000,0.43301,9.9997,0.00936,1,0.50902
25.1000,0.54333,0.43959,0.39958,0.55000,0.43301,9.9997,0.00938,1,0.50904
25.1200,0.54332,0.43960,0.39958,0.55000,0.43301,9.9997,0.00939,1,0.50905
25.1400,0.54332,0.43961,0.39958,0.55000,0.43301,9.9997,0.00940,1,0.50906
25.1600,0.54331,0.43962,0.39958,0.55000,0.43301,9.9997,0.00941,1,0.50907
25.1800,0.54331,0.43963,0.39958,0.55000,0.43301,9.9997,0.00942,1,0.50909
25.2000,0.54330,0.43964,0.39958,0.55000,0.43301,9.9997,0.00944,1,0.50910
25.2200,0.54329,0.43965,0.39958,0.55000,0.43301,9.9997,0.00945,1,0.50911
25.2400,0.54329,0.43966,0.39957,0.55000,0.43301,9.9997,0.00946,1,0.50912
25.2600,0.54328,0.43967,0.39957,0.55000,0.43301,9.9997,0.00947,1,0.50914
25.2800,0.54327,0.43968,0.39957,0.55000,0.43301,9.9997,0.00948,1,0.50915
25.3000,0.54327,0.43969,0.39957,0.55000,0.43301,9.9997,0.00950,1,0.50916
25.3200,0.54326,0.43971,0.39957,0.55000,0.43301,9.9997,0.00951,1,0.50917
25.3400,0.54325,0.43972,0.39957,0.55000,0.43301,9.9997,0.00952,1,0.50918
25.3600,0.54325,0.43973,0.39957,0.55000,0.43301,9.9997,0.00953,1,0.50920
25.3800,0.54324,0.43974,0.39957,0.55000,0.43301,9.9997,0.00954,1,0.50921
25.4000,0.54323,0.43975,0.39957,0.55000,0.43301,9.9997,0.00956,1,0.50922
25.4200,0.54323,0.43976,0.39957,0.55000,0.43301,9.9997,0.00957,1,0.50923
25.4400,0.54322,0.43977,0.39956,0.55000,0.43301,9.9997,0.00958,1,0.50925
25.4600,0.54321,0.43978,0.39956,0.55000,0.43301,9.9997,0.00959,1,0.50926
25.4800,0.54321,0.43979,0.39956,0.55000,0.43301,9.9997,0.00960,1,0.50927
25.5000,0.54320,0.43980,0.39956,0.55000,0.43301,9.9997,0.00962,1,0.50928
25.5200,0.54320,0.43981,0.39956,0.55000,0.43301,9.9997,0.00963,1,0.50929
25.5400,0.54319,0.43982,0.39956,0.55000,0.43301,9.9997,0.00964,1,0.50931
25.5600,0.54318,0.43983,0.39956,0.55000,0.43301,9.9997,0.00965,1,0.50932
25.5800,0.54318,0.43984,0.39956,0.55000,0.43301,9.9997,0.00966,1,0.50933
25.6000,0.54317,0.43985,0.39956,0.55000,0.43301,9.9997,0.00968,1,0.50934
25.6200,0.54316,0.43986,0.39955,0.55000,0.43301,9.9997,0.00969,1,0.50936
25.6400,0.54316,0.43987,0.39955,0.55000,0.43301,9.9997,0.00970,1,0.50937
25.6600,0.54315,0.43988,0.39955,0.55000,0.43301,9.9997,0.00971,1,0.50938
25.6800,0.54314,0.43989,0.39955,0.55000,0.43301,9.9997,0.00972,1,0.50939
25.7000,0.54314,0.43990,0.39955,0.55000,0.43301,9.9997,0.00974,1,0.50941
25.7200,0.54313,0.43991,0.39955,0.55000,0.43301,9.9997,0.00975,1,0.50942
25.7400,0.54312,0.43992,0.39955,0.55000,0.43301,9.9997,0.00976,1,0.50943
25.7600,0.54312,0.43993,0.39955,0.55000,0.43301,9.9997,0.00977,1,0.50944
25.7800,0.54311,0.43995,0.39955,0.55000,0.43301,9.9997,0.00978,1,0.50945
25.8000,0.54311,0.43996,0.39955,0.55000,0.43301,9.9997,0.00979,1,0.50947
25.8200,0.54310,0.43997,0.39954,0.55000,0.43301,9.9997,0.00981,1,0.50948
25.8400,0.54309,0.43998,0.39954,0.55000,0.43301,9.9997,0.00982,1,0.50949
25.8600,0.54309,0.43999,0.39954,0.55000,0.43301,9.9997,0.00983,1,0.50950
25.8800,0.54308,0.44000,0.39954,0.55000,0.43301,9.9997,0.00984,1,0.50951
25.9000,0.54307,0.44001,0.39954,0.55000,0.43301,9.9997,0.00985,1,0.50953
25.9200,0.54307,0.44002,0.39954,0.55000,0.43301,9.9997,0.00987,1,0.50954
25.9400,0.54306,0.44003,0.39954,0.55000,0.43301,9.9997,0.00988,1,0.50955
25.9600,0.54305,0.44004,0.39954,0.55000,0.43301,9.9997,0.00989,1,0.50956
25.9800,0.54305,0.44005,0.39954,0.55000,0.43301,9.9997,0.00990,1,0.50958
26.0000,0.54304,0.44006,0.39953,0.55000,0.43301,9.9997,0.00991,1,0.50959
26.0200,0.54304,0.44007,0.39953,0.55000,0.43301,9.9997,0.00993,1,0.50960
26.0400,0.54303,0.44008,0.39953,0.55000,0.43301,9.9997,0.00994,1,0.50961
26.0600,0.54302,0.44009,0.39953,0.55000,0.43301,9.9997,0.00995,1,0.50962
26.0800,0.54302,0.44010,0.39953,0.55000,0.43301,9.9997,0.00996,1,0.50964
26.1000,0.54301,0.44011,0.39953,0.55000,0.43301,9.9997,0.00997,1,0.50965
26.1200,0.54300,0.44012,0.39953,0.55000,0.43301,9.9997,0.00998,1,0.50966
26.1400,0.54300,0.44013,0.39953,0.55000,0.43301,9.9997,0.01000,1,0.50967
26.1600,0.54299,0.44014,0.39953,0.55000,0.43301,9.9997,0.01001,1,0.50968
26.1800,0.54298,0.44015,0.39953,0.55000,0.43301,9.9997,0.01002,1,0.50970
26.2000,0.54298,0.44016,0.39952,0.55000,0.43301,9.9997,0.01003,1,0.50971
26.2200,0.54297,0.44017,0.39952,0.55000,0.43301,9.9997,0.01004,1,0.50972
26.2400,0.54297,0.44018,0.39952,0.55000,0.43301,9.9997,0.01006,1,0.50973
26.2600,0.54296,0.44019,0.39952,0.55000,0.43301,9.9997,0.01007,1,0.50975
26.2800,0.54295,0.44020,0.39952,0.55000,0.43301,9.9997,0.01008,1,0.50976
26.3000,0.54295,0.44021,0.39952,0.55000,0.43301,9.9997,0.01009,1,0.50977
26.3200,0.54294,0.44022,0.39952,0.55000,0.43301,9.9997,0.01010,1,0.50978
26.3400,0.54293,0.44023,0.39952,0.55000,0.43301,9.9997,0.01011,1,0.50979
26.3600,0.54293,0.44024,0.39952,0.55000,0.43301,9.9997,0.01013,1,0.50981
26.3800,0.54292,0.44025,0.39951,0.55000,0.43301,9.9997,0.01014,1,0.50982
26.4000,0.54292,0.44027,0.39951,0.55000,0.43301,9.9997,0.01015,1,0.50983
26.4200,0.54291,0.44028,0.39951,0.55000,0.43301,9.9997,0.01016,1,0.50984
26.4400,0.54290,0.44029,0.39951,0.55000,0.43301,9.9997,0.01017,1,0.50985
26.4600,0.54290,0.44030,0.39951,0.55000,0.43301,9.9997,0.01019,1,0.50987
26.4800,0.54289,0.44031,0.39951,0.55000,0.43301,9.9997,0.01020,1,0.50988
26.5000,0.54288,0.44032,0.39951,0.55000,0.43301,9.9997,0.01021,1,0.50989
26.5200,0.54288,0.44033,0.39951,0.55000,0.43301,9.9997,0.01022,1,0.50990
26.5400,0.54287,0.44034,0.39951,0.55000,0.43301,9.9997,0.01023,1,0.50991
26.5600,0.54287,0.44035,0.39950,0.55000,0.43301,9.9997,0.01024,1,0.50993
26.5800,0.54286,0.44036,0.39950,0.55000,0.43301,9.9997,0.01026,1,0.50994
26.6000,0.54285,0.44037,0.39950,0.55000,0.43301,9.9997,0.01027,1,0.50995
26.6200,0.54285,0.44038,0.39950,0.55000,0.43301,9.9997,0.01028,1,0.50996
26.6400,0.54284,0.44039,0.39950,0.55000,0.43301,9.9997,0.01029,1,0.50997
26.6600,0.54283,0.44040,0.39950,0.55000,0.43301,9.9997,0.01030,1,0.50999
26.6800,0.54283,0.44041,0.39950,0.55000,0.43301,9.9997,0.01031,1,0.51000
26.7000,0.54282,0.44042,0.39950,0.55000,0.43301,9.9997,0.01033,1,0.51001
26.7200,0.54282,0.44043,0.39950,0.55000,0.43301,9.9997,0.01034,1,0.51002
26.7400,0.54281,0.44044,0.39949,0.55000,0.43301,9.9997,0.01035,1,0.51003
26.7600,0.54280,0.44045,0.39949,0.55000,0.43301,9.9997,0.01036,1,0.51005
26.7800,0.54280,0.44046,0.39949,0.55000,0.43301,9.9997,0.01037,1,0.51006
26.8000,0.54279,0.44047,0.39949,0.55000,0.43301,9.9997,0.01038,1,0.51007
26.8200,0.54278,0.44048,0.39949,0.55000,0.43301,9.9997,0.01040,1,0.51008
26.8400,0.54278,0.44049,0.39949,0.55000,0.43301,9.9997,0.01041,1,0.51009
26.8600,0.54277,0.44050,0.39949,0.55000,0.43301,9.9997,0.01042,1,0.51011
26.8800,0.54277,0.44051,0.39949,0.55000,0.43301,9.9997,0.01043,1,0.51012
26.9000,0.54276,0.44052,0.39949,0.55000,0.43301,9.9997,0.01044,1,0.51013
26.9200,0.54275,0.44053,0.39948,0.55000,0.43301,9.9997,0.01045,1,0.51014
26.9400,0.54275,0.44054,0.39948,0.55000,0.43301,9.9997,0.01047,1,0.51015
26.9600,0.54274,0.44055,0.39948,0.55000,0.43301,9.9997,0.01048,1,0.51016
26.9800,0.54273,0.44056,0.39948,0.55000,0.43301,9.9997,0.01049,1,0.51018
27.0000,0.54273,0.44057,0.39948,0.55000,0.43301,9.9997,0.01050,1,0.51019
27.0200,0.54272,0.44058,0.39948,0.55000,0.43301,9.9997,0.01051,1,0.51020
27.0400,0.54272,0.44059,0.39948,0.55000,0.43301,9.9997,0.01052,1,0.51021
27.0600,0.54271,0.44060,0.39948,0.55000,0.43301,9.9997,0.01054,1,0.51022
27.0800,0.54270,0.44061,0.39948,0.55000,0.43301,9.9997,0.01055,1,0.51024
27.1000,0.54270,0.44062,0.39948,0.55000,0.43301,9.9997,0.01056,1,0.51025
27.1200,0.54269,0.44063,0.39947,0.55000,0.43301,9.9997,0.01057,1,0.51026
27.1400,0.54268,0.44064,0.39947,0.55000,0.43301,9.9997,0.01058,1,0.51027
27.1600,0.54268,0.44065,0.39947,0.55000,0.43301,9.9997,0.01059,1,0.51028
27.1800,0.54267,0.44066,0.39947,0.55000,0.43301,9.9997,0.01061,1,0.51030
27.2000,0.54267,0.44067,0.39947,0.55000,0.43301,9.9997,0.01062,1,0.51031
27.2200,0.54266,0.44068,0.39947,0.55000,0.43301,9.9997,0.01063,1,0.51032
27.2400,0.54265,0.44069,0.39947,0.55000,0.43301,9.9997,0.01064,1,0.51033
27.2600,0.54265,0.44070,0.39947,0.55000,0.43301,9.9997,0.01065,1,0.51034
27.2800,0.54264,0.44071,0.39947,0.55000,0.43301,9.9997,0.01066,1,0.51035
27.3000,0.54264,0.44072,0.39946,0.55000,0.43301,9.9998,0.01068,1,0.51037
27.3200,0.54263,0.44073,0.39946,0.55000,0.43301,9.9998,0.01069,1,0.51038
27.3400,0.54262,0.44074,0.39946,0.55000,0.43301,9.9998,0.01070,1,0.51039
27.3600,0.54262,0.44075,0.39946,0.55000,0.43301,9.9998,0.01071,1,0.51040
27.3800,0.54261,0.44076,0.39946,0.55000,0.43301,9.9998,0.01072,1,0.51041
27.4000,0.54260,0.44077,0.39946,0.55000,0.43301,9.9998,0.01073,1,0.51042
27.4200,0.54260,0.44078,0.39946,0.55000,0.43301,9.9998,0.01075,1,0.51044
27.4400,0.54259,0.44079,0.39946,0.55000,0.43301,9.9998,0.01076,1,0.51045
27.4600,0.54259,0.44080,0.39946,0.55000,0.43301,9.9998,0.01077,1,0.51046
27.4800,0.54258,0.44081,0.39945,0.55000,0.43301,9.9998,0.01078,1,0.51047
27.5000,0.54257,0.44082,0.39945,0.55000,0.43301,9.9998,0.01079,1,0.51048
27.5200,0.54257,0.44083,0.39945,0.55000,0.43301,9.9998,0.01080,1,0.51050
27.5400,0.54256,0.44084,0.39945,0.55000,0.43301,9.9998,0.01081,1,0.51051
27.5600,0.54256,0.44085,0.39945,0.55000,0.43301,9.9998,0.01083,1,0.51052
27.5800,0.54255,0.44086,0.39945,0.55000,0.43301,9.9998,0.01084,1,0.51053
27.6000,0.54254,0.44087,0.39945,0.55000,0.43301,9.9998,0.01085,1,0.51054
27.6200,0.54254,0.44088,0.39945,0.55000,0.43301,9.9998,0.01086,1,0.51055
27.6400,0.54253,0.44089,0.39945,0.55000,0.43301,9.9998,0.01087,1,0.51057
27.6600,0.54253,0.44090,0.39944,0.55000,0.43301,9.9998,0.01088,1,0.51058
27.6800,0.54252,0.44091,0.39944,0.55000,0.43301,9.9998,0.01089,1,0.51059
27.7000,0.54251,0.44092,0.39944,0.55000,0.43301,9.9998,0.01091,1,0.51060
27.7200,0.54251,0.44093,0.39944,0.55000,0.43301,9.9998,0.01092,1,0.51061
27.7400,0.54250,0.44094,0.39944,0.55000,0.43301,9.9998,0.01093,1,0.51062
27.7600,0.54249,0.44095,0.39944,0.55000,0.43301,9.9998,0.01094,1,0.51064
27.7800,0.54249,0.44096,0.39944,0.55000,0.43301,9.9998,0.01095,1,0.51065
27.8000,0.54248,0.44097,0.39944,0.55000,0.43301,9.9998,0.01096,1,0.51066
27.8200,0.54248,0.44098,0.39944,0.55000,0.43301,9.9998,0.01098,1,0.51067
27.8400,0.54247,0.44099,0.39943,0.55000,0.43301,9.9998,0.01099,1,0.51068
27.8600,0.54246,0.44100,0.39943,0.55000,0.43301,9.9998,0.01100,1,0.51069
27.8800,0.54246,0.44101,0.39943,0.55000,0.43301,9.9998,0.01101,1,0.51071
27.9000,0.54245,0.44102,0.39943,0.55000,0.43301,9.9998,0.01102,1,0.51072
27.9200,0.54245,0.44103,0.39943,0.55000,0.43301,9.9998,0.01103,1,0.51073
27.9400,0.54244,0.44104,0.39943,0.55000,0.43301,9.9998,0.01104,1,0.51074
27.9600,0.54243,0.44105,0.39943,0.55000,0.43301,9.9998,0.01106,1,0.51075
27.9800,0.54243,0.44106,0.39943,0.55000,0.43301,9.9998,0.01107,1,0.51076
28.0000,0.54242,0.44107,0.39943,0.55000,0.43301,9.9998,0.01108,1,0.51078
28.0200,0.54242,0.44108,0.39942,0.55000,0.43301,9.9998,0.01109,1,0.51079
28.0400,0.54241,0.44109,0.39942,0.55000,0.43301,9.9998,0.01110,1,0.51080
28.0600,0.54240,0.44110,0.39942,0.55000,0.43301,9.9998,0.01111,1,0.51081
28.0800,0.54240,0.44111,0.39942,0.55000,0.43301,9.9998,0.01112,1,0.51082
28.1000,0.54239,0.44112,0.39942,0.55000,0.43301,9.9998,0.01113,1,0.51083
28.1200,0.54239,0.44113,0.39942,0.55000,0.43301,9.9998,0.01115,1,0.51085
28.1400,0.54238,0.44114,0.39942,0.55000,0.43301,9.9998,0.01116,1,0.51086
28.1600,0.54237,0.44115,0.39942,0.55000,0.43301,9.9998,0.01117,1,0.51087
28.1800,0.54237,0.44116,0.39942,0.55000,0.43301,9.9998,0.01118,1,0.51088
28.2000,0.54236,0.44117,0.39941,0.55000,0.43301,9.9998,0.01119,1,0.51089
28.2200,0.54236,0.44118,0.39941,0.55000,0.43301,9.9998,0.01120,1,0.51090
28.2400,0.54235,0.44119,0.39941,0.55000,0.43301,9.9998,0.01121,1,0.51091
28.2600,0.54234,0.44120,0.39941,0.55000,0.43301,9.9998,0.01123,1,0.51093
28.2800,0.54234,0.44121,0.39941,0.55000,0.43301,9.9998,0.01124,1,0.51094
28.3000,0.54233,0.44122,0.39941,0.55000,0.43301,9.9998,0.01125,1,0.51095
28.3200,0.54233,0.44123,0.39941,0.55000,0.43301,9.9998,0.01126,1,0.51096
28.3400,0.54232,0.44124,0.39941,0.55000,0.43301,9.9998,0.01127,1,0.51097
28.3600,0.54231,0.44125,0.39941,0.55000,0.43301,9.9998,0.01128,1,0.51098
28.3800,0.54231,0.44126,0.39940,0.55000,0.43301,9.9998,0.01129,1,0.51100
28.4000,0.54230,0.44127,0.39940,0.55000,0.43301,9.9998,0.01131,1,0.51101
28.4200,0.54230,0.44128,0.39940,0.55000,0.43301,9.9998,0.01132,1,0.51102
28.4400,0.54229,0.44129,0.39940,0.55000,0.43301,9.9998,0.01133,1,0.51103
28.4600,0.54228,0.44130,0.39940,0.55000,0.43301,9.9998,0.01134,1,0.51104
28.4800,0.54228,0.44131,0.39940,0.55000,0.43301,9.9998,0.01135,1,0.51105
28.5000,0.54227,0.44132,0.39940,0.55000,0.43301,9.9998,0.01136,1,0.51106
28.5200,0.54227,0.44133,0.39940,0.55000,0.43301,9.9998,0.01137,1,0.51108
28.5400,0.54226,0.44134,0.39940,0.55000,0.43301,9.9998,0.01138,1,0.51109
28.5600,0.54225,0.44135,0.39939,0.55000,0.43301,9.9998,0.01140,1,0.51110
28.5800,0.54225,0.44136,0.39939,0.55000,0.43301,9.9998,0.01141,1,0.51111
28.6000,0.54224,0.44137,0.39939,0.55000,0.43301,9.9998,0.01142,1,0.51112
28.6200,0.54224,0.44138,0.39939,0.55000,0.43301,9.9998,0.01143,1,0.51113
28.6400,0.54223,0.44139,0.39939,0.55000,0.43301,9.9998,0.01144,1,0.51114
28.6600,0.54222,0.44140,0.39939,0.55000,0.43301,9.9998,0.01145,1,0.51116
28.6800,0.54222,0.44141,0.39939,0.55000,0.43301,9.9998,0.01146,1,0.51117
28.7000,0.54221,0.44142,0.39939,0.55000,0.43301,9.9998,0.01147,1,0.51118
28.7200,0.54221,0.44143,0.39939,0.55000,0.43301,9.9998,0.01149,1,0.51119
28.7400,0.54220,0.44144,0.39938,0.55000,0.43301,9.9998,0.01150,1,0.51120
28.7600,0.54220,0.44145,0.39938,0.55000,0.43301,9.9998,0.01151,1,0.51121
28.7800,0.54219,0.44146,0.39938,0.55000,0.43301,9.9998,0.01152,1,0.51122
28.8000,0.54218,0.44147,0.39938,0.55000,0.43301,9.9998,0.01153,1,0.51124
28.8200,0.54218,0.44148,0.39938,0.55000,0.43301,9.9998,0.01154,1,0.51125
28.8400,0.54217,0.44149,0.39938,0.55000,0.43301,9.9998,0.01155,1,0.51126
28.8600,0.54217,0.44150,0.39938,0.55000,0.43301,9.9998,0.01156,1,0.51127
28.8800,0.54216,0.44151,0.39938,0.55000,0.43301,9.9998,0.01158,1,0.51128
28.9000,0.54215,0.44152,0.39937,0.55000,0.43301,9.9998,0.01159,1,0.51129
28.9200,0.54215,0.44152,0.39937,0.55000,0.43301,9.9998,0.01160,1,0.51130
28.9400,0.54214,0.44153,0.39937,0.55000,0.43301,9.9998,0.01161,1,0.51132
28.9600,0.54214,0.44154,0.39937,0.55000,0.43301,9.9998,0.01162,1,0.51133
28.9800,0.54213,0.44155,0.39937,0.55000,0.43301,9.9998,0.01163,1,0.51134
29.0000,0.54212,0.44156,0.39937,0.55000,0.43301,9.9998,0.01164,1,0.51135
29.0200,0.54212,0.44157,0.39937,0.55000,0.43301,9.9998,0.01165,1,0.51136
29.0400,0.54211,0.44158,0.39937,0.55000,0.43301,9.9998,0.01166,1,0.51137
29.0600,0.54211,0.44159,0.39937,0.55000,0.43301,9.9998,0.01168,1,0.51138
29.0800,0.54210,0.44160,0.39936,0.55000,0.43301,9.9998,0.01169,1,0.51140
29.1000,0.54210,0.44161,0.39936,0.55000,0.43301,9.9998,0.01170,1,0.51141
29.1200,0.54209,0.44162,0.39936,0.55000,0.43301,9.9998,0.01171,1,0.51142
29.1400,0.54208,0.44163,0.39936,0.55000,0.43301,9.9998,0.01172,1,0.51143
29.1600,0.54208,0.44164,0.39936,0.55000,0.43301,9.9998,0.01173,1,0.51144
29.1800,0.54207,0.44165,0.39936,0.55000,0.43301,9.9998,0.01174,1,0.51145
29.2000,0.54207,0.44166,0.39936,0.55000,0.43301,9.9998,0.01175,1,0.51146
29.2200,0.54206,0.44167,0.39936,0.55000,0.43301,9.9998,0.01176,1,0.51147
29.2400,0.54205,0.44168,0.39936,0.55000,0.43301,9.9998,0.01178,1,0.51149
29.2600,0.54205,0.44169,0.39935,0.55000,0.43301,9.9998,0.01179,1,0.51150
29.2800,0.54204,0.44170,0.39935,0.55000,0.43301,9.9998,0.01180,1,0.51151
29.3000,0.54204,0.44171,0.39935,0.55000,0.43301,9.9998,0.01181,1,0.51152
29.3200,0.54203,0.44172,0.39935,0.55000,0.43301,9.9998,0.01182,1,0.51153
29.3400,0.54203,0.44173,0.39935,0.55000,0.43301,9.9998,0.01183,1,0.51154
29.3600,0.54202,0.44174,0.39935,0.55000,0.43301,9.9998,0.01184,1,0.51155
29.3800,0.54201,0.44175,0.39935,0.55000,0.43301,9.9998,0.01185,1,0.51156
29.4000,0.54201,0.44176,0.39935,0.55000,0.43301,9.9998,0.01186,1,0.51158
29.4200,0.54200,0.44177,0.39935,0.55000,0.43301,9.9998,0.01188,1,0.51159
29.4400,0.54200,0.44178,0.39934,0.55000,0.43301,9.9998,0.01189,1,0.51160
29.4600,0.54199,0.44179,0.39934,0.55000,0.43301,9.9998,0.01190,1,0.51161
29.4800,0.54198,0.44180,0.39934,0.55000,0.43301,9.9998,0.01191,1,0.51162
29.5000,0.54198,0.44181,0.39934,0.55000,0.43301,9.9998,0.01192,1,0.51163
29.5200,0.54197,0.44181,0.39934,0.55000,0.43301,9.9998,0.01193,1,0.51164
29.5400,0.54197,0.44182,0.39934,0.55000,0.43301,9.9998,0.01194,1,0.51165
29.5600,0.54196,0.44183,0.39934,0.55000,0.43301,9.9998,0.01195,1,0.51167
29.5800,0.54196,0.44184,0.39934,0.55000,0.43301,9.9998,0.01196,1,0.51168
29.6000,0.54195,0.44185,0.39934,0.55000,0.43301,9.9998,0.01197,1,0.51169
29.6200,0.54194,0.44186,0.39933,0.55000,0.43301,9.9998,0.01199,1,0.51170
29.6400,0.54194,0.44187,0.39933,0.55000,0.43301,9.9998,0.01200,1,0.51171
29.6600,0.54193,0.44188,0.39933,0.55000,0.43301,9.9998,0.01201,1,0.51172
29.6800,0.54193,0.44189,0.39933,0.55000,0.43301,9.9998,0.01202,1,0.51173
29.7000,0.54192,0.44190,0.39933,0.55000,0.43301,9.9998,0.01203,1,0.51174
29.7200,0.54192,0.44191,0.39933,0.55000,0.43301,9.9998,0.01204,1,0.51175
29.7400,0.54191,0.44192,0.39933,0.55000,0.43301,9.9998,0.01205,1,0.51177
29.7600,0.54190,0.44193,0.39933,0.55000,0.43301,9.9998,0.01206,1,0.51178
29.7800,0.54190,0.44194,0.39932,0.55000,0.43301,9.9998,0.01207,1,0.51179
29.8000,0.54189,0.44195,0.39932,0.55000,0.43301,9.9998,0.01208,1,0.51180
29.8200,0.54189,0.44196,0.39932,0.55000,0.43301,9.9998,0.01210,1,0.51181
29.8400,0.54188,0.44197,0.39932,0.55000,0.43301,9.9998,0.01211,1,0.51182
29.8600,0.54188,0.44198,0.39932,0.55000,0.43301,9.9998,0.01212,1,0.51183
29.8800,0.54187,0.44199,0.39932,0.55000,0.43301,9.9998,0.01213,1,0.51184
29.9000,0.54186,0.44200,0.39932,0.55000,0.43301,9.9998,0.01214,1,0.51185
29.9200,0.54186,0.44201,0.39932,0.55000,0.43301,9.9998,0.01215,1,0.51187
29.9400,0.54185,0.44201,0.39932,0.55000,0.43301,9.9998,0.01216,1,0.51188
29.9600,0.54185,0.44202,0.39931,0.55000,0.43301,9.9998,0.01217,1,0.51189
29.9800,0.54184,0.44203,0.39931,0.55000,0.43301,9.9998,0.01218,1,0.51190
30.0000,0.54184,0.44204,0.39931,0.55000,0.43301,9.9998,0.01219,1,0.51191
30.0200,0.54183,0.44205,0.39931,0.55000,0.43301,9.9998,0.01220,1,0.51192
30.0400,0.54182,0.44206,0.39931,0.55000,0.43301,9.9998,0.01222,1,0.51193
30.0600,0.54182,0.44207,0.39931,0.55000,0.43301,9.9998,0.01223,1,0.51194
30.0800,0.54181,0.44208,0.39931,0.55000,0.43301,9.9998,0.01224,1,0.51195
30.1000,0.54181,0.44209,0.39931,0.55000,0.43301,9.9998,0.01225,1,0.51197
30.1200,0.54180,0.44210,0.39931,0.55000,0.43301,9.9998,0.01226,1,0.51198
30.1400,0.54180,0.44211,0.39930,0.55000,0.43301,9.9998,0.01227,1,0.51199
30.1600,0.54179,0.44212,0.39930,0.55000,0.43301,9.9998,0.01228,1,0.51200
30.1800,0.54178,0.44213,0.39930,0.55000,0.43301,9.9998,0.01229,1,0.51201
30.2000,0.54178,0.44214,0.39930,0.55000,0.43301,9.9998,0.01230,1,0.51202
30.2200,0.54177,0.44215,0.39930,0.55000,0.43301,9.9998,0.01231,1,0.51203
30.2400,0.54177,0.44216,0.39930,0.55000,0.43301,9.9998,0.01232,1,0.51204
30.2600,0.54176,0.44217,0.39930,0.55000,0.43301,9.9998,0.01234,1,0.51205
30.2800,0.54176,0.44218,0.39930,0.55000,0.43301,9.9998,0.01235,1,0.51206
30.3000,0.54175,0.44219,0.39930,0.55000,0.43301,9.9998,0.01236,1,0.51208
30.3200,0.54174,0.44219,0.39929,0.55000,0.43301,9.9998,0.01237,1,0.51209
30.3400,0.54174,0.44220,0.39929,0.55000,0.43301,9.9998,0.01238,1,0.51210
30.3600,0.54173,0.44221,0.39929,0.55000,0.43301,9.9998,0.01239,1,0.51211
30.3800,0.54173,0.44222,0.39929,0.55000,0.43301,9.9998,0.01240,1,0.51212
30.4000,0.54172,0.44223,0.39929,0.55000,0.43301,9.9998,0.01241,1,0.51213
30.4200,0.54172,0.44224,0.39929,0.55000,0.43301,9.9998,0.01242,1,0.51214
30.4400,0.54171,0.44225,0.39929,0.55000,0.43301,9.9998,0.01243,1,0.51215
30.4600,0.54170,0.44226,0.39929,0.55000,0.43301,9.9998,0.01244,1,0.51216
30.4800,0.54170,0.44227,0.39928,0.55000,0.43301,9.9998,0.01245,1,0.51217
30.5000,0.54169,0.44228,0.39928,0.55000,0.43301,9.9998,0.01246,1,0.51218
30.5200,0.54169,0.44229,0.39928,0.55000,0.43301,9.9998,0.01248,1,0.51220
30.5400,0.54168,0.44230,0.39928,0.55000,0.43301,9.9998,0.01249,1,0.51221
30.5600,0.54168,0.44231,0.39928,0.55000,0.43301,9.9998,0.01250,1,0.51222
30.5800,0.54167,0.44232,0.39928,0.55000,0.43301,9.9999,0.01251,1,0.51223
30.6000,0.54167,0.44233,0.39928,0.55000,0.43301,9.9999,0.01252,1,0.51224
30.6200,0.54166,0.44233,0.39928,0.55000,0.43301,9.9999,0.01253,1,0.51225
30.6400,0.54165,0.44234,0.39928,0.55000,0.43301,9.9999,0.01254,1,0.51226
30.6600,0.54165,0.44235,0.39927,0.55000,0.43301,9.9999,0.01255,1,0.51227
30.6800,0.54164,0.44236,0.39927,0.55000,0.43301,9.9999,0.01256,1,0.51228
30.7000,0.54164,0.44237,0.39927,0.55000,0.43301,9.9999,0.01257,1,0.51229
30.7200,0.54163,0.44238,0.39927,0.55000,0.43301,9.9999,0.01258,1,0.51230
30.7400,0.54163,0.44239,0.39927,0.55000,0.43301,9.9999,0.01259,1,0.51232
30.7600,0.54162,0.44240,0.39927,0.55000,0.43301,9.9999,0.01260,1,0.51233
30.7800,0.54162,0.44241,0.39927,0.55000,0.43301,9.9999,0.01262,1,0.51234
30.8000,0.54161,0.44242,0.39927,0.55000,0.43301,9.9999,0.01263,1,0.51235
30.8200,0.54160,0.44243,0.39927,0.55000,0.43301,9.9999,0.01264,1,0.51236
30.8400,0.54160,0.44244,0.39926,0.55000,0.43301,9.9999,0.01265,1,0.51237
30.8600,0.54159,0.44245,0.39926,0.55000,0.43301,9.9999,0.01266,1,0.51238
30.8800,0.54159,0.44246,0.39926,0.55000,0.43301,9.9999,0.01267,1,0.51239
30.9000,0.54158,0.44247,0.39926,0.55000,0.43301,9.9999,0.01268,1,0.51240
30.9200,0.54158,0.44247,0.39926,0.55000,0.43301,9.9999,0.01269,1,0.51241
30.9400,0.54157,0.44248,0.39926,0.55000,0.43301,9.9999,0.01270,1,0.51242
30.9600,0.54157,0.44249,0.39926,0.55000,0.43301,9.9999,0.01271,1,0.51243
30.9800,0.54156,0.44250,0.39926,0.55000,0.43301,9.9999,0.01272,1,0.51245
31.0000,0.54155,0.44251,0.39925,0.55000,0.43301,9.9999,0.01273,1,0.51246
31.0200,0.54155,0.44252,0.39925,0.55000,0.43301,9.9999,0.01274,1,0.51247
31.0400,0.54154,0.44253,0.39925,0.55000,0.43301,9.9999,0.01275,1,0.51248
31.0600,0.54154,0.44254,0.39925,0.55000,0.43301,9.9999,0.01276,1,0.51249
31.0800,0.54153,0.44255,0.39925,0.55000,0.43301,9.9999,0.01277,1,0.51250
31.1000,0.54153,0.44256,0.39925,0.55000,0.43301,9.9999,0.01279,1,0.51251
31.1200,0.54152,0.44257,0.39925,0.55000,0.43301,9.9999,0.01280,1,0.51252
31.1400,0.54152,0.44258,0.39925,0.55000,0.43301,9.9999,0.01281,1,0.51253
31.1600,0.54151,0.44259,0.39925,0.55000,0.43301,9.9999,0.01282,1,0.51254
31.1800,0.54150,0.44259,0.39924,0.55000,0.43301,9.9999,0.01283,1,0.51255
31.2000,0.54150,0.44260,0.39924,0.55000,0.43301,9.9999,0.01284,1,0.51256
31.2200,0.54149,0.44261,0.39924,0.55000,0.43301,9.9999,0.01285,1,0.51257
31.2400,0.54149,0.44262,0.39924,0.55000,0.43301,9.9999,0.01286,1,0.51258
31.2600,0.54148,0.44263,0.39924,0.55000,0.43301,9.9999,0.01287,1,0.51260
31.2800,0.54148,0.44264,0.39924,0.55000,0.43301,9.9999,0.01288,1,0.51261
31.3000,0.54147,0.44265,0.39924,0.55000,0.43301,9.9999,0.01289,1,0.51262
31.3200,0.54147,0.44266,0.39924,0.55000,0.43301,9.9999,0.01290,1,0.51263
31.3400,0.54146,0.44267,0.39923,0.55000,0.43301,9.9999,0.01291,1,0.51264
31.3600,0.54145,0.44268,0.39923,0.55000,0.43301,9.9999,0.01292,1,0.51265
31.3800,0.54145,0.44269,0.39923,0.55000,0.43301,9.9999,0.01293,1,0.51266
31.4000,0.54144,0.44270,0.39923,0.55000,0.43301,9.9999,0.01294,1,0.51267
31.4200,0.54144,0.44270,0.39923,0.55000,0.43301,9.9999,0.01295,1,0.51268
31.4400,0.54143,0.44271,0.39923,0.55000,0.43301,9.9999,0.01297,1,0.51269
31.4600,0.54143,0.44272,0.39923,0.55000,0.43301,9.9999,0.01298,1,0.51270
31.4800,0.54142,0.44273,0.39923,0.55000,0.43301,9.9999,0.01299,1,0.51271
31.5000,0.54142,0.44274,0.39923,0.55000,0.43301,9.9999,0.01300,1,0.51272
31.5200,0.54141,0.44275,0.39922,0.55000,0.43301,9.9999,0.01301,1,0.51273
31.5400,0.54141,0.44276,0.39922,0.55000,0.43301,9.9999,0.01302,1,0.51274
31.5600,0.54140,0.44277,0.39922,0.55000,0.43301,9.9999,0.01303,1,0.51276
31.5800,0.54139,0.44278,0.39922,0.55000,0.43301,9.9999,0.01304,1,0.51277
31.6000,0.54139,0.44279,0.39922,0.55000,0.43301,9.9999,0.01305,1,0.51278
31.6200,0.54138,0.44280,0.39922,0.55000,0.43301,9.9999,0.01306,1,0.51279
31.6400,0.54138,0.44280,0.39922,0.55000,0.43301,9.9999,0.01307,1,0.51280
31.6600,0.54137,0.44281,0.39922,0.55000,0.43301,9.9999,0.01308,1,0.51281
31.6800,0.54137,0.44282,0.39921,0.55000,0.43301,9.9999,0.01309,1,0.51282
31.7000,0.54136,0.44283,0.39921,0.55000,0.43301,9.9999,0.01310,1,0.51283
31.7200,0.54136,0.44284,0.39921,0.55000,0.43301,9.9999,0.01311,1,0.51284
31.7400,0.54135,0.44285,0.39921,0.55000,0.43301,9.9999,0.01312,1,0.51285
31.7600,0.54135,0.44286,0.39921,0.55000,0.43301,9.9999,0.01313,1,0.51286
31.7800,0.54134,0.44287,0.39921,0.55000,0.43301,9.9999,0.01314,1,0.51287
31.8000,0.54134,0.44288,0.39921,0.55000,0.43301,9.9999,0.01315,1,0.51288
31.8200,0.54133,0.44289,0.39921,0.55000,0.43301,9.9999,0.01316,1,0.51289
31.8400,0.54132,0.44290,0.39921,0.55000,0.43301,9.9999,0.01317,1,0.51290
31.8600,0.54132,0.44290,0.39920,0.55000,0.43301,9.9999,0.01318,1,0.51291
31.8800,0.54131,0.44291,0.39920,0.55000,0.43301,9.9999,0.01320,1,0.51292
31.9000,0.54131,0.44292,0.39920,0.55000,0.43301,9.9999,0.01321,1,0.51294
31.9200,0.54130,0.44293,0.39920,0.55000,0.43301,9.9999,0.01322,1,0.51295
31.9400,0.54130,0.44294,0.39920,0.55000,0.43301,9.9999,0.01323,1,0.51296
31.9600,0.54129,0.44295,0.39920,0.55000,0.43301,9.9999,0.01324,1,0.51297
31.9800,0.54129,0.44296,0.39920,0.55000,0.43301,9.9999,0.01325,1,0.51298
32.0000,0.54128,0.44297,0.39920,0.55000,0.43301,9.9999,0.01326,1,0.51299
32.0200,0.54128,0.44298,0.39920,0.55000,0.43301,9.9999,0.01327,1,0.51300
32.0400,0.54127,0.44299,0.39919,0.55000,0.43301,9.9999,0.01328,1,0.51301
32.0600,0.54127,0.44299,0.39919,0.55000,0.43301,9.9999,0.01329,1,0.51302
32.0800,0.54126,0.44300,0.39919,0.55000,0.43301,9.9999,0.01330,1,0.51303
32.1000,0.54125,0.44301,0.39919,0.55000,0.43301,9.9999,0.01331,1,0.51304
32.1200,0.54125,0.44302,0.39919,0.55000,0.43301,9.9999,0.01332,1,0.51305
32.1400,0.54124,0.44303,0.39919,0.55000,0.43301,9.9999,0.01333,1,0.51306
32.1600,0.54124,0.44304,0.39919,0.55000,0.43301,9.9999,0.01334,1,0.51307
32.1800,0.54123,0.44305,0.39919,0.55000,0.43301,9.9999,0.01335,1,0.51308
32.2000,0.54123,0.44306,0.39918,0.55000,0.43301,9.9999,0.01336,1,0.51309
32.2200,0.54122,0.44307,0.39918,0.55000,0.43301,9.9999,0.01337,1,0.51310
32.2400,0.54122,0.44308,0.39918,0.55000,0.43301,9.9999,0.01338,1,0.51311
32.2600,0.54121,0.44308,0.39918,0.55000,0.43301,9.9999,0.01339,1,0.51312
32.2800,0.54121,0.44309,0.39918,0.55000,0.43301,9.9999,0.01340,1,0.51313
32.3000,0.54120,0.44310,0.39918,0.55000,0.43301,9.9999,0.01341,1,0.51314
32.3200,0.54120,0.44311,0.39918,0.55000,0.43301,9.9999,0.01342,1,0.51315
32.3400,0.54119,0.44312,0.39918,0.55000,0.43301,9.9999,0.01343,1,0.51317
32.3600,0.54119,0.44313,0.39918,0.55000,0.43301,9.9999,0.01344,1,0.51318
32.3800,0.54118,0.44314,0.39917,0.55000,0.43301,9.9999,0.01345,1,0.51319
32.4000,0.54117,0.44315,0.39917,0.55000,0.43301,9.9999,0.01346,1,0.51320
32.4200,0.54117,0.44316,0.39917,0.55000,0.43301,9.9999,0.01347,1,0.51321
32.4400,0.54116,0.44316,0.39917,0.55000,0.43301,9.9999,0.01348,1,0.51322
32.4600,0.54116,0.44317,0.39917,0.55000,0.43301,9.9999,0.01349,1,0.51323
32.4800,0.54115,0.44318,0.39917,0.55000,0.43301,9.9999,0.01350,1,0.51324
32.5000,0.54115,0.44319,0.39917,0.55000,0.43301,9.9999,0.01351,1,0.51325
32.5200,0.54114,0.44320,0.39917,0.55000,0.43301,9.9999,0.01353,1,0.51326
32.5400,0.54114,0.44321,0.39916,0.55000,0.43301,9.9999,0.01354,1,0.51327
32.5600,0.54113,0.44322,0.39916,0.55000,0.43301,9.9999,0.01355,1,0.51328
32.5800,0.54113,0.44323,0.39916,0.55000,0.43301,9.9999,0.01356,1,0.51329
32.6000,0.54112,0.44324,0.39916,0.55000,0.43301,9.9999,0.01357,1,0.51330
32.6200,0.54112,0.44324,0.39916,0.55000,0.43301,9.9999,0.01358,1,0.51331
32.6400,0.54111,0.44325,0.39916,0.55000,0.43301,9.9999,0.01359,1,0.51332
32.6600,0.54111,0.44326,0.39916,0.55000,0.43301,9.9999,0.01360,1,0.51333
32.6800,0.54110,0.44327,0.39916,0.55000,0.43301,9.9999,0.01361,1,0.51334
32.7000,0.54110,0.44328,0.39916,0.55000,0.43301,9.9999,0.01362,1,0.51335
32.7200,0.54109,0.44329,0.39915,0.55000,0.43301,9.9999,0.01363,1,0.51336
32.7400,0.54109,0.44330,0.39915,0.55000,0.43301,9.9999,0.01364,1,0.51337
32.7600,0.54108,0.44331,0.39915,0.55000,0.43301,9.9999,0.01365,1,0.51338
32.7800,0.54107,0.44332,0.39915,0.55000,0.43301,9.9999,0.01366,1,0.51339
32.8000,0.54107,0.44332,0.39915,0.55000,0.43301,9.9999,0.01367,1,0.51340
32.8200,0.54106,0.44333,0.39915,0.55000,0.43301,9.9999,0.01368,1,0.51341
32.8400,0.54106,0.44334,0.39915,0.55000,0.43301,9.9999,0.01369,1,0.51342
32.8600,0.54105,0.44335,0.39915,0.55000,0.43301,9.9999,0.01370,1,0.51343
32.8800,0.54105,0.44336,0.39914,0.55000,0.43301,9.9999,0.01371,1,0.51344
32.9000,0.54104,0.44337,0.39914,0.55000,0.43301,9.9999,0.01372,1,0.51345
32.9200,0.54104,0.44338,0.39914,0.55000,0.43301,9.9999,0.01373,1,0.51346
32.9400,0.54103,0.44339,0.39914,0.55000,0.43301,9.9999,0.01374,1,0.51347
32.9600,0.54103,0.44339,0.39914,0.55000,0.43301,9.9999,0.01375,1,0.51348
32.9800,0.54102,0.44340,0.39914,0.55000,0.43301,9.9999,0.01376,1,0.51349
33.0000,0.54102,0.44341,0.39914,0.55000,0.43301,9.9999,0.01377,1,0.51350
33.0200,0.54101,0.44342,0.39914,0.55000,0.43301,9.9999,0.01378,1,0.51351
33.0400,0.54101,0.44343,0.39914,0.55000,0.43301,9.9999,0.01379,1,0.51352
33.0600,0.54100,0.44344,0.39913,0.55000,0.43301,9.9999,0.01380,1,0.51354
33.0800,0.54100,0.44345,0.39913,0.55000,0.43301,9.9999,0.01381,1,0.51355
33.1000,0.54099,0.44346,0.39913,0.55000,0.43301,9.9999,0.01382,1,0.51356
33.1200,0.54099,0.44346,0.39913,0.55000,0.43301,9.9999,0.01383,1,0.51357
33.1400,0.54098,0.44347,0.39913,0.55000,0.43301,9.9999,0.01384,1,0.51358
33.1600,0.54098,0.44348,0.39913,0.55000,0.43301,9.9999,0.01385,1,0.51359
33.1800,0.54097,0.44349,0.39913,0.55000,0.43301,9.9999,0.01386,1,0.51360
33.2000,0.54097,0.44350,0.39913,0.55000,0.43301,9.9999,0.01387,1,0.51361
33.2200,0.54096,0.44351,0.39912,0.55000,0.43301,9.9999,0.01388,1,0.51362
33.2400,0.54096,0.44352,0.39912,0.55000,0.43301,9.9999,0.01389,1,0.51363
33.2600,0.54095,0.44353,0.39912,0.55000,0.43301,9.9999,0.01390,1,0.51364
33.2800,0.54094,0.44353,0.39912,0.55000,0.43301,9.9999,0.01391,1,0.51365
33.3000,0.54094,0.44354,0.39912,0.55000,0.43301,9.9999,0.01392,1,0.51366
33.3200,0.54093,0.44355,0.39912,0.55000,0.43301,9.9999,0.01393,1,0.51367
33.3400,0.54093,0.44356,0.39912,0.55000,0.43301,9.9999,0.01394,1,0.51368
33.3600,0.54092,0.44357,0.39912,0.55000,0.43301,9.9999,0.01395,1,0.51369
33.3800,0.54092,0.44358,0.39912,0.55000,0.43301,9.9999,0.01396,1,0.51370
33.4000,0.54091,0.44359,0.39911,0.55000,0.43301,9.9999,0.01397,1,0.51371
33.4200,0.54091,0.44359,0.39911,0.55000,0.43301,9.9999,0.01398,1,0.51372
33.4400,0.54090,0.44360,0.39911,0.55000,0.43301,9.9999,0.01399,1,0.51373
33.4600,0.54090,0.44361,0.39911,0.55000,0.43301,9.9999,0.01400,1,0.51374
33.4800,0.54089,0.44362,0.39911,0.55000,0.43301,9.9999,0.01401,1,0.51375
33.5000,0.54089,0.44363,0.39911,0.55000,0.43301,9.9999,0.01402,1,0.51376
33.5200,0.54088,0.44364,0.39911,0.55000,0.43301,9.9999,0.01403,1,0.51377
33.5400,0.54088,0.44365,0.39911,0.55000,0.43301,9.9999,0.01404,1,0.51378
33.5600,0.54087,0.44366,0.39910,0.55000,0.43301,9.9999,0.01405,1,0.51379
33.5800,0.54087,0.44366,0.39910,0.55000,0.43301,9.9999,0.01406,1,0.51380
33.6000,0.54086,0.44367,0.39910,0.55000,0.43301,9.9999,0.01407,1,0.51381
33.6200,0.54086,0.44368,0.39910,0.55000,0.43301,9.9999,0.01408,1,0.51382
33.6400,0.54085,0.44369,0.39910,0.55000,0.43301,9.9999,0.01409,1,0.51383
33.6600,0.54085,0.44370,0.39910,0.55000,0.43301,9.9999,0.01410,1,0.51384
33.6800,0.54084,0.44371,0.39910,0.55000,0.43301,9.9999,0.01411,1,0.51385
33.7000,0.54084,0.44372,0.39910,0.55000,0.43301,9.9999,0.01412,1,0.51386
33.7200,0.54083,0.44372,0.39909,0.55000,0.43301,9.9999,0.01413,1,0.51387
33.7400,0.54083,0.44373,0.39909,0.55000,0.43301,9.9999,0.01414,1,0.51388
33.7600,0.54082,0.44374,0.39909,0.55000,0.43301,9.9999,0.01415,1,0.51389
33.7800,0.54082,0.44375,0.39909,0.55000,0.43301,9.9999,0.01416,1,0.51390
33.8000,0.54081,0.44376,0.39909,0.55000,0.43301,9.9999,0.01417,1,0.51391
33.8200,0.54081,0.44377,0.39909,0.55000,0.43301,9.9999,0.01418,1,0.51392
33.8400,0.54080,0.44378,0.39909,0.55000,0.43301,9.9999,0.01419,1,0.51393
33.8600,0.54080,0.44378,0.39909,0.55000,0.43301,9.9999,0.01420,1,0.51394
33.8800,0.54079,0.44379,0.39909,0.55000,0.43301,9.9999,0.01421,1,0.51395
33.9000,0.54079,0.44380,0.39908,0.55000,0.43301,9.9999,0.01422,1,0.51396
33.9200,0.54078,0.44381,0.39908,0.55000,0.43301,9.9999,0.01423,1,0.51397
33.9400,0.54078,0.44382,0.39908,0.55000,0.43301,10.0000,0.01424,1,0.51398
33.9600,0.54077,0.44383,0.39908,0.55000,0.43301,10.0000,0.01425,1,0.51399
33.9800,0.54077,0.44384,0.39908,0.55000,0.43301,10.0000,0.01426,1,0.51400
34.0000,0.54076,0.44384,0.39908,0.55000,0.43301,10.0000,0.01427,1,0.51401
34.0200,0.54076,0.44385,0.39908,0.55000,0.43301,10.0000,0.01428,1,0.51402
34.0400,0.54075,0.44386,0.39908,0.55000,0.43301,10.0000,0.01429,1,0.51403
34.0600,0.54075,0.44387,0.39907,0.55000,0.43301,10.0000,0.01429,1,0.51404
34.0800,0.54074,0.44388,0.39907,0.55000,0.43301,10.0000,0.01430,1,0.51405
34.1000,0.54074,0.44389,0.39907,0.55000,0.43301,10.0000,0.01431,1,0.51406
34.1200,0.54073,0.44389,0.39907,0.55000,0.43301,10.0000,0.01432,1,0.51407
34.1400,0.54073,0.44390,0.39907,0.55000,0.43301,10.0000,0.01433,1,0.51408
34.1600,0.54072,0.44391,0.39907,0.55000,0.43301,10.0000,0.01434,1,0.51409
34.1800,0.54072,0.44392,0.39907,0.55000,0.43301,10.0000,0.01435,1,0.51410
34.2000,0.54071,0.44393,0.39907,0.55000,0.43301,10.0000,0.01436,1,0.51411
34.2200,0.54071,0.44394,0.39907,0.55000,0.43301,10.0000,0.01437,1,0.51411
34.2400,0.54070,0.44395,0.39906,0.55000,0.43301,10.0000,0.01438,1,0.51412
34.2600,0.54070,0.44395,0.39906,0.55000,0.43301,10.0000,0.01439,1,0.51413
34.2800,0.54069,0.44396,0.39906,0.55000,0.43301,10.0000,0.01440,1,0.51414
34.3000,0.54069,0.44397,0.39906,0.55000,0.43301,10.0000,0.01441,1,0.51415
34.3200,0.54068,0.44398,0.39906,0.55000,0.43301,10.0000,0.01442,1,0.51416
34.3400,0.54068,0.44399,0.39906,0.55000,0.43301,10.0000,0.01443,1,0.51417
34.3600,0.54067,0.44400,0.39906,0.55000,0.43301,10.0000,0.01444,1,0.51418
34.3800,0.54067,0.44400,0.39906,0.55000,0.43301,10.0000,0.01445,1,0.51419
34.4000,0.54066,0.44401,0.39905,0.55000,0.43301,10.0000,0.01446,1,0.51420
34.4200,0.54066,0.44402,0.39905,0.55000,0.43301,10.0000,0.01447,1,0.51421
34.4400,0.54065,0.44403,0.39905,0.55000,0.43301,10.0000,0.01448,1,0.51422
34.4600,0.54065,0.44404,0.39905,0.55000,0.43301,10.0000,0.01449,1,0.51423
34.4800,0.54064,0.44405,0.39905,0.55000,0.43301,10.0000,0.01450,1,0.51424
34.5000,0.54064,0.44405,0.39905,0.55000,0.43301,10.0000,0.01451,1,0.51425
34.5200,0.54063,0.44406,0.39905,0.55000,0.43301,10.0000,0.01452,1,0.51426
34.5400,0.54063,0.44407,0.39905,0.55000,0.43301,10.0000,0.01453,1,0.51427
34.5600,0.54062,0.44408,0.39905,0.55000,0.43301,10.0000,0.01454,1,0.51428
34.5800,0.54062,0.44409,0.39904,0.55000,0.43301,10.0000,0.01455,1,0.51429
34.6000,0.54061,0.44410,0.39904,0.55000,0.43301,10.0000,0.01456,1,0.51430
34.6200,0.54061,0.44411,0.39904,0.55000,0.43301,10.0000,0.01457,1,0.51431
34.6400,0.54060,0.44411,0.39904,0.55000,0.43301,10.0000,0.01458,1,0.51432
34.6600,0.54060,0.44412,0.39904,0.55000,0.43301,10.0000,0.01459,1,0.51433
34.6800,0.54059,0.44413,0.39904,0.55000,0.43301,10.0000,0.01460,1,0.51434
34.7000,0.54059,0.44414,0.39904,0.55000,0.43301,10.0000,0.01460,1,0.51435
34.7200,0.54058,0.44415,0.39904,0.55000,0.43301,10.0000,0.01461,1,0.51436
34.7400,0.54058,0.44416,0.39903,0.55000,0.43301,10.0000,0.01462,1,0.51437
34.7600,0.54057,0.44416,0.39903,0.55000,0.43301,10.0000,0.01463,1,0.51438
34.7800,0.54057,0.44417,0.39903,0.55000,0.43301,10.0000,0.01464,1,0.51439
34.8000,0.54056,0.44418,0.39903,0.55000,0.43301,10.0000,0.01465,1,0.51440
34.8200,0.54056,0.44419,0.39903,0.55000,0.43301,10.0000,0.01466,1,0.51441
34.8400,0.54055,0.44420,0.39903,0.55000,0.43301,10.0000,0.01467,1,0.51442
34.8600,0.54055,0.44421,0.39903,0.55000,0.43301,10.0000,0.01468,1,0.51443
34.8800,0.54054,0.44421,0.39903,0.55000,0.43301,10.0000,0.01469,1,0.51444
34.9000,0.54054,0.44422,0.39902,0.55000,0.43301,10.0000,0.01470,1,0.51445
34.9200,0.54053,0.44423,0.39902,0.55000,0.43301,10.0000,0.01471,1,0.51445
34.9400,0.54053,0.44424,0.39902,0.55000,0.43301,10.0000,0.01472,1,0.51446
34.9600,0.54052,0.44425,0.39902,0.55000,0.43301,10.0000,0.01473,1,0.51447
34.9800,0.54052,0.44425,0.39902,0.55000,0.43301,10.0000,0.01474,1,0.51448
35.0000,0.54051,0.44426,0.39902,0.55000,0.43301,10.0000,0.01475,1,0.51449
35.0200,0.54051,0.44427,0.39902,0.55000,0.43301,10.0000,0.01476,1,0.51450
35.0400,0.54050,0.44428,0.39902,0.55000,0.43301,10.0000,0.01477,1,0.51451
35.0600,0.54050,0.44429,0.39902,0.55000,0.43301,10.0000,0.01478,1,0.51452
35.0800,0.54049,0.44430,0.39901,0.55000,0.43301,10.0000,0.01479,1,0.51453
35.1000,0.54049,0.44430,0.39901,0.55000,0.43301,10.0000,0.01480,1,0.51454
35.1200,0.54049,0.44431,0.39901,0.55000,0.43301,10.0000,0.01481,1,0.51455
35.1400,0.54048,0.44432,0.39901,0.55000,0.43301,10.0000,0.01481,1,0.51456
35.1600,0.54048,0.44433,0.39901,0.55000,0.43301,10.0000,0.01482,1,0.51457
35.1800,0.54047,0.44434,0.39901,0.55000,0.43301,10.0000,0.01483,1,0.51458
35.2000,0.54047,0.44435,0.39901,0.55000,0.43301,10.0000,0.01484,1,0.51459
35.2200,0.54046,0.44435,0.39901,0.55000,0.43301,10.0000,0.01485,1,0.51460
35.2400,0.54046,0.44436,0.39900,0.55000,0.43301,10.0000,0.01486,1,0.51461
35.2600,0.54045,0.44437,0.39900,0.55000,0.43301,10.0000,0.01487,1,0.51462
35.2800,0.54045,0.44438,0.39900,0.55000,0.43301,10.0000,0.01488,1,0.51463
35.3000,0.54044,0.44439,0.39900,0.55000,0.43301,10.0000,0.01489,1,0.51464
35.3200,0.54044,0.44439,0.39900,0.55000,0.43301,10.0000,0.01490,1,0.51465
35.3400,0.54043,0.44440,0.39900,0.55000,0.43301,10.0000,0.01491,1,0.51466
35.3600,0.54043,0.44441,0.39900,0.55000,0.43301,10.0000,0.01492,1,0.51466
35.3800,0.54042,0.44442,0.39900,0.55000,0.43301,10.0000,0.01493,1,0.51467
35.4000,0.54042,0.44443,0.39900,0.55000,0.43301,10.0000,0.01494,1,0.51468
35.4200,0.54041,0.44444,0.39899,0.55000,0.43301,10.0000,0.01495,1,0.51469
35.4400,0.54041,0.44444,0.39899,0.55000,0.43301,10.0000,0.01496,1,0.51470
35.4600,0.54040,0.44445,0.39899,0.55000,0.43301,10.0000,0.01497,1,0.51471
35.4800,0.54040,0.44446,0.39899,0.55000,0.43301,10.0000,0.01497,1,0.51472
35.5000,0.54039,0.44447,0.39899,0.55000,0.43301,10.0000,0.01498,1,0.51473
35.5200,0.54039,0.44448,0.39899,0.55000,0.43301,10.0000,0.01499,1,0.51474
35.5400,0.54038,0.44448,0.39899,0.55000,0.43301,10.0000,0.01500,1,0.51475
35.5600,0.54038,0.44449,0.39899,0.55000,0.43301,10.0000,0.01501,1,0.51476
35.5800,0.54037,0.44450,0.39898,0.55000,0.43301,10.0000,0.01502,1,0.51477
35.6000,0.54037,0.44451,0.39898,0.55000,0.43301,10.0000,0.01503,1,0.51478
35.6200,0.54037,0.44452,0.39898,0.55000,0.43301,10.0000,0.01504,1,0.51479
35.6400,0.54036,0.44452,0.39898,0.55000,0.43301,10.0000,0.01505,1,0.51480
35.6600,0.54036,0.44453,0.39898,0.55000,0.43301,10.0000,0.01506,1,0.51481
35.6800,0.54035,0.44454,0.39898,0.55000,0.43301,10.0000,0.01507,1,0.51482
35.7000,0.54035,0.44455,0.39898,0.55000,0.43301,10.0000,0.01508,1,0.51483
35.7200,0.54034,0.44456,0.39898,0.55000,0.43301,10.0000,0.01509,1,0.51483
35.7400,0.54034,0.44457,0.39898,0.55000,0.43301,10.0000,0.01510,1,0.51484
35.7600,0.54033,0.44457,0.39897,0.55000,0.43301,10.0000,0.01511,1,0.51485
35.7800,0.54033,0.44458,0.39897,0.55000,0.43301,10.0000,0.01511,1,0.51486
35.8000,0.54032,0.44459,0.39897,0.55000,0.43301,10.0000,0.01512,1,0.51487
35.8200,0.54032,0.44460,0.39897,0.55000,0.43301,10.0000,0.01513,1,0.51488
35.8400,0.54031,0.44461,0.39897,0.55000,0.43301,10.0000,0.01514,1,0.51489
35.8600,0.54031,0.44461,0.39897,0.55000,0.43301,10.0000,0.01515,1,0.51490
35.8800,0.54030,0.44462,0.39897,0.55000,0.43301,10.0000,0.01516,1,0.51491
35.9000,0.54030,0.44463,0.39897,0.55000,0.43301,10.0000,0.01517,1,0.51492
35.9200,0.54029,0.44464,0.39896,0.55000,0.43301,10.0000,0.01518,1,0.51493
35.9400,0.54029,0.44465,0.39896,0.55000,0.43301,10.0000,0.01519,1,0.51494
35.9600,0.54029,0.44465,0.39896,0.55000,0.43301,10.0000,0.01520,1,0.51495
35.9800,0.54028,0.44466,0.39896,0.55000,0.43301,10.0000,0.01521,1,0.51496
36.0000,0.54028,0.44467,0.39896,0.55000,0.43301,10.0000,0.01522,1,0.51497
36.0200,0.54027,0.44468,0.39896,0.55000,0.43301,10.0000,0.01523,1,0.51497
36.0400,0.54027,0.44469,0.39896,0.55000,0.43301,10.0000,0.01523,1,0.51498
36.0600,0.54026,0.44469,0.39896,0.55000,0.43301,10.0000,0.01524,1,0.51499
36.0800,0.54026,0.44470,0.39895,0.55000,0.43301,10.0000,0.01525,1,0.51500
36.1000,0.54025,0.44471,0.39895,0.55000,0.43301,10.0000,0.01526,1,0.51501
36.1200,0.54025,0.44472,0.39895,0.55000,0.43301,10.0000,0.01527,1,0.51502
36.1400,0.54024,0.44473,0.39895,0.55000,0.43301,10.0000,0.01528,1,0.51503
36.1600,0.54024,0.44473,0.39895,0.55000,0.43301,10.0000,0.01529,1,0.51504
36.1800,0.54023,0.44474,0.39895,0.55000,0.43301,10.0000,0.01530,1,0.51505
36.2000,0.54023,0.44475,0.39895,0.55000,0.43301,10.0000,0.01531,1,0.51506
36.2200,0.54022,0.44476,0.39895,0.55000,0.43301,10.0000,0.01532,1,0.51507
36.2400,0.54022,0.44477,0.39895,0.55000,0.43301,10.0000,0.01533,1,0.51508
36.2600,0.54021,0.44477,0.39894,0.55000,0.43301,10.0000,0.01534,1,0.51509
36.2800,0.54021,0.44478,0.39894,0.55000,0.43301,10.0000,0.01534,1,0.51509
36.3000,0.54021,0.44479,0.39894,0.55000,0.43301,10.0000,0.01535,1,0.51510
36.3200,0.54020,0.44480,0.39894,0.55000,0.43301,10.0000,0.01536,1,0.51511
36.3400,0.54020,0.44481,0.39894,0.55000,0.43301,10.0000,0.01537,1,0.51512
36.3600,0.54019,0.44481,0.39894,0.55000,0.43301,10.0000,0.01538,1,0.51513
36.3800,0.54019,0.44482,0.39894,0.55000,0.43301,10.0000,0.01539,1,0.51514
36.4000,0.54018,0.44483,0.39894,0.55000,0.43301,10.0000,0.01540,1,0.51515
36.4200,0.54018,0.44484,0.39893,0.55000,0.43301,10.0000,0.01541,1,0.51516
36.4400,0.54017,0.44484,0.39893,0.55000,0.43301,10.0000,0.01542,1,0.51517
36.4600,0.54017,0.44485,0.39893,0.55000,0.43301,10.0000,0.01543,1,0.51518
36.4800,0.54016,0.44486,0.39893,0.55000,0.43301,10.0000,0.01544,1,0.51519
36.5000,0.54016,0.44487,0.39893,0.55000,0.43301,10.0000,0.01544,1,0.51520
36.5200,0.54015,0.44488,0.39893,0.55000,0.43301,10.0000,0.01545,1,0.51520
36.5400,0.54015,0.44488,0.39893,0.55000,0.43301,10.0000,0.01546,1,0.51521
36.5600,0.54015,0.44489,0.39893,0.55000,0.43301,10.0000,0.01547,1,0.51522
36.5800,0.54014,0.44490,0.39893,0.55000,0.43301,10.0000,0.01548,1,0.51523
36.6000,0.54014,0.44491,0.39892,0.55000,0.43301,10.0000,0.01549,1,0.51524
36.6200,0.54013,0.44492,0.39892,0.55000,0.43301,10.0000,0.01550,1,0.51525
36.6400,0.54013,0.44492,0.39892,0.55000,0.43301,10.0000,0.01551,1,0.51526
36.6600,0.54012,0.44493,0.39892,0.55000,0.43301,10.0000,0.01552,1,0.51527
36.6800,0.54012,0.44494,0.39892,0.55000,0.43301,10.0000,0.01553,1,0.51528
36.7000,0.54011,0.44495,0.39892,0.55000,0.43301,10.0000,0.01554,1,0.51529
36.7200,0.54011,0.44495,0.39892,0.55000,0.43301,10.0000,0.01554,1,0.51530
36.7400,0.54010,0.44496,0.39892,0.55000,0.43301,10.0000,0.01555,1,0.51530
36.7600,0.54010,0.44497,0.39891,0.55000,0.43301,10.0000,0.01556,1,0.51531
36.7800,0.54010,0.44498,0.39891,0.55000,0.43301,10.0000,0.01557,1,0.51532
36.8000,0.54009,0.44499,0.39891,0.55000,0.43301,10.0000,0.01558,1,0.51533
36.8200,0.54009,0.44499,0.39891,0.55000,0.43301,10.0000,0.01559,1,0.51534
36.8400,0.54008,0.44500,0.39891,0.55000,0.43301,10.0000,0.01560,1,0.51535
36.8600,0.54008,0.44501,0.39891,0.55000,0.43301,10.0000,0.01561,1,0.51536
36.8800,0.54007,0.44502,0.39891,0.55000,0.43301,10.0000,0.01562,1,0.51537
36.9000,0.54007,0.44502,0.39891,0.55000,0.43301,10.0000,0.01562,1,0.51538
36.9200,0.54006,0.44503,0.39890,0.55000,0.43301,10.0000,0.01563,1,0.51539
36.9400,0.54006,0.44504,0.39890,0.55000,0.43301,10.0000,0.01564,1,0.51539
36.9600,0.54005,0.44505,0.39890,0.55000,0.43301,10.0000,0.01565,1,0.51540
36.9800,0.54005,0.44506,0.39890,0.55000,0.43301,10.0000,0.01566,1,0.51541
37.0000,0.54005,0.44506,0.39890,0.55000,0.43301,10.0000,0.01567,1,0.51542
37.0200,0.54004,0.44507,0.39890,0.55000,0.43301,10.0000,0.01568,1,0.51543
37.0400,0.54004,0.44508,0.39890,0.55000,0.43301,10.0000,0.01569,1,0.51544
37.0600,0.54003,0.44509,0.39890,0.55000,0.43301,10.0000,0.01570,1,0.51545
37.0800,0.54003,0.44509,0.39890,0.55000,0.43301,10.0000,0.01571,1,0.51546
37.1000,0.54002,0.44510,0.39889,0.55000,0.43301,10.0000,0.01571,1,0.51547
37.1200,0.54002,0.44511,0.39889,0.55000,0.43301,10.0000,0.01572,1,0.51548
37.1400,0.54001,0.44512,0.39889,0.55000,0.43301,10.0000,0.01573,1,0.51548
37.1600,0.54001,0.44513,0.39889,0.55000,0.43301,10.0000,0.01574,1,0.51549
37.1800,0.54000,0.44513,0.39889,0.55000,0.43301,10.0000,0.01575,1,0.51550
37.2000,0.54000,0.44514,0.39889,0.55000,0.43301,10.0000,0.01576,1,0.51551
37.2200,0.54000,0.44515,0.39889,0.55000,0.43301,10.0000,0.01577,1,0.51552
37.2400,0.53999,0.44516,0.39889,0.55000,0.43301,10.0000,0.01578,1,0.51553
37.2600,0.53999,0.44516,0.39888,0.55000,0.43301,10.0000,0.01578,1,0.51554
37.2800,0.53998,0.44517,0.39888,0.55000,0.43301,10.0000,0.01579,1,0.51555
37.3000,0.53998,0.44518,0.39888,0.55000,0.43301,10.0000,0.01580,1,0.51556
37.3200,0.53997,0.44519,0.39888,0.55000,0.43301,10.0000,0.01581,1,0.51556
37.3400,0.53997,0.44519,0.39888,0.55000,0.43301,10.0000,0.01582,1,0.51557
37.3600,0.53996,0.44520,0.39888,0.55000,0.43301,10.0000,0.01583,1,0.51558
37.3800,0.53996,0.44521,0.39888,0.55000,0.43301,10.0000,0.01584,1,0.51559
37.4000,0.53996,0.44522,0.39888,0.55000,0.43301,10.0000,0.01585,1,0.51560
37.4200,0.53995,0.44523,0.39888,0.55000,0.43301,10.0000,0.01586,1,0.51561
37.4400,0.53995,0.44523,0.39887,0.55000,0.43301,10.0000,0.01586,1,0.51562
37.4600,0.53994,0.44524,0.39887,0.55000,0.43301,10.0000,0.01587,1,0.51563
37.4800,0.53994,0.44525,0.39887,0.55000,0.43301,10.0000,0.01588,1,0.51564
37.5000,0.53993,0.44526,0.39887,0.55000,0.43301,10.0000,0.01589,1,0.51564
37.5200,0.53993,0.44526,0.39887,0.55000,0.43301,10.0000,0.01590,1,0.51565
37.5400,0.53992,0.44527,0.39887,0.55000,0.43301,10.0000,0.01591,1,0.51566
37.5600,0.53992,0.44528,0.39887,0.55000,0.43301,10.0000,0.01592,1,0.51567
37.5800,0.53992,0.44529,0.39887,0.55000,0.43301,10.0000,0.01593,1,0.51568
37.6000,0.53991,0.44529,0.39886,0.55000,0.43301,10.0000,0.01593,1,0.51569
37.6200,0.53991,0.44530,0.39886,0.55000,0.43301,10.0000,0.01594,1,0.51570
37.6400,0.53990,0.44531,0.39886,0.55000,0.43301,10.0001,0.01595,1,0.51571
37.6600,0.53990,0.44532,0.39886,0.55000,0.43301,10.0001,0.01596,1,0.51571
37.6800,0.53989,0.44532,0.39886,0.55000,0.43301,10.0001,0.01597,1,0.51572
37.7000,0.53989,0.44533,0.39886,0.55000,0.43301,10.0001,0.01598,1,0.51573
37.7200,0.53988,0.44534,0.39886,0.55000,0.43301,10.0001,0.01599,1,0.51574
37.7400,0.53988,0.44535,0.39886,0.55000,0.43301,10.0001,0.01600,1,0.51575
37.7600,0.53988,0.44535,0.39885,0.55000,0.43301,10.0001,0.01600,1,0.51576
37.7800,0.53987,0.44536,0.39885,0.55000,0.43301,10.0001,0.01601,1,0.51577
37.8000,0.53987,0.44537,0.39885,0.55000,0.43301,10.0001,0.01602,1,0.51578
37.8200,0.53986,0.44538,0.39885,0.55000,0.43301,10.0001,0.01603,1,0.51578
37.8400,0.53986,0.44538,0.39885,0.55000,0.43301,10.0001,0.01604,1,0.51579
37.8600,0.53985,0.44539,0.39885,0.55000,0.43301,10.0001,0.01605,1,0.51580
37.8800,0.53985,0.44540,0.39885,0.55000,0.43301,10.0001,0.01606,1,0.51581
37.9000,0.53985,0.44541,0.39885,0.55000,0.43301,10.0001,0.01606,1,0.51582
37.9200,0.53984,0.44542,0.39885,0.55000,0.43301,10.0001,0.01607,1,0.51583
37.9400,0.53984,0.44542,0.39884,0.55000,0.43301,10.0001,0.01608,1,0.51584
37.9600,0.53983,0.44543,0.39884,0.55000,0.43301,10.0001,0.01609,1,0.51585
37.9800,0.53983,0.44544,0.39884,0.55000,0.43301,10.0001,0.01610,1,0.51585
38.0000,0.53982,0.44545,0.39884,0.55000,0.43301,10.0001,0.01611,1,0.51586
38.0200,0.53982,0.44545,0.39884,0.55000,0.43301,10.0001,0.01612,1,0.51587
38.0400,0.53982,0.44546,0.39884,0.55000,0.43301,10.0001,0.01613,1,0.51588
38.0600,0.53981,0.44547,0.39884,0.55000,0.43301,10.0001,0.01613,1,0.51589
38.0800,0.53981,0.44548,0.39884,0.55000,0.43301,10.0001,0.01614,1,0.51590
38.1000,0.53980,0.44548,0.39883,0.55000,0.43301,10.0001,0.01615,1,0.51591
38.1200,0.53980,0.44549,0.39883,0.55000,0.43301,10.0001,0.01616,1,0.51591
38.1400,0.53979,0.44550,0.39883,0.55000,0.43301,10.0001,0.01617,1,0.51592
38.1600,0.53979,0.44550,0.39883,0.55000,0.43301,10.0001,0.01618,1,0.51593
38.1800,0.53978,0.44551,0.39883,0.55000,0.43301,10.0001,0.01619,1,0.51594
38.2000,0.53978,0.44552,0.39883,0.55000,0.43301,10.0001,0.01619,1,0.51595
38.2200,0.53978,0.44553,0.39883,0.55000,0.43301,10.0001,0.01620,1,0.51596
38.2400,0.53977,0.44553,0.39883,0.55000,0.43301,10.0001,0.01621,1,0.51597
38.2600,0.53977,0.44554,0.39883,0.55000,0.43301,10.0001,0.01622,1,0.51597
38.2800,0.53976,0.44555,0.39882,0.55000,0.43301,10.0001,0.01623,1,0.51598
38.3000,0.53976,0.44556,0.39882,0.55000,0.43301,10.0001,0.01624,1,0.51599
38.3200,0.53975,0.44556,0.39882,0.55000,0.43301,10.0001,0.01625,1,0.51600
38.3400,0.53975,0.44557,0.39882,0.55000,0.43301,10.0001,0.01625,1,0.51601
38.3600,0.53975,0.44558,0.39882,0.55000,0.43301,10.0001,0.01626,1,0.51602
38.3800,0.53974,0.44559,0.39882,0.55000,0.43301,10.0001,0.01627,1,0.51603
38.4000,0.53974,0.44559,0.39882,0.55000,0.43301,10.0001,0.01628,1,0.51603
38.4200,0.53973,0.44560,0.39882,0.55000,0.43301,10.0001,0.01629,1,0.51604
38.4400,0.53973,0.44561,0.39881,0.55000,0.43301,10.0001,0.01630,1,0.51605
38.4600,0.53972,0.44562,0.39881,0.55000,0.43301,10.0001,0.01630,1,0.51606
38.4800,0.53972,0.44562,0.39881,0.55000,0.43301,10.0001,0.01631,1,0.51607
38.5000,0.53972,0.44563,0.39881,0.55000,0.43301,10.0001,0.01632,1,0.51608
38.5200,0.53971,0.44564,0.39881,0.55000,0.43301,10.0001,0.01633,1,0.51609
38.5400,0.53971,0.44565,0.39881,0.55000,0.43301,10.0001,0.01634,1,0.51609
38.5600,0.53970,0.44565,0.39881,0.55000,0.43301,10.0001,0.01635,1,0.51610
38.5800,0.53970,0.44566,0.39881,0.55000,0.43301,10.0001,0.01636,1,0.51611
38.6000,0.53969,0.44567,0.39881,0.55000,0.43301,10.0001,0.01636,1,0.51612
38.6200,0.53969,0.44568,0.39880,0.55000,0.43301,10.0001,0.01637,1,0.51613
38.6400,0.53969,0.44568,0.39880,0.55000,0.43301,10.0001,0.01638,1,0.51614
38.6600,0.53968,0.44569,0.39880,0.55000,0.43301,10.0001,0.01639,1,0.51615
38.6800,0.53968,0.44570,0.39880,0.55000,0.43301,10.0001,0.01640,1,0.51615
38.7000,0.53967,0.44570,0.39880,0.55000,0.43301,10.0001,0.01641,1,0.51616
38.7200,0.53967,0.44571,0.39880,0.55000,0.43301,10.0001,0.01641,1,0.51617
38.7400,0.53967,0.44572,0.39880,0.55000,0.43301,10.0001,0.01642,1,0.51618
38.7600,0.53966,0.44573,0.39880,0.55000,0.43301,10.0001,0.01643,1,0.51619
38.7800,0.53966,0.44573,0.39879,0.55000,0.43301,10.0001,0.01644,1,0.51620
38.8000,0.53965,0.44574,0.39879,0.55000,0.43301,10.0001,0.01645,1,0.51620
38.8200,0.53965,0.44575,0.39879,0.55000,0.43301,10.0001,0.01646,1,0.51621
38.8400,0.53964,0.44576,0.39879,0.55000,0.43301,10.0001,0.01646,1,0.51622
38.8600,0.53964,0.44576,0.39879,0.55000,0.43301,10.0001,0.01647,1,0.51623
38.8800,0.53964,0.44577,0.39879,0.55000,0.43301,10.0001,0.01648,1,0.51624
38.9000,0.53963,0.44578,0.39879,0.55000,0.43301,10.0001,0.01649,1,0.51625
38.9200,0.53963,0.44578,0.39879,0.55000,0.43301,10.0001,0.01650,1,0.51626
38.9400,0.53962,0.44579,0.39879,0.55000,0.43301,10.0001,0.01651,1,0.51626
38.9600,0.53962,0.44580,0.39878,0.55000,0.43301,10.0001,0.01651,1,0.51627
38.9800,0.53961,0.44581,0.39878,0.55000,0.43301,10.0001,0.01652,1,0.51628
39.0000,0.53961,0.44581,0.39878,0.55000,0.43301,10.0001,0.01653,1,0.51629
39.0200,0.53961,0.44582,0.39878,0.55000,0.43301,10.0001,0.01654,1,0.51630
39.0400,0.53960,0.44583,0.39878,0.55000,0.43301,10.0001,0.01655,1,0.51631
39.0600,0.53960,0.44584,0.39878,0.55000,0.43301,10.0001,0.01656,1,0.51631
39.0800,0.53959,0.44584,0.39878,0.55000,0.43301,10.0001,0.01656,1,0.51632
39.1000,0.53959,0.44585,0.39878,0.55000,0.43301,10.0001,0.01657,1,0.51633
39.1200,0.53959,0.44586,0.39877,0.55000,0.43301,10.0001,0.01658,1,0.51634
39.1400,0.53958,0.44586,0.39877,0.55000,0.43301,10.0001,0.01659,1,0.51635
39.1600,0.53958,0.44587,0.39877,0.55000,0.43301,10.0001,0.01660,1,0.51636
39.1800,0.53957,0.44588,0.39877,0.55000,0.43301,10.0001,0.01661,1,0.51636
39.2000,0.53957,0.44589,0.39877,0.55000,0.43301,10.0001,0.01661,1,0.51637
39.2200,0.53956,0.44589,0.39877,0.55000,0.43301,10.0001,0.01662,1,0.51638
39.2400,0.53956,0.44590,0.39877,0.55000,0.43301,10.0001,0.01663,1,0.51639
39.2600,0.53956,0.44591,0.39877,0.55000,0.43301,10.0001,0.01664,1,0.51640
39.2800,0.53955,0.44591,0.39876,0.55000,0.43301,10.0001,0.01665,1,0.51641
39.3000,0.53955,0.44592,0.39876,0.55000,0.43301,10.0001,0.01666,1,0.51641
39.3200,0.53954,0.44593,0.39876,0.55000,0.43301,10.0001,0.01666,1,0.51642
39.3400,0.53954,0.44594,0.39876,0.55000,0.43301,10.0001,0.01667,1,0.51643
39.3600,0.53954,0.44594,0.39876,0.55000,0.43301,10.0001,0.01668,1,0.51644
39.3800,0.53953,0.44595,0.39876,0.55000,0.43301,10.0001,0.01669,1,0.51645
39.4000,0.53953,0.44596,0.39876,0.55000,0.43301,10.0001,0.01670,1,0.51645
39.4200,0.53952,0.44596,0.39876,0.55000,0.43301,10.0001,0.01671,1,0.51646
39.4400,0.53952,0.44597,0.39876,0.55000,0.43301,10.0001,0.01671,1,0.51647
39.4600,0.53951,0.44598,0.39875,0.55000,0.43301,10.0001,0.01672,1,0.51648
39.4800,0.53951,0.44599,0.39875,0.55000,0.43301,10.0001,0.01673,1,0.51649
39.5000,0.53951,0.44599,0.39875,0.55000,0.43301,10.0001,0.01674,1,0.51650
39.5200,0.53950,0.44600,0.39875,0.55000,0.43301,10.0001,0.01675,1,0.51650
39.5400,0.53950,0.44601,0.39875,0.55000,0.43301,10.0001,0.01675,1,0.51651
39.5600,0.53949,0.44601,0.39875,0.55000,0.43301,10.0001,0.01676,1,0.51652
39.5800,0.53949,0.44602,0.39875,0.55000,0.43301,10.0001,0.01677,1,0.51653
39.6000,0.53949,0.44603,0.39875,0.55000,0.43301,10.0001,0.01678,1,0.51654
39.6200,0.53948,0.44604,0.39874,0.55000,0.43301,10.0001,0.01679,1,0.51655
39.6400,0.53948,0.44604,0.39874,0.55000,0.43301,10.0001,0.01679,1,0.51655
39.6600,0.53947,0.44605,0.39874,0.55000,0.43301,10.0001,0.01680,1,0.51656
39.6800,0.53947,0.44606,0.39874,0.55000,0.43301,10.0001,0.01681,1,0.51657
39.7000,0.53947,0.44606,0.39874,0.55000,0.43301,10.0001,0.01682,1,0.51658
39.7200,0.53946,0.44607,0.39874,0.55000,0.43301,10.0001,0.01683,1,0.51659
39.7400,0.53946,0.44608,0.39874,0.55000,0.43301,10.0001,0.01684,1,0.51659
39.7600,0.53945,0.44609,0.39874,0.55000,0.43301,10.0001,0.01684,1,0.51660
39.7800,0.53945,0.44609,0.39874,0.55000,0.43301,10.0001,0.01685,1,0.51661
39.8000,0.53945,0.44610,0.39873,0.55000,0.43301,10.0001,0.01686,1,0.51662
39.8200,0.53944,0.44611,0.39873,0.55000,0.43301,10.0001,0.01687,1,0.51663
39.8400,0.53944,0.44611,0.39873,0.55000,0.43301,10.0001,0.01688,1,0.51663
39.8600,0.53943,0.44612,0.39873,0.55000,0.43301,10.0001,0.01688,1,0.51664
39.8800,0.53943,0.44613,0.39873,0.55000,0.43301,10.0001,0.01689,1,0.51665
39.9000,0.53943,0.44613,0.39873,0.55000,0.43301,10.0001,0.01690,1,0.51666
39.9200,0.53942,0.44614,0.39873,0.55000,0.43301,10.0001,0.01691,1,0.51667
39.9400,0.53942,0.44615,0.39873,0.55000,0.43301,10.0001,0.01692,1,0.51668
39.9600,0.53941,0.44616,0.39872,0.55000,0.43301,10.0001,0.01692,1,0.51668
39.9800,0.53941,0.44616,0.39872,0.55000,0.43301,10.0001,0.01693,1,0.51669
40.0000,0.53941,0.44617,0.39872,0.55000,0.43301,10.0001,0.01694,1,0.51670
40.0200,0.53940,0.44618,0.39872,0.55000,0.43301,10.0001,0.01695,1,0.51671
40.0400,0.53940,0.44618,0.39872,0.55000,0.43301,10.0001,0.01696,1,0.51672
40.0600,0.53939,0.44619,0.39872,0.55000,0.43301,10.0001,0.01696,1,0.51672
40.0800,0.53939,0.44620,0.39872,0.55000,0.43301,10.0001,0.01697,1,0.51673
40.1000,0.53939,0.44620,0.39872,0.55000,0.43301,10.0001,0.01698,1,0.51674
40.1200,0.53938,0.44621,0.39872,0.55000,0.43301,10.0001,0.01699,1,0.51675
40.1400,0.53938,0.44622,0.39871,0.55000,0.43301,10.0001,0.01700,1,0.51676
40.1600,0.53937,0.44622,0.39871,0.55000,0.43301,10.0001,0.01700,1,0.51676
40.1800,0.53937,0.44623,0.39871,0.55000,0.43301,10.0001,0.01701,1,0.51677
40.2000,0.53937,0.44624,0.39871,0.55000,0.43301,10.0001,0.01702,1,0.51678
40.2200,0.53936,0.44625,0.39871,0.55000,0.43301,10.0001,0.01703,1,0.51679
40.2400,0.53936,0.44625,0.39871,0.55000,0.43301,10.0001,0.01704,1,0.51680
40.2600,0.53935,0.44626,0.39871,0.55000,0.43301,10.0001,0.01704,1,0.51680
40.2800,0.53935,0.44627,0.39871,0.55000,0.43301,10.0001,0.01705,1,0.51681
40.3000,0.53935,0.44627,0.39870,0.55000,0.43301,10.0001,0.01706,1,0.51682
40.3200,0.53934,0.44628,0.39870,0.55000,0.43301,10.0001,0.01707,1,0.51683
40.3400,0.53934,0.44629,0.39870,0.55000,0.43301,10.0001,0.01708,1,0.51684
40.3600,0.53933,0.44629,0.39870,0.55000,0.43301,10.0001,0.01708,1,0.51684
40.3800,0.53933,0.44630,0.39870,0.55000,0.43301,10.0001,0.01709,1,0.51685
40.4000,0.53933,0.44631,0.39870,0.55000,0.43301,10.0001,0.01710,1,0.51686
40.4200,0.53932,0.44631,0.39870,0.55000,0.43301,10.0001,0.01711,1,0.51687
40.4400,0.53932,0.44632,0.39870,0.55000,0.43301,10.0001,0.01712,1,0.51688
40.4600,0.53931,0.44633,0.39870,0.55000,0.43301,10.0001,0.01712,1,0.51688
40.4800,0.53931,0.44634,0.39869,0.55000,0.43301,10.0001,0.01713,1,0.51689
40.5000,0.53931,0.44634,0.39869,0.55000,0.43301,10.0001,0.01714,1,0.51690
40.5200,0.53930,0.44635,0.39869,0.55000,0.43301,10.0001,0.01715,1,0.51691
40.5400,0.53930,0.44636,0.39869,0.55000,0.43301,10.0001,0.01715,1,0.51691
40.5600,0.53929,0.44636,0.39869,0.55000,0.43301,10.0001,0.01716,1,0.51692
40.5800,0.53929,0.44637,0.39869,0.55000,0.43301,10.0001,0.01717,1,0.51693
40.6000,0.53929,0.44638,0.39869,0.55000,0.43301,10.0001,0.01718,1,0.51694
40.6200,0.53928,0.44638,0.39869,0.55000,0.43301,10.0001,0.01719,1,0.51695
40.6400,0.53928,0.44639,0.39869,0.55000,0.43301,10.0001,0.01719,1,0.51695
40.6600,0.53927,0.44640,0.39868,0.55000,0.43301,10.0001,0.01720,1,0.51696
40.6800,0.53927,0.44640,0.39868,0.55000,0.43301,10.0001,0.01721,1,0.51697
40.7000,0.53927,0.44641,0.39868,0.55000,0.43301,10.0001,0.01722,1,0.51698
40.7200,0.53926,0.44642,0.39868,0.55000,0.43301,10.0001,0.01723,1,0.51699
40.7400,0.53926,0.44642,0.39868,0.55000,0.43301,10.0001,0.01723,1,0.51699
40.7600,0.53925,0.44643,0.39868,0.55000,0.43301,10.0001,0.01724,1,0.51700
40.7800,0.53925,0.44644,0.39868,0.55000,0.43301,10.0001,0.01725,1,0.51701
40.8000,0.53925,0.44644,0.39868,0.55000,0.43301,10.0001,0.01726,1,0.51702
40.8200,0.53924,0.44645,0.39867,0.55000,0.43301,10.0001,0.01726,1,0.51702
40.8400,0.53924,0.44646,0.39867,0.55000,0.43301,10.0001,0.01727,1,0.51703
40.8600,0.53924,0.44646,0.39867,0.55000,0.43301,10.0001,0.01728,1,0.51704
40.8800,0.53923,0.44647,0.39867,0.55000,0.43301,10.0001,0.01729,1,0.51705
40.9000,0.53923,0.44648,0.39867,0.55000,0.43301,10.0001,0.01730,1,0.51706
40.9200,0.53922,0.44649,0.39867,0.55000,0.43301,10.0001,0.01730,1,0.51706
40.9400,0.53922,0.44649,0.39867,0.55000,0.43301,10.0001,0.01731,1,0.51707
40.9600,0.53922,0.44650,0.39867,0.55000,0.43301,10.0001,0.01732,1,0.51708
40.9800,0.53921,0.44651,0.39867,0.55000,0.43301,10.0001,0.01733,1,0.51709
41.0000,0.53921,0.44651,0.39866,0.55000,0.43301,10.0001,0.01733,1,0.51709
41.0200,0.53920,0.44652,0.39866,0.55000,0.43301,10.0001,0.01734,1,0.51710
41.0400,0.53920,0.44653,0.39866,0.55000,0.43301,10.0001,0.01735,1,0.51711
41.0600,0.53920,0.44653,0.39866,0.55000,0.43301,10.0001,0.01736,1,0.51712
41.0800,0.53919,0.44654,0.39866,0.55000,0.43301,10.0001,0.01737,1,0.51713
41.1000,0.53919,0.44655,0.39866,0.55000,0.43301,10.0001,0.01737,1,0.51713
41.1200,0.53919,0.44655,0.39866,0.55000,0.43301,10.0001,0.01738,1,0.51714
41.1400,0.53918,0.44656,0.39866,0.55000,0.43301,10.0001,0.01739,1,0.51715
41.1600,0.53918,0.44657,0.39865,0.55000,0.43301,10.0001,0.01740,1,0.51716
41.1800,0.53917,0.44657,0.39865,0.55000,0.43301,10.0001,0.01740,1,0.51716
41.2000,0.53917,0.44658,0.39865,0.55000,0.43301,10.0001,0.01741,1,0.51717
41.2200,0.53917,0.44659,0.39865,0.55000,0.43301,10.0001,0.01742,1,0.51718
41.2400,0.53916,0.44659,0.39865,0.55000,0.43301,10.0001,0.01743,1,0.51719
41.2600,0.53916,0.44660,0.39865,0.55000,0.43301,10.0001,0.01743,1,0.51720
41.2800,0.53915,0.44661,0.39865,0.55000,0.43301,10.0001,0.01744,1,0.51720
41.3000,0.53915,0.44661,0.39865,0.55000,0.43301,10.0001,0.01745,1,0.51721
41.3200,0.53915,0.44662,0.39865,0.55000,0.43301,10.0001,0.01746,1,0.51722
41.3400,0.53914,0.44663,0.39864,0.55000,0.43301,10.0001,0.01747,1,0.51723
41.3600,0.53914,0.44663,0.39864,0.55000,0.43301,10.0001,0.01747,1,0.51723
41.3800,0.53914,0.44664,0.39864,0.55000,0.43301,10.0001,0.01748,1,0.51724
41.4000,0.53913,0.44665,0.39864,0.55000,0.43301,10.0001,0.01749,1,0.51725
41.4200,0.53913,0.44665,0.39864,0.55000,0.43301,10.0001,0.01750,1,0.51726
41.4400,0.53912,0.44666,0.39864,0.55000,0.43301,10.0001,0.01750,1,0.51726
41.4600,0.53912,0.44667,0.39864,0.55000,0.43301,10.0001,0.01751,1,0.51727
41.4800,0.53912,0.44667,0.39864,0.55000,0.43301,10.0001,0.01752,1,0.51728
41.5000,0.53911,0.44668,0.39863,0.55000,0.43301,10.0001,0.01753,1,0.51729
41.5200,0.53911,0.44669,0.39863,0.55000,0.43301,10.0001,0.01753,1,0.51729
41.5400,0.53911,0.44669,0.39863,0.55000,0.43301,10.0001,0.01754,1,0.51730
41.5600,0.53910,0.44670,0.39863,0.55000,0.43301,10.0001,0.01755,1,0.51731
41.5800,0.53910,0.44671,0.39863,0.55000,0.43301,10.0001,0.01756,1,0.51732
41.6000,0.53909,0.44671,0.39863,0.55000,0.43301,10.0001,0.01756,1,0.51733
41.6200,0.53909,0.44672,0.39863,0.55000,0.43301,10.0001,0.01757,1,0.51733
41.6400,0.53909,0.44673,0.39863,0.55000,0.43301,10.0001,0.01758,1,0.51734
41.6600,0.53908,0.44673,0.39863,0.55000,0.43301,10.0001,0.01759,1,0.51735
41.6800,0.53908,0.44674,0.39862,0.55000,0.43301,10.0001,0.01759,1,0.51736
41.7000,0.53908,0.44674,0.39862,0.55000,0.43301,10.0001,0.01760,1,0.51736
41.7200,0.53907,0.44675,0.39862,0.55000,0.43301,10.0001,0.01761,1,0.51737
41.7400,0.53907,0.44676,0.39862,0.55000,0.43301,10.0001,0.01762,1,0.51738
41.7600,0.53906,0.44676,0.39862,0.55000,0.43301,10.0001,0.01762,1,0.51739
41.7800,0.53906,0.44677,0.39862,0.55000,0.43301,10.0001,0.01763,1,0.51739
41.8000,0.53906,0.44678,0.39862,0.55000,0.43301,10.0001,0.01764,1,0.51740
41.8200,0.53905,0.44678,0.39862,0.55000,0.43301,10.0001,0.01765,1,0.51741
41.8400,0.53905,0.44679,0.39862,0.55000,0.43301,10.0001,0.01765,1,0.51742
41.8600,0.53905,0.44680,0.39861,0.55000,0.43301,10.0001,0.01766,1,0.51742
41.8800,0.53904,0.44680,0.39861,0.55000,0.43301,10.0001,0.01767,1,0.51743
41.9000,0.53904,0.44681,0.39861,0.55000,0.43301,10.0001,0.01768,1,0.51744
41.9200,0.53903,0.44682,0.39861,0.55000,0.43301,10.0001,0.01768,1,0.51745
41.9400,0.53903,0.44682,0.39861,0.55000,0.43301,10.0001,0.01769,1,0.51745
41.9600,0.53903,0.44683,0.39861,0.55000,0.43301,10.0001,0.01770,1,0.51746
41.9800,0.53902,0.44684,0.39861,0.55000,0.43301,10.0001,0.01771,1,0.51747
42.0000,0.53902,0.44684,0.39861,0.55000,0.43301,10.0001,0.01771,1,0.51748
42.0200,0.53902,0.44685,0.39860,0.55000,0.43301,10.0001,0.01772,1,0.51748
42.0400,0.53901,0.44686,0.39860,0.55000,0.43301,10.0001,0.01773,1,0.51749
42.0600,0.53901,0.44686,0.39860,0.55000,0.43301,10.0001,0.01774,1,0.51750
42.0800,0.53900,0.44687,0.39860,0.55000,0.43301,10.0001,0.01774,1,0.51751
42.1000,0.53900,0.44687,0.39860,0.55000,0.43301,10.0001,0.01775,1,0.51751
42.1200,0.53900,0.44688,0.39860,0.55000,0.43301,10.0001,0.01776,1,0.51752
42.1400,0.53899,0.44689,0.39860,0.55000,0.43301,10.0001,0.01777,1,0.51753
42.1600,0.53899,0.44689,0.39860,0.55000,0.43301,10.0001,0.01777,1,0.51754
42.1800,0.53899,0.44690,0.39860,0.55000,0.43301,10.0001,0.01778,1,0.51754
42.2000,0.53898,0.44691,0.39859,0.55000,0.43301,10.0001,0.01779,1,0.51755
42.2200,0.53898,0.44691,0.39859,0.55000,0.43301,10.0001,0.01780,1,0.51756
42.2400,0.53898,0.44692,0.39859,0.55000,0.43301,10.0001,0.01780,1,0.51756
42.2600,0.53897,0.44693,0.39859,0.55000,0.43301,10.0001,0.01781,1,0.51757
42.2800,0.53897,0.44693,0.39859,0.55000,0.43301,10.0001,0.01782,1,0.51758
42.3000,0.53896,0.44694,0.39859,0.55000,0.43301,10.0001,0.01782,1,0.51759
42.3200,0.53896,0.44695,0.39859,0.55000,0.43301,10.0001,0.01783,1,0.51759
42.3400,0.53896,0.44695,0.39859,0.55000,0.43301,10.0002,0.01784,1,0.51760
42.3600,0.53895,0.44696,0.39859,0.55000,0.43301,10.0002,0.01785,1,0.51761
42.3800,0.53895,0.44696,0.39858,0.55000,0.43301,10.0002,0.01785,1,0.51762
42.4000,0.53895,0.44697,0.39858,0.55000,0.43301,10.0002,0.01786,1,0.51762
42.4200,0.53894,0.44698,0.39858,0.55000,0.43301,10.0002,0.01787,1,0.51763
42.4400,0.53894,0.44698,0.39858,0.55000,0.43301,10.0002,0.01788,1,0.51764
42.4600,0.53894,0.44699,0.39858,0.55000,0.43301,10.0002,0.01788,1,0.51765
42.4800,0.53893,0.44700,0.39858,0.55000,0.43301,10.0002,0.01789,1,0.51765
42.5000,0.53893,0.44700,0.39858,0.55000,0.43301,10.0002,0.01790,1,0.51766
42.5200,0.53892,0.44701,0.39858,0.55000,0.43301,10.0002,0.01791,1,0.51767
42.5400,0.53892,0.44702,0.39857,0.55000,0.43301,10.0002,0.01791,1,0.51767
42.5600,0.53892,0.44702,0.39857,0.55000,0.43301,10.0002,0.01792,1,0.51768
42.5800,0.53891,0.44703,0.39857,0.55000,0.43301,10.0002,0.01793,1,0.51769
42.6000,0.53891,0.44703,0.39857,0.55000,0.43301,10.0002,0.01793,1,0.51770
42.6200,0.53891,0.44704,0.39857,0.55000,0.43301,10.0002,0.01794,1,0.51770
42.6400,0.53890,0.44705,0.39857,0.55000,0.43301,10.0002,0.01795,1,0.51771
42.6600,0.53890,0.44705,0.39857,0.55000,0.43301,10.0002,0.01796,1,0.51772
42.6800,0.53890,0.44706,0.39857,0.55000,0.43301,10.0002,0.01796,1,0.51773
42.7000,0.53889,0.44707,0.39857,0.55000,0.43301,10.0002,0.01797,1,0.51773
42.7200,0.53889,0.44707,0.39856,0.55000,0.43301,10.0002,0.01798,1,0.51774
42.7400,0.53888,0.44708,0.39856,0.55000,0.43301,10.0002,0.01799,1,0.51775
42.7600,0.53888,0.44709,0.39856,0.55000,0.43301,10.0002,0.01799,1,0.51775
42.7800,0.53888,0.44709,0.39856,0.55000,0.43301,10.0002,0.01800,1,0.51776
42.8000,0.53887,0.44710,0.39856,0.55000,0.43301,10.0002,0.01801,1,0.51777
42.8200,0.53887,0.44710,0.39856,0.55000,0.43301,10.0002,0.01801,1,0.51778
42.8400,0.53887,0.44711,0.39856,0.55000,0.43301,10.0002,0.01802,1,0.51778
42.8600,0.53886,0.44712,0.39856,0.55000,0.43301,10.0002,0.01803,1,0.51779
42.8800,0.53886,0.44712,0.39856,0.55000,0.43301,10.0002,0.01804,1,0.51780
42.9000,0.53886,0.44713,0.39855,0.55000,0.43301,10.0002,0.01804,1,0.51781
42.9200,0.53885,0.44714,0.39855,0.55000,0.43301,10.0002,0.01805,1,0.51781
42.9400,0.53885,0.44714,0.39855,0.55000,0.43301,10.0002,0.01806,1,0.51782
42.9600,0.53885,0.44715,0.39855,0.55000,0.43301,10.0002,0.01806,1,0.51783
42.9800,0.53884,0.44715,0.39855,0.55000,0.43301,10.0002,0.01807,1,0.51783
43.0000,0.53884,0.44716,0.39855,0.55000,0.43301,10.0002,0.01808,1,0.51784
43.0200,0.53884,0.44717,0.39855,0.55000,0.43301,10.0002,0.01809,1,0.51785
43.0400,0.53883,0.44717,0.39855,0.55000,0.43301,10.0002,0.01809,1,0.51786
43.0600,0.53883,0.44718,0.39855,0.55000,0.43301,10.0002,0.01810,1,0.51786
43.0800,0.53882,0.44719,0.39854,0.55000,0.43301,10.0002,0.01811,1,0.51787
43.1000,0.53882,0.44719,0.39854,0.55000,0.43301,10.0002,0.01811,1,0.51788
43.1200,0.53882,0.44720,0.39854,0.55000,0.43301,10.0002,0.01812,1,0.51788
43.1400,0.53881,0.44720,0.39854,0.55000,0.43301,10.0002,0.01813,1,0.51789
43.1600,0.53881,0.44721,0.39854,0.55000,0.43301,10.0002,0.01814,1,0.51790
43.1800,0.53881,0.44722,0.39854,0.55000,0.43301,10.0002,0.01814,1,0.51791
43.2000,0.53880,0.44722,0.39854,0.55000,0.43301,10.0002,0.01815,1,0.51791
43.2200,0.53880,0.44723,0.39854,0.55000,0.43301,10.0002,0.01816,1,0.51792
43.2400,0.53880,0.44723,0.39853,0.55000,0.43301,10.0002,0.01816,1,0.51793
43.2600,0.53879,0.44724,0.39853,0.55000,0.43301,10.0002,0.01817,1,0.51793
43.2800,0.53879,0.44725,0.39853,0.55000,0.43301,10.0002,0.01818,1,0.51794
43.3000,0.53879,0.44725,0.39853,0.55000,0.43301,10.0002,0.01819,1,0.51795
43.3200,0.53878,0.44726,0.39853,0.55000,0.43301,10.0002,0.01819,1,0.51796
43.3400,0.53878,0.44727,0.39853,0.55000,0.43301,10.0002,0.01820,1,0.51796
43.3600,0.53878,0.44727,0.39853,0.55000,0.43301,10.0002,0.01821,1,0.51797
43.3800,0.53877,0.44728,0.39853,0.55000,0.43301,10.0002,0.01821,1,0.51798
43.4000,0.53877,0.44728,0.39853,0.55000,0.43301,10.0002,0.01822,1,0.51798
43.4200,0.53876,0.44729,0.39852,0.55000,0.43301,10.0002,0.01823,1,0.51799
43.4400,0.53876,0.44730,0.39852,0.55000,0.43301,10.0002,0.01823,1,0.51800
43.4600,0.53876,0.44730,0.39852,0.55000,0.43301,10.0002,0.01824,1,0.51800
43.4800,0.53875,0.44731,0.39852,0.55000,0.43301,10.0002,0.01825,1,0.51801
43.5000,0.53875,0.44731,0.39852,0.55000,0.43301,10.0002,0.01826,1,0.51802
43.5200,0.53875,0.44732,0.39852,0.55000,0.43301,10.0002,0.01826,1,0.51803
43.5400,0.53874,0.44733,0.39852,0.55000,0.43301,10.0002,0.01827,1,0.51803
43.5600,0.53874,0.44733,0.39852,0.55000,0.43301,10.0002,0.01828,1,0.51804
43.5800,0.53874,0.44734,0.39852,0.55000,0.43301,10.0002,0.01828,1,0.51805
43.6000,0.53873,0.44734,0.39851,0.55000,0.43301,10.0002,0.01829,1,0.51805
43.6200,0.53873,0.44735,0.39851,0.55000,0.43301,10.0002,0.01830,1,0.51806
43.6400,0.53873,0.44736,0.39851,0.55000,0.43301,10.0002,0.01830,1,0.51807
43.6600,0.53872,0.44736,0.39851,0.55000,0.43301,10.0002,0.01831,1,0.51807
43.6800,0.53872,0.44737,0.39851,0.55000,0.43301,10.0002,0.01832,1,0.51808
43.7000,0.53872,0.44738,0.39851,0.55000,0.43301,10.0002,0.01833,1,0.51809
43.7200,0.53871,0.44738,0.39851,0.55000,0.43301,10.0002,0.01833,1,0.51810
43.7400,0.53871,0.44739,0.39851,0.55000,0.43301,10.0002,0.01834,1,0.51810
43.7600,0.53871,0.44739,0.39851,0.55000,0.43301,10.0002,0.01835,1,0.51811
43.7800,0.53870,0.44740,0.39850,0.55000,0.43301,10.0002,0.01835,1,0.51812
43.8000,0.53870,0.44741,0.39850,0.55000,0.43301,10.0002,0.01836,1,0.51812
43.8200,0.53870,0.44741,0.39850,0.55000,0.43301,10.0002,0.01837,1,0.51813
43.8400,0.53869,0.44742,0.39850,0.55000,0.43301,10.0002,0.01837,1,0.51814
43.8600,0.53869,0.44742,0.39850,0.55000,0.43301,10.0002,0.01838,1,0.51814
43.8800,0.53869,0.44743,0.39850,0.55000,0.43301,10.0002,0.01839,1,0.51815
43.9000,0.53868,0.44744,0.39850,0.55000,0.43301,10.0002,0.01839,1,0.51816
43.9200,0.53868,0.44744,0.39850,0.55000,0.43301,10.0002,0.01840,1,0.51816
43.9400,0.53868,0.44745,0.39849,0.55000,0.43301,10.0002,0.01841,1,0.51817
43.9600,0.53867,0.44745,0.39849,0.55000,0.43301,10.0002,0.01842,1,0.51818
43.9800,0.53867,0.44746,0.39849,0.55000,0.43301,10.0002,0.01842,1,0.51819
44.0000,0.53867,0.44747,0.39849,0.55000,0.43301,10.0002,0.01843,1,0.51819
44.0200,0.53866,0.44747,0.39849,0.55000,0.43301,10.0002,0.01844,1,0.51820
44.0400,0.53866,0.44748,0.39849,0.55000,0.43301,10.0002,0.01844,1,0.51821
44.0600,0.53866,0.44748,0.39849,0.55000,0.43301,10.0002,0.01845,1,0.51821
44.0800,0.53865,0.44749,0.39849,0.55000,0.43301,10.0002,0.01846,1,0.51822
44.1000,0.53865,0.44750,0.39849,0.55000,0.43301,10.0002,0.01846,1,0.51823
44.1200,0.53865,0.44750,0.39848,0.55000,0.43301,10.0002,0.01847,1,0.51823
44.1400,0.53864,0.44751,0.39848,0.55000,0.43301,10.0002,0.01848,1,0.51824
44.1600,0.53864,0.44751,0.39848,0.55000,0.43301,10.0002,0.01848,1,0.51825
44.1800,0.53864,0.44752,0.39848,0.55000,0.43301,10.0002,0.01849,1,0.51825
44.2000,0.53863,0.44753,0.39848,0.55000,0.43301,10.0002,0.01850,1,0.51826
44.2200,0.53863,0.44753,0.39848,0.55000,0.43301,10.0002,0.01850,1,0.51827
44.2400,0.53863,0.44754,0.39848,0.55000,0.43301,10.0002,0.01851,1,0.51827
44.2600,0.53862,0.44754,0.39848,0.55000,0.43301,10.0002,0.01852,1,0.51828
44.2800,0.53862,0.44755,0.39848,0.55000,0.43301,10.0002,0.01852,1,0.51829
44.3000,0.53862,0.44755,0.39847,0.55000,0.43301,10.0002,0.01853,1,0.51830
44.3200,0.53861,0.44756,0.39847,0.55000,0.43301,10.0002,0.01854,1,0.51830
44.3400,0.53861,0.44757,0.39847,0.55000,0.43301,10.0002,0.01855,1,0.51831
44.3600,0.53861,0.44757,0.39847,0.55000,0.43301,10.0002,0.01855,1,0.51832
44.3800,0.53860,0.44758,0.39847,0.55000,0.43301,10.0002,0.01856,1,0.51832
44.4000,0.53860,0.44758,0.39847,0.55000,0.43301,10.0002,0.01857,1,0.51833
44.4200,0.53860,0.44759,0.39847,0.55000,0.43301,10.0002,0.01857,1,0.51834
44.4400,0.53859,0.44760,0.39847,0.55000,0.43301,10.0002,0.01858,1,0.51834
44.4600,0.53859,0.44760,0.39847,0.55000,0.43301,10.0002,0.01859,1,0.51835
44.4800,0.53859,0.44761,0.39846,0.55000,0.43301,10.0002,0.01859,1,0.51836
44.5000,0.53858,0.44761,0.39846,0.55000,0.43301,10.0002,0.01860,1,0.51836
44.5200,0.53858,0.44762,0.39846,0.55000,0.43301,10.0002,0.01861,1,0.51837
44.5400,0.53858,0.44763,0.39846,0.55000,0.43301,10.0002,0.01861,1,0.51838
44.5600,0.53857,0.44763,0.39846,0.55000,0.43301,10.0002,0.01862,1,0.51838
44.5800,0.53857,0.44764,0.39846,0.55000,0.43301,10.0002,0.01863,1,0.51839
44.6000,0.53857,0.44764,0.39846,0.55000,0.43301,10.0002,0.01863,1,0.51840
44.6200,0.53856,0.44765,0.39846,0.55000,0.43301,10.0002,0.01864,1,0.51840
44.6400,0.53856,0.44765,0.39846,0.55000,0.43301,10.0002,0.01865,1,0.51841
44.6600,0.53856,0.44766,0.39845,0.55000,0.43301,10.0002,0.01865,1,0.51842
44.6800,0.53855,0.44767,0.39845,0.55000,0.43301,10.0002,0.01866,1,0.51842
44.7000,0.53855,0.44767,0.39845,0.55000,0.43301,10.0002,0.01867,1,0.51843
44.7200,0.53855,0.44768,0.39845,0.55000,0.43301,10.0002,0.01867,1,0.51844
44.7400,0.53854,0.44768,0.39845,0.55000,0.43301,10.0002,0.01868,1,0.51844
44.7600,0.53854,0.44769,0.39845,0.55000,0.43301,10.0002,0.01869,1,0.51845
44.7800,0.53854,0.44770,0.39845,0.55000,0.43301,10.0002,0.01869,1,0.51846
44.8000,0.53853,0.44770,0.39845,0.55000,0.43301,10.0002,0.01870,1,0.51846
44.8200,0.53853,0.44771,0.39845,0.55000,0.43301,10.0002,0.01871,1,0.51847
44.8400,0.53853,0.44771,0.39844,0.55000,0.43301,10.0002,0.01871,1,0.51848
44.8600,0.53852,0.44772,0.39844,0.55000,0.43301,10.0002,0.01872,1,0.51848
44.8800,0.53852,0.44772,0.39844,0.55000,0.43301,10.0002,0.01873,1,0.51849
44.9000,0.53852,0.44773,0.39844,0.55000,0.43301,10.0002,0.01873,1,0.51850
44.9200,0.53851,0.44774,0.39844,0.55000,0.43301,10.0002,0.01874,1,0.51850
44.9400,0.53851,0.44774,0.39844,0.55000,0.43301,10.0002,0.01875,1,0.51851
44.9600,0.53851,0.44775,0.39844,0.55000,0.43301,10.0002,0.01875,1,0.51852
44.9800,0.53850,0.44775,0.39844,0.55000,0.43301,10.0002,0.01876,1,0.51852
45.0000,0.53850,0.44776,0.39844,0.55000,0.43301,10.0002,0.01877,1,0.51853
45.0200,0.53850,0.44776,0.39843,0.55000,0.43301,10.0002,0.01877,1,0.51854
45.0400,0.53849,0.44777,0.39843,0.55000,0.43301,10.0002,0.01878,1,0.51854
45.0600,0.53849,0.44778,0.39843,0.55000,0.43301,10.0002,0.01879,1,0.51855
45.0800,0.53849,0.44778,0.39843,0.55000,0.43301,10.0002,0.01879,1,0.51856
45.1000,0.53848,0.44779,0.39843,0.55000,0.43301,10.0002,0.01880,1,0.51856
45.1200,0.53848,0.44779,0.39843,0.55000,0.43301,10.0002,0.01880,1,0.51857
45.1400,0.53848,0.44780,0.39843,0.55000,0.43301,10.0002,0.01881,1,0.51858
45.1600,0.53847,0.44780,0.39843,0.55000,0.43301,10.0002,0.01882,1,0.51858
45.1800,0.53847,0.44781,0.39843,0.55000,0.43301,10.0002,0.01882,1,0.51859
45.2000,0.53847,0.44782,0.39842,0.55000,0.43301,10.0002,0.01883,1,0.51859
45.2200,0.53846,0.44782,0.39842,0.55000,0.43301,10.0002,0.01884,1,0.51860
45.2400,0.53846,0.44783,0.39842,0.55000,0.43301,10.0002,0.01884,1,0.51861
45.2600,0.53846,0.44783,0.39842,0.55000,0.43301,10.0002,0.01885,1,0.51861
45.2800,0.53846,0.44784,0.39842,0.55000,0.43301,10.0002,0.01886,1,0.51862
45.3000,0.53845,0.44784,0.39842,0.55000,0.43301,10.0002,0.01886,1,0.51863
45.3200,0.53845,0.44785,0.39842,0.55000,0.43301,10.0002,0.01887,1,0.51863
45.3400,0.53845,0.44786,0.39842,0.55000,0.43301,10.0002,0.01888,1,0.51864
45.3600,0.53844,0.44786,0.39842,0.55000,0.43301,10.0002,0.01888,1,0.51865
45.3800,0.53844,0.44787,0.39841,0.55000,0.43301,10.0002,0.01889,1,0.51865
45.4000,0.53844,0.44787,0.39841,0.55000,0.43301,10.0002,0.01890,1,0.51866
45.4200,0.53843,0.44788,0.39841,0.55000,0.43301,10.0002,0.01890,1,0.51867
45.4400,0.53843,0.44788,0.39841,0.55000,0.43301,10.0002,0.01891,1,0.51867
45.4600,0.53843,0.44789,0.39841,0.55000,0.43301,10.0002,0.01892,1,0.51868
45.4800,0.53842,0.44790,0.39841,0.55000,0.43301,10.0002,0.01892,1,0.51869
45.5000,0.53842,0.44790,0.39841,0.55000,0.43301,10.0002,0.01893,1,0.51869
45.5200,0.53842,0.44791,0.39841,0.55000,0.43301,10.0002,0.01893,1,0.51870
45.5400,0.53841,0.44791,0.39841,0.55000,0.43301,10.0002,0.01894,1,0.51871
45.5600,0.53841,0.44792,0.39840,0.55000,0.43301,10.0002,0.01895,1,0.51871
45.5800,0.53841,0.44792,0.39840,0.55000,0.43301,10.0002,0.01895,1,0.51872
45.6000,0.53840,0.44793,0.39840,0.55000,0.43301,10.0002,0.01896,1,0.51872
45.6200,0.53840,0.44793,0.39840,0.55000,0.43301,10.0002,0.01897,1,0.51873
45.6400,0.53840,0.44794,0.39840,0.55000,0.43301,10.0002,0.01897,1,0.51874
45.6600,0.53839,0.44795,0.39840,0.55000,0.43301,10.0002,0.01898,1,0.51874
45.6800,0.53839,0.44795,0.39840,0.55000,0.43301,10.0002,0.01899,1,0.51875
45.7000,0.53839,0.44796,0.39840,0.55000,0.43301,10.0002,0.01899,1,0.51876
45.7200,0.53839,0.44796,0.39840,0.55000,0.43301,10.0002,0.01900,1,0.51876
45.7400,0.53838,0.44797,0.39839,0.55000,0.43301,10.0002,0.01901,1,0.51877
45.7600,0.53838,0.44797,0.39839,0.55000,0.43301,10.0002,0.01901,1,0.51878
45.7800,0.53838,0.44798,0.39839,0.55000,0.43301,10.0002,0.01902,1,0.51878
45.8000,0.53837,0.44798,0.39839,0.55000,0.43301,10.0002,0.01902,1,0.51879
45.8200,0.53837,0.44799,0.39839,0.55000,0.43301,10.0002,0.01903,1,0.51879
45.8400,0.53837,0.44800,0.39839,0.55000,0.43301,10.0002,0.01904,1,0.51880
45.8600,0.53836,0.44800,0.39839,0.55000,0.43301,10.0002,0.01904,1,0.51881
45.8800,0.53836,0.44801,0.39839,0.55000,0.43301,10.0002,0.01905,1,0.51881
45.9000,0.53836,0.44801,0.39839,0.55000,0.43301,10.0002,0.01906,1,0.51882
45.9200,0.53835,0.44802,0.39838,0.55000,0.43301,10.0002,0.01906,1,0.51883
45.9400,0.53835,0.44802,0.39838,0.55000,0.43301,10.0002,0.01907,1,0.51883
45.9600,0.53835,0.44803,0.39838,0.55000,0.43301,10.0002,0.01908,1,0.51884
45.9800,0.53835,0.44803,0.39838,0.55000,0.43301,10.0002,0.01908,1,0.51885
46.0000,0.53834,0.44804,0.39838,0.55000,0.43301,10.0002,0.01909,1,0.51885
46.0200,0.53834,0.44805,0.39838,0.55000,0.43301,10.0002,0.01909,1,0.51886
46.0400,0.53834,0.44805,0.39838,0.55000,0.43301,10.0002,0.01910,1,0.51886
46.0600,0.53833,0.44806,0.39838,0.55000,0.43301,10.0002,0.01911,1,0.51887
46.0800,0.53833,0.44806,0.39838,0.55000,0.43301,10.0002,0.01911,1,0.51888
46.1000,0.53833,0.44807,0.39837,0.55000,0.43301,10.0002,0.01912,1,0.51888
46.1200,0.53832,0.44807,0.39837,0.55000,0.43301,10.0002,0.01913,1,0.51889
46.1400,0.53832,0.44808,0.39837,0.55000,0.43301,10.0002,0.01913,1,0.51890
46.1600,0.53832,0.44808,0.39837,0.55000,0.43301,10.0002,0.01914,1,0.51890
46.1800,0.53831,0.44809,0.39837,0.55000,0.43301,10.0002,0.01914,1,0.51891
46.2000,0.53831,0.44809,0.39837,0.55000,0.43301,10.0002,0.01915,1,0.51891
46.2200,0.53831,0.44810,0.39837,0.55000,0.43301,10.0002,0.01916,1,0.51892
46.2400,0.53831,0.44811,0.39837,0.55000,0.43301,10.0002,0.01916,1,0.51893
46.2600,0.53830,0.44811,0.39837,0.55000,0.43301,10.0002,0.01917,1,0.51893
46.2800,0.53830,0.44812,0.39836,0.55000,0.43301,10.0002,0.01918,1,0.51894
46.3000,0.53830,0.44812,0.39836,0.55000,0.43301,10.0002,0.01918,1,0.51895
46.3200,0.53829,0.44813,0.39836,0.55000,0.43301,10.0002,0.01919,1,0.51895
46.3400,0.53829,0.44813,0.39836,0.55000,0.43301,10.0002,0.01919,1,0.51896
46.3600,0.53829,0.44814,0.39836,0.55000,0.43301,10.0002,0.01920,1,0.51896
46.3800,0.53828,0.44814,0.39836,0.55000,0.43301,10.0002,0.01921,1,0.51897
46.4000,0.53828,0.44815,0.39836,0.55000,0.43301,10.0002,0.01921,1,0.51898
46.4200,0.53828,0.44815,0.39836,0.55000,0.43301,10.0002,0.01922,1,0.51898
46.4400,0.53827,0.44816,0.39836,0.55000,0.43301,10.0002,0.01923,1,0.51899
46.4600,0.53827,0.44817,0.39835,0.55000,0.43301,10.0002,0.01923,1,0.51900
46.4800,0.53827,0.44817,0.39835,0.55000,0.43301,10.0002,0.01924,1,0.51900
46.5000,0.53827,0.44818,0.39835,0.55000,0.43301,10.0002,0.01924,1,0.51901
46.5200,0.53826,0.44818,0.39835,0.55000,0.43301,10.0002,0.01925,1,0.51901
46.5400,0.53826,0.44819,0.39835,0.55000,0.43301,10.0002,0.01926,1,0.51902
46.5600,0.53826,0.44819,0.39835,0.55000,0.43301,10.0002,0.01926,1,0.51903
46.5800,0.53825,0.44820,0.39835,0.55000,0.43301,10.0002,0.01927,1,0.51903
46.6000,0.53825,0.44820,0.39835,0.55000,0.43301,10.0002,0.01927,1,0.51904
46.6200,0.53825,0.44821,0.39835,0.55000,0.43301,10.0002,0.01928,1,0.51905
46.6400,0.53824,0.44821,0.39834,0.55000,0.43301,10.0002,0.01929,1,0.51905
46.6600,0.53824,0.44822,0.39834,0.55000,0.43301,10.0002,0.01929,1,0.51906
46.6800,0.53824,0.44822,0.39834,0.55000,0.43301,10.0002,0.01930,1,0.51906
46.7000,0.53824,0.44823,0.39834,0.55000,0.43301,10.0002,0.01931,1,0.51907
46.7200,0.53823,0.44824,0.39834,0.55000,0.43301,10.0002,0.01931,1,0.51908
46.7400,0.53823,0.44824,0.39834,0.55000,0.43301,10.0002,0.01932,1,0.51908
46.7600,0.53823,0.44825,0.39834,0.55000,0.43301,10.0002,0.01932,1,0.51909
46.7800,0.53822,0.44825,0.39834,0.55000,0.43301,10.0002,0.01933,1,0.51909
46.8000,0.53822,0.44826,0.39834,0.55000,0.43301,10.0002,0.01934,1,0.51910
46.8200,0.53822,0.44826,0.39833,0.55000,0.43301,10.0002,0.01934,1,0.51911
46.8400,0.53822,0.44827,0.39833,0.55000,0.43301,10.0002,0.01935,1,0.51911
46.8600,0.53821,0.44827,0.39833,0.55000,0.43301,10.0002,0.01935,1,0.51912
46.8800,0.53821,0.44828,0.39833,0.55000,0.43301,10.0002,0.01936,1,0.51912
46.9000,0.53821,0.44828,0.39833,0.55000,0.43301,10.0002,0.01937,1,0.51913
46.9200,0.53820,0.44829,0.39833,0.55000,0.43301,10.0002,0.01937,1,0.51914
46.9400,0.53820,0.44829,0.39833,0.55000,0.43301,10.0002,0.01938,1,0.51914
46.9600,0.53820,0.44830,0.39833,0.55000,0.43301,10.0002,0.01938,1,0.51915
46.9800,0.53819,0.44830,0.39833,0.55000,0.43301,10.0002,0.01939,1,0.51915
47.0000,0.53819,0.44831,0.39833,0.55000,0.43301,10.0002,0.01940,1,0.51916
47.0200,0.53819,0.44831,0.39832,0.55000,0.43301,10.0002,0.01940,1,0.51917
47.0400,0.53819,0.44832,0.39832,0.55000,0.43301,10.0002,0.01941,1,0.51917
47.0600,0.53818,0.44833,0.39832,0.55000,0.43301,10.0002,0.01942,1,0.51918
47.0800,0.53818,0.44833,0.39832,0.55000,0.43301,10.0002,0.01942,1,0.51918
47.1000,0.53818,0.44834,0.39832,0.55000,0.43301,10.0002,0.01943,1,0.51919
47.1200,0.53817,0.44834,0.39832,0.55000,0.43301,10.0002,0.01943,1,0.51920
47.1400,0.53817,0.44835,0.39832,0.55000,0.43301,10.0002,0.01944,1,0.51920
47.1600,0.53817,0.44835,0.39832,0.55000,0.43301,10.0002,0.01945,1,0.51921
47.1800,0.53817,0.44836,0.39832,0.55000,0.43301,10.0002,0.01945,1,0.51921
47.2000,0.53816,0.44836,0.39831,0.55000,0.43301,10.0002,0.01946,1,0.51922
47.2200,0.53816,0.44837,0.39831,0.55000,0.43301,10.0002,0.01946,1,0.51923
47.2400,0.53816,0.44837,0.39831,0.55000,0.43301,10.0002,0.01947,1,0.51923
47.2600,0.53815,0.44838,0.39831,0.55000,0.43301,10.0002,0.01948,1,0.51924
47.2800,0.53815,0.44838,0.39831,0.55000,0.43301,10.0002,0.01948,1,0.51924
47.3000,0.53815,0.44839,0.39831,0.55000,0.43301,10.0002,0.01949,1,0.51925
47.3200,0.53814,0.44839,0.39831,0.55000,0.43301,10.0002,0.01949,1,0.51926
47.3400,0.53814,0.44840,0.39831,0.55000,0.43301,10.0002,0.01950,1,0.51926
47.3600,0.53814,0.44840,0.39831,0.55000,0.43301,10.0002,0.01950,1,0.51927
47.3800,0.53814,0.44841,0.39830,0.55000,0.43301,10.0002,0.01951,1,0.51927
47.4000,0.53813,0.44841,0.39830,0.55000,0.43301,10.0002,0.01952,1,0.51928
47.4200,0.53813,0.44842,0.39830,0.55000,0.43301,10.0002,0.01952,1,0.51929
47.4400,0.53813,0.44842,0.39830,0.55000,0.43301,10.0002,0.01953,1,0.51929
47.4600,0.53812,0.44843,0.39830,0.55000,0.43301,10.0002,0.01953,1,0.51930
47.4800,0.53812,0.44843,0.39830,0.55000,0.43301,10.0002,0.01954,1,0.51930
47.5000,0.53812,0.44844,0.39830,0.55000,0.43301,10.0002,0.01955,1,0.51931
47.5200,0.53812,0.44845,0.39830,0.55000,0.43301,10.0002,0.01955,1,0.51932
47.5400,0.53811,0.44845,0.39830,0.55000,0.43301,10.0002,0.01956,1,0.51932
47.5600,0.53811,0.44846,0.39829,0.55000,0.43301,10.0002,0.01956,1,0.51933
47.5800,0.53811,0.44846,0.39829,0.55000,0.43301,10.0002,0.01957,1,0.51933
47.6000,0.53810,0.44847,0.39829,0.55000,0.43301,10.0002,0.01958,1,0.51934
47.6200,0.53810,0.44847,0.39829,0.55000,0.43301,10.0002,0.01958,1,0.51935
47.6400,0.53810,0.44848,0.39829,0.55000,0.43301,10.0002,0.01959,1,0.51935
47.6600,0.53810,0.44848,0.39829,0.55000,0.43301,10.0002,0.01959,1,0.51936
47.6800,0.53809,0.44849,0.39829,0.55000,0.43301,10.0002,0.01960,1,0.51936
47.7000,0.53809,0.44849,0.39829,0.55000,0.43301,10.0002,0.01961,1,0.51937
47.7200,0.53809,0.44850,0.39829,0.55000,0.43301,10.0002,0.01961,1,0.51937
47.7400,0.53808,0.44850,0.39829,0.55000,0.43301,10.0002,0.01962,1,0.51938
47.7600,0.53808,0.44851,0.39828,0.55000,0.43301,10.0002,0.01962,1,0.51939
47.7800,0.53808,0.44851,0.39828,0.55000,0.43301,10.0002,0.01963,1,0.51939
47.8000,0.53808,0.44852,0.39828,0.55000,0.43301,10.0002,0.01963,1,0.51940
47.8200,0.53807,0.44852,0.39828,0.55000,0.43301,10.0002,0.01964,1,0.51940
47.8400,0.53807,0.44853,0.39828,0.55000,0.43301,10.0002,0.01965,1,0.51941
47.8600,0.53807,0.44853,0.39828,0.55000,0.43301,10.0002,0.01965,1,0.51942
47.8800,0.53806,0.44854,0.39828,0.55000,0.43301,10.0002,0.01966,1,0.51942
47.9000,0.53806,0.44854,0.39828,0.55000,0.43301,10.0002,0.01966,1,0.51943
47.9200,0.53806,0.44855,0.39828,0.55000,0.43301,10.0002,0.01967,1,0.51943
47.9400,0.53806,0.44855,0.39827,0.55000,0.43301,10.0002,0.01968,1,0.51944
47.9600,0.53805,0.44856,0.39827,0.55000,0.43301,10.0002,0.01968,1,0.51944
47.9800,0.53805,0.44856,0.39827,0.55000,0.43301,10.0002,0.01969,1,0.51945
48.0000,0.53805,0.44857,0.39827,0.55000,0.43301,10.0002,0.01969,1,0.51946
48.0200,0.53805,0.44857,0.39827,0.55000,0.43301,10.0002,0.01970,1,0.51946
48.0400,0.53804,0.44858,0.39827,0.55000,0.43301,10.0002,0.01970,1,0.51947
48.0600,0.53804,0.44858,0.39827,0.55000,0.43301,10.0002,0.01971,1,0.51947
48.0800,0.53804,0.44859,0.39827,0.55000,0.43301,10.0002,0.01972,1,0.51948
48.1000,0.53803,0.44859,0.39827,0.55000,0.43301,10.0002,0.01972,1,0.51948
48.1200,0.53803,0.44860,0.39826,0.55000,0.43301,10.0002,0.01973,1,0.51949
48.1400,0.53803,0.44860,0.39826,0.55000,0.43301,10.0002,0.01973,1,0.51950
48.1600,0.53803,0.44861,0.39826,0.55000,0.43301,10.0002,0.01974,1,0.51950
48.1800,0.53802,0.44861,0.39826,0.55000,0.43301,10.0002,0.01974,1,0.51951
48.2000,0.53802,0.44862,0.39826,0.55000,0.43301,10.0002,0.01975,1,0.51951
48.2200,0.53802,0.44862,0.39826,0.55000,0.43301,10.0002,0.01976,1,0.51952
48.2400,0.53801,0.44863,0.39826,0.55000,0.43301,10.0002,0.01976,1,0.51953
48.2600,0.53801,0.44863,0.39826,0.55000,0.43301,10.0002,0.01977,1,0.51953
48.2800,0.53801,0.44864,0.39826,0.55000,0.43301,10.0002,0.01977,1,0.51954
48.3000,0.53801,0.44864,0.39826,0.55000,0.43301,10.0002,0.01978,1,0.51954
48.3200,0.53800,0.44865,0.39825,0.55000,0.43301,10.0002,0.01978,1,0.51955
48.3400,0.53800,0.44865,0.39825,0.55000,0.43301,10.0002,0.01979,1,0.51955
48.3600,0.53800,0.44866,0.39825,0.55000,0.43301,10.0002,0.01980,1,0.51956
48.3800,0.53800,0.44866,0.39825,0.55000,0.43301,10.0002,0.01980,1,0.51956
48.4000,0.53799,0.44867,0.39825,0.55000,0.43301,10.0002,0.01981,1,0.51957
48.4200,0.53799,0.44867,0.39825,0.55000,0.43301,10.0002,0.01981,1,0.51958
48.4400,0.53799,0.44868,0.39825,0.55000,0.43301,10.0002,0.01982,1,0.51958
48.4600,0.53798,0.44868,0.39825,0.55000,0.43301,10.0002,0.01982,1,0.51959
48.4800,0.53798,0.44869,0.39825,0.55000,0.43301,10.0002,0.01983,1,0.51959
48.5000,0.53798,0.44869,0.39824,0.55000,0.43301,10.0002,0.01984,1,0.51960
48.5200,0.53798,0.44870,0.39824,0.55000,0.43301,10.0002,0.01984,1,0.51960
48.5400,0.53797,0.44870,0.39824,0.55000,0.43301,10.0002,0.01985,1,0.51961
48.5600,0.53797,0.44871,0.39824,0.55000,0.43301,10.0002,0.01985,1,0.51962
48.5800,0.53797,0.44871,0.39824,0.55000,0.43301,10.0002,0.01986,1,0.51962
48.6000,0.53797,0.44872,0.39824,0.55000,0.43301,10.0002,0.01986,1,0.51963
48.6200,0.53796,0.44872,0.39824,0.55000,0.43301,10.0002,0.01987,1,0.51963
48.6400,0.53796,0.44873,0.39824,0.55000,0.43301,10.0002,0.01987,1,0.51964
48.6600,0.53796,0.44873,0.39824,0.55000,0.43301,10.0002,0.01988,1,0.51964
48.6800,0.53795,0.44874,0.39824,0.55000,0.43301,10.0002,0.01989,1,0.51965
48.7000,0.53795,0.44874,0.39823,0.55000,0.43301,10.0002,0.01989,1,0.51965
48.7200,0.53795,0.44875,0.39823,0.55000,0.43301,10.0002,0.01990,1,0.51966
48.7400,0.53795,0.44875,0.39823,0.55000,0.43301,10.0002,0.01990,1,0.51967
48.7600,0.53794,0.44876,0.39823,0.55000,0.43301,10.0002,0.01991,1,0.51967
48.7800,0.53794,0.44876,0.39823,0.55000,0.43301,10.0002,0.01991,1,0.51968
48.8000,0.53794,0.44877,0.39823,0.55000,0.43301,10.0002,0.01992,1,0.51968
48.8200,0.53794,0.44877,0.39823,0.55000,0.43301,10.0002,0.01993,1,0.51969
48.8400,0.53793,0.44878,0.39823,0.55000,0.43301,10.0002,0.01993,1,0.51969
48.8600,0.53793,0.44878,0.39823,0.55000,0.43301,10.0002,0.01994,1,0.51970
48.8800,0.53793,0.44879,0.39822,0.55000,0.43301,10.0002,0.01994,1,0.51971
48.9000,0.53792,0.44879,0.39822,0.55000,0.43301,10.0002,0.01995,1,0.51971
48.9200,0.53792,0.44879,0.39822,0.55000,0.43301,10.0002,0.01995,1,0.51972
48.9400,0.53792,0.44880,0.39822,0.55000,0.43301,10.0002,0.01996,1,0.51972
48.9600,0.53792,0.44880,0.39822,0.55000,0.43301,10.0002,0.01996,1,0.51973
48.9800,0.53791,0.44881,0.39822,0.55000,0.43301,10.0002,0.01997,1,0.51973
49.0000,0.53791,0.44881,0.39822,0.55000,0.43301,10.0002,0.01997,1,0.51974
49.0200,0.53791,0.44882,0.39822,0.55000,0.43301,10.0002,0.01998,1,0.51974
49.0400,0.53791,0.44882,0.39822,0.55000,0.43301,10.0002,0.01999,1,0.51975
49.0600,0.53790,0.44883,0.39822,0.55000,0.43301,10.0002,0.01999,1,0.51975
49.0800,0.53790,0.44883,0.39821,0.55000,0.43301,10.0002,0.02000,1,0.51976
49.1000,0.53790,0.44884,0.39821,0.55000,0.43301,10.0002,0.02000,1,0.51977
49.1200,0.53790,0.44884,0.39821,0.55000,0.43301,10.0002,0.02001,1,0.51977
49.1400,0.53789,0.44885,0.39821,0.55000,0.43301,10.0002,0.02001,1,0.51978
49.1600,0.53789,0.44885,0.39821,0.55000,0.43301,10.0002,0.02002,1,0.51978
49.1800,0.53789,0.44886,0.39821,0.55000,0.43301,10.0002,0.02002,1,0.51979
49.2000,0.53788,0.44886,0.39821,0.55000,0.43301,10.0002,0.02003,1,0.51979
49.2200,0.53788,0.44887,0.39821,0.55000,0.43301,10.0002,0.02004,1,0.51980
49.2400,0.53788,0.44887,0.39821,0.55000,0.43301,10.0002,0.02004,1,0.51980
49.2600,0.53788,0.44888,0.39820,0.55000,0.43301,10.0002,0.02005,1,0.51981
49.2800,0.53787,0.44888,0.39820,0.55000,0.43301,10.0002,0.02005,1,0.51981
49.3000,0.53787,0.44889,0.39820,0.55000,0.43301,10.0002,0.02006,1,0.51982
49.3200,0.53787,0.44889,0.39820,0.55000,0.43301,10.0002,0.02006,1,0.51983
49.3400,0.53787,0.44890,0.39820,0.55000,0.43301,10.0002,0.02007,1,0.51983
49.3600,0.53786,0.44890,0.39820,0.55000,0.43301,10.0002,0.02007,1,0.51984
49.3800,0.53786,0.44891,0.39820,0.55000,0.43301,10.0002,0.02008,1,0.51984
49.4000,0.53786,0.44891,0.39820,0.55000,0.43301,10.0002,0.02008,1,0.51985
49.4200,0.53786,0.44891,0.39820,0.55000,0.43301,10.0002,0.02009,1,0.51985
49.4400,0.53785,0.44892,0.39820,0.55000,0.43301,10.0002,0.02010,1,0.51986
49.4600,0.53785,0.44892,0.39819,0.55000,0.43301,10.0002,0.02010,1,0.51986
49.4800,0.53785,0.44893,0.39819,0.55000,0.43301,10.0002,0.02011,1,0.51987
49.5000,0.53785,0.44893,0.39819,0.55000,0.43301,10.0002,0.02011,1,0.51987
49.5200,0.53784,0.44894,0.39819,0.55000,0.43301,10.0002,0.02012,1,0.51988
49.5400,0.53784,0.44894,0.39819,0.55000,0.43301,10.0002,0.02012,1,0.51989
49.5600,0.53784,0.44895,0.39819,0.55000,0.43301,10.0002,0.02013,1,0.51989
49.5800,0.53784,0.44895,0.39819,0.55000,0.43301,10.0002,0.02013,1,0.51990
49.6000,0.53783,0.44896,0.39819,0.55000,0.43301,10.0002,0.02014,1,0.51990
49.6200,0.53783,0.44896,0.39819,0.55000,0.43301,10.0002,0.02014,1,0.51991
49.6400,0.53783,0.44897,0.39819,0.55000,0.43301,10.0002,0.02015,1,0.51991
49.6600,0.53782,0.44897,0.39818,0.55000,0.43301,10.0002,0.02015,1,0.51992
49.6800,0.53782,0.44898,0.39818,0.55000,0.43301,10.0002,0.02016,1,0.51992
49.7000,0.53782,0.44898,0.39818,0.55000,0.43301,10.0002,0.02017,1,0.51993
49.7200,0.53782,0.44899,0.39818,0.55000,0.43301,10.0002,0.02017,1,0.51993
49.7400,0.53781,0.44899,0.39818,0.55000,0.43301,10.0002,0.02018,1,0.51994
49.7600,0.53781,0.44899,0.39818,0.55000,0.43301,10.0002,0.02018,1,0.51994
49.7800,0.53781,0.44900,0.39818,0.55000,0.43301,10.0002,0.02019,1,0.51995
49.8000,0.53781,0.44900,0.39818,0.55000,0.43301,10.0002,0.02019,1,0.51995
49.8200,0.53780,0.44901,0.39818,0.55000,0.43301,10.0002,0.02020,1,0.51996
49.8400,0.53780,0.44901,0.39817,0.55000,0.43301,10.0002,0.02020,1,0.51997
49.8600,0.53780,0.44902,0.39817,0.55000,0.43301,10.0002,0.02021,1,0.51997
49.8800,0.53780,0.44902,0.39817,0.55000,0.43301,10.0002,0.02021,1,0.51998
49.9000,0.53779,0.44903,0.39817,0.55000,0.43301,10.0002,0.02022,1,0.51998
49.9200,0.53779,0.44903,0.39817,0.55000,0.43301,10.0002,0.02022,1,0.51999
49.9400,0.53779,0.44904,0.39817,0.55000,0.43301,10.0002,0.02023,1,0.51999
49.9600,0.53779,0.44904,0.39817,0.55000,0.43301,10.0002,0.02023,1,0.52000
49.9800,0.53778,0.44905,0.39817,0.55000,0.43301,10.0002,0.02024,1,0.52000
50.0000,0.53778,0.44905,0.39817,0.55000,0.43301,10.0002,0.02024,1,0.52001
50.0200,0.53778,0.44905,0.39817,0.55000,0.43301,10.0002,0.02025,1,0.52001
50.0400,0.53778,0.44906,0.39816,0.55000,0.43301,10.0002,0.02026,1,0.52002
50.0600,0.53777,0.44906,0.39816,0.55000,0.43301,10.0002,0.02026,1,0.52002
50.0800,0.53777,0.44907,0.39816,0.55000,0.43301,10.0002,0.02027,1,0.52003
50.1000,0.53777,0.44907,0.39816,0.55000,0.43301,10.0002,0.02027,1,0.52003
50.1200,0.53777,0.44908,0.39816,0.55000,0.43301,10.0002,0.02028,1,0.52004
50.1400,0.53776,0.44908,0.39816,0.55000,0.43301,10.0002,0.02028,1,0.52004
50.1600,0.53776,0.44909,0.39816,0.55000,0.43301,10.0002,0.02029,1,0.52005
50.1800,0.53776,0.44909,0.39816,0.55000,0.43301,10.0002,0.02029,1,0.52005
50.2000,0.53776,0.44910,0.39816,0.55000,0.43301,10.0002,0.02030,1,0.52006
50.2200,0.53775,0.44910,0.39816,0.55000,0.43301,10.0002,0.02030,1,0.52007
50.2400,0.53775,0.44911,0.39815,0.55000,0.43301,10.0002,0.02031,1,0.52007
50.2600,0.53775,0.44911,0.39815,0.55000,0.43301,10.0002,0.02031,1,0.52008
50.2800,0.53775,0.44911,0.39815,0.55000,0.43301,10.0002,0.02032,1,0.52008
50.3000,0.53774,0.44912,0.39815,0.55000,0.43301,10.0002,0.02032,1,0.52009
50.3200,0.53774,0.44912,0.39815,0.55000,0.43301,10.0002,0.02033,1,0.52009
50.3400,0.53774,0.44913,0.39815,0.55000,0.43301,10.0002,0.02033,1,0.52010
50.3600,0.53774,0.44913,0.39815,0.55000,0.43301,10.0002,0.02034,1,0.52010
50.3800,0.53773,0.44914,0.39815,0.55000,0.43301,10.0002,0.02034,1,0.52011
50.4000,0.53773,0.44914,0.39815,0.55000,0.43301,10.0002,0.02035,1,0.52011
50.4200,0.53773,0.44915,0.39814,0.55000,0.43301,10.0002,0.02035,1,0.52012
50.4400,0.53773,0.44915,0.39814,0.55000,0.43301,10.0002,0.02036,1,0.52012
50.4600,0.53772,0.44915,0.39814,0.55000,0.43301,10.0002,0.02036,1,0.52013
50.4800,0.53772,0.44916,0.39814,0.55000,0.43301,10.0002,0.02037,1,0.52013
50.5000,0.53772,0.44916,0.39814,0.55000,0.43301,10.0002,0.02038,1,0.52014
50.5200,0.53772,0.44917,0.39814,0.55000,0.43301,10.0002,0.02038,1,0.52014
50.5400,0.53771,0.44917,0.39814,0.55000,0.43301,10.0002,0.02039,1,0.52015
50.5600,0.53771,0.44918,0.39814,0.55000,0.43301,10.0002,0.02039,1,0.52015
50.5800,0.53771,0.44918,0.39814,0.55000,0.43301,10.0002,0.02040,1,0.52016
50.6000,0.53771,0.44919,0.39814,0.55000,0.43301,10.0002,0.02040,1,0.52016
50.6200,0.53770,0.44919,0.39813,0.55000,0.43301,10.0002,0.02041,1,0.52017
50.6400,0.53770,0.44920,0.39813,0.55000,0.43301,10.0002,0.02041,1,0.52017
50.6600,0.53770,0.44920,0.39813,0.55000,0.43301,10.0002,0.02042,1,0.52018
50.6800,0.53770,0.44920,0.39813,0.55000,0.43301,10.0002,0.02042,1,0.52018
50.7000,0.53769,0.44921,0.39813,0.55000,0.43301,10.0002,0.02043,1,0.52019
50.7200,0.53769,0.44921,0.39813,0.55000,0.43301,10.0002,0.02043,1,0.52019
50.7400,0.53769,0.44922,0.39813,0.55000,0.43301,10.0002,0.02044,1,0.52020
50.7600,0.53769,0.44922,0.39813,0.55000,0.43301,10.0002,0.02044,1,0.52020
50.7800,0.53768,0.44923,0.39813,0.55000,0.43301,10.0002,0.02045,1,0.52021
50.8000,0.53768,0.44923,0.39813,0.55000,0.43301,10.0002,0.02045,1,0.52021
50.8200,0.53768,0.44924,0.39812,0.55000,0.43301,10.0002,0.02046,1,0.52022
50.8400,0.53768,0.44924,0.39812,0.55000,0.43301,10.0002,0.02046,1,0.52022
50.8600,0.53768,0.44924,0.39812,0.55000,0.43301,10.0002,0.02047,1,0.52023
50.8800,0.53767,0.44925,0.39812,0.55000,0.43301,10.0002,0.02047,1,0.52023
50.9000,0.53767,0.44925,0.39812,0.55000,0.43301,10.0002,0.02048,1,0.52024
50.9200,0.53767,0.44926,0.39812,0.55000,0.43301,10.0002,0.02048,1,0.52024
50.9400,0.53767,0.44926,0.39812,0.55000,0.43301,10.0002,0.02049,1,0.52025
50.9600,0.53766,0.44927,0.39812,0.55000,0.43301,10.0002,0.02049,1,0.52025
50.9800,0.53766,0.44927,0.39812,0.55000,0.43301,10.0002,0.02050,1,0.52026
51.0000,0.53766,0.44928,0.39812,0.55000,0.43301,10.0002,0.02050,1,0.52026
51.0200,0.53766,0.44928,0.39811,0.55000,0.43301,10.0002,0.02051,1,0.52027
51.0400,0.53765,0.44928,0.39811,0.55000,0.43301,10.0002,0.02051,1,0.52027
51.0600,0.53765,0.44929,0.39811,0.55000,0.43301,10.0002,0.02052,1,0.52028
51.0800,0.53765,0.44929,0.39811,0.55000,0.43301,10.0002,0.02052,1,0.52028
51.1000,0.53765,0.44930,0.39811,0.55000,0.43301,10.0002,0.02053,1,0.52029
51.1200,0.53764,0.44930,0.39811,0.55000,0.43301,10.0002,0.02053,1,0.52029
51.1400,0.53764,0.44931,0.39811,0.55000,0.43301,10.0002,0.02054,1,0.52030
51.1600,0.53764,0.44931,0.39811,0.55000,0.43301,10.0002,0.02054,1,0.52030
51.1800,0.53764,0.44931,0.39811,0.55000,0.43301,10.0002,0.02055,1,0.52031
51.2000,0.53763,0.44932,0.39811,0.55000,0.43301,10.0002,0.02055,1,0.52031
51.2200,0.53763,0.44932,0.39810,0.55000,0.43301,10.0002,0.02056,1,0.52032
51.2400,0.53763,0.44933,0.39810,0.55000,0.43301,10.0002,0.02056,1,0.52032
51.2600,0.53763,0.44933,0.39810,0.55000,0.43301,10.0002,0.02057,1,0.52033
51.2800,0.53762,0.44934,0.39810,0.55000,0.43301,10.0002,0.02057,1,0.52033
51.3000,0.53762,0.44934,0.39810,0.55000,0.43301,10.0002,0.02058,1,0.52034
51.3200,0.53762,0.44935,0.39810,0.55000,0.43301,10.0002,0.02058,1,0.52034
51.3400,0.53762,0.44935,0.39810,0.55000,0.43301,10.0002,0.02059,1,0.52035
51.3600,0.53762,0.44935,0.39810,0.55000,0.43301,10.0002,0.02059,1,0.52035
51.3800,0.53761,0.44936,0.39810,0.55000,0.43301,10.0002,0.02060,1,0.52036
51.4000,0.53761,0.44936,0.39810,0.55000,0.43301,10.0002,0.02060,1,0.52036
51.4200,0.53761,0.44937,0.39809,0.55000,0.43301,10.0002,0.02061,1,0.52037
51.4400,0.53761,0.44937,0.39809,0.55000,0.43301,10.0002,0.02061,1,0.52037
51.4600,0.53760,0.44938,0.39809,0.55000,0.43301,10.0002,0.02062,1,0.52038
51.4800,0.53760,0.44938,0.39809,0.55000,0.43301,10.0002,0.02062,1,0.52038
51.5000,0.53760,0.44938,0.39809,0.55000,0.43301,10.0002,0.02063,1,0.52039
51.5200,0.53760,0.44939,0.39809,0.55000,0.43301,10.0002,0.02063,1,0.52039
51.5400,0.53759,0.44939,0.39809,0.55000,0.43301,10.0002,0.02064,1,0.52040
51.5600,0.53759,0.44940,0.39809,0.55000,0.43301,10.0002,0.02064,1,0.52040
51.5800,0.53759,0.44940,0.39809,0.55000,0.43301,10.0002,0.02065,1,0.52041
51.6000,0.53759,0.44941,0.39809,0.55000,0.43301,10.0002,0.02065,1,0.52041
51.6200,0.53759,0.44941,0.39808,0.55000,0.43301,10.0002,0.02066,1,0.52042
51.6400,0.53758,0.44941,0.39808,0.55000,0.43301,10.0002,0.02066,1,0.52042
51.6600,0.53758,0.44942,0.39808,0.55000,0.43301,10.0002,0.02067,1,0.52043
51.6800,0.53758,0.44942,0.39808,0.55000,0.43301,10.0002,0.02067,1,0.52043
51.7000,0.53758,0.44943,0.39808,0.55000,0.43301,10.0002,0.02068,1,0.52044
51.7200,0.53757,0.44943,0.39808,0.55000,0.43301,10.0002,0.02068,1,0.52044
51.7400,0.53757,0.44944,0.39808,0.55000,0.43301,10.0002,0.02069,1,0.52045
51.7600,0.53757,0.44944,0.39808,0.55000,0.43301,10.0002,0.02069,1,0.52045
51.7800,0.53757,0.44944,0.39808,0.55000,0.43301,10.0002,0.02069,1,0.52046
51.8000,0.53756,0.44945,0.39808,0.55000,0.43301,10.0002,0.02070,1,0.52046
51.8200,0.53756,0.44945,0.39807,0.55000,0.43301,10.0002,0.02070,1,0.52047
51.8400,0.53756,0.44946,0.39807,0.55000,0.43301,10.0002,0.02071,1,0.52047
51.8600,0.53756,0.44946,0.39807,0.55000,0.43301,10.0002,0.02071,1,0.52048
51.8800,0.53756,0.44946,0.39807,0.55000,0.43301,10.0002,0.02072,1,0.52048
51.9000,0.53755,0.44947,0.39807,0.55000,0.43301,10.0002,0.02072,1,0.52049
51.9200,0.53755,0.44947,0.39807,0.55000,0.43301,10.0002,0.02073,1,0.52049
51.9400,0.53755,0.44948,0.39807,0.55000,0.43301,10.0002,0.02073,1,0.52049
51.9600,0.53755,0.44948,0.39807,0.55000,0.43301,10.0002,0.02074,1,0.52050
51.9800,0.53754,0.44949,0.39807,0.55000,0.43301,10.0002,0.02074,1,0.52050
52.0000,0.53754,0.44949,0.39807,0.55000,0.43301,10.0002,0.02075,1,0.52051
52.0200,0.53754,0.44949,0.39806,0.55000,0.43301,10.0002,0.02075,1,0.52051
52.0400,0.53754,0.44950,0.39806,0.55000,0.43301,10.0002,0.02076,1,0.52052
52.0600,0.53753,0.44950,0.39806,0.55000,0.43301,10.0002,0.02076,1,0.52052
52.0800,0.53753,0.44951,0.39806,0.55000,0.43301,10.0002,0.02077,1,0.52053
52.1000,0.53753,0.44951,0.39806,0.55000,0.43301,10.0002,0.02077,1,0.52053
52.1200,0.53753,0.44952,0.39806,0.55000,0.43301,10.0002,0.02078,1,0.52054
52.1400,0.53753,0.44952,0.39806,0.55000,0.43301,10.0002,0.02078,1,0.52054
52.1600,0.53752,0.44952,0.39806,0.55000,0.43301,10.0002,0.02079,1,0.52055
52.1800,0.53752,0.44953,0.39806,0.55000,0.43301,10.0002,0.02079,1,0.52055
52.2000,0.53752,0.44953,0.39806,0.55000,0.43301,10.0002,0.02080,1,0.52056
52.2200,0.53752,0.44954,0.39805,0.55000,0.43301,10.0002,0.02080,1,0.52056
52.2400,0.53751,0.44954,0.39805,0.55000,0.43301,10.0002,0.02080,1,0.52057
52.2600,0.53751,0.44954,0.39805,0.55000,0.43301,10.0002,0.02081,1,0.52057
52.2800,0.53751,0.44955,0.39805,0.55000,0.43301,10.0002,0.02081,1,0.52058
52.3000,0.53751,0.44955,0.39805,0.55000,0.43301,10.0002,0.02082,1,0.52058
52.3200,0.53751,0.44956,0.39805,0.55000,0.43301,10.0002,0.02082,1,0.52058
52.3400,0.53750,0.44956,0.39805,0.55000,0.43301,10.0002,0.02083,1,0.52059
52.3600,0.53750,0.44957,0.39805,0.55000,0.43301,10.0002,0.02083,1,0.52059
52.3800,0.53750,0.44957,0.39805,0.55000,0.43301,10.0002,0.02084,1,0.52060
52.4000,0.53750,0.44957,0.39805,0.55000,0.43301,10.0002,0.02084,1,0.52060
52.4200,0.53749,0.44958,0.39804,0.55000,0.43301,10.0002,0.02085,1,0.52061
52.4400,0.53749,0.44958,0.39804,0.55000,0.43301,10.0002,0.02085,1,0.52061
52.4600,0.53749,0.44959,0.39804,0.55000,0.43301,10.0002,0.02086,1,0.52062
52.4800,0.53749,0.44959,0.39804,0.55000,0.43301,10.0002,0.02086,1,0.52062
52.5000,0.53749,0.44959,0.39804,0.55000,0.43301,10.0002,0.02087,1,0.52063
52.5200,0.53748,0.44960,0.39804,0.55000,0.43301,10.0002,0.02087,1,0.52063
52.5400,0.53748,0.44960,0.39804,0.55000,0.43301,10.0002,0.02088,1,0.52064
52.5600,0.53748,0.44961,0.39804,0.55000,0.43301,10.0002,0.02088,1,0.52064
52.5800,0.53748,0.44961,0.39804,0.55000,0.43301,10.0002,0.02088,1,0.52065
52.6000,0.53747,0.44961,0.39804,0.55000,0.43301,10.0002,0.02089,1,0.52065
52.6200,0.53747,0.44962,0.39803,0.55000,0.43301,10.0002,0.02089,1,0.52066
52.6400,0.53747,0.44962,0.39803,0.55000,0.43301,10.0002,0.02090,1,0.52066
52.6600,0.53747,0.44963,0.39803,0.55000,0.43301,10.0002,0.02090,1,0.52066
52.6800,0.53747,0.44963,0.39803,0.55000,0.43301,10.0002,0.02091,1,0.52067
52.7000,0.53746,0.44963,0.39803,0.55000,0.43301,10.0002,0.02091,1,0.52067
52.7200,0.53746,0.44964,0.39803,0.55000,0.43301,10.0002,0.02092,1,0.52068
52.7400,0.53746,0.44964,0.39803,0.55000,0.43301,10.0002,0.02092,1,0.52068
52.7600,0.53746,0.44965,0.39803,0.55000,0.43301,10.0002,0.02093,1,0.52069
52.7800,0.53745,0.44965,0.39803,0.55000,0.43301,10.0002,0.02093,1,0.52069
52.8000,0.53745,0.44966,0.39803,0.55000,0.43301,10.0002,0.02094,1,0.52070
52.8200,0.53745,0.44966,0.39803,0.55000,0.43301,10.0002,0.02094,1,0.52070
52.8400,0.53745,0.44966,0.39802,0.55000,0.43301,10.0002,0.02095,1,0.52071
52.8600,0.53745,0.44967,0.39802,0.55000,0.43301,10.0002,0.02095,1,0.52071
52.8800,0.53744,0.44967,0.39802,0.55000,0.43301,10.0002,0.02095,1,0.52071
52.9000,0.53744,0.44968,0.39802,0.55000,0.43301,10.0002,0.02096,1,0.52072
52.9200,0.53744,0.44968,0.39802,0.55000,0.43301,10.0002,0.02096,1,0.52072
52.9400,0.53744,0.44968,0.39802,0.55000,0.43301,10.0002,0.02097,1,0.52073
52.9600,0.53743,0.44969,0.39802,0.55000,0.43301,10.0002,0.02097,1,0.52073
52.9800,0.53743,0.44969,0.39802,0.55000,0.43301,10.0002,0.02098,1,0.52074
53.0000,0.53743,0.44970,0.39802,0.55000,0.43301,10.0002,0.02098,1,0.52074
53.0200,0.53743,0.44970,0.39802,0.55000,0.43301,10.0002,0.02099,1,0.52075
53.0400,0.53743,0.44970,0.39801,0.55000,0.43301,10.0002,0.02099,1,0.52075
53.0600,0.53742,0.44971,0.39801,0.55000,0.43301,10.0002,0.02100,1,0.52076
53.0800,0.53742,0.44971,0.39801,0.55000,0.43301,10.0002,0.02100,1,0.52076
53.1000,0.53742,0.44972,0.39801,0.55000,0.43301,10.0002,0.02100,1,0.52076
53.1200,0.53742,0.44972,0.39801,0.55000,0.43301,10.0002,0.02101,1,0.52077
53.1400,0.53742,0.44972,0.39801,0.55000,0.43301,10.0002,0.02101,1,0.52077
53.1600,0.53741,0.44973,0.39801,0.55000,0.43301,10.0002,0.02102,1,0.52078
53.1800,0.53741,0.44973,0.39801,0.55000,0.43301,10.0002,0.02102,1,0.52078
53.2000,0.53741,0.44974,0.39801,0.55000,0.43301,10.0002,0.02103,1,0.52079
53.2200,0.53741,0.44974,0.39801,0.55000,0.43301,10.0002,0.02103,1,0.52079
53.2400,0.53740,0.44974,0.39800,0.55000,0.43301,10.0002,0.02104,1,0.52080
53.2600,0.53740,0.44975,0.39800,0.55000,0.43301,10.0002,0.02104,1,0.52080
53.2800,0.53740,0.44975,0.39800,0.55000,0.43301,10.0002,0.02105,1,0.52081
53.3000,0.53740,0.44975,0.39800,0.55000,0.43301,10.0002,0.02105,1,0.52081
53.3200,0.53740,0.44976,0.39800,0.55000,0.43301,10.0002,0.02105,1,0.52081
53.3400,0.53739,0.44976,0.39800,0.55000,0.43301,10.0002,0.02106,1,0.52082
53.3600,0.53739,0.44977,0.39800,0.55000,0.43301,10.0002,0.02106,1,0.52082
53.3800,0.53739,0.44977,0.39800,0.55000,0.43301,10.0002,0.02107,1,0.52083
53.4000,0.53739,0.44977,0.39800,0.55000,0.43301,10.0002,0.02107,1,0.52083
53.4200,0.53739,0.44978,0.39800,0.55000,0.43301,10.0002,0.02108,1,0.52084
53.4400,0.53738,0.44978,0.39800,0.55000,0.43301,10.0002,0.02108,1,0.52084
53.4600,0.53738,0.44979,0.39799,0.55000,0.43301,10.0002,0.02109,1,0.52085
53.4800,0.53738,0.44979,0.39799,0.55000,0.43301,10.0002,0.02109,1,0.52085
53.5000,0.53738,0.44979,0.39799,0.55000,0.43301,10.0002,0.02109,1,0.52085
53.5200,0.53738,0.44980,0.39799,0.55000,0.43301,10.0002,0.02110,1,0.52086
53.5400,0.53737,0.44980,0.39799,0.55000,0.43301,10.0002,0.02110,1,0.52086
53.5600,0.53737,0.44981,0.39799,0.55000,0.43301,10.0002,0.02111,1,0.52087
53.5800,0.53737,0.44981,0.39799,0.55000,0.43301,10.0002,0.02111,1,0.52087
53.6000,0.53737,0.44981,0.39799,0.55000,0.43301,10.0002,0.02112,1,0.52088
53.6200,0.53736,0.44982,0.39799,0.55000,0.43301,10.0002,0.02112,1,0.52088
53.6400,0.53736,0.44982,0.39799,0.55000,0.43301,10.0002,0.02113,1,0.52089
53.6600,0.53736,0.44983,0.39798,0.55000,0.43301,10.0002,0.02113,1,0.52089
53.6800,0.53736,0.44983,0.39798,0.55000,0.43301,10.0002,0.02113,1,0.52089
53.7000,0.53736,0.44983,0.39798,0.55000,0.43301,10.0002,0.02114,1,0.52090
53.7200,0.53735,0.44984,0.39798,0.55000,0.43301,10.0002,0.02114,1,0.52090
53.7400,0.53735,0.44984,0.39798,0.55000,0.43301,10.0002,0.02115,1,0.52091
53.7600,0.53735,0.44984,0.39798,0.55000,0.43301,10.0002,0.02115,1,0.52091
53.7800,0.53735,0.44985,0.39798,0.55000,0.43301,10.0002,0.02116,1,0.52092
53.8000,0.53735,0.44985,0.39798,0.55000,0.43301,10.0002,0.02116,1,0.52092
53.8200,0.53734,0.44986,0.39798,0.55000,0.43301,10.0002,0.02117,1,0.52093
53.8400,0.53734,0.44986,0.39798,0.55000,0.43301,10.0002,0.02117,1,0.52093
53.8600,0.53734,0.44986,0.39798,0.55000,0.43301,10.0002,0.02117,1,0.52093
53.8800,0.53734,0.44987,0.39797,0.55000,0.43301,10.0002,0.02118,1,0.52094
53.9000,0.53734,0.44987,0.39797,0.55000,0.43301,10.0002,0.02118,1,0.52094
53.9200,0.53733,0.44988,0.39797,0.55000,0.43301,10.0002,0.02119,1,0.52095
53.9400,0.53733,0.44988,0.39797,0.55000,0.43301,10.0002,0.02119,1,0.52095
53.9600,0.53733,0.44988,0.39797,0.55000,0.43301,10.0002,0.02120,1,0.52096
53.9800,0.53733,0.44989,0.39797,0.55000,0.43301,10.0002,0.02120,1,0.52096
54.0000,0.53733,0.44989,0.39797,0.55000,0.43301,10.0002,0.02120,1,0.52096
54.0200,0.53732,0.44989,0.39797,0.55000,0.43301,10.0002,0.02121,1,0.52097
54.0400,0.53732,0.44990,0.39797,0.55000,0.43301,10.0002,0.02121,1,0.52097
54.0600,0.53732,0.44990,0.39797,0.55000,0.43301,10.0002,0.02122,1,0.52098
54.0800,0.53732,0.44991,0.39796,0.55000,0.43301,10.0002,0.02122,1,0.52098
54.1000,0.53732,0.44991,0.39796,0.55000,0.43301,10.0002,0.02123,1,0.52099
54.1200,0.53731,0.44991,0.39796,0.55000,0.43301,10.0002,0.02123,1,0.52099
54.1400,0.53731,0.44992,0.39796,0.55000,0.43301,10.0002,0.02124,1,0.52099
54.1600,0.53731,0.44992,0.39796,0.55000,0.43301,10.0002,0.02124,1,0.52100
54.1800,0.53731,0.44993,0.39796,0.55000,0.43301,10.0002,0.02124,1,0.52100
54.2000,0.53731,0.44993,0.39796,0.55000,0.43301,10.0002,0.02125,1,0.52101
54.2200,0.53730,0.44993,0.39796,0.55000,0.43301,10.0002,0.02125,1,0.52101
54.2400,0.53730,0.44994,0.39796,0.55000,0.43301,10.0002,0.02126,1,0.52102
54.2600,0.53730,0.44994,0.39796,0.55000,0.43301,10.0002,0.02126,1,0.52102
54.2800,0.53730,0.44994,0.39796,0.55000,0.43301,10.0002,0.02127,1,0.52102
54.3000,0.53730,0.44995,0.39795,0.55000,0.43301,10.0002,0.02127,1,0.52103
54.3200,0.53729,0.44995,0.39795,0.55000,0.43301,10.0002,0.02127,1,0.52103
54.3400,0.53729,0.44996,0.39795,0.55000,0.43301,10.0002,0.02128,1,0.52104
54.3600,0.53729,0.44996,0.39795,0.55000,0.43301,10.0002,0.02128,1,0.52104
54.3800,0.53729,0.44996,0.39795,0.55000,0.43301,10.0002,0.02129,1,0.52105
54.4000,0.53729,0.44997,0.39795,0.55000,0.43301,10.0002,0.02129,1,0.52105
54.4200,0.53728,0.44997,0.39795,0.55000,0.43301,10.0002,0.02130,1,0.52105
54.4400,0.53728,0.44997,0.39795,0.55000,0.43301,10.0002,0.02130,1,0.52106
54.4600,0.53728,0.44998,0.39795,0.55000,0.43301,10.0002,0.02130,1,0.52106
54.4800,0.53728,0.44998,0.39795,0.55000,0.43301,10.0002,0.02131,1,0.52107
54.5000,0.53728,0.44999,0.39794,0.55000,0.43301,10.0002,0.02131,1,0.52107
54.5200,0.53727,0.44999,0.39794,0.55000,0.43301,10.0002,0.02132,1,0.52108
54.5400,0.53727,0.44999,0.39794,0.55000,0.43301,10.0002,0.02132,1,0.52108
54.5600,0.53727,0.45000,0.39794,0.55000,0.43301,10.0002,0.02133,1,0.52108
54.5800,0.53727,0.45000,0.39794,0.55000,0.43301,10.0002,0.02133,1,0.52109
54.6000,0.53727,0.45000,0.39794,0.55000,0.43301,10.0002,0.02133,1,0.52109
54.6200,0.53726,0.45001,0.39794,0.55000,0.43301,10.0002,0.02134,1,0.52110
54.6400,0.53726,0.45001,0.39794,0.55000,0.43301,10.0002,0.02134,1,0.52110
54.6600,0.53726,0.45002,0.39794,0.55000,0.43301,10.0002,0.02135,1,0.52111
54.6800,0.53726,0.45002,0.39794,0.55000,0.43301,10.0002,0.02135,1,0.52111
54.7000,0.53726,0.45002,0.39794,0.55000,0.43301,10.0002,0.02135,1,0.52111
54.7200,0.53725,0.45003,0.39793,0.55000,0.43301,10.0002,0.02136,1,0.52112
54.7400,0.53725,0.45003,0.39793,0.55000,0.43301,10.0002,0.02136,1,0.52112
54.7600,0.53725,0.45003,0.39793,0.55000,0.43301,10.0002,0.02137,1,0.52113
54.7800,0.53725,0.45004,0.39793,0.55000,0.43301,10.0002,0.02137,1,0.52113
54.8000,0.53725,0.45004,0.39793,0.55000,0.43301,10.0002,0.02138,1,0.52113
54.8200,0.53724,0.45004,0.39793,0.55000,0.43301,10.0002,0.02138,1,0.52114
54.8400,0.53724,0.45005,0.39793,0.55000,0.43301,10.0002,0.02138,1,0.52114
54.8600,0.53724,0.45005,0.39793,0.55000,0.43301,10.0002,0.02139,1,0.52115
54.8800,0.53724,0.45006,0.39793,0.55000,0.43301,10.0002,0.02139,1,0.52115
54.9000,0.53724,0.45006,0.39793,0.55000,0.43301,10.0002,0.02140,1,0.52116
54.9200,0.53723,0.45006,0.39793,0.55000,0.43301,10.0002,0.02140,1,0.52116
54.9400,0.53723,0.45007,0.39792,0.55000,0.43301,10.0002,0.02140,1,0.52116
54.9600,0.53723,0.45007,0.39792,0.55000,0.43301,10.0002,0.02141,1,0.52117
54.9800,0.53723,0.45007,0.39792,0.55000,0.43301,10.0002,0.02141,1,0.52117
55.0000,0.53723,0.45008,0.39792,0.55000,0.43301,10.0002,0.02142,1,0.52118
55.0200,0.53722,0.45008,0.39792,0.55000,0.43301,10.0002,0.02142,1,0.52118
55.0400,0.53722,0.45008,0.39792,0.55000,0.43301,10.0002,0.02143,1,0.52118
55.0600,0.53722,0.45009,0.39792,0.55000,0.43301,10.0002,0.02143,1,0.52119
55.0800,0.53722,0.45009,0.39792,0.55000,0.43301,10.0002,0.02143,1,0.52119
55.1000,0.53722,0.45010,0.39792,0.55000,0.43301,10.0002,0.02144,1,0.52120
55.1200,0.53721,0.45010,0.39792,0.55000,0.43301,10.0002,0.02144,1,0.52120
55.1400,0.53721,0.45010,0.39792,0.55000,0.43301,10.0002,0.02145,1,0.52120
55.1600,0.53721,0.45011,0.39791,0.55000,0.43301,10.0002,0.02145,1,0.52121
55.1800,0.53721,0.45011,0.39791,0.55000,0.43301,10.0002,0.02145,1,0.52121
55.2000,0.53721,0.45011,0.39791,0.55000,0.43301,10.0002,0.02146,1,0.52122
55.2200,0.53721,0.45012,0.39791,0.55000,0.43301,10.0002,0.02146,1,0.52122
55.2400,0.53720,0.45012,0.39791,0.55000,0.43301,10.0002,0.02147,1,0.52122
55.2600,0.53720,0.45012,0.39791,0.55000,0.43301,10.0002,0.02147,1,0.52123
55.2800,0.53720,0.45013,0.39791,0.55000,0.43301,10.0002,0.02147,1,0.52123
55.3000,0.53720,0.45013,0.39791,0.55000,0.43301,10.0002,0.02148,1,0.52124
55.3200,0.53720,0.45014,0.39791,0.55000,0.43301,10.0002,0.02148,1,0.52124
55.3400,0.53719,0.45014,0.39791,0.55000,0.43301,10.0002,0.02149,1,0.52125
55.3600,0.53719,0.45014,0.39790,0.55000,0.43301,10.0002,0.02149,1,0.52125
55.3800,0.53719,0.45015,0.39790,0.55000,0.43301,10.0002,0.02150,1,0.52125
55.4000,0.53719,0.45015,0.39790,0.55000,0.43301,10.0002,0.02150,1,0.52126
55.4200,0.53719,0.45015,0.39790,0.55000,0.43301,10.0002,0.02150,1,0.52126
55.4400,0.53718,0.45016,0.39790,0.55000,0.43301,10.0002,0.02151,1,0.52127
55.4600,0.53718,0.45016,0.39790,0.55000,0.43301,10.0002,0.02151,1,0.52127
55.4800,0.53718,0.45016,0.39790,0.55000,0.43301,10.0002,0.02152,1,0.52127
55.5000,0.53718,0.45017,0.39790,0.55000,0.43301,10.0002,0.02152,1,0.52128
55.5200,0.53718,0.45017,0.39790,0.55000,0.43301,10.0002,0.02152,1,0.52128
55.5400,0.53718,0.45017,0.39790,0.55000,0.43301,10.0002,0.02153,1,0.52129
55.5600,0.53717,0.45018,0.39790,0.55000,0.43301,10.0002,0.02153,1,0.52129
55.5800,0.53717,0.45018,0.39789,0.55000,0.43301,10.0002,0.02154,1,0.52129
55.6000,0.53717,0.45019,0.39789,0.55000,0.43301,10.0002,0.02154,1,0.52130
55.6200,0.53717,0.45019,0.39789,0.55000,0.43301,10.0002,0.02154,1,0.52130
55.6400,0.53717,0.45019,0.39789,0.55000,0.43301,10.0002,0.02155,1,0.52131
55.6600,0.53716,0.45020,0.39789,0.55000,0.43301,10.0002,0.02155,1,0.52131
55.6800,0.53716,0.45020,0.39789,0.55000,0.43301,10.0002,0.02156,1,0.52131
55.7000,0.53716,0.45020,0.39789,0.55000,0.43301,10.0002,0.02156,1,0.52132
55.7200,0.53716,0.45021,0.39789,0.55000,0.43301,10.0002,0.02156,1,0.52132
55.7400,0.53716,0.45021,0.39789,0.55000,0.43301,10.0002,0.02157,1,0.52133
55.7600,0.53715,0.45021,0.39789,0.55000,0.43301,10.0002,0.02157,1,0.52133
55.7800,0.53715,0.45022,0.39789,0.55000,0.43301,10.0002,0.02158,1,0.52133
55.8000,0.53715,0.45022,0.39788,0.55000,0.43301,10.0002,0.02158,1,0.52134
55.8200,0.53715,0.45022,0.39788,0.55000,0.43301,10.0002,0.02158,1,0.52134
55.8400,0.53715,0.45023,0.39788,0.55000,0.43301,10.0002,0.02159,1,0.52135
55.8600,0.53715,0.45023,0.39788,0.55000,0.43301,10.0002,0.02159,1,0.52135
55.8800,0.53714,0.45023,0.39788,0.55000,0.43301,10.0002,0.02160,1,0.52135
55.9000,0.53714,0.45024,0.39788,0.55000,0.43301,10.0002,0.02160,1,0.52136
55.9200,0.53714,0.45024,0.39788,0.55000,0.43301,10.0002,0.02160,1,0.52136
55.9400,0.53714,0.45025,0.39788,0.55000,0.43301,10.0002,0.02161,1,0.52136
55.9600,0.53714,0.45025,0.39788,0.55000,0.43301,10.0002,0.02161,1,0.52137
55.9800,0.53713,0.45025,0.39788,0.55000,0.43301,10.0002,0.02162,1,0.52137
56.0000,0.53713,0.45026,0.39788,0.55000,0.43301,10.0002,0.02162,1,0.52138
56.0200,0.53713,0.45026,0.39787,0.55000,0.43301,10.0002,0.02162,1,0.52138
56.0400,0.53713,0.45026,0.39787,0.55000,0.43301,10.0002,0.02163,1,0.52138
56.0600,0.53713,0.45027,0.39787,0.55000,0.43301,10.0002,0.02163,1,0.52139
56.0800,0.53713,0.45027,0.39787,0.55000,0.43301,10.0002,0.02164,1,0.52139
56.1000,0.53712,0.45027,0.39787,0.55000,0.43301,10.0002,0.02164,1,0.52140
56.1200,0.53712,0.45028,0.39787,0.55000,0.43301,10.0002,0.02164,1,0.52140
56.1400,0.53712,0.45028,0.39787,0.55000,0.43301,10.0002,0.02165,1,0.52140
56.1600,0.53712,0.45028,0.39787,0.55000,0.43301,10.0002,0.02165,1,0.52141
56.1800,0.53712,0.45029,0.39787,0.55000,0.43301,10.0002,0.02165,1,0.52141
56.2000,0.53711,0.45029,0.39787,0.55000,0.43301,10.0002,0.02166,1,0.52142
56.2200,0.53711,0.45029,0.39787,0.55000,0.43301,10.0002,0.02166,1,0.52142
56.2400,0.53711,0.45030,0.39786,0.55000,0.43301,10.0002,0.02167,1,0.52142
56.2600,0.53711,0.45030,0.39786,0.55000,0.43301,10.0002,0.02167,1,0.52143
56.2800,0.53711,0.45030,0.39786,0.55000,0.43301,10.0002,0.02167,1,0.52143
56.3000,0.53711,0.45031,0.39786,0.55000,0.43301,10.0002,0.02168,1,0.52144
56.3200,0.53710,0.45031,0.39786,0.55000,0.43301,10.0002,0.02168,1,0.52144
56.3400,0.53710,0.45031,0.39786,0.55000,0.43301,10.0002,0.02169,1,0.52144
56.3600,0.53710,0.45032,0.39786,0.55000,0.43301,10.0002,0.02169,1,0.52145
56.3800,0.53710,0.45032,0.39786,0.55000,0.43301,10.0002,0.02169,1,0.52145
56.4000,0.53710,0.45032,0.39786,0.55000,0.43301,10.0002,0.02170,1,0.52145
56.4200,0.53709,0.45033,0.39786,0.55000,0.43301,10.0002,0.02170,1,0.52146
56.4400,0.53709,0.45033,0.39786,0.55000,0.43301,10.0002,0.02171,1,0.52146
56.4600,0.53709,0.45033,0.39785,0.55000,0.43301,10.0002,0.02171,1,0.52147
56.4800,0.53709,0.45034,0.39785,0.55000,0.43301,10.0002,0.02171,1,0.52147
56.5000,0.53709,0.45034,0.39785,0.55000,0.43301,10.0002,0.02172,1,0.52147
56.5200,0.53709,0.45034,0.39785,0.55000,0.43301,10.0002,0.02172,1,0.52148
56.5400,0.53708,0.45035,0.39785,0.55000,0.43301,10.0002,0.02172,1,0.52148
56.5600,0.53708,0.45035,0.39785,0.55000,0.43301,10.0002,0.02173,1,0.52148
56.5800,0.53708,0.45035,0.39785,0.55000,0.43301,10.0002,0.02173,1,0.52149
56.6000,0.53708,0.45036,0.39785,0.55000,0.43301,10.0002,0.02174,1,0.52149
56.6200,0.53708,0.45036,0.39785,0.55000,0.43301,10.0002,0.02174,1,0.52150
56.6400,0.53708,0.45036,0.39785,0.55000,0.43301,10.0002,0.02174,1,0.52150
56.6600,0.53707,0.45037,0.39785,0.55000,0.43301,10.0002,0.02175,1,0.52150
56.6800,0.53707,0.45037,0.39785,0.55000,0.43301,10.0002,0.02175,1,0.52151
56.7000,0.53707,0.45037,0.39784,0.55000,0.43301,10.0002,0.02175,1,0.52151
56.7200,0.53707,0.45038,0.39784,0.55000,0.43301,10.0002,0.02176,1,0.52152
56.7400,0.53707,0.45038,0.39784,0.55000,0.43301,10.0002,0.02176,1,0.52152
56.7600,0.53706,0.45038,0.39784,0.55000,0.43301,10.0002,0.02177,1,0.52152
56.7800,0.53706,0.45039,0.39784,0.55000,0.43301,10.0002,0.02177,1,0.52153
56.8000,0.53706,0.45039,0.39784,0.55000,0.43301,10.0002,0.02177,1,0.52153
56.8200,0.53706,0.45039,0.39784,0.55000,0.43301,10.0002,0.02178,1,0.52153
56.8400,0.53706,0.45040,0.39784,0.55000,0.43301,10.0002,0.02178,1,0.52154
56.8600,0.53706,0.45040,0.39784,0.55000,0.43301,10.0002,0.02179,1,0.52154
56.8800,0.53705,0.45040,0.39784,0.55000,0.43301,10.0002,0.02179,1,0.52155
56.9000,0.53705,0.45041,0.39784,0.55000,0.43301,10.0002,0.02179,1,0.52155
56.9200,0.53705,0.45041,0.39783,0.55000,0.43301,10.0002,0.02180,1,0.52155
56.9400,0.53705,0.45041,0.39783,0.55000,0.43301,10.0002,0.02180,1,0.52156
56.9600,0.53705,0.45042,0.39783,0.55000,0.43301,10.0002,0.02180,1,0.52156
56.9800,0.53705,0.45042,0.39783,0.55000,0.43301,10.0002,0.02181,1,0.52156
57.0000,0.53704,0.45042,0.39783,0.55000,0.43301,10.0002,0.02181,1,0.52157
57.0200,0.53704,0.45043,0.39783,0.55000,0.43301,10.0002,0.02182,1,0.52157
57.0400,0.53704,0.45043,0.39783,0.55000,0.43301,10.0002,0.02182,1,0.52158
57.0600,0.53704,0.45043,0.39783,0.55000,0.43301,10.0002,0.02182,1,0.52158
57.0800,0.53704,0.45044,0.39783,0.55000,0.43301,10.0002,0.02183,1,0.52158
57.1000,0.53704,0.45044,0.39783,0.55000,0.43301,10.0002,0.02183,1,0.52159
57.1200,0.53703,0.45044,0.39783,0.55000,0.43301,10.0002,0.02183,1,0.52159
57.1400,0.53703,0.45045,0.39782,0.55000,0.43301,10.0002,0.02184,1,0.52159
57.1600,0.53703,0.45045,0.39782,0.55000,0.43301,10.0002,0.02184,1,0.52160
57.1800,0.53703,0.45045,0.39782,0.55000,0.43301,10.0002,0.02185,1,0.52160
57.2000,0.53703,0.45046,0.39782,0.55000,0.43301,10.0002,0.02185,1,0.52160
57.2200,0.53703,0.45046,0.39782,0.55000,0.43301,10.0002,0.02185,1,0.52161
57.2400,0.53702,0.45046,0.39782,0.55000,0.43301,10.0002,0.02186,1,0.52161
57.2600,0.53702,0.45047,0.39782,0.55000,0.43301,10.0002,0.02186,1,0.52162
57.2800,0.53702,0.45047,0.39782,0.55000,0.43301,10.0002,0.02186,1,0.52162
57.3000,0.53702,0.45047,0.39782,0.55000,0.43301,10.0002,0.02187,1,0.52162
57.3200,0.53702,0.45048,0.39782,0.55000,0.43301,10.0002,0.02187,1,0.52163
57.3400,0.53702,0.45048,0.39782,0.55000,0.43301,10.0002,0.02187,1,0.52163
57.3600,0.53701,0.45048,0.39782,0.55000,0.43301,10.0002,0.02188,1,0.52163
57.3800,0.53701,0.45049,0.39781,0.55000,0.43301,10.0002,0.02188,1,0.52164
57.4000,0.53701,0.45049,0.39781,0.55000,0.43301,10.0002,0.02189,1,0.52164
57.4200,0.53701,0.45049,0.39781,0.55000,0.43301,10.0002,0.02189,1,0.52165
57.4400,0.53701,0.45050,0.39781,0.55000,0.43301,10.0002,0.02189,1,0.52165
57.4600,0.53701,0.45050,0.39781,0.55000,0.43301,10.0002,0.02190,1,0.52165
57.4800,0.53700,0.45050,0.39781,0.55000,0.43301,10.0002,0.02190,1,0.52166
57.5000,0.53700,0.45051,0.39781,0.55000,0.43301,10.0002,0.02190,1,0.52166
57.5200,0.53700,0.45051,0.39781,0.55000,0.43301,10.0002,0.02191,1,0.52166
57.5400,0.53700,0.45051,0.39781,0.55000,0.43301,10.0002,0.02191,1,0.52167
57.5600,0.53700,0.45052,0.39781,0.55000,0.43301,10.0002,0.02191,1,0.52167
57.5800,0.53700,0.45052,0.39781,0.55000,0.43301,10.0002,0.02192,1,0.52167
57.6000,0.53699,0.45052,0.39780,0.55000,0.43301,10.0002,0.02192,1,0.52168
57.6200,0.53699,0.45053,0.39780,0.55000,0.43301,10.0002,0.02193,1,0.52168
57.6400,0.53699,0.45053,0.39780,0.55000,0.43301,10.0002,0.02193,1,0.52169
57.6600,0.53699,0.45053,0.39780,0.55000,0.43301,10.0002,0.02193,1,0.52169
57.6800,0.53699,0.45054,0.39780,0.55000,0.43301,10.0002,0.02194,1,0.52169
57.7000,0.53699,0.45054,0.39780,0.55000,0.43301,10.0002,0.02194,1,0.52170
57.7200,0.53698,0.45054,0.39780,0.55000,0.43301,10.0002,0.02194,1,0.52170
57.7400,0.53698,0.45054,0.39780,0.55000,0.43301,10.0002,0.02195,1,0.52170
57.7600,0.53698,0.45055,0.39780,0.55000,0.43301,10.0002,0.02195,1,0.52171
57.7800,0.53698,0.45055,0.39780,0.55000,0.43301,10.0002,0.02195,1,0.52171
57.8000,0.53698,0.45055,0.39780,0.55000,0.43301,10.0002,0.02196,1,0.52171
57.8200,0.53698,0.45056,0.39780,0.55000,0.43301,10.0002,0.02196,1,0.52172
57.8400,0.53697,0.45056,0.39779,0.55000,0.43301,10.0002,0.02197,1,0.52172
57.8600,0.53697,0.45056,0.39779,0.55000,0.43301,10.0002,0.02197,1,0.52172
57.8800,0.53697,0.45057,0.39779,0.55000,0.43301,10.0002,0.02197,1,0.52173
57.9000,0.53697,0.45057,0.39779,0.55000,0.43301,10.0002,0.02198,1,0.52173
57.9200,0.53697,0.45057,0.39779,0.55000,0.43301,10.0002,0.02198,1,0.52174
57.9400,0.53697,0.45058,0.39779,0.55000,0.43301,10.0002,0.02198,1,0.52174
57.9600,0.53696,0.45058,0.39779,0.55000,0.43301,10.0002,0.02199,1,0.52174
57.9800,0.53696,0.45058,0.39779,0.55000,0.43301,10.0002,0.02199,1,0.52175
58.0000,0.53696,0.45059,0.39779,0.55000,0.43301,10.0002,0.02199,1,0.52175
58.0200,0.53696,0.45059,0.39779,0.55000,0.43301,10.0002,0.02200,1,0.52175
58.0400,0.53696,0.45059,0.39779,0.55000,0.43301,10.0002,0.02200,1,0.52176
58.0600,0.53696,0.45060,0.39778,0.55000,0.43301,10.0002,0.02200,1,0.52176
58.0800,0.53695,0.45060,0.39778,0.55000,0.43301,10.0002,0.02201,1,0.52176
58.1000,0.53695,0.45060,0.39778,0.55000,0.43301,10.0002,0.02201,1,0.52177
58.1200,0.53695,0.45060,0.39778,0.55000,0.43301,10.0002,0.02202,1,0.52177
58.1400,0.53695,0.45061,0.39778,0.55000,0.43301,10.0002,0.02202,1,0.52177
58.1600,0.53695,0.45061,0.39778,0.55000,0.43301,10.0002,0.02202,1,0.52178
58.1800,0.53695,0.45061,0.39778,0.55000,0.43301,10.0002,0.02203,1,0.52178
58.2000,0.53694,0.45062,0.39778,0.55000,0.43301,10.0002,0.02203,1,0.52178
58.2200,0.53694,0.45062,0.39778,0.55000,0.43301,10.0002,0.02203,1,0.52179
58.2400,0.53694,0.45062,0.39778,0.55000,0.43301,10.0002,0.02204,1,0.52179
58.2600,0.53694,0.45063,0.39778,0.55000,0.43301,10.0002,0.02204,1,0.52179
58.2800,0.53694,0.45063,0.39778,0.55000,0.43301,10.0002,0.02204,1,0.52180
58.3000,0.53694,0.45063,0.39777,0.55000,0.43301,10.0002,0.02205,1,0.52180
58.3200,0.53694,0.45064,0.39777,0.55000,0.43301,10.0002,0.02205,1,0.52181
58.3400,0.53693,0.45064,0.39777,0.55000,0.43301,10.0002,0.02205,1,0.52181
58.3600,0.53693,0.45064,0.39777,0.55000,0.43301,10.0002,0.02206,1,0.52181
58.3800,0.53693,0.45065,0.39777,0.55000,0.43301,10.0002,0.02206,1,0.52182
58.4000,0.53693,0.45065,0.39777,0.55000,0.43301,10.0002,0.02206,1,0.52182
58.4200,0.53693,0.45065,0.39777,0.55000,0.43301,10.0002,0.02207,1,0.52182
58.4400,0.53693,0.45065,0.39777,0.55000,0.43301,10.0002,0.02207,1,0.52183
58.4600,0.53692,0.45066,0.39777,0.55000,0.43301,10.0002,0.02208,1,0.52183
58.4800,0.53692,0.45066,0.39777,0.55000,0.43301,10.0002,0.02208,1,0.52183
58.5000,0.53692,0.45066,0.39777,0.55000,0.43301,10.0002,0.02208,1,0.52184
58.5200,0.53692,0.45067,0.39777,0.55000,0.43301,10.0002,0.02209,1,0.52184
58.5400,0.53692,0.45067,0.39776,0.55000,0.43301,10.0002,0.02209,1,0.52184
58.5600,0.53692,0.45067,0.39776,0.55000,0.43301,10.0002,0.02209,1,0.52185
58.5800,0.53691,0.45068,0.39776,0.55000,0.43301,10.0002,0.02210,1,0.52185
58.6000,0.53691,0.45068,0.39776,0.55000,0.43301,10.0002,0.02210,1,0.52185
58.6200,0.53691,0.45068,0.39776,0.55000,0.43301,10.0002,0.02210,1,0.52186
58.6400,0.53691,0.45069,0.39776,0.55000,0.43301,10.0002,0.02211,1,0.52186
58.6600,0.53691,0.45069,0.39776,0.55000,0.43301,10.0002,0.02211,1,0.52186
58.6800,0.53691,0.45069,0.39776,0.55000,0.43301,10.0002,0.02211,1,0.52187
58.7000,0.53691,0.45069,0.39776,0.55000,0.43301,10.0002,0.02212,1,0.52187
58.7200,0.53690,0.45070,0.39776,0.55000,0.43301,10.0002,0.02212,1,0.52187
58.7400,0.53690,0.45070,0.39776,0.55000,0.43301,10.0002,0.02212,1,0.52188
58.7600,0.53690,0.45070,0.39775,0.55000,0.43301,10.0002,0.02213,1,0.52188
58.7800,0.53690,0.45071,0.39775,0.55000,0.43301,10.0002,0.02213,1,0.52188
58.8000,0.53690,0.45071,0.39775,0.55000,0.43301,10.0002,0.02213,1,0.52189
58.8200,0.53690,0.45071,0.39775,0.55000,0.43301,10.0002,0.02214,1,0.52189
58.8400,0.53689,0.45072,0.39775,0.55000,0.43301,10.0002,0.02214,1,0.52189
58.8600,0.53689,0.45072,0.39775,0.55000,0.43301,10.0002,0.02214,1,0.52190
58.8800,0.53689,0.45072,0.39775,0.55000,0.43301,10.0002,0.02215,1,0.52190
58.9000,0.53689,0.45072,0.39775,0.55000,0.43301,10.0002,0.02215,1,0.52190
58.9200,0.53689,0.45073,0.39775,0.55000,0.43301,10.0002,0.02215,1,0.52191
58.9400,0.53689,0.45073,0.39775,0.55000,0.43301,10.0002,0.02216,1,0.52191
58.9600,0.53689,0.45073,0.39775,0.55000,0.43301,10.0002,0.02216,1,0.52191
58.9800,0.53688,0.45074,0.39775,0.55000,0.43301,10.0002,0.02216,1,0.52192
59.0000,0.53688,0.45074,0.39774,0.55000,0.43301,10.0002,0.02217,1,0.52192
59.0200,0.53688,0.45074,0.39774,0.55000,0.43301,10.0002,0.02217,1,0.52192
59.0400,0.53688,0.45075,0.39774,0.55000,0.43301,10.0002,0.02217,1,0.52193
59.0600,0.53688,0.45075,0.39774,0.55000,0.43301,10.0002,0.02218,1,0.52193
59.0800,0.53688,0.45075,0.39774,0.55000,0.43301,10.0002,0.02218,1,0.52193
59.1000,0.53687,0.45075,0.39774,0.55000,0.43301,10.0002,0.02218,1,0.52194
59.1200,0.53687,0.45076,0.39774,0.55000,0.43301,10.0002,0.02219,1,0.52194
59.1400,0.53687,0.45076,0.39774,0.55000,0.43301,10.0002,0.02219,1,0.52194
59.1600,0.53687,0.45076,0.39774,0.55000,0.43301,10.0002,0.02219,1,0.52195
59.1800,0.53687,0.45077,0.39774,0.55000,0.43301,10.0002,0.02220,1,0.52195
59.2000,0.53687,0.45077,0.39774,0.55000,0.43301,10.0002,0.02220,1,0.52195
59.2200,0.53687,0.45077,0.39774,0.55000,0.43301,10.0002,0.02220,1,0.52196
59.2400,0.53686,0.45078,0.39773,0.55000,0.43301,10.0002,0.02221,1,0.52196
59.2600,0.53686,0.45078,0.39773,0.55000,0.43301,10.0002,0.02221,1,0.52196
59.2800,0.53686,0.45078,0.39773,0.55000,0.43301,10.0002,0.02221,1,0.52197
59.3000,0.53686,0.45078,0.39773,0.55000,0.43301,10.0002,0.02222,1,0.52197
59.3200,0.53686,0.45079,0.39773,0.55000,0.43301,10.0002,0.02222,1,0.52197
59.3400,0.53686,0.45079,0.39773,0.55000,0.43301,10.0002,0.02222,1,0.52198
59.3600,0.53686,0.45079,0.39773,0.55000,0.43301,10.0002,0.02223,1,0.52198
59.3800,0.53685,0.45080,0.39773,0.55000,0.43301,10.0002,0.02223,1,0.52198
59.4000,0.53685,0.45080,0.39773,0.55000,0.43301,10.0002,0.02223,1,0.52199
59.4200,0.53685,0.45080,0.39773,0.55000,0.43301,10.0002,0.02224,1,0.52199
59.4400,0.53685,0.45080,0.39773,0.55000,0.43301,10.0002,0.02224,1,0.52199
59.4600,0.53685,0.45081,0.39773,0.55000,0.43301,10.0002,0.02224,1,0.52200
59.4800,0.53685,0.45081,0.39772,0.55000,0.43301,10.0002,0.02225,1,0.52200
59.5000,0.53684,0.45081,0.39772,0.55000,0.43301,10.0002,0.02225,1,0.52200
59.5200,0.53684,0.45082,0.39772,0.55000,0.43301,10.0002,0.02225,1,0.52201
59.5400,0.53684,0.45082,0.39772,0.55000,0.43301,10.0002,0.02226,1,0.52201
59.5600,0.53684,0.45082,0.39772,0.55000,0.43301,10.0002,0.02226,1,0.52201
59.5800,0.53684,0.45083,0.39772,0.55000,0.43301,10.0002,0.02226,1,0.52202
59.6000,0.53684,0.45083,0.39772,0.55000,0.43301,10.0002,0.02227,1,0.52202
59.6200,0.53684,0.45083,0.39772,0.55000,0.43301,10.0002,0.02227,1,0.52202
59.6400,0.53683,0.45083,0.39772,0.55000,0.43301,10.0002,0.02227,1,0.52203
59.6600,0.53683,0.45084,0.39772,0.55000,0.43301,10.0002,0.02228,1,0.52203
59.6800,0.53683,0.45084,0.39772,0.55000,0.43301,10.0002,0.02228,1,0.52203
59.7000,0.53683,0.45084,0.39772,0.55000,0.43301,10.0002,0.02228,1,0.52204
59.7200,0.53683,0.45085,0.39771,0.55000,0.43301,10.0002,0.02229,1,0.52204
59.7400,0.53683,0.45085,0.39771,0.55000,0.43301,10.0002,0.02229,1,0.52204
59.7600,0.53683,0.45085,0.39771,0.55000,0.43301,10.0002,0.02229,1,0.52205
59.7800,0.53682,0.45085,0.39771,0.55000,0.43301,10.0002,0.02230,1,0.52205
59.8000,0.53682,0.45086,0.39771,0.55000,0.43301,10.0002,0.02230,1,0.52205
59.8200,0.53682,0.45086,0.39771,0.55000,0.43301,10.0002,0.02230,1,0.52206
59.8400,0.53682,0.45086,0.39771,0.55000,0.43301,10.0002,0.02231,1,0.52206
59.8600,0.53682,0.45087,0.39771,0.55000,0.43301,10.0002,0.02231,1,0.52206
59.8800,0.53682,0.45087,0.39771,0.55000,0.43301,10.0002,0.02231,1,0.52207
59.9000,0.53682,0.45087,0.39771,0.55000,0.43301,10.0002,0.02232,1,0.52207
59.9200,0.53681,0.45087,0.39771,0.55000,0.43301,10.0002,0.02232,1,0.52207
59.9400,0.53681,0.45088,0.39771,0.55000,0.43301,10.0002,0.02232,1,0.52208
59.9600,0.53681,0.45088,0.39771,0.55000,0.43301,10.0002,0.02233,1,0.52208
59.9800,0.53681,0.45088,0.39770,0.55000,0.43301,10.0002,0.02233,1,0.52208
60.0000,0.53681,0.45089,0.39770,0.55000,0.43301,10.0002,0.02233,1,0.52209
60.0200,0.53681,0.45089,0.39770,0.55000,0.43301,10.0002,0.02234,1,0.52209
60.0400,0.53681,0.45089,0.39770,0.55000,0.43301,10.0002,0.02234,1,0.52209
60.0600,0.53680,0.45089,0.39770,0.55000,0.43301,10.0002,0.02234,1,0.52209
60.0800,0.53680,0.45090,0.39770,0.55000,0.43301,10.0002,0.02235,1,0.52210
60.1000,0.53680,0.45090,0.39770,0.55000,0.43301,10.0002,0.02235,1,0.52210
60.1200,0.53680,0.45090,0.39770,0.55000,0.43301,10.0002,0.02235,1,0.52210
60.1400,0.53680,0.45091,0.39770,0.55000,0.43301,10.0002,0.02235,1,0.52211
60.1600,0.53680,0.45091,0.39770,0.55000,0.43301,10.0002,0.02236,1,0.52211
60.1800,0.53680,0.45091,0.39770,0.55000,0.43301,10.0002,0.02236,1,0.52211
60.2000,0.53679,0.45091,0.39770,0.55000,0.43301,10.0002,0.02236,1,0.52212
60.2200,0.53679,0.45092,0.39769,0.55000,0.43301,10.0002,0.02237,1,0.52212
60.2400,0.53679,0.45092,0.39769,0.55000,0.43301,10.0002,0.02237,1,0.52212
60.2600,0.53679,0.45092,0.39769,0.55000,0.43301,10.0002,0.02237,1,0.52213
60.2800,0.53679,0.45093,0.39769,0.55000,0.43301,10.0002,0.02238,1,0.52213
60.3000,0.53679,0.45093,0.39769,0.55000,0.43301,10.0002,0.02238,1,0.52213
60.3200,0.53679,0.45093,0.39769,0.55000,0.43301,10.0002,0.02238,1,0.52214
60.3400,0.53678,0.45093,0.39769,0.55000,0.43301,10.0002,0.02239,1,0.52214
60.3600,0.53678,0.45094,0.39769,0.55000,0.43301,10.0002,0.02239,1,0.52214
60.3800,0.53678,0.45094,0.39769,0.55000,0.43301,10.0002,0.02239,1,0.52214
60.4000,0.53678,0.45094,0.39769,0.55000,0.43301,10.0002,0.02240,1,0.52215
60.4200,0.53678,0.45094,0.39769,0.55000,0.43301,10.0002,0.02240,1,0.52215
60.4400,0.53678,0.45095,0.39769,0.55000,0.43301,10.0002,0.02240,1,0.52215
60.4600,0.53678,0.45095,0.39768,0.55000,0.43301,10.0002,0.02241,1,0.52216
60.4800,0.53677,0.45095,0.39768,0.55000,0.43301,10.0002,0.02241,1,0.52216
60.5000,0.53677,0.45096,0.39768,0.55000,0.43301,10.0002,0.02241,1,0.52216
60.5200,0.53677,0.45096,0.39768,0.55000,0.43301,10.0002,0.02241,1,0.52217
60.5400,0.53677,0.45096,0.39768,0.55000,0.43301,10.0002,0.02242,1,0.52217
60.5600,0.53677,0.45096,0.39768,0.55000,0.43301,10.0002,0.02242,1,0.52217
60.5800,0.53677,0.45097,0.39768,0.55000,0.43301,10.0002,0.02242,1,0.52218
60.6000,0.53677,0.45097,0.39768,0.55000,0.43301,10.0002,0.02243,1,0.52218
60.6200,0.53676,0.45097,0.39768,0.55000,0.43301,10.0002,0.02243,1,0.52218
60.6400,0.53676,0.45098,0.39768,0.55000,0.43301,10.0002,0.02243,1,0.52219
60.6600,0.53676,0.45098,0.39768,0.55000,0.43301,10.0002,0.02244,1,0.52219
60.6800,0.53676,0.45098,0.39768,0.55000,0.43301,10.0002,0.02244,1,0.52219
60.7000,0.53676,0.45098,0.39768,0.55000,0.43301,10.0002,0.02244,1,0.52219
60.7200,0.53676,0.45099,0.39767,0.55000,0.43301,10.0002,0.02245,1,0.52220
60.7400,0.53676,0.45099,0.39767,0.55000,0.43301,10.0002,0.02245,1,0.52220
60.7600,0.53676,0.45099,0.39767,0.55000,0.43301,10.0002,0.02245,1,0.52220
60.7800,0.53675,0.45099,0.39767,0.55000,0.43301,10.0002,0.02245,1,0.52221
60.8000,0.53675,0.45100,0.39767,0.55000,0.43301,10.0002,0.02246,1,0.52221
60.8200,0.53675,0.45100,0.39767,0.55000,0.43301,10.0002,0.02246,1,0.52221
60.8400,0.53675,0.45100,0.39767,0.55000,0.43301,10.0002,0.02246,1,0.52222
60.8600,0.53675,0.45101,0.39767,0.55000,0.43301,10.0002,0.02247,1,0.52222
60.8800,0.53675,0.45101,0.39767,0.55000,0.43301,10.0002,0.02247,1,0.52222
60.9000,0.53675,0.45101,0.39767,0.55000,0.43301,10.0002,0.02247,1,0.52222
60.9200,0.53674,0.45101,0.39767,0.55000,0.43301,10.0002,0.02248,1,0.52223
60.9400,0.53674,0.45102,0.39767,0.55000,0.43301,10.0002,0.02248,1,0.52223
60.9600,0.53674,0.45102,0.39766,0.55000,0.43301,10.0002,0.02248,1,0.52223
60.9800,0.53674,0.45102,0.39766,0.55000,0.43301,10.0002,0.02249,1,0.52224
61.0000,0.53674,0.45102,0.39766,0.55000,0.43301,10.0002,0.02249,1,0.52224
61.0200,0.53674,0.45103,0.39766,0.55000,0.43301,10.0002,0.02249,1,0.52224
61.0400,0.53674,0.45103,0.39766,0.55000,0.43301,10.0002,0.02249,1,0.52225
61.0600,0.53674,0.45103,0.39766,0.55000,0.43301,10.0002,0.02250,1,0.52225
61.0800,0.53673,0.45104,0.39766,0.55000,0.43301,10.0002,0.02250,1,0.52225
61.1000,0.53673,0.45104,0.39766,0.55000,0.43301,10.0002,0.02250,1,0.52226
61.1200,0.53673,0.45104,0.39766,0.55000,0.43301,10.0002,0.02251,1,0.52226
61.1400,0.53673,0.45104,0.39766,0.55000,0.43301,10.0002,0.02251,1,0.52226
61.1600,0.53673,0.45105,0.39766,0.55000,0.43301,10.0002,0.02251,1,0.52226
61.1800,0.53673,0.45105,0.39766,0.55000,0.43301,10.0002,0.02252,1,0.52227
61.2000,0.53673,0.45105,0.39766,0.55000,0.43301,10.0002,0.02252,1,0.52227
61.2200,0.53672,0.45105,0.39765,0.55000,0.43301,10.0002,0.02252,1,0.52227
61.2400,0.53672,0.45106,0.39765,0.55000,0.43301,10.0002,0.02252,1,0.52228
61.2600,0.53672,0.45106,0.39765,0.55000,0.43301,10.0002,0.02253,1,0.52228
61.2800,0.53672,0.45106,0.39765,0.55000,0.43301,10.0002,0.02253,1,0.52228
61.3000,0.53672,0.45106,0.39765,0.55000,0.43301,10.0002,0.02253,1,0.52229
61.3200,0.53672,0.45107,0.39765,0.55000,0.43301,10.0002,0.02254,1,0.52229
61.3400,0.53672,0.45107,0.39765,0.55000,0.43301,10.0002,0.02254,1,0.52229
61.3600,0.53672,0.45107,0.39765,0.55000,0.43301,10.0002,0.02254,1,0.52229
61.3800,0.53671,0.45108,0.39765,0.55000,0.43301,10.0002,0.02255,1,0.52230
61.4000,0.53671,0.45108,0.39765,0.55000,0.43301,10.0002,0.02255,1,0.52230
61.4200,0.53671,0.45108,0.39765,0.55000,0.43301,10.0002,0.02255,1,0.52230
61.4400,0.53671,0.45108,0.39765,0.55000,0.43301,10.0002,0.02255,1,0.52231
61.4600,0.53671,0.45109,0.39765,0.55000,0.43301,10.0002,0.02256,1,0.52231
61.4800,0.53671,0.45109,0.39764,0.55000,0.43301,10.0002,0.02256,1,0.52231
61.5000,0.53671,0.45109,0.39764,0.55000,0.43301,10.0002,0.02256,1,0.52231
61.5200,0.53670,0.45109,0.39764,0.55000,0.43301,10.0002,0.02257,1,0.52232
61.5400,0.53670,0.45110,0.39764,0.55000,0.43301,10.0002,0.02257,1,0.52232
61.5600,0.53670,0.45110,0.39764,0.55000,0.43301,10.0002,0.02257,1,0.52232
61.5800,0.53670,0.45110,0.39764,0.55000,0.43301,10.0002,0.02258,1,0.52233
61.6000,0.53670,0.45110,0.39764,0.55000,0.43301,10.0002,0.02258,1,0.52233
61.6200,0.53670,0.45111,0.39764,0.55000,0.43301,10.0002,0.02258,1,0.52233
61.6400,0.53670,0.45111,0.39764,0.55000,0.43301,10.0002,0.02258,1,0.52234
61.6600,0.53670,0.45111,0.39764,0.55000,0.43301,10.0002,0.02259,1,0.52234
61.6800,0.53669,0.45111,0.39764,0.55000,0.43301,10.0002,0.02259,1,0.52234
61.7000,0.53669,0.45112,0.39764,0.55000,0.43301,10.0002,0.02259,1,0.52234
61.7200,0.53669,0.45112,0.39763,0.55000,0.43301,10.0002,0.02260,1,0.52235
61.7400,0.53669,0.45112,0.39763,0.55000,0.43301,10.0002,0.02260,1,0.52235
61.7600,0.53669,0.45113,0.39763,0.55000,0.43301,10.0002,0.02260,1,0.52235
61.7800,0.53669,0.45113,0.39763,0.55000,0.43301,10.0002,0.02260,1,0.52236
61.8000,0.53669,0.45113,0.39763,0.55000,0.43301,10.0002,0.02261,1,0.52236
61.8200,0.53669,0.45113,0.39763,0.55000,0.43301,10.0002,0.02261,1,0.52236
61.8400,0.53668,0.45114,0.39763,0.55000,0.43301,10.0002,0.02261,1,0.52236
61.8600,0.53668,0.45114,0.39763,0.55000,0.43301,10.0002,0.02262,1,0.52237
61.8800,0.53668,0.45114,0.39763,0.55000,0.43301,10.0002,0.02262,1,0.52237
61.9000,0.53668,0.45114,0.39763,0.55000,0.43301,10.0002,0.02262,1,0.52237
61.9200,0.53668,0.45115,0.39763,0.55000,0.43301,10.0002,0.02263,1,0.52238
61.9400,0.53668,0.45115,0.39763,0.55000,0.43301,10.0002,0.02263,1,0.52238
61.9600,0.53668,0.45115,0.39763,0.55000,0.43301,10.0002,0.02263,1,0.52238
61.9800,0.53668,0.45115,0.39762,0.55000,0.43301,10.0002,0.02263,1,0.52238
62.0000,0.53667,0.45116,0.39762,0.55000,0.43301,10.0002,0.02264,1,0.52239
62.0200,0.53667,0.45116,0.39762,0.55000,0.43301,10.0002,0.02264,1,0.52239
62.0400,0.53667,0.45116,0.39762,0.55000,0.43301,10.0002,0.02264,1,0.52239
62.0600,0.53667,0.45116,0.39762,0.55000,0.43301,10.0002,0.02265,1,0.52240
62.0800,0.53667,0.45117,0.39762,0.55000,0.43301,10.0002,0.02265,1,0.52240
62.1000,0.53667,0.45117,0.39762,0.55000,0.43301,10.0002,0.02265,1,0.52240
62.1200,0.53667,0.45117,0.39762,0.55000,0.43301,10.0002,0.02265,1,0.52240
62.1400,0.53667,0.45117,0.39762,0.55000,0.43301,10.0002,0.02266,1,0.52241
62.1600,0.53666,0.45118,0.39762,0.55000,0.43301,10.0002,0.02266,1,0.52241
62.1800,0.53666,0.45118,0.39762,0.55000,0.43301,10.0002,0.02266,1,0.52241
62.2000,0.53666,0.45118,0.39762,0.55000,0.43301,10.0002,0.02267,1,0.52242
62.2200,0.53666,0.45118,0.39762,0.55000,0.43301,10.0002,0.02267,1,0.52242
62.2400,0.53666,0.45119,0.39761,0.55000,0.43301,10.0002,0.02267,1,0.52242
62.2600,0.53666,0.45119,0.39761,0.55000,0.43301,10.0002,0.02267,1,0.52242
62.2800,0.53666,0.45119,0.39761,0.55000,0.43301,10.0002,0.02268,1,0.52243
62.3000,0.53666,0.45119,0.39761,0.55000,0.43301,10.0002,0.02268,1,0.52243
62.3200,0.53665,0.45120,0.39761,0.55000,0.43301,10.0002,0.02268,1,0.52243
62.3400,0.53665,0.45120,0.39761,0.55000,0.43301,10.0002,0.02269,1,0.52244
62.3600,0.53665,0.45120,0.39761,0.55000,0.43301,10.0002,0.02269,1,0.52244
62.3800,0.53665,0.45120,0.39761,0.55000,0.43301,10.0002,0.02269,1,0.52244
62.4000,0.53665,0.45121,0.39761,0.55000,0.43301,10.0002,0.02269,1,0.52244
62.4200,0.53665,0.45121,0.39761,0.55000,0.43301,10.0002,0.02270,1,0.52245
62.4400,0.53665,0.45121,0.39761,0.55000,0.43301,10.0002,0.02270,1,0.52245
62.4600,0.53665,0.45121,0.39761,0.55000,0.43301,10.0002,0.02270,1,0.52245
62.4800,0.53664,0.45122,0.39761,0.55000,0.43301,10.0002,0.02271,1,0.52245
62.5000,0.53664,0.45122,0.39760,0.55000,0.43301,10.0002,0.02271,1,0.52246
62.5200,0.53664,0.45122,0.39760,0.55000,0.43301,10.0002,0.02271,1,0.52246
62.5400,0.53664,0.45123,0.39760,0.55000,0.43301,10.0002,0.02271,1,0.52246
62.5600,0.53664,0.45123,0.39760,0.55000,0.43301,10.0002,0.02272,1,0.52247
62.5800,0.53664,0.45123,0.39760,0.55000,0.43301,10.0002,0.02272,1,0.52247
62.6000,0.53664,0.45123,0.39760,0.55000,0.43301,10.0002,0.02272,1,0.52247
62.6200,0.53664,0.45124,0.39760,0.55000,0.43301,10.0002,0.02272,1,0.52247
62.6400,0.53663,0.45124,0.39760,0.55000,0.43301,10.0002,0.02273,1,0.52248
62.6600,0.53663,0.45124,0.39760,0.55000,0.43301,10.0002,0.02273,1,0.52248
62.6800,0.53663,0.45124,0.39760,0.55000,0.43301,10.0002,0.02273,1,0.52248
62.7000,0.53663,0.45125,0.39760,0.55000,0.43301,10.0002,0.02274,1,0.52249
62.7200,0.53663,0.45125,0.39760,0.55000,0.43301,10.0002,0.02274,1,0.52249
62.7400,0.53663,0.45125,0.39760,0.55000,0.43301,10.0002,0.02274,1,0.52249
62.7600,0.53663,0.45125,0.39760,0.55000,0.43301,10.0002,0.02274,1,0.52249
62.7800,0.53663,0.45125,0.39759,0.55000,0.43301,10.0002,0.02275,1,0.52250
62.8000,0.53663,0.45126,0.39759,0.55000,0.43301,10.0002,0.02275,1,0.52250
62.8200,0.53662,0.45126,0.39759,0.55000,0.43301,10.0002,0.02275,1,0.52250
62.8400,0.53662,0.45126,0.39759,0.55000,0.43301,10.0002,0.02276,1,0.52250
62.8600,0.53662,0.45126,0.39759,0.55000,0.43301,10.0002,0.02276,1,0.52251
62.8800,0.53662,0.45127,0.39759,0.55000,0.43301,10.0002,0.02276,1,0.52251
62.9000,0.53662,0.45127,0.39759,0.55000,0.43301,10.0002,0.02276,1,0.52251
62.9200,0.53662,0.45127,0.39759,0.55000,0.43301,10.0002,0.02277,1,0.52252
62.9400,0.53662,0.45127,0.39759,0.55000,0.43301,10.0002,0.02277,1,0.52252
62.9600,0.53662,0.45128,0.39759,0.55000,0.43301,10.0002,0.02277,1,0.52252
62.9800,0.53661,0.45128,0.39759,0.55000,0.43301,10.0002,0.02277,1,0.52252
63.0000,0.53661,0.45128,0.39759,0.55000,0.43301,10.0002,0.02278,1,0.52253
63.0200,0.53661,0.45128,0.39759,0.55000,0.43301,10.0002,0.02278,1,0.52253
63.0400,0.53661,0.45129,0.39758,0.55000,0.43301,10.0002,0.02278,1,0.52253
63.0600,0.53661,0.45129,0.39758,0.55000,0.43301,10.0002,0.02279,1,0.52253
63.0800,0.53661,0.45129,0.39758,0.55000,0.43301,10.0002,0.02279,1,0.52254
63.1000,0.53661,0.45129,0.39758,0.55000,0.43301,10.0002,0.02279,1,0.52254
63.1200,0.53661,0.45130,0.39758,0.55000,0.43301,10.0002,0.02279,1,0.52254
63.1400,0.53661,0.45130,0.39758,0.55000,0.43301,10.0002,0.02280,1,0.52255
63.1600,0.53660,0.45130,0.39758,0.55000,0.43301,10.0002,0.02280,1,0.52255
63.1800,0.53660,0.45130,0.39758,0.55000,0.43301,10.0002,0.02280,1,0.52255
63.2000,0.53660,0.45131,0.39758,0.55000,0.43301,10.0002,0.02280,1,0.52255
63.2200,0.53660,0.45131,0.39758,0.55000,0.43301,10.0002,0.02281,1,0.52256
63.2400,0.53660,0.45131,0.39758,0.55000,0.43301,10.0002,0.02281,1,0.52256
63.2600,0.53660,0.45131,0.39758,0.55000,0.43301,10.0002,0.02281,1,0.52256
63.2800,0.53660,0.45132,0.39758,0.55000,0.43301,10.0002,0.02282,1,0.52256
63.3000,0.53660,0.45132,0.39757,0.55000,0.43301,10.0002,0.02282,1,0.52257
63.3200,0.53659,0.45132,0.39757,0.55000,0.43301,10.0002,0.02282,1,0.52257
63.3400,0.53659,0.45132,0.39757,0.55000,0.43301,10.0002,0.02282,1,0.52257
63.3600,0.53659,0.45133,0.39757,0.55000,0.43301,10.0002,0.02283,1,0.52257
63.3800,0.53659,0.45133,0.39757,0.55000,0.43301,10.0002,0.02283,1,0.52258
63.4000,0.53659,0.45133,0.39757,0.55000,0.43301,10.0002,0.02283,1,0.52258
63.4200,0.53659,0.45133,0.39757,0.55000,0.43301,10.0002,0.02283,1,0.52258
63.4400,0.53659,0.45134,0.39757,0.55000,0.43301,10.0002,0.02284,1,0.52259
63.4600,0.53659,0.45134,0.39757,0.55000,0.43301,10.0002,0.02284,1,0.52259
63.4800,0.53659,0.45134,0.39757,0.55000,0.43301,10.0002,0.02284,1,0.52259
63.5000,0.53658,0.45134,0.39757,0.55000,0.43301,10.0002,0.02284,1,0.52259
63.5200,0.53658,0.45134,0.39757,0.55000,0.43301,10.0002,0.02285,1,0.52260
63.5400,0.53658,0.45135,0.39757,0.55000,0.43301,10.0002,0.02285,1,0.52260
63.5600,0.53658,0.45135,0.39757,0.55000,0.43301,10.0002,0.02285,1,0.52260
63.5800,0.53658,0.45135,0.39756,0.55000,0.43301,10.0002,0.02286,1,0.52260
63.6000,0.53658,0.45135,0.39756,0.55000,0.43301,10.0002,0.02286,1,0.52261
63.6200,0.53658,0.45136,0.39756,0.55000,0.43301,10.0002,0.02286,1,0.52261
63.6400,0.53658,0.45136,0.39756,0.55000,0.43301,10.0002,0.02286,1,0.52261
63.6600,0.53658,0.45136,0.39756,0.55000,0.43301,10.0002,0.02287,1,0.52261
63.6800,0.53657,0.45136,0.39756,0.55000,0.43301,10.0002,0.02287,1,0.52262
63.7000,0.53657,0.45137,0.39756,0.55000,0.43301,10.0002,0.02287,1,0.52262
63.7200,0.53657,0.45137,0.39756,0.55000,0.43301,10.0002,0.02287,1,0.52262
63.7400,0.53657,0.45137,0.39756,0.55000,0.43301,10.0002,0.02288,1,0.52262
63.7600,0.53657,0.45137,0.39756,0.55000,0.43301,10.0002,0.02288,1,0.52263
63.7800,0.53657,0.45138,0.39756,0.55000,0.43301,10.0002,0.02288,1,0.52263
63.8000,0.53657,0.45138,0.39756,0.55000,0.43301,10.0002,0.02288,1,0.52263
63.8200,0.53657,0.45138,0.39756,0.55000,0.43301,10.0002,0.02289,1,0.52264
63.8400,0.53657,0.45138,0.39755,0.55000,0.43301,10.0002,0.02289,1,0.52264
63.8600,0.53656,0.45139,0.39755,0.55000,0.43301,10.0002,0.02289,1,0.52264
63.8800,0.53656,0.45139,0.39755,0.55000,0.43301,10.0002,0.02289,1,0.52264
63.9000,0.53656,0.45139,0.39755,0.55000,0.43301,10.0002,0.02290,1,0.52265
63.9200,0.53656,0.45139,0.39755,0.55000,0.43301,10.0002,0.02290,1,0.52265
63.9400,0.53656,0.45139,0.39755,0.55000,0.43301,10.0002,0.02290,1,0.52265
63.9600,0.53656,0.45140,0.39755,0.55000,0.43301,10.0002,0.02291,1,0.52265
63.9800,0.53656,0.45140,0.39755,0.55000,0.43301,10.0002,0.02291,1,0.52266
64.0000,0.53656,0.45140,0.39755,0.55000,0.43301,10.0002,0.02291,1,0.52266
64.0200,0.53656,0.45140,0.39755,0.55000,0.43301,10.0002,0.02291,1,0.52266
64.0400,0.53655,0.45141,0.39755,0.55000,0.43301,10.0002,0.02292,1,0.52266
64.0600,0.53655,0.45141,0.39755,0.55000,0.43301,10.0002,0.02292,1,0.52267
64.0800,0.53655,0.45141,0.39755,0.55000,0.43301,10.0002,0.02292,1,0.52267
64.1000,0.53655,0.45141,0.39755,0.55000,0.43301,10.0002,0.02292,1,0.52267
64.1200,0.53655,0.45142,0.39754,0.55000,0.43301,10.0002,0.02293,1,0.52267
64.1400,0.53655,0.45142,0.39754,0.55000,0.43301,10.0002,0.02293,1,0.52268
64.1600,0.53655,0.45142,0.39754,0.55000,0.43301,10.0002,0.02293,1,0.52268
64.1800,0.53655,0.45142,0.39754,0.55000,0.43301,10.0002,0.02293,1,0.52268
64.2000,0.53655,0.45142,0.39754,0.55000,0.43301,10.0002,0.02294,1,0.52268
64.2200,0.53654,0.45143,0.39754,0.55000,0.43301,10.0002,0.02294,1,0.52269
64.2400,0.53654,0.45143,0.39754,0.55000,0.43301,10.0002,0.02294,1,0.52269
64.2600,0.53654,0.45143,0.39754,0.55000,0.43301,10.0002,0.02294,1,0.52269
64.2800,0.53654,0.45143,0.39754,0.55000,0.43301,10.0002,0.02295,1,0.52269
64.3000,0.53654,0.45144,0.39754,0.55000,0.43301,10.0002,0.02295,1,0.52270
64.3200,0.53654,0.45144,0.39754,0.55000,0.43301,10.0002,0.02295,1,0.52270
64.3400,0.53654,0.45144,0.39754,0.55000,0.43301,10.0002,0.02295,1,0.52270
64.3600,0.53654,0.45144,0.39754,0.55000,0.43301,10.0002,0.02296,1,0.52270
64.3800,0.53654,0.45145,0.39754,0.55000,0.43301,10.0002,0.02296,1,0.52271
64.4000,0.53653,0.45145,0.39753,0.55000,0.43301,10.0002,0.02296,1,0.52271
64.4200,0.53653,0.45145,0.39753,0.55000,0.43301,10.0002,0.02296,1,0.52271
64.4400,0.53653,0.45145,0.39753,0.55000,0.43301,10.0002,0.02297,1,0.52271
64.4600,0.53653,0.45145,0.39753,0.55000,0.43301,10.0002,0.02297,1,0.52272
64.4800,0.53653,0.45146,0.39753,0.55000,0.43301,10.0002,0.02297,1,0.52272
64.5000,0.53653,0.45146,0.39753,0.55000,0.43301,10.0002,0.02297,1,0.52272
64.5200,0.53653,0.45146,0.39753,0.55000,0.43301,10.0002,0.02298,1,0.52272
64.5400,0.53653,0.45146,0.39753,0.55000,0.43301,10.0002,0.02298,1,0.52273
64.5600,0.53653,0.45147,0.39753,0.55000,0.43301,10.0002,0.02298,1,0.52273
64.5800,0.53652,0.45147,0.39753,0.55000,0.43301,10.0002,0.02298,1,0.52273
64.6000,0.53652,0.45147,0.39753,0.55000,0.43301,10.0002,0.02299,1,0.52273
64.6200,0.53652,0.45147,0.39753,0.55000,0.43301,10.0002,0.02299,1,0.52274
64.6400,0.53652,0.45147,0.39753,0.55000,0.43301,10.0002,0.02299,1,0.52274
64.6600,0.53652,0.45148,0.39753,0.55000,0.43301,10.0002,0.02299,1,0.52274
64.6800,0.53652,0.45148,0.39752,0.55000,0.43301,10.0002,0.02300,1,0.52274
64.7000,0.53652,0.45148,0.39752,0.55000,0.43301,10.0002,0.02300,1,0.52275
64.7200,0.53652,0.45148,0.39752,0.55000,0.43301,10.0002,0.02300,1,0.52275
64.7400,0.53652,0.45149,0.39752,0.55000,0.43301,10.0002,0.02300,1,0.52275
64.7600,0.53652,0.45149,0.39752,0.55000,0.43301,10.0002,0.02301,1,0.52275
64.7800,0.53651,0.45149,0.39752,0.55000,0.43301,10.0002,0.02301,1,0.52276
64.8000,0.53651,0.45149,0.39752,0.55000,0.43301,10.0002,0.02301,1,0.52276
64.8200,0.53651,0.45150,0.39752,0.55000,0.43301,10.0002,0.02301,1,0.52276
64.8400,0.53651,0.45150,0.39752,0.55000,0.43301,10.0002,0.02302,1,0.52276
64.8600,0.53651,0.45150,0.39752,0.55000,0.43301,10.0002,0.02302,1,0.52277
64.8800,0.53651,0.45150,0.39752,0.55000,0.43301,10.0002,0.02302,1,0.52277
64.9000,0.53651,0.45150,0.39752,0.55000,0.43301,10.0002,0.02302,1,0.52277
64.9200,0.53651,0.45151,0.39752,0.55000,0.43301,10.0002,0.02303,1,0.52277
64.9400,0.53651,0.45151,0.39752,0.55000,0.43301,10.0002,0.02303,1,0.52278
64.9600,0.53651,0.45151,0.39751,0.55000,0.43301,10.0002,0.02303,1,0.52278
64.9800,0.53650,0.45151,0.39751,0.55000,0.43301,10.0002,0.02303,1,0.52278
65.0000,0.53650,0.45152,0.39751,0.55000,0.43301,10.0002,0.02304,1,0.52278
65.0200,0.53650,0.45152,0.39751,0.55000,0.43301,10.0002,0.02304,1,0.52279
65.0400,0.53650,0.45152,0.39751,0.55000,0.43301,10.0002,0.02304,1,0.52279
65.0600,0.53650,0.45152,0.39751,0.55000,0.43301,10.0002,0.02304,1,0.52279
65.0800,0.53650,0.45152,0.39751,0.55000,0.43301,10.0002,0.02305,1,0.52279
65.1000,0.53650,0.45153,0.39751,0.55000,0.43301,10.0002,0.02305,1,0.52280
65.1200,0.53650,0.45153,0.39751,0.55000,0.43301,10.0002,0.02305,1,0.52280
65.1400,0.53650,0.45153,0.39751,0.55000,0.43301,10.0002,0.02305,1,0.52280
65.1600,0.53649,0.45153,0.39751,0.55000,0.43301,10.0002,0.02306,1,0.52280
65.1800,0.53649,0.45153,0.39751,0.55000,0.43301,10.0002,0.02306,1,0.52281
65.2000,0.53649,0.45154,0.39751,0.55000,0.43301,10.0002,0.02306,1,0.52281
65.2200,0.53649,0.45154,0.39751,0.55000,0.43301,10.0002,0.02306,1,0.52281
65.2400,0.53649,0.45154,0.39750,0.55000,0.43301,10.0002,0.02307,1,0.52281
65.2600,0.53649,0.45154,0.39750,0.55000,0.43301,10.0002,0.02307,1,0.52282
65.2800,0.53649,0.45155,0.39750,0.55000,0.43301,10.0002,0.02307,1,0.52282
65.3000,0.53649,0.45155,0.39750,0.55000,0.43301,10.0002,0.02307,1,0.52282
65.3200,0.53649,0.45155,0.39750,0.55000,0.43301,10.0002,0.02308,1,0.52282
65.3400,0.53649,0.45155,0.39750,0.55000,0.43301,10.0002,0.02308,1,0.52282
65.3600,0.53648,0.45155,0.39750,0.55000,0.43301,10.0002,0.02308,1,0.52283
65.3800,0.53648,0.45156,0.39750,0.55000,0.43301,10.0002,0.02308,1,0.52283
65.4000,0.53648,0.45156,0.39750,0.55000,0.43301,10.0002,0.02309,1,0.52283
65.4200,0.53648,0.45156,0.39750,0.55000,0.43301,10.0002,0.02309,1,0.52283
65.4400,0.53648,0.45156,0.39750,0.55000,0.43301,10.0002,0.02309,1,0.52284
65.4600,0.53648,0.45157,0.39750,0.55000,0.43301,10.0002,0.02309,1,0.52284
65.4800,0.53648,0.45157,0.39750,0.55000,0.43301,10.0002,0.02309,1,0.52284
65.5000,0.53648,0.45157,0.39750,0.55000,0.43301,10.0002,0.02310,1,0.52284
65.5200,0.53648,0.45157,0.39750,0.55000,0.43301,10.0002,0.02310,1,0.52285
65.5400,0.53648,0.45157,0.39749,0.55000,0.43301,10.0002,0.02310,1,0.52285
65.5600,0.53647,0.45158,0.39749,0.55000,0.43301,10.0002,0.02310,1,0.52285
65.5800,0.53647,0.45158,0.39749,0.55000,0.43301,10.0002,0.02311,1,0.52285
65.6000,0.53647,0.45158,0.39749,0.55000,0.43301,10.0002,0.02311,1,0.52286
65.6200,0.53647,0.45158,0.39749,0.55000,0.43301,10.0002,0.02311,1,0.52286
65.6400,0.53647,0.45158,0.39749,0.55000,0.43301,10.0002,0.02311,1,0.52286
65.6600,0.53647,0.45159,0.39749,0.55000,0.43301,10.0002,0.02312,1,0.52286
65.6800,0.53647,0.45159,0.39749,0.55000,0.43301,10.0002,0.02312,1,0.52286
65.7000,0.53647,0.45159,0.39749,0.55000,0.43301,10.0002,0.02312,1,0.52287
65.7200,0.53647,0.45159,0.39749,0.55000,0.43301,10.0002,0.02312,1,0.52287
65.7400,0.53647,0.45160,0.39749,0.55000,0.43301,10.0002,0.02313,1,0.52287
65.7600,0.53646,0.45160,0.39749,0.55000,0.43301,10.0002,0.02313,1,0.52287
65.7800,0.53646,0.45160,0.39749,0.55000,0.43301,10.0002,0.02313,1,0.52288
65.8000,0.53646,0.45160,0.39749,0.55000,0.43301,10.0002,0.02313,1,0.52288
65.8200,0.53646,0.45160,0.39748,0.55000,0.43301,10.0002,0.02314,1,0.52288
65.8400,0.53646,0.45161,0.39748,0.55000,0.43301,10.0002,0.02314,1,0.52288
65.8600,0.53646,0.45161,0.39748,0.55000,0.43301,10.0002,0.02314,1,0.52289
65.8800,0.53646,0.45161,0.39748,0.55000,0.43301,10.0002,0.02314,1,0.52289
65.9000,0.53646,0.45161,0.39748,0.55000,0.43301,10.0002,0.02314,1,0.52289
65.9200,0.53646,0.45161,0.39748,0.55000,0.43301,10.0002,0.02315,1,0.52289
65.9400,0.53646,0.45162,0.39748,0.55000,0.43301,10.0002,0.02315,1,0.52290
65.9600,0.53646,0.45162,0.39748,0.55000,0.43301,10.0002,0.02315,1,0.52290
65.9800,0.53645,0.45162,0.39748,0.55000,0.43301,10.0002,0.02315,1,0.52290
66.0000,0.53645,0.45162,0.39748,0.55000,0.43301,10.0002,0.02316,1,0.52290
66.0200,0.53645,0.45163,0.39748,0.55000,0.43301,10.0002,0.02316,1,0.52290
66.0400,0.53645,0.45163,0.39748,0.55000,0.43301,10.0002,0.02316,1,0.52291
66.0600,0.53645,0.45163,0.39748,0.55000,0.43301,10.0002,0.02316,1,0.52291
66.0800,0.53645,0.45163,0.39748,0.55000,0.43301,10.0002,0.02317,1,0.52291
66.1000,0.53645,0.45163,0.39748,0.55000,0.43301,10.0002,0.02317,1,0.52291
66.1200,0.53645,0.45164,0.39747,0.55000,0.43301,10.0002,0.02317,1,0.52292
66.1400,0.53645,0.45164,0.39747,0.55000,0.43301,10.0002,0.02317,1,0.52292
66.1600,0.53645,0.45164,0.39747,0.55000,0.43301,10.0002,0.02317,1,0.52292
66.1800,0.53644,0.45164,0.39747,0.55000,0.43301,10.0002,0.02318,1,0.52292
66.2000,0.53644,0.45164,0.39747,0.55000,0.43301,10.0002,0.02318,1,0.52293
66.2200,0.53644,0.45165,0.39747,0.55000,0.43301,10.0002,0.02318,1,0.52293
66.2400,0.53644,0.45165,0.39747,0.55000,0.43301,10.0002,0.02318,1,0.52293
66.2600,0.53644,0.45165,0.39747,0.55000,0.43301,10.0002,0.02319,1,0.52293
66.2800,0.53644,0.45165,0.39747,0.55000,0.43301,10.0002,0.02319,1,0.52293
66.3000,0.53644,0.45165,0.39747,0.55000,0.43301,10.0002,0.02319,1,0.52294
66.3200,0.53644,0.45166,0.39747,0.55000,0.43301,10.0002,0.02319,1,0.52294
66.3400,0.53644,0.45166,0.39747,0.55000,0.43301,10.0002,0.02320,1,0.52294
66.3600,0.53644,0.45166,0.39747,0.55000,0.43301,10.0002,0.02320,1,0.52294
66.3800,0.53644,0.45166,0.39747,0.55000,0.43301,10.0002,0.02320,1,0.52295
66.4000,0.53643,0.45166,0.39746,0.55000,0.43301,10.0002,0.02320,1,0.52295
66.4200,0.53643,0.45167,0.39746,0.55000,0.43301,10.0002,0.02320,1,0.52295
66.4400,0.53643,0.45167,0.39746,0.55000,0.43301,10.0002,0.02321,1,0.52295
66.4600,0.53643,0.45167,0.39746,0.55000,0.43301,10.0002,0.02321,1,0.52295
66.4800,0.53643,0.45167,0.39746,0.55000,0.43301,10.0002,0.02321,1,0.52296
66.5000,0.53643,0.45168,0.39746,0.55000,0.43301,10.0002,0.02321,1,0.52296
66.5200,0.53643,0.45168,0.39746,0.55000,0.43301,10.0002,0.02322,1,0.52296
66.5400,0.53643,0.45168,0.39746,0.55000,0.43301,10.0002,0.02322,1,0.52296
66.5600,0.53643,0.45168,0.39746,0.55000,0.43301,10.0002,0.02322,1,0.52297
66.5800,0.53643,0.45168,0.39746,0.55000,0.43301,10.0002,0.02322,1,0.52297
66.6000,0.53643,0.45169,0.39746,0.55000,0.43301,10.0002,0.02323,1,0.52297
66.6200,0.53642,0.45169,0.39746,0.55000,0.43301,10.0002,0.02323,1,0.52297
66.6400,0.53642,0.45169,0.39746,0.55000,0.43301,10.0002,0.02323,1,0.52297
66.6600,0.53642,0.45169,0.39746,0.55000,0.43301,10.0002,0.02323,1,0.52298
66.6800,0.53642,0.45169,0.39746,0.55000,0.43301,10.0002,0.02323,1,0.52298
66.7000,0.53642,0.45170,0.39745,0.55000,0.43301,10.0002,0.02324,1,0.52298
66.7200,0.53642,0.45170,0.39745,0.55000,0.43301,10.0002,0.02324,1,0.52298
66.7400,0.53642,0.45170,0.39745,0.55000,0.43301,10.0002,0.02324,1,0.52299
66.7600,0.53642,0.45170,0.39745,0.55000,0.43301,10.0002,0.02324,1,0.52299
66.7800,0.53642,0.45170,0.39745,0.55000,0.43301,10.0002,0.02325,1,0.52299
66.8000,0.53642,0.45171,0.39745,0.55000,0.43301,10.0002,0.02325,1,0.52299
66.8200,0.53642,0.45171,0.39745,0.55000,0.43301,10.0002,0.02325,1,0.52299
66.8400,0.53641,0.45171,0.39745,0.55000,0.43301,10.0002,0.02325,1,0.52300
66.8600,0.53641,0.45171,0.39745,0.55000,0.43301,10.0002,0.02325,1,0.52300
66.8800,0.53641,0.45171,0.39745,0.55000,0.43301,10.0002,0.02326,1,0.52300
66.9000,0.53641,0.45172,0.39745,0.55000,0.43301,10.0002,0.02326,1,0.52300
66.9200,0.53641,0.45172,0.39745,0.55000,0.43301,10.0002,0.02326,1,0.52301
66.9400,0.53641,0.45172,0.39745,0.55000,0.43301,10.0002,0.02326,1,0.52301
66.9600,0.53641,0.45172,0.39745,0.55000,0.43301,10.0002,0.02327,1,0.52301
66.9800,0.53641,0.45172,0.39745,0.55000,0.43301,10.0002,0.02327,1,0.52301
67.0000,0.53641,0.45173,0.39744,0.55000,0.43301,10.0002,0.02327,1,0.52301
67.0200,0.53641,0.45173,0.39744,0.55000,0.43301,10.0002,0.02327,1,0.52302
67.0400,0.53641,0.45173,0.39744,0.55000,0.43301,10.0002,0.02327,1,0.52302
67.0600,0.53640,0.45173,0.39744,0.55000,0.43301,10.0002,0.02328,1,0.52302
67.0800,0.53640,0.45173,0.39744,0.55000,0.43301,10.0002,0.02328,1,0.52302
67.1000,0.53640,0.45174,0.39744,0.55000,0.43301,10.0002,0.02328,1,0.52303
67.1200,0.53640,0.45174,0.39744,0.55000,0.43301,10.0002,0.02328,1,0.52303
67.1400,0.53640,0.45174,0.39744,0.55000,0.43301,10.0002,0.02329,1,0.52303
67.1600,0.53640,0.45174,0.39744,0.55000,0.43301,10.0002,0.02329,1,0.52303
67.1800,0.53640,0.45174,0.39744,0.55000,0.43301,10.0002,0.02329,1,0.52303
67.2000,0.53640,0.45175,0.39744,0.55000,0.43301,10.0002,0.02329,1,0.52304
67.2200,0.53640,0.45175,0.39744,0.55000,0.43301,10.0002,0.02329,1,0.52304
67.2400,0.53640,0.45175,0.39744,0.55000,0.43301,10.0002,0.02330,1,0.52304
67.2600,0.53640,0.45175,0.39744,0.55000,0.43301,10.0002,0.02330,1,0.52304
67.2800,0.53639,0.45175,0.39744,0.55000,0.43301,10.0002,0.02330,1,0.52304
67.3000,0.53639,0.45176,0.39743,0.55000,0.43301,10.0002,0.02330,1,0.52305
67.3200,0.53639,0.45176,0.39743,0.55000,0.43301,10.0002,0.02330,1,0.52305
67.3400,0.53639,0.45176,0.39743,0.55000,0.43301,10.0002,0.02331,1,0.52305
67.3600,0.53639,0.45176,0.39743,0.55000,0.43301,10.0002,0.02331,1,0.52305
67.3800,0.53639,0.45176,0.39743,0.55000,0.43301,10.0002,0.02331,1,0.52306
67.4000,0.53639,0.45177,0.39743,0.55000,0.43301,10.0002,0.02331,1,0.52306
67.4200,0.53639,0.45177,0.39743,0.55000,0.43301,10.0002,0.02332,1,0.52306
67.4400,0.53639,0.45177,0.39743,0.55000,0.43301,10.0002,0.02332,1,0.52306
67.4600,0.53639,0.45177,0.39743,0.55000,0.43301,10.0002,0.02332,1,0.52306
67.4800,0.53639,0.45177,0.39743,0.55000,0.43301,10.0002,0.02332,1,0.52307
67.5000,0.53639,0.45178,0.39743,0.55000,0.43301,10.0002,0.02332,1,0.52307
67.5200,0.53638,0.45178,0.39743,0.55000,0.43301,10.0002,0.02333,1,0.52307
67.5400,0.53638,0.45178,0.39743,0.55000,0.43301,10.0002,0.02333,1,0.52307
67.5600,0.53638,0.45178,0.39743,0.55000,0.43301,10.0002,0.02333,1,0.52307
67.5800,0.53638,0.45178,0.39743,0.55000,0.43301,10.0002,0.02333,1,0.52308
67.6000,0.53638,0.45179,0.39743,0.55000,0.43301,10.0002,0.02334,1,0.52308
67.6200,0.53638,0.45179,0.39742,0.55000,0.43301,10.0002,0.02334,1,0.52308
67.6400,0.53638,0.45179,0.39742,0.55000,0.43301,10.0002,0.02334,1,0.52308
67.6600,0.53638,0.45179,0.39742,0.55000,0.43301,10.0002,0.02334,1,0.52309
67.6800,0.53638,0.45179,0.39742,0.55000,0.43301,10.0002,0.02334,1,0.52309
67.7000,0.53638,0.45180,0.39742,0.55000,0.43301,10.0002,0.02335,1,0.52309
67.7200,0.53638,0.45180,0.39742,0.55000,0.43301,10.0002,0.02335,1,0.52309
67.7400,0.53637,0.45180,0.39742,0.55000,0.43301,10.0002,0.02335,1,0.52309
67.7600,0.53637,0.45180,0.39742,0.55000,0.43301,10.0002,0.02335,1,0.52310
67.7800,0.53637,0.45180,0.39742,0.55000,0.43301,10.0002,0.02335,1,0.52310
67.8000,0.53637,0.45180,0.39742,0.55000,0.43301,10.0002,0.02336,1,0.52310
67.8200,0.53637,0.45181,0.39742,0.55000,0.43301,10.0002,0.02336,1,0.52310
67.8400,0.53637,0.45181,0.39742,0.55000,0.43301,10.0002,0.02336,1,0.52310
67.8600,0.53637,0.45181,0.39742,0.55000,0.43301,10.0002,0.02336,1,0.52311
67.8800,0.53637,0.45181,0.39742,0.55000,0.43301,10.0002,0.02336,1,0.52311
67.9000,0.53637,0.45181,0.39742,0.55000,0.43301,10.0002,0.02337,1,0.52311
67.9200,0.53637,0.45182,0.39741,0.55000,0.43301,10.0002,0.02337,1,0.52311
67.9400,0.53637,0.45182,0.39741,0.55000,0.43301,10.0002,0.02337,1,0.52311
67.9600,0.53637,0.45182,0.39741,0.55000,0.43301,10.0002,0.02337,1,0.52312
67.9800,0.53636,0.45182,0.39741,0.55000,0.43301,10.0002,0.02338,1,0.52312
68.0000,0.53636,0.45182,0.39741,0.55000,0.43301,10.0002,0.02338,1,0.52312
68.0200,0.53636,0.45183,0.39741,0.55000,0.43301,10.0002,0.02338,1,0.52312
68.0400,0.53636,0.45183,0.39741,0.55000,0.43301,10.0002,0.02338,1,0.52313
68.0600,0.53636,0.45183,0.39741,0.55000,0.43301,10.0002,0.02338,1,0.52313
68.0800,0.53636,0.45183,0.39741,0.55000,0.43301,10.0002,0.02339,1,0.52313
68.1000,0.53636,0.45183,0.39741,0.55000,0.43301,10.0002,0.02339,1,0.52313
68.1200,0.53636,0.45184,0.39741,0.55000,0.43301,10.0002,0.02339,1,0.52313
68.1400,0.53636,0.45184,0.39741,0.55000,0.43301,10.0002,0.02339,1,0.52314
68.1600,0.53636,0.45184,0.39741,0.55000,0.43301,10.0002,0.02339,1,0.52314
68.1800,0.53636,0.45184,0.39741,0.55000,0.43301,10.0002,0.02340,1,0.52314
68.2000,0.53636,0.45184,0.39741,0.55000,0.43301,10.0002,0.02340,1,0.52314
68.2200,0.53635,0.45184,0.39741,0.55000,0.43301,10.0002,0.02340,1,0.52314
68.2400,0.53635,0.45185,0.39740,0.55000,0.43301,10.0002,0.02340,1,0.52315
68.2600,0.53635,0.45185,0.39740,0.55000,0.43301,10.0002,0.02340,1,0.52315
68.2800,0.53635,0.45185,0.39740,0.55000,0.43301,10.0002,0.02341,1,0.52315
68.3000,0.53635,0.45185,0.39740,0.55000,0.43301,10.0002,0.02341,1,0.52315
68.3200,0.53635,0.45185,0.39740,0.55000,0.43301,10.0002,0.02341,1,0.52315
68.3400,0.53635,0.45186,0.39740,0.55000,0.43301,10.0002,0.02341,1,0.52316
68.3600,0.53635,0.45186,0.39740,0.55000,0.43301,10.0002,0.02341,1,0.52316
68.3800,0.53635,0.45186,0.39740,0.55000,0.43301,10.0002,0.02342,1,0.52316
68.4000,0.53635,0.45186,0.39740,0.55000,0.43301,10.0002,0.02342,1,0.52316
68.4200,0.53635,0.45186,0.39740,0.55000,0.43301,10.0002,0.02342,1,0.52316
68.4400,0.53635,0.45187,0.39740,0.55000,0.43301,10.0002,0.02342,1,0.52317
68.4600,0.53635,0.45187,0.39740,0.55000,0.43301,10.0002,0.02342,1,0.52317
68.4800,0.53634,0.45187,0.39740,0.55000,0.43301,10.0002,0.02343,1,0.52317
68.5000,0.53634,0.45187,0.39740,0.55000,0.43301,10.0002,0.02343,1,0.52317
68.5200,0.53634,0.45187,0.39740,0.55000,0.43301,10.0002,0.02343,1,0.52317
68.5400,0.53634,0.45187,0.39740,0.55000,0.43301,10.0002,0.02343,1,0.52318
68.5600,0.53634,0.45188,0.39739,0.55000,0.43301,10.0002,0.02344,1,0.52318
68.5800,0.53634,0.45188,0.39739,0.55000,0.43301,10.0002,0.02344,1,0.52318
68.6000,0.53634,0.45188,0.39739,0.55000,0.43301,10.0002,0.02344,1,0.52318
68.6200,0.53634,0.45188,0.39739,0.55000,0.43301,10.0002,0.02344,1,0.52318
68.6400,0.53634,0.45188,0.39739,0.55000,0.43301,10.0002,0.02344,1,0.52319
68.6600,0.53634,0.45189,0.39739,0.55000,0.43301,10.0002,0.02345,1,0.52319
68.6800,0.53634,0.45189,0.39739,0.55000,0.43301,10.0002,0.02345,1,0.52319
68.7000,0.53634,0.45189,0.39739,0.55000,0.43301,10.0002,0.02345,1,0.52319
68.7200,0.53633,0.45189,0.39739,0.55000,0.43301,10.0002,0.02345,1,0.52319
68.7400,0.53633,0.45189,0.39739,0.55000,0.43301,10.0002,0.02345,1,0.52320
68.7600,0.53633,0.45190,0.39739,0.55000,0.43301,10.0002,0.02346,1,0.52320
68.7800,0.53633,0.45190,0.39739,0.55000,0.43301,10.0002,0.02346,1,0.52320
68.8000,0.53633,0.45190,0.39739,0.55000,0.43301,10.0002,0.02346,1,0.52320
68.8200,0.53633,0.45190,0.39739,0.55000,0.43301,10.0002,0.02346,1,0.52320
68.8400,0.53633,0.45190,0.39739,0.55000,0.43301,10.0002,0.02346,1,0.52321
68.8600,0.53633,0.45190,0.39738,0.55000,0.43301,10.0002,0.02347,1,0.52321
68.8800,0.53633,0.45191,0.39738,0.55000,0.43301,10.0002,0.02347,1,0.52321
68.9000,0.53633,0.45191,0.39738,0.55000,0.43301,10.0002,0.02347,1,0.52321
68.9200,0.53633,0.45191,0.39738,0.55000,0.43301,10.0002,0.02347,1,0.52321
68.9400,0.53633,0.45191,0.39738,0.55000,0.43301,10.0002,0.02347,1,0.52322
68.9600,0.53633,0.45191,0.39738,0.55000,0.43301,10.0002,0.02348,1,0.52322
68.9800,0.53632,0.45192,0.39738,0.55000,0.43301,10.0002,0.02348,1,0.52322
69.0000,0.53632,0.45192,0.39738,0.55000,0.43301,10.0002,0.02348,1,0.52322
69.0200,0.53632,0.45192,0.39738,0.55000,0.43301,10.0002,0.02348,1,0.52322
69.0400,0.53632,0.45192,0.39738,0.55000,0.43301,10.0002,0.02348,1,0.52323
69.0600,0.53632,0.45192,0.39738,0.55000,0.43301,10.0002,0.02349,1,0.52323
69.0800,0.53632,0.45192,0.39738,0.55000,0.43301,10.0002,0.02349,1,0.52323
69.1000,0.53632,0.45193,0.39738,0.55000,0.43301,10.0002,0.02349,1,0.52323
69.1200,0.53632,0.45193,0.39738,0.55000,0.43301,10.0002,0.02349,1,0.52323
69.1400,0.53632,0.45193,0.39738,0.55000,0.43301,10.0002,0.02349,1,0.52324
69.1600,0.53632,0.45193,0.39738,0.55000,0.43301,10.0002,0.02350,1,0.52324
69.1800,0.53632,0.45193,0.39738,0.55000,0.43301,10.0002,0.02350,1,0.52324
69.2000,0.53632,0.45194,0.39737,0.55000,0.43301,10.0002,0.02350,1,0.52324
69.2200,0.53632,0.45194,0.39737,0.55000,0.43301,10.0002,0.02350,1,0.52324
69.2400,0.53631,0.45194,0.39737,0.55000,0.43301,10.0002,0.02350,1,0.52325
69.2600,0.53631,0.45194,0.39737,0.55000,0.43301,10.0002,0.02350,1,0.52325
69.2800,0.53631,0.45194,0.39737,0.55000,0.43301,10.0002,0.02351,1,0.52325
69.3000,0.53631,0.45194,0.39737,0.55000,0.43301,10.0002,0.02351,1,0.52325
69.3200,0.53631,0.45195,0.39737,0.55000,0.43301,10.0002,0.02351,1,0.52325
69.3400,0.53631,0.45195,0.39737,0.55000,0.43301,10.0002,0.02351,1,0.52325
69.3600,0.53631,0.45195,0.39737,0.55000,0.43301,10.0002,0.02351,1,0.52326
69.3800,0.53631,0.45195,0.39737,0.55000,0.43301,10.0002,0.02352,1,0.52326
69.4000,0.53631,0.45195,0.39737,0.55000,0.43301,10.0002,0.02352,1,0.52326
69.4200,0.53631,0.45195,0.39737,0.55000,0.43301,10.0002,0.02352,1,0.52326
69.4400,0.53631,0.45196,0.39737,0.55000,0.43301,10.0002,0.02352,1,0.52326
69.4600,0.53631,0.45196,0.39737,0.55000,0.43301,10.0002,0.02352,1,0.52327
69.4800,0.53631,0.45196,0.39737,0.55000,0.43301,10.0002,0.02353,1,0.52327
69.5000,0.53630,0.45196,0.39737,0.55000,0.43301,10.0002,0.02353,1,0.52327
69.5200,0.53630,0.45196,0.39736,0.55000,0.43301,10.0002,0.02353,1,0.52327
69.5400,0.53630,0.45197,0.39736,0.55000,0.43301,10.0002,0.02353,1,0.52327
69.5600,0.53630,0.45197,0.39736,0.55000,0.43301,10.0002,0.02353,1,0.52328
69.5800,0.53630,0.45197,0.39736,0.55000,0.43301,10.0002,0.02354,1,0.52328
69.6000,0.53630,0.45197,0.39736,0.55000,0.43301,10.0002,0.02354,1,0.52328
69.6200,0.53630,0.45197,0.39736,0.55000,0.43301,10.0002,0.02354,1,0.52328
69.6400,0.53630,0.45197,0.39736,0.55000,0.43301,10.0002,0.02354,1,0.52328
69.6600,0.53630,0.45198,0.39736,0.55000,0.43301,10.0002,0.02354,1,0.52329
69.6800,0.53630,0.45198,0.39736,0.55000,0.43301,10.0002,0.02355,1,0.52329
69.7000,0.53630,0.45198,0.39736,0.55000,0.43301,10.0002,0.02355,1,0.52329
69.7200,0.53630,0.45198,0.39736,0.55000,0.43301,10.0002,0.02355,1,0.52329
69.7400,0.53630,0.45198,0.39736,0.55000,0.43301,10.0002,0.02355,1,0.52329
69.7600,0.53630,0.45198,0.39736,0.55000,0.43301,10.0002,0.02355,1,0.52329
69.7800,0.53629,0.45199,0.39736,0.55000,0.43301,10.0002,0.02355,1,0.52330
69.8000,0.53629,0.45199,0.39736,0.55000,0.43301,10.0002,0.02356,1,0.52330
69.8200,0.53629,0.45199,0.39736,0.55000,0.43301,10.0002,0.02356,1,0.52330
69.8400,0.53629,0.45199,0.39735,0.55000,0.43301,10.0002,0.02356,1,0.52330
69.8600,0.53629,0.45199,0.39735,0.55000,0.43301,10.0002,0.02356,1,0.52330
69.8800,0.53629,0.45200,0.39735,0.55000,0.43301,10.0002,0.02356,1,0.52331
69.9000,0.53629,0.45200,0.39735,0.55000,0.43301,10.0002,0.02357,1,0.52331
69.9200,0.53629,0.45200,0.39735,0.55000,0.43301,10.0002,0.02357,1,0.52331
69.9400,0.53629,0.45200,0.39735,0.55000,0.43301,10.0002,0.02357,1,0.52331
69.9600,0.53629,0.45200,0.39735,0.55000,0.43301,10.0002,0.02357,1,0.52331
69.9800,0.53629,0.45200,0.39735,0.55000,0.43301,10.0002,0.02357,1,0.52332
70.0000,0.53629,0.45201,0.39735,0.55000,0.43301,10.0002,0.02358,1,0.52332
70.0200,0.53629,0.45201,0.39735,0.55000,0.43301,10.0002,0.02358,1,0.52332
70.0400,0.53629,0.45201,0.39735,0.55000,0.43301,10.0002,0.02358,1,0.52332
70.0600,0.53628,0.45201,0.39735,0.55000,0.43301,10.0002,0.02358,1,0.52332
70.0800,0.53628,0.45201,0.39735,0.55000,0.43301,10.0002,0.02358,1,0.52332
70.1000,0.53628,0.45201,0.39735,0.55000,0.43301,10.0002,0.02359,1,0.52333
70.1200,0.53628,0.45202,0.39735,0.55000,0.43301,10.0002,0.02359,1,0.52333
70.1400,0.53628,0.45202,0.39735,0.55000,0.43301,10.0002,0.02359,1,0.52333
70.1600,0.53628,0.45202,0.39735,0.55000,0.43301,10.0002,0.02359,1,0.52333
70.1800,0.53628,0.45202,0.39734,0.55000,0.43301,10.0002,0.02359,1,0.52333
70.2000,0.53628,0.45202,0.39734,0.55000,0.43301,10.0002,0.02359,1,0.52334
70.2200,0.53628,0.45202,0.39734,0.55000,0.43301,10.0002,0.02360,1,0.52334
70.2400,0.53628,0.45203,0.39734,0.55000,0.43301,10.0002,0.02360,1,0.52334
70.2600,0.53628,0.45203,0.39734,0.55000,0.43301,10.0002,0.02360,1,0.52334
70.2800,0.53628,0.45203,0.39734,0.55000,0.43301,10.0002,0.02360,1,0.52334
70.3000,0.53628,0.45203,0.39734,0.55000,0.43301,10.0002,0.02360,1,0.52334
70.3200,0.53628,0.45203,0.39734,0.55000,0.43301,10.0002,0.02361,1,0.52335
70.3400,0.53627,0.45203,0.39734,0.55000,0.43301,10.0002,0.02361,1,0.52335
70.3600,0.53627,0.45204,0.39734,0.55000,0.43301,10.0002,0.02361,1,0.52335
70.3800,0.53627,0.45204,0.39734,0.55000,0.43301,10.0002,0.02361,1,0.52335
70.4000,0.53627,0.45204,0.39734,0.55000,0.43301,10.0002,0.02361,1,0.52335
70.4200,0.53627,0.45204,0.39734,0.55000,0.43301,10.0002,0.02361,1,0.52336
70.4400,0.53627,0.45204,0.39734,0.55000,0.43301,10.0002,0.02362,1,0.52336
70.4600,0.53627,0.45205,0.39734,0.55000,0.43301,10.0002,0.02362,1,0.52336
70.4800,0.53627,0.45205,0.39734,0.55000,0.43301,10.0002,0.02362,1,0.52336
70.5000,0.53627,0.45205,0.39734,0.55000,0.43301,10.0002,0.02362,1,0.52336
70.5200,0.53627,0.45205,0.39733,0.55000,0.43301,10.0002,0.02362,1,0.52336
70.5400,0.53627,0.45205,0.39733,0.55000,0.43301,10.0002,0.02363,1,0.52337
70.5600,0.53627,0.45205,0.39733,0.55000,0.43301,10.0002,0.02363,1,0.52337
70.5800,0.53627,0.45206,0.39733,0.55000,0.43301,10.0002,0.02363,1,0.52337
70.6000,0.53627,0.45206,0.39733,0.55000,0.43301,10.0002,0.02363,1,0.52337
70.6200,0.53626,0.45206,0.39733,0.55000,0.43301,10.0001,0.02363,1,0.52337
70.6400,0.53626,0.45206,0.39733,0.55000,0.43301,10.0001,0.02363,1,0.52338
70.6600,0.53626,0.45206,0.39733,0.55000,0.43301,10.0001,0.02364,1,0.52338
70.6800,0.53626,0.45206,0.39733,0.55000,0.43301,10.0001,0.02364,1,0.52338
70.7000,0.53626,0.45207,0.39733,0.55000,0.43301,10.0001,0.02364,1,0.52338
70.7200,0.53626,0.45207,0.39733,0.55000,0.43301,10.0001,0.02364,1,0.52338
70.7400,0.53626,0.45207,0.39733,0.55000,0.43301,10.0001,0.02364,1,0.52338
70.7600,0.53626,0.45207,0.39733,0.55000,0.43301,10.0001,0.02365,1,0.52339
70.7800,0.53626,0.45207,0.39733,0.55000,0.43301,10.0001,0.02365,1,0.52339
70.8000,0.53626,0.45207,0.39733,0.55000,0.43301,10.0001,0.02365,1,0.52339
70.8200,0.53626,0.45208,0.39733,0.55000,0.43301,10.0001,0.02365,1,0.52339
70.8400,0.53626,0.45208,0.39733,0.55000,0.43301,10.0001,0.02365,1,0.52339
70.8600,0.53626,0.45208,0.39732,0.55000,0.43301,10.0001,0.02365,1,0.52340
70.8800,0.53626,0.45208,0.39732,0.55000,0.43301,10.0001,0.02366,1,0.52340
70.9000,0.53626,0.45208,0.39732,0.55000,0.43301,10.0001,0.02366,1,0.52340
70.9200,0.53625,0.45208,0.39732,0.55000,0.43301,10.0001,0.02366,1,0.52340
70.9400,0.53625,0.45209,0.39732,0.55000,0.43301,10.0001,0.02366,1,0.52340
70.9600,0.53625,0.45209,0.39732,0.55000,0.43301,10.0001,0.02366,1,0.52340
70.9800,0.53625,0.45209,0.39732,0.55000,0.43301,10.0001,0.02367,1,0.52341
71.0000,0.53625,0.45209,0.39732,0.55000,0.43301,10.0001,0.02367,1,0.52341
71.0200,0.53625,0.45209,0.39732,0.55000,0.43301,10.0001,0.02367,1,0.52341
71.0400,0.53625,0.45209,0.39732,0.55000,0.43301,10.0001,0.02367,1,0.52341
71.0600,0.53625,0.45210,0.39732,0.55000,0.43301,10.0001,0.02367,1,0.52341
71.0800,0.53625,0.45210,0.39732,0.55000,0.43301,10.0001,0.02367,1,0.52341
71.1000,0.53625,0.45210,0.39732,0.55000,0.43301,10.0001,0.02368,1,0.52342
71.1200,0.53625,0.45210,0.39732,0.55000,0.43301,10.0001,0.02368,1,0.52342
71.1400,0.53625,0.45210,0.39732,0.55000,0.43301,10.0001,0.02368,1,0.52342
71.1600,0.53625,0.45210,0.39732,0.55000,0.43301,10.0001,0.02368,1,0.52342
71.1800,0.53625,0.45211,0.39732,0.55000,0.43301,10.0001,0.02368,1,0.52342
71.2000,0.53625,0.45211,0.39731,0.55000,0.43301,10.0001,0.02368,1,0.52343
71.2200,0.53624,0.45211,0.39731,0.55000,0.43301,10.0001,0.02369,1,0.52343
71.2400,0.53624,0.45211,0.39731,0.55000,0.43301,10.0001,0.02369,1,0.52343
71.2600,0.53624,0.45211,0.39731,0.55000,0.43301,10.0001,0.02369,1,0.52343
71.2800,0.53624,0.45211,0.39731,0.55000,0.43301,10.0001,0.02369,1,0.52343
71.3000,0.53624,0.45211,0.39731,0.55000,0.43301,10.0001,0.02369,1,0.52343
71.3200,0.53624,0.45212,0.39731,0.55000,0.43301,10.0001,0.02370,1,0.52344
71.3400,0.53624,0.45212,0.39731,0.55000,0.43301,10.0001,0.02370,1,0.52344
71.3600,0.53624,0.45212,0.39731,0.55000,0.43301,10.0001,0.02370,1,0.52344
71.3800,0.53624,0.45212,0.39731,0.55000,0.43301,10.0001,0.02370,1,0.52344
71.4000,0.53624,0.45212,0.39731,0.55000,0.43301,10.0001,0.02370,1,0.52344
71.4200,0.53624,0.45212,0.39731,0.55000,0.43301,10.0001,0.02370,1,0.52344
71.4400,0.53624,0.45213,0.39731,0.55000,0.43301,10.0001,0.02371,1,0.52345
71.4600,0.53624,0.45213,0.39731,0.55000,0.43301,10.0001,0.02371,1,0.52345
71.4800,0.53624,0.45213,0.39731,0.55000,0.43301,10.0001,0.02371,1,0.52345
71.5000,0.53624,0.45213,0.39731,0.55000,0.43301,10.0001,0.02371,1,0.52345
71.5200,0.53624,0.45213,0.39731,0.55000,0.43301,10.0001,0.02371,1,0.52345
71.5400,0.53623,0.45213,0.39730,0.55000,0.43301,10.0001,0.02371,1,0.52345
71.5600,0.53623,0.45214,0.39730,0.55000,0.43301,10.0001,0.02372,1,0.52346
71.5800,0.53623,0.45214,0.39730,0.55000,0.43301,10.0001,0.02372,1,0.52346
71.6000,0.53623,0.45214,0.39730,0.55000,0.43301,10.0001,0.02372,1,0.52346
71.6200,0.53623,0.45214,0.39730,0.55000,0.43301,10.0001,0.02372,1,0.52346
71.6400,0.53623,0.45214,0.39730,0.55000,0.43301,10.0001,0.02372,1,0.52346
71.6600,0.53623,0.45214,0.39730,0.55000,0.43301,10.0001,0.02372,1,0.52346
71.6800,0.53623,0.45215,0.39730,0.55000,0.43301,10.0001,0.02373,1,0.52347
71.7000,0.53623,0.45215,0.39730,0.55000,0.43301,10.0001,0.02373,1,0.52347
71.7200,0.53623,0.45215,0.39730,0.55000,0.43301,10.0001,0.02373,1,0.52347
71.7400,0.53623,0.45215,0.39730,0.55000,0.43301,10.0001,0.02373,1,0.52347
71.7600,0.53623,0.45215,0.39730,0.55000,0.43301,10.0001,0.02373,1,0.52347
71.7800,0.53623,0.45215,0.39730,0.55000,0.43301,10.0001,0.02374,1,0.52348
71.8000,0.53623,0.45215,0.39730,0.55000,0.43301,10.0001,0.02374,1,0.52348
71.8200,0.53623,0.45216,0.39730,0.55000,0.43301,10.0001,0.02374,1,0.52348
71.8400,0.53623,0.45216,0.39730,0.55000,0.43301,10.0001,0.02374,1,0.52348
71.8600,0.53622,0.45216,0.39730,0.55000,0.43301,10.0001,0.02374,1,0.52348
71.8800,0.53622,0.45216,0.39730,0.55000,0.43301,10.0001,0.02374,1,0.52348
71.9000,0.53622,0.45216,0.39729,0.55000,0.43301,10.0001,0.02375,1,0.52349
71.9200,0.53622,0.45216,0.39729,0.55000,0.43301,10.0001,0.02375,1,0.52349
71.9400,0.53622,0.45217,0.39729,0.55000,0.43301,10.0001,0.02375,1,0.52349
71.9600,0.53622,0.45217,0.39729,0.55000,0.43301,10.0001,0.02375,1,0.52349
71.9800,0.53622,0.45217,0.39729,0.55000,0.43301,10.0001,0.02375,1,0.52349
72.0000,0.53622,0.45217,0.39729,0.55000,0.43301,10.0001,0.02375,1,0.52349
72.0200,0.53622,0.45217,0.39729,0.55000,0.43301,10.0001,0.02376,1,0.52350
72.0400,0.53622,0.45217,0.39729,0.55000,0.43301,10.0001,0.02376,1,0.52350
72.0600,0.53622,0.45218,0.39729,0.55000,0.43301,10.0001,0.02376,1,0.52350
72.0800,0.53622,0.45218,0.39729,0.55000,0.43301,10.0001,0.02376,1,0.52350
72.1000,0.53622,0.45218,0.39729,0.55000,0.43301,10.0001,0.02376,1,0.52350
72.1200,0.53622,0.45218,0.39729,0.55000,0.43301,10.0001,0.02376,1,0.52350
72.1400,0.53622,0.45218,0.39729,0.55000,0.43301,10.0001,0.02377,1,0.52351
72.1600,0.53622,0.45218,0.39729,0.55000,0.43301,10.0001,0.02377,1,0.52351
72.1800,0.53621,0.45218,0.39729,0.55000,0.43301,10.0001,0.02377,1,0.52351
72.2000,0.53621,0.45219,0.39729,0.55000,0.43301,10.0001,0.02377,1,0.52351
72.2200,0.53621,0.45219,0.39729,0.55000,0.43301,10.0001,0.02377,1,0.52351
72.2400,0.53621,0.45219,0.39729,0.55000,0.43301,10.0001,0.02377,1,0.52351
72.2600,0.53621,0.45219,0.39728,0.55000,0.43301,10.0001,0.02378,1,0.52352
72.2800,0.53621,0.45219,0.39728,0.55000,0.43301,10.0001,0.02378,1,0.52352
72.3000,0.53621,0.45219,0.39728,0.55000,0.43301,10.0001,0.02378,1,0.52352
72.3200,0.53621,0.45220,0.39728,0.55000,0.43301,10.0001,0.02378,1,0.52352
72.3400,0.53621,0.45220,0.39728,0.55000,0.43301,10.0001,0.02378,1,0.52352
72.3600,0.53621,0.45220,0.39728,0.55000,0.43301,10.0001,0.02378,1,0.52352
72.3800,0.53621,0.45220,0.39728,0.55000,0.43301,10.0001,0.02379,1,0.52352
72.4000,0.53621,0.45220,0.39728,0.55000,0.43301,10.0001,0.02379,1,0.52353
72.4200,0.53621,0.45220,0.39728,0.55000,0.43301,10.0001,0.02379,1,0.52353
72.4400,0.53621,0.45221,0.39728,0.55000,0.43301,10.0001,0.02379,1,0.52353
72.4600,0.53621,0.45221,0.39728,0.55000,0.43301,10.0001,0.02379,1,0.52353
72.4800,0.53621,0.45221,0.39728,0.55000,0.43301,10.0001,0.02379,1,0.52353
72.5000,0.53621,0.45221,0.39728,0.55000,0.43301,10.0001,0.02380,1,0.52353
72.5200,0.53620,0.45221,0.39728,0.55000,0.43301,10.0001,0.02380,1,0.52354
72.5400,0.53620,0.45221,0.39728,0.55000,0.43301,10.0001,0.02380,1,0.52354
72.5600,0.53620,0.45221,0.39728,0.55000,0.43301,10.0001,0.02380,1,0.52354
72.5800,0.53620,0.45222,0.39728,0.55000,0.43301,10.0001,0.02380,1,0.52354
72.6000,0.53620,0.45222,0.39728,0.55000,0.43301,10.0001,0.02380,1,0.52354
72.6200,0.53620,0.45222,0.39727,0.55000,0.43301,10.0001,0.02381,1,0.52354
72.6400,0.53620,0.45222,0.39727,0.55000,0.43301,10.0001,0.02381,1,0.52355
72.6600,0.53620,0.45222,0.39727,0.55000,0.43301,10.0001,0.02381,1,0.52355
72.6800,0.53620,0.45222,0.39727,0.55000,0.43301,10.0001,0.02381,1,0.52355
72.7000,0.53620,0.45222,0.39727,0.55000,0.43301,10.0001,0.02381,1,0.52355
72.7200,0.53620,0.45223,0.39727,0.55000,0.43301,10.0001,0.02381,1,0.52355
72.7400,0.53620,0.45223,0.39727,0.55000,0.43301,10.0001,0.02382,1,0.52355
72.7600,0.53620,0.45223,0.39727,0.55000,0.43301,10.0001,0.02382,1,0.52356
72.7800,0.53620,0.45223,0.39727,0.55000,0.43301,10.0001,0.02382,1,0.52356
72.8000,0.53620,0.45223,0.39727,0.55000,0.43301,10.0001,0.02382,1,0.52356
72.8200,0.53620,0.45223,0.39727,0.55000,0.43301,10.0001,0.02382,1,0.52356
72.8400,0.53620,0.45224,0.39727,0.55000,0.43301,10.0001,0.02382,1,0.52356
72.8600,0.53619,0.45224,0.39727,0.55000,0.43301,10.0001,0.02382,1,0.52356
72.8800,0.53619,0.45224,0.39727,0.55000,0.43301,10.0001,0.02383,1,0.52357
72.9000,0.53619,0.45224,0.39727,0.55000,0.43301,10.0001,0.02383,1,0.52357
72.9200,0.53619,0.45224,0.39727,0.55000,0.43301,10.0001,0.02383,1,0.52357
72.9400,0.53619,0.45224,0.39727,0.55000,0.43301,10.0001,0.02383,1,0.52357
72.9600,0.53619,0.45224,0.39727,0.55000,0.43301,10.0001,0.02383,1,0.52357
72.9800,0.53619,0.45225,0.39726,0.55000,0.43301,10.0001,0.02383,1,0.52357
73.0000,0.53619,0.45225,0.39726,0.55000,0.43301,10.0001,0.02384,1,0.52357
73.0200,0.53619,0.45225,0.39726,0.55000,0.43301,10.0001,0.02384,1,0.52358
73.0400,0.53619,0.45225,0.39726,0.55000,0.43301,10.0001,0.02384,1,0.52358
73.0600,0.53619,0.45225,0.39726,0.55000,0.43301,10.0001,0.02384,1,0.52358
73.0800,0.53619,0.45225,0.39726,0.55000,0.43301,10.0001,0.02384,1,0.52358
73.1000,0.53619,0.45226,0.39726,0.55000,0.43301,10.0001,0.02384,1,0.52358
73.1200,0.53619,0.45226,0.39726,0.55000,0.43301,10.0001,0.02385,1,0.52358
73.1400,0.53619,0.45226,0.39726,0.55000,0.43301,10.0001,0.02385,1,0.52359
73.1600,0.53619,0.45226,0.39726,0.55000,0.43301,10.0001,0.02385,1,0.52359
73.1800,0.53619,0.45226,0.39726,0.55000,0.43301,10.0001,0.02385,1,0.52359
73.2000,0.53619,0.45226,0.39726,0.55000,0.43301,10.0001,0.02385,1,0.52359
73.2200,0.53618,0.45226,0.39726,0.55000,0.43301,10.0001,0.02385,1,0.52359
73.2400,0.53618,0.45227,0.39726,0.55000,0.43301,10.0001,0.02386,1,0.52359
73.2600,0.53618,0.45227,0.39726,0.55000,0.43301,10.0001,0.02386,1,0.52360
73.2800,0.53618,0.45227,0.39726,0.55000,0.43301,10.0001,0.02386,1,0.52360
73.3000,0.53618,0.45227,0.39726,0.55000,0.43301,10.0001,0.02386,1,0.52360
73.3200,0.53618,0.45227,0.39726,0.55000,0.43301,10.0001,0.02386,1,0.52360
73.3400,0.53618,0.45227,0.39725,0.55000,0.43301,10.0001,0.02386,1,0.52360
73.3600,0.53618,0.45227,0.39725,0.55000,0.43301,10.0001,0.02386,1,0.52360
73.3800,0.53618,0.45228,0.39725,0.55000,0.43301,10.0001,0.02387,1,0.52360
73.4000,0.53618,0.45228,0.39725,0.55000,0.43301,10.0001,0.02387,1,0.52361
73.4200,0.53618,0.45228,0.39725,0.55000,0.43301,10.0001,0.02387,1,0.52361
73.4400,0.53618,0.45228,0.39725,0.55000,0.43301,10.0001,0.02387,1,0.52361
73.4600,0.53618,0.45228,0.39725,0.55000,0.43301,10.0001,0.02387,1,0.52361
73.4800,0.53618,0.45228,0.39725,0.55000,0.43301,10.0001,0.02387,1,0.52361
73.5000,0.53618,0.45228,0.39725,0.55000,0.43301,10.0001,0.02388,1,0.52361
73.5200,0.53618,0.45229,0.39725,0.55000,0.43301,10.0001,0.02388,1,0.52362
73.5400,0.53618,0.45229,0.39725,0.55000,0.43301,10.0001,0.02388,1,0.52362
73.5600,0.53618,0.45229,0.39725,0.55000,0.43301,10.0001,0.02388,1,0.52362
73.5800,0.53617,0.45229,0.39725,0.55000,0.43301,10.0001,0.02388,1,0.52362
73.6000,0.53617,0.45229,0.39725,0.55000,0.43301,10.0001,0.02388,1,0.52362
73.6200,0.53617,0.45229,0.39725,0.55000,0.43301,10.0001,0.02388,1,0.52362
73.6400,0.53617,0.45229,0.39725,0.55000,0.43301,10.0001,0.02389,1,0.52362
73.6600,0.53617,0.45230,0.39725,0.55000,0.43301,10.0001,0.02389,1,0.52363
73.6800,0.53617,0.45230,0.39725,0.55000,0.43301,10.0001,0.02389,1,0.52363
73.7000,0.53617,0.45230,0.39725,0.55000,0.43301,10.0001,0.02389,1,0.52363
73.7200,0.53617,0.45230,0.39724,0.55000,0.43301,10.0001,0.02389,1,0.52363
73.7400,0.53617,0.45230,0.39724,0.55000,0.43301,10.0001,0.02389,1,0.52363
73.7600,0.53617,0.45230,0.39724,0.55000,0.43301,10.0001,0.02390,1,0.52363
73.7800,0.53617,0.45231,0.39724,0.55000,0.43301,10.0001,0.02390,1,0.52364
73.8000,0.53617,0.45231,0.39724,0.55000,0.43301,10.0001,0.02390,1,0.52364
73.8200,0.53617,0.45231,0.39724,0.55000,0.43301,10.0001,0.02390,1,0.52364
73.8400,0.53617,0.45231,0.39724,0.55000,0.43301,10.0001,0.02390,1,0.52364
73.8600,0.53617,0.45231,0.39724,0.55000,0.43301,10.0001,0.02390,1,0.52364
73.8800,0.53617,0.45231,0.39724,0.55000,0.43301,10.0001,0.02390,1,0.52364
73.9000,0.53617,0.45231,0.39724,0.55000,0.43301,10.0001,0.02391,1,0.52364
73.9200,0.53617,0.45232,0.39724,0.55000,0.43301,10.0001,0.02391,1,0.52365
73.9400,0.53617,0.45232,0.39724,0.55000,0.43301,10.0001,0.02391,1,0.52365
73.9600,0.53616,0.45232,0.39724,0.55000,0.43301,10.0001,0.02391,1,0.52365
73.9800,0.53616,0.45232,0.39724,0.55000,0.43301,10.0001,0.02391,1,0.52365
74.0000,0.53616,0.45232,0.39724,0.55000,0.43301,10.0001,0.02391,1,0.52365
74.0200,0.53616,0.45232,0.39724,0.55000,0.43301,10.0001,0.02392,1,0.52365
74.0400,0.53616,0.45232,0.39724,0.55000,0.43301,10.0001,0.02392,1,0.52366
74.0600,0.53616,0.45233,0.39724,0.55000,0.43301,10.0001,0.02392,1,0.52366
74.0800,0.53616,0.45233,0.39724,0.55000,0.43301,10.0001,0.02392,1,0.52366
74.1000,0.53616,0.45233,0.39723,0.55000,0.43301,10.0001,0.02392,1,0.52366
74.1200,0.53616,0.45233,0.39723,0.55000,0.43301,10.0001,0.02392,1,0.52366
74.1400,0.53616,0.45233,0.39723,0.55000,0.43301,10.0001,0.02392,1,0.52366
74.1600,0.53616,0.45233,0.39723,0.55000,0.43301,10.0001,0.02393,1,0.52366
74.1800,0.53616,0.45233,0.39723,0.55000,0.43301,10.0001,0.02393,1,0.52367
74.2000,0.53616,0.45234,0.39723,0.55000,0.43301,10.0001,0.02393,1,0.52367
74.2200,0.53616,0.45234,0.39723,0.55000,0.43301,10.0001,0.02393,1,0.52367
74.2400,0.53616,0.45234,0.39723,0.55000,0.43301,10.0001,0.02393,1,0.52367
74.2600,0.53616,0.45234,0.39723,0.55000,0.43301,10.0001,0.02393,1,0.52367
74.2800,0.53616,0.45234,0.39723,0.55000,0.43301,10.0001,0.02394,1,0.52367
74.3000,0.53616,0.45234,0.39723,0.55000,0.43301,10.0001,0.02394,1,0.52367
74.3200,0.53616,0.45234,0.39723,0.55000,0.43301,10.0001,0.02394,1,0.52368
74.3400,0.53615,0.45235,0.39723,0.55000,0.43301,10.0001,0.02394,1,0.52368
74.3600,0.53615,0.45235,0.39723,0.55000,0.43301,10.0001,0.02394,1,0.52368
74.3800,0.53615,0.45235,0.39723,0.55000,0.43301,10.0001,0.02394,1,0.52368
74.4000,0.53615,0.45235,0.39723,0.55000,0.43301,10.0001,0.02394,1,0.52368
74.4200,0.53615,0.45235,0.39723,0.55000,0.43301,10.0001,0.02395,1,0.52368
74.4400,0.53615,0.45235,0.39723,0.55000,0.43301,10.0001,0.02395,1,0.52368
74.4600,0.53615,0.45235,0.39723,0.55000,0.43301,10.0001,0.02395,1,0.52369
74.4800,0.53615,0.45235,0.39722,0.55000,0.43301,10.0001,0.02395,1,0.52369
74.5000,0.53615,0.45236,0.39722,0.55000,0.43301,10.0001,0.02395,1,0.52369
74.5200,0.53615,0.45236,0.39722,0.55000,0.43301,10.0001,0.02395,1,0.52369
74.5400,0.53615,0.45236,0.39722,0.55000,0.43301,10.0001,0.02395,1,0.52369
74.5600,0.53615,0.45236,0.39722,0.55000,0.43301,10.0001,0.02396,1,0.52369
74.5800,0.53615,0.45236,0.39722,0.55000,0.43301,10.0001,0.02396,1,0.52369
74.6000,0.53615,0.45236,0.39722,0.55000,0.43301,10.0001,0.02396,1,0.52370
74.6200,0.53615,0.45236,0.39722,0.55000,0.43301,10.0001,0.02396,1,0.52370
74.6400,0.53615,0.45237,0.39722,0.55000,0.43301,10.0001,0.02396,1,0.52370
74.6600,0.53615,0.45237,0.39722,0.55000,0.43301,10.0001,0.02396,1,0.52370
74.6800,0.53615,0.45237,0.39722,0.55000,0.43301,10.0001,0.02396,1,0.52370
74.7000,0.53615,0.45237,0.39722,0.55000,0.43301,10.0001,0.02397,1,0.52370
74.7200,0.53615,0.45237,0.39722,0.55000,0.43301,10.0001,0.02397,1,0.52371
74.7400,0.53614,0.45237,0.39722,0.55000,0.43301,10.0001,0.02397,1,0.52371
74.7600,0.53614,0.45237,0.39722,0.55000,0.43301,10.0001,0.02397,1,0.52371
74.7800,0.53614,0.45238,0.39722,0.55000,0.43301,10.0001,0.02397,1,0.52371
74.8000,0.53614,0.45238,0.39722,0.55000,0.43301,10.0001,0.02397,1,0.52371
74.8200,0.53614,0.45238,0.39722,0.55000,0.43301,10.0001,0.02397,1,0.52371
74.8400,0.53614,0.45238,0.39722,0.55000,0.43301,10.0001,0.02398,1,0.52371
74.8600,0.53614,0.45238,0.39722,0.55000,0.43301,10.0001,0.02398,1,0.52372
74.8800,0.53614,0.45238,0.39721,0.55000,0.43301,10.0001,0.02398,1,0.52372
74.9000,0.53614,0.45238,0.39721,0.55000,0.43301,10.0001,0.02398,1,0.52372
74.9200,0.53614,0.45239,0.39721,0.55000,0.43301,10.0001,0.02398,1,0.52372
74.9400,0.53614,0.45239,0.39721,0.55000,0.43301,10.0001,0.02398,1,0.52372
74.9600,0.53614,0.45239,0.39721,0.55000,0.43301,10.0001,0.02399,1,0.52372
74.9800,0.53614,0.45239,0.39721,0.55000,0.43301,10.0001,0.02399,1,0.52372
75.0000,0.53614,0.45239,0.39721,0.55000,0.43301,10.0001,0.02399,1,0.52373
75.0200,0.53614,0.45239,0.39721,0.55000,0.43301,10.0001,0.02399,1,0.52373
75.0400,0.53614,0.45239,0.39721,0.55000,0.43301,10.0001,0.02399,1,0.52373
75.0600,0.53614,0.45239,0.39721,0.55000,0.43301,10.0001,0.02399,1,0.52373
75.0800,0.53614,0.45240,0.39721,0.55000,0.43301,10.0001,0.02399,1,0.52373
75.1000,0.53614,0.45240,0.39721,0.55000,0.43301,10.0001,0.02400,1,0.52373
75.1200,0.53614,0.45240,0.39721,0.55000,0.43301,10.0001,0.02400,1,0.52373
75.1400,0.53614,0.45240,0.39721,0.55000,0.43301,10.0001,0.02400,1,0.52374
75.1600,0.53613,0.45240,0.39721,0.55000,0.43301,10.0001,0.02400,1,0.52374
75.1800,0.53613,0.45240,0.39721,0.55000,0.43301,10.0001,0.02400,1,0.52374
75.2000,0.53613,0.45240,0.39721,0.55000,0.43301,10.0001,0.02400,1,0.52374
75.2200,0.53613,0.45241,0.39721,0.55000,0.43301,10.0001,0.02400,1,0.52374
75.2400,0.53613,0.45241,0.39721,0.55000,0.43301,10.0001,0.02401,1,0.52374
75.2600,0.53613,0.45241,0.39721,0.55000,0.43301,10.0001,0.02401,1,0.52374
75.2800,0.53613,0.45241,0.39720,0.55000,0.43301,10.0001,0.02401,1,0.52374
75.3000,0.53613,0.45241,0.39720,0.55000,0.43301,10.0001,0.02401,1,0.52375
75.3200,0.53613,0.45241,0.39720,0.55000,0.43301,10.0001,0.02401,1,0.52375
75.3400,0.53613,0.45241,0.39720,0.55000,0.43301,10.0001,0.02401,1,0.52375
75.3600,0.53613,0.45242,0.39720,0.55000,0.43301,10.0001,0.02401,1,0.52375
75.3800,0.53613,0.45242,0.39720,0.55000,0.43301,10.0001,0.02402,1,0.52375
75.4000,0.53613,0.45242,0.39720,0.55000,0.43301,10.0001,0.02402,1,0.52375
75.4200,0.53613,0.45242,0.39720,0.55000,0.43301,10.0001,0.02402,1,0.52375
75.4400,0.53613,0.45242,0.39720,0.55000,0.43301,10.0001,0.02402,1,0.52376
75.4600,0.53613,0.45242,0.39720,0.55000,0.43301,10.0001,0.02402,1,0.52376
75.4800,0.53613,0.45242,0.39720,0.55000,0.43301,10.0001,0.02402,1,0.52376
75.5000,0.53613,0.45242,0.39720,0.55000,0.43301,10.0001,0.02402,1,0.52376
75.5200,0.53613,0.45243,0.39720,0.55000,0.43301,10.0001,0.02402,1,0.52376
75.5400,0.53613,0.45243,0.39720,0.55000,0.43301,10.0001,0.02403,1,0.52376
75.5600,0.53613,0.45243,0.39720,0.55000,0.43301,10.0001,0.02403,1,0.52376
75.5800,0.53613,0.45243,0.39720,0.55000,0.43301,10.0001,0.02403,1,0.52377
75.6000,0.53612,0.45243,0.39720,0.55000,0.43301,10.0001,0.02403,1,0.52377
75.6200,0.53612,0.45243,0.39720,0.55000,0.43301,10.0001,0.02403,1,0.52377
75.6400,0.53612,0.45243,0.39720,0.55000,0.43301,10.0001,0.02403,1,0.52377
75.6600,0.53612,0.45244,0.39720,0.55000,0.43301,10.0001,0.02403,1,0.52377
75.6800,0.53612,0.45244,0.39719,0.55000,0.43301,10.0001,0.02404,1,0.52377
75.7000,0.53612,0.45244,0.39719,0.55000,0.43301,10.0001,0.02404,1,0.52377
75.7200,0.53612,0.45244,0.39719,0.55000,0.43301,10.0001,0.02404,1,0.52378
75.7400,0.53612,0.45244,0.39719,0.55000,0.43301,10.0001,0.02404,1,0.52378
75.7600,0.53612,0.45244,0.39719,0.55000,0.43301,10.0001,0.02404,1,0.52378
75.7800,0.53612,0.45244,0.39719,0.55000,0.43301,10.0001,0.02404,1,0.52378
75.8000,0.53612,0.45244,0.39719,0.55000,0.43301,10.0001,0.02404,1,0.52378
75.8200,0.53612,0.45245,0.39719,0.55000,0.43301,10.0001,0.02405,1,0.52378
75.8400,0.53612,0.45245,0.39719,0.55000,0.43301,10.0001,0.02405,1,0.52378
75.8600,0.53612,0.45245,0.39719,0.55000,0.43301,10.0001,0.02405,1,0.52379
75.8800,0.53612,0.45245,0.39719,0.55000,0.43301,10.0001,0.02405,1,0.52379
75.9000,0.53612,0.45245,0.39719,0.55000,0.43301,10.0001,0.02405,1,0.52379
75.9200,0.53612,0.45245,0.39719,0.55000,0.43301,10.0001,0.02405,1,0.52379
75.9400,0.53612,0.45245,0.39719,0.55000,0.43301,10.0001,0.02405,1,0.52379
75.9600,0.53612,0.45246,0.39719,0.55000,0.43301,10.0001,0.02406,1,0.52379
75.9800,0.53612,0.45246,0.39719,0.55000,0.43301,10.0001,0.02406,1,0.52379
76.0000,0.53612,0.45246,0.39719,0.55000,0.43301,10.0001,0.02406,1,0.52379
76.0200,0.53612,0.45246,0.39719,0.55000,0.43301,10.0001,0.02406,1,0.52380
76.0400,0.53611,0.45246,0.39719,0.55000,0.43301,10.0001,0.02406,1,0.52380
76.0600,0.53611,0.45246,0.39719,0.55000,0.43301,10.0001,0.02406,1,0.52380
76.0800,0.53611,0.45246,0.39718,0.55000,0.43301,10.0001,0.02406,1,0.52380
76.1000,0.53611,0.45246,0.39718,0.55000,0.43301,10.0001,0.02406,1,0.52380
76.1200,0.53611,0.45247,0.39718,0.55000,0.43301,10.0001,0.02407,1,0.52380
76.1400,0.53611,0.45247,0.39718,0.55000,0.43301,10.0001,0.02407,1,0.52380
76.1600,0.53611,0.45247,0.39718,0.55000,0.43301,10.0001,0.02407,1,0.52381
76.1800,0.53611,0.45247,0.39718,0.55000,0.43301,10.0001,0.02407,1,0.52381
76.2000,0.53611,0.45247,0.39718,0.55000,0.43301,10.0001,0.02407,1,0.52381
76.2200,0.53611,0.45247,0.39718,0.55000,0.43301,10.0001,0.02407,1,0.52381
76.2400,0.53611,0.45247,0.39718,0.55000,0.43301,10.0001,0.02407,1,0.52381
76.2600,0.53611,0.45247,0.39718,0.55000,0.43301,10.0001,0.02408,1,0.52381
76.2800,0.53611,0.45248,0.39718,0.55000,0.43301,10.0001,0.02408,1,0.52381
76.3000,0.53611,0.45248,0.39718,0.55000,0.43301,10.0001,0.02408,1,0.52381
76.3200,0.53611,0.45248,0.39718,0.55000,0.43301,10.0001,0.02408,1,0.52382
76.3400,0.53611,0.45248,0.39718,0.55000,0.43301,10.0001,0.02408,1,0.52382
76.3600,0.53611,0.45248,0.39718,0.55000,0.43301,10.0001,0.02408,1,0.52382
76.3800,0.53611,0.45248,0.39718,0.55000,0.43301,10.0001,0.02408,1,0.52382
76.4000,0.53611,0.45248,0.39718,0.55000,0.43301,10.0001,0.02409,1,0.52382
76.4200,0.53611,0.45248,0.39718,0.55000,0.43301,10.0001,0.02409,1,0.52382
76.4400,0.53611,0.45249,0.39718,0.55000,0.43301,10.0001,0.02409,1,0.52382
76.4600,0.53611,0.45249,0.39718,0.55000,0.43301,10.0001,0.02409,1,0.52383
76.4800,0.53611,0.45249,0.39718,0.55000,0.43301,10.0001,0.02409,1,0.52383
76.5000,0.53610,0.45249,0.39717,0.55000,0.43301,10.0001,0.02409,1,0.52383
76.5200,0.53610,0.45249,0.39717,0.55000,0.43301,10.0001,0.02409,1,0.52383
76.5400,0.53610,0.45249,0.39717,0.55000,0.43301,10.0001,0.02409,1,0.52383
76.5600,0.53610,0.45249,0.39717,0.55000,0.43301,10.0001,0.02410,1,0.52383
76.5800,0.53610,0.45250,0.39717,0.55000,0.43301,10.0001,0.02410,1,0.52383
76.6000,0.53610,0.45250,0.39717,0.55000,0.43301,10.0001,0.02410,1,0.52383
76.6200,0.53610,0.45250,0.39717,0.55000,0.43301,10.0001,0.02410,1,0.52384
76.6400,0.53610,0.45250,0.39717,0.55000,0.43301,10.0001,0.02410,1,0.52384
76.6600,0.53610,0.45250,0.39717,0.55000,0.43301,10.0001,0.02410,1,0.52384
76.6800,0.53610,0.45250,0.39717,0.55000,0.43301,10.0001,0.02410,1,0.52384
76.7000,0.53610,0.45250,0.39717,0.55000,0.43301,10.0001,0.02411,1,0.52384
76.7200,0.53610,0.45250,0.39717,0.55000,0.43301,10.0001,0.02411,1,0.52384
76.7400,0.53610,0.45251,0.39717,0.55000,0.43301,10.0001,0.02411,1,0.52384
76.7600,0.53610,0.45251,0.39717,0.55000,0.43301,10.0001,0.02411,1,0.52384
76.7800,0.53610,0.45251,0.39717,0.55000,0.43301,10.0001,0.02411,1,0.52385
76.8000,0.53610,0.45251,0.39717,0.55000,0.43301,10.0001,0.02411,1,0.52385
76.8200,0.53610,0.45251,0.39717,0.55000,0.43301,10.0001,0.02411,1,0.52385
76.8400,0.53610,0.45251,0.39717,0.55000,0.43301,10.0001,0.02411,1,0.52385
76.8600,0.53610,0.45251,0.39717,0.55000,0.43301,10.0001,0.02412,1,0.52385
76.8800,0.53610,0.45251,0.39717,0.55000,0.43301,10.0001,0.02412,1,0.52385
76.9000,0.53610,0.45252,0.39716,0.55000,0.43301,10.0001,0.02412,1,0.52385
76.9200,0.53610,0.45252,0.39716,0.55000,0.43301,10.0001,0.02412,1,0.52386
76.9400,0.53610,0.45252,0.39716,0.55000,0.43301,10.0001,0.02412,1,0.52386
76.9600,0.53610,0.45252,0.39716,0.55000,0.43301,10.0001,0.02412,1,0.52386
76.9800,0.53610,0.45252,0.39716,0.55000,0.43301,10.0001,0.02412,1,0.52386
77.0000,0.53609,0.45252,0.39716,0.55000,0.43301,10.0001,0.02412,1,0.52386
77.0200,0.53609,0.45252,0.39716,0.55000,0.43301,10.0001,0.02413,1,0.52386
77.0400,0.53609,0.45252,0.39716,0.55000,0.43301,10.0001,0.02413,1,0.52386
77.0600,0.53609,0.45253,0.39716,0.55000,0.43301,10.0001,0.02413,1,0.52386
77.0800,0.53609,0.45253,0.39716,0.55000,0.43301,10.0001,0.02413,1,0.52387
77.1000,0.53609,0.45253,0.39716,0.55000,0.43301,10.0001,0.02413,1,0.52387
77.1200,0.53609,0.45253,0.39716,0.55000,0.43301,10.0001,0.02413,1,0.52387
77.1400,0.53609,0.45253,0.39716,0.55000,0.43301,10.0001,0.02413,1,0.52387
77.1600,0.53609,0.45253,0.39716,0.55000,0.43301,10.0001,0.02414,1,0.52387
77.1800,0.53609,0.45253,0.39716,0.55000,0.43301,10.0001,0.02414,1,0.52387
77.2000,0.53609,0.45253,0.39716,0.55000,0.43301,10.0001,0.02414,1,0.52387
77.2200,0.53609,0.45254,0.39716,0.55000,0.43301,10.0001,0.02414,1,0.52387
77.2400,0.53609,0.45254,0.39716,0.55000,0.43301,10.0001,0.02414,1,0.52388
77.2600,0.53609,0.45254,0.39716,0.55000,0.43301,10.0001,0.02414,1,0.52388
77.2800,0.53609,0.45254,0.39716,0.55000,0.43301,10.0001,0.02414,1,0.52388
77.3000,0.53609,0.45254,0.39716,0.55000,0.43301,10.0001,0.02414,1,0.52388
77.3200,0.53609,0.45254,0.39716,0.55000,0.43301,10.0001,0.02415,1,0.52388
77.3400,0.53609,0.45254,0.39715,0.55000,0.43301,10.0001,0.02415,1,0.52388
77.3600,0.53609,0.45254,0.39715,0.55000,0.43301,10.0001,0.02415,1,0.52388
77.3800,0.53609,0.45255,0.39715,0.55000,0.43301,10.0001,0.02415,1,0.52388
77.4000,0.53609,0.45255,0.39715,0.55000,0.43301,10.0001,0.02415,1,0.52389
77.4200,0.53609,0.45255,0.39715,0.55000,0.43301,10.0001,0.02415,1,0.52389
77.4400,0.53609,0.45255,0.39715,0.55000,0.43301,10.0001,0.02415,1,0.52389
77.4600,0.53609,0.45255,0.39715,0.55000,0.43301,10.0001,0.02415,1,0.52389
77.4800,0.53609,0.45255,0.39715,0.55000,0.43301,10.0001,0.02416,1,0.52389
77.5000,0.53608,0.45255,0.39715,0.55000,0.43301,10.0001,0.02416,1,0.52389
77.5200,0.53608,0.45255,0.39715,0.55000,0.43301,10.0001,0.02416,1,0.52389
77.5400,0.53608,0.45255,0.39715,0.55000,0.43301,10.0001,0.02416,1,0.52389
77.5600,0.53608,0.45256,0.39715,0.55000,0.43301,10.0001,0.02416,1,0.52390
77.5800,0.53608,0.45256,0.39715,0.55000,0.43301,10.0001,0.02416,1,0.52390
77.6000,0.53608,0.45256,0.39715,0.55000,0.43301,10.0001,0.02416,1,0.52390
77.6200,0.53608,0.45256,0.39715,0.55000,0.43301,10.0001,0.02416,1,0.52390
77.6400,0.53608,0.45256,0.39715,0.55000,0.43301,10.0001,0.02417,1,0.52390
77.6600,0.53608,0.45256,0.39715,0.55000,0.43301,10.0001,0.02417,1,0.52390
77.6800,0.53608,0.45256,0.39715,0.55000,0.43301,10.0001,0.02417,1,0.52390
77.7000,0.53608,0.45256,0.39715,0.55000,0.43301,10.0001,0.02417,1,0.52390
77.7200,0.53608,0.45257,0.39715,0.55000,0.43301,10.0001,0.02417,1,0.52391
77.7400,0.53608,0.45257,0.39715,0.55000,0.43301,10.0001,0.02417,1,0.52391
77.7600,0.53608,0.45257,0.39714,0.55000,0.43301,10.0001,0.02417,1,0.52391
77.7800,0.53608,0.45257,0.39714,0.55000,0.43301,10.0001,0.02417,1,0.52391
77.8000,0.53608,0.45257,0.39714,0.55000,0.43301,10.0001,0.02418,1,0.52391
77.8200,0.53608,0.45257,0.39714,0.55000,0.43301,10.0001,0.02418,1,0.52391
77.8400,0.53608,0.45257,0.39714,0.55000,0.43301,10.0001,0.02418,1,0.52391
77.8600,0.53608,0.45257,0.39714,0.55000,0.43301,10.0001,0.02418,1,0.52391
77.8800,0.53608,0.45258,0.39714,0.55000,0.43301,10.0001,0.02418,1,0.52392
77.9000,0.53608,0.45258,0.39714,0.55000,0.43301,10.0001,0.02418,1,0.52392
77.9200,0.53608,0.45258,0.39714,0.55000,0.43301,10.0001,0.02418,1,0.52392
77.9400,0.53608,0.45258,0.39714,0.55000,0.43301,10.0001,0.02418,1,0.52392
77.9600,0.53608,0.45258,0.39714,0.55000,0.43301,10.0001,0.02419,1,0.52392
77.9800,0.53608,0.45258,0.39714,0.55000,0.43301,10.0001,0.02419,1,0.52392
78.0000,0.53608,0.45258,0.39714,0.55000,0.43301,10.0001,0.02419,1,0.52392
78.0200,0.53608,0.45258,0.39714,0.55000,0.43301,10.0001,0.02419,1,0.52392
78.0400,0.53607,0.45259,0.39714,0.55000,0.43301,10.0001,0.02419,1,0.52393
78.0600,0.53607,0.45259,0.39714,0.55000,0.43301,10.0001,0.02419,1,0.52393
78.0800,0.53607,0.45259,0.39714,0.55000,0.43301,10.0001,0.02419,1,0.52393
78.1000,0.53607,0.45259,0.39714,0.55000,0.43301,10.0001,0.02419,1,0.52393
78.1200,0.53607,0.45259,0.39714,0.55000,0.43301,10.0001,0.02420,1,0.52393
78.1400,0.53607,0.45259,0.39714,0.55000,0.43301,10.0001,0.02420,1,0.52393
78.1600,0.53607,0.45259,0.39714,0.55000,0.43301,10.0001,0.02420,1,0.52393
78.1800,0.53607,0.45259,0.39714,0.55000,0.43301,10.0001,0.02420,1,0.52393
78.2000,0.53607,0.45259,0.39713,0.55000,0.43301,10.0001,0.02420,1,0.52394
78.2200,0.53607,0.45260,0.39713,0.55000,0.43301,10.0001,0.02420,1,0.52394
78.2400,0.53607,0.45260,0.39713,0.55000,0.43301,10.0001,0.02420,1,0.52394
78.2600,0.53607,0.45260,0.39713,0.55000,0.43301,10.0001,0.02420,1,0.52394
78.2800,0.53607,0.45260,0.39713,0.55000,0.43301,10.0001,0.02421,1,0.52394
78.3000,0.53607,0.45260,0.39713,0.55000,0.43301,10.0001,0.02421,1,0.52394
78.3200,0.53607,0.45260,0.39713,0.55000,0.43301,10.0001,0.02421,1,0.52394
78.3400,0.53607,0.45260,0.39713,0.55000,0.43301,10.0001,0.02421,1,0.52394
78.3600,0.53607,0.45260,0.39713,0.55000,0.43301,10.0001,0.02421,1,0.52394
78.3800,0.53607,0.45261,0.39713,0.55000,0.43301,10.0001,0.02421,1,0.52395
78.4000,0.53607,0.45261,0.39713,0.55000,0.43301,10.0001,0.02421,1,0.52395
78.4200,0.53607,0.45261,0.39713,0.55000,0.43301,10.0001,0.02421,1,0.52395
78.4400,0.53607,0.45261,0.39713,0.55000,0.43301,10.0001,0.02421,1,0.52395
78.4600,0.53607,0.45261,0.39713,0.55000,0.43301,10.0001,0.02422,1,0.52395
78.4800,0.53607,0.45261,0.39713,0.55000,0.43301,10.0001,0.02422,1,0.52395
78.5000,0.53607,0.45261,0.39713,0.55000,0.43301,10.0001,0.02422,1,0.52395
78.5200,0.53607,0.45261,0.39713,0.55000,0.43301,10.0001,0.02422,1,0.52395
78.5400,0.53607,0.45261,0.39713,0.55000,0.43301,10.0001,0.02422,1,0.52396
78.5600,0.53607,0.45262,0.39713,0.55000,0.43301,10.0001,0.02422,1,0.52396
78.5800,0.53607,0.45262,0.39713,0.55000,0.43301,10.0001,0.02422,1,0.52396
78.6000,0.53606,0.45262,0.39713,0.55000,0.43301,10.0001,0.02422,1,0.52396
78.6200,0.53606,0.45262,0.39713,0.55000,0.43301,10.0001,0.02423,1,0.52396
78.6400,0.53606,0.45262,0.39713,0.55000,0.43301,10.0001,0.02423,1,0.52396
78.6600,0.53606,0.45262,0.39712,0.55000,0.43301,10.0001,0.02423,1,0.52396
78.6800,0.53606,0.45262,0.39712,0.55000,0.43301,10.0001,0.02423,1,0.52396
78.7000,0.53606,0.45262,0.39712,0.55000,0.43301,10.0001,0.02423,1,0.52397
78.7200,0.53606,0.45263,0.39712,0.55000,0.43301,10.0001,0.02423,1,0.52397
78.7400,0.53606,0.45263,0.39712,0.55000,0.43301,10.0001,0.02423,1,0.52397
78.7600,0.53606,0.45263,0.39712,0.55000,0.43301,10.0001,0.02423,1,0.52397
78.7800,0.53606,0.45263,0.39712,0.55000,0.43301,10.0001,0.02424,1,0.52397
78.8000,0.53606,0.45263,0.39712,0.55000,0.43301,10.0001,0.02424,1,0.52397
78.8200,0.53606,0.45263,0.39712,0.55000,0.43301,10.0001,0.02424,1,0.52397
78.8400,0.53606,0.45263,0.39712,0.55000,0.43301,10.0001,0.02424,1,0.52397
78.8600,0.53606,0.45263,0.39712,0.55000,0.43301,10.0001,0.02424,1,0.52397
78.8800,0.53606,0.45263,0.39712,0.55000,0.43301,10.0001,0.02424,1,0.52398
78.9000,0.53606,0.45264,0.39712,0.55000,0.43301,10.0001,0.02424,1,0.52398
78.9200,0.53606,0.45264,0.39712,0.55000,0.43301,10.0001,0.02424,1,0.52398
78.9400,0.53606,0.45264,0.39712,0.55000,0.43301,10.0001,0.02424,1,0.52398
78.9600,0.53606,0.45264,0.39712,0.55000,0.43301,10.0001,0.02425,1,0.52398
78.9800,0.53606,0.45264,0.39712,0.55000,0.43301,10.0001,0.02425,1,0.52398
79.0000,0.53606,0.45264,0.39712,0.55000,0.43301,10.0001,0.02425,1,0.52398
79.0200,0.53606,0.45264,0.39712,0.55000,0.43301,10.0001,0.02425,1,0.52398
79.0400,0.53606,0.45264,0.39712,0.55000,0.43301,10.0001,0.02425,1,0.52398
79.0600,0.53606,0.45264,0.39712,0.55000,0.43301,10.0001,0.02425,1,0.52399
79.0800,0.53606,0.45265,0.39712,0.55000,0.43301,10.0001,0.02425,1,0.52399
79.1000,0.53606,0.45265,0.39711,0.55000,0.43301,10.0001,0.02425,1,0.52399
79.1200,0.53606,0.45265,0.39711,0.55000,0.43301,10.0001,0.02426,1,0.52399
79.1400,0.53606,0.45265,0.39711,0.55000,0.43301,10.0001,0.02426,1,0.52399
79.1600,0.53606,0.45265,0.39711,0.55000,0.43301,10.0001,0.02426,1,0.52399
79.1800,0.53606,0.45265,0.39711,0.55000,0.43301,10.0001,0.02426,1,0.52399
79.2000,0.53605,0.45265,0.39711,0.55000,0.43301,10.0001,0.02426,1,0.52399
79.2200,0.53605,0.45265,0.39711,0.55000,0.43301,10.0001,0.02426,1,0.52400
79.2400,0.53605,0.45265,0.39711,0.55000,0.43301,10.0001,0.02426,1,0.52400
79.2600,0.53605,0.45266,0.39711,0.55000,0.43301,10.0001,0.02426,1,0.52400
79.2800,0.53605,0.45266,0.39711,0.55000,0.43301,10.0001,0.02426,1,0.52400
79.3000,0.53605,0.45266,0.39711,0.55000,0.43301,10.0001,0.02427,1,0.52400
79.3200,0.53605,0.45266,0.39711,0.55000,0.43301,10.0001,0.02427,1,0.52400
79.3400,0.53605,0.45266,0.39711,0.55000,0.43301,10.0001,0.02427,1,0.52400
79.3600,0.53605,0.45266,0.39711,0.55000,0.43301,10.0001,0.02427,1,0.52400
79.3800,0.53605,0.45266,0.39711,0.55000,0.43301,10.0001,0.02427,1,0.52400
79.4000,0.53605,0.45266,0.39711,0.55000,0.43301,10.0001,0.02427,1,0.52401
79.4200,0.53605,0.45266,0.39711,0.55000,0.43301,10.0001,0.02427,1,0.52401
79.4400,0.53605,0.45267,0.39711,0.55000,0.43301,10.0001,0.02427,1,0.52401
79.4600,0.53605,0.45267,0.39711,0.55000,0.43301,10.0001,0.02427,1,0.52401
79.4800,0.53605,0.45267,0.39711,0.55000,0.43301,10.0001,0.02428,1,0.52401
79.5000,0.53605,0.45267,0.39711,0.55000,0.43301,10.0001,0.02428,1,0.52401
79.5200,0.53605,0.45267,0.39711,0.55000,0.43301,10.0001,0.02428,1,0.52401
79.5400,0.53605,0.45267,0.39711,0.55000,0.43301,10.0001,0.02428,1,0.52401
79.5600,0.53605,0.45267,0.39710,0.55000,0.43301,10.0001,0.02428,1,0.52401
79.5800,0.53605,0.45267,0.39710,0.55000,0.43301,10.0001,0.02428,1,0.52402
79.6000,0.53605,0.45268,0.39710,0.55000,0.43301,10.0001,0.02428,1,0.52402
79.6200,0.53605,0.45268,0.39710,0.55000,0.43301,10.0001,0.02428,1,0.52402
79.6400,0.53605,0.45268,0.39710,0.55000,0.43301,10.0001,0.02428,1,0.52402
79.6600,0.53605,0.45268,0.39710,0.55000,0.43301,10.0001,0.02429,1,0.52402
79.6800,0.53605,0.45268,0.39710,0.55000,0.43301,10.0001,0.02429,1,0.52402
79.7000,0.53605,0.45268,0.39710,0.55000,0.43301,10.0001,0.02429,1,0.52402
79.7200,0.53605,0.45268,0.39710,0.55000,0.43301,10.0001,0.02429,1,0.52402
79.7400,0.53605,0.45268,0.39710,0.55000,0.43301,10.0001,0.02429,1,0.52402
79.7600,0.53605,0.45268,0.39710,0.55000,0.43301,10.0001,0.02429,1,0.52403
79.7800,0.53605,0.45269,0.39710,0.55000,0.43301,10.0001,0.02429,1,0.52403
79.8000,0.53605,0.45269,0.39710,0.55000,0.43301,10.0001,0.02429,1,0.52403
79.8200,0.53604,0.45269,0.39710,0.55000,0.43301,10.0001,0.02430,1,0.52403
79.8400,0.53604,0.45269,0.39710,0.55000,0.43301,10.0001,0.02430,1,0.52403
79.8600,0.53604,0.45269,0.39710,0.55000,0.43301,10.0001,0.02430,1,0.52403
79.8800,0.53604,0.45269,0.39710,0.55000,0.43301,10.0001,0.02430,1,0.52403
79.9000,0.53604,0.45269,0.39710,0.55000,0.43301,10.0001,0.02430,1,0.52403
79.9200,0.53604,0.45269,0.39710,0.55000,0.43301,10.0001,0.02430,1,0.52403
79.9400,0.53604,0.45269,0.39710,0.55000,0.43301,10.0001,0.02430,1,0.52404
79.9600,0.53604,0.45270,0.39710,0.55000,0.43301,10.0001,0.02430,1,0.52404
79.9800,0.53604,0.45270,0.39710,0.55000,0.43301,10.0001,0.02430,1,0.52404
80.0000,0.53604,0.45270,0.39710,0.55000,0.43301,10.0001,0.02431,1,0.52404
80.0200,0.53604,0.45270,0.39710,0.55000,0.43301,10.0001,0.02431,1,0.52404
80.0400,0.53604,0.45270,0.39709,0.55000,0.43301,10.0001,0.02431,1,0.52404
80.0600,0.53604,0.45270,0.39709,0.55000,0.43301,10.0001,0.02431,1,0.52404
80.0800,0.53604,0.45270,0.39709,0.55000,0.43301,10.0001,0.02431,1,0.52404
80.1000,0.53604,0.45270,0.39709,0.55000,0.43301,10.0001,0.02431,1,0.52404
80.1200,0.53604,0.45270,0.39709,0.55000,0.43301,10.0001,0.02431,1,0.52405
80.1400,0.53604,0.45270,0.39709,0.55000,0.43301,10.0001,0.02431,1,0.52405
80.1600,0.53604,0.45271,0.39709,0.55000,0.43301,10.0001,0.02431,1,0.52405
80.1800,0.53604,0.45271,0.39709,0.55000,0.43301,10.0001,0.02432,1,0.52405
80.2000,0.53604,0.45271,0.39709,0.55000,0.43301,10.0001,0.02432,1,0.52405
80.2200,0.53604,0.45271,0.39709,0.55000,0.43301,10.0001,0.02432,1,0.52405
80.2400,0.53604,0.45271,0.39709,0.55000,0.43301,10.0001,0.02432,1,0.52405
80.2600,0.53604,0.45271,0.39709,0.55000,0.43301,10.0001,0.02432,1,0.52405
80.2800,0.53604,0.45271,0.39709,0.55000,0.43301,10.0001,0.02432,1,0.52405
80.3000,0.53604,0.45271,0.39709,0.55000,0.43301,10.0001,0.02432,1,0.52406
80.3200,0.53604,0.45271,0.39709,0.55000,0.43301,10.0001,0.02432,1,0.52406
80.3400,0.53604,0.45272,0.39709,0.55000,0.43301,10.0001,0.02432,1,0.52406
80.3600,0.53604,0.45272,0.39709,0.55000,0.43301,10.0001,0.02432,1,0.52406
80.3800,0.53604,0.45272,0.39709,0.55000,0.43301,10.0001,0.02433,1,0.52406
80.4000,0.53604,0.45272,0.39709,0.55000,0.43301,10.0001,0.02433,1,0.52406
80.4200,0.53604,0.45272,0.39709,0.55000,0.43301,10.0001,0.02433,1,0.52406
80.4400,0.53604,0.45272,0.39709,0.55000,0.43301,10.0001,0.02433,1,0.52406
80.4600,0.53604,0.45272,0.39709,0.55000,0.43301,10.0001,0.02433,1,0.52406
80.4800,0.53604,0.45272,0.39709,0.55000,0.43301,10.0001,0.02433,1,0.52407
80.5000,0.53603,0.45272,0.39709,0.55000,0.43301,10.0001,0.02433,1,0.52407
80.5200,0.53603,0.45273,0.39708,0.55000,0.43301,10.0001,0.02433,1,0.52407
80.5400,0.53603,0.45273,0.39708,0.55000,0.43301,10.0001,0.02433,1,0.52407
80.5600,0.53603,0.45273,0.39708,0.55000,0.43301,10.0001,0.02434,1,0.52407
80.5800,0.53603,0.45273,0.39708,0.55000,0.43301,10.0001,0.02434,1,0.52407
80.6000,0.53603,0.45273,0.39708,0.55000,0.43301,10.0001,0.02434,1,0.52407
80.6200,0.53603,0.45273,0.39708,0.55000,0.43301,10.0001,0.02434,1,0.52407
80.6400,0.53603,0.45273,0.39708,0.55000,0.43301,10.0001,0.02434,1,0.52407
80.6600,0.53603,0.45273,0.39708,0.55000,0.43301,10.0001,0.02434,1,0.52407
80.6800,0.53603,0.45273,0.39708,0.55000,0.43301,10.0001,0.02434,1,0.52408
80.7000,0.53603,0.45274,0.39708,0.55000,0.43301,10.0001,0.02434,1,0.52408
80.7200,0.53603,0.45274,0.39708,0.55000,0.43301,10.0001,0.02434,1,0.52408
80.7400,0.53603,0.45274,0.39708,0.55000,0.43301,10.0001,0.02435,1,0.52408
80.7600,0.53603,0.45274,0.39708,0.55000,0.43301,10.0001,0.02435,1,0.52408
80.7800,0.53603,0.45274,0.39708,0.55000,0.43301,10.0001,0.02435,1,0.52408
80.8000,0.53603,0.45274,0.39708,0.55000,0.43301,10.0001,0.02435,1,0.52408
80.8200,0.53603,0.45274,0.39708,0.55000,0.43301,10.0001,0.02435,1,0.52408
80.8400,0.53603,0.45274,0.39708,0.55000,0.43301,10.0001,0.02435,1,0.52408
80.8600,0.53603,0.45274,0.39708,0.55000,0.43301,10.0001,0.02435,1,0.52409
80.8800,0.53603,0.45274,0.39708,0.55000,0.43301,10.0001,0.02435,1,0.52409
80.9000,0.53603,0.45275,0.39708,0.55000,0.43301,10.0001,0.02435,1,0.52409
80.9200,0.53603,0.45275,0.39708,0.55000,0.43301,10.0001,0.02436,1,0.52409
80.9400,0.53603,0.45275,0.39708,0.55000,0.43301,10.0001,0.02436,1,0.52409
80.9600,0.53603,0.45275,0.39708,0.55000,0.43301,10.0001,0.02436,1,0.52409
80.9800,0.53603,0.45275,0.39708,0.55000,0.43301,10.0001,0.02436,1,0.52409
81.0000,0.53603,0.45275,0.39707,0.55000,0.43301,10.0001,0.02436,1,0.52409
81.0200,0.53603,0.45275,0.39707,0.55000,0.43301,10.0001,0.02436,1,0.52409
81.0400,0.53603,0.45275,0.39707,0.55000,0.43301,10.0001,0.02436,1,0.52409
81.0600,0.53603,0.45275,0.39707,0.55000,0.43301,10.0001,0.02436,1,0.52410
81.0800,0.53603,0.45276,0.39707,0.55000,0.43301,10.0001,0.02436,1,0.52410
81.1000,0.53603,0.45276,0.39707,0.55000,0.43301,10.0001,0.02436,1,0.52410
81.1200,0.53603,0.45276,0.39707,0.55000,0.43301,10.0001,0.02437,1,0.52410
81.1400,0.53603,0.45276,0.39707,0.55000,0.43301,10.0001,0.02437,1,0.52410
81.1600,0.53603,0.45276,0.39707,0.55000,0.43301,10.0001,0.02437,1,0.52410
81.1800,0.53603,0.45276,0.39707,0.55000,0.43301,10.0001,0.02437,1,0.52410
81.2000,0.53603,0.45276,0.39707,0.55000,0.43301,10.0001,0.02437,1,0.52410
81.2200,0.53602,0.45276,0.39707,0.55000,0.43301,10.0001,0.02437,1,0.52410
81.2400,0.53602,0.45276,0.39707,0.55000,0.43301,10.0001,0.02437,1,0.52411
81.2600,0.53602,0.45276,0.39707,0.55000,0.43301,10.0001,0.02437,1,0.52411
81.2800,0.53602,0.45277,0.39707,0.55000,0.43301,10.0001,0.02437,1,0.52411
81.3000,0.53602,0.45277,0.39707,0.55000,0.43301,10.0001,0.02438,1,0.52411
81.3200,0.53602,0.45277,0.39707,0.55000,0.43301,10.0001,0.02438,1,0.52411
81.3400,0.53602,0.45277,0.39707,0.55000,0.43301,10.0001,0.02438,1,0.52411
81.3600,0.53602,0.45277,0.39707,0.55000,0.43301,10.0001,0.02438,1,0.52411
81.3800,0.53602,0.45277,0.39707,0.55000,0.43301,10.0001,0.02438,1,0.52411
81.4000,0.53602,0.45277,0.39707,0.55000,0.43301,10.0001,0.02438,1,0.52411
81.4200,0.53602,0.45277,0.39707,0.55000,0.43301,10.0001,0.02438,1,0.52411
81.4400,0.53602,0.45277,0.39707,0.55000,0.43301,10.0001,0.02438,1,0.52412
81.4600,0.53602,0.45277,0.39707,0.55000,0.43301,10.0001,0.02438,1,0.52412
81.4800,0.53602,0.45278,0.39707,0.55000,0.43301,10.0001,0.02438,1,0.52412
81.5000,0.53602,0.45278,0.39706,0.55000,0.43301,10.0001,0.02439,1,0.52412
81.5200,0.53602,0.45278,0.39706,0.55000,0.43301,10.0001,0.02439,1,0.52412
81.5400,0.53602,0.45278,0.39706,0.55000,0.43301,10.0001,0.02439,1,0.52412
81.5600,0.53602,0.45278,0.39706,0.55000,0.43301,10.0001,0.02439,1,0.52412
81.5800,0.53602,0.45278,0.39706,0.55000,0.43301,10.0001,0.02439,1,0.52412
81.6000,0.53602,0.45278,0.39706,0.55000,0.43301,10.0001,0.02439,1,0.52412
81.6200,0.53602,0.45278,0.39706,0.55000,0.43301,10.0001,0.02439,1,0.52412
81.6400,0.53602,0.45278,0.39706,0.55000,0.43301,10.0001,0.02439,1,0.52413
81.6600,0.53602,0.45279,0.39706,0.55000,0.43301,10.0001,0.02439,1,0.52413
81.6800,0.53602,0.45279,0.39706,0.55000,0.43301,10.0001,0.02439,1,0.52413
81.7000,0.53602,0.45279,0.39706,0.55000,0.43301,10.0001,0.02440,1,0.52413
81.7200,0.53602,0.45279,0.39706,0.55000,0.43301,10.0001,0.02440,1,0.52413
81.7400,0.53602,0.45279,0.39706,0.55000,0.43301,10.0001,0.02440,1,0.52413
81.7600,0.53602,0.45279,0.39706,0.55000,0.43301,10.0001,0.02440,1,0.52413
81.7800,0.53602,0.45279,0.39706,0.55000,0.43301,10.0001,0.02440,1,0.52413
81.8000,0.53602,0.45279,0.39706,0.55000,0.43301,10.0001,0.02440,1,0.52413
81.8200,0.53602,0.45279,0.39706,0.55000,0.43301,10.0001,0.02440,1,0.52413
81.8400,0.53602,0.45279,0.39706,0.55000,0.43301,10.0001,0.02440,1,0.52414
81.8600,0.53602,0.45280,0.39706,0.55000,0.43301,10.0001,0.02440,1,0.52414
81.8800,0.53602,0.45280,0.39706,0.55000,0.43301,10.0001,0.02440,1,0.52414
81.9000,0.53602,0.45280,0.39706,0.55000,0.43301,10.0001,0.02441,1,0.52414
81.9200,0.53602,0.45280,0.39706,0.55000,0.43301,10.0001,0.02441,1,0.52414
81.9400,0.53602,0.45280,0.39706,0.55000,0.43301,10.0001,0.02441,1,0.52414
81.9600,0.53602,0.45280,0.39706,0.55000,0.43301,10.0001,0.02441,1,0.52414
81.9800,0.53602,0.45280,0.39706,0.55000,0.43301,10.0001,0.02441,1,0.52414
82.0000,0.53601,0.45280,0.39705,0.55000,0.43301,10.0001,0.02441,1,0.52414
82.0200,0.53601,0.45280,0.39705,0.55000,0.43301,10.0001,0.02441,1,0.52414
82.0400,0.53601,0.45280,0.39705,0.55000,0.43301,10.0001,0.02441,1,0.52415
82.0600,0.53601,0.45281,0.39705,0.55000,0.43301,10.0001,0.02441,1,0.52415
82.0800,0.53601,0.45281,0.39705,0.55000,0.43301,10.0001,0.02441,1,0.52415
82.1000,0.53601,0.45281,0.39705,0.55000,0.43301,10.0001,0.02442,1,0.52415
82.1200,0.53601,0.45281,0.39705,0.55000,0.43301,10.0001,0.02442,1,0.52415
82.1400,0.53601,0.45281,0.39705,0.55000,0.43301,10.0001,0.02442,1,0.52415
82.1600,0.53601,0.45281,0.39705,0.55000,0.43301,10.0001,0.02442,1,0.52415
82.1800,0.53601,0.45281,0.39705,0.55000,0.43301,10.0001,0.02442,1,0.52415
82.2000,0.53601,0.45281,0.39705,0.55000,0.43301,10.0001,0.02442,1,0.52415
82.2200,0.53601,0.45281,0.39705,0.55000,0.43301,10.0001,0.02442,1,0.52415
82.2400,0.53601,0.45281,0.39705,0.55000,0.43301,10.0001,0.02442,1,0.52416
82.2600,0.53601,0.45282,0.39705,0.55000,0.43301,10.0001,0.02442,1,0.52416
82.2800,0.53601,0.45282,0.39705,0.55000,0.43301,10.0001,0.02442,1,0.52416
82.3000,0.53601,0.45282,0.39705,0.55000,0.43301,10.0001,0.02443,1,0.52416
82.3200,0.53601,0.45282,0.39705,0.55000,0.43301,10.0001,0.02443,1,0.52416
82.3400,0.53601,0.45282,0.39705,0.55000,0.43301,10.0001,0.02443,1,0.52416
82.3600,0.53601,0.45282,0.39705,0.55000,0.43301,10.0001,0.02443,1,0.52416
82.3800,0.53601,0.45282,0.39705,0.55000,0.43301,10.0001,0.02443,1,0.52416
82.4000,0.53601,0.45282,0.39705,0.55000,0.43301,10.0001,0.02443,1,0.52416
82.4200,0.53601,0.45282,0.39705,0.55000,0.43301,10.0001,0.02443,1,0.52416
82.4400,0.53601,0.45282,0.39705,0.55000,0.43301,10.0001,0.02443,1,0.52417
82.4600,0.53601,0.45283,0.39705,0.55000,0.43301,10.0001,0.02443,1,0.52417
82.4800,0.53601,0.45283,0.39705,0.55000,0.43301,10.0001,0.02443,1,0.52417
82.5000,0.53601,0.45283,0.39705,0.55000,0.43301,10.0001,0.02444,1,0.52417
82.5200,0.53601,0.45283,0.39704,0.55000,0.43301,10.0001,0.02444,1,0.52417
82.5400,0.53601,0.45283,0.39704,0.55000,0.43301,10.0001,0.02444,1,0.52417
82.5600,0.53601,0.45283,0.39704,0.55000,0.43301,10.0001,0.02444,1,0.52417
82.5800,0.53601,0.45283,0.39704,0.55000,0.43301,10.0001,0.02444,1,0.52417
82.6000,0.53601,0.45283,0.39704,0.55000,0.43301,10.0001,0.02444,1,0.52417
82.6200,0.53601,0.45283,0.39704,0.55000,0.43301,10.0001,0.02444,1,0.52417
82.6400,0.53601,0.45283,0.39704,0.55000,0.43301,10.0001,0.02444,1,0.52418
82.6600,0.53601,0.45284,0.39704,0.55000,0.43301,10.0001,0.02444,1,0.52418
82.6800,0.53601,0.45284,0.39704,0.55000,0.43301,10.0001,0.02444,1,0.52418
82.7000,0.53601,0.45284,0.39704,0.55000,0.43301,10.0001,0.02445,1,0.52418
82.7200,0.53601,0.45284,0.39704,0.55000,0.43301,10.0001,0.02445,1,0.52418
82.7400,0.53601,0.45284,0.39704,0.55000,0.43301,10.0001,0.02445,1,0.52418
82.7600,0.53601,0.45284,0.39704,0.55000,0.43301,10.0001,0.02445,1,0.52418
82.7800,0.53601,0.45284,0.39704,0.55000,0.43301,10.0001,0.02445,1,0.52418
82.8000,0.53601,0.45284,0.39704,0.55000,0.43301,10.0001,0.02445,1,0.52418
82.8200,0.53601,0.45284,0.39704,0.55000,0.43301,10.0001,0.02445,1,0.52418
82.8400,0.53600,0.45284,0.39704,0.55000,0.43301,10.0001,0.02445,1,0.52419
82.8600,0.53600,0.45285,0.39704,0.55000,0.43301,10.0001,0.02445,1,0.52419
82.8800,0.53600,0.45285,0.39704,0.55000,0.43301,10.0001,0.02445,1,0.52419
82.9000,0.53600,0.45285,0.39704,0.55000,0.43301,10.0001,0.02446,1,0.52419
82.9200,0.53600,0.45285,0.39704,0.55000,0.43301,10.0001,0.02446,1,0.52419
82.9400,0.53600,0.45285,0.39704,0.55000,0.43301,10.0001,0.02446,1,0.52419
82.9600,0.53600,0.45285,0.39704,0.55000,0.43301,10.0001,0.02446,1,0.52419
82.9800,0.53600,0.45285,0.39704,0.55000,0.43301,10.0001,0.02446,1,0.52419
83.0000,0.53600,0.45285,0.39704,0.55000,0.43301,10.0001,0.02446,1,0.52419
83.0200,0.53600,0.45285,0.39704,0.55000,0.43301,10.0001,0.02446,1,0.52419
83.0400,0.53600,0.45285,0.39703,0.55000,0.43301,10.0001,0.02446,1,0.52419
83.0600,0.53600,0.45285,0.39703,0.55000,0.43301,10.0001,0.02446,1,0.52420
83.0800,0.53600,0.45286,0.39703,0.55000,0.43301,10.0001,0.02446,1,0.52420
83.1000,0.53600,0.45286,0.39703,0.55000,0.43301,10.0001,0.02446,1,0.52420
83.1200,0.53600,0.45286,0.39703,0.55000,0.43301,10.0001,0.02447,1,0.52420
83.1400,0.53600,0.45286,0.39703,0.55000,0.43301,10.0001,0.02447,1,0.52420
83.1600,0.53600,0.45286,0.39703,0.55000,0.43301,10.0001,0.02447,1,0.52420
83.1800,0.53600,0.45286,0.39703,0.55000,0.43301,10.0001,0.02447,1,0.52420
83.2000,0.53600,0.45286,0.39703,0.55000,0.43301,10.0001,0.02447,1,0.52420
83.2200,0.53600,0.45286,0.39703,0.55000,0.43301,10.0001,0.02447,1,0.52420
83.2400,0.53600,0.45286,0.39703,0.55000,0.43301,10.0001,0.02447,1,0.52420
83.2600,0.53600,0.45286,0.39703,0.55000,0.43301,10.0001,0.02447,1,0.52421
83.2800,0.53600,0.45287,0.39703,0.55000,0.43301,10.0001,0.02447,1,0.52421
83.3000,0.53600,0.45287,0.39703,0.55000,0.43301,10.0001,0.02447,1,0.52421
83.3200,0.53600,0.45287,0.39703,0.55000,0.43301,10.0001,0.02448,1,0.52421
83.3400,0.53600,0.45287,0.39703,0.55000,0.43301,10.0001,0.02448,1,0.52421
83.3600,0.53600,0.45287,0.39703,0.55000,0.43301,10.0001,0.02448,1,0.52421
83.3800,0.53600,0.45287,0.39703,0.55000,0.43301,10.0001,0.02448,1,0.52421
83.4000,0.53600,0.45287,0.39703,0.55000,0.43301,10.0001,0.02448,1,0.52421
83.4200,0.53600,0.45287,0.39703,0.55000,0.43301,10.0001,0.02448,1,0.52421
83.4400,0.53600,0.45287,0.39703,0.55000,0.43301,10.0001,0.02448,1,0.52421
83.4600,0.53600,0.45287,0.39703,0.55000,0.43301,10.0001,0.02448,1,0.52421
83.4800,0.53600,0.45287,0.39703,0.55000,0.43301,10.0001,0.02448,1,0.52422
83.5000,0.53600,0.45288,0.39703,0.55000,0.43301,10.0001,0.02448,1,0.52422
83.5200,0.53600,0.45288,0.39703,0.55000,0.43301,10.0001,0.02448,1,0.52422
83.5400,0.53600,0.45288,0.39703,0.55000,0.43301,10.0001,0.02449,1,0.52422
83.5600,0.53600,0.45288,0.39703,0.55000,0.43301,10.0001,0.02449,1,0.52422
83.5800,0.53600,0.45288,0.39702,0.55000,0.43301,10.0001,0.02449,1,0.52422
83.6000,0.53600,0.45288,0.39702,0.55000,0.43301,10.0001,0.02449,1,0.52422
83.6200,0.53600,0.45288,0.39702,0.55000,0.43301,10.0001,0.02449,1,0.52422
83.6400,0.53600,0.45288,0.39702,0.55000,0.43301,10.0001,0.02449,1,0.52422
83.6600,0.53600,0.45288,0.39702,0.55000,0.43301,10.0001,0.02449,1,0.52422
83.6800,0.53600,0.45288,0.39702,0.55000,0.43301,10.0001,0.02449,1,0.52422
83.7000,0.53600,0.45289,0.39702,0.55000,0.43301,10.0001,0.02449,1,0.52423
83.7200,0.53600,0.45289,0.39702,0.55000,0.43301,10.0001,0.02449,1,0.52423
83.7400,0.53600,0.45289,0.39702,0.55000,0.43301,10.0001,0.02449,1,0.52423
83.7600,0.53600,0.45289,0.39702,0.55000,0.43301,10.0001,0.02450,1,0.52423
83.7800,0.53599,0.45289,0.39702,0.55000,0.43301,10.0001,0.02450,1,0.52423
83.8000,0.53599,0.45289,0.39702,0.55000,0.43301,10.0001,0.02450,1,0.52423
83.8200,0.53599,0.45289,0.39702,0.55000,0.43301,10.0000,0.02450,1,0.52423
83.8400,0.53599,0.45289,0.39702,0.55000,0.43301,10.0000,0.02450,1,0.52423
83.8600,0.53599,0.45289,0.39702,0.55000,0.43301,10.0000,0.02450,1,0.52423
83.8800,0.53599,0.45289,0.39702,0.55000,0.43301,10.0000,0.02450,1,0.52423
83.9000,0.53599,0.45289,0.39702,0.55000,0.43301,10.0000,0.02450,1,0.52423
83.9200,0.53599,0.45290,0.39702,0.55000,0.43301,10.0000,0.02450,1,0.52424
83.9400,0.53599,0.45290,0.39702,0.55000,0.43301,10.0000,0.02450,1,0.52424
83.9600,0.53599,0.45290,0.39702,0.55000,0.43301,10.0000,0.02451,1,0.52424
83.9800,0.53599,0.45290,0.39702,0.55000,0.43301,10.0000,0.02451,1,0.52424
84.0000,0.53599,0.45290,0.39702,0.55000,0.43301,10.0000,0.02451,1,0.52424
84.0200,0.53599,0.45290,0.39702,0.55000,0.43301,10.0000,0.02451,1,0.52424
84.0400,0.53599,0.45290,0.39702,0.55000,0.43301,10.0000,0.02451,1,0.52424
84.0600,0.53599,0.45290,0.39702,0.55000,0.43301,10.0000,0.02451,1,0.52424
84.0800,0.53599,0.45290,0.39702,0.55000,0.43301,10.0000,0.02451,1,0.52424
84.1000,0.53599,0.45290,0.39702,0.55000,0.43301,10.0000,0.02451,1,0.52424
84.1200,0.53599,0.45291,0.39701,0.55000,0.43301,10.0000,0.02451,1,0.52424
84.1400,0.53599,0.45291,0.39701,0.55000,0.43301,10.0000,0.02451,1,0.52425
84.1600,0.53599,0.45291,0.39701,0.55000,0.43301,10.0000,0.02451,1,0.52425
84.1800,0.53599,0.45291,0.39701,0.55000,0.43301,10.0000,0.02452,1,0.52425
84.2000,0.53599,0.45291,0.39701,0.55000,0.43301,10.0000,0.02452,1,0.52425
84.2200,0.53599,0.45291,0.39701,0.55000,0.43301,10.0000,0.02452,1,0.52425
84.2400,0.53599,0.45291,0.39701,0.55000,0.43301,10.0000,0.02452,1,0.52425
84.2600,0.53599,0.45291,0.39701,0.55000,0.43301,10.0000,0.02452,1,0.52425
84.2800,0.53599,0.45291,0.39701,0.55000,0.43301,10.0000,0.02452,1,0.52425
84.3000,0.53599,0.45291,0.39701,0.55000,0.43301,10.0000,0.02452,1,0.52425
84.3200,0.53599,0.45291,0.39701,0.55000,0.43301,10.0000,0.02452,1,0.52425
84.3400,0.53599,0.45292,0.39701,0.55000,0.43301,10.0000,0.02452,1,0.52425
84.3600,0.53599,0.45292,0.39701,0.55000,0.43301,10.0000,0.02452,1,0.52426
84.3800,0.53599,0.45292,0.39701,0.55000,0.43301,10.0000,0.02452,1,0.52426
84.4000,0.53599,0.45292,0.39701,0.55000,0.43301,10.0000,0.02452,1,0.52426
84.4200,0.53599,0.45292,0.39701,0.55000,0.43301,10.0000,0.02453,1,0.52426
84.4400,0.53599,0.45292,0.39701,0.55000,0.43301,10.0000,0.02453,1,0.52426
84.4600,0.53599,0.45292,0.39701,0.55000,0.43301,10.0000,0.02453,1,0.52426
84.4800,0.53599,0.45292,0.39701,0.55000,0.43301,10.0000,0.02453,1,0.52426
84.5000,0.53599,0.45292,0.39701,0.55000,0.43301,10.0000,0.02453,1,0.52426
84.5200,0.53599,0.45292,0.39701,0.55000,0.43301,10.0000,0.02453,1,0.52426
84.5400,0.53599,0.45292,0.39701,0.55000,0.43301,10.0000,0.02453,1,0.52426
84.5600,0.53599,0.45293,0.39701,0.55000,0.43301,10.0000,0.02453,1,0.52426
84.5800,0.53599,0.45293,0.39701,0.55000,0.43301,10.0000,0.02453,1,0.52427
84.6000,0.53599,0.45293,0.39701,0.55000,0.43301,10.0000,0.02453,1,0.52427
84.6200,0.53599,0.45293,0.39701,0.55000,0.43301,10.0000,0.02453,1,0.52427
84.6400,0.53599,0.45293,0.39701,0.55000,0.43301,10.0000,0.02454,1,0.52427
84.6600,0.53599,0.45293,0.39701,0.55000,0.43301,10.0000,0.02454,1,0.52427
84.6800,0.53599,0.45293,0.39700,0.55000,0.43301,10.0000,0.02454,1,0.52427
84.7000,0.53599,0.45293,0.39700,0.55000,0.43301,10.0000,0.02454,1,0.52427
84.7200,0.53599,0.45293,0.39700,0.55000,0.43301,10.0000,0.02454,1,0.52427
84.7400,0.53599,0.45293,0.39700,0.55000,0.43301,10.0000,0.02454,1,0.52427
84.7600,0.53599,0.45293,0.39700,0.55000,0.43301,10.0000,0.02454,1,0.52427
84.7800,0.53599,0.45294,0.39700,0.55000,0.43301,10.0000,0.02454,1,0.52427
84.8000,0.53599,0.45294,0.39700,0.55000,0.43301,10.0000,0.02454,1,0.52427
84.8200,0.53599,0.45294,0.39700,0.55000,0.43301,10.0000,0.02454,1,0.52428
84.8400,0.53598,0.45294,0.39700,0.55000,0.43301,10.0000,0.02454,1,0.52428
84.8600,0.53598,0.45294,0.39700,0.55000,0.43301,10.0000,0.02455,1,0.52428
84.8800,0.53598,0.45294,0.39700,0.55000,0.43301,10.0000,0.02455,1,0.52428
84.9000,0.53598,0.45294,0.39700,0.55000,0.43301,10.0000,0.02455,1,0.52428
84.9200,0.53598,0.45294,0.39700,0.55000,0.43301,10.0000,0.02455,1,0.52428
84.9400,0.53598,0.45294,0.39700,0.55000,0.43301,10.0000,0.02455,1,0.52428
84.9600,0.53598,0.45294,0.39700,0.55000,0.43301,10.0000,0.02455,1,0.52428
84.9800,0.53598,0.45294,0.39700,0.55000,0.43301,10.0000,0.02455,1,0.52428
85.0000,0.53598,0.45295,0.39700,0.55000,0.43301,10.0000,0.02455,1,0.52428
85.0200,0.53598,0.45295,0.39700,0.55000,0.43301,10.0000,0.02455,1,0.52428
85.0400,0.53598,0.45295,0.39700,0.55000,0.43301,10.0000,0.02455,1,0.52429
85.0600,0.53598,0.45295,0.39700,0.55000,0.43301,10.0000,0.02455,1,0.52429
85.0800,0.53598,0.45295,0.39700,0.55000,0.43301,10.0000,0.02455,1,0.52429
85.1000,0.53598,0.45295,0.39700,0.55000,0.43301,10.0000,0.02456,1,0.52429
85.1200,0.53598,0.45295,0.39700,0.55000,0.43301,10.0000,0.02456,1,0.52429
85.1400,0.53598,0.45295,0.39700,0.55000,0.43301,10.0000,0.02456,1,0.52429
85.1600,0.53598,0.45295,0.39700,0.55000,0.43301,10.0000,0.02456,1,0.52429
85.1800,0.53598,0.45295,0.39700,0.55000,0.43301,10.0000,0.02456,1,0.52429
85.2000,0.53598,0.45295,0.39700,0.55000,0.43301,10.0000,0.02456,1,0.52429
85.2200,0.53598,0.45296,0.39700,0.55000,0.43301,10.0000,0.02456,1,0.52429
85.2400,0.53598,0.45296,0.39699,0.55000,0.43301,10.0000,0.02456,1,0.52429
85.2600,0.53598,0.45296,0.39699,0.55000,0.43301,10.0000,0.02456,1,0.52429
85.2800,0.53598,0.45296,0.39699,0.55000,0.43301,10.0000,0.02456,1,0.52430
85.3000,0.53598,0.45296,0.39699,0.55000,0.43301,10.0000,0.02456,1,0.52430
85.3200,0.53598,0.45296,0.39699,0.55000,0.43301,10.0000,0.02457,1,0.52430
85.3400,0.53598,0.45296,0.39699,0.55000,0.43301,10.0000,0.02457,1,0.52430
85.3600,0.53598,0.45296,0.39699,0.55000,0.43301,10.0000,0.02457,1,0.52430
85.3800,0.53598,0.45296,0.39699,0.55000,0.43301,10.0000,0.02457,1,0.52430
85.4000,0.53598,0.45296,0.39699,0.55000,0.43301,10.0000,0.02457,1,0.52430
85.4200,0.53598,0.45296,0.39699,0.55000,0.43301,10.0000,0.02457,1,0.52430
85.4400,0.53598,0.45296,0.39699,0.55000,0.43301,10.0000,0.02457,1,0.52430
85.4600,0.53598,0.45297,0.39699,0.55000,0.43301,10.0000,0.02457,1,0.52430
85.4800,0.53598,0.45297,0.39699,0.55000,0.43301,10.0000,0.02457,1,0.52430
85.5000,0.53598,0.45297,0.39699,0.55000,0.43301,10.0000,0.02457,1,0.52430
85.5200,0.53598,0.45297,0.39699,0.55000,0.43301,10.0000,0.02457,1,0.52431
85.5400,0.53598,0.45297,0.39699,0.55000,0.43301,10.0000,0.02457,1,0.52431
85.5600,0.53598,0.45297,0.39699,0.55000,0.43301,10.0000,0.02458,1,0.52431
85.5800,0.53598,0.45297,0.39699,0.55000,0.43301,10.0000,0.02458,1,0.52431
85.6000,0.53598,0.45297,0.39699,0.55000,0.43301,10.0000,0.02458,1,0.52431
85.6200,0.53598,0.45297,0.39699,0.55000,0.43301,10.0000,0.02458,1,0.52431
85.6400,0.53598,0.45297,0.39699,0.55000,0.43301,10.0000,0.02458,1,0.52431
85.6600,0.53598,0.45297,0.39699,0.55000,0.43301,10.0000,0.02458,1,0.52431
85.6800,0.53598,0.45298,0.39699,0.55000,0.43301,10.0000,0.02458,1,0.52431
85.7000,0.53598,0.45298,0.39699,0.55000,0.43301,10.0000,0.02458,1,0.52431
85.7200,0.53598,0.45298,0.39699,0.55000,0.43301,10.0000,0.02458,1,0.52431
85.7400,0.53598,0.45298,0.39699,0.55000,0.43301,10.0000,0.02458,1,0.52431
85.7600,0.53598,0.45298,0.39699,0.55000,0.43301,10.0000,0.02458,1,0.52432
85.7800,0.53598,0.45298,0.39699,0.55000,0.43301,10.0000,0.02458,1,0.52432
85.8000,0.53598,0.45298,0.39699,0.55000,0.43301,10.0000,0.02459,1,0.52432
85.8200,0.53598,0.45298,0.39698,0.55000,0.43301,10.0000,0.02459,1,0.52432
85.8400,0.53598,0.45298,0.39698,0.55000,0.43301,10.0000,0.02459,1,0.52432
85.8600,0.53598,0.45298,0.39698,0.55000,0.43301,10.0000,0.02459,1,0.52432
85.8800,0.53598,0.45298,0.39698,0.55000,0.43301,10.0000,0.02459,1,0.52432
85.9000,0.53598,0.45298,0.39698,0.55000,0.43301,10.0000,0.02459,1,0.52432
85.9200,0.53598,0.45299,0.39698,0.55000,0.43301,10.0000,0.02459,1,0.52432
85.9400,0.53598,0.45299,0.39698,0.55000,0.43301,10.0000,0.02459,1,0.52432
85.9600,0.53598,0.45299,0.39698,0.55000,0.43301,10.0000,0.02459,1,0.52432
85.9800,0.53598,0.45299,0.39698,0.55000,0.43301,10.0000,0.02459,1,0.52432
86.0000,0.53598,0.45299,0.39698,0.55000,0.43301,10.0000,0.02459,1,0.52433
86.0200,0.53598,0.45299,0.39698,0.55000,0.43301,10.0000,0.02459,1,0.52433
86.0400,0.53598,0.45299,0.39698,0.55000,0.43301,10.0000,0.02460,1,0.52433
86.0600,0.53597,0.45299,0.39698,0.55000,0.43301,10.0000,0.02460,1,0.52433
86.0800,0.53597,0.45299,0.39698,0.55000,0.43301,10.0000,0.02460,1,0.52433
86.1000,0.53597,0.45299,0.39698,0.55000,0.43301,10.0000,0.02460,1,0.52433
86.1200,0.53597,0.45299,0.39698,0.55000,0.43301,10.0000,0.02460,1,0.52433
86.1400,0.53597,0.45300,0.39698,0.55000,0.43301,10.0000,0.02460,1,0.52433
86.1600,0.53597,0.45300,0.39698,0.55000,0.43301,10.0000,0.02460,1,0.52433
86.1800,0.53597,0.45300,0.39698,0.55000,0.43301,10.0000,0.02460,1,0.52433
86.2000,0.53597,0.45300,0.39698,0.55000,0.43301,10.0000,0.02460,1,0.52433
86.2200,0.53597,0.45300,0.39698,0.55000,0.43301,10.0000,0.02460,1,0.52433
86.2400,0.53597,0.45300,0.39698,0.55000,0.43301,10.0000,0.02460,1,0.52434
86.2600,0.53597,0.45300,0.39698,0.55000,0.43301,10.0000,0.02460,1,0.52434
86.2800,0.53597,0.45300,0.39698,0.55000,0.43301,10.0000,0.02461,1,0.52434
86.3000,0.53597,0.45300,0.39698,0.55000,0.43301,10.0000,0.02461,1,0.52434
86.3200,0.53597,0.45300,0.39698,0.55000,0.43301,10.0000,0.02461,1,0.52434
86.3400,0.53597,0.45300,0.39698,0.55000,0.43301,10.0000,0.02461,1,0.52434
86.3600,0.53597,0.45300,0.39698,0.55000,0.43301,10.0000,0.02461,1,0.52434
86.3800,0.53597,0.45301,0.39698,0.55000,0.43301,10.0000,0.02461,1,0.52434
86.4000,0.53597,0.45301,0.39698,0.55000,0.43301,10.0000,0.02461,1,0.52434
86.4200,0.53597,0.45301,0.39697,0.55000,0.43301,10.0000,0.02461,1,0.52434
86.4400,0.53597,0.45301,0.39697,0.55000,0.43301,10.0000,0.02461,1,0.52434
86.4600,0.53597,0.45301,0.39697,0.55000,0.43301,10.0000,0.02461,1,0.52434
86.4800,0.53597,0.45301,0.39697,0.55000,0.43301,10.0000,0.02461,1,0.52435
86.5000,0.53597,0.45301,0.39697,0.55000,0.43301,10.0000,0.02461,1,0.52435
86.5200,0.53597,0.45301,0.39697,0.55000,0.43301,10.0000,0.02462,1,0.52435
86.5400,0.53597,0.45301,0.39697,0.55000,0.43301,10.0000,0.02462,1,0.52435
86.5600,0.53597,0.45301,0.39697,0.55000,0.43301,10.0000,0.02462,1,0.52435
86.5800,0.53597,0.45301,0.39697,0.55000,0.43301,10.0000,0.02462,1,0.52435
86.6000,0.53597,0.45301,0.39697,0.55000,0.43301,10.0000,0.02462,1,0.52435
86.6200,0.53597,0.45302,0.39697,0.55000,0.43301,10.0000,0.02462,1,0.52435
86.6400,0.53597,0.45302,0.39697,0.55000,0.43301,10.0000,0.02462,1,0.52435
86.6600,0.53597,0.45302,0.39697,0.55000,0.43301,10.0000,0.02462,1,0.52435
86.6800,0.53597,0.45302,0.39697,0.55000,0.43301,10.0000,0.02462,1,0.52435
86.7000,0.53597,0.45302,0.39697,0.55000,0.43301,10.0000,0.02462,1,0.52435
86.7200,0.53597,0.45302,0.39697,0.55000,0.43301,10.0000,0.02462,1,0.52435
86.7400,0.53597,0.45302,0.39697,0.55000,0.43301,10.0000,0.02462,1,0.52436
86.7600,0.53597,0.45302,0.39697,0.55000,0.43301,10.0000,0.02462,1,0.52436
86.7800,0.53597,0.45302,0.39697,0.55000,0.43301,10.0000,0.02463,1,0.52436
86.8000,0.53597,0.45302,0.39697,0.55000,0.43301,10.0000,0.02463,1,0.52436
86.8200,0.53597,0.45302,0.39697,0.55000,0.43301,10.0000,0.02463,1,0.52436
86.8400,0.53597,0.45302,0.39697,0.55000,0.43301,10.0000,0.02463,1,0.52436
86.8600,0.53597,0.45303,0.39697,0.55000,0.43301,10.0000,0.02463,1,0.52436
86.8800,0.53597,0.45303,0.39697,0.55000,0.43301,10.0000,0.02463,1,0.52436
86.9000,0.53597,0.45303,0.39697,0.55000,0.43301,10.0000,0.02463,1,0.52436
86.9200,0.53597,0.45303,0.39697,0.55000,0.43301,10.0000,0.02463,1,0.52436
86.9400,0.53597,0.45303,0.39697,0.55000,0.43301,10.0000,0.02463,1,0.52436
86.9600,0.53597,0.45303,0.39697,0.55000,0.43301,10.0000,0.02463,1,0.52436
86.9800,0.53597,0.45303,0.39697,0.55000,0.43301,10.0000,0.02463,1,0.52437
87.0000,0.53597,0.45303,0.39697,0.55000,0.43301,10.0000,0.02463,1,0.52437
87.0200,0.53597,0.45303,0.39697,0.55000,0.43301,10.0000,0.02464,1,0.52437
87.0400,0.53597,0.45303,0.39696,0.55000,0.43301,10.0000,0.02464,1,0.52437
87.0600,0.53597,0.45303,0.39696,0.55000,0.43301,10.0000,0.02464,1,0.52437
87.0800,0.53597,0.45303,0.39696,0.55000,0.43301,10.0000,0.02464,1,0.52437
87.1000,0.53597,0.45304,0.39696,0.55000,0.43301,10.0000,0.02464,1,0.52437
87.1200,0.53597,0.45304,0.39696,0.55000,0.43301,10.0000,0.02464,1,0.52437
87.1400,0.53597,0.45304,0.39696,0.55000,0.43301,10.0000,0.02464,1,0.52437
87.1600,0.53597,0.45304,0.39696,0.55000,0.43301,10.0000,0.02464,1,0.52437
87.1800,0.53597,0.45304,0.39696,0.55000,0.43301,10.0000,0.02464,1,0.52437
87.2000,0.53597,0.45304,0.39696,0.55000,0.43301,10.0000,0.02464,1,0.52437
87.2200,0.53597,0.45304,0.39696,0.55000,0.43301,10.0000,0.02464,1,0.52437
87.2400,0.53597,0.45304,0.39696,0.55000,0.43301,10.0000,0.02464,1,0.52438
87.2600,0.53597,0.45304,0.39696,0.55000,0.43301,10.0000,0.02464,1,0.52438
87.2800,0.53597,0.45304,0.39696,0.55000,0.43301,10.0000,0.02465,1,0.52438
87.3000,0.53597,0.45304,0.39696,0.55000,0.43301,10.0000,0.02465,1,0.52438
87.3200,0.53597,0.45304,0.39696,0.55000,0.43301,10.0000,0.02465,1,0.52438
87.3400,0.53597,0.45305,0.39696,0.55000,0.43301,10.0000,0.02465,1,0.52438
87.3600,0.53597,0.45305,0.39696,0.55000,0.43301,10.0000,0.02465,1,0.52438
87.3800,0.53597,0.45305,0.39696,0.55000,0.43301,10.0000,0.02465,1,0.52438
87.4000,0.53597,0.45305,0.39696,0.55000,0.43301,10.0000,0.02465,1,0.52438
87.4200,0.53597,0.45305,0.39696,0.55000,0.43301,10.0000,0.02465,1,0.52438
87.4400,0.53597,0.45305,0.39696,0.55000,0.43301,10.0000,0.02465,1,0.52438
87.4600,0.53597,0.45305,0.39696,0.55000,0.43301,10.0000,0.02465,1,0.52438
87.4800,0.53597,0.45305,0.39696,0.55000,0.43301,10.0000,0.02465,1,0.52438
87.5000,0.53596,0.45305,0.39696,0.55000,0.43301,10.0000,0.02465,1,0.52439
87.5200,0.53596,0.45305,0.39696,0.55000,0.43301,10.0000,0.02465,1,0.52439
87.5400,0.53596,0.45305,0.39696,0.55000,0.43301,10.0000,0.02466,1,0.52439
87.5600,0.53596,0.45305,0.39696,0.55000,0.43301,10.0000,0.02466,1,0.52439
87.5800,0.53596,0.45306,0.39696,0.55000,0.43301,10.0000,0.02466,1,0.52439
87.6000,0.53596,0.45306,0.39696,0.55000,0.43301,10.0000,0.02466,1,0.52439
87.6200,0.53596,0.45306,0.39696,0.55000,0.43301,10.0000,0.02466,1,0.52439
87.6400,0.53596,0.45306,0.39696,0.55000,0.43301,10.0000,0.02466,1,0.52439
87.6600,0.53596,0.45306,0.39695,0.55000,0.43301,10.0000,0.02466,1,0.52439
87.6800,0.53596,0.45306,0.39695,0.55000,0.43301,10.0000,0.02466,1,0.52439
87.7000,0.53596,0.45306,0.39695,0.55000,0.43301,10.0000,0.02466,1,0.52439
87.7200,0.53596,0.45306,0.39695,0.55000,0.43301,10.0000,0.02466,1,0.52439
87.7400,0.53596,0.45306,0.39695,0.55000,0.43301,10.0000,0.02466,1,0.52439
87.7600,0.53596,0.45306,0.39695,0.55000,0.43301,10.0000,0.02466,1,0.52440
87.7800,0.53596,0.45306,0.39695,0.55000,0.43301,10.0000,0.02466,1,0.52440
87.8000,0.53596,0.45306,0.39695,0.55000,0.43301,10.0000,0.02467,1,0.52440
87.8200,0.53596,0.45307,0.39695,0.55000,0.43301,10.0000,0.02467,1,0.52440
87.8400,0.53596,0.45307,0.39695,0.55000,0.43301,10.0000,0.02467,1,0.52440
87.8600,0.53596,0.45307,0.39695,0.55000,0.43301,10.0000,0.02467,1,0.52440
87.8800,0.53596,0.45307,0.39695,0.55000,0.43301,10.0000,0.02467,1,0.52440
87.9000,0.53596,0.45307,0.39695,0.55000,0.43301,10.0000,0.02467,1,0.52440
87.9200,0.53596,0.45307,0.39695,0.55000,0.43301,10.0000,0.02467,1,0.52440
87.9400,0.53596,0.45307,0.39695,0.55000,0.43301,10.0000,0.02467,1,0.52440
87.9600,0.53596,0.45307,0.39695,0.55000,0.43301,10.0000,0.02467,1,0.52440
87.9800,0.53596,0.45307,0.39695,0.55000,0.43301,10.0000,0.02467,1,0.52440
88.0000,0.53596,0.45307,0.39695,0.55000,0.43301,10.0000,0.02467,1,0.52440
88.0200,0.53596,0.45307,0.39695,0.55000,0.43301,10.0000,0.02467,1,0.52441
88.0400,0.53596,0.45307,0.39695,0.55000,0.43301,10.0000,0.02467,1,0.52441
88.0600,0.53596,0.45307,0.39695,0.55000,0.43301,10.0000,0.02468,1,0.52441
88.0800,0.53596,0.45308,0.39695,0.55000,0.43301,10.0000,0.02468,1,0.52441
88.1000,0.53596,0.45308,0.39695,0.55000,0.43301,10.0000,0.02468,1,0.52441
88.1200,0.53596,0.45308,0.39695,0.55000,0.43301,10.0000,0.02468,1,0.52441
88.1400,0.53596,0.45308,0.39695,0.55000,0.43301,10.0000,0.02468,1,0.52441
88.1600,0.53596,0.45308,0.39695,0.55000,0.43301,10.0000,0.02468,1,0.52441
88.1800,0.53596,0.45308,0.39695,0.55000,0.43301,10.0000,0.02468,1,0.52441
88.2000,0.53596,0.45308,0.39695,0.55000,0.43301,10.0000,0.02468,1,0.52441
88.2200,0.53596,0.45308,0.39695,0.55000,0.43301,10.0000,0.02468,1,0.52441
88.2400,0.53596,0.45308,0.39695,0.55000,0.43301,10.0000,0.02468,1,0.52441
88.2600,0.53596,0.45308,0.39695,0.55000,0.43301,10.0000,0.02468,1,0.52441
88.2800,0.53596,0.45308,0.39695,0.55000,0.43301,10.0000,0.02468,1,0.52441
88.3000,0.53596,0.45308,0.39694,0.55000,0.43301,10.0000,0.02468,1,0.52442
88.3200,0.53596,0.45309,0.39694,0.55000,0.43301,10.0000,0.02469,1,0.52442
88.3400,0.53596,0.45309,0.39694,0.55000,0.43301,10.0000,0.02469,1,0.52442
88.3600,0.53596,0.45309,0.39694,0.55000,0.43301,10.0000,0.02469,1,0.52442
88.3800,0.53596,0.45309,0.39694,0.55000,0.43301,10.0000,0.02469,1,0.52442
88.4000,0.53596,0.45309,0.39694,0.55000,0.43301,10.0000,0.02469,1,0.52442
88.4200,0.53596,0.45309,0.39694,0.55000,0.43301,10.0000,0.02469,1,0.52442
88.4400,0.53596,0.45309,0.39694,0.55000,0.43301,10.0000,0.02469,1,0.52442
88.4600,0.53596,0.45309,0.39694,0.55000,0.43301,10.0000,0.02469,1,0.52442
88.4800,0.53596,0.45309,0.39694,0.55000,0.43301,10.0000,0.02469,1,0.52442
88.5000,0.53596,0.45309,0.39694,0.55000,0.43301,10.0000,0.02469,1,0.52442
88.5200,0.53596,0.45309,0.39694,0.55000,0.43301,10.0000,0.02469,1,0.52442
88.5400,0.53596,0.45309,0.39694,0.55000,0.43301,10.0000,0.02469,1,0.52442
88.5600,0.53596,0.45309,0.39694,0.55000,0.43301,10.0000,0.02469,1,0.52443
88.5800,0.53596,0.45310,0.39694,0.55000,0.43301,10.0000,0.02469,1,0.52443
88.6000,0.53596,0.45310,0.39694,0.55000,0.43301,10.0000,0.02470,1,0.52443
88.6200,0.53596,0.45310,0.39694,0.55000,0.43301,10.0000,0.02470,1,0.52443
88.6400,0.53596,0.45310,0.39694,0.55000,0.43301,10.0000,0.02470,1,0.52443
88.6600,0.53596,0.45310,0.39694,0.55000,0.43301,10.0000,0.02470,1,0.52443
88.6800,0.53596,0.45310,0.39694,0.55000,0.43301,10.0000,0.02470,1,0.52443
88.7000,0.53596,0.45310,0.39694,0.55000,0.43301,10.0000,0.02470,1,0.52443
88.7200,0.53596,0.45310,0.39694,0.55000,0.43301,10.0000,0.02470,1,0.52443
88.7400,0.53596,0.45310,0.39694,0.55000,0.43301,10.0000,0.02470,1,0.52443
88.7600,0.53596,0.45310,0.39694,0.55000,0.43301,10.0000,0.02470,1,0.52443
88.7800,0.53596,0.45310,0.39694,0.55000,0.43301,10.0000,0.02470,1,0.52443
88.8000,0.53596,0.45310,0.39694,0.55000,0.43301,10.0000,0.02470,1,0.52443
88.8200,0.53596,0.45310,0.39694,0.55000,0.43301,10.0000,0.02470,1,0.52443
88.8400,0.53596,0.45311,0.39694,0.55000,0.43301,10.0000,0.02470,1,0.52444
88.8600,0.53596,0.45311,0.39694,0.55000,0.43301,10.0000,0.02471,1,0.52444
88.8800,0.53596,0.45311,0.39694,0.55000,0.43301,10.0000,0.02471,1,0.52444
88.9000,0.53596,0.45311,0.39694,0.55000,0.43301,10.0000,0.02471,1,0.52444
88.9200,0.53596,0.45311,0.39694,0.55000,0.43301,10.0000,0.02471,1,0.52444
88.9400,0.53596,0.45311,0.39694,0.55000,0.43301,10.0000,0.02471,1,0.52444
88.9600,0.53596,0.45311,0.39693,0.55000,0.43301,10.0000,0.02471,1,0.52444
88.9800,0.53596,0.45311,0.39693,0.55000,0.43301,10.0000,0.02471,1,0.52444
89.0000,0.53596,0.45311,0.39693,0.55000,0.43301,10.0000,0.02471,1,0.52444
89.0200,0.53596,0.45311,0.39693,0.55000,0.43301,10.0000,0.02471,1,0.52444
89.0400,0.53596,0.45311,0.39693,0.55000,0.43301,10.0000,0.02471,1,0.52444
89.0600,0.53596,0.45311,0.39693,0.55000,0.43301,10.0000,0.02471,1,0.52444
89.0800,0.53596,0.45312,0.39693,0.55000,0.43301,10.0000,0.02471,1,0.52444
89.1000,0.53596,0.45312,0.39693,0.55000,0.43301,10.0000,0.02471,1,0.52444
89.1200,0.53596,0.45312,0.39693,0.55000,0.43301,10.0000,0.02471,1,0.52445
89.1400,0.53596,0.45312,0.39693,0.55000,0.43301,10.0000,0.02472,1,0.52445
89.1600,0.53596,0.45312,0.39693,0.55000,0.43301,10.0000,0.02472,1,0.52445
89.1800,0.53596,0.45312,0.39693,0.55000,0.43301,10.0000,0.02472,1,0.52445
89.2000,0.53596,0.45312,0.39693,0.55000,0.43301,10.0000,0.02472,1,0.52445
89.2200,0.53596,0.45312,0.39693,0.55000,0.43301,10.0000,0.02472,1,0.52445
89.2400,0.53596,0.45312,0.39693,0.55000,0.43301,10.0000,0.02472,1,0.52445
89.2600,0.53596,0.45312,0.39693,0.55000,0.43301,10.0000,0.02472,1,0.52445
89.2800,0.53596,0.45312,0.39693,0.55000,0.43301,10.0000,0.02472,1,0.52445
89.3000,0.53596,0.45312,0.39693,0.55000,0.43301,10.0000,0.02472,1,0.52445
89.3200,0.53596,0.45312,0.39693,0.55000,0.43301,10.0000,0.02472,1,0.52445
89.3400,0.53596,0.45313,0.39693,0.55000,0.43301,10.0000,0.02472,1,0.52445
89.3600,0.53595,0.45313,0.39693,0.55000,0.43301,10.0000,0.02472,1,0.52445
89.3800,0.53595,0.45313,0.39693,0.55000,0.43301,10.0000,0.02472,1,0.52445
89.4000,0.53595,0.45313,0.39693,0.55000,0.43301,10.0000,0.02472,1,0.52446
89.4200,0.53595,0.45313,0.39693,0.55000,0.43301,10.0000,0.02473,1,0.52446
89.4400,0.53595,0.45313,0.39693,0.55000,0.43301,10.0000,0.02473,1,0.52446
89.4600,0.53595,0.45313,0.39693,0.55000,0.43301,10.0000,0.02473,1,0.52446
89.4800,0.53595,0.45313,0.39693,0.55000,0.43301,10.0000,0.02473,1,0.52446
89.5000,0.53595,0.45313,0.39693,0.55000,0.43301,10.0000,0.02473,1,0.52446
89.5200,0.53595,0.45313,0.39693,0.55000,0.43301,10.0000,0.02473,1,0.52446
89.5400,0.53595,0.45313,0.39693,0.55000,0.43301,10.0000,0.02473,1,0.52446
89.5600,0.53595,0.45313,0.39693,0.55000,0.43301,10.0000,0.02473,1,0.52446
89.5800,0.53595,0.45313,0.39693,0.55000,0.43301,10.0000,0.02473,1,0.52446
89.6000,0.53595,0.45313,0.39693,0.55000,0.43301,10.0000,0.02473,1,0.52446
89.6200,0.53595,0.45314,0.39693,0.55000,0.43301,10.0000,0.02473,1,0.52446
89.6400,0.53595,0.45314,0.39692,0.55000,0.43301,10.0000,0.02473,1,0.52446
89.6600,0.53595,0.45314,0.39692,0.55000,0.43301,10.0000,0.02473,1,0.52446
89.6800,0.53595,0.45314,0.39692,0.55000,0.43301,10.0000,0.02473,1,0.52447
89.7000,0.53595,0.45314,0.39692,0.55000,0.43301,10.0000,0.02474,1,0.52447
89.7200,0.53595,0.45314,0.39692,0.55000,0.43301,10.0000,0.02474,1,0.52447
89.7400,0.53595,0.45314,0.39692,0.55000,0.43301,10.0000,0.02474,1,0.52447
89.7600,0.53595,0.45314,0.39692,0.55000,0.43301,10.0000,0.02474,1,0.52447
89.7800,0.53595,0.45314,0.39692,0.55000,0.43301,10.0000,0.02474,1,0.52447
89.8000,0.53595,0.45314,0.39692,0.55000,0.43301,10.0000,0.02474,1,0.52447
89.8200,0.53595,0.45314,0.39692,0.55000,0.43301,10.0000,0.02474,1,0.52447
89.8400,0.53595,0.45314,0.39692,0.55000,0.43301,10.0000,0.02474,1,0.52447
89.8600,0.53595,0.45314,0.39692,0.55000,0.43301,10.0000,0.02474,1,0.52447
89.8800,0.53595,0.45315,0.39692,0.55000,0.43301,10.0000,0.02474,1,0.52447
89.9000,0.53595,0.45315,0.39692,0.55000,0.43301,10.0000,0.02474,1,0.52447
89.9200,0.53595,0.45315,0.39692,0.55000,0.43301,10.0000,0.02474,1,0.52447
89.9400,0.53595,0.45315,0.39692,0.55000,0.43301,10.0000,0.02474,1,0.52447
89.9600,0.53595,0.45315,0.39692,0.55000,0.43301,10.0000,0.02474,1,0.52448
89.9800,0.53595,0.45315,0.39692,0.55000,0.43301,10.0000,0.02474,1,0.52448
90.0000,0.53595,0.45315,0.39692,0.55000,0.43301,10.0000,0.02475,1,0.52448
90.0200,0.53595,0.45315,0.39692,0.55000,0.43301,10.0000,0.02475,1,0.52448
90.0400,0.53595,0.45315,0.39692,0.55000,0.43301,10.0000,0.02475,1,0.52448
90.0600,0.53595,0.45315,0.39692,0.55000,0.43301,10.0000,0.02475,1,0.52448
90.0800,0.53595,0.45315,0.39692,0.55000,0.43301,10.0000,0.02475,1,0.52448
90.1000,0.53595,0.45315,0.39692,0.55000,0.43301,10.0000,0.02475,1,0.52448
90.1200,0.53595,0.45315,0.39692,0.55000,0.43301,10.0000,0.02475,1,0.52448
90.1400,0.53595,0.45316,0.39692,0.55000,0.43301,10.0000,0.02475,1,0.52448
90.1600,0.53595,0.45316,0.39692,0.55000,0.43301,10.0000,0.02475,1,0.52448
90.1800,0.53595,0.45316,0.39692,0.55000,0.43301,10.0000,0.02475,1,0.52448
90.2000,0.53595,0.45316,0.39692,0.55000,0.43301,10.0000,0.02475,1,0.52448
90.2200,0.53595,0.45316,0.39692,0.55000,0.43301,10.0000,0.02475,1,0.52448
90.2400,0.53595,0.45316,0.39692,0.55000,0.43301,10.0000,0.02475,1,0.52448
90.2600,0.53595,0.45316,0.39692,0.55000,0.43301,10.0000,0.02475,1,0.52449
90.2800,0.53595,0.45316,0.39692,0.55000,0.43301,10.0000,0.02476,1,0.52449
90.3000,0.53595,0.45316,0.39692,0.55000,0.43301,10.0000,0.02476,1,0.52449
90.3200,0.53595,0.45316,0.39692,0.55000,0.43301,10.0000,0.02476,1,0.52449
90.3400,0.53595,0.45316,0.39691,0.55000,0.43301,10.0000,0.02476,1,0.52449
90.3600,0.53595,0.45316,0.39691,0.55000,0.43301,10.0000,0.02476,1,0.52449
90.3800,0.53595,0.45316,0.39691,0.55000,0.43301,10.0000,0.02476,1,0.52449
90.4000,0.53595,0.45316,0.39691,0.55000,0.43301,10.0000,0.02476,1,0.52449
90.4200,0.53595,0.45317,0.39691,0.55000,0.43301,10.0000,0.02476,1,0.52449
90.4400,0.53595,0.45317,0.39691,0.55000,0.43301,10.0000,0.02476,1,0.52449
90.4600,0.53595,0.45317,0.39691,0.55000,0.43301,10.0000,0.02476,1,0.52449
90.4800,0.53595,0.45317,0.39691,0.55000,0.43301,10.0000,0.02476,1,0.52449
90.5000,0.53595,0.45317,0.39691,0.55000,0.43301,10.0000,0.02476,1,0.52449
90.5200,0.53595,0.45317,0.39691,0.55000,0.43301,10.0000,0.02476,1,0.52449
90.5400,0.53595,0.45317,0.39691,0.55000,0.43301,10.0000,0.02476,1,0.52449
90.5600,0.53595,0.45317,0.39691,0.55000,0.43301,10.0000,0.02476,1,0.52450
90.5800,0.53595,0.45317,0.39691,0.55000,0.43301,10.0000,0.02477,1,0.52450
90.6000,0.53595,0.45317,0.39691,0.55000,0.43301,10.0000,0.02477,1,0.52450
90.6200,0.53595,0.45317,0.39691,0.55000,0.43301,10.0000,0.02477,1,0.52450
90.6400,0.53595,0.45317,0.39691,0.55000,0.43301,10.0000,0.02477,1,0.52450
90.6600,0.53595,0.45317,0.39691,0.55000,0.43301,10.0000,0.02477,1,0.52450
90.6800,0.53595,0.45318,0.39691,0.55000,0.43301,10.0000,0.02477,1,0.52450
90.7000,0.53595,0.45318,0.39691,0.55000,0.43301,10.0000,0.02477,1,0.52450
90.7200,0.53595,0.45318,0.39691,0.55000,0.43301,10.0000,0.02477,1,0.52450
90.7400,0.53595,0.45318,0.39691,0.55000,0.43301,10.0000,0.02477,1,0.52450
90.7600,0.53595,0.45318,0.39691,0.55000,0.43301,10.0000,0.02477,1,0.52450
90.7800,0.53595,0.45318,0.39691,0.55000,0.43301,10.0000,0.02477,1,0.52450
90.8000,0.53595,0.45318,0.39691,0.55000,0.43301,10.0000,0.02477,1,0.52450
90.8200,0.53595,0.45318,0.39691,0.55000,0.43301,10.0000,0.02477,1,0.52450
90.8400,0.53595,0.45318,0.39691,0.55000,0.43301,10.0000,0.02477,1,0.52451
90.8600,0.53595,0.45318,0.39691,0.55000,0.43301,10.0000,0.02477,1,0.52451
90.8800,0.53595,0.45318,0.39691,0.55000,0.43301,10.0000,0.02478,1,0.52451
90.9000,0.53595,0.45318,0.39691,0.55000,0.43301,10.0000,0.02478,1,0.52451
90.9200,0.53595,0.45318,0.39691,0.55000,0.43301,10.0000,0.02478,1,0.52451
90.9400,0.53595,0.45318,0.39691,0.55000,0.43301,10.0000,0.02478,1,0.52451
90.9600,0.53595,0.45319,0.39691,0.55000,0.43301,10.0000,0.02478,1,0.52451
90.9800,0.53595,0.45319,0.39691,0.55000,0.43301,10.0000,0.02478,1,0.52451
91.0000,0.53595,0.45319,0.39691,0.55000,0.43301,10.0000,0.02478,1,0.52451
91.0200,0.53595,0.45319,0.39691,0.55000,0.43301,10.0000,0.02478,1,0.52451
91.0400,0.53595,0.45319,0.39690,0.55000,0.43301,10.0000,0.02478,1,0.52451
91.0600,0.53595,0.45319,0.39690,0.55000,0.43301,10.0000,0.02478,1,0.52451
91.0800,0.53595,0.45319,0.39690,0.55000,0.43301,10.0000,0.02478,1,0.52451
91.1000,0.53595,0.45319,0.39690,0.55000,0.43301,10.0000,0.02478,1,0.52451
91.1200,0.53595,0.45319,0.39690,0.55000,0.43301,10.0000,0.02478,1,0.52451
91.1400,0.53595,0.45319,0.39690,0.55000,0.43301,10.0000,0.02478,1,0.52451
91.1600,0.53595,0.45319,0.39690,0.55000,0.43301,10.0000,0.02478,1,0.52452
91.1800,0.53595,0.45319,0.39690,0.55000,0.43301,10.0000,0.02479,1,0.52452
91.2000,0.53595,0.45319,0.39690,0.55000,0.43301,10.0000,0.02479,1,0.52452
91.2200,0.53595,0.45319,0.39690,0.55000,0.43301,10.0000,0.02479,1,0.52452
91.2400,0.53595,0.45320,0.39690,0.55000,0.43301,10.0000,0.02479,1,0.52452
91.2600,0.53595,0.45320,0.39690,0.55000,0.43301,10.0000,0.02479,1,0.52452
91.2800,0.53595,0.45320,0.39690,0.55000,0.43301,10.0000,0.02479,1,0.52452
91.3000,0.53595,0.45320,0.39690,0.55000,0.43301,10.0000,0.02479,1,0.52452
91.3200,0.53595,0.45320,0.39690,0.55000,0.43301,10.0000,0.02479,1,0.52452
91.3400,0.53595,0.45320,0.39690,0.55000,0.43301,10.0000,0.02479,1,0.52452
91.3600,0.53595,0.45320,0.39690,0.55000,0.43301,10.0000,0.02479,1,0.52452
91.3800,0.53595,0.45320,0.39690,0.55000,0.43301,10.0000,0.02479,1,0.52452
91.4000,0.53595,0.45320,0.39690,0.55000,0.43301,10.0000,0.02479,1,0.52452
91.4200,0.53595,0.45320,0.39690,0.55000,0.43301,10.0000,0.02479,1,0.52452
91.4400,0.53595,0.45320,0.39690,0.55000,0.43301,10.0000,0.02479,1,0.52452
91.4600,0.53595,0.45320,0.39690,0.55000,0.43301,10.0000,0.02479,1,0.52453
91.4800,0.53595,0.45320,0.39690,0.55000,0.43301,10.0000,0.02480,1,0.52453
91.5000,0.53595,0.45320,0.39690,0.55000,0.43301,10.0000,0.02480,1,0.52453
91.5200,0.53595,0.45321,0.39690,0.55000,0.43301,10.0000,0.02480,1,0.52453
91.5400,0.53595,0.45321,0.39690,0.55000,0.43301,10.0000,0.02480,1,0.52453
91.5600,0.53595,0.45321,0.39690,0.55000,0.43301,10.0000,0.02480,1,0.52453
91.5800,0.53595,0.45321,0.39690,0.55000,0.43301,10.0000,0.02480,1,0.52453
91.6000,0.53595,0.45321,0.39690,0.55000,0.43301,10.0000,0.02480,1,0.52453
91.6200,0.53595,0.45321,0.39690,0.55000,0.43301,10.0000,0.02480,1,0.52453
91.6400,0.53595,0.45321,0.39690,0.55000,0.43301,10.0000,0.02480,1,0.52453
91.6600,0.53595,0.45321,0.39690,0.55000,0.43301,10.0000,0.02480,1,0.52453
91.6800,0.53595,0.45321,0.39690,0.55000,0.43301,10.0000,0.02480,1,0.52453
91.7000,0.53595,0.45321,0.39690,0.55000,0.43301,10.0000,0.02480,1,0.52453
91.7200,0.53595,0.45321,0.39690,0.55000,0.43301,10.0000,0.02480,1,0.52453
91.7400,0.53595,0.45321,0.39690,0.55000,0.43301,10.0000,0.02480,1,0.52453
91.7600,0.53595,0.45321,0.39690,0.55000,0.43301,10.0000,0.02480,1,0.52454
91.7800,0.53595,0.45321,0.39689,0.55000,0.43301,10.0000,0.02480,1,0.52454
91.8000,0.53595,0.45322,0.39689,0.55000,0.43301,10.0000,0.02481,1,0.52454
91.8200,0.53595,0.45322,0.39689,0.55000,0.43301,10.0000,0.02481,1,0.52454
91.8400,0.53595,0.45322,0.39689,0.55000,0.43301,10.0000,0.02481,1,0.52454
91.8600,0.53595,0.45322,0.39689,0.55000,0.43301,10.0000,0.02481,1,0.52454
91.8800,0.53595,0.45322,0.39689,0.55000,0.43301,10.0000,0.02481,1,0.52454
91.9000,0.53595,0.45322,0.39689,0.55000,0.43301,10.0000,0.02481,1,0.52454
91.9200,0.53595,0.45322,0.39689,0.55000,0.43301,10.0000,0.02481,1,0.52454
91.9400,0.53595,0.45322,0.39689,0.55000,0.43301,10.0000,0.02481,1,0.52454
91.9600,0.53595,0.45322,0.39689,0.55000,0.43301,10.0000,0.02481,1,0.52454
91.9800,0.53595,0.45322,0.39689,0.55000,0.43301,10.0000,0.02481,1,0.52454
92.0000,0.53595,0.45322,0.39689,0.55000,0.43301,10.0000,0.02481,1,0.52454
92.0200,0.53595,0.45322,0.39689,0.55000,0.43301,10.0000,0.02481,1,0.52454
92.0400,0.53595,0.45322,0.39689,0.55000,0.43301,10.0000,0.02481,1,0.52454
92.0600,0.53595,0.45322,0.39689,0.55000,0.43301,10.0000,0.02481,1,0.52454
92.0800,0.53595,0.45323,0.39689,0.55000,0.43301,10.0000,0.02481,1,0.52455
92.1000,0.53595,0.45323,0.39689,0.55000,0.43301,10.0000,0.02481,1,0.52455
92.1200,0.53595,0.45323,0.39689,0.55000,0.43301,10.0000,0.02482,1,0.52455
92.1400,0.53595,0.45323,0.39689,0.55000,0.43301,10.0000,0.02482,1,0.52455
92.1600,0.53595,0.45323,0.39689,0.55000,0.43301,10.0000,0.02482,1,0.52455
92.1800,0.53595,0.45323,0.39689,0.55000,0.43301,10.0000,0.02482,1,0.52455
92.2000,0.53594,0.45323,0.39689,0.55000,0.43301,10.0000,0.02482,1,0.52455
92.2200,0.53594,0.45323,0.39689,0.55000,0.43301,10.0000,0.02482,1,0.52455
92.2400,0.53594,0.45323,0.39689,0.55000,0.43301,10.0000,0.02482,1,0.52455
92.2600,0.53594,0.45323,0.39689,0.55000,0.43301,10.0000,0.02482,1,0.52455
92.2800,0.53594,0.45323,0.39689,0.55000,0.43301,10.0000,0.02482,1,0.52455
92.3000,0.53594,0.45323,0.39689,0.55000,0.43301,10.0000,0.02482,1,0.52455
92.3200,0.53594,0.45323,0.39689,0.55000,0.43301,10.0000,0.02482,1,0.52455
92.3400,0.53594,0.45323,0.39689,0.55000,0.43301,10.0000,0.02482,1,0.52455
92.3600,0.53594,0.45323,0.39689,0.55000,0.43301,10.0000,0.02482,1,0.52455
92.3800,0.53594,0.45324,0.39689,0.55000,0.43301,10.0000,0.02482,1,0.52455
92.4000,0.53594,0.45324,0.39689,0.55000,0.43301,10.0000,0.02482,1,0.52456
92.4200,0.53594,0.45324,0.39689,0.55000,0.43301,10.0000,0.02482,1,0.52456
92.4400,0.53594,0.45324,0.39689,0.55000,0.43301,10.0000,0.02483,1,0.52456
92.4600,0.53594,0.45324,0.39689,0.55000,0.43301,10.0000,0.02483,1,0.52456
92.4800,0.53594,0.45324,0.39689,0.55000,0.43301,10.0000,0.02483,1,0.52456
92.5000,0.53594,0.45324,0.39689,0.55000,0.43301,10.0000,0.02483,1,0.52456
92.5200,0.53594,0.45324,0.39689,0.55000,0.43301,10.0000,0.02483,1,0.52456
92.5400,0.53594,0.45324,0.39688,0.55000,0.43301,10.0000,0.02483,1,0.52456
92.5600,0.53594,0.45324,0.39688,0.55000,0.43301,10.0000,0.02483,1,0.52456
92.5800,0.53594,0.45324,0.39688,0.55000,0.43301,10.0000,0.02483,1,0.52456
92.6000,0.53594,0.45324,0.39688,0.55000,0.43301,10.0000,0.02483,1,0.52456
92.6200,0.53594,0.45324,0.39688,0.55000,0.43301,10.0000,0.02483,1,0.52456
92.6400,0.53594,0.45324,0.39688,0.55000,0.43301,10.0000,0.02483,1,0.52456
92.6600,0.53594,0.45325,0.39688,0.55000,0.43301,10.0000,0.02483,1,0.52456
92.6800,0.53594,0.45325,0.39688,0.55000,0.43301,10.0000,0.02483,1,0.52456
92.7000,0.53594,0.45325,0.39688,0.55000,0.43301,10.0000,0.02483,1,0.52456
92.7200,0.53594,0.45325,0.39688,0.55000,0.43301,10.0000,0.02483,1,0.52457
92.7400,0.53594,0.45325,0.39688,0.55000,0.43301,10.0000,0.02483,1,0.52457
92.7600,0.53594,0.45325,0.39688,0.55000,0.43301,10.0000,0.02484,1,0.52457
92.7800,0.53594,0.45325,0.39688,0.55000,0.43301,10.0000,0.02484,1,0.52457
92.8000,0.53594,0.45325,0.39688,0.55000,0.43301,10.0000,0.02484,1,0.52457
92.8200,0.53594,0.45325,0.39688,0.55000,0.43301,10.0000,0.02484,1,0.52457
92.8400,0.53594,0.45325,0.39688,0.55000,0.43301,10.0000,0.02484,1,0.52457
92.8600,0.53594,0.45325,0.39688,0.55000,0.43301,10.0000,0.02484,1,0.52457
92.8800,0.53594,0.45325,0.39688,0.55000,0.43301,10.0000,0.02484,1,0.52457
92.9000,0.53594,0.45325,0.39688,0.55000,0.43301,10.0000,0.02484,1,0.52457
92.9200,0.53594,0.45325,0.39688,0.55000,0.43301,10.0000,0.02484,1,0.52457
92.9400,0.53594,0.45325,0.39688,0.55000,0.43301,10.0000,0.02484,1,0.52457
92.9600,0.53594,0.45326,0.39688,0.55000,0.43301,10.0000,0.02484,1,0.52457
92.9800,0.53594,0.45326,0.39688,0.55000,0.43301,10.0000,0.02484,1,0.52457
93.0000,0.53594,0.45326,0.39688,0.55000,0.43301,10.0000,0.02484,1,0.52457
93.0200,0.53594,0.45326,0.39688,0.55000,0.43301,10.0000,0.02484,1,0.52457
93.0400,0.53594,0.45326,0.39688,0.55000,0.43301,10.0000,0.02484,1,0.52457
93.0600,0.53594,0.45326,0.39688,0.55000,0.43301,10.0000,0.02484,1,0.52458
93.0800,0.53594,0.45326,0.39688,0.55000,0.43301,10.0000,0.02485,1,0.52458
93.1000,0.53594,0.45326,0.39688,0.55000,0.43301,10.0000,0.02485,1,0.52458
93.1200,0.53594,0.45326,0.39688,0.55000,0.43301,10.0000,0.02485,1,0.52458
93.1400,0.53594,0.45326,0.39688,0.55000,0.43301,10.0000,0.02485,1,0.52458
93.1600,0.53594,0.45326,0.39688,0.55000,0.43301,10.0000,0.02485,1,0.52458
93.1800,0.53594,0.45326,0.39688,0.55000,0.43301,10.0000,0.02485,1,0.52458
93.2000,0.53594,0.45326,0.39688,0.55000,0.43301,10.0000,0.02485,1,0.52458
93.2200,0.53594,0.45326,0.39688,0.55000,0.43301,10.0000,0.02485,1,0.52458
93.2400,0.53594,0.45326,0.39688,0.55000,0.43301,10.0000,0.02485,1,0.52458
93.2600,0.53594,0.45327,0.39688,0.55000,0.43301,10.0000,0.02485,1,0.52458
93.2800,0.53594,0.45327,0.39688,0.55000,0.43301,10.0000,0.02485,1,0.52458
93.3000,0.53594,0.45327,0.39688,0.55000,0.43301,10.0000,0.02485,1,0.52458
93.3200,0.53594,0.45327,0.39687,0.55000,0.43301,10.0000,0.02485,1,0.52458
93.3400,0.53594,0.45327,0.39687,0.55000,0.43301,10.0000,0.02485,1,0.52458
93.3600,0.53594,0.45327,0.39687,0.55000,0.43301,10.0000,0.02485,1,0.52458
93.3800,0.53594,0.45327,0.39687,0.55000,0.43301,10.0000,0.02485,1,0.52459
93.4000,0.53594,0.45327,0.39687,0.55000,0.43301,10.0000,0.02485,1,0.52459
93.4200,0.53594,0.45327,0.39687,0.55000,0.43301,10.0000,0.02486,1,0.52459
93.4400,0.53594,0.45327,0.39687,0.55000,0.43301,10.0000,0.02486,1,0.52459
93.4600,0.53594,0.45327,0.39687,0.55000,0.43301,10.0000,0.02486,1,0.52459
93.4800,0.53594,0.45327,0.39687,0.55000,0.43301,10.0000,0.02486,1,0.52459
93.5000,0.53594,0.45327,0.39687,0.55000,0.43301,10.0000,0.02486,1,0.52459
93.5200,0.53594,0.45327,0.39687,0.55000,0.43301,10.0000,0.02486,1,0.52459
93.5400,0.53594,0.45328,0.39687,0.55000,0.43301,10.0000,0.02486,1,0.52459
93.5600,0.53594,0.45328,0.39687,0.55000,0.43301,10.0000,0.02486,1,0.52459
93.5800,0.53594,0.45328,0.39687,0.55000,0.43301,10.0000,0.02486,1,0.52459
93.6000,0.53594,0.45328,0.39687,0.55000,0.43301,10.0000,0.02486,1,0.52459
93.6200,0.53594,0.45328,0.39687,0.55000,0.43301,10.0000,0.02486,1,0.52459
93.6400,0.53594,0.45328,0.39687,0.55000,0.43301,10.0000,0.02486,1,0.52459
93.6600,0.53594,0.45328,0.39687,0.55000,0.43301,10.0000,0.02486,1,0.52459
93.6800,0.53594,0.45328,0.39687,0.55000,0.43301,10.0000,0.02486,1,0.52459
93.7000,0.53594,0.45328,0.39687,0.55000,0.43301,10.0000,0.02486,1,0.52459
93.7200,0.53594,0.45328,0.39687,0.55000,0.43301,10.0000,0.02486,1,0.52460
93.7400,0.53594,0.45328,0.39687,0.55000,0.43301,10.0000,0.02486,1,0.52460
93.7600,0.53594,0.45328,0.39687,0.55000,0.43301,10.0000,0.02487,1,0.52460
93.7800,0.53594,0.45328,0.39687,0.55000,0.43301,10.0000,0.02487,1,0.52460
93.8000,0.53594,0.45328,0.39687,0.55000,0.43301,10.0000,0.02487,1,0.52460
93.8200,0.53594,0.45328,0.39687,0.55000,0.43301,10.0000,0.02487,1,0.52460
93.8400,0.53594,0.45328,0.39687,0.55000,0.43301,10.0000,0.02487,1,0.52460
93.8600,0.53594,0.45329,0.39687,0.55000,0.43301,10.0000,0.02487,1,0.52460
93.8800,0.53594,0.45329,0.39687,0.55000,0.43301,10.0000,0.02487,1,0.52460
93.9000,0.53594,0.45329,0.39687,0.55000,0.43301,10.0000,0.02487,1,0.52460
93.9200,0.53594,0.45329,0.39687,0.55000,0.43301,10.0000,0.02487,1,0.52460
93.9400,0.53594,0.45329,0.39687,0.55000,0.43301,10.0000,0.02487,1,0.52460
93.9600,0.53594,0.45329,0.39687,0.55000,0.43301,10.0000,0.02487,1,0.52460
93.9800,0.53594,0.45329,0.39687,0.55000,0.43301,10.0000,0.02487,1,0.52460
94.0000,0.53594,0.45329,0.39687,0.55000,0.43301,10.0000,0.02487,1,0.52460
94.0200,0.53594,0.45329,0.39687,0.55000,0.43301,10.0000,0.02487,1,0.52460
94.0400,0.53594,0.45329,0.39687,0.55000,0.43301,10.0000,0.02487,1,0.52460
94.0600,0.53594,0.45329,0.39687,0.55000,0.43301,10.0000,0.02487,1,0.52461
94.0800,0.53594,0.45329,0.39687,0.55000,0.43301,10.0000,0.02487,1,0.52461
94.1000,0.53594,0.45329,0.39687,0.55000,0.43301,10.0000,0.02488,1,0.52461
94.1200,0.53594,0.45329,0.39686,0.55000,0.43301,10.0000,0.02488,1,0.52461
94.1400,0.53594,0.45329,0.39686,0.55000,0.43301,10.0000,0.02488,1,0.52461
94.1600,0.53594,0.45330,0.39686,0.55000,0.43301,10.0000,0.02488,1,0.52461
94.1800,0.53594,0.45330,0.39686,0.55000,0.43301,10.0000,0.02488,1,0.52461
94.2000,0.53594,0.45330,0.39686,0.55000,0.43301,10.0000,0.02488,1,0.52461
94.2200,0.53594,0.45330,0.39686,0.55000,0.43301,10.0000,0.02488,1,0.52461
94.2400,0.53594,0.45330,0.39686,0.55000,0.43301,10.0000,0.02488,1,0.52461
94.2600,0.53594,0.45330,0.39686,0.55000,0.43301,10.0000,0.02488,1,0.52461
94.2800,0.53594,0.45330,0.39686,0.55000,0.43301,10.0000,0.02488,1,0.52461
94.3000,0.53594,0.45330,0.39686,0.55000,0.43301,10.0000,0.02488,1,0.52461
94.3200,0.53594,0.45330,0.39686,0.55000,0.43301,10.0000,0.02488,1,0.52461
94.3400,0.53594,0.45330,0.39686,0.55000,0.43301,10.0000,0.02488,1,0.52461
94.3600,0.53594,0.45330,0.39686,0.55000,0.43301,10.0000,0.02488,1,0.52461
94.3800,0.53594,0.45330,0.39686,0.55000,0.43301,10.0000,0.02488,1,0.52461
94.4000,0.53594,0.45330,0.39686,0.55000,0.43301,10.0000,0.02488,1,0.52461
94.4200,0.53594,0.45330,0.39686,0.55000,0.43301,10.0000,0.02488,1,0.52462
94.4400,0.53594,0.45330,0.39686,0.55000,0.43301,10.0000,0.02489,1,0.52462
94.4600,0.53594,0.45331,0.39686,0.55000,0.43301,10.0000,0.02489,1,0.52462
94.4800,0.53594,0.45331,0.39686,0.55000,0.43301,10.0000,0.02489,1,0.52462
94.5000,0.53594,0.45331,0.39686,0.55000,0.43301,10.0000,0.02489,1,0.52462
94.5200,0.53594,0.45331,0.39686,0.55000,0.43301,10.0000,0.02489,1,0.52462
94.5400,0.53594,0.45331,0.39686,0.55000,0.43301,10.0000,0.02489,1,0.52462
94.5600,0.53594,0.45331,0.39686,0.55000,0.43301,10.0000,0.02489,1,0.52462
94.5800,0.53594,0.45331,0.39686,0.55000,0.43301,10.0000,0.02489,1,0.52462
94.6000,0.53594,0.45331,0.39686,0.55000,0.43301,10.0000,0.02489,1,0.52462
94.6200,0.53594,0.45331,0.39686,0.55000,0.43301,10.0000,0.02489,1,0.52462
94.6400,0.53594,0.45331,0.39686,0.55000,0.43301,10.0000,0.02489,1,0.52462
94.6600,0.53594,0.45331,0.39686,0.55000,0.43301,10.0000,0.02489,1,0.52462
94.6800,0.53594,0.45331,0.39686,0.55000,0.43301,10.0000,0.02489,1,0.52462
94.7000,0.53594,0.45331,0.39686,0.55000,0.43301,10.0000,0.02489,1,0.52462
94.7200,0.53594,0.45331,0.39686,0.55000,0.43301,10.0000,0.02489,1,0.52462
94.7400,0.53594,0.45331,0.39686,0.55000,0.43301,10.0000,0.02489,1,0.52462
94.7600,0.53594,0.45331,0.39686,0.55000,0.43301,10.0000,0.02489,1,0.52463
94.7800,0.53594,0.45332,0.39686,0.55000,0.43301,10.0000,0.02489,1,0.52463
94.8000,0.53594,0.45332,0.39686,0.55000,0.43301,10.0000,0.02490,1,0.52463
94.8200,0.53594,0.45332,0.39686,0.55000,0.43301,10.0000,0.02490,1,0.52463
94.8400,0.53594,0.45332,0.39686,0.55000,0.43301,10.0000,0.02490,1,0.52463
94.8600,0.53594,0.45332,0.39686,0.55000,0.43301,10.0000,0.02490,1,0.52463
94.8800,0.53594,0.45332,0.39686,0.55000,0.43301,10.0000,0.02490,1,0.52463
94.9000,0.53594,0.45332,0.39686,0.55000,0.43301,10.0000,0.02490,1,0.52463
94.9200,0.53594,0.45332,0.39686,0.55000,0.43301,10.0000,0.02490,1,0.52463
94.9400,0.53594,0.45332,0.39686,0.55000,0.43301,10.0000,0.02490,1,0.52463
94.9600,0.53594,0.45332,0.39685,0.55000,0.43301,10.0000,0.02490,1,0.52463
94.9800,0.53594,0.45332,0.39685,0.55000,0.43301,10.0000,0.02490,1,0.52463
95.0000,0.53594,0.45332,0.39685,0.55000,0.43301,10.0000,0.02490,1,0.52463
95.0200,0.53594,0.45332,0.39685,0.55000,0.43301,10.0000,0.02490,1,0.52463
95.0400,0.53594,0.45332,0.39685,0.55000,0.43301,10.0000,0.02490,1,0.52463
95.0600,0.53594,0.45332,0.39685,0.55000,0.43301,10.0000,0.02490,1,0.52463
95.0800,0.53594,0.45333,0.39685,0.55000,0.43301,10.0000,0.02490,1,0.52463
95.1000,0.53594,0.45333,0.39685,0.55000,0.43301,10.0000,0.02490,1,0.52463
95.1200,0.53594,0.45333,0.39685,0.55000,0.43301,10.0000,0.02490,1,0.52464
95.1400,0.53594,0.45333,0.39685,0.55000,0.43301,10.0000,0.02490,1,0.52464
95.1600,0.53594,0.45333,0.39685,0.55000,0.43301,10.0000,0.02491,1,0.52464
95.1800,0.53594,0.45333,0.39685,0.55000,0.43301,10.0000,0.02491,1,0.52464
95.2000,0.53594,0.45333,0.39685,0.55000,0.43301,10.0000,0.02491,1,0.52464
95.2200,0.53594,0.45333,0.39685,0.55000,0.43301,10.0000,0.02491,1,0.52464
95.2400,0.53594,0.45333,0.39685,0.55000,0.43301,10.0000,0.02491,1,0.52464
95.2600,0.53594,0.45333,0.39685,0.55000,0.43301,10.0000,0.02491,1,0.52464
95.2800,0.53594,0.45333,0.39685,0.55000,0.43301,10.0000,0.02491,1,0.52464
95.3000,0.53594,0.45333,0.39685,0.55000,0.43301,10.0000,0.02491,1,0.52464
95.3200,0.53594,0.45333,0.39685,0.55000,0.43301,10.0000,0.02491,1,0.52464
95.3400,0.53594,0.45333,0.39685,0.55000,0.43301,10.0000,0.02491,1,0.52464
95.3600,0.53594,0.45333,0.39685,0.55000,0.43301,10.0000,0.02491,1,0.52464
95.3800,0.53594,0.45333,0.39685,0.55000,0.43301,10.0000,0.02491,1,0.52464
95.4000,0.53594,0.45334,0.39685,0.55000,0.43301,10.0000,0.02491,1,0.52464
95.4200,0.53594,0.45334,0.39685,0.55000,0.43301,10.0000,0.02491,1,0.52464
95.4400,0.53594,0.45334,0.39685,0.55000,0.43301,10.0000,0.02491,1,0.52464
95.4600,0.53594,0.45334,0.39685,0.55000,0.43301,10.0000,0.02491,1,0.52464
95.4800,0.53594,0.45334,0.39685,0.55000,0.43301,10.0000,0.02491,1,0.52465
95.5000,0.53594,0.45334,0.39685,0.55000,0.43301,10.0000,0.02491,1,0.52465
95.5200,0.53594,0.45334,0.39685,0.55000,0.43301,10.0000,0.02492,1,0.52465
95.5400,0.53594,0.45334,0.39685,0.55000,0.43301,10.0000,0.02492,1,0.52465
95.5600,0.53594,0.45334,0.39685,0.55000,0.43301,10.0000,0.02492,1,0.52465
95.5800,0.53594,0.45334,0.39685,0.55000,0.43301,10.0000,0.02492,1,0.52465
95.6000,0.53594,0.45334,0.39685,0.55000,0.43301,10.0000,0.02492,1,0.52465
95.6200,0.53594,0.45334,0.39685,0.55000,0.43301,10.0000,0.02492,1,0.52465
95.6400,0.53594,0.45334,0.39685,0.55000,0.43301,10.0000,0.02492,1,0.52465
95.6600,0.53594,0.45334,0.39685,0.55000,0.43301,10.0000,0.02492,1,0.52465
95.6800,0.53594,0.45334,0.39685,0.55000,0.43301,10.0000,0.02492,1,0.52465
95.7000,0.53594,0.45334,0.39685,0.55000,0.43301,10.0000,0.02492,1,0.52465
95.7200,0.53594,0.45335,0.39685,0.55000,0.43301,10.0000,0.02492,1,0.52465
95.7400,0.53594,0.45335,0.39685,0.55000,0.43301,10.0000,0.02492,1,0.52465
95.7600,0.53594,0.45335,0.39685,0.55000,0.43301,10.0000,0.02492,1,0.52465
95.7800,0.53594,0.45335,0.39685,0.55000,0.43301,10.0000,0.02492,1,0.52465
95.8000,0.53594,0.45335,0.39685,0.55000,0.43301,10.0000,0.02492,1,0.52465
95.8200,0.53594,0.45335,0.39684,0.55000,0.43301,10.0000,0.02492,1,0.52465
95.8400,0.53594,0.45335,0.39684,0.55000,0.43301,10.0000,0.02492,1,0.52466
95.8600,0.53594,0.45335,0.39684,0.55000,0.43301,10.0000,0.02492,1,0.52466
95.8800,0.53594,0.45335,0.39684,0.55000,0.43301,10.0000,0.02493,1,0.52466
95.9000,0.53594,0.45335,0.39684,0.55000,0.43301,10.0000,0.02493,1,0.52466
95.9200,0.53594,0.45335,0.39684,0.55000,0.43301,10.0000,0.02493,1,0.52466
95.9400,0.53594,0.45335,0.39684,0.55000,0.43301,10.0000,0.02493,1,0.52466
95.9600,0.53594,0.45335,0.39684,0.55000,0.43301,10.0000,0.02493,1,0.52466
95.9800,0.53594,0.45335,0.39684,0.55000,0.43301,10.0000,0.02493,1,0.52466
96.0000,0.53594,0.45335,0.39684,0.55000,0.43301,10.0000,0.02493,1,0.52466
96.0200,0.53594,0.45335,0.39684,0.55000,0.43301,10.0000,0.02493,1,0.52466
96.0400,0.53594,0.45336,0.39684,0.55000,0.43301,10.0000,0.02493,1,0.52466
96.0600,0.53594,0.45336,0.39684,0.55000,0.43301,10.0000,0.02493,1,0.52466
96.0800,0.53594,0.45336,0.39684,0.55000,0.43301,10.0000,0.02493,1,0.52466
96.1000,0.53594,0.45336,0.39684,0.55000,0.43301,10.0000,0.02493,1,0.52466
96.1200,0.53594,0.45336,0.39684,0.55000,0.43301,10.0000,0.02493,1,0.52466
96.1400,0.53594,0.45336,0.39684,0.55000,0.43301,10.0000,0.02493,1,0.52466
96.1600,0.53594,0.45336,0.39684,0.55000,0.43301,10.0000,0.02493,1,0.52466
96.1800,0.53594,0.45336,0.39684,0.55000,0.43301,10.0000,0.02493,1,0.52466
96.2000,0.53594,0.45336,0.39684,0.55000,0.43301,10.0000,0.02493,1,0.52466
96.2200,0.53594,0.45336,0.39684,0.55000,0.43301,10.0000,0.02493,1,0.52467
96.2400,0.53594,0.45336,0.39684,0.55000,0.43301,10.0000,0.02493,1,0.52467
96.2600,0.53594,0.45336,0.39684,0.55000,0.43301,10.0000,0.02494,1,0.52467
96.2800,0.53594,0.45336,0.39684,0.55000,0.43301,10.0000,0.02494,1,0.52467
96.3000,0.53594,0.45336,0.39684,0.55000,0.43301,10.0000,0.02494,1,0.52467
96.3200,0.53594,0.45336,0.39684,0.55000,0.43301,10.0000,0.02494,1,0.52467
96.3400,0.53594,0.45336,0.39684,0.55000,0.43301,10.0000,0.02494,1,0.52467
96.3600,0.53594,0.45336,0.39684,0.55000,0.43301,10.0000,0.02494,1,0.52467
96.3800,0.53594,0.45337,0.39684,0.55000,0.43301,10.0000,0.02494,1,0.52467
96.4000,0.53594,0.45337,0.39684,0.55000,0.43301,10.0000,0.02494,1,0.52467
96.4200,0.53594,0.45337,0.39684,0.55000,0.43301,10.0000,0.02494,1,0.52467
96.4400,0.53594,0.45337,0.39684,0.55000,0.43301,10.0000,0.02494,1,0.52467
96.4600,0.53594,0.45337,0.39684,0.55000,0.43301,10.0000,0.02494,1,0.52467
96.4800,0.53594,0.45337,0.39684,0.55000,0.43301,10.0000,0.02494,1,0.52467
96.5000,0.53594,0.45337,0.39684,0.55000,0.43301,10.0000,0.02494,1,0.52467
96.5200,0.53594,0.45337,0.39684,0.55000,0.43301,10.0000,0.02494,1,0.52467
96.5400,0.53594,0.45337,0.39684,0.55000,0.43301,10.0000,0.02494,1,0.52467
96.5600,0.53594,0.45337,0.39684,0.55000,0.43301,10.0000,0.02494,1,0.52467
96.5800,0.53594,0.45337,0.39684,0.55000,0.43301,10.0000,0.02494,1,0.52467
96.6000,0.53594,0.45337,0.39684,0.55000,0.43301,10.0000,0.02494,1,0.52468
96.6200,0.53594,0.45337,0.39684,0.55000,0.43301,10.0000,0.02494,1,0.52468
96.6400,0.53594,0.45337,0.39684,0.55000,0.43301,10.0000,0.02495,1,0.52468
96.6600,0.53594,0.45337,0.39684,0.55000,0.43301,10.0000,0.02495,1,0.52468
96.6800,0.53594,0.45337,0.39684,0.55000,0.43301,10.0000,0.02495,1,0.52468
96.7000,0.53594,0.45338,0.39684,0.55000,0.43301,10.0000,0.02495,1,0.52468
96.7200,0.53594,0.45338,0.39683,0.55000,0.43301,10.0000,0.02495,1,0.52468
96.7400,0.53594,0.45338,0.39683,0.55000,0.43301,10.0000,0.02495,1,0.52468
96.7600,0.53594,0.45338,0.39683,0.55000,0.43301,10.0000,0.02495,1,0.52468
96.7800,0.53594,0.45338,0.39683,0.55000,0.43301,10.0000,0.02495,1,0.52468
96.8000,0.53594,0.45338,0.39683,0.55000,0.43301,10.0000,0.02495,1,0.52468
96.8200,0.53594,0.45338,0.39683,0.55000,0.43301,10.0000,0.02495,1,0.52468
96.8400,0.53594,0.45338,0.39683,0.55000,0.43301,10.0000,0.02495,1,0.52468
96.8600,0.53594,0.45338,0.39683,0.55000,0.43301,10.0000,0.02495,1,0.52468
96.8800,0.53594,0.45338,0.39683,0.55000,0.43301,10.0000,0.02495,1,0.52468
96.9000,0.53594,0.45338,0.39683,0.55000,0.43301,10.0000,0.02495,1,0.52468
96.9200,0.53594,0.45338,0.39683,0.55000,0.43301,10.0000,0.02495,1,0.52468
96.9400,0.53594,0.45338,0.39683,0.55000,0.43301,10.0000,0.02495,1,0.52468
96.9600,0.53594,0.45338,0.39683,0.55000,0.43301,10.0000,0.02495,1,0.52468
96.9800,0.53594,0.45338,0.39683,0.55000,0.43301,10.0000,0.02495,1,0.52469
97.0000,0.53594,0.45338,0.39683,0.55000,0.43301,10.0000,0.02495,1,0.52469
97.0200,0.53594,0.45338,0.39683,0.55000,0.43301,10.0000,0.02496,1,0.52469
97.0400,0.53594,0.45339,0.39683,0.55000,0.43301,10.0000,0.02496,1,0.52469
97.0600,0.53594,0.45339,0.39683,0.55000,0.43301,10.0000,0.02496,1,0.52469
97.0800,0.53594,0.45339,0.39683,0.55000,0.43301,10.0000,0.02496,1,0.52469
97.1000,0.53594,0.45339,0.39683,0.55000,0.43301,10.0000,0.02496,1,0.52469
97.1200,0.53594,0.45339,0.39683,0.55000,0.43301,10.0000,0.02496,1,0.52469
97.1400,0.53594,0.45339,0.39683,0.55000,0.43301,10.0000,0.02496,1,0.52469
97.1600,0.53594,0.45339,0.39683,0.55000,0.43301,10.0000,0.02496,1,0.52469
97.1800,0.53594,0.45339,0.39683,0.55000,0.43301,10.0000,0.02496,1,0.52469
97.2000,0.53594,0.45339,0.39683,0.55000,0.43301,10.0000,0.02496,1,0.52469
97.2200,0.53594,0.45339,0.39683,0.55000,0.43301,10.0000,0.02496,1,0.52469
97.2400,0.53594,0.45339,0.39683,0.55000,0.43301,10.0000,0.02496,1,0.52469
97.2600,0.53594,0.45339,0.39683,0.55000,0.43301,10.0000,0.02496,1,0.52469
97.2800,0.53594,0.45339,0.39683,0.55000,0.43301,10.0000,0.02496,1,0.52469
97.3000,0.53594,0.45339,0.39683,0.55000,0.43301,10.0000,0.02496,1,0.52469
97.3200,0.53594,0.45339,0.39683,0.55000,0.43301,10.0000,0.02496,1,0.52469
97.3400,0.53594,0.45339,0.39683,0.55000,0.43301,10.0000,0.02496,1,0.52469
97.3600,0.53594,0.45340,0.39683,0.55000,0.43301,10.0000,0.02496,1,0.52470
97.3800,0.53594,0.45340,0.39683,0.55000,0.43301,10.0000,0.02496,1,0.52470
97.4000,0.53594,0.45340,0.39683,0.55000,0.43301,10.0000,0.02496,1,0.52470
97.4200,0.53594,0.45340,0.39683,0.55000,0.43301,10.0000,0.02497,1,0.52470
97.4400,0.53594,0.45340,0.39683,0.55000,0.43301,10.0000,0.02497,1,0.52470
97.4600,0.53594,0.45340,0.39683,0.55000,0.43301,10.0000,0.02497,1,0.52470
97.4800,0.53594,0.45340,0.39683,0.55000,0.43301,10.0000,0.02497,1,0.52470
97.5000,0.53594,0.45340,0.39683,0.55000,0.43301,10.0000,0.02497,1,0.52470
97.5200,0.53594,0.45340,0.39683,0.55000,0.43301,10.0000,0.02497,1,0.52470
97.5400,0.53594,0.45340,0.39683,0.55000,0.43301,10.0000,0.02497,1,0.52470
97.5600,0.53594,0.45340,0.39683,0.55000,0.43301,10.0000,0.02497,1,0.52470
97.5800,0.53594,0.45340,0.39683,0.55000,0.43301,10.0000,0.02497,1,0.52470
97.6000,0.53594,0.45340,0.39683,0.55000,0.43301,10.0000,0.02497,1,0.52470
97.6200,0.53594,0.45340,0.39683,0.55000,0.43301,10.0000,0.02497,1,0.52470
97.6400,0.53594,0.45340,0.39682,0.55000,0.43301,10.0000,0.02497,1,0.52470
97.6600,0.53594,0.45340,0.39682,0.55000,0.43301,10.0000,0.02497,1,0.52470
97.6800,0.53594,0.45340,0.39682,0.55000,0.43301,10.0000,0.02497,1,0.52470
97.7000,0.53594,0.45341,0.39682,0.55000,0.43301,10.0000,0.02497,1,0.52470
97.7200,0.53594,0.45341,0.39682,0.55000,0.43301,10.0000,0.02497,1,0.52470
97.7400,0.53594,0.45341,0.39682,0.55000,0.43301,10.0000,0.02497,1,0.52470
97.7600,0.53594,0.45341,0.39682,0.55000,0.43301,10.0000,0.02497,1,0.52471
97.7800,0.53594,0.45341,0.39682,0.55000,0.43301,10.0000,0.02497,1,0.52471
97.8000,0.53594,0.45341,0.39682,0.55000,0.43301,10.0000,0.02497,1,0.52471
97.8200,0.53594,0.45341,0.39682,0.55000,0.43301,10.0000,0.02498,1,0.52471
97.8400,0.53594,0.45341,0.39682,0.55000,0.43301,10.0000,0.02498,1,0.52471
97.8600,0.53594,0.45341,0.39682,0.55000,0.43301,10.0000,0.02498,1,0.52471
97.8800,0.53594,0.45341,0.39682,0.55000,0.43301,10.0000,0.02498,1,0.52471
97.9000,0.53594,0.45341,0.39682,0.55000,0.43301,10.0000,0.02498,1,0.52471
97.9200,0.53594,0.45341,0.39682,0.55000,0.43301,10.0000,0.02498,1,0.52471
97.9400,0.53594,0.45341,0.39682,0.55000,0.43301,10.0000,0.02498,1,0.52471
97.9600,0.53594,0.45341,0.39682,0.55000,0.43301,10.0000,0.02498,1,0.52471
97.9800,0.53594,0.45341,0.39682,0.55000,0.43301,10.0000,0.02498,1,0.52471
98.0000,0.53594,0.45341,0.39682,0.55000,0.43301,10.0000,0.02498,1,0.52471
98.0200,0.53594,0.45341,0.39682,0.55000,0.43301,10.0000,0.02498,1,0.52471
98.0400,0.53594,0.45342,0.39682,0.55000,0.43301,10.0000,0.02498,1,0.52471
98.0600,0.53594,0.45342,0.39682,0.55000,0.43301,10.0000,0.02498,1,0.52471
98.0800,0.53594,0.45342,0.39682,0.55000,0.43301,10.0000,0.02498,1,0.52471
98.1000,0.53594,0.45342,0.39682,0.55000,0.43301,10.0000,0.02498,1,0.52471
98.1200,0.53594,0.45342,0.39682,0.55000,0.43301,10.0000,0.02498,1,0.52471
98.1400,0.53594,0.45342,0.39682,0.55000,0.43301,10.0000,0.02498,1,0.52471
98.1600,0.53594,0.45342,0.39682,0.55000,0.43301,10.0000,0.02498,1,0.52472
98.1800,0.53594,0.45342,0.39682,0.55000,0.43301,10.0000,0.02498,1,0.52472
98.2000,0.53594,0.45342,0.39682,0.55000,0.43301,10.0000,0.02498,1,0.52472
98.2200,0.53594,0.45342,0.39682,0.55000,0.43301,10.0000,0.02499,1,0.52472
98.2400,0.53594,0.45342,0.39682,0.55000,0.43301,10.0000,0.02499,1,0.52472
98.2600,0.53594,0.45342,0.39682,0.55000,0.43301,10.0000,0.02499,1,0.52472
98.2800,0.53594,0.45342,0.39682,0.55000,0.43301,10.0000,0.02499,1,0.52472
98.3000,0.53594,0.45342,0.39682,0.55000,0.43301,10.0000,0.02499,1,0.52472
98.3200,0.53594,0.45342,0.39682,0.55000,0.43301,10.0000,0.02499,1,0.52472
98.3400,0.53594,0.45342,0.39682,0.55000,0.43301,10.0000,0.02499,1,0.52472
98.3600,0.53594,0.45342,0.39682,0.55000,0.43301,10.0000,0.02499,1,0.52472
98.3800,0.53594,0.45342,0.39682,0.55000,0.43301,10.0000,0.02499,1,0.52472
98.4000,0.53594,0.45343,0.39682,0.55000,0.43301,10.0000,0.02499,1,0.52472
98.4200,0.53594,0.45343,0.39682,0.55000,0.43301,10.0000,0.02499,1,0.52472
98.4400,0.53594,0.45343,0.39682,0.55000,0.43301,10.0000,0.02499,1,0.52472
98.4600,0.53594,0.45343,0.39682,0.55000,0.43301,10.0000,0.02499,1,0.52472
98.4800,0.53594,0.45343,0.39682,0.55000,0.43301,10.0000,0.02499,1,0.52472
98.5000,0.53594,0.45343,0.39682,0.55000,0.43301,10.0000,0.02499,1,0.52472
98.5200,0.53594,0.45343,0.39682,0.55000,0.43301,10.0000,0.02499,1,0.52472
98.5400,0.53594,0.45343,0.39682,0.55000,0.43301,10.0000,0.02499,1,0.52472
98.5600,0.53594,0.45343,0.39682,0.55000,0.43301,10.0000,0.02499,1,0.52473
98.5800,0.53594,0.45343,0.39682,0.55000,0.43301,10.0000,0.02499,1,0.52473
98.6000,0.53594,0.45343,0.39682,0.55000,0.43301,10.0000,0.02499,1,0.52473
98.6200,0.53594,0.45343,0.39681,0.55000,0.43301,10.0000,0.02500,1,0.52473
98.6400,0.53594,0.45343,0.39681,0.55000,0.43301,10.0000,0.02500,1,0.52473
98.6600,0.53594,0.45343,0.39681,0.55000,0.43301,10.0000,0.02500,1,0.52473
98.6800,0.53594,0.45343,0.39681,0.55000,0.43301,10.0000,0.02500,1,0.52473
98.7000,0.53594,0.45343,0.39681,0.55000,0.43301,10.0000,0.02500,1,0.52473
98.7200,0.53594,0.45343,0.39681,0.55000,0.43301,10.0000,0.02500,1,0.52473
98.7400,0.53594,0.45344,0.39681,0.55000,0.43301,10.0000,0.02500,1,0.52473
98.7600,0.53594,0.45344,0.39681,0.55000,0.43301,10.0000,0.02500,1,0.52473
98.7800,0.53594,0.45344,0.39681,0.55000,0.43301,10.0000,0.02500,1,0.52473
98.8000,0.53594,0.45344,0.39681,0.55000,0.43301,10.0000,0.02500,1,0.52473
98.8200,0.53594,0.45344,0.39681,0.55000,0.43301,10.0000,0.02500,1,0.52473
98.8400,0.53594,0.45344,0.39681,0.55000,0.43301,10.0000,0.02500,1,0.52473
98.8600,0.53594,0.45344,0.39681,0.55000,0.43301,10.0000,0.02500,1,0.52473
98.8800,0.53594,0.45344,0.39681,0.55000,0.43301,10.0000,0.02500,1,0.52473
98.9000,0.53594,0.45344,0.39681,0.55000,0.43301,10.0000,0.02500,1,0.52473
98.9200,0.53594,0.45344,0.39681,0.55000,0.43301,10.0000,0.02500,1,0.52473
98.9400,0.53594,0.45344,0.39681,0.55000,0.43301,10.0000,0.02500,1,0.52473
98.9600,0.53594,0.45344,0.39681,0.55000,0.43301,10.0000,0.02500,1,0.52473
98.9800,0.53594,0.45344,0.39681,0.55000,0.43301,10.0000,0.02500,1,0.52474
99.0000,0.53594,0.45344,0.39681,0.55000,0.43301,10.0000,0.02500,1,0.52474
99.0200,0.53594,0.45344,0.39681,0.55000,0.43301,10.0000,0.02500,1,0.52474
99.0400,0.53594,0.45344,0.39681,0.55000,0.43301,10.0000,0.02501,1,0.52474
99.0600,0.53594,0.45344,0.39681,0.55000,0.43301,10.0000,0.02501,1,0.52474
99.0800,0.53594,0.45344,0.39681,0.55000,0.43301,10.0000,0.02501,1,0.52474
99.1000,0.53594,0.45345,0.39681,0.55000,0.43301,10.0000,0.02501,1,0.52474
99.1200,0.53594,0.45345,0.39681,0.55000,0.43301,10.0000,0.02501,1,0.52474
99.1400,0.53594,0.45345,0.39681,0.55000,0.43301,10.0000,0.02501,1,0.52474
99.1600,0.53594,0.45345,0.39681,0.55000,0.43301,10.0000,0.02501,1,0.52474
99.1800,0.53594,0.45345,0.39681,0.55000,0.43301,10.0000,0.02501,1,0.52474
99.2000,0.53594,0.45345,0.39681,0.55000,0.43301,10.0000,0.02501,1,0.52474
99.2200,0.53594,0.45345,0.39681,0.55000,0.43301,10.0000,0.02501,1,0.52474
99.2400,0.53594,0.45345,0.39681,0.55000,0.43301,10.0000,0.02501,1,0.52474
99.2600,0.53594,0.45345,0.39681,0.55000,0.43301,10.0000,0.02501,1,0.52474
99.2800,0.53594,0.45345,0.39681,0.55000,0.43301,10.0000,0.02501,1,0.52474
99.3000,0.53594,0.45345,0.39681,0.55000,0.43301,10.0000,0.02501,1,0.52474
99.3200,0.53594,0.45345,0.39681,0.55000,0.43301,10.0000,0.02501,1,0.52474
99.3400,0.53594,0.45345,0.39681,0.55000,0.43301,10.0000,0.02501,1,0.52474
99.3600,0.53594,0.45345,0.39681,0.55000,0.43301,10.0000,0.02501,1,0.52474
99.3800,0.53594,0.45345,0.39681,0.55000,0.43301,10.0000,0.02501,1,0.52474
99.4000,0.53594,0.45345,0.39681,0.55000,0.43301,10.0000,0.02501,1,0.52475
99.4200,0.53594,0.45345,0.39681,0.55000,0.43301,10.0000,0.02501,1,0.52475
99.4400,0.53594,0.45346,0.39681,0.55000,0.43301,10.0000,0.02501,1,0.52475
99.4600,0.53594,0.45346,0.39681,0.55000,0.43301,10.0000,0.02502,1,0.52475
99.4800,0.53594,0.45346,0.39681,0.55000,0.43301,10.0000,0.02502,1,0.52475
99.5000,0.53594,0.45346,0.39681,0.55000,0.43301,10.0000,0.02502,1,0.52475
99.5200,0.53594,0.45346,0.39681,0.55000,0.43301,10.0000,0.02502,1,0.52475
99.5400,0.53594,0.45346,0.39681,0.55000,0.43301,10.0000,0.02502,1,0.52475
99.5600,0.53594,0.45346,0.39681,0.55000,0.43301,10.0000,0.02502,1,0.52475
99.5800,0.53594,0.45346,0.39681,0.55000,0.43301,10.0000,0.02502,1,0.52475
99.6000,0.53594,0.45346,0.39681,0.55000,0.43301,10.0000,0.02502,1,0.52475
99.6200,0.53594,0.45346,0.39680,0.55000,0.43301,10.0000,0.02502,1,0.52475
99.6400,0.53594,0.45346,0.39680,0.55000,0.43301,10.0000,0.02502,1,0.52475
99.6600,0.53594,0.45346,0.39680,0.55000,0.43301,10.0000,0.02502,1,0.52475
99.6800,0.53594,0.45346,0.39680,0.55000,0.43301,10.0000,0.02502,1,0.52475
99.7000,0.53594,0.45346,0.39680,0.55000,0.43301,10.0000,0.02502,1,0.52475
99.7200,0.53594,0.45346,0.39680,0.55000,0.43301,10.0000,0.02502,1,0.52475
99.7400,0.53594,0.45346,0.39680,0.55000,0.43301,10.0000,0.02502,1,0.52475
99.7600,0.53594,0.45346,0.39680,0.55000,0.43301,10.0000,0.02502,1,0.52475
99.7800,0.53594,0.45346,0.39680,0.55000,0.43301,10.0000,0.02502,1,0.52475
99.8000,0.53594,0.45347,0.39680,0.55000,0.43301,10.0000,0.02502,1,0.52475
99.8200,0.53594,0.45347,0.39680,0.55000,0.43301,10.0000,0.02502,1,0.52476
99.8400,0.53594,0.45347,0.39680,0.55000,0.43301,10.0000,0.02502,1,0.52476
99.8600,0.53594,0.45347,0.39680,0.55000,0.43301,10.0000,0.02502,1,0.52476
99.8800,0.53594,0.45347,0.39680,0.55000,0.43301,10.0000,0.02502,1,0.52476
99.9000,0.53594,0.45347,0.39680,0.55000,0.43301,10.0000,0.02503,1,0.52476
99.9200,0.53594,0.45347,0.39680,0.55000,0.43301,10.0000,0.02503,1,0.52476
99.9400,0.53594,0.45347,0.39680,0.55000,0.43301,10.0000,0.02503,1,0.52476
99.9600,0.53594,0.45347,0.39680,0.55000,0.43301,10.0000,0.02503,1,0.52476
99.9800,0.53594,0.45347,0.39680,0.55000,0.43301,10.0000,0.02503,1,0.52476
100.0000,0.53594,0.45347,0.39680,0.55000,0.43301,10.0000,0.02503,1,0.52476
100.0200,0.53594,0.45347,0.39680,0.55000,0.43301,10.0000,0.02503,1,0.52476
100.0400,0.53594,0.45347,0.39680,0.55000,0.43301,10.0000,0.02503,1,0.52476
100.0600,0.53594,0.45347,0.39680,0.55000,0.43301,10.0000,0.02503,1,0.52476
100.0800,0.53594,0.45347,0.39680,0.55000,0.43301,10.0000,0.02503,1,0.52476
100.1000,0.53594,0.45347,0.39680,0.55000,0.43301,10.0000,0.02503,1,0.52476
100.1200,0.53594,0.45347,0.39680,0.55000,0.43301,10.0000,0.02503,1,0.52476
100.1400,0.53594,0.45347,0.39680,0.55000,0.43301,10.0000,0.02503,1,0.52476
100.1600,0.53594,0.45348,0.39680,0.55000,0.43301,10.0000,0.02503,1,0.52476
100.1800,0.53594,0.45348,0.39680,0.55000,0.43301,10.0000,0.02503,1,0.52476
100.2000,0.53594,0.45348,0.39680,0.55000,0.43301,10.0000,0.02503,1,0.52476
100.2200,0.53594,0.45348,0.39680,0.55000,0.43301,10.0000,0.02503,1,0.52476
100.2400,0.53594,0.45348,0.39680,0.55000,0.43301,10.0000,0.02503,1,0.52476
100.2600,0.53594,0.45348,0.39680,0.55000,0.43301,10.0000,0.02503,1,0.52477
100.2800,0.53594,0.45348,0.39680,0.55000,0.43301,10.0000,0.02503,1,0.52477
100.3000,0.53594,0.45348,0.39680,0.55000,0.43301,10.0000,0.02503,1,0.52477
100.3200,0.53594,0.45348,0.39680,0.55000,0.43301,10.0000,0.02503,1,0.52477
100.3400,0.53594,0.45348,0.39680,0.55000,0.43301,10.0000,0.02504,1,0.52477
100.3600,0.53594,0.45348,0.39680,0.55000,0.43301,10.0000,0.02504,1,0.52477
100.3800,0.53594,0.45348,0.39680,0.55000,0.43301,10.0000,0.02504,1,0.52477
100.4000,0.53594,0.45348,0.39680,0.55000,0.43301,10.0000,0.02504,1,0.52477
100.4200,0.53594,0.45348,0.39680,0.55000,0.43301,10.0000,0.02504,1,0.52477
100.4400,0.53594,0.45348,0.39680,0.55000,0.43301,10.0000,0.02504,1,0.52477
100.4600,0.53594,0.45348,0.39680,0.55000,0.43301,10.0000,0.02504,1,0.52477
100.4800,0.53594,0.45348,0.39680,0.55000,0.43301,10.0000,0.02504,1,0.52477
100.5000,0.53594,0.45348,0.39680,0.55000,0.43301,10.0000,0.02504,1,0.52477
100.5200,0.53594,0.45348,0.39680,0.55000,0.43301,10.0000,0.02504,1,0.52477
100.5400,0.53594,0.45349,0.39680,0.55000,0.43301,10.0000,0.02504,1,0.52477
100.5600,0.53594,0.45349,0.39680,0.55000,0.43301,10.0000,0.02504,1,0.52477
100.5800,0.53594,0.45349,0.39680,0.55000,0.43301,10.0000,0.02504,1,0.52477
100.6000,0.53594,0.45349,0.39680,0.55000,0.43301,10.0000,0.02504,1,0.52477
100.6200,0.53594,0.45349,0.39680,0.55000,0.43301,10.0000,0.02504,1,0.52477
100.6400,0.53594,0.45349,0.39680,0.55000,0.43301,10.0000,0.02504,1,0.52477
100.6600,0.53594,0.45349,0.39679,0.55000,0.43301,10.0000,0.02504,1,0.52477
100.6800,0.53594,0.45349,0.39679,0.55000,0.43301,10.0000,0.02504,1,0.52477
100.7000,0.53594,0.45349,0.39679,0.55000,0.43301,10.0000,0.02504,1,0.52478
100.7200,0.53594,0.45349,0.39679,0.55000,0.43301,10.0000,0.02504,1,0.52478
100.7400,0.53594,0.45349,0.39679,0.55000,0.43301,10.0000,0.02504,1,0.52478
100.7600,0.53594,0.45349,0.39679,0.55000,0.43301,10.0000,0.02504,1,0.52478
100.7800,0.53594,0.45349,0.39679,0.55000,0.43301,10.0000,0.02505,1,0.52478
100.8000,0.53594,0.45349,0.39679,0.55000,0.43301,10.0000,0.02505,1,0.52478
100.8200,0.53594,0.45349,0.39679,0.55000,0.43301,10.0000,0.02505,1,0.52478
100.8400,0.53594,0.45349,0.39679,0.55000,0.43301,10.0000,0.02505,1,0.52478
100.8600,0.53594,0.45349,0.39679,0.55000,0.43301,10.0000,0.02505,1,0.52478
100.8800,0.53594,0.45349,0.39679,0.55000,0.43301,10.0000,0.02505,1,0.52478
100.9000,0.53594,0.45350,0.39679,0.55000,0.43301,10.0000,0.02505,1,0.52478
100.9200,0.53594,0.45350,0.39679,0.55000,0.43301,10.0000,0.02505,1,0.52478
100.9400,0.53594,0.45350,0.39679,0.55000,0.43301,10.0000,0.02505,1,0.52478
100.9600,0.53594,0.45350,0.39679,0.55000,0.43301,10.0000,0.02505,1,0.52478
100.9800,0.53594,0.45350,0.39679,0.55000,0.43301,10.0000,0.02505,1,0.52478
101.0000,0.53594,0.45350,0.39679,0.55000,0.43301,10.0000,0.02505,1,0.52478
101.0200,0.53594,0.45350,0.39679,0.55000,0.43301,10.0000,0.02505,1,0.52478
101.0400,0.53594,0.45350,0.39679,0.55000,0.43301,10.0000,0.02505,1,0.52478
101.0600,0.53594,0.45350,0.39679,0.55000,0.43301,10.0000,0.02505,1,0.52478
101.0800,0.53594,0.45350,0.39679,0.55000,0.43301,10.0000,0.02505,1,0.52478
101.1000,0.53594,0.45350,0.39679,0.55000,0.43301,10.0000,0.02505,1,0.52478
101.1200,0.53594,0.45350,0.39679,0.55000,0.43301,10.0000,0.02505,1,0.52478
101.1400,0.53594,0.45350,0.39679,0.55000,0.43301,10.0000,0.02505,1,0.52479
101.1600,0.53594,0.45350,0.39679,0.55000,0.43301,10.0000,0.02505,1,0.52479
101.1800,0.53594,0.45350,0.39679,0.55000,0.43301,10.0000,0.02505,1,0.52479
101.2000,0.53594,0.45350,0.39679,0.55000,0.43301,10.0000,0.02505,1,0.52479
101.2200,0.53594,0.45350,0.39679,0.55000,0.43301,10.0000,0.02505,1,0.52479
101.2400,0.53594,0.45350,0.39679,0.55000,0.43301,10.0000,0.02506,1,0.52479
101.2600,0.53594,0.45350,0.39679,0.55000,0.43301,10.0000,0.02506,1,0.52479
101.2800,0.53594,0.45351,0.39679,0.55000,0.43301,10.0000,0.02506,1,0.52479
101.3000,0.53594,0.45351,0.39679,0.55000,0.43301,10.0000,0.02506,1,0.52479
101.3200,0.53594,0.45351,0.39679,0.55000,0.43301,10.0000,0.02506,1,0.52479
101.3400,0.53594,0.45351,0.39679,0.55000,0.43301,10.0000,0.02506,1,0.52479
101.3600,0.53594,0.45351,0.39679,0.55000,0.43301,10.0000,0.02506,1,0.52479
101.3800,0.53594,0.45351,0.39679,0.55000,0.43301,10.0000,0.02506,1,0.52479
101.4000,0.53594,0.45351,0.39679,0.55000,0.43301,10.0000,0.02506,1,0.52479
101.4200,0.53594,0.45351,0.39679,0.55000,0.43301,10.0000,0.02506,1,0.52479
101.4400,0.53594,0.45351,0.39679,0.55000,0.43301,10.0000,0.02506,1,0.52479
101.4600,0.53594,0.45351,0.39679,0.55000,0.43301,10.0000,0.02506,1,0.52479
101.4800,0.53594,0.45351,0.39679,0.55000,0.43301,10.0000,0.02506,1,0.52479
101.5000,0.53594,0.45351,0.39679,0.55000,0.43301,10.0000,0.02506,1,0.52479
101.5200,0.53594,0.45351,0.39679,0.55000,0.43301,10.0000,0.02506,1,0.52479
101.5400,0.53594,0.45351,0.39679,0.55000,0.43301,10.0000,0.02506,1,0.52479
101.5600,0.53595,0.45351,0.39679,0.55000,0.43301,10.0000,0.02506,1,0.52479
101.5800,0.53595,0.45351,0.39679,0.55000,0.43301,10.0000,0.02506,1,0.52479
101.6000,0.53595,0.45351,0.39679,0.55000,0.43301,10.0000,0.02506,1,0.52480
101.6200,0.53595,0.45351,0.39679,0.55000,0.43301,10.0000,0.02506,1,0.52480
101.6400,0.53595,0.45351,0.39679,0.55000,0.43301,10.0000,0.02506,1,0.52480
101.6600,0.53595,0.45352,0.39679,0.55000,0.43301,10.0000,0.02506,1,0.52480
101.6800,0.53595,0.45352,0.39679,0.55000,0.43301,10.0000,0.02506,1,0.52480
101.7000,0.53595,0.45352,0.39679,0.55000,0.43301,10.0000,0.02507,1,0.52480
101.7200,0.53595,0.45352,0.39679,0.55000,0.43301,10.0000,0.02507,1,0.52480
101.7400,0.53595,0.45352,0.39679,0.55000,0.43301,10.0000,0.02507,1,0.52480
101.7600,0.53595,0.45352,0.39678,0.55000,0.43301,10.0000,0.02507,1,0.52480
101.7800,0.53595,0.45352,0.39678,0.55000,0.43301,10.0000,0.02507,1,0.52480
101.8000,0.53595,0.45352,0.39678,0.55000,0.43301,10.0000,0.02507,1,0.52480
101.8200,0.53595,0.45352,0.39678,0.55000,0.43301,10.0000,0.02507,1,0.52480
101.8400,0.53595,0.45352,0.39678,0.55000,0.43301,10.0000,0.02507,1,0.52480
101.8600,0.53595,0.45352,0.39678,0.55000,0.43301,10.0000,0.02507,1,0.52480
101.8800,0.53595,0.45352,0.39678,0.55000,0.43301,10.0000,0.02507,1,0.52480
101.9000,0.53595,0.45352,0.39678,0.55000,0.43301,10.0000,0.02507,1,0.52480
101.9200,0.53595,0.45352,0.39678,0.55000,0.43301,10.0000,0.02507,1,0.52480
101.9400,0.53595,0.45352,0.39678,0.55000,0.43301,10.0000,0.02507,1,0.52480
101.9600,0.53595,0.45352,0.39678,0.55000,0.43301,10.0000,0.02507,1,0.52480
101.9800,0.53595,0.45352,0.39678,0.55000,0.43301,10.0000,0.02507,1,0.52480
102.0000,0.53595,0.45352,0.39678,0.55000,0.43301,10.0000,0.02507,1,0.52480
102.0200,0.53595,0.45352,0.39678,0.55000,0.43301,10.0000,0.02507,1,0.52480
102.0400,0.53595,0.45353,0.39678,0.55000,0.43301,10.0000,0.02507,1,0.52480
102.0600,0.53595,0.45353,0.39678,0.55000,0.43301,10.0000,0.02507,1,0.52481
102.0800,0.53595,0.45353,0.39678,0.55000,0.43301,10.0000,0.02507,1,0.52481
102.1000,0.53595,0.45353,0.39678,0.55000,0.43301,10.0000,0.02507,1,0.52481
102.1200,0.53595,0.45353,0.39678,0.55000,0.43301,10.0000,0.02507,1,0.52481
102.1400,0.53595,0.45353,0.39678,0.55000,0.43301,10.0000,0.02507,1,0.52481
102.1600,0.53595,0.45353,0.39678,0.55000,0.43301,10.0000,0.02508,1,0.52481
102.1800,0.53595,0.45353,0.39678,0.55000,0.43301,10.0000,0.02508,1,0.52481
102.2000,0.53595,0.45353,0.39678,0.55000,0.43301,10.0000,0.02508,1,0.52481
102.2200,0.53595,0.45353,0.39678,0.55000,0.43301,10.0000,0.02508,1,0.52481
102.2400,0.53595,0.45353,0.39678,0.55000,0.43301,10.0000,0.02508,1,0.52481
102.2600,0.53595,0.45353,0.39678,0.55000,0.43301,10.0000,0.02508,1,0.52481
102.2800,0.53595,0.45353,0.39678,0.55000,0.43301,10.0000,0.02508,1,0.52481
102.3000,0.53595,0.45353,0.39678,0.55000,0.43301,10.0000,0.02508,1,0.52481
102.3200,0.53595,0.45353,0.39678,0.55000,0.43301,10.0000,0.02508,1,0.52481
102.3400,0.53595,0.45353,0.39678,0.55000,0.43301,10.0000,0.02508,1,0.52481
102.3600,0.53595,0.45353,0.39678,0.55000,0.43301,10.0000,0.02508,1,0.52481
102.3800,0.53595,0.45353,0.39678,0.55000,0.43301,10.0000,0.02508,1,0.52481
102.4000,0.53595,0.45353,0.39678,0.55000,0.43301,10.0000,0.02508,1,0.52481
102.4200,0.53595,0.45354,0.39678,0.55000,0.43301,10.0000,0.02508,1,0.52481
102.4400,0.53595,0.45354,0.39678,0.55000,0.43301,10.0000,0.02508,1,0.52481
102.4600,0.53595,0.45354,0.39678,0.55000,0.43301,10.0000,0.02508,1,0.52481
102.4800,0.53595,0.45354,0.39678,0.55000,0.43301,10.0000,0.02508,1,0.52481
102.5000,0.53595,0.45354,0.39678,0.55000,0.43301,10.0000,0.02508,1,0.52481
102.5200,0.53595,0.45354,0.39678,0.55000,0.43301,10.0000,0.02508,1,0.52482
102.5400,0.53595,0.45354,0.39678,0.55000,0.43301,10.0000,0.02508,1,0.52482
102.5600,0.53595,0.45354,0.39678,0.55000,0.43301,10.0000,0.02508,1,0.52482
102.5800,0.53595,0.45354,0.39678,0.55000,0.43301,10.0000,0.02508,1,0.52482
102.6000,0.53595,0.45354,0.39678,0.55000,0.43301,10.0000,0.02508,1,0.52482
102.6200,0.53595,0.45354,0.39678,0.55000,0.43301,10.0000,0.02508,1,0.52482
102.6400,0.53595,0.45354,0.39678,0.55000,0.43301,10.0000,0.02509,1,0.52482
102.6600,0.53595,0.45354,0.39678,0.55000,0.43301,10.0000,0.02509,1,0.52482
102.6800,0.53595,0.45354,0.39678,0.55000,0.43301,10.0000,0.02509,1,0.52482
102.7000,0.53595,0.45354,0.39678,0.55000,0.43301,10.0000,0.02509,1,0.52482
102.7200,0.53595,0.45354,0.39678,0.55000,0.43301,10.0000,0.02509,1,0.52482
102.7400,0.53595,0.45354,0.39678,0.55000,0.43301,10.0000,0.02509,1,0.52482
102.7600,0.53595,0.45354,0.39678,0.55000,0.43301,10.0000,0.02509,1,0.52482
102.7800,0.53595,0.45354,0.39678,0.55000,0.43301,10.0000,0.02509,1,0.52482
102.8000,0.53595,0.45354,0.39678,0.55000,0.43301,10.0000,0.02509,1,0.52482
102.8200,0.53595,0.45355,0.39678,0.55000,0.43301,10.0000,0.02509,1,0.52482
102.8400,0.53595,0.45355,0.39678,0.55000,0.43301,10.0000,0.02509,1,0.52482
102.8600,0.53595,0.45355,0.39678,0.55000,0.43301,10.0000,0.02509,1,0.52482
102.8800,0.53595,0.45355,0.39678,0.55000,0.43301,10.0000,0.02509,1,0.52482
102.9000,0.53595,0.45355,0.39678,0.55000,0.43301,10.0000,0.02509,1,0.52482
102.9200,0.53595,0.45355,0.39677,0.55000,0.43301,10.0000,0.02509,1,0.52482
102.9400,0.53595,0.45355,0.39677,0.55000,0.43301,10.0000,0.02509,1,0.52482
102.9600,0.53595,0.45355,0.39677,0.55000,0.43301,10.0000,0.02509,1,0.52482
102.9800,0.53595,0.45355,0.39677,0.55000,0.43301,10.0000,0.02509,1,0.52482
103.0000,0.53595,0.45355,0.39677,0.55000,0.43301,10.0000,0.02509,1,0.52483
103.0200,0.53595,0.45355,0.39677,0.55000,0.43301,10.0000,0.02509,1,0.52483
103.0400,0.53595,0.45355,0.39677,0.55000,0.43301,10.0000,0.02509,1,0.52483
103.0600,0.53595,0.45355,0.39677,0.55000,0.43301,10.0000,0.02509,1,0.52483
103.0800,0.53595,0.45355,0.39677,0.55000,0.43301,10.0000,0.02509,1,0.52483
103.1000,0.53595,0.45355,0.39677,0.55000,0.43301,10.0000,0.02509,1,0.52483
103.1200,0.53595,0.45355,0.39677,0.55000,0.43301,10.0000,0.02510,1,0.52483
103.1400,0.53595,0.45355,0.39677,0.55000,0.43301,10.0000,0.02510,1,0.52483
103.1600,0.53595,0.45355,0.39677,0.55000,0.43301,10.0000,0.02510,1,0.52483
103.1800,0.53595,0.45355,0.39677,0.55000,0.43301,10.0000,0.02510,1,0.52483
103.2000,0.53595,0.45356,0.39677,0.55000,0.43301,10.0000,0.02510,1,0.52483
103.2200,0.53595,0.45356,0.39677,0.55000,0.43301,10.0000,0.02510,1,0.52483
103.2400,0.53595,0.45356,0.39677,0.55000,0.43301,10.0000,0.02510,1,0.52483
103.2600,0.53595,0.45356,0.39677,0.55000,0.43301,10.0000,0.02510,1,0.52483
103.2800,0.53595,0.45356,0.39677,0.55000,0.43301,10.0000,0.02510,1,0.52483
103.3000,0.53595,0.45356,0.39677,0.55000,0.43301,10.0000,0.02510,1,0.52483
103.3200,0.53595,0.45356,0.39677,0.55000,0.43301,10.0000,0.02510,1,0.52483
103.3400,0.53595,0.45356,0.39677,0.55000,0.43301,10.0000,0.02510,1,0.52483
103.3600,0.53595,0.45356,0.39677,0.55000,0.43301,10.0000,0.02510,1,0.52483
103.3800,0.53595,0.45356,0.39677,0.55000,0.43301,10.0000,0.02510,1,0.52483
103.4000,0.53595,0.45356,0.39677,0.55000,0.43301,10.0000,0.02510,1,0.52483
103.4200,0.53595,0.45356,0.39677,0.55000,0.43301,10.0000,0.02510,1,0.52483
103.4400,0.53595,0.45356,0.39677,0.55000,0.43301,10.0000,0.02510,1,0.52483
103.4600,0.53595,0.45356,0.39677,0.55000,0.43301,10.0000,0.02510,1,0.52483
103.4800,0.53595,0.45356,0.39677,0.55000,0.43301,10.0000,0.02510,1,0.52484
103.5000,0.53595,0.45356,0.39677,0.55000,0.43301,10.0000,0.02510,1,0.52484
103.5200,0.53595,0.45356,0.39677,0.55000,0.43301,10.0000,0.02510,1,0.52484
103.5400,0.53595,0.45356,0.39677,0.55000,0.43301,10.0000,0.02510,1,0.52484
103.5600,0.53595,0.45356,0.39677,0.55000,0.43301,10.0000,0.02510,1,0.52484
103.5800,0.53595,0.45356,0.39677,0.55000,0.43301,10.0000,0.02510,1,0.52484
103.6000,0.53595,0.45357,0.39677,0.55000,0.43301,10.0000,0.02510,1,0.52484
103.6200,0.53595,0.45357,0.39677,0.55000,0.43301,10.0000,0.02511,1,0.52484
103.6400,0.53595,0.45357,0.39677,0.55000,0.43301,10.0000,0.02511,1,0.52484
103.6600,0.53595,0.45357,0.39677,0.55000,0.43301,10.0000,0.02511,1,0.52484
103.6800,0.53595,0.45357,0.39677,0.55000,0.43301,10.0000,0.02511,1,0.52484
103.7000,0.53595,0.45357,0.39677,0.55000,0.43301,10.0000,0.02511,1,0.52484
103.7200,0.53595,0.45357,0.39677,0.55000,0.43301,10.0000,0.02511,1,0.52484
103.7400,0.53595,0.45357,0.39677,0.55000,0.43301,10.0000,0.02511,1,0.52484
103.7600,0.53595,0.45357,0.39677,0.55000,0.43301,10.0000,0.02511,1,0.52484
103.7800,0.53595,0.45357,0.39677,0.55000,0.43301,10.0000,0.02511,1,0.52484
103.8000,0.53595,0.45357,0.39677,0.55000,0.43301,10.0000,0.02511,1,0.52484
103.8200,0.53595,0.45357,0.39677,0.55000,0.43301,10.0000,0.02511,1,0.52484
103.8400,0.53595,0.45357,0.39677,0.55000,0.43301,10.0000,0.02511,1,0.52484
103.8600,0.53595,0.45357,0.39677,0.55000,0.43301,10.0000,0.02511,1,0.52484
103.8800,0.53595,0.45357,0.39677,0.55000,0.43301,10.0000,0.02511,1,0.52484
103.9000,0.53595,0.45357,0.39677,0.55000,0.43301,10.0000,0.02511,1,0.52484
103.9200,0.53595,0.45357,0.39677,0.55000,0.43301,10.0000,0.02511,1,0.52484
103.9400,0.53595,0.45357,0.39677,0.55000,0.43301,10.0000,0.02511,1,0.52484
103.9600,0.53595,0.45357,0.39677,0.55000,0.43301,10.0000,0.02511,1,0.52484
103.9800,0.53595,0.45357,0.39677,0.55000,0.43301,10.0000,0.02511,1,0.52485
104.0000,0.53595,0.45358,0.39677,0.55000,0.43301,10.0000,0.02511,1,0.52485
104.0200,0.53595,0.45358,0.39677,0.55000,0.43301,10.0000,0.02511,1,0.52485
104.0400,0.53595,0.45358,0.39677,0.55000,0.43301,10.0000,0.02511,1,0.52485
104.0600,0.53595,0.45358,0.39677,0.55000,0.43301,10.0000,0.02511,1,0.52485
104.0800,0.53595,0.45358,0.39677,0.55000,0.43301,10.0000,0.02511,1,0.52485
104.1000,0.53595,0.45358,0.39677,0.55000,0.43301,10.0000,0.02511,1,0.52485
104.1200,0.53595,0.45358,0.39676,0.55000,0.43301,10.0000,0.02512,1,0.52485
104.1400,0.53595,0.45358,0.39676,0.55000,0.43301,10.0000,0.02512,1,0.52485
104.1600,0.53595,0.45358,0.39676,0.55000,0.43301,10.0000,0.02512,1,0.52485
104.1800,0.53595,0.45358,0.39676,0.55000,0.43301,10.0000,0.02512,1,0.52485
104.2000,0.53595,0.45358,0.39676,0.55000,0.43301,10.0000,0.02512,1,0.52485
104.2200,0.53595,0.45358,0.39676,0.55000,0.43301,10.0000,0.02512,1,0.52485
104.2400,0.53595,0.45358,0.39676,0.55000,0.43301,10.0000,0.02512,1,0.52485
104.2600,0.53595,0.45358,0.39676,0.55000,0.43301,10.0000,0.02512,1,0.52485
104.2800,0.53595,0.45358,0.39676,0.55000,0.43301,10.0000,0.02512,1,0.52485
104.3000,0.53595,0.45358,0.39676,0.55000,0.43301,10.0000,0.02512,1,0.52485
104.3200,0.53595,0.45358,0.39676,0.55000,0.43301,10.0000,0.02512,1,0.52485
104.3400,0.53595,0.45358,0.39676,0.55000,0.43301,10.0000,0.02512,1,0.52485
104.3600,0.53595,0.45358,0.39676,0.55000,0.43301,10.0000,0.02512,1,0.52485
104.3800,0.53595,0.45358,0.39676,0.55000,0.43301,10.0000,0.02512,1,0.52485
104.4000,0.53595,0.45359,0.39676,0.55000,0.43301,10.0000,0.02512,1,0.52485
104.4200,0.53595,0.45359,0.39676,0.55000,0.43301,10.0000,0.02512,1,0.52485
104.4400,0.53595,0.45359,0.39676,0.55000,0.43301,10.0000,0.02512,1,0.52485
104.4600,0.53595,0.45359,0.39676,0.55000,0.43301,10.0000,0.02512,1,0.52485
104.4800,0.53595,0.45359,0.39676,0.55000,0.43301,10.0000,0.02512,1,0.52486
104.5000,0.53595,0.45359,0.39676,0.55000,0.43301,10.0000,0.02512,1,0.52486
104.5200,0.53595,0.45359,0.39676,0.55000,0.43301,10.0000,0.02512,1,0.52486
104.5400,0.53595,0.45359,0.39676,0.55000,0.43301,10.0000,0.02512,1,0.52486
104.5600,0.53595,0.45359,0.39676,0.55000,0.43301,10.0000,0.02512,1,0.52486
104.5800,0.53595,0.45359,0.39676,0.55000,0.43301,10.0000,0.02512,1,0.52486
104.6000,0.53595,0.45359,0.39676,0.55000,0.43301,10.0000,0.02512,1,0.52486
104.6200,0.53595,0.45359,0.39676,0.55000,0.43301,10.0000,0.02513,1,0.52486
104.6400,0.53595,0.45359,0.39676,0.55000,0.43301,10.0000,0.02513,1,0.52486
104.6600,0.53595,0.45359,0.39676,0.55000,0.43301,10.0000,0.02513,1,0.52486
104.6800,0.53595,0.45359,0.39676,0.55000,0.43301,10.0000,0.02513,1,0.52486
104.7000,0.53595,0.45359,0.39676,0.55000,0.43301,10.0000,0.02513,1,0.52486
104.7200,0.53595,0.45359,0.39676,0.55000,0.43301,10.0000,0.02513,1,0.52486
104.7400,0.53595,0.45359,0.39676,0.55000,0.43301,10.0000,0.02513,1,0.52486
104.7600,0.53595,0.45359,0.39676,0.55000,0.43301,10.0000,0.02513,1,0.52486
104.7800,0.53595,0.45359,0.39676,0.55000,0.43301,10.0000,0.02513,1,0.52486
104.8000,0.53595,0.45359,0.39676,0.55000,0.43301,10.0000,0.02513,1,0.52486
104.8200,0.53595,0.45360,0.39676,0.55000,0.43301,10.0000,0.02513,1,0.52486
104.8400,0.53595,0.45360,0.39676,0.55000,0.43301,10.0000,0.02513,1,0.52486
104.8600,0.53595,0.45360,0.39676,0.55000,0.43301,10.0000,0.02513,1,0.52486
104.8800,0.53595,0.45360,0.39676,0.55000,0.43301,10.0000,0.02513,1,0.52486
104.9000,0.53595,0.45360,0.39676,0.55000,0.43301,10.0000,0.02513,1,0.52486
104.9200,0.53595,0.45360,0.39676,0.55000,0.43301,10.0000,0.02513,1,0.52486
104.9400,0.53595,0.45360,0.39676,0.55000,0.43301,10.0000,0.02513,1,0.52486
104.9600,0.53595,0.45360,0.39676,0.55000,0.43301,10.0000,0.02513,1,0.52486
104.9800,0.53595,0.45360,0.39676,0.55000,0.43301,10.0000,0.02513,1,0.52486
105.0000,0.53595,0.45360,0.39676,0.55000,0.43301,10.0000,0.02513,1,0.52487
105.0200,0.53595,0.45360,0.39676,0.55000,0.43301,10.0000,0.02513,1,0.52487
105.0400,0.53595,0.45360,0.39676,0.55000,0.43301,10.0000,0.02513,1,0.52487
105.0600,0.53595,0.45360,0.39676,0.55000,0.43301,10.0000,0.02513,1,0.52487
105.0800,0.53595,0.45360,0.39676,0.55000,0.43301,10.0000,0.02513,1,0.52487
105.1000,0.53595,0.45360,0.39676,0.55000,0.43301,10.0000,0.02513,1,0.52487
105.1200,0.53595,0.45360,0.39676,0.55000,0.43301,10.0000,0.02513,1,0.52487
105.1400,0.53595,0.45360,0.39676,0.55000,0.43301,10.0000,0.02514,1,0.52487
105.1600,0.53595,0.45360,0.39676,0.55000,0.43301,10.0000,0.02514,1,0.52487
105.1800,0.53595,0.45360,0.39676,0.55000,0.43301,10.0000,0.02514,1,0.52487
105.2000,0.53595,0.45360,0.39676,0.55000,0.43301,10.0000,0.02514,1,0.52487
105.2200,0.53595,0.45361,0.39676,0.55000,0.43301,10.0000,0.02514,1,0.52487
105.2400,0.53595,0.45361,0.39676,0.55000,0.43301,10.0000,0.02514,1,0.52487
105.2600,0.53595,0.45361,0.39676,0.55000,0.43301,9.9999,0.02514,1,0.52487
105.2800,0.53595,0.45361,0.39676,0.55000,0.43301,9.9999,0.02514,1,0.52487
105.3000,0.53595,0.45361,0.39676,0.55000,0.43301,9.9999,0.02514,1,0.52487
105.3200,0.53595,0.45361,0.39676,0.55000,0.43301,9.9999,0.02514,1,0.52487
105.3400,0.53595,0.45361,0.39676,0.55000,0.43301,9.9999,0.02514,1,0.52487
105.3600,0.53595,0.45361,0.39676,0.55000,0.43301,9.9999,0.02514,1,0.52487
105.3800,0.53595,0.45361,0.39675,0.55000,0.43301,9.9999,0.02514,1,0.52487
105.4000,0.53595,0.45361,0.39675,0.55000,0.43301,9.9999,0.02514,1,0.52487
105.4200,0.53596,0.45361,0.39675,0.55000,0.43301,9.9999,0.02514,1,0.52487
105.4400,0.53596,0.45361,0.39675,0.55000,0.43301,9.9999,0.02514,1,0.52487
105.4600,0.53596,0.45361,0.39675,0.55000,0.43301,9.9999,0.02514,1,0.52487
105.4800,0.53596,0.45361,0.39675,0.55000,0.43301,9.9999,0.02514,1,0.52487
105.5000,0.53596,0.45361,0.39675,0.55000,0.43301,9.9999,0.02514,1,0.52488
105.5200,0.53596,0.45361,0.39675,0.55000,0.43301,9.9999,0.02514,1,0.52488
105.5400,0.53596,0.45361,0.39675,0.55000,0.43301,9.9999,0.02514,1,0.52488
105.5600,0.53596,0.45361,0.39675,0.55000,0.43301,9.9999,0.02514,1,0.52488
105.5800,0.53596,0.45361,0.39675,0.55000,0.43301,9.9999,0.02514,1,0.52488
105.6000,0.53596,0.45361,0.39675,0.55000,0.43301,9.9999,0.02514,1,0.52488
105.6200,0.53596,0.45361,0.39675,0.55000,0.43301,9.9999,0.02514,1,0.52488
105.6400,0.53596,0.45362,0.39675,0.55000,0.43301,9.9999,0.02514,1,0.52488
105.6600,0.53596,0.45362,0.39675,0.55000,0.43301,9.9999,0.02514,1,0.52488
105.6800,0.53596,0.45362,0.39675,0.55000,0.43301,9.9999,0.02515,1,0.52488
105.7000,0.53596,0.45362,0.39675,0.55000,0.43301,9.9999,0.02515,1,0.52488
105.7200,0.53596,0.45362,0.39675,0.55000,0.43301,9.9999,0.02515,1,0.52488
105.7400,0.53596,0.45362,0.39675,0.55000,0.43301,9.9999,0.02515,1,0.52488
105.7600,0.53596,0.45362,0.39675,0.55000,0.43301,9.9999,0.02515,1,0.52488
105.7800,0.53596,0.45362,0.39675,0.55000,0.43301,9.9999,0.02515,1,0.52488
105.8000,0.53596,0.45362,0.39675,0.55000,0.43301,9.9999,0.02515,1,0.52488
105.8200,0.53596,0.45362,0.39675,0.55000,0.43301,9.9999,0.02515,1,0.52488
105.8400,0.53596,0.45362,0.39675,0.55000,0.43301,9.9999,0.02515,1,0.52488
105.8600,0.53596,0.45362,0.39675,0.55000,0.43301,9.9999,0.02515,1,0.52488
105.8800,0.53596,0.45362,0.39675,0.55000,0.43301,9.9999,0.02515,1,0.52488
105.9000,0.53596,0.45362,0.39675,0.55000,0.43301,9.9999,0.02515,1,0.52488
105.9200,0.53596,0.45362,0.39675,0.55000,0.43301,9.9999,0.02515,1,0.52488
105.9400,0.53596,0.45362,0.39675,0.55000,0.43301,9.9999,0.02515,1,0.52488
105.9600,0.53596,0.45362,0.39675,0.55000,0.43301,9.9999,0.02515,1,0.52488
105.9800,0.53596,0.45362,0.39675,0.55000,0.43301,9.9999,0.02515,1,0.52488
106.0000,0.53596,0.45362,0.39675,0.55000,0.43301,9.9999,0.02515,1,0.52488
106.0200,0.53596,0.45362,0.39675,0.55000,0.43301,9.9999,0.02515,1,0.52488
106.0400,0.53596,0.45362,0.39675,0.55000,0.43301,9.9999,0.02515,1,0.52489
106.0600,0.53596,0.45363,0.39675,0.55000,0.43301,9.9999,0.02515,1,0.52489
106.0800,0.53596,0.45363,0.39675,0.55000,0.43301,9.9999,0.02515,1,0.52489
106.1000,0.53596,0.45363,0.39675,0.55000,0.43301,9.9999,0.02515,1,0.52489
106.1200,0.53596,0.45363,0.39675,0.55000,0.43301,9.9999,0.02515,1,0.52489
106.1400,0.53596,0.45363,0.39675,0.55000,0.43301,9.9999,0.02515,1,0.52489
106.1600,0.53596,0.45363,0.39675,0.55000,0.43301,9.9999,0.02515,1,0.52489
106.1800,0.53596,0.45363,0.39675,0.55000,0.43301,9.9999,0.02515,1,0.52489
106.2000,0.53596,0.45363,0.39675,0.55000,0.43301,9.9999,0.02515,1,0.52489
106.2200,0.53596,0.45363,0.39675,0.55000,0.43301,9.9999,0.02516,1,0.52489
106.2400,0.53596,0.45363,0.39675,0.55000,0.43301,9.9999,0.02516,1,0.52489
106.2600,0.53596,0.45363,0.39675,0.55000,0.43301,9.9999,0.02516,1,0.52489
106.2800,0.53596,0.45363,0.39675,0.55000,0.43301,9.9999,0.02516,1,0.52489
106.3000,0.53596,0.45363,0.39675,0.55000,0.43301,9.9999,0.02516,1,0.52489
106.3200,0.53596,0.45363,0.39675,0.55000,0.43301,9.9999,0.02516,1,0.52489
106.3400,0.53596,0.45363,0.39675,0.55000,0.43301,9.9999,0.02516,1,0.52489
106.3600,0.53596,0.45363,0.39675,0.55000,0.43301,9.9999,0.02516,1,0.52489
106.3800,0.53596,0.45363,0.39675,0.55000,0.43301,9.9999,0.02516,1,0.52489
106.4000,0.53596,0.45363,0.39675,0.55000,0.43301,9.9999,0.02516,1,0.52489
106.4200,0.53596,0.45363,0.39675,0.55000,0.43301,9.9999,0.02516,1,0.52489
106.4400,0.53596,0.45363,0.39675,0.55000,0.43301,9.9999,0.02516,1,0.52489
106.4600,0.53596,0.45363,0.39675,0.55000,0.43301,9.9999,0.02516,1,0.52489
106.4800,0.53596,0.45363,0.39675,0.55000,0.43301,9.9999,0.02516,1,0.52489
106.5000,0.53596,0.45364,0.39675,0.55000,0.43301,9.9999,0.02516,1,0.52489
106.5200,0.53596,0.45364,0.39675,0.55000,0.43301,9.9999,0.02516,1,0.52489
106.5400,0.53596,0.45364,0.39675,0.55000,0.43301,9.9999,0.02516,1,0.52489
106.5600,0.53596,0.45364,0.39675,0.55000,0.43301,9.9999,0.02516,1,0.52489
106.5800,0.53596,0.45364,0.39675,0.55000,0.43301,9.9999,0.02516,1,0.52490
106.6000,0.53596,0.45364,0.39675,0.55000,0.43301,9.9999,0.02516,1,0.52490
106.6200,0.53596,0.45364,0.39675,0.55000,0.43301,9.9999,0.02516,1,0.52490
106.6400,0.53596,0.45364,0.39675,0.55000,0.43301,9.9999,0.02516,1,0.52490
106.6600,0.53596,0.45364,0.39675,0.55000,0.43301,9.9999,0.02516,1,0.52490
106.6800,0.53596,0.45364,0.39675,0.55000,0.43301,9.9999,0.02516,1,0.52490
106.7000,0.53596,0.45364,0.39675,0.55000,0.43301,9.9999,0.02516,1,0.52490
106.7200,0.53596,0.45364,0.39674,0.55000,0.43301,9.9999,0.02516,1,0.52490
106.7400,0.53596,0.45364,0.39674,0.55000,0.43301,9.9999,0.02516,1,0.52490
106.7600,0.53596,0.45364,0.39674,0.55000,0.43301,9.9999,0.02517,1,0.52490
106.7800,0.53596,0.45364,0.39674,0.55000,0.43301,9.9999,0.02517,1,0.52490
106.8000,0.53596,0.45364,0.39674,0.55000,0.43301,9.9999,0.02517,1,0.52490
106.8200,0.53596,0.45364,0.39674,0.55000,0.43301,9.9999,0.02517,1,0.52490
106.8400,0.53596,0.45364,0.39674,0.55000,0.43301,9.9999,0.02517,1,0.52490
106.8600,0.53596,0.45364,0.39674,0.55000,0.43301,9.9999,0.02517,1,0.52490
106.8800,0.53596,0.45364,0.39674,0.55000,0.43301,9.9999,0.02517,1,0.52490
106.9000,0.53596,0.45364,0.39674,0.55000,0.43301,9.9999,0.02517,1,0.52490
106.9200,0.53596,0.45365,0.39674,0.55000,0.43301,9.9999,0.02517,1,0.52490
106.9400,0.53596,0.45365,0.39674,0.55000,0.43301,9.9999,0.02517,1,0.52490
106.9600,0.53596,0.45365,0.39674,0.55000,0.43301,9.9999,0.02517,1,0.52490
106.9800,0.53596,0.45365,0.39674,0.55000,0.43301,9.9999,0.02517,1,0.52490
107.0000,0.53596,0.45365,0.39674,0.55000,0.43301,9.9999,0.02517,1,0.52490
107.0200,0.53596,0.45365,0.39674,0.55000,0.43301,9.9999,0.02517,1,0.52490
107.0400,0.53596,0.45365,0.39674,0.55000,0.43301,9.9999,0.02517,1,0.52490
107.0600,0.53596,0.45365,0.39674,0.55000,0.43301,9.9999,0.02517,1,0.52490
107.0800,0.53596,0.45365,0.39674,0.55000,0.43301,9.9999,0.02517,1,0.52490
107.1000,0.53596,0.45365,0.39674,0.55000,0.43301,9.9999,0.02517,1,0.52490
107.1200,0.53596,0.45365,0.39674,0.55000,0.43301,9.9999,0.02517,1,0.52491
107.1400,0.53596,0.45365,0.39674,0.55000,0.43301,9.9999,0.02517,1,0.52491
107.1600,0.53596,0.45365,0.39674,0.55000,0.43301,9.9999,0.02517,1,0.52491
107.1800,0.53596,0.45365,0.39674,0.55000,0.43301,9.9999,0.02517,1,0.52491
107.2000,0.53596,0.45365,0.39674,0.55000,0.43301,9.9999,0.02517,1,0.52491
107.2200,0.53596,0.45365,0.39674,0.55000,0.43301,9.9999,0.02517,1,0.52491
107.2400,0.53596,0.45365,0.39674,0.55000,0.43301,9.9999,0.02517,1,0.52491
107.2600,0.53596,0.45365,0.39674,0.55000,0.43301,9.9999,0.02517,1,0.52491
107.2800,0.53596,0.45365,0.39674,0.55000,0.43301,9.9999,0.02517,1,0.52491
107.3000,0.53596,0.45365,0.39674,0.55000,0.43301,9.9999,0.02517,1,0.52491
107.3200,0.53596,0.45365,0.39674,0.55000,0.43301,9.9999,0.02518,1,0.52491
107.3400,0.53596,0.45365,0.39674,0.55000,0.43301,9.9999,0.02518,1,0.52491
107.3600,0.53596,0.45366,0.39674,0.55000,0.43301,9.9999,0.02518,1,0.52491
107.3800,0.53596,0.45366,0.39674,0.55000,0.43301,9.9999,0.02518,1,0.52491
107.4000,0.53596,0.45366,0.39674,0.55000,0.43301,9.9999,0.02518,1,0.52491
107.4200,0.53596,0.45366,0.39674,0.55000,0.43301,9.9999,0.02518,1,0.52491
107.4400,0.53596,0.45366,0.39674,0.55000,0.43301,9.9999,0.02518,1,0.52491
107.4600,0.53596,0.45366,0.39674,0.55000,0.43301,9.9999,0.02518,1,0.52491
107.4800,0.53596,0.45366,0.39674,0.55000,0.43301,9.9999,0.02518,1,0.52491
107.5000,0.53596,0.45366,0.39674,0.55000,0.43301,9.9999,0.02518,1,0.52491
107.5200,0.53596,0.45366,0.39674,0.55000,0.43301,9.9999,0.02518,1,0.52491
107.5400,0.53596,0.45366,0.39674,0.55000,0.43301,9.9999,0.02518,1,0.52491
107.5600,0.53596,0.45366,0.39674,0.55000,0.43301,9.9999,0.02518,1,0.52491
107.5800,0.53596,0.45366,0.39674,0.55000,0.43301,9.9999,0.02518,1,0.52491
107.6000,0.53596,0.45366,0.39674,0.55000,0.43301,9.9999,0.02518,1,0.52491
107.6200,0.53596,0.45366,0.39674,0.55000,0.43301,9.9999,0.02518,1,0.52491
107.6400,0.53596,0.45366,0.39674,0.55000,0.43301,9.9999,0.02518,1,0.52491
107.6600,0.53596,0.45366,0.39674,0.55000,0.43301,9.9999,0.02518,1,0.52491
107.6800,0.53596,0.45366,0.39674,0.55000,0.43301,9.9999,0.02518,1,0.52492
107.7000,0.53596,0.45366,0.39674,0.55000,0.43301,9.9999,0.02518,1,0.52492
107.7200,0.53596,0.45366,0.39674,0.55000,0.43301,9.9999,0.02518,1,0.52492
107.7400,0.53596,0.45366,0.39674,0.55000,0.43301,9.9999,0.02518,1,0.52492
107.7600,0.53596,0.45366,0.39674,0.55000,0.43301,9.9999,0.02518,1,0.52492
107.7800,0.53596,0.45366,0.39674,0.55000,0.43301,9.9999,0.02518,1,0.52492
107.8000,0.53596,0.45367,0.39674,0.55000,0.43301,9.9999,0.02518,1,0.52492
107.8200,0.53596,0.45367,0.39674,0.55000,0.43301,9.9999,0.02518,1,0.52492
107.8400,0.53596,0.45367,0.39674,0.55000,0.43301,9.9999,0.02518,1,0.52492
107.8600,0.53596,0.45367,0.39674,0.55000,0.43301,9.9999,0.02518,1,0.52492
107.8800,0.53596,0.45367,0.39674,0.55000,0.43301,9.9999,0.02518,1,0.52492
107.9000,0.53596,0.45367,0.39674,0.55000,0.43301,9.9999,0.02519,1,0.52492
107.9200,0.53596,0.45367,0.39674,0.55000,0.43301,9.9999,0.02519,1,0.52492
107.9400,0.53596,0.45367,0.39674,0.55000,0.43301,9.9999,0.02519,1,0.52492
107.9600,0.53596,0.45367,0.39674,0.55000,0.43301,9.9999,0.02519,1,0.52492
107.9800,0.53596,0.45367,0.39674,0.55000,0.43301,9.9999,0.02519,1,0.52492
108.0000,0.53596,0.45367,0.39674,0.55000,0.43301,9.9999,0.02519,1,0.52492
108.0200,0.53596,0.45367,0.39674,0.55000,0.43301,9.9999,0.02519,1,0.52492
108.0400,0.53596,0.45367,0.39674,0.55000,0.43301,9.9999,0.02519,1,0.52492
108.0600,0.53596,0.45367,0.39674,0.55000,0.43301,9.9999,0.02519,1,0.52492
108.0800,0.53596,0.45367,0.39674,0.55000,0.43301,9.9999,0.02519,1,0.52492
108.1000,0.53596,0.45367,0.39674,0.55000,0.43301,9.9999,0.02519,1,0.52492
108.1200,0.53596,0.45367,0.39674,0.55000,0.43301,9.9999,0.02519,1,0.52492
108.1400,0.53596,0.45367,0.39673,0.55000,0.43301,9.9999,0.02519,1,0.52492
108.1600,0.53596,0.45367,0.39673,0.55000,0.43301,9.9999,0.02519,1,0.52492
108.1800,0.53596,0.45367,0.39673,0.55000,0.43301,9.9999,0.02519,1,0.52492
108.2000,0.53596,0.45367,0.39673,0.55000,0.43301,9.9999,0.02519,1,0.52492
108.2200,0.53596,0.45367,0.39673,0.55000,0.43301,9.9999,0.02519,1,0.52492
108.2400,0.53596,0.45368,0.39673,0.55000,0.43301,9.9999,0.02519,1,0.52493
108.2600,0.53596,0.45368,0.39673,0.55000,0.43301,9.9999,0.02519,1,0.52493
108.2800,0.53596,0.45368,0.39673,0.55000,0.43301,9.9999,0.02519,1,0.52493
108.3000,0.53597,0.45368,0.39673,0.55000,0.43301,9.9999,0.02519,1,0.52493
108.3200,0.53597,0.45368,0.39673,0.55000,0.43301,9.9999,0.02519,1,0.52493
108.3400,0.53597,0.45368,0.39673,0.55000,0.43301,9.9999,0.02519,1,0.52493
108.3600,0.53597,0.45368,0.39673,0.55000,0.43301,9.9999,0.02519,1,0.52493
108.3800,0.53597,0.45368,0.39673,0.55000,0.43301,9.9999,0.02519,1,0.52493
108.4000,0.53597,0.45368,0.39673,0.55000,0.43301,9.9999,0.02519,1,0.52493
108.4200,0.53597,0.45368,0.39673,0.55000,0.43301,9.9999,0.02519,1,0.52493
108.4400,0.53597,0.45368,0.39673,0.55000,0.43301,9.9999,0.02519,1,0.52493
108.4600,0.53597,0.45368,0.39673,0.55000,0.43301,9.9999,0.02519,1,0.52493
108.4800,0.53597,0.45368,0.39673,0.55000,0.43301,9.9999,0.02520,1,0.52493
108.5000,0.53597,0.45368,0.39673,0.55000,0.43301,9.9999,0.02520,1,0.52493
108.5200,0.53597,0.45368,0.39673,0.55000,0.43301,9.9999,0.02520,1,0.52493
108.5400,0.53597,0.45368,0.39673,0.55000,0.43301,9.9999,0.02520,1,0.52493
108.5600,0.53597,0.45368,0.39673,0.55000,0.43301,9.9999,0.02520,1,0.52493
108.5800,0.53597,0.45368,0.39673,0.55000,0.43301,9.9999,0.02520,1,0.52493
108.6000,0.53597,0.45368,0.39673,0.55000,0.43301,9.9999,0.02520,1,0.52493
108.6200,0.53597,0.45368,0.39673,0.55000,0.43301,9.9999,0.02520,1,0.52493
108.6400,0.53597,0.45368,0.39673,0.55000,0.43301,9.9999,0.02520,1,0.52493
108.6600,0.53597,0.45368,0.39673,0.55000,0.43301,9.9999,0.02520,1,0.52493
108.6800,0.53597,0.45369,0.39673,0.55000,0.43301,9.9999,0.02520,1,0.52493
108.7000,0.53597,0.45369,0.39673,0.55000,0.43301,9.9999,0.02520,1,0.52493
108.7200,0.53597,0.45369,0.39673,0.55000,0.43301,9.9999,0.02520,1,0.52493
108.7400,0.53597,0.45369,0.39673,0.55000,0.43301,9.9999,0.02520,1,0.52493
108.7600,0.53597,0.45369,0.39673,0.55000,0.43301,9.9999,0.02520,1,0.52493
108.7800,0.53597,0.45369,0.39673,0.55000,0.43301,9.9999,0.02520,1,0.52493
108.8000,0.53597,0.45369,0.39673,0.55000,0.43301,9.9999,0.02520,1,0.52493
108.8200,0.53597,0.45369,0.39673,0.55000,0.43301,9.9999,0.02520,1,0.52494
108.8400,0.53597,0.45369,0.39673,0.55000,0.43301,9.9999,0.02520,1,0.52494
108.8600,0.53597,0.45369,0.39673,0.55000,0.43301,9.9999,0.02520,1,0.52494
108.8800,0.53597,0.45369,0.39673,0.55000,0.43301,9.9999,0.02520,1,0.52494
108.9000,0.53597,0.45369,0.39673,0.55000,0.43301,9.9999,0.02520,1,0.52494
108.9200,0.53597,0.45369,0.39673,0.55000,0.43301,9.9999,0.02520,1,0.52494
108.9400,0.53597,0.45369,0.39673,0.55000,0.43301,9.9999,0.02520,1,0.52494
108.9600,0.53597,0.45369,0.39673,0.55000,0.43301,9.9999,0.02520,1,0.52494
108.9800,0.53597,0.45369,0.39673,0.55000,0.43301,9.9999,0.02520,1,0.52494
109.0000,0.53597,0.45369,0.39673,0.55000,0.43301,9.9999,0.02520,1,0.52494
109.0200,0.53597,0.45369,0.39673,0.55000,0.43301,9.9999,0.02520,1,0.52494
109.0400,0.53597,0.45369,0.39673,0.55000,0.43301,9.9999,0.02520,1,0.52494
109.0600,0.53597,0.45369,0.39673,0.55000,0.43301,9.9999,0.02520,1,0.52494
109.0800,0.53597,0.45369,0.39673,0.55000,0.43301,9.9999,0.02521,1,0.52494
109.1000,0.53597,0.45369,0.39673,0.55000,0.43301,9.9999,0.02521,1,0.52494
109.1200,0.53597,0.45369,0.39673,0.55000,0.43301,9.9999,0.02521,1,0.52494
109.1400,0.53597,0.45370,0.39673,0.55000,0.43301,9.9999,0.02521,1,0.52494
109.1600,0.53597,0.45370,0.39673,0.55000,0.43301,9.9999,0.02521,1,0.52494
109.1800,0.53597,0.45370,0.39673,0.55000,0.43301,9.9999,0.02521,1,0.52494
109.2000,0.53597,0.45370,0.39673,0.55000,0.43301,9.9999,0.02521,1,0.52494
109.2200,0.53597,0.45370,0.39673,0.55000,0.43301,9.9999,0.02521,1,0.52494
109.2400,0.53597,0.45370,0.39673,0.55000,0.43301,9.9999,0.02521,1,0.52494
109.2600,0.53597,0.45370,0.39673,0.55000,0.43301,9.9999,0.02521,1,0.52494
109.2800,0.53597,0.45370,0.39673,0.55000,0.43301,9.9999,0.02521,1,0.52494
109.3000,0.53597,0.45370,0.39673,0.55000,0.43301,9.9999,0.02521,1,0.52494
109.3200,0.53597,0.45370,0.39673,0.55000,0.43301,9.9999,0.02521,1,0.52494
109.3400,0.53597,0.45370,0.39673,0.55000,0.43301,9.9999,0.02521,1,0.52494
109.3600,0.53597,0.45370,0.39673,0.55000,0.43301,9.9999,0.02521,1,0.52494
109.3800,0.53597,0.45370,0.39673,0.55000,0.43301,9.9999,0.02521,1,0.52494
109.4000,0.53597,0.45370,0.39673,0.55000,0.43301,9.9999,0.02521,1,0.52495
109.4200,0.53597,0.45370,0.39673,0.55000,0.43301,9.9999,0.02521,1,0.52495
109.4400,0.53597,0.45370,0.39673,0.55000,0.43301,9.9999,0.02521,1,0.52495
109.4600,0.53597,0.45370,0.39673,0.55000,0.43301,9.9999,0.02521,1,0.52495
109.4800,0.53597,0.45370,0.39673,0.55000,0.43301,9.9999,0.02521,1,0.52495
109.5000,0.53597,0.45370,0.39673,0.55000,0.43301,9.9999,0.02521,1,0.52495
109.5200,0.53597,0.45370,0.39673,0.55000,0.43301,9.9999,0.02521,1,0.52495
109.5400,0.53597,0.45370,0.39673,0.55000,0.43301,9.9999,0.02521,1,0.52495
109.5600,0.53597,0.45370,0.39673,0.55000,0.43301,9.9999,0.02521,1,0.52495
109.5800,0.53597,0.45370,0.39673,0.55000,0.43301,9.9999,0.02521,1,0.52495
109.6000,0.53597,0.45371,0.39673,0.55000,0.43301,9.9999,0.02521,1,0.52495
109.6200,0.53597,0.45371,0.39673,0.55000,0.43301,9.9999,0.02521,1,0.52495
109.6400,0.53597,0.45371,0.39673,0.55000,0.43301,9.9999,0.02521,1,0.52495
109.6600,0.53597,0.45371,0.39672,0.55000,0.43301,9.9999,0.02521,1,0.52495
109.6800,0.53597,0.45371,0.39672,0.55000,0.43301,9.9999,0.02522,1,0.52495
109.7000,0.53597,0.45371,0.39672,0.55000,0.43301,9.9999,0.02522,1,0.52495
109.7200,0.53597,0.45371,0.39672,0.55000,0.43301,9.9999,0.02522,1,0.52495
109.7400,0.53597,0.45371,0.39672,0.55000,0.43301,9.9999,0.02522,1,0.52495
109.7600,0.53597,0.45371,0.39672,0.55000,0.43301,9.9999,0.02522,1,0.52495
109.7800,0.53597,0.45371,0.39672,0.55000,0.43301,9.9999,0.02522,1,0.52495
109.8000,0.53597,0.45371,0.39672,0.55000,0.43301,9.9999,0.02522,1,0.52495
109.8200,0.53597,0.45371,0.39672,0.55000,0.43301,9.9999,0.02522,1,0.52495
109.8400,0.53597,0.45371,0.39672,0.55000,0.43301,9.9999,0.02522,1,0.52495
109.8600,0.53597,0.45371,0.39672,0.55000,0.43301,9.9999,0.02522,1,0.52495
109.8800,0.53597,0.45371,0.39672,0.55000,0.43301,9.9999,0.02522,1,0.52495
109.9000,0.53597,0.45371,0.39672,0.55000,0.43301,9.9999,0.02522,1,0.52495
109.9200,0.53597,0.45371,0.39672,0.55000,0.43301,9.9999,0.02522,1,0.52495
109.9400,0.53597,0.45371,0.39672,0.55000,0.43301,9.9999,0.02522,1,0.52495
109.9600,0.53597,0.45371,0.39672,0.55000,0.43301,9.9999,0.02522,1,0.52495
109.9800,0.53597,0.45371,0.39672,0.55000,0.43301,9.9999,0.02522,1,0.52495
110.0000,0.53597,0.45371,0.39672,0.55000,0.43301,9.9999,0.02522,1,0.52496
110.0200,0.53597,0.45371,0.39672,0.55000,0.43301,9.9999,0.02522,1,0.52496
110.0400,0.53597,0.45371,0.39672,0.55000,0.43301,9.9999,0.02522,1,0.52496
110.0600,0.53597,0.45372,0.39672,0.55000,0.43301,9.9999,0.02522,1,0.52496
110.0800,0.53597,0.45372,0.39672,0.55000,0.43301,9.9999,0.02522,1,0.52496
110.1000,0.53597,0.45372,0.39672,0.55000,0.43301,9.9999,0.02522,1,0.52496
110.1200,0.53597,0.45372,0.39672,0.55000,0.43301,9.9999,0.02522,1,0.52496
110.1400,0.53597,0.45372,0.39672,0.55000,0.43301,9.9999,0.02522,1,0.52496
110.1600,0.53597,0.45372,0.39672,0.55000,0.43301,9.9999,0.02522,1,0.52496
110.1800,0.53597,0.45372,0.39672,0.55000,0.43301,9.9999,0.02522,1,0.52496
110.2000,0.53597,0.45372,0.39672,0.55000,0.43301,9.9999,0.02522,1,0.52496
110.2200,0.53597,0.45372,0.39672,0.55000,0.43301,9.9999,0.02522,1,0.52496
110.2400,0.53597,0.45372,0.39672,0.55000,0.43301,9.9999,0.02522,1,0.52496
110.2600,0.53597,0.45372,0.39672,0.55000,0.43301,9.9999,0.02522,1,0.52496
110.2800,0.53597,0.45372,0.39672,0.55000,0.43301,9.9999,0.02522,1,0.52496
110.3000,0.53597,0.45372,0.39672,0.55000,0.43301,9.9999,0.02523,1,0.52496
110.3200,0.53597,0.45372,0.39672,0.55000,0.43301,9.9999,0.02523,1,0.52496
110.3400,0.53597,0.45372,0.39672,0.55000,0.43301,9.9999,0.02523,1,0.52496
110.3600,0.53597,0.45372,0.39672,0.55000,0.43301,9.9999,0.02523,1,0.52496
110.3800,0.53597,0.45372,0.39672,0.55000,0.43301,9.9999,0.02523,1,0.52496
110.4000,0.53597,0.45372,0.39672,0.55000,0.43301,9.9999,0.02523,1,0.52496
110.4200,0.53597,0.45372,0.39672,0.55000,0.43301,9.9999,0.02523,1,0.52496
110.4400,0.53597,0.45372,0.39672,0.55000,0.43301,9.9999,0.02523,1,0.52496
110.4600,0.53597,0.45372,0.39672,0.55000,0.43301,9.9999,0.02523,1,0.52496
110.4800,0.53597,0.45372,0.39672,0.55000,0.43301,9.9999,0.02523,1,0.52496
110.5000,0.53597,0.45372,0.39672,0.55000,0.43301,9.9999,0.02523,1,0.52496
110.5200,0.53597,0.45373,0.39672,0.55000,0.43301,9.9999,0.02523,1,0.52496
110.5400,0.53597,0.45373,0.39672,0.55000,0.43301,9.9999,0.02523,1,0.52496
110.5600,0.53597,0.45373,0.39672,0.55000,0.43301,9.9999,0.02523,1,0.52496
110.5800,0.53597,0.45373,0.39672,0.55000,0.43301,9.9999,0.02523,1,0.52496
110.6000,0.53597,0.45373,0.39672,0.55000,0.43301,9.9999,0.02523,1,0.52497
110.6200,0.53597,0.45373,0.39672,0.55000,0.43301,9.9999,0.02523,1,0.52497
110.6400,0.53597,0.45373,0.39672,0.55000,0.43301,9.9999,0.02523,1,0.52497
110.6600,0.53597,0.45373,0.39672,0.55000,0.43301,9.9999,0.02523,1,0.52497
110.6800,0.53597,0.45373,0.39672,0.55000,0.43301,9.9999,0.02523,1,0.52497
110.7000,0.53597,0.45373,0.39672,0.55000,0.43301,9.9999,0.02523,1,0.52497
110.7200,0.53597,0.45373,0.39672,0.55000,0.43301,9.9999,0.02523,1,0.52497
110.7400,0.53597,0.45373,0.39672,0.55000,0.43301,9.9999,0.02523,1,0.52497
110.7600,0.53597,0.45373,0.39672,0.55000,0.43301,9.9999,0.02523,1,0.52497
110.7800,0.53597,0.45373,0.39672,0.55000,0.43301,9.9999,0.02523,1,0.52497
110.8000,0.53598,0.45373,0.39672,0.55000,0.43301,9.9999,0.02523,1,0.52497
110.8200,0.53598,0.45373,0.39672,0.55000,0.43301,9.9999,0.02523,1,0.52497
110.8400,0.53598,0.45373,0.39672,0.55000,0.43301,9.9999,0.02523,1,0.52497
110.8600,0.53598,0.45373,0.39672,0.55000,0.43301,9.9999,0.02523,1,0.52497
110.8800,0.53598,0.45373,0.39672,0.55000,0.43301,9.9999,0.02523,1,0.52497
110.9000,0.53598,0.45373,0.39672,0.55000,0.43301,9.9999,0.02523,1,0.52497
110.9200,0.53598,0.45373,0.39672,0.55000,0.43301,9.9999,0.02524,1,0.52497
110.9400,0.53598,0.45373,0.39672,0.55000,0.43301,9.9999,0.02524,1,0.52497
110.9600,0.53598,0.45373,0.39672,0.55000,0.43301,9.9999,0.02524,1,0.52497
110.9800,0.53598,0.45373,0.39672,0.55000,0.43301,9.9999,0.02524,1,0.52497
111.0000,0.53598,0.45374,0.39672,0.55000,0.43301,9.9999,0.02524,1,0.52497
111.0200,0.53598,0.45374,0.39672,0.55000,0.43301,9.9999,0.02524,1,0.52497
111.0400,0.53598,0.45374,0.39672,0.55000,0.43301,9.9999,0.02524,1,0.52497
111.0600,0.53598,0.45374,0.39672,0.55000,0.43301,9.9999,0.02524,1,0.52497
111.0800,0.53598,0.45374,0.39672,0.55000,0.43301,9.9999,0.02524,1,0.52497
111.1000,0.53598,0.45374,0.39672,0.55000,0.43301,9.9999,0.02524,1,0.52497
111.1200,0.53598,0.45374,0.39672,0.55000,0.43301,9.9999,0.02524,1,0.52497
111.1400,0.53598,0.45374,0.39672,0.55000,0.43301,9.9999,0.02524,1,0.52497
111.1600,0.53598,0.45374,0.39672,0.55000,0.43301,9.9999,0.02524,1,0.52497
111.1800,0.53598,0.45374,0.39672,0.55000,0.43301,9.9999,0.02524,1,0.52497
111.2000,0.53598,0.45374,0.39672,0.55000,0.43301,9.9999,0.02524,1,0.52497
111.2200,0.53598,0.45374,0.39672,0.55000,0.43301,9.9999,0.02524,1,0.52498
111.2400,0.53598,0.45374,0.39672,0.55000,0.43301,9.9999,0.02524,1,0.52498
111.2600,0.53598,0.45374,0.39672,0.55000,0.43301,9.9999,0.02524,1,0.52498
111.2800,0.53598,0.45374,0.39671,0.55000,0.43301,9.9999,0.02524,1,0.52498
111.3000,0.53598,0.45374,0.39671,0.55000,0.43301,9.9999,0.02524,1,0.52498
111.3200,0.53598,0.45374,0.39671,0.55000,0.43301,9.9999,0.02524,1,0.52498
111.3400,0.53598,0.45374,0.39671,0.55000,0.43301,9.9999,0.02524,1,0.52498
111.3600,0.53598,0.45374,0.39671,0.55000,0.43301,9.9999,0.02524,1,0.52498
111.3800,0.53598,0.45374,0.39671,0.55000,0.43301,9.9999,0.02524,1,0.52498
111.4000,0.53598,0.45374,0.39671,0.55000,0.43301,9.9999,0.02524,1,0.52498
111.4200,0.53598,0.45374,0.39671,0.55000,0.43301,9.9999,0.02524,1,0.52498
111.4400,0.53598,0.45374,0.39671,0.55000,0.43301,9.9999,0.02524,1,0.52498
111.4600,0.53598,0.45374,0.39671,0.55000,0.43301,9.9999,0.02524,1,0.52498
111.4800,0.53598,0.45375,0.39671,0.55000,0.43301,9.9999,0.02524,1,0.52498
111.5000,0.53598,0.45375,0.39671,0.55000,0.43301,9.9999,0.02524,1,0.52498
111.5200,0.53598,0.45375,0.39671,0.55000,0.43301,9.9999,0.02524,1,0.52498
111.5400,0.53598,0.45375,0.39671,0.55000,0.43301,9.9999,0.02524,1,0.52498
111.5600,0.53598,0.45375,0.39671,0.55000,0.43301,9.9999,0.02525,1,0.52498
111.5800,0.53598,0.45375,0.39671,0.55000,0.43301,9.9999,0.02525,1,0.52498
111.6000,0.53598,0.45375,0.39671,0.55000,0.43301,9.9999,0.02525,1,0.52498
111.6200,0.53598,0.45375,0.39671,0.55000,0.43301,9.9999,0.02525,1,0.52498
111.6400,0.53598,0.45375,0.39671,0.55000,0.43301,9.9999,0.02525,1,0.52498
111.6600,0.53598,0.45375,0.39671,0.55000,0.43301,9.9999,0.02525,1,0.52498
111.6800,0.53598,0.45375,0.39671,0.55000,0.43301,9.9999,0.02525,1,0.52498
111.7000,0.53598,0.45375,0.39671,0.55000,0.43301,9.9999,0.02525,1,0.52498
111.7200,0.53598,0.45375,0.39671,0.55000,0.43301,9.9999,0.02525,1,0.52498
111.7400,0.53598,0.45375,0.39671,0.55000,0.43301,9.9999,0.02525,1,0.52498
111.7600,0.53598,0.45375,0.39671,0.55000,0.43301,9.9999,0.02525,1,0.52498
111.7800,0.53598,0.45375,0.39671,0.55000,0.43301,9.9999,0.02525,1,0.52498
111.8000,0.53598,0.45375,0.39671,0.55000,0.43301,9.9999,0.02525,1,0.52498
111.8200,0.53598,0.45375,0.39671,0.55000,0.43301,9.9999,0.02525,1,0.52498
111.8400,0.53598,0.45375,0.39671,0.55000,0.43301,9.9999,0.02525,1,0.52498
111.8600,0.53598,0.45375,0.39671,0.55000,0.43301,9.9999,0.02525,1,0.52499
111.8800,0.53598,0.45375,0.39671,0.55000,0.43301,9.9999,0.02525,1,0.52499
111.9000,0.53598,0.45375,0.39671,0.55000,0.43301,9.9999,0.02525,1,0.52499
111.9200,0.53598,0.45375,0.39671,0.55000,0.43301,9.9999,0.02525,1,0.52499
111.9400,0.53598,0.45375,0.39671,0.55000,0.43301,9.9999,0.02525,1,0.52499
111.9600,0.53598,0.45376,0.39671,0.55000,0.43301,9.9999,0.02525,1,0.52499
111.9800,0.53598,0.45376,0.39671,0.55000,0.43301,9.9999,0.02525,1,0.52499
112.0000,0.53598,0.45376,0.39671,0.55000,0.43301,9.9999,0.02525,1,0.52499
112.0200,0.53598,0.45376,0.39671,0.55000,0.43301,9.9999,0.02525,1,0.52499
112.0400,0.53598,0.45376,0.39671,0.55000,0.43301,9.9999,0.02525,1,0.52499
112.0600,0.53598,0.45376,0.39671,0.55000,0.43301,9.9999,0.02525,1,0.52499
112.0800,0.53598,0.45376,0.39671,0.55000,0.43301,9.9999,0.02525,1,0.52499
112.1000,0.53598,0.45376,0.39671,0.55000,0.43301,9.9999,0.02525,1,0.52499
112.1200,0.53598,0.45376,0.39671,0.55000,0.43301,9.9999,0.02525,1,0.52499
112.1400,0.53598,0.45376,0.39671,0.55000,0.43301,9.9999,0.02525,1,0.52499
112.1600,0.53598,0.45376,0.39671,0.55000,0.43301,9.9999,0.02525,1,0.52499
112.1800,0.53598,0.45376,0.39671,0.55000,0.43301,9.9999,0.02525,1,0.52499
112.2000,0.53598,0.45376,0.39671,0.55000,0.43301,9.9999,0.02525,1,0.52499
112.2200,0.53598,0.45376,0.39671,0.55000,0.43301,9.9999,0.02526,1,0.52499
112.2400,0.53598,0.45376,0.39671,0.55000,0.43301,9.9999,0.02526,1,0.52499
112.2600,0.53598,0.45376,0.39671,0.55000,0.43301,9.9999,0.02526,1,0.52499
112.2800,0.53598,0.45376,0.39671,0.55000,0.43301,9.9999,0.02526,1,0.52499
112.3000,0.53598,0.45376,0.39671,0.55000,0.43301,9.9999,0.02526,1,0.52499
112.3200,0.53598,0.45376,0.39671,0.55000,0.43301,9.9999,0.02526,1,0.52499
112.3400,0.53598,0.45376,0.39671,0.55000,0.43301,9.9999,0.02526,1,0.52499
112.3600,0.53598,0.45376,0.39671,0.55000,0.43301,9.9999,0.02526,1,0.52499
112.3800,0.53598,0.45376,0.39671,0.55000,0.43301,9.9999,0.02526,1,0.52499
112.4000,0.53598,0.45376,0.39671,0.55000,0.43301,9.9999,0.02526,1,0.52499
112.4200,0.53598,0.45376,0.39671,0.55000,0.43301,9.9999,0.02526,1,0.52499
112.4400,0.53598,0.45377,0.39671,0.55000,0.43301,9.9999,0.02526,1,0.52499
112.4600,0.53598,0.45377,0.39671,0.55000,0.43301,9.9999,0.02526,1,0.52499
112.4800,0.53598,0.45377,0.39671,0.55000,0.43301,9.9999,0.02526,1,0.52499
112.5000,0.53598,0.45377,0.39671,0.55000,0.43301,9.9999,0.02526,1,0.52500
112.5200,0.53598,0.45377,0.39671,0.55000,0.43301,9.9999,0.02526,1,0.52500
112.5400,0.53598,0.45377,0.39671,0.55000,0.43301,9.9999,0.02526,1,0.52500
112.5600,0.53598,0.45377,0.39671,0.55000,0.43301,9.9999,0.02526,1,0.52500
112.5800,0.53598,0.45377,0.39671,0.55000,0.43301,9.9999,0.02526,1,0.52500
112.6000,0.53598,0.45377,0.39671,0.55000,0.43301,9.9999,0.02526,1,0.52500
112.6200,0.53598,0.45377,0.39671,0.55000,0.43301,9.9999,0.02526,1,0.52500
112.6400,0.53598,0.45377,0.39671,0.55000,0.43301,9.9999,0.02526,1,0.52500
112.6600,0.53598,0.45377,0.39671,0.55000,0.43301,9.9999,0.02526,1,0.52500
112.6800,0.53598,0.45377,0.39671,0.55000,0.43301,9.9999,0.02526,1,0.52500
112.7000,0.53598,0.45377,0.39671,0.55000,0.43301,9.9999,0.02526,1,0.52500
112.7200,0.53598,0.45377,0.39671,0.55000,0.43301,9.9999,0.02526,1,0.52500
112.7400,0.53598,0.45377,0.39671,0.55000,0.43301,9.9999,0.02526,1,0.52500
112.7600,0.53598,0.45377,0.39671,0.55000,0.43301,9.9999,0.02526,1,0.52500
112.7800,0.53598,0.45377,0.39671,0.55000,0.43301,9.9999,0.02526,1,0.52500
112.8000,0.53598,0.45377,0.39671,0.55000,0.43301,9.9999,0.02526,1,0.52500
112.8200,0.53598,0.45377,0.39671,0.55000,0.43301,9.9999,0.02526,1,0.52500
112.8400,0.53598,0.45377,0.39671,0.55000,0.43301,9.9999,0.02526,1,0.52500
112.8600,0.53598,0.45377,0.39671,0.55000,0.43301,9.9999,0.02526,1,0.52500
112.8800,0.53598,0.45377,0.39671,0.55000,0.43301,9.9999,0.02527,1,0.52500
112.9000,0.53598,0.45377,0.39671,0.55000,0.43301,9.9999,0.02527,1,0.52500
112.9200,0.53598,0.45377,0.39671,0.55000,0.43301,9.9999,0.02527,1,0.52500
112.9400,0.53598,0.45378,0.39671,0.55000,0.43301,9.9999,0.02527,1,0.52500
112.9600,0.53598,0.45378,0.39671,0.55000,0.43301,9.9999,0.02527,1,0.52500
112.9800,0.53598,0.45378,0.39671,0.55000,0.43301,9.9999,0.02527,1,0.52500
113.0000,0.53598,0.45378,0.39670,0.55000,0.43301,9.9999,0.02527,1,0.52500
113.0200,0.53598,0.45378,0.39670,0.55000,0.43301,9.9999,0.02527,1,0.52500
113.0400,0.53598,0.45378,0.39670,0.55000,0.43301,9.9999,0.02527,1,0.52500
113.0600,0.53599,0.45378,0.39670,0.55000,0.43301,9.9999,0.02527,1,0.52500
113.0800,0.53599,0.45378,0.39670,0.55000,0.43301,9.9999,0.02527,1,0.52500
113.1000,0.53599,0.45378,0.39670,0.55000,0.43301,9.9999,0.02527,1,0.52500
113.1200,0.53599,0.45378,0.39670,0.55000,0.43301,9.9999,0.02527,1,0.52500
113.1400,0.53599,0.45378,0.39670,0.55000,0.43301,9.9999,0.02527,1,0.52500
113.1600,0.53599,0.45378,0.39670,0.55000,0.43301,9.9999,0.02527,1,0.52501
113.1800,0.53599,0.45378,0.39670,0.55000,0.43301,9.9999,0.02527,1,0.52501
113.2000,0.53599,0.45378,0.39670,0.55000,0.43301,9.9999,0.02527,1,0.52501
113.2200,0.53599,0.45378,0.39670,0.55000,0.43301,9.9999,0.02527,1,0.52501
113.2400,0.53599,0.45378,0.39670,0.55000,0.43301,9.9999,0.02527,1,0.52501
113.2600,0.53599,0.45378,0.39670,0.55000,0.43301,9.9999,0.02527,1,0.52501
113.2800,0.53599,0.45378,0.39670,0.55000,0.43301,9.9999,0.02527,1,0.52501
113.3000,0.53599,0.45378,0.39670,0.55000,0.43301,9.9999,0.02527,1,0.52501
113.3200,0.53599,0.45378,0.39670,0.55000,0.43301,9.9999,0.02527,1,0.52501
113.3400,0.53599,0.45378,0.39670,0.55000,0.43301,9.9999,0.02527,1,0.52501
113.3600,0.53599,0.45378,0.39670,0.55000,0.43301,9.9999,0.02527,1,0.52501
113.3800,0.53599,0.45378,0.39670,0.55000,0.43301,9.9999,0.02527,1,0.52501
113.4000,0.53599,0.45378,0.39670,0.55000,0.43301,9.9999,0.02527,1,0.52501
113.4200,0.53599,0.45378,0.39670,0.55000,0.43301,9.9999,0.02527,1,0.52501
113.4400,0.53599,0.45379,0.39670,0.55000,0.43301,9.9999,0.02527,1,0.52501
113.4600,0.53599,0.45379,0.39670,0.55000,0.43301,9.9999,0.02527,1,0.52501
113.4800,0.53599,0.45379,0.39670,0.55000,0.43301,9.9999,0.02527,1,0.52501
113.5000,0.53599,0.45379,0.39670,0.55000,0.43301,9.9999,0.02527,1,0.52501
113.5200,0.53599,0.45379,0.39670,0.55000,0.43301,9.9999,0.02527,1,0.52501
113.5400,0.53599,0.45379,0.39670,0.55000,0.43301,9.9999,0.02527,1,0.52501
113.5600,0.53599,0.45379,0.39670,0.55000,0.43301,9.9999,0.02528,1,0.52501
113.5800,0.53599,0.45379,0.39670,0.55000,0.43301,9.9999,0.02528,1,0.52501
113.6000,0.53599,0.45379,0.39670,0.55000,0.43301,9.9999,0.02528,1,0.52501
113.6200,0.53599,0.45379,0.39670,0.55000,0.43301,9.9999,0.02528,1,0.52501
113.6400,0.53599,0.45379,0.39670,0.55000,0.43301,9.9999,0.02528,1,0.52501
113.6600,0.53599,0.45379,0.39670,0.55000,0.43301,9.9999,0.02528,1,0.52501
113.6800,0.53599,0.45379,0.39670,0.55000,0.43301,9.9999,0.02528,1,0.52501
113.7000,0.53599,0.45379,0.39670,0.55000,0.43301,9.9999,0.02528,1,0.52501
113.7200,0.53599,0.45379,0.39670,0.55000,0.43301,9.9999,0.02528,1,0.52501
113.7400,0.53599,0.45379,0.39670,0.55000,0.43301,9.9999,0.02528,1,0.52501
113.7600,0.53599,0.45379,0.39670,0.55000,0.43301,9.9999,0.02528,1,0.52501
113.7800,0.53599,0.45379,0.39670,0.55000,0.43301,9.9999,0.02528,1,0.52501
113.8000,0.53599,0.45379,0.39670,0.55000,0.43301,9.9999,0.02528,1,0.52501
113.8200,0.53599,0.45379,0.39670,0.55000,0.43301,9.9999,0.02528,1,0.52502
113.8400,0.53599,0.45379,0.39670,0.55000,0.43301,9.9999,0.02528,1,0.52502
113.8600,0.53599,0.45379,0.39670,0.55000,0.43301,9.9999,0.02528,1,0.52502
113.8800,0.53599,0.45379,0.39670,0.55000,0.43301,9.9999,0.02528,1,0.52502
113.9000,0.53599,0.45379,0.39670,0.55000,0.43301,9.9999,0.02528,1,0.52502
113.9200,0.53599,0.45379,0.39670,0.55000,0.43301,9.9999,0.02528,1,0.52502
113.9400,0.53599,0.45380,0.39670,0.55000,0.43301,9.9999,0.02528,1,0.52502
113.9600,0.53599,0.45380,0.39670,0.55000,0.43301,9.9999,0.02528,1,0.52502
113.9800,0.53599,0.45380,0.39670,0.55000,0.43301,9.9999,0.02528,1,0.52502
114.0000,0.53599,0.45380,0.39670,0.55000,0.43301,9.9999,0.02528,1,0.52502
114.0200,0.53599,0.45380,0.39670,0.55000,0.43301,9.9999,0.02528,1,0.52502
114.0400,0.53599,0.45380,0.39670,0.55000,0.43301,9.9999,0.02528,1,0.52502
114.0600,0.53599,0.45380,0.39670,0.55000,0.43301,9.9999,0.02528,1,0.52502
114.0800,0.53599,0.45380,0.39670,0.55000,0.43301,9.9999,0.02528,1,0.52502
114.1000,0.53599,0.45380,0.39670,0.55000,0.43301,9.9999,0.02528,1,0.52502
114.1200,0.53599,0.45380,0.39670,0.55000,0.43301,9.9999,0.02528,1,0.52502
114.1400,0.53599,0.45380,0.39670,0.55000,0.43301,9.9999,0.02528,1,0.52502
114.1600,0.53599,0.45380,0.39670,0.55000,0.43301,9.9999,0.02528,1,0.52502
114.1800,0.53599,0.45380,0.39670,0.55000,0.43301,9.9999,0.02528,1,0.52502
114.2000,0.53599,0.45380,0.39670,0.55000,0.43301,9.9999,0.02528,1,0.52502
114.2200,0.53599,0.45380,0.39670,0.55000,0.43301,9.9999,0.02528,1,0.52502
114.2400,0.53599,0.45380,0.39670,0.55000,0.43301,9.9999,0.02528,1,0.52502
114.2600,0.53599,0.45380,0.39670,0.55000,0.43301,9.9999,0.02529,1,0.52502
114.2800,0.53599,0.45380,0.39670,0.55000,0.43301,9.9999,0.02529,1,0.52502
114.3000,0.53599,0.45380,0.39670,0.55000,0.43301,9.9999,0.02529,1,0.52502
114.3200,0.53599,0.45380,0.39670,0.55000,0.43301,9.9999,0.02529,1,0.52502
114.3400,0.53599,0.45380,0.39670,0.55000,0.43301,9.9999,0.02529,1,0.52502
114.3600,0.53599,0.45380,0.39670,0.55000,0.43301,9.9999,0.02529,1,0.52502
114.3800,0.53599,0.45380,0.39670,0.55000,0.43301,9.9999,0.02529,1,0.52502
114.4000,0.53599,0.45380,0.39670,0.55000,0.43301,9.9999,0.02529,1,0.52502
114.4200,0.53599,0.45380,0.39670,0.55000,0.43301,9.9999,0.02529,1,0.52502
114.4400,0.53599,0.45380,0.39670,0.55000,0.43301,9.9999,0.02529,1,0.52502
114.4600,0.53599,0.45381,0.39670,0.55000,0.43301,9.9999,0.02529,1,0.52502
114.4800,0.53599,0.45381,0.39670,0.55000,0.43301,9.9999,0.02529,1,0.52502
114.5000,0.53599,0.45381,0.39670,0.55000,0.43301,9.9999,0.02529,1,0.52503
114.5200,0.53599,0.45381,0.39670,0.55000,0.43301,9.9999,0.02529,1,0.52503
114.5400,0.53599,0.45381,0.39670,0.55000,0.43301,9.9999,0.02529,1,0.52503
114.5600,0.53599,0.45381,0.39670,0.55000,0.43301,9.9999,0.02529,1,0.52503
114.5800,0.53599,0.45381,0.39670,0.55000,0.43301,9.9999,0.02529,1,0.52503
114.6000,0.53599,0.45381,0.39670,0.55000,0.43301,9.9999,0.02529,1,0.52503
114.6200,0.53599,0.45381,0.39670,0.55000,0.43301,9.9999,0.02529,1,0.52503
114.6400,0.53599,0.45381,0.39670,0.55000,0.43301,9.9999,0.02529,1,0.52503
114.6600,0.53599,0.45381,0.39670,0.55000,0.43301,9.9999,0.02529,1,0.52503
114.6800,0.53599,0.45381,0.39670,0.55000,0.43301,9.9999,0.02529,1,0.52503
114.7000,0.53599,0.45381,0.39670,0.55000,0.43301,9.9999,0.02529,1,0.52503
114.7200,0.53599,0.45381,0.39670,0.55000,0.43301,9.9999,0.02529,1,0.52503
114.7400,0.53599,0.45381,0.39670,0.55000,0.43301,9.9999,0.02529,1,0.52503
114.7600,0.53599,0.45381,0.39670,0.55000,0.43301,9.9999,0.02529,1,0.52503
114.7800,0.53599,0.45381,0.39670,0.55000,0.43301,9.9999,0.02529,1,0.52503
114.8000,0.53599,0.45381,0.39670,0.55000,0.43301,9.9999,0.02529,1,0.52503
114.8200,0.53599,0.45381,0.39670,0.55000,0.43301,9.9999,0.02529,1,0.52503
114.8400,0.53599,0.45381,0.39670,0.55000,0.43301,9.9999,0.02529,1,0.52503
114.8600,0.53599,0.45381,0.39669,0.55000,0.43301,9.9999,0.02529,1,0.52503
114.8800,0.53599,0.45381,0.39669,0.55000,0.43301,9.9999,0.02529,1,0.52503
114.9000,0.53599,0.45381,0.39669,0.55000,0.43301,9.9999,0.02529,1,0.52503
114.9200,0.53599,0.45381,0.39669,0.55000,0.43301,9.9999,0.02529,1,0.52503
114.9400,0.53599,0.45381,0.39669,0.55000,0.43301,9.9999,0.02529,1,0.52503
114.9600,0.53599,0.45382,0.39669,0.55000,0.43301,9.9999,0.02529,1,0.52503
114.9800,0.53599,0.45382,0.39669,0.55000,0.43301,9.9999,0.02530,1,0.52503
115.0000,0.53599,0.45382,0.39669,0.55000,0.43301,9.9999,0.02530,1,0.52503
115.0200,0.53599,0.45382,0.39669,0.55000,0.43301,9.9999,0.02530,1,0.52503
115.0400,0.53599,0.45382,0.39669,0.55000,0.43301,9.9999,0.02530,1,0.52503
115.0600,0.53599,0.45382,0.39669,0.55000,0.43301,9.9999,0.02530,1,0.52503
115.0800,0.53599,0.45382,0.39669,0.55000,0.43301,9.9999,0.02530,1,0.52503
115.1000,0.53599,0.45382,0.39669,0.55000,0.43301,9.9999,0.02530,1,0.52503
115.1200,0.53599,0.45382,0.39669,0.55000,0.43301,9.9999,0.02530,1,0.52503
115.1400,0.53599,0.45382,0.39669,0.55000,0.43301,9.9999,0.02530,1,0.52503
115.1600,0.53599,0.45382,0.39669,0.55000,0.43301,9.9999,0.02530,1,0.52503
115.1800,0.53599,0.45382,0.39669,0.55000,0.43301,9.9999,0.02530,1,0.52503
115.2000,0.53600,0.45382,0.39669,0.55000,0.43301,9.9999,0.02530,1,0.52504
115.2200,0.53600,0.45382,0.39669,0.55000,0.43301,9.9999,0.02530,1,0.52504
115.2400,0.53600,0.45382,0.39669,0.55000,0.43301,9.9999,0.02530,1,0.52504
115.2600,0.53600,0.45382,0.39669,0.55000,0.43301,9.9999,0.02530,1,0.52504
115.2800,0.53600,0.45382,0.39669,0.55000,0.43301,9.9999,0.02530,1,0.52504
115.3000,0.53600,0.45382,0.39669,0.55000,0.43301,9.9999,0.02530,1,0.52504
115.3200,0.53600,0.45382,0.39669,0.55000,0.43301,9.9999,0.02530,1,0.52504
115.3400,0.53600,0.45382,0.39669,0.55000,0.43301,9.9999,0.02530,1,0.52504
115.3600,0.53600,0.45382,0.39669,0.55000,0.43301,9.9999,0.02530,1,0.52504
115.3800,0.53600,0.45382,0.39669,0.55000,0.43301,9.9999,0.02530,1,0.52504
115.4000,0.53600,0.45382,0.39669,0.55000,0.43301,9.9999,0.02530,1,0.52504
115.4200,0.53600,0.45382,0.39669,0.55000,0.43301,9.9999,0.02530,1,0.52504
115.4400,0.53600,0.45382,0.39669,0.55000,0.43301,9.9999,0.02530,1,0.52504
115.4600,0.53600,0.45382,0.39669,0.55000,0.43301,9.9999,0.02530,1,0.52504
115.4800,0.53600,0.45383,0.39669,0.55000,0.43301,9.9999,0.02530,1,0.52504
115.5000,0.53600,0.45383,0.39669,0.55000,0.43301,9.9999,0.02530,1,0.52504
115.5200,0.53600,0.45383,0.39669,0.55000,0.43301,9.9999,0.02530,1,0.52504
115.5400,0.53600,0.45383,0.39669,0.55000,0.43301,9.9999,0.02530,1,0.52504
115.5600,0.53600,0.45383,0.39669,0.55000,0.43301,9.9999,0.02530,1,0.52504
115.5800,0.53600,0.45383,0.39669,0.55000,0.43301,9.9999,0.02530,1,0.52504
115.6000,0.53600,0.45383,0.39669,0.55000,0.43301,9.9999,0.02530,1,0.52504
115.6200,0.53600,0.45383,0.39669,0.55000,0.43301,9.9999,0.02530,1,0.52504
115.6400,0.53600,0.45383,0.39669,0.55000,0.43301,9.9999,0.02530,1,0.52504
115.6600,0.53600,0.45383,0.39669,0.55000,0.43301,9.9999,0.02530,1,0.52504
115.6800,0.53600,0.45383,0.39669,0.55000,0.43301,9.9999,0.02530,1,0.52504
115.7000,0.53600,0.45383,0.39669,0.55000,0.43301,9.9999,0.02531,1,0.52504
115.7200,0.53600,0.45383,0.39669,0.55000,0.43301,9.9999,0.02531,1,0.52504
115.7400,0.53600,0.45383,0.39669,0.55000,0.43301,9.9999,0.02531,1,0.52504
115.7600,0.53600,0.45383,0.39669,0.55000,0.43301,9.9999,0.02531,1,0.52504
115.7800,0.53600,0.45383,0.39669,0.55000,0.43301,9.9999,0.02531,1,0.52504
115.8000,0.53600,0.45383,0.39669,0.55000,0.43301,9.9999,0.02531,1,0.52504
115.8200,0.53600,0.45383,0.39669,0.55000,0.43301,9.9999,0.02531,1,0.52504
115.8400,0.53600,0.45383,0.39669,0.55000,0.43301,9.9999,0.02531,1,0.52504
115.8600,0.53600,0.45383,0.39669,0.55000,0.43301,9.9999,0.02531,1,0.52504
115.8800,0.53600,0.45383,0.39669,0.55000,0.43301,9.9999,0.02531,1,0.52504
115.9000,0.53600,0.45383,0.39669,0.55000,0.43301,9.9999,0.02531,1,0.52504
115.9200,0.53600,0.45383,0.39669,0.55000,0.43301,9.9999,0.02531,1,0.52505
115.9400,0.53600,0.45383,0.39669,0.55000,0.43301,9.9999,0.02531,1,0.52505
115.9600,0.53600,0.45383,0.39669,0.55000,0.43301,9.9999,0.02531,1,0.52505
115.9800,0.53600,0.45383,0.39669,0.55000,0.43301,9.9999,0.02531,1,0.52505
116.0000,0.53600,0.45383,0.39669,0.55000,0.43301,9.9999,0.02531,1,0.52505
116.0200,0.53600,0.45384,0.39669,0.55000,0.43301,9.9999,0.02531,1,0.52505
116.0400,0.53600,0.45384,0.39669,0.55000,0.43301,9.9999,0.02531,1,0.52505
116.0600,0.53600,0.45384,0.39669,0.55000,0.43301,9.9999,0.02531,1,0.52505
116.0800,0.53600,0.45384,0.39669,0.55000,0.43301,9.9999,0.02531,1,0.52505
116.1000,0.53600,0.45384,0.39669,0.55000,0.43301,9.9999,0.02531,1,0.52505
116.1200,0.53600,0.45384,0.39669,0.55000,0.43301,9.9999,0.02531,1,0.52505
116.1400,0.53600,0.45384,0.39669,0.55000,0.43301,9.9999,0.02531,1,0.52505
116.1600,0.53600,0.45384,0.39669,0.55000,0.43301,9.9999,0.02531,1,0.52505
116.1800,0.53600,0.45384,0.39669,0.55000,0.43301,9.9999,0.02531,1,0.52505
116.2000,0.53600,0.45384,0.39669,0.55000,0.43301,9.9999,0.02531,1,0.52505
116.2200,0.53600,0.45384,0.39669,0.55000,0.43301,9.9999,0.02531,1,0.52505
116.2400,0.53600,0.45384,0.39669,0.55000,0.43301,9.9999,0.02531,1,0.52505
116.2600,0.53600,0.45384,0.39669,0.55000,0.43301,9.9999,0.02531,1,0.52505
116.2800,0.53600,0.45384,0.39669,0.55000,0.43301,9.9999,0.02531,1,0.52505
116.3000,0.53600,0.45384,0.39669,0.55000,0.43301,9.9999,0.02531,1,0.52505
116.3200,0.53600,0.45384,0.39669,0.55000,0.43301,9.9999,0.02531,1,0.52505
116.3400,0.53600,0.45384,0.39669,0.55000,0.43301,9.9999,0.02531,1,0.52505
116.3600,0.53600,0.45384,0.39669,0.55000,0.43301,9.9999,0.02531,1,0.52505
116.3800,0.53600,0.45384,0.39669,0.55000,0.43301,9.9999,0.02531,1,0.52505
116.4000,0.53600,0.45384,0.39669,0.55000,0.43301,9.9999,0.02531,1,0.52505
116.4200,0.53600,0.45384,0.39669,0.55000,0.43301,9.9999,0.02531,1,0.52505
116.4400,0.53600,0.45384,0.39669,0.55000,0.43301,9.9999,0.02532,1,0.52505
116.4600,0.53600,0.45384,0.39669,0.55000,0.43301,9.9999,0.02532,1,0.52505
116.4800,0.53600,0.45384,0.39669,0.55000,0.43301,9.9999,0.02532,1,0.52505
116.5000,0.53600,0.45384,0.39669,0.55000,0.43301,9.9999,0.02532,1,0.52505
116.5200,0.53600,0.45384,0.39669,0.55000,0.43301,9.9999,0.02532,1,0.52505
116.5400,0.53600,0.45385,0.39669,0.55000,0.43301,9.9999,0.02532,1,0.52505
116.5600,0.53600,0.45385,0.39669,0.55000,0.43301,9.9999,0.02532,1,0.52505
116.5800,0.53600,0.45385,0.39669,0.55000,0.43301,9.9999,0.02532,1,0.52505
116.6000,0.53600,0.45385,0.39669,0.55000,0.43301,9.9999,0.02532,1,0.52505
116.6200,0.53600,0.45385,0.39669,0.55000,0.43301,9.9999,0.02532,1,0.52505
116.6400,0.53600,0.45385,0.39669,0.55000,0.43301,9.9999,0.02532,1,0.52506
116.6600,0.53600,0.45385,0.39669,0.55000,0.43301,9.9999,0.02532,1,0.52506
116.6800,0.53600,0.45385,0.39669,0.55000,0.43301,9.9999,0.02532,1,0.52506
116.7000,0.53600,0.45385,0.39669,0.55000,0.43301,9.9999,0.02532,1,0.52506
116.7200,0.53600,0.45385,0.39669,0.55000,0.43301,9.9999,0.02532,1,0.52506
116.7400,0.53600,0.45385,0.39669,0.55000,0.43301,9.9999,0.02532,1,0.52506
116.7600,0.53600,0.45385,0.39669,0.55000,0.43301,9.9999,0.02532,1,0.52506
116.7800,0.53600,0.45385,0.39669,0.55000,0.43301,9.9999,0.02532,1,0.52506
116.8000,0.53600,0.45385,0.39669,0.55000,0.43301,9.9999,0.02532,1,0.52506
116.8200,0.53600,0.45385,0.39669,0.55000,0.43301,9.9999,0.02532,1,0.52506
116.8400,0.53600,0.45385,0.39669,0.55000,0.43301,9.9999,0.02532,1,0.52506
116.8600,0.53600,0.45385,0.39669,0.55000,0.43301,9.9999,0.02532,1,0.52506
116.8800,0.53600,0.45385,0.39668,0.55000,0.43301,9.9999,0.02532,1,0.52506
116.9000,0.53600,0.45385,0.39668,0.55000,0.43301,9.9999,0.02532,1,0.52506
116.9200,0.53600,0.45385,0.39668,0.55000,0.43301,9.9999,0.02532,1,0.52506
116.9400,0.53600,0.45385,0.39668,0.55000,0.43301,9.9999,0.02532,1,0.52506
116.9600,0.53600,0.45385,0.39668,0.55000,0.43301,9.9999,0.02532,1,0.52506
116.9800,0.53600,0.45385,0.39668,0.55000,0.43301,9.9999,0.02532,1,0.52506
117.0000,0.53600,0.45385,0.39668,0.55000,0.43301,9.9999,0.02532,1,0.52506
117.0200,0.53600,0.45385,0.39668,0.55000,0.43301,9.9999,0.02532,1,0.52506
117.0400,0.53600,0.45385,0.39668,0.55000,0.43301,9.9999,0.02532,1,0.52506
117.0600,0.53600,0.45385,0.39668,0.55000,0.43301,9.9999,0.02532,1,0.52506
117.0800,0.53600,0.45386,0.39668,0.55000,0.43301,9.9999,0.02532,1,0.52506
117.1000,0.53600,0.45386,0.39668,0.55000,0.43301,9.9999,0.02532,1,0.52506
117.1200,0.53600,0.45386,0.39668,0.55000,0.43301,9.9999,0.02532,1,0.52506
117.1400,0.53600,0.45386,0.39668,0.55000,0.43301,9.9999,0.02532,1,0.52506
117.1600,0.53600,0.45386,0.39668,0.55000,0.43301,9.9999,0.02532,1,0.52506
117.1800,0.53600,0.45386,0.39668,0.55000,0.43301,9.9999,0.02532,1,0.52506
117.2000,0.53600,0.45386,0.39668,0.55000,0.43301,9.9999,0.02533,1,0.52506
117.2200,0.53601,0.45386,0.39668,0.55000,0.43301,9.9999,0.02533,1,0.52506
117.2400,0.53601,0.45386,0.39668,0.55000,0.43301,9.9999,0.02533,1,0.52506
117.2600,0.53601,0.45386,0.39668,0.55000,0.43301,9.9999,0.02533,1,0.52506
117.2800,0.53601,0.45386,0.39668,0.55000,0.43301,9.9999,0.02533,1,0.52506
117.3000,0.53601,0.45386,0.39668,0.55000,0.43301,9.9999,0.02533,1,0.52506
117.3200,0.53601,0.45386,0.39668,0.55000,0.43301,9.9999,0.02533,1,0.52506
117.3400,0.53601,0.45386,0.39668,0.55000,0.43301,9.9999,0.02533,1,0.52506
117.3600,0.53601,0.45386,0.39668,0.55000,0.43301,9.9999,0.02533,1,0.52506
117.3800,0.53601,0.45386,0.39668,0.55000,0.43301,9.9999,0.02533,1,0.52507
117.4000,0.53601,0.45386,0.39668,0.55000,0.43301,9.9999,0.02533,1,0.52507
117.4200,0.53601,0.45386,0.39668,0.55000,0.43301,9.9999,0.02533,1,0.52507
117.4400,0.53601,0.45386,0.39668,0.55000,0.43301,9.9999,0.02533,1,0.52507
117.4600,0.53601,0.45386,0.39668,0.55000,0.43301,9.9999,0.02533,1,0.52507
117.4800,0.53601,0.45386,0.39668,0.55000,0.43301,9.9999,0.02533,1,0.52507
117.5000,0.53601,0.45386,0.39668,0.55000,0.43301,9.9999,0.02533,1,0.52507
117.5200,0.53601,0.45386,0.39668,0.55000,0.43301,9.9999,0.02533,1,0.52507
117.5400,0.53601,0.45386,0.39668,0.55000,0.43301,9.9999,0.02533,1,0.52507
117.5600,0.53601,0.45386,0.39668,0.55000,0.43301,9.9999,0.02533,1,0.52507
117.5800,0.53601,0.45386,0.39668,0.55000,0.43301,9.9999,0.02533,1,0.52507
117.6000,0.53601,0.45386,0.39668,0.55000,0.43301,9.9999,0.02533,1,0.52507
117.6200,0.53601,0.45387,0.39668,0.55000,0.43301,9.9999,0.02533,1,0.52507
117.6400,0.53601,0.45387,0.39668,0.55000,0.43301,9.9999,0.02533,1,0.52507
117.6600,0.53601,0.45387,0.39668,0.55000,0.43301,9.9999,0.02533,1,0.52507
117.6800,0.53601,0.45387,0.39668,0.55000,0.43301,9.9999,0.02533,1,0.52507
117.7000,0.53601,0.45387,0.39668,0.55000,0.43301,9.9999,0.02533,1,0.52507
117.7200,0.53601,0.45387,0.39668,0.55000,0.43301,9.9999,0.02533,1,0.52507
117.7400,0.53601,0.45387,0.39668,0.55000,0.43301,9.9999,0.02533,1,0.52507
117.7600,0.53601,0.45387,0.39668,0.55000,0.43301,9.9999,0.02533,1,0.52507
117.7800,0.53601,0.45387,0.39668,0.55000,0.43301,9.9999,0.02533,1,0.52507
117.8000,0.53601,0.45387,0.39668,0.55000,0.43301,9.9999,0.02533,1,0.52507
117.8200,0.53601,0.45387,0.39668,0.55000,0.43301,9.9999,0.02533,1,0.52507
117.8400,0.53601,0.45387,0.39668,0.55000,0.43301,9.9999,0.02533,1,0.52507
117.8600,0.53601,0.45387,0.39668,0.55000,0.43301,9.9999,0.02533,1,0.52507
117.8800,0.53601,0.45387,0.39668,0.55000,0.43301,9.9999,0.02533,1,0.52507
117.9000,0.53601,0.45387,0.39668,0.55000,0.43301,9.9999,0.02533,1,0.52507
117.9200,0.53601,0.45387,0.39668,0.55000,0.43301,9.9999,0.02533,1,0.52507
117.9400,0.53601,0.45387,0.39668,0.55000,0.43301,9.9999,0.02533,1,0.52507
117.9600,0.53601,0.45387,0.39668,0.55000,0.43301,9.9999,0.02533,1,0.52507
117.9800,0.53601,0.45387,0.39668,0.55000,0.43301,9.9999,0.02534,1,0.52507
118.0000,0.53601,0.45387,0.39668,0.55000,0.43301,9.9999,0.02534,1,0.52507
118.0200,0.53601,0.45387,0.39668,0.55000,0.43301,9.9999,0.02534,1,0.52507
118.0400,0.53601,0.45387,0.39668,0.55000,0.43301,9.9999,0.02534,1,0.52507
118.0600,0.53601,0.45387,0.39668,0.55000,0.43301,9.9999,0.02534,1,0.52507
118.0800,0.53601,0.45387,0.39668,0.55000,0.43301,9.9999,0.02534,1,0.52507
118.1000,0.53601,0.45387,0.39668,0.55000,0.43301,9.9999,0.02534,1,0.52507
118.1200,0.53601,0.45387,0.39668,0.55000,0.43301,9.9999,0.02534,1,0.52508
118.1400,0.53601,0.45387,0.39668,0.55000,0.43301,9.9999,0.02534,1,0.52508
118.1600,0.53601,0.45388,0.39668,0.55000,0.43301,9.9999,0.02534,1,0.52508
118.1800,0.53601,0.45388,0.39668,0.55000,0.43301,9.9999,0.02534,1,0.52508
118.2000,0.53601,0.45388,0.39668,0.55000,0.43301,9.9999,0.02534,1,0.52508
118.2200,0.53601,0.45388,0.39668,0.55000,0.43301,9.9999,0.02534,1,0.52508
118.2400,0.53601,0.45388,0.39668,0.55000,0.43301,9.9999,0.02534,1,0.52508
118.2600,0.53601,0.45388,0.39668,0.55000,0.43301,9.9999,0.02534,1,0.52508
118.2800,0.53601,0.45388,0.39668,0.55000,0.43301,9.9999,0.02534,1,0.52508
118.3000,0.53601,0.45388,0.39668,0.55000,0.43301,9.9999,0.02534,1,0.52508
118.3200,0.53601,0.45388,0.39668,0.55000,0.43301,9.9999,0.02534,1,0.52508
118.3400,0.53601,0.45388,0.39668,0.55000,0.43301,9.9999,0.02534,1,0.52508
118.3600,0.53601,0.45388,0.39668,0.55000,0.43301,9.9999,0.02534,1,0.52508
118.3800,0.53601,0.45388,0.39668,0.55000,0.43301,9.9999,0.02534,1,0.52508
118.4000,0.53601,0.45388,0.39668,0.55000,0.43301,9.9999,0.02534,1,0.52508
118.4200,0.53601,0.45388,0.39668,0.55000,0.43301,9.9999,0.02534,1,0.52508
118.4400,0.53601,0.45388,0.39668,0.55000,0.43301,9.9999,0.02534,1,0.52508
118.4600,0.53601,0.45388,0.39668,0.55000,0.43301,9.9999,0.02534,1,0.52508
118.4800,0.53601,0.45388,0.39668,0.55000,0.43301,9.9999,0.02534,1,0.52508
118.5000,0.53601,0.45388,0.39668,0.55000,0.43301,9.9999,0.02534,1,0.52508
118.5200,0.53601,0.45388,0.39668,0.55000,0.43301,9.9999,0.02534,1,0.52508
118.5400,0.53601,0.45388,0.39668,0.55000,0.43301,9.9999,0.02534,1,0.52508
118.5600,0.53601,0.45388,0.39668,0.55000,0.43301,9.9999,0.02534,1,0.52508
118.5800,0.53601,0.45388,0.39668,0.55000,0.43301,9.9999,0.02534,1,0.52508
118.6000,0.53601,0.45388,0.39668,0.55000,0.43301,9.9999,0.02534,1,0.52508
118.6200,0.53601,0.45388,0.39668,0.55000,0.43301,9.9999,0.02534,1,0.52508
118.6400,0.53601,0.45388,0.39668,0.55000,0.43301,9.9999,0.02534,1,0.52508
118.6600,0.53601,0.45388,0.39668,0.55000,0.43301,9.9999,0.02534,1,0.52508
118.6800,0.53601,0.45388,0.39668,0.55000,0.43301,9.9999,0.02534,1,0.52508
118.7000,0.53601,0.45388,0.39668,0.55000,0.43301,9.9999,0.02534,1,0.52508
118.7200,0.53601,0.45389,0.39668,0.55000,0.43301,9.9999,0.02534,1,0.52508
118.7400,0.53601,0.45389,0.39668,0.55000,0.43301,9.9999,0.02534,1,0.52508
118.7600,0.53601,0.45389,0.39668,0.55000,0.43301,9.9999,0.02535,1,0.52508
118.7800,0.53601,0.45389,0.39668,0.55000,0.43301,9.9999,0.02535,1,0.52508
118.8000,0.53601,0.45389,0.39668,0.55000,0.43301,9.9999,0.02535,1,0.52508
118.8200,0.53601,0.45389,0.39668,0.55000,0.43301,9.9999,0.02535,1,0.52508
118.8400,0.53601,0.45389,0.39668,0.55000,0.43301,9.9999,0.02535,1,0.52508
118.8600,0.53601,0.45389,0.39668,0.55000,0.43301,9.9999,0.02535,1,0.52508
118.8800,0.53601,0.45389,0.39668,0.55000,0.43301,9.9999,0.02535,1,0.52508
118.9000,0.53601,0.45389,0.39668,0.55000,0.43301,9.9999,0.02535,1,0.52509
118.9200,0.53601,0.45389,0.39668,0.55000,0.43301,9.9999,0.02535,1,0.52509
118.9400,0.53601,0.45389,0.39668,0.55000,0.43301,9.9999,0.02535,1,0.52509
118.9600,0.53601,0.45389,0.39668,0.55000,0.43301,9.9999,0.02535,1,0.52509
118.9800,0.53601,0.45389,0.39668,0.55000,0.43301,9.9999,0.02535,1,0.52509
119.0000,0.53601,0.45389,0.39668,0.55000,0.43301,9.9999,0.02535,1,0.52509
119.0200,0.53601,0.45389,0.39668,0.55000,0.43301,9.9999,0.02535,1,0.52509
119.0400,0.53601,0.45389,0.39668,0.55000,0.43301,9.9999,0.02535,1,0.52509
119.0600,0.53601,0.45389,0.39668,0.55000,0.43301,9.9999,0.02535,1,0.52509
119.0800,0.53601,0.45389,0.39668,0.55000,0.43301,9.9999,0.02535,1,0.52509
119.1000,0.53601,0.45389,0.39667,0.55000,0.43301,9.9999,0.02535,1,0.52509
119.1200,0.53601,0.45389,0.39667,0.55000,0.43301,9.9999,0.02535,1,0.52509
119.1400,0.53601,0.45389,0.39667,0.55000,0.43301,9.9999,0.02535,1,0.52509
119.1600,0.53601,0.45389,0.39667,0.55000,0.43301,9.9999,0.02535,1,0.52509
119.1800,0.53602,0.45389,0.39667,0.55000,0.43301,9.9999,0.02535,1,0.52509
119.2000,0.53602,0.45389,0.39667,0.55000,0.43301,9.9999,0.02535,1,0.52509
119.2200,0.53602,0.45389,0.39667,0.55000,0.43301,9.9999,0.02535,1,0.52509
119.2400,0.53602,0.45389,0.39667,0.55000,0.43301,9.9999,0.02535,1,0.52509
119.2600,0.53602,0.45389,0.39667,0.55000,0.43301,9.9999,0.02535,1,0.52509
119.2800,0.53602,0.45390,0.39667,0.55000,0.43301,9.9999,0.02535,1,0.52509
119.3000,0.53602,0.45390,0.39667,0.55000,0.43301,9.9999,0.02535,1,0.52509
119.3200,0.53602,0.45390,0.39667,0.55000,0.43301,9.9999,0.02535,1,0.52509
119.3400,0.53602,0.45390,0.39667,0.55000,0.43301,9.9999,0.02535,1,0.52509
119.3600,0.53602,0.45390,0.39667,0.55000,0.43301,9.9999,0.02535,1,0.52509
119.3800,0.53602,0.45390,0.39667,0.55000,0.43301,9.9999,0.02535,1,0.52509
119.4000,0.53602,0.45390,0.39667,0.55000,0.43301,9.9999,0.02535,1,0.52509
119.4200,0.53602,0.45390,0.39667,0.55000,0.43301,9.9999,0.02535,1,0.52509
119.4400,0.53602,0.45390,0.39667,0.55000,0.43301,9.9999,0.02535,1,0.52509
119.4600,0.53602,0.45390,0.39667,0.55000,0.43301,9.9999,0.02535,1,0.52509
119.4800,0.53602,0.45390,0.39667,0.55000,0.43301,9.9999,0.02535,1,0.52509
119.5000,0.53602,0.45390,0.39667,0.55000,0.43301,9.9999,0.02535,1,0.52509
119.5200,0.53602,0.45390,0.39667,0.55000,0.43301,9.9999,0.02535,1,0.52509
119.5400,0.53602,0.45390,0.39667,0.55000,0.43301,9.9999,0.02535,1,0.52509
119.5600,0.53602,0.45390,0.39667,0.55000,0.43301,9.9999,0.02535,1,0.52509
119.5800,0.53602,0.45390,0.39667,0.55000,0.43301,9.9999,0.02536,1,0.52509
119.6000,0.53602,0.45390,0.39667,0.55000,0.43301,9.9999,0.02536,1,0.52509
119.6200,0.53602,0.45390,0.39667,0.55000,0.43301,9.9999,0.02536,1,0.52509
119.6400,0.53602,0.45390,0.39667,0.55000,0.43301,9.9999,0.02536,1,0.52509
119.6600,0.53602,0.45390,0.39667,0.55000,0.43301,9.9999,0.02536,1,0.52509
119.6800,0.53602,0.45390,0.39667,0.55000,0.43301,9.9999,0.02536,1,0.52510
119.7000,0.53602,0.45390,0.39667,0.55000,0.43301,9.9999,0.02536,1,0.52510
119.7200,0.53602,0.45390,0.39667,0.55000,0.43301,9.9999,0.02536,1,0.52510
119.7400,0.53602,0.45390,0.39667,0.55000,0.43301,9.9999,0.02536,1,0.52510
119.7600,0.53602,0.45390,0.39667,0.55000,0.43301,9.9999,0.02536,1,0.52510
119.7800,0.53602,0.45390,0.39667,0.55000,0.43301,9.9999,0.02536,1,0.52510
119.8000,0.53602,0.45390,0.39667,0.55000,0.43301,9.9999,0.02536,1,0.52510
119.8200,0.53602,0.45390,0.39667,0.55000,0.43301,9.9999,0.02536,1,0.52510
119.8400,0.53602,0.45390,0.39667,0.55000,0.43301,9.9999,0.02536,1,0.52510
119.8600,0.53602,0.45391,0.39667,0.55000,0.43301,9.9999,0.02536,1,0.52510
119.8800,0.53602,0.45391,0.39667,0.55000,0.43301,9.9999,0.02536,1,0.52510
119.9000,0.53602,0.45391,0.39667,0.55000,0.43301,9.9999,0.02536,1,0.52510
119.9200,0.53602,0.45391,0.39667,0.55000,0.43301,9.9999,0.02536,1,0.52510
119.9400,0.53602,0.45391,0.39667,0.55000,0.43301,9.9999,0.02536,1,0.52510
119.9600,0.53602,0.45391,0.39667,0.55000,0.43301,9.9999,0.02536,1,0.52510
119.9800,0.53602,0.45391,0.39667,0.55000,0.43301,9.9999,0.02536,1,0.52510
120.0000,0.53602,0.45391,0.39667,0.55000,0.43301,9.9999,0.02536,1,0.52510
120.0200,0.53602,0.45391,0.39667,0.55000,0.43301,9.9999,0.02536,1,0.52510
120.0400,0.53602,0.45391,0.39667,0.55000,0.43301,9.9999,0.02536,1,0.52510
120.0600,0.53602,0.45391,0.39667,0.55000,0.43301,9.9999,0.02536,1,0.52510
120.0800,0.53602,0.45391,0.39667,0.55000,0.43301,9.9999,0.02536,1,0.52510
120.1000,0.53602,0.45391,0.39667,0.55000,0.43301,9.9999,0.02536,1,0.52510
120.1200,0.53602,0.45391,0.39667,0.55000,0.43301,9.9999,0.02536,1,0.52510
120.1400,0.53602,0.45391,0.39667,0.55000,0.43301,9.9999,0.02536,1,0.52510
120.1600,0.53602,0.45391,0.39667,0.55000,0.43301,9.9999,0.02536,1,0.52510
120.1800,0.53602,0.45391,0.39667,0.55000,0.43301,9.9999,0.02536,1,0.52510
120.2000,0.53602,0.45391,0.39667,0.55000,0.43301,9.9999,0.02536,1,0.52510
120.2200,0.53602,0.45391,0.39667,0.55000,0.43301,9.9999,0.02536,1,0.52510
120.2400,0.53602,0.45391,0.39667,0.55000,0.43301,9.9999,0.02536,1,0.52510
120.2600,0.53602,0.45391,0.39667,0.55000,0.43301,9.9999,0.02536,1,0.52510
120.2800,0.53602,0.45391,0.39667,0.55000,0.43301,9.9999,0.02536,1,0.52510
120.3000,0.53602,0.45391,0.39667,0.55000,0.43301,9.9999,0.02536,1,0.52510
120.3200,0.53602,0.45391,0.39667,0.55000,0.43301,9.9999,0.02536,1,0.52510
120.3400,0.53602,0.45391,0.39667,0.55000,0.43301,9.9999,0.02536,1,0.52510
120.3600,0.53602,0.45391,0.39667,0.55000,0.43301,9.9999,0.02536,1,0.52510
120.3800,0.53602,0.45391,0.39667,0.55000,0.43301,9.9999,0.02536,1,0.52510
120.4000,0.53602,0.45391,0.39667,0.55000,0.43301,9.9999,0.02537,1,0.52510
120.4200,0.53602,0.45392,0.39667,0.55000,0.43301,9.9999,0.02537,1,0.52510
120.4400,0.53602,0.45392,0.39667,0.55000,0.43301,9.9999,0.02537,1,0.52510
120.4600,0.53602,0.45392,0.39667,0.55000,0.43301,9.9999,0.02537,1,0.52510
120.4800,0.53602,0.45392,0.39667,0.55000,0.43301,9.9999,0.02537,1,0.52511
120.5000,0.53602,0.45392,0.39667,0.55000,0.43301,9.9999,0.02537,1,0.52511
120.5200,0.53602,0.45392,0.39667,0.55000,0.43301,9.9999,0.02537,1,0.52511
120.5400,0.53602,0.45392,0.39667,0.55000,0.43301,9.9999,0.02537,1,0.52511
120.5600,0.53602,0.45392,0.39667,0.55000,0.43301,9.9999,0.02537,1,0.52511
120.5800,0.53602,0.45392,0.39667,0.55000,0.43301,9.9999,0.02537,1,0.52511
120.6000,0.53602,0.45392,0.39667,0.55000,0.43301,9.9999,0.02537,1,0.52511
120.6200,0.53602,0.45392,0.39667,0.55000,0.43301,9.9999,0.02537,1,0.52511
120.6400,0.53602,0.45392,0.39667,0.55000,0.43301,9.9999,0.02537,1,0.52511
120.6600,0.53602,0.45392,0.39667,0.55000,0.43301,9.9999,0.02537,1,0.52511
120.6800,0.53602,0.45392,0.39667,0.55000,0.43301,9.9999,0.02537,1,0.52511
120.7000,0.53602,0.45392,0.39667,0.55000,0.43301,9.9999,0.02537,1,0.52511
120.7200,0.53602,0.45392,0.39667,0.55000,0.43301,9.9999,0.02537,1,0.52511
120.7400,0.53602,0.45392,0.39667,0.55000,0.43301,9.9999,0.02537,1,0.52511
120.7600,0.53602,0.45392,0.39667,0.55000,0.43301,9.9999,0.02537,1,0.52511
120.7800,0.53602,0.45392,0.39667,0.55000,0.43301,9.9999,0.02537,1,0.52511
120.8000,0.53602,0.45392,0.39667,0.55000,0.43301,9.9999,0.02537,1,0.52511
120.8200,0.53602,0.45392,0.39667,0.55000,0.43301,9.9999,0.02537,1,0.52511
120.8400,0.53602,0.45392,0.39667,0.55000,0.43301,9.9999,0.02537,1,0.52511
120.8600,0.53602,0.45392,0.39667,0.55000,0.43301,9.9999,0.02537,1,0.52511
120.8800,0.53602,0.45392,0.39667,0.55000,0.43301,9.9999,0.02537,1,0.52511
120.9000,0.53602,0.45392,0.39667,0.55000,0.43301,9.9999,0.02537,1,0.52511
120.9200,0.53602,0.45392,0.39667,0.55000,0.43301,9.9999,0.02537,1,0.52511
120.9400,0.53602,0.45392,0.39667,0.55000,0.43301,9.9999,0.02537,1,0.52511
120.9600,0.53602,0.45392,0.39667,0.55000,0.43301,9.9999,0.02537,1,0.52511
120.9800,0.53602,0.45392,0.39667,0.55000,0.43301,9.9999,0.02537,1,0.52511
121.0000,0.53602,0.45393,0.39667,0.55000,0.43301,9.9999,0.02537,1,0.52511
121.0200,0.53602,0.45393,0.39667,0.55000,0.43301,9.9999,0.02537,1,0.52511
121.0400,0.53602,0.45393,0.39667,0.55000,0.43301,9.9999,0.02537,1,0.52511
121.0600,0.53602,0.45393,0.39667,0.55000,0.43301,9.9999,0.02537,1,0.52511
121.0800,0.53603,0.45393,0.39667,0.55000,0.43301,9.9999,0.02537,1,0.52511
121.1000,0.53603,0.45393,0.39667,0.55000,0.43301,9.9999,0.02537,1,0.52511
121.1200,0.53603,0.45393,0.39667,0.55000,0.43301,9.9999,0.02537,1,0.52511
121.1400,0.53603,0.45393,0.39667,0.55000,0.43301,9.9999,0.02537,1,0.52511
121.1600,0.53603,0.45393,0.39667,0.55000,0.43301,9.9999,0.02537,1,0.52511
121.1800,0.53603,0.45393,0.39667,0.55000,0.43301,9.9999,0.02537,1,0.52511
121.2000,0.53603,0.45393,0.39667,0.55000,0.43301,9.9999,0.02537,1,0.52511
121.2200,0.53603,0.45393,0.39667,0.55000,0.43301,9.9999,0.02537,1,0.52511
121.2400,0.53603,0.45393,0.39667,0.55000,0.43301,9.9999,0.02537,1,0.52511
121.2600,0.53603,0.45393,0.39667,0.55000,0.43301,9.9999,0.02538,1,0.52511
121.2800,0.53603,0.45393,0.39667,0.55000,0.43301,9.9999,0.02538,1,0.52511
121.3000,0.53603,0.45393,0.39667,0.55000,0.43301,9.9999,0.02538,1,0.52512
121.3200,0.53603,0.45393,0.39667,0.55000,0.43301,9.9999,0.02538,1,0.52512
121.3400,0.53603,0.45393,0.39667,0.55000,0.43301,9.9999,0.02538,1,0.52512
121.3600,0.53603,0.45393,0.39667,0.55000,0.43301,9.9999,0.02538,1,0.52512
121.3800,0.53603,0.45393,0.39667,0.55000,0.43301,9.9999,0.02538,1,0.52512
121.4000,0.53603,0.45393,0.39667,0.55000,0.43301,9.9999,0.02538,1,0.52512
121.4200,0.53603,0.45393,0.39667,0.55000,0.43301,9.9999,0.02538,1,0.52512
121.4400,0.53603,0.45393,0.39667,0.55000,0.43301,9.9999,0.02538,1,0.52512
121.4600,0.53603,0.45393,0.39667,0.55000,0.43301,9.9999,0.02538,1,0.52512
121.4800,0.53603,0.45393,0.39667,0.55000,0.43301,9.9999,0.02538,1,0.52512
121.5000,0.53603,0.45393,0.39667,0.55000,0.43301,9.9999,0.02538,1,0.52512
121.5200,0.53603,0.45393,0.39667,0.55000,0.43301,9.9999,0.02538,1,0.52512
121.5400,0.53603,0.45393,0.39666,0.55000,0.43301,9.9999,0.02538,1,0.52512
121.5600,0.53603,0.45393,0.39666,0.55000,0.43301,9.9999,0.02538,1,0.52512
121.5800,0.53603,0.45393,0.39666,0.55000,0.43301,9.9999,0.02538,1,0.52512
121.6000,0.53603,0.45394,0.39666,0.55000,0.43301,9.9999,0.02538,1,0.52512
121.6200,0.53603,0.45394,0.39666,0.55000,0.43301,9.9999,0.02538,1,0.52512
121.6400,0.53603,0.45394,0.39666,0.55000,0.43301,9.9999,0.02538,1,0.52512
121.6600,0.53603,0.45394,0.39666,0.55000,0.43301,9.9999,0.02538,1,0.52512
121.6800,0.53603,0.45394,0.39666,0.55000,0.43301,9.9999,0.02538,1,0.52512
121.7000,0.53603,0.45394,0.39666,0.55000,0.43301,9.9999,0.02538,1,0.52512
121.7200,0.53603,0.45394,0.39666,0.55000,0.43301,9.9999,0.02538,1,0.52512
121.7400,0.53603,0.45394,0.39666,0.55000,0.43301,9.9999,0.02538,1,0.52512
121.7600,0.53603,0.45394,0.39666,0.55000,0.43301,9.9999,0.02538,1,0.52512
121.7800,0.53603,0.45394,0.39666,0.55000,0.43301,9.9999,0.02538,1,0.52512
121.8000,0.53603,0.45394,0.39666,0.55000,0.43301,9.9999,0.02538,1,0.52512
121.8200,0.53603,0.45394,0.39666,0.55000,0.43301,9.9999,0.02538,1,0.52512
121.8400,0.53603,0.45394,0.39666,0.55000,0.43301,9.9999,0.02538,1,0.52512
121.8600,0.53603,0.45394,0.39666,0.55000,0.43301,9.9999,0.02538,1,0.52512
121.8800,0.53603,0.45394,0.39666,0.55000,0.43301,9.9999,0.02538,1,0.52512
121.9000,0.53603,0.45394,0.39666,0.55000,0.43301,9.9999,0.02538,1,0.52512
121.9200,0.53603,0.45394,0.39666,0.55000,0.43301,9.9999,0.02538,1,0.52512
121.9400,0.53603,0.45394,0.39666,0.55000,0.43301,9.9999,0.02538,1,0.52512
121.9600,0.53603,0.45394,0.39666,0.55000,0.43301,9.9999,0.02538,1,0.52512
121.9800,0.53603,0.45394,0.39666,0.55000,0.43301,9.9999,0.02538,1,0.52512
122.0000,0.53603,0.45394,0.39666,0.55000,0.43301,9.9999,0.02538,1,0.52512
122.0200,0.53603,0.45394,0.39666,0.55000,0.43301,9.9999,0.02538,1,0.52512
122.0400,0.53603,0.45394,0.39666,0.55000,0.43301,9.9999,0.02538,1,0.52512
122.0600,0.53603,0.45394,0.39666,0.55000,0.43301,9.9999,0.02538,1,0.52512
122.0800,0.53603,0.45394,0.39666,0.55000,0.43301,9.9999,0.02538,1,0.52512
122.1000,0.53603,0.45394,0.39666,0.55000,0.43301,9.9999,0.02538,1,0.52512
122.1200,0.53603,0.45394,0.39666,0.55000,0.43301,9.9999,0.02539,1,0.52512
122.1400,0.53603,0.45394,0.39666,0.55000,0.43301,9.9999,0.02539,1,0.52513
122.1600,0.53603,0.45394,0.39666,0.55000,0.43301,9.9999,0.02539,1,0.52513
122.1800,0.53603,0.45395,0.39666,0.55000,0.43301,9.9999,0.02539,1,0.52513
122.2000,0.53603,0.45395,0.39666,0.55000,0.43301,9.9999,0.02539,1,0.52513
122.2200,0.53603,0.45395,0.39666,0.55000,0.43301,9.9999,0.02539,1,0.52513
122.2400,0.53603,0.45395,0.39666,0.55000,0.43301,9.9999,0.02539,1,0.52513
122.2600,0.53603,0.45395,0.39666,0.55000,0.43301,9.9999,0.02539,1,0.52513
122.2800,0.53603,0.45395,0.39666,0.55000,0.43301,9.9999,0.02539,1,0.52513
122.3000,0.53603,0.45395,0.39666,0.55000,0.43301,9.9999,0.02539,1,0.52513
122.3200,0.53603,0.45395,0.39666,0.55000,0.43301,9.9999,0.02539,1,0.52513
122.3400,0.53603,0.45395,0.39666,0.55000,0.43301,9.9999,0.02539,1,0.52513
122.3600,0.53603,0.45395,0.39666,0.55000,0.43301,9.9999,0.02539,1,0.52513
122.3800,0.53603,0.45395,0.39666,0.55000,0.43301,9.9999,0.02539,1,0.52513
122.4000,0.53603,0.45395,0.39666,0.55000,0.43301,9.9999,0.02539,1,0.52513
122.4200,0.53603,0.45395,0.39666,0.55000,0.43301,9.9999,0.02539,1,0.52513
122.4400,0.53603,0.45395,0.39666,0.55000,0.43301,9.9999,0.02539,1,0.52513
122.4600,0.53603,0.45395,0.39666,0.55000,0.43301,9.9999,0.02539,1,0.52513
122.4800,0.53603,0.45395,0.39666,0.55000,0.43301,9.9999,0.02539,1,0.52513
122.5000,0.53603,0.45395,0.39666,0.55000,0.43301,9.9999,0.02539,1,0.52513
122.5200,0.53603,0.45395,0.39666,0.55000,0.43301,9.9999,0.02539,1,0.52513
122.5400,0.53603,0.45395,0.39666,0.55000,0.43301,9.9999,0.02539,1,0.52513
122.5600,0.53603,0.45395,0.39666,0.55000,0.43301,9.9999,0.02539,1,0.52513
122.5800,0.53603,0.45395,0.39666,0.55000,0.43301,9.9999,0.02539,1,0.52513
122.6000,0.53603,0.45395,0.39666,0.55000,0.43301,9.9999,0.02539,1,0.52513
122.6200,0.53603,0.45395,0.39666,0.55000,0.43301,9.9999,0.02539,1,0.52513
122.6400,0.53603,0.45395,0.39666,0.55000,0.43301,9.9999,0.02539,1,0.52513
122.6600,0.53603,0.45395,0.39666,0.55000,0.43301,9.9999,0.02539,1,0.52513
122.6800,0.53603,0.45395,0.39666,0.55000,0.43301,9.9999,0.02539,1,0.52513
122.7000,0.53603,0.45395,0.39666,0.55000,0.43301,9.9999,0.02539,1,0.52513
122.7200,0.53603,0.45395,0.39666,0.55000,0.43301,9.9999,0.02539,1,0.52513
122.7400,0.53603,0.45395,0.39666,0.55000,0.43301,9.9999,0.02539,1,0.52513
122.7600,0.53603,0.45395,0.39666,0.55000,0.43301,9.9999,0.02539,1,0.52513
122.7800,0.53603,0.45396,0.39666,0.55000,0.43301,9.9999,0.02539,1,0.52513
122.8000,0.53603,0.45396,0.39666,0.55000,0.43301,9.9999,0.02539,1,0.52513
122.8200,0.53603,0.45396,0.39666,0.55000,0.43301,9.9999,0.02539,1,0.52513
122.8400,0.53603,0.45396,0.39666,0.55000,0.43301,9.9999,0.02539,1,0.52513
122.8600,0.53603,0.45396,0.39666,0.55000,0.43301,9.9999,0.02539,1,0.52513
122.8800,0.53603,0.45396,0.39666,0.55000,0.43301,9.9999,0.02539,1,0.52513
122.9000,0.53603,0.45396,0.39666,0.55000,0.43301,9.9999,0.02539,1,0.52513
122.9200,0.53603,0.45396,0.39666,0.55000,0.43301,9.9999,0.02539,1,0.52513
122.9400,0.53604,0.45396,0.39666,0.55000,0.43301,9.9999,0.02539,1,0.52513
122.9600,0.53604,0.45396,0.39666,0.55000,0.43301,9.9999,0.02539,1,0.52513
122.9800,0.53604,0.45396,0.39666,0.55000,0.43301,9.9999,0.02539,1,0.52514
123.0000,0.53604,0.45396,0.39666,0.55000,0.43301,9.9999,0.02540,1,0.52514
123.0200,0.53604,0.45396,0.39666,0.55000,0.43301,9.9999,0.02540,1,0.52514
123.0400,0.53604,0.45396,0.39666,0.55000,0.43301,9.9999,0.02540,1,0.52514
123.0600,0.53604,0.45396,0.39666,0.55000,0.43301,9.9999,0.02540,1,0.52514
123.0800,0.53604,0.45396,0.39666,0.55000,0.43301,9.9999,0.02540,1,0.52514
123.1000,0.53604,0.45396,0.39666,0.55000,0.43301,9.9999,0.02540,1,0.52514
123.1200,0.53604,0.45396,0.39666,0.55000,0.43301,9.9999,0.02540,1,0.52514
123.1400,0.53604,0.45396,0.39666,0.55000,0.43301,9.9999,0.02540,1,0.52514
123.1600,0.53604,0.45396,0.39666,0.55000,0.43301,9.9999,0.02540,1,0.52514
123.1800,0.53604,0.45396,0.39666,0.55000,0.43301,9.9999,0.02540,1,0.52514
123.2000,0.53604,0.45396,0.39666,0.55000,0.43301,9.9999,0.02540,1,0.52514
123.2200,0.53604,0.45396,0.39666,0.55000,0.43301,9.9999,0.02540,1,0.52514
123.2400,0.53604,0.45396,0.39666,0.55000,0.43301,9.9999,0.02540,1,0.52514
123.2600,0.53604,0.45396,0.39666,0.55000,0.43301,9.9999,0.02540,1,0.52514
123.2800,0.53604,0.45396,0.39666,0.55000,0.43301,9.9999,0.02540,1,0.52514
123.3000,0.53604,0.45396,0.39666,0.55000,0.43301,9.9999,0.02540,1,0.52514
123.3200,0.53604,0.45396,0.39666,0.55000,0.43301,9.9999,0.02540,1,0.52514
123.3400,0.53604,0.45396,0.39666,0.55000,0.43301,9.9999,0.02540,1,0.52514
123.3600,0.53604,0.45396,0.39666,0.55000,0.43301,9.9999,0.02540,1,0.52514
123.3800,0.53604,0.45396,0.39666,0.55000,0.43301,9.9999,0.02540,1,0.52514
123.4000,0.53604,0.45397,0.39666,0.55000,0.43301,9.9999,0.02540,1,0.52514
123.4200,0.53604,0.45397,0.39666,0.55000,0.43301,9.9999,0.02540,1,0.52514
123.4400,0.53604,0.45397,0.39666,0.55000,0.43301,9.9999,0.02540,1,0.52514
123.4600,0.53604,0.45397,0.39666,0.55000,0.43301,9.9999,0.02540,1,0.52514
123.4800,0.53604,0.45397,0.39666,0.55000,0.43301,9.9999,0.02540,1,0.52514
123.5000,0.53604,0.45397,0.39666,0.55000,0.43301,9.9999,0.02540,1,0.52514
123.5200,0.53604,0.45397,0.39666,0.55000,0.43301,9.9999,0.02540,1,0.52514
123.5400,0.53604,0.45397,0.39666,0.55000,0.43301,9.9999,0.02540,1,0.52514
123.5600,0.53604,0.45397,0.39666,0.55000,0.43301,9.9999,0.02540,1,0.52514
123.5800,0.53604,0.45397,0.39666,0.55000,0.43301,9.9999,0.02540,1,0.52514
123.6000,0.53604,0.45397,0.39666,0.55000,0.43301,9.9999,0.02540,1,0.52514
123.6200,0.53604,0.45397,0.39666,0.55000,0.43301,9.9999,0.02540,1,0.52514
123.6400,0.53604,0.45397,0.39666,0.55000,0.43301,9.9999,0.02540,1,0.52514
123.6600,0.53604,0.45397,0.39666,0.55000,0.43301,9.9999,0.02540,1,0.52514
123.6800,0.53604,0.45397,0.39666,0.55000,0.43301,9.9999,0.02540,1,0.52514
123.7000,0.53604,0.45397,0.39666,0.55000,0.43301,9.9999,0.02540,1,0.52514
123.7200,0.53604,0.45397,0.39666,0.55000,0.43301,9.9999,0.02540,1,0.52514
123.7400,0.53604,0.45397,0.39666,0.55000,0.43301,9.9999,0.02540,1,0.52514
123.7600,0.53604,0.45397,0.39666,0.55000,0.43301,9.9999,0.02540,1,0.52514
123.7800,0.53604,0.45397,0.39666,0.55000,0.43301,9.9999,0.02540,1,0.52514
123.8000,0.53604,0.45397,0.39666,0.55000,0.43301,9.9999,0.02540,1,0.52514
123.8200,0.53604,0.45397,0.39666,0.55000,0.43301,9.9999,0.02540,1,0.52514
123.8400,0.53604,0.45397,0.39666,0.55000,0.43301,9.9999,0.02540,1,0.52514
123.8600,0.53604,0.45397,0.39666,0.55000,0.43301,9.9999,0.02540,1,0.52515
123.8800,0.53604,0.45397,0.39666,0.55000,0.43301,9.9999,0.02540,1,0.52515
123.9000,0.53604,0.45397,0.39666,0.55000,0.43301,9.9999,0.02540,1,0.52515
123.9200,0.53604,0.45397,0.39666,0.55000,0.43301,9.9999,0.02541,1,0.52515
123.9400,0.53604,0.45397,0.39666,0.55000,0.43301,9.9999,0.02541,1,0.52515
123.9600,0.53604,0.45397,0.39666,0.55000,0.43301,9.9999,0.02541,1,0.52515
123.9800,0.53604,0.45397,0.39666,0.55000,0.43301,9.9999,0.02541,1,0.52515
124.0000,0.53604,0.45398,0.39666,0.55000,0.43301,9.9999,0.02541,1,0.52515
124.0200,0.53604,0.45398,0.39666,0.55000,0.43301,9.9999,0.02541,1,0.52515
124.0400,0.53604,0.45398,0.39666,0.55000,0.43301,9.9999,0.02541,1,0.52515
124.0600,0.53604,0.45398,0.39666,0.55000,0.43301,9.9999,0.02541,1,0.52515
124.0800,0.53604,0.45398,0.39666,0.55000,0.43301,9.9999,0.02541,1,0.52515
124.1000,0.53604,0.45398,0.39666,0.55000,0.43301,9.9999,0.02541,1,0.52515
124.1200,0.53604,0.45398,0.39666,0.55000,0.43301,9.9999,0.02541,1,0.52515
124.1400,0.53604,0.45398,0.39666,0.55000,0.43301,9.9999,0.02541,1,0.52515
124.1600,0.53604,0.45398,0.39666,0.55000,0.43301,9.9999,0.02541,1,0.52515
124.1800,0.53604,0.45398,0.39666,0.55000,0.43301,9.9999,0.02541,1,0.52515
124.2000,0.53604,0.45398,0.39666,0.55000,0.43301,9.9999,0.02541,1,0.52515
124.2200,0.53604,0.45398,0.39666,0.55000,0.43301,9.9999,0.02541,1,0.52515
124.2400,0.53604,0.45398,0.39665,0.55000,0.43301,9.9999,0.02541,1,0.52515
124.2600,0.53604,0.45398,0.39665,0.55000,0.43301,9.9999,0.02541,1,0.52515
124.2800,0.53604,0.45398,0.39665,0.55000,0.43301,9.9999,0.02541,1,0.52515
124.3000,0.53604,0.45398,0.39665,0.55000,0.43301,9.9999,0.02541,1,0.52515
124.3200,0.53604,0.45398,0.39665,0.55000,0.43301,9.9999,0.02541,1,0.52515
124.3400,0.53604,0.45398,0.39665,0.55000,0.43301,9.9999,0.02541,1,0.52515
124.3600,0.53604,0.45398,0.39665,0.55000,0.43301,9.9999,0.02541,1,0.52515
124.3800,0.53604,0.45398,0.39665,0.55000,0.43301,9.9999,0.02541,1,0.52515
124.4000,0.53604,0.45398,0.39665,0.55000,0.43301,9.9999,0.02541,1,0.52515
124.4200,0.53604,0.45398,0.39665,0.55000,0.43301,9.9999,0.02541,1,0.52515
124.4400,0.53604,0.45398,0.39665,0.55000,0.43301,9.9999,0.02541,1,0.52515
124.4600,0.53604,0.45398,0.39665,0.55000,0.43301,9.9999,0.02541,1,0.52515
124.4800,0.53604,0.45398,0.39665,0.55000,0.43301,9.9999,0.02541,1,0.52515
124.5000,0.53604,0.45398,0.39665,0.55000,0.43301,9.9999,0.02541,1,0.52515
124.5200,0.53604,0.45398,0.39665,0.55000,0.43301,9.9999,0.02541,1,0.52515
124.5400,0.53604,0.45398,0.39665,0.55000,0.43301,9.9999,0.02541,1,0.52515
124.5600,0.53604,0.45398,0.39665,0.55000,0.43301,9.9999,0.02541,1,0.52515
124.5800,0.53604,0.45398,0.39665,0.55000,0.43301,9.9999,0.02541,1,0.52515
124.6000,0.53604,0.45398,0.39665,0.55000,0.43301,9.9999,0.02541,1,0.52515
124.6200,0.53604,0.45399,0.39665,0.55000,0.43301,9.9999,0.02541,1,0.52515
124.6400,0.53604,0.45399,0.39665,0.55000,0.43301,9.9999,0.02541,1,0.52515
124.6600,0.53604,0.45399,0.39665,0.55000,0.43301,9.9999,0.02541,1,0.52515
124.6800,0.53604,0.45399,0.39665,0.55000,0.43301,9.9999,0.02541,1,0.52515
124.7000,0.53604,0.45399,0.39665,0.55000,0.43301,9.9999,0.02541,1,0.52515
124.7200,0.53604,0.45399,0.39665,0.55000,0.43301,9.9999,0.02541,1,0.52515
124.7400,0.53604,0.45399,0.39665,0.55000,0.43301,9.9999,0.02541,1,0.52515
124.7600,0.53604,0.45399,0.39665,0.55000,0.43301,9.9999,0.02541,1,0.52516
124.7800,0.53605,0.45399,0.39665,0.55000,0.43301,9.9999,0.02541,1,0.52516
124.8000,0.53605,0.45399,0.39665,0.55000,0.43301,9.9999,0.02541,1,0.52516
124.8200,0.53605,0.45399,0.39665,0.55000,0.43301,9.9999,0.02541,1,0.52516
124.8400,0.53605,0.45399,0.39665,0.55000,0.43301,9.9999,0.02541,1,0.52516
124.8600,0.53605,0.45399,0.39665,0.55000,0.43301,9.9999,0.02542,1,0.52516
124.8800,0.53605,0.45399,0.39665,0.55000,0.43301,9.9999,0.02542,1,0.52516
124.9000,0.53605,0.45399,0.39665,0.55000,0.43301,9.9999,0.02542,1,0.52516
124.9200,0.53605,0.45399,0.39665,0.55000,0.43301,9.9999,0.02542,1,0.52516
124.9400,0.53605,0.45399,0.39665,0.55000,0.43301,9.9999,0.02542,1,0.52516
124.9600,0.53605,0.45399,0.39665,0.55000,0.43301,9.9999,0.02542,1,0.52516
124.9800,0.53605,0.45399,0.39665,0.55000,0.43301,9.9999,0.02542,1,0.52516
125.0000,0.53605,0.45399,0.39665,0.55000,0.43301,9.9999,0.02542,1,0.52516
125.0200,0.53605,0.45399,0.39665,0.55000,0.43301,9.9999,0.02542,1,0.52516
125.0400,0.53605,0.45399,0.39665,0.55000,0.43301,9.9999,0.02542,1,0.52516
125.0600,0.53605,0.45399,0.39665,0.55000,0.43301,9.9999,0.02542,1,0.52516
125.0800,0.53605,0.45399,0.39665,0.55000,0.43301,9.9999,0.02542,1,0.52516
125.1000,0.53605,0.45399,0.39665,0.55000,0.43301,9.9999,0.02542,1,0.52516
125.1200,0.53605,0.45399,0.39665,0.55000,0.43301,9.9999,0.02542,1,0.52516
125.1400,0.53605,0.45399,0.39665,0.55000,0.43301,9.9999,0.02542,1,0.52516
125.1600,0.53605,0.45399,0.39665,0.55000,0.43301,9.9999,0.02542,1,0.52516
125.1800,0.53605,0.45399,0.39665,0.55000,0.43301,9.9999,0.02542,1,0.52516
125.2000,0.53605,0.45399,0.39665,0.55000,0.43301,9.9999,0.02542,1,0.52516
125.2200,0.53605,0.45399,0.39665,0.55000,0.43301,9.9999,0.02542,1,0.52516
125.2400,0.53605,0.45399,0.39665,0.55000,0.43301,9.9999,0.02542,1,0.52516
125.2600,0.53605,0.45400,0.39665,0.55000,0.43301,9.9999,0.02542,1,0.52516
125.2800,0.53605,0.45400,0.39665,0.55000,0.43301,9.9999,0.02542,1,0.52516
125.3000,0.53605,0.45400,0.39665,0.55000,0.43301,9.9999,0.02542,1,0.52516
125.3200,0.53605,0.45400,0.39665,0.55000,0.43301,9.9999,0.02542,1,0.52516
125.3400,0.53605,0.45400,0.39665,0.55000,0.43301,9.9999,0.02542,1,0.52516
125.3600,0.53605,0.45400,0.39665,0.55000,0.43301,9.9999,0.02542,1,0.52516
125.3800,0.53605,0.45400,0.39665,0.55000,0.43301,9.9999,0.02542,1,0.52516
125.4000,0.53605,0.45400,0.39665,0.55000,0.43301,9.9999,0.02542,1,0.52516
125.4200,0.53605,0.45400,0.39665,0.55000,0.43301,9.9999,0.02542,1,0.52516
125.4400,0.53605,0.45400,0.39665,0.55000,0.43301,9.9999,0.02542,1,0.52516
125.4600,0.53605,0.45400,0.39665,0.55000,0.43301,9.9999,0.02542,1,0.52516
125.4800,0.53605,0.45400,0.39665,0.55000,0.43301,9.9999,0.02542,1,0.52516
125.5000,0.53605,0.45400,0.39665,0.55000,0.43301,9.9999,0.02542,1,0.52516
125.5200,0.53605,0.45400,0.39665,0.55000,0.43301,9.9999,0.02542,1,0.52516
125.5400,0.53605,0.45400,0.39665,0.55000,0.43301,9.9999,0.02542,1,0.52516
125.5600,0.53605,0.45400,0.39665,0.55000,0.43301,9.9999,0.02542,1,0.52516
125.5800,0.53605,0.45400,0.39665,0.55000,0.43301,9.9999,0.02542,1,0.52516
125.6000,0.53605,0.45400,0.39665,0.55000,0.43301,9.9999,0.02542,1,0.52516
125.6200,0.53605,0.45400,0.39665,0.55000,0.43301,9.9999,0.02542,1,0.52516
125.6400,0.53605,0.45400,0.39665,0.55000,0.43301,9.9999,0.02542,1,0.52516
125.6600,0.53605,0.45400,0.39665,0.55000,0.43301,9.9999,0.02542,1,0.52516
125.6800,0.53605,0.45400,0.39665,0.55000,0.43301,9.9999,0.02542,1,0.52517
125.7000,0.53605,0.45400,0.39665,0.55000,0.43301,9.9999,0.02542,1,0.52517
125.7200,0.53605,0.45400,0.39665,0.55000,0.43301,9.9999,0.02542,1,0.52517
125.7400,0.53605,0.45400,0.39665,0.55000,0.43301,9.9999,0.02542,1,0.52517
125.7600,0.53605,0.45400,0.39665,0.55000,0.43301,9.9999,0.02542,1,0.52517
125.7800,0.53605,0.45400,0.39665,0.55000,0.43301,9.9999,0.02542,1,0.52517
125.8000,0.53605,0.45400,0.39665,0.55000,0.43301,9.9999,0.02543,1,0.52517
125.8200,0.53605,0.45400,0.39665,0.55000,0.43301,9.9999,0.02543,1,0.52517
125.8400,0.53605,0.45400,0.39665,0.55000,0.43301,9.9999,0.02543,1,0.52517
125.8600,0.53605,0.45400,0.39665,0.55000,0.43301,9.9999,0.02543,1,0.52517
125.8800,0.53605,0.45400,0.39665,0.55000,0.43301,9.9999,0.02543,1,0.52517
125.9000,0.53605,0.45401,0.39665,0.55000,0.43301,9.9999,0.02543,1,0.52517
125.9200,0.53605,0.45401,0.39665,0.55000,0.43301,9.9999,0.02543,1,0.52517
125.9400,0.53605,0.45401,0.39665,0.55000,0.43301,9.9999,0.02543,1,0.52517
125.9600,0.53605,0.45401,0.39665,0.55000,0.43301,9.9999,0.02543,1,0.52517
125.9800,0.53605,0.45401,0.39665,0.55000,0.43301,9.9999,0.02543,1,0.52517
126.0000,0.53605,0.45401,0.39665,0.55000,0.43301,9.9999,0.02543,1,0.52517
126.0200,0.53605,0.45401,0.39665,0.55000,0.43301,9.9999,0.02543,1,0.52517
126.0400,0.53605,0.45401,0.39665,0.55000,0.43301,9.9999,0.02543,1,0.52517
126.0600,0.53605,0.45401,0.39665,0.55000,0.43301,9.9999,0.02543,1,0.52517
126.0800,0.53605,0.45401,0.39665,0.55000,0.43301,9.9999,0.02543,1,0.52517
126.1000,0.53605,0.45401,0.39665,0.55000,0.43301,9.9999,0.02543,1,0.52517
126.1200,0.53605,0.45401,0.39665,0.55000,0.43301,9.9999,0.02543,1,0.52517
126.1400,0.53605,0.45401,0.39665,0.55000,0.43301,9.9999,0.02543,1,0.52517
126.1600,0.53605,0.45401,0.39665,0.55000,0.43301,9.9999,0.02543,1,0.52517
126.1800,0.53605,0.45401,0.39665,0.55000,0.43301,9.9999,0.02543,1,0.52517
126.2000,0.53605,0.45401,0.39665,0.55000,0.43301,9.9999,0.02543,1,0.52517
126.2200,0.53605,0.45401,0.39665,0.55000,0.43301,9.9999,0.02543,1,0.52517
126.2400,0.53605,0.45401,0.39665,0.55000,0.43301,9.9999,0.02543,1,0.52517
126.2600,0.53605,0.45401,0.39665,0.55000,0.43301,9.9999,0.02543,1,0.52517
126.2800,0.53605,0.45401,0.39665,0.55000,0.43301,9.9999,0.02543,1,0.52517
126.3000,0.53605,0.45401,0.39665,0.55000,0.43301,9.9999,0.02543,1,0.52517
126.3200,0.53605,0.45401,0.39665,0.55000,0.43301,9.9999,0.02543,1,0.52517
126.3400,0.53605,0.45401,0.39665,0.55000,0.43301,9.9999,0.02543,1,0.52517
126.3600,0.53605,0.45401,0.39665,0.55000,0.43301,9.9999,0.02543,1,0.52517
126.3800,0.53605,0.45401,0.39665,0.55000,0.43301,9.9999,0.02543,1,0.52517
126.4000,0.53605,0.45401,0.39665,0.55000,0.43301,9.9999,0.02543,1,0.52517
126.4200,0.53605,0.45401,0.39665,0.55000,0.43301,9.9999,0.02543,1,0.52517
126.4400,0.53605,0.45401,0.39665,0.55000,0.43301,9.9999,0.02543,1,0.52517
126.4600,0.53605,0.45401,0.39665,0.55000,0.43301,9.9999,0.02543,1,0.52517
126.4800,0.53605,0.45401,0.39665,0.55000,0.43301,9.9999,0.02543,1,0.52517
126.5000,0.53605,0.45401,0.39665,0.55000,0.43301,9.9999,0.02543,1,0.52517
126.5200,0.53605,0.45401,0.39665,0.55000,0.43301,9.9999,0.02543,1,0.52517
126.5400,0.53605,0.45402,0.39665,0.55000,0.43301,9.9999,0.02543,1,0.52517
126.5600,0.53605,0.45402,0.39665,0.55000,0.43301,9.9999,0.02543,1,0.52517
126.5800,0.53606,0.45402,0.39665,0.55000,0.43301,9.9999,0.02543,1,0.52517
126.6000,0.53606,0.45402,0.39665,0.55000,0.43301,9.9999,0.02543,1,0.52518
126.6200,0.53606,0.45402,0.39665,0.55000,0.43301,9.9999,0.02543,1,0.52518
126.6400,0.53606,0.45402,0.39665,0.55000,0.43301,9.9999,0.02543,1,0.52518
126.6600,0.53606,0.45402,0.39665,0.55000,0.43301,9.9999,0.02543,1,0.52518
126.6800,0.53606,0.45402,0.39665,0.55000,0.43301,9.9999,0.02543,1,0.52518
126.7000,0.53606,0.45402,0.39665,0.55000,0.43301,9.9999,0.02543,1,0.52518
126.7200,0.53606,0.45402,0.39665,0.55000,0.43301,9.9999,0.02543,1,0.52518
126.7400,0.53606,0.45402,0.39665,0.55000,0.43301,9.9999,0.02543,1,0.52518
126.7600,0.53606,0.45402,0.39665,0.55000,0.43301,9.9999,0.02543,1,0.52518
126.7800,0.53606,0.45402,0.39665,0.55000,0.43301,9.9999,0.02544,1,0.52518
126.8000,0.53606,0.45402,0.39665,0.55000,0.43301,9.9999,0.02544,1,0.52518
126.8200,0.53606,0.45402,0.39665,0.55000,0.43301,9.9999,0.02544,1,0.52518
126.8400,0.53606,0.45402,0.39665,0.55000,0.43301,9.9999,0.02544,1,0.52518
126.8600,0.53606,0.45402,0.39665,0.55000,0.43301,9.9999,0.02544,1,0.52518
126.8800,0.53606,0.45402,0.39665,0.55000,0.43301,9.9999,0.02544,1,0.52518
126.9000,0.53606,0.45402,0.39665,0.55000,0.43301,9.9999,0.02544,1,0.52518
126.9200,0.53606,0.45402,0.39665,0.55000,0.43301,9.9999,0.02544,1,0.52518
126.9400,0.53606,0.45402,0.39665,0.55000,0.43301,9.9999,0.02544,1,0.52518
126.9600,0.53606,0.45402,0.39665,0.55000,0.43301,9.9999,0.02544,1,0.52518
126.9800,0.53606,0.45402,0.39665,0.55000,0.43301,9.9999,0.02544,1,0.52518
127.0000,0.53606,0.45402,0.39665,0.55000,0.43301,9.9999,0.02544,1,0.52518
127.0200,0.53606,0.45402,0.39665,0.55000,0.43301,9.9999,0.02544,1,0.52518
127.0400,0.53606,0.45402,0.39665,0.55000,0.43301,9.9999,0.02544,1,0.52518
127.0600,0.53606,0.45402,0.39665,0.55000,0.43301,9.9999,0.02544,1,0.52518
127.0800,0.53606,0.45402,0.39665,0.55000,0.43301,9.9999,0.02544,1,0.52518
127.1000,0.53606,0.45402,0.39665,0.55000,0.43301,9.9999,0.02544,1,0.52518
127.1200,0.53606,0.45402,0.39665,0.55000,0.43301,9.9999,0.02544,1,0.52518
127.1400,0.53606,0.45402,0.39665,0.55000,0.43301,9.9999,0.02544,1,0.52518
127.1600,0.53606,0.45402,0.39665,0.55000,0.43301,9.9999,0.02544,1,0.52518
127.1800,0.53606,0.45403,0.39665,0.55000,0.43301,9.9999,0.02544,1,0.52518
127.2000,0.53606,0.45403,0.39665,0.55000,0.43301,9.9999,0.02544,1,0.52518
127.2200,0.53606,0.45403,0.39665,0.55000,0.43301,9.9999,0.02544,1,0.52518
127.2400,0.53606,0.45403,0.39665,0.55000,0.43301,9.9999,0.02544,1,0.52518
127.2600,0.53606,0.45403,0.39665,0.55000,0.43301,9.9999,0.02544,1,0.52518
127.2800,0.53606,0.45403,0.39664,0.55000,0.43301,9.9999,0.02544,1,0.52518
127.3000,0.53606,0.45403,0.39664,0.55000,0.43301,9.9999,0.02544,1,0.52518
127.3200,0.53606,0.45403,0.39664,0.55000,0.43301,9.9999,0.02544,1,0.52518
127.3400,0.53606,0.45403,0.39664,0.55000,0.43301,9.9999,0.02544,1,0.52518
127.3600,0.53606,0.45403,0.39664,0.55000,0.43301,9.9999,0.02544,1,0.52518
127.3800,0.53606,0.45403,0.39664,0.55000,0.43301,9.9999,0.02544,1,0.52518
127.4000,0.53606,0.45403,0.39664,0.55000,0.43301,9.9999,0.02544,1,0.52518
127.4200,0.53606,0.45403,0.39664,0.55000,0.43301,9.9999,0.02544,1,0.52518
127.4400,0.53606,0.45403,0.39664,0.55000,0.43301,9.9999,0.02544,1,0.52518
127.4600,0.53606,0.45403,0.39664,0.55000,0.43301,9.9999,0.02544,1,0.52518
127.4800,0.53606,0.45403,0.39664,0.55000,0.43301,9.9999,0.02544,1,0.52518
127.5000,0.53606,0.45403,0.39664,0.55000,0.43301,9.9999,0.02544,1,0.52518
127.5200,0.53606,0.45403,0.39664,0.55000,0.43301,9.9999,0.02544,1,0.52518
127.5400,0.53606,0.45403,0.39664,0.55000,0.43301,9.9999,0.02544,1,0.52518
127.5600,0.53606,0.45403,0.39664,0.55000,0.43301,9.9999,0.02544,1,0.52519
127.5800,0.53606,0.45403,0.39664,0.55000,0.43301,9.9999,0.02544,1,0.52519
127.6000,0.53606,0.45403,0.39664,0.55000,0.43301,9.9999,0.02544,1,0.52519
127.6200,0.53606,0.45403,0.39664,0.55000,0.43301,9.9999,0.02544,1,0.52519
127.6400,0.53606,0.45403,0.39664,0.55000,0.43301,9.9999,0.02544,1,0.52519
127.6600,0.53606,0.45403,0.39664,0.55000,0.43301,9.9999,0.02544,1,0.52519
127.6800,0.53606,0.45403,0.39664,0.55000,0.43301,9.9999,0.02544,1,0.52519
127.7000,0.53606,0.45403,0.39664,0.55000,0.43301,9.9999,0.02544,1,0.52519
127.7200,0.53606,0.45403,0.39664,0.55000,0.43301,9.9999,0.02544,1,0.52519
127.7400,0.53606,0.45403,0.39664,0.55000,0.43301,9.9999,0.02544,1,0.52519
127.7600,0.53606,0.45403,0.39664,0.55000,0.43301,9.9999,0.02544,1,0.52519
127.7800,0.53606,0.45403,0.39664,0.55000,0.43301,9.9999,0.02544,1,0.52519
127.8000,0.53606,0.45403,0.39664,0.55000,0.43301,9.9999,0.02545,1,0.52519
127.8200,0.53606,0.45403,0.39664,0.55000,0.43301,9.9999,0.02545,1,0.52519
127.8400,0.53606,0.45404,0.39664,0.55000,0.43301,9.9999,0.02545,1,0.52519
127.8600,0.53606,0.45404,0.39664,0.55000,0.43301,9.9999,0.02545,1,0.52519
127.8800,0.53606,0.45404,0.39664,0.55000,0.43301,9.9999,0.02545,1,0.52519
127.9000,0.53606,0.45404,0.39664,0.55000,0.43301,9.9999,0.02545,1,0.52519
127.9200,0.53606,0.45404,0.39664,0.55000,0.43301,9.9999,0.02545,1,0.52519
127.9400,0.53606,0.45404,0.39664,0.55000,0.43301,9.9999,0.02545,1,0.52519
127.9600,0.53606,0.45404,0.39664,0.55000,0.43301,9.9999,0.02545,1,0.52519
127.9800,0.53606,0.45404,0.39664,0.55000,0.43301,9.9999,0.02545,1,0.52519
128.0000,0.53606,0.45404,0.39664,0.55000,0.43301,9.9999,0.02545,1,0.52519
128.0200,0.53606,0.45404,0.39664,0.55000,0.43301,9.9999,0.02545,1,0.52519
128.0400,0.53606,0.45404,0.39664,0.55000,0.43301,9.9999,0.02545,1,0.52519
128.0600,0.53606,0.45404,0.39664,0.55000,0.43301,9.9999,0.02545,1,0.52519
128.0800,0.53606,0.45404,0.39664,0.55000,0.43301,9.9999,0.02545,1,0.52519
128.1000,0.53606,0.45404,0.39664,0.55000,0.43301,9.9999,0.02545,1,0.52519
128.1200,0.53606,0.45404,0.39664,0.55000,0.43301,9.9999,0.02545,1,0.52519
128.1400,0.53606,0.45404,0.39664,0.55000,0.43301,9.9999,0.02545,1,0.52519
128.1600,0.53606,0.45404,0.39664,0.55000,0.43301,9.9999,0.02545,1,0.52519
128.1800,0.53606,0.45404,0.39664,0.55000,0.43301,9.9999,0.02545,1,0.52519
128.2000,0.53606,0.45404,0.39664,0.55000,0.43301,9.9999,0.02545,1,0.52519
128.2200,0.53606,0.45404,0.39664,0.55000,0.43301,9.9999,0.02545,1,0.52519
128.2400,0.53606,0.45404,0.39664,0.55000,0.43301,9.9999,0.02545,1,0.52519
128.2600,0.53606,0.45404,0.39664,0.55000,0.43301,9.9999,0.02545,1,0.52519
128.2800,0.53606,0.45404,0.39664,0.55000,0.43301,9.9999,0.02545,1,0.52519
128.3000,0.53606,0.45404,0.39664,0.55000,0.43301,9.9999,0.02545,1,0.52519
128.3200,0.53606,0.45404,0.39664,0.55000,0.43301,9.9999,0.02545,1,0.52519
128.3400,0.53606,0.45404,0.39664,0.55000,0.43301,9.9999,0.02545,1,0.52519
128.3600,0.53607,0.45404,0.39664,0.55000,0.43301,9.9999,0.02545,1,0.52519
128.3800,0.53607,0.45404,0.39664,0.55000,0.43301,9.9999,0.02545,1,0.52519
128.4000,0.53607,0.45404,0.39664,0.55000,0.43301,9.9999,0.02545,1,0.52519
128.4200,0.53607,0.45404,0.39664,0.55000,0.43301,9.9999,0.02545,1,0.52519
128.4400,0.53607,0.45404,0.39664,0.55000,0.43301,9.9999,0.02545,1,0.52519
128.4600,0.53607,0.45404,0.39664,0.55000,0.43301,9.9999,0.02545,1,0.52519
128.4800,0.53607,0.45404,0.39664,0.55000,0.43301,9.9999,0.02545,1,0.52519
128.5000,0.53607,0.45405,0.39664,0.55000,0.43301,9.9999,0.02545,1,0.52519
128.5200,0.53607,0.45405,0.39664,0.55000,0.43301,9.9999,0.02545,1,0.52519
128.5400,0.53607,0.45405,0.39664,0.55000,0.43301,9.9999,0.02545,1,0.52520
128.5600,0.53607,0.45405,0.39664,0.55000,0.43301,9.9999,0.02545,1,0.52520
128.5800,0.53607,0.45405,0.39664,0.55000,0.43301,9.9999,0.02545,1,0.52520
128.6000,0.53607,0.45405,0.39664,0.55000,0.43301,9.9999,0.02545,1,0.52520
128.6200,0.53607,0.45405,0.39664,0.55000,0.43301,9.9999,0.02545,1,0.52520
128.6400,0.53607,0.45405,0.39664,0.55000,0.43301,9.9999,0.02545,1,0.52520
128.6600,0.53607,0.45405,0.39664,0.55000,0.43301,9.9999,0.02545,1,0.52520
128.6800,0.53607,0.45405,0.39664,0.55000,0.43301,9.9999,0.02545,1,0.52520
128.7000,0.53607,0.45405,0.39664,0.55000,0.43301,9.9999,0.02545,1,0.52520
128.7200,0.53607,0.45405,0.39664,0.55000,0.43301,9.9999,0.02545,1,0.52520
128.7400,0.53607,0.45405,0.39664,0.55000,0.43301,9.9999,0.02545,1,0.52520
128.7600,0.53607,0.45405,0.39664,0.55000,0.43301,9.9999,0.02545,1,0.52520
128.7800,0.53607,0.45405,0.39664,0.55000,0.43301,9.9999,0.02545,1,0.52520
128.8000,0.53607,0.45405,0.39664,0.55000,0.43301,9.9999,0.02545,1,0.52520
128.8200,0.53607,0.45405,0.39664,0.55000,0.43301,9.9999,0.02546,1,0.52520
128.8400,0.53607,0.45405,0.39664,0.55000,0.43301,9.9999,0.02546,1,0.52520
128.8600,0.53607,0.45405,0.39664,0.55000,0.43301,9.9999,0.02546,1,0.52520
128.8800,0.53607,0.45405,0.39664,0.55000,0.43301,9.9999,0.02546,1,0.52520
128.9000,0.53607,0.45405,0.39664,0.55000,0.43301,9.9999,0.02546,1,0.52520
128.9200,0.53607,0.45405,0.39664,0.55000,0.43301,9.9999,0.02546,1,0.52520
128.9400,0.53607,0.45405,0.39664,0.55000,0.43301,9.9999,0.02546,1,0.52520
128.9600,0.53607,0.45405,0.39664,0.55000,0.43301,9.9999,0.02546,1,0.52520
128.9800,0.53607,0.45405,0.39664,0.55000,0.43301,9.9999,0.02546,1,0.52520
129.0000,0.53607,0.45405,0.39664,0.55000,0.43301,9.9999,0.02546,1,0.52520
129.0200,0.53607,0.45405,0.39664,0.55000,0.43301,9.9999,0.02546,1,0.52520
129.0400,0.53607,0.45405,0.39664,0.55000,0.43301,9.9999,0.02546,1,0.52520
129.0600,0.53607,0.45405,0.39664,0.55000,0.43301,9.9999,0.02546,1,0.52520
129.0800,0.53607,0.45405,0.39664,0.55000,0.43301,9.9999,0.02546,1,0.52520
129.1000,0.53607,0.45405,0.39664,0.55000,0.43301,9.9999,0.02546,1,0.52520
129.1200,0.53607,0.45405,0.39664,0.55000,0.43301,9.9999,0.02546,1,0.52520
129.1400,0.53607,0.45405,0.39664,0.55000,0.43301,9.9999,0.02546,1,0.52520
129.1600,0.53607,0.45405,0.39664,0.55000,0.43301,9.9999,0.02546,1,0.52520
129.1800,0.53607,0.45406,0.39664,0.55000,0.43301,9.9999,0.02546,1,0.52520
129.2000,0.53607,0.45406,0.39664,0.55000,0.43301,9.9999,0.02546,1,0.52520
129.2200,0.53607,0.45406,0.39664,0.55000,0.43301,9.9999,0.02546,1,0.52520
129.2400,0.53607,0.45406,0.39664,0.55000,0.43301,9.9999,0.02546,1,0.52520
129.2600,0.53607,0.45406,0.39664,0.55000,0.43301,9.9999,0.02546,1,0.52520
129.2800,0.53607,0.45406,0.39664,0.55000,0.43301,9.9999,0.02546,1,0.52520
129.3000,0.53607,0.45406,0.39664,0.55000,0.43301,9.9999,0.02546,1,0.52520
129.3200,0.53607,0.45406,0.39664,0.55000,0.43301,9.9999,0.02546,1,0.52520
129.3400,0.53607,0.45406,0.39664,0.55000,0.43301,9.9999,0.02546,1,0.52520
129.3600,0.53607,0.45406,0.39664,0.55000,0.43301,9.9999,0.02546,1,0.52520
129.3800,0.53607,0.45406,0.39664,0.55000,0.43301,9.9999,0.02546,1,0.52520
129.4000,0.53607,0.45406,0.39664,0.55000,0.43301,9.9999,0.02546,1,0.52520
129.4200,0.53607,0.45406,0.39664,0.55000,0.43301,9.9999,0.02546,1,0.52520
129.4400,0.53607,0.45406,0.39664,0.55000,0.43301,9.9999,0.02546,1,0.52520
129.4600,0.53607,0.45406,0.39664,0.55000,0.43301,9.9999,0.02546,1,0.52520
129.4800,0.53607,0.45406,0.39664,0.55000,0.43301,9.9999,0.02546,1,0.52520
129.5000,0.53607,0.45406,0.39664,0.55000,0.43301,9.9999,0.02546,1,0.52520
129.5200,0.53607,0.45406,0.39664,0.55000,0.43301,9.9999,0.02546,1,0.52520
129.5400,0.53607,0.45406,0.39664,0.55000,0.43301,9.9999,0.02546,1,0.52521
129.5600,0.53607,0.45406,0.39664,0.55000,0.43301,9.9999,0.02546,1,0.52521
129.5800,0.53607,0.45406,0.39664,0.55000,0.43301,9.9999,0.02546,1,0.52521
129.6000,0.53607,0.45406,0.39664,0.55000,0.43301,9.9999,0.02546,1,0.52521
129.6200,0.53607,0.45406,0.39664,0.55000,0.43301,9.9999,0.02546,1,0.52521
129.6400,0.53607,0.45406,0.39664,0.55000,0.43301,9.9999,0.02546,1,0.52521
129.6600,0.53607,0.45406,0.39664,0.55000,0.43301,9.9999,0.02546,1,0.52521
129.6800,0.53607,0.45406,0.39664,0.55000,0.43301,9.9999,0.02546,1,0.52521
129.7000,0.53607,0.45406,0.39664,0.55000,0.43301,9.9999,0.02546,1,0.52521
129.7200,0.53607,0.45406,0.39664,0.55000,0.43301,9.9999,0.02546,1,0.52521
129.7400,0.53607,0.45406,0.39664,0.55000,0.43301,9.9999,0.02546,1,0.52521
129.7600,0.53607,0.45406,0.39664,0.55000,0.43301,9.9999,0.02546,1,0.52521
129.7800,0.53607,0.45406,0.39664,0.55000,0.43301,9.9999,0.02546,1,0.52521
129.8000,0.53607,0.45406,0.39664,0.55000,0.43301,9.9999,0.02546,1,0.52521
129.8200,0.53607,0.45406,0.39664,0.55000,0.43301,9.9999,0.02546,1,0.52521
129.8400,0.53607,0.45406,0.39664,0.55000,0.43301,9.9999,0.02546,1,0.52521
129.8600,0.53607,0.45407,0.39664,0.55000,0.43301,9.9999,0.02546,1,0.52521
129.8800,0.53607,0.45407,0.39664,0.55000,0.43301,9.9999,0.02547,1,0.52521
129.9000,0.53607,0.45407,0.39664,0.55000,0.43301,9.9999,0.02547,1,0.52521
129.9200,0.53607,0.45407,0.39664,0.55000,0.43301,9.9999,0.02547,1,0.52521
129.9400,0.53607,0.45407,0.39664,0.55000,0.43301,9.9999,0.02547,1,0.52521
129.9600,0.53607,0.45407,0.39664,0.55000,0.43301,9.9999,0.02547,1,0.52521
129.9800,0.53607,0.45407,0.39664,0.55000,0.43301,9.9999,0.02547,1,0.52521
130.0000,0.53607,0.45407,0.39664,0.55000,0.43301,9.9999,0.02547,1,0.52521
130.0200,0.53607,0.45407,0.39664,0.55000,0.43301,9.9999,0.02547,1,0.52521
130.0400,0.53607,0.45407,0.39664,0.55000,0.43301,9.9999,0.02547,1,0.52521
130.0600,0.53607,0.45407,0.39664,0.55000,0.43301,9.9999,0.02547,1,0.52521
130.0800,0.53607,0.45407,0.39664,0.55000,0.43301,9.9999,0.02547,1,0.52521
130.1000,0.53607,0.45407,0.39664,0.55000,0.43301,9.9999,0.02547,1,0.52521
130.1200,0.53607,0.45407,0.39664,0.55000,0.43301,9.9999,0.02547,1,0.52521
130.1400,0.53608,0.45407,0.39664,0.55000,0.43301,9.9999,0.02547,1,0.52521
130.1600,0.53608,0.45407,0.39664,0.55000,0.43301,9.9999,0.02547,1,0.52521
130.1800,0.53608,0.45407,0.39664,0.55000,0.43301,9.9999,0.02547,1,0.52521
130.2000,0.53608,0.45407,0.39664,0.55000,0.43301,9.9999,0.02547,1,0.52521
130.2200,0.53608,0.45407,0.39664,0.55000,0.43301,9.9999,0.02547,1,0.52521
130.2400,0.53608,0.45407,0.39664,0.55000,0.43301,9.9999,0.02547,1,0.52521
130.2600,0.53608,0.45407,0.39664,0.55000,0.43301,9.9999,0.02547,1,0.52521
130.2800,0.53608,0.45407,0.39664,0.55000,0.43301,9.9999,0.02547,1,0.52521
130.3000,0.53608,0.45407,0.39664,0.55000,0.43301,9.9999,0.02547,1,0.52521
130.3200,0.53608,0.45407,0.39664,0.55000,0.43301,9.9999,0.02547,1,0.52521
130.3400,0.53608,0.45407,0.39664,0.55000,0.43301,9.9999,0.02547,1,0.52521
130.3600,0.53608,0.45407,0.39664,0.55000,0.43301,9.9999,0.02547,1,0.52521
130.3800,0.53608,0.45407,0.39664,0.55000,0.43301,9.9999,0.02547,1,0.52521
130.4000,0.53608,0.45407,0.39664,0.55000,0.43301,9.9999,0.02547,1,0.52521
130.4200,0.53608,0.45407,0.39664,0.55000,0.43301,9.9999,0.02547,1,0.52521
130.4400,0.53608,0.45407,0.39664,0.55000,0.43301,9.9999,0.02547,1,0.52521
130.4600,0.53608,0.45407,0.39664,0.55000,0.43301,9.9999,0.02547,1,0.52521
130.4800,0.53608,0.45407,0.39664,0.55000,0.43301,9.9999,0.02547,1,0.52521
130.5000,0.53608,0.45407,0.39664,0.55000,0.43301,9.9999,0.02547,1,0.52521
130.5200,0.53608,0.45407,0.39664,0.55000,0.43301,9.9999,0.02547,1,0.52521
130.5400,0.53608,0.45407,0.39664,0.55000,0.43301,9.9999,0.02547,1,0.52521
130.5600,0.53608,0.45408,0.39664,0.55000,0.43301,9.9999,0.02547,1,0.52521
130.5800,0.53608,0.45408,0.39664,0.55000,0.43301,9.9999,0.02547,1,0.52522
130.6000,0.53608,0.45408,0.39664,0.55000,0.43301,9.9999,0.02547,1,0.52522
130.6200,0.53608,0.45408,0.39664,0.55000,0.43301,9.9999,0.02547,1,0.52522
130.6400,0.53608,0.45408,0.39664,0.55000,0.43301,9.9999,0.02547,1,0.52522
130.6600,0.53608,0.45408,0.39664,0.55000,0.43301,9.9999,0.02547,1,0.52522
130.6800,0.53608,0.45408,0.39664,0.55000,0.43301,9.9999,0.02547,1,0.52522
130.7000,0.53608,0.45408,0.39664,0.55000,0.43301,9.9999,0.02547,1,0.52522
130.7200,0.53608,0.45408,0.39664,0.55000,0.43301,9.9999,0.02547,1,0.52522
130.7400,0.53608,0.45408,0.39664,0.55000,0.43301,9.9999,0.02547,1,0.52522
130.7600,0.53608,0.45408,0.39663,0.55000,0.43301,9.9999,0.02547,1,0.52522
130.7800,0.53608,0.45408,0.39663,0.55000,0.43301,9.9999,0.02547,1,0.52522
130.8000,0.53608,0.45408,0.39663,0.55000,0.43301,9.9999,0.02547,1,0.52522
130.8200,0.53608,0.45408,0.39663,0.55000,0.43301,9.9999,0.02547,1,0.52522
130.8400,0.53608,0.45408,0.39663,0.55000,0.43301,9.9999,0.02547,1,0.52522
130.8600,0.53608,0.45408,0.39663,0.55000,0.43301,9.9999,0.02547,1,0.52522
130.8800,0.53608,0.45408,0.39663,0.55000,0.43301,9.9999,0.02547,1,0.52522
130.9000,0.53608,0.45408,0.39663,0.55000,0.43301,9.9999,0.02547,1,0.52522
130.9200,0.53608,0.45408,0.39663,0.55000,0.43301,9.9999,0.02547,1,0.52522
130.9400,0.53608,0.45408,0.39663,0.55000,0.43301,9.9999,0.02547,1,0.52522
130.9600,0.53608,0.45408,0.39663,0.55000,0.43301,9.9999,0.02547,1,0.52522
130.9800,0.53608,0.45408,0.39663,0.55000,0.43301,9.9999,0.02548,1,0.52522
131.0000,0.53608,0.45408,0.39663,0.55000,0.43301,9.9999,0.02548,1,0.52522
131.0200,0.53608,0.45408,0.39663,0.55000,0.43301,9.9999,0.02548,1,0.52522
131.0400,0.53608,0.45408,0.39663,0.55000,0.43301,9.9999,0.02548,1,0.52522
131.0600,0.53608,0.45408,0.39663,0.55000,0.43301,9.9999,0.02548,1,0.52522
131.0800,0.53608,0.45408,0.39663,0.55000,0.43301,9.9999,0.02548,1,0.52522
131.1000,0.53608,0.45408,0.39663,0.55000,0.43301,9.9999,0.02548,1,0.52522
131.1200,0.53608,0.45408,0.39663,0.55000,0.43301,9.9999,0.02548,1,0.52522
131.1400,0.53608,0.45408,0.39663,0.55000,0.43301,9.9999,0.02548,1,0.52522
131.1600,0.53608,0.45408,0.39663,0.55000,0.43301,9.9999,0.02548,1,0.52522
131.1800,0.53608,0.45408,0.39663,0.55000,0.43301,9.9999,0.02548,1,0.52522
131.2000,0.53608,0.45408,0.39663,0.55000,0.43301,9.9999,0.02548,1,0.52522
131.2200,0.53608,0.45408,0.39663,0.55000,0.43301,9.9999,0.02548,1,0.52522
131.2400,0.53608,0.45408,0.39663,0.55000,0.43301,9.9999,0.02548,1,0.52522
131.2600,0.53608,0.45409,0.39663,0.55000,0.43301,9.9999,0.02548,1,0.52522
131.2800,0.53608,0.45409,0.39663,0.55000,0.43301,9.9999,0.02548,1,0.52522
131.3000,0.53608,0.45409,0.39663,0.55000,0.43301,9.9999,0.02548,1,0.52522
131.3200,0.53608,0.45409,0.39663,0.55000,0.43301,9.9999,0.02548,1,0.52522
131.3400,0.53608,0.45409,0.39663,0.55000,0.43301,9.9999,0.02548,1,0.52522
131.3600,0.53608,0.45409,0.39663,0.55000,0.43301,9.9999,0.02548,1,0.52522
131.3800,0.53608,0.45409,0.39663,0.55000,0.43301,9.9999,0.02548,1,0.52522
131.4000,0.53608,0.45409,0.39663,0.55000,0.43301,9.9999,0.02548,1,0.52522
131.4200,0.53608,0.45409,0.39663,0.55000,0.43301,9.9999,0.02548,1,0.52522
131.4400,0.53608,0.45409,0.39663,0.55000,0.43301,9.9999,0.02548,1,0.52522
131.4600,0.53608,0.45409,0.39663,0.55000,0.43301,9.9999,0.02548,1,0.52522
131.4800,0.53608,0.45409,0.39663,0.55000,0.43301,9.9999,0.02548,1,0.52522
131.5000,0.53608,0.45409,0.39663,0.55000,0.43301,9.9999,0.02548,1,0.52522
131.5200,0.53608,0.45409,0.39663,0.55000,0.43301,9.9999,0.02548,1,0.52522
131.5400,0.53608,0.45409,0.39663,0.55000,0.43301,9.9999,0.02548,1,0.52522
131.5600,0.53608,0.45409,0.39663,0.55000,0.43301,9.9999,0.02548,1,0.52522
131.5800,0.53608,0.45409,0.39663,0.55000,0.43301,9.9999,0.02548,1,0.52522
131.6000,0.53608,0.45409,0.39663,0.55000,0.43301,9.9999,0.02548,1,0.52522
131.6200,0.53608,0.45409,0.39663,0.55000,0.43301,9.9999,0.02548,1,0.52523
131.6400,0.53608,0.45409,0.39663,0.55000,0.43301,9.9999,0.02548,1,0.52523
131.6600,0.53608,0.45409,0.39663,0.55000,0.43301,9.9999,0.02548,1,0.52523
131.6800,0.53608,0.45409,0.39663,0.55000,0.43301,9.9999,0.02548,1,0.52523
131.7000,0.53608,0.45409,0.39663,0.55000,0.43301,9.9999,0.02548,1,0.52523
131.7200,0.53608,0.45409,0.39663,0.55000,0.43301,9.9999,0.02548,1,0.52523
131.7400,0.53608,0.45409,0.39663,0.55000,0.43301,9.9999,0.02548,1,0.52523
131.7600,0.53608,0.45409,0.39663,0.55000,0.43301,9.9999,0.02548,1,0.52523
131.7800,0.53608,0.45409,0.39663,0.55000,0.43301,9.9999,0.02548,1,0.52523
131.8000,0.53608,0.45409,0.39663,0.55000,0.43301,9.9999,0.02548,1,0.52523
131.8200,0.53608,0.45409,0.39663,0.55000,0.43301,9.9999,0.02548,1,0.52523
131.8400,0.53608,0.45409,0.39663,0.55000,0.43301,9.9999,0.02548,1,0.52523
131.8600,0.53608,0.45409,0.39663,0.55000,0.43301,9.9999,0.02548,1,0.52523
131.8800,0.53608,0.45409,0.39663,0.55000,0.43301,9.9999,0.02548,1,0.52523
131.9000,0.53609,0.45409,0.39663,0.55000,0.43301,9.9999,0.02548,1,0.52523
131.9200,0.53609,0.45409,0.39663,0.55000,0.43301,9.9999,0.02548,1,0.52523
131.9400,0.53609,0.45409,0.39663,0.55000,0.43301,9.9999,0.02548,1,0.52523
131.9600,0.53609,0.45410,0.39663,0.55000,0.43301,9.9999,0.02548,1,0.52523
131.9800,0.53609,0.45410,0.39663,0.55000,0.43301,9.9999,0.02548,1,0.52523
132.0000,0.53609,0.45410,0.39663,0.55000,0.43301,9.9999,0.02548,1,0.52523
132.0200,0.53609,0.45410,0.39663,0.55000,0.43301,9.9999,0.02548,1,0.52523
132.0400,0.53609,0.45410,0.39663,0.55000,0.43301,9.9999,0.02548,1,0.52523
132.0600,0.53609,0.45410,0.39663,0.55000,0.43301,9.9999,0.02548,1,0.52523
132.0800,0.53609,0.45410,0.39663,0.55000,0.43301,9.9999,0.02548,1,0.52523
132.1000,0.53609,0.45410,0.39663,0.55000,0.43301,9.9999,0.02549,1,0.52523
132.1200,0.53609,0.45410,0.39663,0.55000,0.43301,9.9999,0.02549,1,0.52523
132.1400,0.53609,0.45410,0.39663,0.55000,0.43301,9.9999,0.02549,1,0.52523
132.1600,0.53609,0.45410,0.39663,0.55000,0.43301,9.9999,0.02549,1,0.52523
132.1800,0.53609,0.45410,0.39663,0.55000,0.43301,9.9999,0.02549,1,0.52523
132.2000,0.53609,0.45410,0.39663,0.55000,0.43301,9.9999,0.02549,1,0.52523
132.2200,0.53609,0.45410,0.39663,0.55000,0.43301,9.9999,0.02549,1,0.52523
132.2400,0.53609,0.45410,0.39663,0.55000,0.43301,9.9999,0.02549,1,0.52523
132.2600,0.53609,0.45410,0.39663,0.55000,0.43301,9.9999,0.02549,1,0.52523
132.2800,0.53609,0.45410,0.39663,0.55000,0.43301,9.9999,0.02549,1,0.52523
132.3000,0.53609,0.45410,0.39663,0.55000,0.43301,9.9999,0.02549,1,0.52523
132.3200,0.53609,0.45410,0.39663,0.55000,0.43301,9.9999,0.02549,1,0.52523
132.3400,0.53609,0.45410,0.39663,0.55000,0.43301,9.9999,0.02549,1,0.52523
132.3600,0.53609,0.45410,0.39663,0.55000,0.43301,9.9999,0.02549,1,0.52523
132.3800,0.53609,0.45410,0.39663,0.55000,0.43301,9.9999,0.02549,1,0.52523
132.4000,0.53609,0.45410,0.39663,0.55000,0.43301,9.9999,0.02549,1,0.52523
132.4200,0.53609,0.45410,0.39663,0.55000,0.43301,9.9999,0.02549,1,0.52523
132.4400,0.53609,0.45410,0.39663,0.55000,0.43301,9.9999,0.02549,1,0.52523
132.4600,0.53609,0.45410,0.39663,0.55000,0.43301,9.9999,0.02549,1,0.52523
132.4800,0.53609,0.45410,0.39663,0.55000,0.43301,9.9999,0.02549,1,0.52523
132.5000,0.53609,0.45410,0.39663,0.55000,0.43301,9.9999,0.02549,1,0.52523
132.5200,0.53609,0.45410,0.39663,0.55000,0.43301,9.9999,0.02549,1,0.52523
132.5400,0.53609,0.45410,0.39663,0.55000,0.43301,9.9999,0.02549,1,0.52523
132.5600,0.53609,0.45410,0.39663,0.55000,0.43301,9.9999,0.02549,1,0.52523
132.5800,0.53609,0.45410,0.39663,0.55000,0.43301,9.9999,0.02549,1,0.52523
132.6000,0.53609,0.45410,0.39663,0.55000,0.43301,9.9999,0.02549,1,0.52523
132.6200,0.53609,0.45410,0.39663,0.55000,0.43301,9.9999,0.02549,1,0.52523
132.6400,0.53609,0.45410,0.39663,0.55000,0.43301,9.9999,0.02549,1,0.52523
132.6600,0.53609,0.45410,0.39663,0.55000,0.43301,9.9999,0.02549,1,0.52523
132.6800,0.53609,0.45411,0.39663,0.55000,0.43301,9.9999,0.02549,1,0.52523
132.7000,0.53609,0.45411,0.39663,0.55000,0.43301,9.9999,0.02549,1,0.52524
132.7200,0.53609,0.45411,0.39663,0.55000,0.43301,9.9999,0.02549,1,0.52524
132.7400,0.53609,0.45411,0.39663,0.55000,0.43301,9.9999,0.02549,1,0.52524
132.7600,0.53609,0.45411,0.39663,0.55000,0.43301,9.9999,0.02549,1,0.52524
132.7800,0.53609,0.45411,0.39663,0.55000,0.43301,9.9999,0.02549,1,0.52524
132.8000,0.53609,0.45411,0.39663,0.55000,0.43301,9.9999,0.02549,1,0.52524
132.8200,0.53609,0.45411,0.39663,0.55000,0.43301,9.9999,0.02549,1,0.52524
132.8400,0.53609,0.45411,0.39663,0.55000,0.43301,9.9999,0.02549,1,0.52524
132.8600,0.53609,0.45411,0.39663,0.55000,0.43301,9.9999,0.02549,1,0.52524
132.8800,0.53609,0.45411,0.39663,0.55000,0.43301,9.9999,0.02549,1,0.52524
132.9000,0.53609,0.45411,0.39663,0.55000,0.43301,9.9999,0.02549,1,0.52524
132.9200,0.53609,0.45411,0.39663,0.55000,0.43301,9.9999,0.02549,1,0.52524
132.9400,0.53609,0.45411,0.39663,0.55000,0.43301,9.9999,0.02549,1,0.52524
132.9600,0.53609,0.45411,0.39663,0.55000,0.43301,9.9999,0.02549,1,0.52524
132.9800,0.53609,0.45411,0.39663,0.55000,0.43301,9.9999,0.02549,1,0.52524
133.0000,0.53609,0.45411,0.39663,0.55000,0.43301,9.9999,0.02549,1,0.52524
133.0200,0.53609,0.45411,0.39663,0.55000,0.43301,9.9999,0.02549,1,0.52524
133.0400,0.53609,0.45411,0.39663,0.55000,0.43301,9.9999,0.02549,1,0.52524
133.0600,0.53609,0.45411,0.39663,0.55000,0.43301,9.9999,0.02549,1,0.52524
133.0800,0.53609,0.45411,0.39663,0.55000,0.43301,9.9999,0.02549,1,0.52524
133.1000,0.53609,0.45411,0.39663,0.55000,0.43301,9.9999,0.02549,1,0.52524
133.1200,0.53609,0.45411,0.39663,0.55000,0.43301,9.9999,0.02549,1,0.52524
133.1400,0.53609,0.45411,0.39663,0.55000,0.43301,9.9999,0.02549,1,0.52524
133.1600,0.53609,0.45411,0.39663,0.55000,0.43301,9.9999,0.02549,1,0.52524
133.1800,0.53609,0.45411,0.39663,0.55000,0.43301,9.9999,0.02549,1,0.52524
133.2000,0.53609,0.45411,0.39663,0.55000,0.43301,9.9999,0.02549,1,0.52524
133.2200,0.53609,0.45411,0.39663,0.55000,0.43301,9.9999,0.02549,1,0.52524
133.2400,0.53609,0.45411,0.39663,0.55000,0.43301,9.9999,0.02550,1,0.52524
133.2600,0.53609,0.45411,0.39663,0.55000,0.43301,9.9999,0.02550,1,0.52524
133.2800,0.53609,0.45411,0.39663,0.55000,0.43301,9.9999,0.02550,1,0.52524
133.3000,0.53609,0.45411,0.39663,0.55000,0.43301,9.9999,0.02550,1,0.52524
133.3200,0.53609,0.45411,0.39663,0.55000,0.43301,9.9999,0.02550,1,0.52524
133.3400,0.53609,0.45411,0.39663,0.55000,0.43301,9.9999,0.02550,1,0.52524
133.3600,0.53609,0.45411,0.39663,0.55000,0.43301,9.9999,0.02550,1,0.52524
133.3800,0.53609,0.45411,0.39663,0.55000,0.43301,9.9999,0.02550,1,0.52524
133.4000,0.53609,0.45412,0.39663,0.55000,0.43301,9.9999,0.02550,1,0.52524
133.4200,0.53609,0.45412,0.39663,0.55000,0.43301,9.9999,0.02550,1,0.52524
133.4400,0.53609,0.45412,0.39663,0.55000,0.43301,9.9999,0.02550,1,0.52524
133.4600,0.53609,0.45412,0.39663,0.55000,0.43301,9.9999,0.02550,1,0.52524
133.4800,0.53609,0.45412,0.39663,0.55000,0.43301,9.9999,0.02550,1,0.52524
133.5000,0.53609,0.45412,0.39663,0.55000,0.43301,9.9999,0.02550,1,0.52524
133.5200,0.53609,0.45412,0.39663,0.55000,0.43301,9.9999,0.02550,1,0.52524
133.5400,0.53609,0.45412,0.39663,0.55000,0.43301,9.9999,0.02550,1,0.52524
133.5600,0.53609,0.45412,0.39663,0.55000,0.43301,9.9999,0.02550,1,0.52524
133.5800,0.53609,0.45412,0.39663,0.55000,0.43301,9.9999,0.02550,1,0.52524
133.6000,0.53609,0.45412,0.39663,0.55000,0.43301,9.9999,0.02550,1,0.52524
133.6200,0.53609,0.45412,0.39663,0.55000,0.43301,9.9999,0.02550,1,0.52524
133.6400,0.53609,0.45412,0.39663,0.55000,0.43301,9.9999,0.02550,1,0.52524
133.6600,0.53610,0.45412,0.39663,0.55000,0.43301,9.9999,0.02550,1,0.52524
133.6800,0.53610,0.45412,0.39663,0.55000,0.43301,9.9999,0.02550,1,0.52524
133.7000,0.53610,0.45412,0.39663,0.55000,0.43301,9.9999,0.02550,1,0.52524
133.7200,0.53610,0.45412,0.39663,0.55000,0.43301,9.9999,0.02550,1,0.52524
133.7400,0.53610,0.45412,0.39663,0.55000,0.43301,9.9999,0.02550,1,0.52524
133.7600,0.53610,0.45412,0.39663,0.55000,0.43301,9.9999,0.02550,1,0.52524
133.7800,0.53610,0.45412,0.39663,0.55000,0.43301,9.9999,0.02550,1,0.52524
133.8000,0.53610,0.45412,0.39663,0.55000,0.43301,9.9999,0.02550,1,0.52524
133.8200,0.53610,0.45412,0.39663,0.55000,0.43301,9.9999,0.02550,1,0.52525
133.8400,0.53610,0.45412,0.39663,0.55000,0.43301,9.9999,0.02550,1,0.52525
133.8600,0.53610,0.45412,0.39663,0.55000,0.43301,9.9999,0.02550,1,0.52525
133.8800,0.53610,0.45412,0.39663,0.55000,0.43301,9.9999,0.02550,1,0.52525
133.9000,0.53610,0.45412,0.39663,0.55000,0.43301,9.9999,0.02550,1,0.52525
133.9200,0.53610,0.45412,0.39663,0.55000,0.43301,9.9999,0.02550,1,0.52525
133.9400,0.53610,0.45412,0.39663,0.55000,0.43301,9.9999,0.02550,1,0.52525
133.9600,0.53610,0.45412,0.39663,0.55000,0.43301,9.9999,0.02550,1,0.52525
133.9800,0.53610,0.45412,0.39663,0.55000,0.43301,9.9999,0.02550,1,0.52525
134.0000,0.53610,0.45412,0.39663,0.55000,0.43301,9.9999,0.02550,1,0.52525
134.0200,0.53610,0.45412,0.39663,0.55000,0.43301,9.9999,0.02550,1,0.52525
134.0400,0.53610,0.45412,0.39663,0.55000,0.43301,9.9999,0.02550,1,0.52525
134.0600,0.53610,0.45412,0.39663,0.55000,0.43301,9.9999,0.02550,1,0.52525
134.0800,0.53610,0.45412,0.39663,0.55000,0.43301,9.9999,0.02550,1,0.52525
134.1000,0.53610,0.45412,0.39663,0.55000,0.43301,9.9999,0.02550,1,0.52525
134.1200,0.53610,0.45412,0.39663,0.55000,0.43301,9.9999,0.02550,1,0.52525
134.1400,0.53610,0.45413,0.39663,0.55000,0.43301,9.9999,0.02550,1,0.52525
134.1600,0.53610,0.45413,0.39663,0.55000,0.43301,9.9999,0.02550,1,0.52525
134.1800,0.53610,0.45413,0.39663,0.55000,0.43301,9.9999,0.02550,1,0.52525
134.2000,0.53610,0.45413,0.39663,0.55000,0.43301,9.9999,0.02550,1,0.52525
134.2200,0.53610,0.45413,0.39663,0.55000,0.43301,9.9999,0.02550,1,0.52525
134.2400,0.53610,0.45413,0.39663,0.55000,0.43301,9.9999,0.02550,1,0.52525
134.2600,0.53610,0.45413,0.39663,0.55000,0.43301,9.9999,0.02550,1,0.52525
134.2800,0.53610,0.45413,0.39663,0.55000,0.43301,9.9999,0.02550,1,0.52525
134.3000,0.53610,0.45413,0.39663,0.55000,0.43301,9.9999,0.02550,1,0.52525
134.3200,0.53610,0.45413,0.39663,0.55000,0.43301,9.9999,0.02550,1,0.52525
134.3400,0.53610,0.45413,0.39663,0.55000,0.43301,9.9999,0.02550,1,0.52525
134.3600,0.53610,0.45413,0.39663,0.55000,0.43301,9.9999,0.02550,1,0.52525
134.3800,0.53610,0.45413,0.39663,0.55000,0.43301,9.9999,0.02550,1,0.52525
134.4000,0.53610,0.45413,0.39663,0.55000,0.43301,9.9999,0.02550,1,0.52525
134.4200,0.53610,0.45413,0.39663,0.55000,0.43301,9.9999,0.02551,1,0.52525
134.4400,0.53610,0.45413,0.39663,0.55000,0.43301,9.9999,0.02551,1,0.52525
134.4600,0.53610,0.45413,0.39663,0.55000,0.43301,9.9999,0.02551,1,0.52525
134.4800,0.53610,0.45413,0.39663,0.55000,0.43301,9.9999,0.02551,1,0.52525
134.5000,0.53610,0.45413,0.39663,0.55000,0.43301,9.9999,0.02551,1,0.52525
134.5200,0.53610,0.45413,0.39663,0.55000,0.43301,9.9999,0.02551,1,0.52525
134.5400,0.53610,0.45413,0.39663,0.55000,0.43301,9.9999,0.02551,1,0.52525
134.5600,0.53610,0.45413,0.39663,0.55000,0.43301,9.9999,0.02551,1,0.52525
134.5800,0.53610,0.45413,0.39663,0.55000,0.43301,9.9999,0.02551,1,0.52525
134.6000,0.53610,0.45413,0.39663,0.55000,0.43301,9.9999,0.02551,1,0.52525
134.6200,0.53610,0.45413,0.39663,0.55000,0.43301,9.9999,0.02551,1,0.52525
134.6400,0.53610,0.45413,0.39663,0.55000,0.43301,9.9999,0.02551,1,0.52525
134.6600,0.53610,0.45413,0.39663,0.55000,0.43301,9.9999,0.02551,1,0.52525
134.6800,0.53610,0.45413,0.39663,0.55000,0.43301,9.9999,0.02551,1,0.52525
134.7000,0.53610,0.45413,0.39663,0.55000,0.43301,9.9999,0.02551,1,0.52525
134.7200,0.53610,0.45413,0.39663,0.55000,0.43301,9.9999,0.02551,1,0.52525
134.7400,0.53610,0.45413,0.39663,0.55000,0.43301,9.9999,0.02551,1,0.52525
134.7600,0.53610,0.45413,0.39663,0.55000,0.43301,9.9999,0.02551,1,0.52525
134.7800,0.53610,0.45413,0.39663,0.55000,0.43301,9.9999,0.02551,1,0.52525
134.8000,0.53610,0.45413,0.39663,0.55000,0.43301,9.9999,0.02551,1,0.52525
134.8200,0.53610,0.45413,0.39662,0.55000,0.43301,9.9999,0.02551,1,0.52525
134.8400,0.53610,0.45413,0.39662,0.55000,0.43301,9.9999,0.02551,1,0.52525
134.8600,0.53610,0.45413,0.39662,0.55000,0.43301,9.9999,0.02551,1,0.52525
134.8800,0.53610,0.45414,0.39662,0.55000,0.43301,9.9999,0.02551,1,0.52525
134.9000,0.53610,0.45414,0.39662,0.55000,0.43301,9.9999,0.02551,1,0.52525
134.9200,0.53610,0.45414,0.39662,0.55000,0.43301,9.9999,0.02551,1,0.52525
134.9400,0.53610,0.45414,0.39662,0.55000,0.43301,9.9999,0.02551,1,0.52526
134.9600,0.53610,0.45414,0.39662,0.55000,0.43301,9.9999,0.02551,1,0.52526
134.9800,0.53610,0.45414,0.39662,0.55000,0.43301,9.9999,0.02551,1,0.52526
135.0000,0.53610,0.45414,0.39662,0.55000,0.43301,9.9999,0.02551,1,0.52526
135.0200,0.53610,0.45414,0.39662,0.55000,0.43301,9.9999,0.02551,1,0.52526
135.0400,0.53610,0.45414,0.39662,0.55000,0.43301,9.9999,0.02551,1,0.52526
135.0600,0.53610,0.45414,0.39662,0.55000,0.43301,9.9999,0.02551,1,0.52526
135.0800,0.53610,0.45414,0.39662,0.55000,0.43301,9.9999,0.02551,1,0.52526
135.1000,0.53610,0.45414,0.39662,0.55000,0.43301,9.9999,0.02551,1,0.52526
135.1200,0.53610,0.45414,0.39662,0.55000,0.43301,9.9999,0.02551,1,0.52526
135.1400,0.53610,0.45414,0.39662,0.55000,0.43301,9.9999,0.02551,1,0.52526
135.1600,0.53610,0.45414,0.39662,0.55000,0.43301,9.9999,0.02551,1,0.52526
135.1800,0.53610,0.45414,0.39662,0.55000,0.43301,9.9999,0.02551,1,0.52526
135.2000,0.53610,0.45414,0.39662,0.55000,0.43301,9.9999,0.02551,1,0.52526
135.2200,0.53610,0.45414,0.39662,0.55000,0.43301,9.9999,0.02551,1,0.52526
135.2400,0.53610,0.45414,0.39662,0.55000,0.43301,9.9999,0.02551,1,0.52526
135.2600,0.53610,0.45414,0.39662,0.55000,0.43301,9.9999,0.02551,1,0.52526
135.2800,0.53610,0.45414,0.39662,0.55000,0.43301,9.9999,0.02551,1,0.52526
135.3000,0.53610,0.45414,0.39662,0.55000,0.43301,9.9999,0.02551,1,0.52526
135.3200,0.53610,0.45414,0.39662,0.55000,0.43301,9.9999,0.02551,1,0.52526
135.3400,0.53610,0.45414,0.39662,0.55000,0.43301,9.9999,0.02551,1,0.52526
135.3600,0.53610,0.45414,0.39662,0.55000,0.43301,9.9999,0.02551,1,0.52526
135.3800,0.53610,0.45414,0.39662,0.55000,0.43301,9.9999,0.02551,1,0.52526
135.4000,0.53610,0.45414,0.39662,0.55000,0.43301,9.9999,0.02551,1,0.52526
135.4200,0.53611,0.45414,0.39662,0.55000,0.43301,9.9999,0.02551,1,0.52526
135.4400,0.53611,0.45414,0.39662,0.55000,0.43301,9.9999,0.02551,1,0.52526
135.4600,0.53611,0.45414,0.39662,0.55000,0.43301,9.9999,0.02551,1,0.52526
135.4800,0.53611,0.45414,0.39662,0.55000,0.43301,9.9999,0.02551,1,0.52526
135.5000,0.53611,0.45414,0.39662,0.55000,0.43301,9.9999,0.02551,1,0.52526
135.5200,0.53611,0.45414,0.39662,0.55000,0.43301,9.9999,0.02551,1,0.52526
135.5400,0.53611,0.45414,0.39662,0.55000,0.43301,9.9999,0.02551,1,0.52526
135.5600,0.53611,0.45414,0.39662,0.55000,0.43301,9.9999,0.02551,1,0.52526
135.5800,0.53611,0.45414,0.39662,0.55000,0.43301,9.9999,0.02551,1,0.52526
135.6000,0.53611,0.45414,0.39662,0.55000,0.43301,9.9999,0.02551,1,0.52526
135.6200,0.53611,0.45414,0.39662,0.55000,0.43301,9.9999,0.02551,1,0.52526
135.6400,0.53611,0.45415,0.39662,0.55000,0.43301,9.9999,0.02552,1,0.52526
135.6600,0.53611,0.45415,0.39662,0.55000,0.43301,9.9999,0.02552,1,0.52526
135.6800,0.53611,0.45415,0.39662,0.55000,0.43301,9.9999,0.02552,1,0.52526
135.7000,0.53611,0.45415,0.39662,0.55000,0.43301,9.9999,0.02552,1,0.52526
135.7200,0.53611,0.45415,0.39662,0.55000,0.43301,9.9999,0.02552,1,0.52526
135.7400,0.53611,0.45415,0.39662,0.55000,0.43301,9.9999,0.02552,1,0.52526
135.7600,0.53611,0.45415,0.39662,0.55000,0.43301,9.9999,0.02552,1,0.52526
135.7800,0.53611,0.45415,0.39662,0.55000,0.43301,9.9999,0.02552,1,0.52526
135.8000,0.53611,0.45415,0.39662,0.55000,0.43301,9.9999,0.02552,1,0.52526
135.8200,0.53611,0.45415,0.39662,0.55000,0.43301,9.9999,0.02552,1,0.52526
135.8400,0.53611,0.45415,0.39662,0.55000,0.43301,9.9999,0.02552,1,0.52526
135.8600,0.53611,0.45415,0.39662,0.55000,0.43301,9.9999,0.02552,1,0.52526
135.8800,0.53611,0.45415,0.39662,0.55000,0.43301,9.9999,0.02552,1,0.52526
135.9000,0.53611,0.45415,0.39662,0.55000,0.43301,9.9999,0.02552,1,0.52526
135.9200,0.53611,0.45415,0.39662,0.55000,0.43301,9.9999,0.02552,1,0.52526
135.9400,0.53611,0.45415,0.39662,0.55000,0.43301,9.9999,0.02552,1,0.52526
135.9600,0.53611,0.45415,0.39662,0.55000,0.43301,9.9999,0.02552,1,0.52526
135.9800,0.53611,0.45415,0.39662,0.55000,0.43301,9.9999,0.02552,1,0.52526
136.0000,0.53611,0.45415,0.39662,0.55000,0.43301,9.9999,0.02552,1,0.52526
136.0200,0.53611,0.45415,0.39662,0.55000,0.43301,9.9999,0.02552,1,0.52526
136.0400,0.53611,0.45415,0.39662,0.55000,0.43301,9.9999,0.02552,1,0.52526
136.0600,0.53611,0.45415,0.39662,0.55000,0.43301,9.9999,0.02552,1,0.52526
136.0800,0.53611,0.45415,0.39662,0.55000,0.43301,9.9999,0.02552,1,0.52526
136.1000,0.53611,0.45415,0.39662,0.55000,0.43301,9.9999,0.02552,1,0.52526
136.1200,0.53611,0.45415,0.39662,0.55000,0.43301,9.9999,0.02552,1,0.52527
136.1400,0.53611,0.45415,0.39662,0.55000,0.43301,9.9999,0.02552,1,0.52527
136.1600,0.53611,0.45415,0.39662,0.55000,0.43301,9.9999,0.02552,1,0.52527
136.1800,0.53611,0.45415,0.39662,0.55000,0.43301,9.9999,0.02552,1,0.52527
136.2000,0.53611,0.45415,0.39662,0.55000,0.43301,9.9999,0.02552,1,0.52527
136.2200,0.53611,0.45415,0.39662,0.55000,0.43301,9.9999,0.02552,1,0.52527
136.2400,0.53611,0.45415,0.39662,0.55000,0.43301,9.9999,0.02552,1,0.52527
136.2600,0.53611,0.45415,0.39662,0.55000,0.43301,9.9999,0.02552,1,0.52527
136.2800,0.53611,0.45415,0.39662,0.55000,0.43301,9.9999,0.02552,1,0.52527
136.3000,0.53611,0.45415,0.39662,0.55000,0.43301,9.9999,0.02552,1,0.52527
136.3200,0.53611,0.45415,0.39662,0.55000,0.43301,9.9999,0.02552,1,0.52527
136.3400,0.53611,0.45415,0.39662,0.55000,0.43301,9.9999,0.02552,1,0.52527
136.3600,0.53611,0.45415,0.39662,0.55000,0.43301,9.9999,0.02552,1,0.52527
136.3800,0.53611,0.45415,0.39662,0.55000,0.43301,9.9999,0.02552,1,0.52527
136.4000,0.53611,0.45416,0.39662,0.55000,0.43301,9.9999,0.02552,1,0.52527
136.4200,0.53611,0.45416,0.39662,0.55000,0.43301,9.9999,0.02552,1,0.52527
136.4400,0.53611,0.45416,0.39662,0.55000,0.43301,9.9999,0.02552,1,0.52527
136.4600,0.53611,0.45416,0.39662,0.55000,0.43301,9.9999,0.02552,1,0.52527
136.4800,0.53611,0.45416,0.39662,0.55000,0.43301,9.9999,0.02552,1,0.52527
136.5000,0.53611,0.45416,0.39662,0.55000,0.43301,9.9999,0.02552,1,0.52527
136.5200,0.53611,0.45416,0.39662,0.55000,0.43301,9.9999,0.02552,1,0.52527
136.5400,0.53611,0.45416,0.39662,0.55000,0.43301,9.9999,0.02552,1,0.52527
136.5600,0.53611,0.45416,0.39662,0.55000,0.43301,9.9999,0.02552,1,0.52527
136.5800,0.53611,0.45416,0.39662,0.55000,0.43301,9.9999,0.02552,1,0.52527
136.6000,0.53611,0.45416,0.39662,0.55000,0.43301,9.9999,0.02552,1,0.52527
136.6200,0.53611,0.45416,0.39662,0.55000,0.43301,9.9999,0.02552,1,0.52527
136.6400,0.53611,0.45416,0.39662,0.55000,0.43301,9.9999,0.02552,1,0.52527
136.6600,0.53611,0.45416,0.39662,0.55000,0.43301,9.9999,0.02552,1,0.52527
136.6800,0.53611,0.45416,0.39662,0.55000,0.43301,9.9999,0.02552,1,0.52527
136.7000,0.53611,0.45416,0.39662,0.55000,0.43301,9.9999,0.02552,1,0.52527
136.7200,0.53611,0.45416,0.39662,0.55000,0.43301,9.9999,0.02552,1,0.52527
136.7400,0.53611,0.45416,0.39662,0.55000,0.43301,9.9999,0.02552,1,0.52527
136.7600,0.53611,0.45416,0.39662,0.55000,0.43301,9.9999,0.02552,1,0.52527
136.7800,0.53611,0.45416,0.39662,0.55000,0.43301,9.9999,0.02552,1,0.52527
136.8000,0.53611,0.45416,0.39662,0.55000,0.43301,9.9999,0.02552,1,0.52527
136.8200,0.53611,0.45416,0.39662,0.55000,0.43301,9.9999,0.02552,1,0.52527
136.8400,0.53611,0.45416,0.39662,0.55000,0.43301,9.9999,0.02552,1,0.52527
136.8600,0.53611,0.45416,0.39662,0.55000,0.43301,9.9999,0.02552,1,0.52527
136.8800,0.53611,0.45416,0.39662,0.55000,0.43301,9.9999,0.02553,1,0.52527
136.9000,0.53611,0.45416,0.39662,0.55000,0.43301,9.9999,0.02553,1,0.52527
136.9200,0.53611,0.45416,0.39662,0.55000,0.43301,9.9999,0.02553,1,0.52527
136.9400,0.53611,0.45416,0.39662,0.55000,0.43301,9.9999,0.02553,1,0.52527
136.9600,0.53611,0.45416,0.39662,0.55000,0.43301,9.9999,0.02553,1,0.52527
136.9800,0.53611,0.45416,0.39662,0.55000,0.43301,9.9999,0.02553,1,0.52527
137.0000,0.53611,0.45416,0.39662,0.55000,0.43301,9.9999,0.02553,1,0.52527
137.0200,0.53611,0.45416,0.39662,0.55000,0.43301,9.9999,0.02553,1,0.52527
137.0400,0.53611,0.45416,0.39662,0.55000,0.43301,9.9999,0.02553,1,0.52527
137.0600,0.53611,0.45416,0.39662,0.55000,0.43301,9.9999,0.02553,1,0.52527
137.0800,0.53611,0.45416,0.39662,0.55000,0.43301,9.9999,0.02553,1,0.52527
137.1000,0.53611,0.45416,0.39662,0.55000,0.43301,9.9999,0.02553,1,0.52527
137.1200,0.53611,0.45416,0.39662,0.55000,0.43301,9.9999,0.02553,1,0.52527
137.1400,0.53611,0.45416,0.39662,0.55000,0.43301,9.9999,0.02553,1,0.52527
137.1600,0.53611,0.45417,0.39662,0.55000,0.43301,9.9999,0.02553,1,0.52527
137.1800,0.53612,0.45417,0.39662,0.55000,0.43301,9.9999,0.02553,1,0.52527
137.2000,0.53612,0.45417,0.39662,0.55000,0.43301,9.9999,0.02553,1,0.52527
137.2200,0.53612,0.45417,0.39662,0.55000,0.43301,9.9999,0.02553,1,0.52527
137.2400,0.53612,0.45417,0.39662,0.55000,0.43301,9.9999,0.02553,1,0.52527
137.2600,0.53612,0.45417,0.39662,0.55000,0.43301,9.9999,0.02553,1,0.52527
137.2800,0.53612,0.45417,0.39662,0.55000,0.43301,9.9999,0.02553,1,0.52527
137.3000,0.53612,0.45417,0.39662,0.55000,0.43301,9.9999,0.02553,1,0.52528
137.3200,0.53612,0.45417,0.39662,0.55000,0.43301,9.9999,0.02553,1,0.52528
137.3400,0.53612,0.45417,0.39662,0.55000,0.43301,9.9999,0.02553,1,0.52528
137.3600,0.53612,0.45417,0.39662,0.55000,0.43301,9.9999,0.02553,1,0.52528
137.3800,0.53612,0.45417,0.39662,0.55000,0.43301,9.9999,0.02553,1,0.52528
137.4000,0.53612,0.45417,0.39662,0.55000,0.43301,9.9999,0.02553,1,0.52528
137.4200,0.53612,0.45417,0.39662,0.55000,0.43301,9.9999,0.02553,1,0.52528
137.4400,0.53612,0.45417,0.39662,0.55000,0.43301,9.9999,0.02553,1,0.52528
137.4600,0.53612,0.45417,0.39662,0.55000,0.43301,9.9999,0.02553,1,0.52528
137.4800,0.53612,0.45417,0.39662,0.55000,0.43301,9.9999,0.02553,1,0.52528
137.5000,0.53612,0.45417,0.39662,0.55000,0.43301,9.9999,0.02553,1,0.52528
137.5200,0.53612,0.45417,0.39662,0.55000,0.43301,9.9999,0.02553,1,0.52528
137.5400,0.53612,0.45417,0.39662,0.55000,0.43301,9.9999,0.02553,1,0.52528
137.5600,0.53612,0.45417,0.39662,0.55000,0.43301,9.9999,0.02553,1,0.52528
137.5800,0.53612,0.45417,0.39662,0.55000,0.43301,9.9999,0.02553,1,0.52528
137.6000,0.53612,0.45417,0.39662,0.55000,0.43301,9.9999,0.02553,1,0.52528
137.6200,0.53612,0.45417,0.39662,0.55000,0.43301,9.9999,0.02553,1,0.52528
137.6400,0.53612,0.45417,0.39662,0.55000,0.43301,9.9999,0.02553,1,0.52528
137.6600,0.53612,0.45417,0.39662,0.55000,0.43301,9.9999,0.02553,1,0.52528
137.6800,0.53612,0.45417,0.39662,0.55000,0.43301,9.9999,0.02553,1,0.52528
137.7000,0.53612,0.45417,0.39662,0.55000,0.43301,9.9999,0.02553,1,0.52528
137.7200,0.53612,0.45417,0.39662,0.55000,0.43301,9.9999,0.02553,1,0.52528
137.7400,0.53612,0.45417,0.39662,0.55000,0.43301,9.9999,0.02553,1,0.52528
137.7600,0.53612,0.45417,0.39662,0.55000,0.43301,9.9999,0.02553,1,0.52528
137.7800,0.53612,0.45417,0.39662,0.55000,0.43301,9.9999,0.02553,1,0.52528
137.8000,0.53612,0.45417,0.39662,0.55000,0.43301,9.9999,0.02553,1,0.52528
137.8200,0.53612,0.45417,0.39662,0.55000,0.43301,9.9999,0.02553,1,0.52528
137.8400,0.53612,0.45417,0.39662,0.55000,0.43301,9.9999,0.02553,1,0.52528
137.8600,0.53612,0.45417,0.39662,0.55000,0.43301,9.9999,0.02553,1,0.52528
137.8800,0.53612,0.45417,0.39662,0.55000,0.43301,9.9999,0.02553,1,0.52528
137.9000,0.53612,0.45417,0.39662,0.55000,0.43301,9.9999,0.02553,1,0.52528
137.9200,0.53612,0.45417,0.39662,0.55000,0.43301,9.9999,0.02553,1,0.52528
137.9400,0.53612,0.45418,0.39662,0.55000,0.43301,9.9999,0.02553,1,0.52528
137.9600,0.53612,0.45418,0.39662,0.55000,0.43301,9.9999,0.02553,1,0.52528
137.9800,0.53612,0.45418,0.39662,0.55000,0.43301,9.9999,0.02553,1,0.52528
138.0000,0.53612,0.45418,0.39662,0.55000,0.43301,9.9999,0.02553,1,0.52528
138.0200,0.53612,0.45418,0.39662,0.55000,0.43301,9.9999,0.02553,1,0.52528
138.0400,0.53612,0.45418,0.39662,0.55000,0.43301,9.9999,0.02553,1,0.52528
138.0600,0.53612,0.45418,0.39662,0.55000,0.43301,9.9999,0.02553,1,0.52528
138.0800,0.53612,0.45418,0.39662,0.55000,0.43301,9.9999,0.02553,1,0.52528
138.1000,0.53612,0.45418,0.39662,0.55000,0.43301,9.9999,0.02553,1,0.52528
138.1200,0.53612,0.45418,0.39662,0.55000,0.43301,9.9999,0.02553,1,0.52528
138.1400,0.53612,0.45418,0.39662,0.55000,0.43301,9.9999,0.02553,1,0.52528
138.1600,0.53612,0.45418,0.39662,0.55000,0.43301,9.9999,0.02554,1,0.52528
138.1800,0.53612,0.45418,0.39662,0.55000,0.43301,9.9999,0.02554,1,0.52528
138.2000,0.53612,0.45418,0.39662,0.55000,0.43301,9.9999,0.02554,1,0.52528
138.2200,0.53612,0.45418,0.39662,0.55000,0.43301,9.9999,0.02554,1,0.52528
138.2400,0.53612,0.45418,0.39662,0.55000,0.43301,9.9999,0.02554,1,0.52528
138.2600,0.53612,0.45418,0.39662,0.55000,0.43301,9.9999,0.02554,1,0.52528
138.2800,0.53612,0.45418,0.39662,0.55000,0.43301,9.9999,0.02554,1,0.52528
138.3000,0.53612,0.45418,0.39662,0.55000,0.43301,9.9999,0.02554,1,0.52528
138.3200,0.53612,0.45418,0.39662,0.55000,0.43301,9.9999,0.02554,1,0.52528
138.3400,0.53612,0.45418,0.39662,0.55000,0.43301,9.9999,0.02554,1,0.52528
138.3600,0.53612,0.45418,0.39662,0.55000,0.43301,9.9999,0.02554,1,0.52528
138.3800,0.53612,0.45418,0.39662,0.55000,0.43301,9.9999,0.02554,1,0.52528
138.4000,0.53612,0.45418,0.39662,0.55000,0.43301,9.9999,0.02554,1,0.52528
138.4200,0.53612,0.45418,0.39662,0.55000,0.43301,9.9999,0.02554,1,0.52528
138.4400,0.53612,0.45418,0.39662,0.55000,0.43301,9.9999,0.02554,1,0.52528
138.4600,0.53612,0.45418,0.39662,0.55000,0.43301,9.9999,0.02554,1,0.52528
138.4800,0.53612,0.45418,0.39662,0.55000,0.43301,9.9999,0.02554,1,0.52528
138.5000,0.53612,0.45418,0.39662,0.55000,0.43301,9.9999,0.02554,1,0.52528
138.5200,0.53612,0.45418,0.39662,0.55000,0.43301,9.9999,0.02554,1,0.52528
138.5400,0.53612,0.45418,0.39662,0.55000,0.43301,9.9999,0.02554,1,0.52529
138.5600,0.53612,0.45418,0.39662,0.55000,0.43301,9.9999,0.02554,1,0.52529
138.5800,0.53612,0.45418,0.39662,0.55000,0.43301,9.9999,0.02554,1,0.52529
138.6000,0.53612,0.45418,0.39662,0.55000,0.43301,9.9999,0.02554,1,0.52529
138.6200,0.53612,0.45418,0.39662,0.55000,0.43301,9.9999,0.02554,1,0.52529
138.6400,0.53612,0.45418,0.39662,0.55000,0.43301,9.9999,0.02554,1,0.52529
138.6600,0.53612,0.45418,0.39662,0.55000,0.43301,9.9999,0.02554,1,0.52529
138.6800,0.53612,0.45418,0.39662,0.55000,0.43301,9.9999,0.02554,1,0.52529
138.7000,0.53612,0.45418,0.39662,0.55000,0.43301,9.9999,0.02554,1,0.52529
138.7200,0.53612,0.45418,0.39662,0.55000,0.43301,9.9999,0.02554,1,0.52529
138.7400,0.53612,0.45419,0.39662,0.55000,0.43301,9.9999,0.02554,1,0.52529
138.7600,0.53612,0.45419,0.39662,0.55000,0.43301,9.9999,0.02554,1,0.52529
138.7800,0.53612,0.45419,0.39662,0.55000,0.43301,9.9999,0.02554,1,0.52529
138.8000,0.53612,0.45419,0.39662,0.55000,0.43301,9.9999,0.02554,1,0.52529
138.8200,0.53612,0.45419,0.39662,0.55000,0.43301,9.9999,0.02554,1,0.52529
138.8400,0.53612,0.45419,0.39662,0.55000,0.43301,9.9999,0.02554,1,0.52529
138.8600,0.53612,0.45419,0.39662,0.55000,0.43301,9.9999,0.02554,1,0.52529
138.8800,0.53612,0.45419,0.39662,0.55000,0.43301,9.9999,0.02554,1,0.52529
138.9000,0.53612,0.45419,0.39662,0.55000,0.43301,9.9999,0.02554,1,0.52529
138.9200,0.53613,0.45419,0.39662,0.55000,0.43301,9.9999,0.02554,1,0.52529
138.9400,0.53613,0.45419,0.39662,0.55000,0.43301,9.9999,0.02554,1,0.52529
138.9600,0.53613,0.45419,0.39662,0.55000,0.43301,9.9999,0.02554,1,0.52529
138.9800,0.53613,0.45419,0.39662,0.55000,0.43301,9.9999,0.02554,1,0.52529
139.0000,0.53613,0.45419,0.39662,0.55000,0.43301,9.9999,0.02554,1,0.52529
139.0200,0.53613,0.45419,0.39662,0.55000,0.43301,9.9999,0.02554,1,0.52529
139.0400,0.53613,0.45419,0.39662,0.55000,0.43301,9.9999,0.02554,1,0.52529
139.0600,0.53613,0.45419,0.39662,0.55000,0.43301,9.9999,0.02554,1,0.52529
139.0800,0.53613,0.45419,0.39662,0.55000,0.43301,9.9999,0.02554,1,0.52529
139.1000,0.53613,0.45419,0.39662,0.55000,0.43301,9.9999,0.02554,1,0.52529
139.1200,0.53613,0.45419,0.39662,0.55000,0.43301,9.9999,0.02554,1,0.52529
139.1400,0.53613,0.45419,0.39662,0.55000,0.43301,9.9999,0.02554,1,0.52529
139.1600,0.53613,0.45419,0.39662,0.55000,0.43301,9.9999,0.02554,1,0.52529
139.1800,0.53613,0.45419,0.39662,0.55000,0.43301,9.9999,0.02554,1,0.52529
139.2000,0.53613,0.45419,0.39662,0.55000,0.43301,9.9999,0.02554,1,0.52529
139.2200,0.53613,0.45419,0.39662,0.55000,0.43301,9.9999,0.02554,1,0.52529
139.2400,0.53613,0.45419,0.39662,0.55000,0.43301,9.9999,0.02554,1,0.52529
139.2600,0.53613,0.45419,0.39662,0.55000,0.43301,9.9999,0.02554,1,0.52529
139.2800,0.53613,0.45419,0.39662,0.55000,0.43301,9.9999,0.02554,1,0.52529
139.3000,0.53613,0.45419,0.39662,0.55000,0.43301,9.9999,0.02554,1,0.52529
139.3200,0.53613,0.45419,0.39662,0.55000,0.43301,9.9999,0.02554,1,0.52529
139.3400,0.53613,0.45419,0.39662,0.55000,0.43301,9.9999,0.02554,1,0.52529
139.3600,0.53613,0.45419,0.39662,0.55000,0.43301,9.9999,0.02554,1,0.52529
139.3800,0.53613,0.45419,0.39662,0.55000,0.43301,9.9999,0.02554,1,0.52529
139.4000,0.53613,0.45419,0.39662,0.55000,0.43301,9.9999,0.02554,1,0.52529
139.4200,0.53613,0.45419,0.39662,0.55000,0.43301,9.9999,0.02554,1,0.52529
139.4400,0.53613,0.45419,0.39662,0.55000,0.43301,9.9999,0.02554,1,0.52529
139.4600,0.53613,0.45419,0.39662,0.55000,0.43301,9.9999,0.02554,1,0.52529
139.4800,0.53613,0.45419,0.39662,0.55000,0.43301,9.9999,0.02554,1,0.52529
139.5000,0.53613,0.45419,0.39662,0.55000,0.43301,9.9999,0.02555,1,0.52529
139.5200,0.53613,0.45419,0.39662,0.55000,0.43301,9.9999,0.02555,1,0.52529
139.5400,0.53613,0.45420,0.39662,0.55000,0.43301,9.9999,0.02555,1,0.52529
139.5600,0.53613,0.45420,0.39662,0.55000,0.43301,9.9999,0.02555,1,0.52529
139.5800,0.53613,0.45420,0.39662,0.55000,0.43301,9.9999,0.02555,1,0.52529
139.6000,0.53613,0.45420,0.39662,0.55000,0.43301,9.9999,0.02555,1,0.52529
139.6200,0.53613,0.45420,0.39662,0.55000,0.43301,9.9999,0.02555,1,0.52529
139.6400,0.53613,0.45420,0.39661,0.55000,0.43301,9.9999,0.02555,1,0.52529
139.6600,0.53613,0.45420,0.39661,0.55000,0.43301,9.9999,0.02555,1,0.52529
139.6800,0.53613,0.45420,0.39661,0.55000,0.43301,9.9999,0.02555,1,0.52529
139.7000,0.53613,0.45420,0.39661,0.55000,0.43301,9.9999,0.02555,1,0.52529
139.7200,0.53613,0.45420,0.39661,0.55000,0.43301,9.9999,0.02555,1,0.52529
139.7400,0.53613,0.45420,0.39661,0.55000,0.43301,9.9999,0.02555,1,0.52529
139.7600,0.53613,0.45420,0.39661,0.55000,0.43301,9.9999,0.02555,1,0.52529
139.7800,0.53613,0.45420,0.39661,0.55000,0.43301,9.9999,0.02555,1,0.52529
139.8000,0.53613,0.45420,0.39661,0.55000,0.43301,9.9999,0.02555,1,0.52530
139.8200,0.53613,0.45420,0.39661,0.55000,0.43301,9.9999,0.02555,1,0.52530
139.8400,0.53613,0.45420,0.39661,0.55000,0.43301,9.9999,0.02555,1,0.52530
139.8600,0.53613,0.45420,0.39661,0.55000,0.43301,9.9999,0.02555,1,0.52530
139.8800,0.53613,0.45420,0.39661,0.55000,0.43301,9.9999,0.02555,1,0.52530
139.9000,0.53613,0.45420,0.39661,0.55000,0.43301,9.9999,0.02555,1,0.52530
139.9200,0.53613,0.45420,0.39661,0.55000,0.43301,9.9999,0.02555,1,0.52530
139.9400,0.53613,0.45420,0.39661,0.55000,0.43301,9.9999,0.02555,1,0.52530
139.9600,0.53613,0.45420,0.39661,0.55000,0.43301,9.9999,0.02555,1,0.52530
139.9800,0.53613,0.45420,0.39661,0.55000,0.43301,9.9999,0.02555,1,0.52530
140.0000,0.53613,0.45420,0.39661,0.55000,0.43301,9.9999,0.02555,1,0.52530
140.0200,0.53613,0.45420,0.39661,0.55000,0.43301,9.9999,0.02555,1,0.52530
140.0400,0.53613,0.45420,0.39661,0.55000,0.43301,9.9999,0.02555,1,0.52530
140.0600,0.53613,0.45420,0.39661,0.55000,0.43301,9.9999,0.02555,1,0.52530
140.0800,0.53613,0.45420,0.39661,0.55000,0.43301,9.9999,0.02555,1,0.52530
140.1000,0.53613,0.45420,0.39661,0.55000,0.43301,9.9999,0.02555,1,0.52530
140.1200,0.53613,0.45420,0.39661,0.55000,0.43301,9.9999,0.02555,1,0.52530
140.1400,0.53613,0.45420,0.39661,0.55000,0.43301,9.9999,0.02555,1,0.52530
140.1600,0.53613,0.45420,0.39661,0.55000,0.43301,9.9999,0.02555,1,0.52530
140.1800,0.53613,0.45420,0.39661,0.55000,0.43301,9.9999,0.02555,1,0.52530
140.2000,0.53613,0.45420,0.39661,0.55000,0.43301,9.9999,0.02555,1,0.52530
140.2200,0.53613,0.45420,0.39661,0.55000,0.43301,9.9999,0.02555,1,0.52530
140.2400,0.53613,0.45420,0.39661,0.55000,0.43301,9.9999,0.02555,1,0.52530
140.2600,0.53613,0.45420,0.39661,0.55000,0.43301,9.9999,0.02555,1,0.52530
140.2800,0.53613,0.45420,0.39661,0.55000,0.43301,9.9999,0.02555,1,0.52530
140.3000,0.53613,0.45420,0.39661,0.55000,0.43301,9.9999,0.02555,1,0.52530
140.3200,0.53613,0.45420,0.39661,0.55000,0.43301,9.9999,0.02555,1,0.52530
140.3400,0.53613,0.45420,0.39661,0.55000,0.43301,9.9999,0.02555,1,0.52530
140.3600,0.53613,0.45421,0.39661,0.55000,0.43301,9.9999,0.02555,1,0.52530
140.3800,0.53613,0.45421,0.39661,0.55000,0.43301,9.9999,0.02555,1,0.52530
140.4000,0.53613,0.45421,0.39661,0.55000,0.43301,9.9999,0.02555,1,0.52530
140.4200,0.53613,0.45421,0.39661,0.55000,0.43301,9.9999,0.02555,1,0.52530
140.4400,0.53613,0.45421,0.39661,0.55000,0.43301,9.9999,0.02555,1,0.52530
140.4600,0.53613,0.45421,0.39661,0.55000,0.43301,9.9999,0.02555,1,0.52530
140.4800,0.53613,0.45421,0.39661,0.55000,0.43301,9.9999,0.02555,1,0.52530
140.5000,0.53613,0.45421,0.39661,0.55000,0.43301,9.9999,0.02555,1,0.52530
140.5200,0.53613,0.45421,0.39661,0.55000,0.43301,9.9999,0.02555,1,0.52530
140.5400,0.53613,0.45421,0.39661,0.55000,0.43301,9.9999,0.02555,1,0.52530
140.5600,0.53613,0.45421,0.39661,0.55000,0.43301,9.9999,0.02555,1,0.52530
140.5800,0.53613,0.45421,0.39661,0.55000,0.43301,9.9999,0.02555,1,0.52530
140.6000,0.53613,0.45421,0.39661,0.55000,0.43301,9.9999,0.02555,1,0.52530
140.6200,0.53613,0.45421,0.39661,0.55000,0.43301,9.9999,0.02555,1,0.52530
140.6400,0.53613,0.45421,0.39661,0.55000,0.43301,9.9999,0.02555,1,0.52530
140.6600,0.53613,0.45421,0.39661,0.55000,0.43301,9.9999,0.02555,1,0.52530
140.6800,0.53613,0.45421,0.39661,0.55000,0.43301,9.9999,0.02555,1,0.52530
140.7000,0.53614,0.45421,0.39661,0.55000,0.43301,9.9999,0.02555,1,0.52530
140.7200,0.53614,0.45421,0.39661,0.55000,0.43301,9.9999,0.02555,1,0.52530
140.7400,0.53614,0.45421,0.39661,0.55000,0.43301,9.9999,0.02555,1,0.52530
140.7600,0.53614,0.45421,0.39661,0.55000,0.43301,9.9999,0.02555,1,0.52530
140.7800,0.53614,0.45421,0.39661,0.55000,0.43301,9.9999,0.02555,1,0.52530
140.8000,0.53614,0.45421,0.39661,0.55000,0.43301,9.9999,0.02555,1,0.52530
140.8200,0.53614,0.45421,0.39661,0.55000,0.43301,9.9999,0.02555,1,0.52530
140.8400,0.53614,0.45421,0.39661,0.55000,0.43301,9.9999,0.02555,1,0.52530
140.8600,0.53614,0.45421,0.39661,0.55000,0.43301,9.9999,0.02556,1,0.52530
140.8800,0.53614,0.45421,0.39661,0.55000,0.43301,9.9999,0.02556,1,0.52530
140.9000,0.53614,0.45421,0.39661,0.55000,0.43301,9.9999,0.02556,1,0.52530
140.9200,0.53614,0.45421,0.39661,0.55000,0.43301,9.9999,0.02556,1,0.52530
140.9400,0.53614,0.45421,0.39661,0.55000,0.43301,9.9999,0.02556,1,0.52530
140.9600,0.53614,0.45421,0.39661,0.55000,0.43301,9.9999,0.02556,1,0.52530
140.9800,0.53614,0.45421,0.39661,0.55000,0.43301,9.9999,0.02556,1,0.52530
141.0000,0.53614,0.45421,0.39661,0.55000,0.43301,9.9999,0.02556,1,0.52530
141.0200,0.53614,0.45421,0.39661,0.55000,0.43301,9.9999,0.02556,1,0.52530
141.0400,0.53614,0.45421,0.39661,0.55000,0.43301,9.9999,0.02556,1,0.52530
141.0600,0.53614,0.45421,0.39661,0.55000,0.43301,9.9999,0.02556,1,0.52530
141.0800,0.53614,0.45421,0.39661,0.55000,0.43301,9.9999,0.02556,1,0.52530
141.1000,0.53614,0.45421,0.39661,0.55000,0.43301,9.9999,0.02556,1,0.52531
141.1200,0.53614,0.45421,0.39661,0.55000,0.43301,9.9999,0.02556,1,0.52531
141.1400,0.53614,0.45421,0.39661,0.55000,0.43301,9.9999,0.02556,1,0.52531
141.1600,0.53614,0.45421,0.39661,0.55000,0.43301,9.9999,0.02556,1,0.52531
141.1800,0.53614,0.45422,0.39661,0.55000,0.43301,9.9999,0.02556,1,0.52531
141.2000,0.53614,0.45422,0.39661,0.55000,0.43301,9.9999,0.02556,1,0.52531
141.2200,0.53614,0.45422,0.39661,0.55000,0.43301,9.9999,0.02556,1,0.52531
141.2400,0.53614,0.45422,0.39661,0.55000,0.43301,9.9999,0.02556,1,0.52531
141.2600,0.53614,0.45422,0.39661,0.55000,0.43301,9.9999,0.02556,1,0.52531
141.2800,0.53614,0.45422,0.39661,0.55000,0.43301,9.9999,0.02556,1,0.52531
141.3000,0.53614,0.45422,0.39661,0.55000,0.43301,9.9999,0.02556,1,0.52531
141.3200,0.53614,0.45422,0.39661,0.55000,0.43301,9.9999,0.02556,1,0.52531
141.3400,0.53614,0.45422,0.39661,0.55000,0.43301,9.9999,0.02556,1,0.52531
141.3600,0.53614,0.45422,0.39661,0.55000,0.43301,9.9999,0.02556,1,0.52531
141.3800,0.53614,0.45422,0.39661,0.55000,0.43301,9.9999,0.02556,1,0.52531
141.4000,0.53614,0.45422,0.39661,0.55000,0.43301,9.9999,0.02556,1,0.52531
141.4200,0.53614,0.45422,0.39661,0.55000,0.43301,9.9999,0.02556,1,0.52531
141.4400,0.53614,0.45422,0.39661,0.55000,0.43301,9.9999,0.02556,1,0.52531
141.4600,0.53614,0.45422,0.39661,0.55000,0.43301,9.9999,0.02556,1,0.52531
141.4800,0.53614,0.45422,0.39661,0.55000,0.43301,9.9999,0.02556,1,0.52531
141.5000,0.53614,0.45422,0.39661,0.55000,0.43301,9.9999,0.02556,1,0.52531
141.5200,0.53614,0.45422,0.39661,0.55000,0.43301,9.9999,0.02556,1,0.52531
141.5400,0.53614,0.45422,0.39661,0.55000,0.43301,9.9999,0.02556,1,0.52531
141.5600,0.53614,0.45422,0.39661,0.55000,0.43301,9.9999,0.02556,1,0.52531
141.5800,0.53614,0.45422,0.39661,0.55000,0.43301,9.9999,0.02556,1,0.52531
141.6000,0.53614,0.45422,0.39661,0.55000,0.43301,9.9999,0.02556,1,0.52531
141.6200,0.53614,0.45422,0.39661,0.55000,0.43301,9.9999,0.02556,1,0.52531
141.6400,0.53614,0.45422,0.39661,0.55000,0.43301,9.9999,0.02556,1,0.52531
141.6600,0.53614,0.45422,0.39661,0.55000,0.43301,9.9999,0.02556,1,0.52531
141.6800,0.53614,0.45422,0.39661,0.55000,0.43301,9.9999,0.02556,1,0.52531
141.7000,0.53614,0.45422,0.39661,0.55000,0.43301,9.9999,0.02556,1,0.52531
141.7200,0.53614,0.45422,0.39661,0.55000,0.43301,9.9999,0.02556,1,0.52531
141.7400,0.53614,0.45422,0.39661,0.55000,0.43301,9.9999,0.02556,1,0.52531
141.7600,0.53614,0.45422,0.39661,0.55000,0.43301,9.9999,0.02556,1,0.52531
141.7800,0.53614,0.45422,0.39661,0.55000,0.43301,9.9999,0.02556,1,0.52531
141.8000,0.53614,0.45422,0.39661,0.55000,0.43301,9.9999,0.02556,1,0.52531
141.8200,0.53614,0.45422,0.39661,0.55000,0.43301,9.9999,0.02556,1,0.52531
141.8400,0.53614,0.45422,0.39661,0.55000,0.43301,9.9999,0.02556,1,0.52531
141.8600,0.53614,0.45422,0.39661,0.55000,0.43301,9.9999,0.02556,1,0.52531
141.8800,0.53614,0.45422,0.39661,0.55000,0.43301,9.9999,0.02556,1,0.52531
141.9000,0.53614,0.45422,0.39661,0.55000,0.43301,9.9999,0.02556,1,0.52531
141.9200,0.53614,0.45422,0.39661,0.55000,0.43301,9.9999,0.02556,1,0.52531
141.9400,0.53614,0.45422,0.39661,0.55000,0.43301,9.9999,0.02556,1,0.52531
141.9600,0.53614,0.45422,0.39661,0.55000,0.43301,9.9999,0.02556,1,0.52531
141.9800,0.53614,0.45422,0.39661,0.55000,0.43301,9.9999,0.02556,1,0.52531
142.0000,0.53614,0.45422,0.39661,0.55000,0.43301,9.9999,0.02556,1,0.52531
142.0200,0.53614,0.45423,0.39661,0.55000,0.43301,9.9999,0.02556,1,0.52531
142.0400,0.53614,0.45423,0.39661,0.55000,0.43301,9.9999,0.02556,1,0.52531
142.0600,0.53614,0.45423,0.39661,0.55000,0.43301,9.9999,0.02556,1,0.52531
142.0800,0.53614,0.45423,0.39661,0.55000,0.43301,9.9999,0.02556,1,0.52531
142.1000,0.53614,0.45423,0.39661,0.55000,0.43301,9.9999,0.02556,1,0.52531
142.1200,0.53614,0.45423,0.39661,0.55000,0.43301,9.9999,0.02556,1,0.52531
142.1400,0.53614,0.45423,0.39661,0.55000,0.43301,9.9999,0.02556,1,0.52531
142.1600,0.53614,0.45423,0.39661,0.55000,0.43301,9.9999,0.02556,1,0.52531
142.1800,0.53614,0.45423,0.39661,0.55000,0.43301,9.9999,0.02556,1,0.52531
142.2000,0.53614,0.45423,0.39661,0.55000,0.43301,9.9999,0.02556,1,0.52531
142.2200,0.53614,0.45423,0.39661,0.55000,0.43301,9.9999,0.02556,1,0.52531
142.2400,0.53614,0.45423,0.39661,0.55000,0.43301,9.9999,0.02556,1,0.52531
142.2600,0.53614,0.45423,0.39661,0.55000,0.43301,9.9999,0.02557,1,0.52531
142.2800,0.53614,0.45423,0.39661,0.55000,0.43301,9.9999,0.02557,1,0.52531
142.3000,0.53614,0.45423,0.39661,0.55000,0.43301,9.9999,0.02557,1,0.52531
142.3200,0.53614,0.45423,0.39661,0.55000,0.43301,9.9999,0.02557,1,0.52531
142.3400,0.53614,0.45423,0.39661,0.55000,0.43301,9.9999,0.02557,1,0.52531
142.3600,0.53614,0.45423,0.39661,0.55000,0.43301,9.9999,0.02557,1,0.52531
142.3800,0.53614,0.45423,0.39661,0.55000,0.43301,9.9999,0.02557,1,0.52531
142.4000,0.53614,0.45423,0.39661,0.55000,0.43301,9.9999,0.02557,1,0.52531
142.4200,0.53614,0.45423,0.39661,0.55000,0.43301,9.9999,0.02557,1,0.52532
142.4400,0.53614,0.45423,0.39661,0.55000,0.43301,9.9999,0.02557,1,0.52532
142.4600,0.53615,0.45423,0.39661,0.55000,0.43301,9.9999,0.02557,1,0.52532
142.4800,0.53615,0.45423,0.39661,0.55000,0.43301,9.9999,0.02557,1,0.52532
142.5000,0.53615,0.45423,0.39661,0.55000,0.43301,9.9999,0.02557,1,0.52532
142.5200,0.53615,0.45423,0.39661,0.55000,0.43301,9.9999,0.02557,1,0.52532
142.5400,0.53615,0.45423,0.39661,0.55000,0.43301,9.9999,0.02557,1,0.52532
142.5600,0.53615,0.45423,0.39661,0.55000,0.43301,9.9999,0.02557,1,0.52532
142.5800,0.53615,0.45423,0.39661,0.55000,0.43301,9.9999,0.02557,1,0.52532
142.6000,0.53615,0.45423,0.39661,0.55000,0.43301,9.9999,0.02557,1,0.52532
142.6200,0.53615,0.45423,0.39661,0.55000,0.43301,9.9999,0.02557,1,0.52532
142.6400,0.53615,0.45423,0.39661,0.55000,0.43301,9.9999,0.02557,1,0.52532
142.6600,0.53615,0.45423,0.39661,0.55000,0.43301,9.9999,0.02557,1,0.52532
142.6800,0.53615,0.45423,0.39661,0.55000,0.43301,9.9999,0.02557,1,0.52532
142.7000,0.53615,0.45423,0.39661,0.55000,0.43301,9.9999,0.02557,1,0.52532
142.7200,0.53615,0.45423,0.39661,0.55000,0.43301,9.9999,0.02557,1,0.52532
142.7400,0.53615,0.45423,0.39661,0.55000,0.43301,9.9999,0.02557,1,0.52532
142.7600,0.53615,0.45423,0.39661,0.55000,0.43301,9.9999,0.02557,1,0.52532
142.7800,0.53615,0.45423,0.39661,0.55000,0.43301,9.9999,0.02557,1,0.52532
142.8000,0.53615,0.45423,0.39661,0.55000,0.43301,9.9999,0.02557,1,0.52532
142.8200,0.53615,0.45423,0.39661,0.55000,0.43301,9.9999,0.02557,1,0.52532
142.8400,0.53615,0.45423,0.39661,0.55000,0.43301,9.9999,0.02557,1,0.52532
142.8600,0.53615,0.45424,0.39661,0.55000,0.43301,9.9999,0.02557,1,0.52532
142.8800,0.53615,0.45424,0.39661,0.55000,0.43301,9.9999,0.02557,1,0.52532
142.9000,0.53615,0.45424,0.39661,0.55000,0.43301,9.9999,0.02557,1,0.52532
142.9200,0.53615,0.45424,0.39661,0.55000,0.43301,9.9999,0.02557,1,0.52532
142.9400,0.53615,0.45424,0.39661,0.55000,0.43301,9.9999,0.02557,1,0.52532
142.9600,0.53615,0.45424,0.39661,0.55000,0.43301,9.9999,0.02557,1,0.52532
142.9800,0.53615,0.45424,0.39661,0.55000,0.43301,9.9999,0.02557,1,0.52532
143.0000,0.53615,0.45424,0.39661,0.55000,0.43301,9.9999,0.02557,1,0.52532
143.0200,0.53615,0.45424,0.39661,0.55000,0.43301,9.9999,0.02557,1,0.52532
143.0400,0.53615,0.45424,0.39661,0.55000,0.43301,9.9999,0.02557,1,0.52532
143.0600,0.53615,0.45424,0.39661,0.55000,0.43301,9.9999,0.02557,1,0.52532
143.0800,0.53615,0.45424,0.39661,0.55000,0.43301,9.9999,0.02557,1,0.52532
143.1000,0.53615,0.45424,0.39661,0.55000,0.43301,9.9999,0.02557,1,0.52532
143.1200,0.53615,0.45424,0.39661,0.55000,0.43301,9.9999,0.02557,1,0.52532
143.1400,0.53615,0.45424,0.39661,0.55000,0.43301,9.9999,0.02557,1,0.52532
143.1600,0.53615,0.45424,0.39661,0.55000,0.43301,9.9999,0.02557,1,0.52532
143.1800,0.53615,0.45424,0.39661,0.55000,0.43301,9.9999,0.02557,1,0.52532
143.2000,0.53615,0.45424,0.39661,0.55000,0.43301,9.9999,0.02557,1,0.52532
143.2200,0.53615,0.45424,0.39661,0.55000,0.43301,9.9999,0.02557,1,0.52532
143.2400,0.53615,0.45424,0.39661,0.55000,0.43301,9.9999,0.02557,1,0.52532
143.2600,0.53615,0.45424,0.39661,0.55000,0.43301,9.9999,0.02557,1,0.52532
143.2800,0.53615,0.45424,0.39661,0.55000,0.43301,9.9999,0.02557,1,0.52532
143.3000,0.53615,0.45424,0.39661,0.55000,0.43301,9.9999,0.02557,1,0.52532
143.3200,0.53615,0.45424,0.39661,0.55000,0.43301,9.9999,0.02557,1,0.52532
143.3400,0.53615,0.45424,0.39661,0.55000,0.43301,9.9999,0.02557,1,0.52532
143.3600,0.53615,0.45424,0.39661,0.55000,0.43301,9.9999,0.02557,1,0.52532
143.3800,0.53615,0.45424,0.39661,0.55000,0.43301,9.9999,0.02557,1,0.52532
143.4000,0.53615,0.45424,0.39661,0.55000,0.43301,9.9999,0.02557,1,0.52532
143.4200,0.53615,0.45424,0.39661,0.55000,0.43301,9.9999,0.02557,1,0.52532
143.4400,0.53615,0.45424,0.39661,0.55000,0.43301,9.9999,0.02557,1,0.52532
143.4600,0.53615,0.45424,0.39661,0.55000,0.43301,9.9999,0.02557,1,0.52532
143.4800,0.53615,0.45424,0.39661,0.55000,0.43301,9.9999,0.02557,1,0.52532
143.5000,0.53615,0.45424,0.39661,0.55000,0.43301,9.9999,0.02557,1,0.52532
143.5200,0.53615,0.45424,0.39661,0.55000,0.43301,9.9999,0.02557,1,0.52532
143.5400,0.53615,0.45424,0.39661,0.55000,0.43301,9.9999,0.02557,1,0.52532
143.5600,0.53615,0.45424,0.39661,0.55000,0.43301,9.9999,0.02557,1,0.52532
143.5800,0.53615,0.45424,0.39661,0.55000,0.43301,9.9999,0.02557,1,0.52532
143.6000,0.53615,0.45424,0.39661,0.55000,0.43301,9.9999,0.02557,1,0.52532
143.6200,0.53615,0.45424,0.39661,0.55000,0.43301,9.9999,0.02557,1,0.52532
143.6400,0.53615,0.45424,0.39661,0.55000,0.43301,9.9999,0.02557,1,0.52532
143.6600,0.53615,0.45424,0.39661,0.55000,0.43301,9.9999,0.02557,1,0.52532
143.6800,0.53615,0.45424,0.39661,0.55000,0.43301,9.9999,0.02557,1,0.52532
143.7000,0.53615,0.45424,0.39661,0.55000,0.43301,9.9999,0.02557,1,0.52532
143.7200,0.53615,0.45425,0.39661,0.55000,0.43301,9.9999,0.02558,1,0.52532
143.7400,0.53615,0.45425,0.39661,0.55000,0.43301,9.9999,0.02558,1,0.52532
143.7600,0.53615,0.45425,0.39661,0.55000,0.43301,9.9999,0.02558,1,0.52532
143.7800,0.53615,0.45425,0.39661,0.55000,0.43301,9.9999,0.02558,1,0.52532
143.8000,0.53615,0.45425,0.39661,0.55000,0.43301,9.9999,0.02558,1,0.52533
143.8200,0.53615,0.45425,0.39661,0.55000,0.43301,9.9999,0.02558,1,0.52533
143.8400,0.53615,0.45425,0.39661,0.55000,0.43301,9.9999,0.02558,1,0.52533
143.8600,0.53615,0.45425,0.39661,0.55000,0.43301,9.9999,0.02558,1,0.52533
143.8800,0.53615,0.45425,0.39661,0.55000,0.43301,9.9999,0.02558,1,0.52533
143.9000,0.53615,0.45425,0.39661,0.55000,0.43301,9.9999,0.02558,1,0.52533
143.9200,0.53615,0.45425,0.39661,0.55000,0.43301,9.9999,0.02558,1,0.52533
143.9400,0.53615,0.45425,0.39661,0.55000,0.43301,9.9999,0.02558,1,0.52533
143.9600,0.53615,0.45425,0.39661,0.55000,0.43301,9.9999,0.02558,1,0.52533
143.9800,0.53615,0.45425,0.39661,0.55000,0.43301,9.9999,0.02558,1,0.52533
144.0000,0.53615,0.45425,0.39661,0.55000,0.43301,9.9999,0.02558,1,0.52533
144.0200,0.53615,0.45425,0.39661,0.55000,0.43301,9.9999,0.02558,1,0.52533
144.0400,0.53615,0.45425,0.39661,0.55000,0.43301,9.9999,0.02558,1,0.52533
144.0600,0.53615,0.45425,0.39661,0.55000,0.43301,9.9999,0.02558,1,0.52533
144.0800,0.53615,0.45425,0.39661,0.55000,0.43301,9.9999,0.02558,1,0.52533
144.1000,0.53615,0.45425,0.39661,0.55000,0.43301,9.9999,0.02558,1,0.52533
144.1200,0.53615,0.45425,0.39661,0.55000,0.43301,9.9999,0.02558,1,0.52533
144.1400,0.53615,0.45425,0.39661,0.55000,0.43301,9.9999,0.02558,1,0.52533
144.1600,0.53615,0.45425,0.39661,0.55000,0.43301,9.9999,0.02558,1,0.52533
144.1800,0.53615,0.45425,0.39661,0.55000,0.43301,9.9999,0.02558,1,0.52533
144.2000,0.53615,0.45425,0.39661,0.55000,0.43301,9.9999,0.02558,1,0.52533
144.2200,0.53615,0.45425,0.39661,0.55000,0.43301,9.9999,0.02558,1,0.52533
144.2400,0.53616,0.45425,0.39661,0.55000,0.43301,9.9999,0.02558,1,0.52533
144.2600,0.53616,0.45425,0.39661,0.55000,0.43301,9.9999,0.02558,1,0.52533
144.2800,0.53616,0.45425,0.39661,0.55000,0.43301,9.9999,0.02558,1,0.52533
144.3000,0.53616,0.45425,0.39661,0.55000,0.43301,9.9999,0.02558,1,0.52533
144.3200,0.53616,0.45425,0.39661,0.55000,0.43301,9.9999,0.02558,1,0.52533
144.3400,0.53616,0.45425,0.39661,0.55000,0.43301,9.9999,0.02558,1,0.52533
144.3600,0.53616,0.45425,0.39661,0.55000,0.43301,9.9999,0.02558,1,0.52533
144.3800,0.53616,0.45425,0.39661,0.55000,0.43301,9.9999,0.02558,1,0.52533
144.4000,0.53616,0.45425,0.39661,0.55000,0.43301,9.9999,0.02558,1,0.52533
144.4200,0.53616,0.45425,0.39661,0.55000,0.43301,9.9999,0.02558,1,0.52533
144.4400,0.53616,0.45425,0.39661,0.55000,0.43301,9.9999,0.02558,1,0.52533
144.4600,0.53616,0.45425,0.39661,0.55000,0.43301,9.9999,0.02558,1,0.52533
144.4800,0.53616,0.45425,0.39661,0.55000,0.43301,9.9999,0.02558,1,0.52533
144.5000,0.53616,0.45425,0.39661,0.55000,0.43301,9.9999,0.02558,1,0.52533
144.5200,0.53616,0.45425,0.39661,0.55000,0.43301,9.9999,0.02558,1,0.52533
144.5400,0.53616,0.45425,0.39661,0.55000,0.43301,9.9999,0.02558,1,0.52533
144.5600,0.53616,0.45425,0.39661,0.55000,0.43301,9.9999,0.02558,1,0.52533
144.5800,0.53616,0.45426,0.39661,0.55000,0.43301,9.9999,0.02558,1,0.52533
144.6000,0.53616,0.45426,0.39661,0.55000,0.43301,9.9999,0.02558,1,0.52533
144.6200,0.53616,0.45426,0.39661,0.55000,0.43301,9.9999,0.02558,1,0.52533
144.6400,0.53616,0.45426,0.39661,0.55000,0.43301,9.9999,0.02558,1,0.52533
144.6600,0.53616,0.45426,0.39661,0.55000,0.43301,9.9999,0.02558,1,0.52533
144.6800,0.53616,0.45426,0.39661,0.55000,0.43301,9.9999,0.02558,1,0.52533
144.7000,0.53616,0.45426,0.39661,0.55000,0.43301,9.9999,0.02558,1,0.52533
144.7200,0.53616,0.45426,0.39661,0.55000,0.43301,9.9999,0.02558,1,0.52533
144.7400,0.53616,0.45426,0.39661,0.55000,0.43301,9.9999,0.02558,1,0.52533
144.7600,0.53616,0.45426,0.39661,0.55000,0.43301,9.9999,0.02558,1,0.52533
144.7800,0.53616,0.45426,0.39661,0.55000,0.43301,9.9999,0.02558,1,0.52533
144.8000,0.53616,0.45426,0.39661,0.55000,0.43301,9.9999,0.02558,1,0.52533
144.8200,0.53616,0.45426,0.39661,0.55000,0.43301,9.9999,0.02558,1,0.52533
144.8400,0.53616,0.45426,0.39661,0.55000,0.43301,9.9999,0.02558,1,0.52533
144.8600,0.53616,0.45426,0.39661,0.55000,0.43301,9.9999,0.02558,1,0.52533
144.8800,0.53616,0.45426,0.39661,0.55000,0.43301,9.9999,0.02558,1,0.52533
144.9000,0.53616,0.45426,0.39661,0.55000,0.43301,9.9999,0.02558,1,0.52533
144.9200,0.53616,0.45426,0.39661,0.55000,0.43301,9.9999,0.02558,1,0.52533
144.9400,0.53616,0.45426,0.39661,0.55000,0.43301,9.9999,0.02558,1,0.52533
144.9600,0.53616,0.45426,0.39661,0.55000,0.43301,9.9999,0.02558,1,0.52533
144.9800,0.53616,0.45426,0.39661,0.55000,0.43301,9.9999,0.02558,1,0.52533
145.0000,0.53616,0.45426,0.39661,0.55000,0.43301,9.9999,0.02558,1,0.52533
145.0200,0.53616,0.45426,0.39661,0.55000,0.43301,9.9999,0.02558,1,0.52533
145.0400,0.53616,0.45426,0.39661,0.55000,0.43301,9.9999,0.02558,1,0.52533
145.0600,0.53616,0.45426,0.39661,0.55000,0.43301,9.9999,0.02558,1,0.52533
145.0800,0.53616,0.45426,0.39661,0.55000,0.43301,9.9999,0.02558,1,0.52533
145.1000,0.53616,0.45426,0.39661,0.55000,0.43301,9.9999,0.02558,1,0.52533
145.1200,0.53616,0.45426,0.39661,0.55000,0.43301,9.9999,0.02558,1,0.52533
145.1400,0.53616,0.45426,0.39661,0.55000,0.43301,9.9999,0.02558,1,0.52533
145.1600,0.53616,0.45426,0.39661,0.55000,0.43301,9.9999,0.02558,1,0.52533
145.1800,0.53616,0.45426,0.39661,0.55000,0.43301,9.9999,0.02558,1,0.52533
145.2000,0.53616,0.45426,0.39661,0.55000,0.43301,9.9999,0.02558,1,0.52533
145.2200,0.53616,0.45426,0.39661,0.55000,0.43301,9.9999,0.02559,1,0.52534
145.2400,0.53616,0.45426,0.39661,0.55000,0.43301,9.9999,0.02559,1,0.52534
145.2600,0.53616,0.45426,0.39661,0.55000,0.43301,9.9999,0.02559,1,0.52534
145.2800,0.53616,0.45426,0.39661,0.55000,0.43301,9.9999,0.02559,1,0.52534
145.3000,0.53616,0.45426,0.39661,0.55000,0.43301,9.9999,0.02559,1,0.52534
145.3200,0.53616,0.45426,0.39661,0.55000,0.43301,9.9999,0.02559,1,0.52534
145.3400,0.53616,0.45426,0.39661,0.55000,0.43301,9.9999,0.02559,1,0.52534
145.3600,0.53616,0.45426,0.39661,0.55000,0.43301,9.9999,0.02559,1,0.52534
145.3800,0.53616,0.45426,0.39661,0.55000,0.43301,9.9999,0.02559,1,0.52534
145.4000,0.53616,0.45426,0.39661,0.55000,0.43301,9.9999,0.02559,1,0.52534
145.4200,0.53616,0.45426,0.39661,0.55000,0.43301,9.9999,0.02559,1,0.52534
145.4400,0.53616,0.45426,0.39661,0.55000,0.43301,9.9999,0.02559,1,0.52534
145.4600,0.53616,0.45426,0.39661,0.55000,0.43301,9.9999,0.02559,1,0.52534
145.4800,0.53616,0.45427,0.39661,0.55000,0.43301,9.9999,0.02559,1,0.52534
145.5000,0.53616,0.45427,0.39661,0.55000,0.43301,9.9999,0.02559,1,0.52534
145.5200,0.53616,0.45427,0.39661,0.55000,0.43301,9.9999,0.02559,1,0.52534
145.5400,0.53616,0.45427,0.39661,0.55000,0.43301,9.9999,0.02559,1,0.52534
145.5600,0.53616,0.45427,0.39661,0.55000,0.43301,9.9999,0.02559,1,0.52534
145.5800,0.53616,0.45427,0.39661,0.55000,0.43301,9.9999,0.02559,1,0.52534
145.6000,0.53616,0.45427,0.39660,0.55000,0.43301,9.9999,0.02559,1,0.52534
145.6200,0.53616,0.45427,0.39660,0.55000,0.43301,9.9999,0.02559,1,0.52534
145.6400,0.53616,0.45427,0.39660,0.55000,0.43301,9.9999,0.02559,1,0.52534
145.6600,0.53616,0.45427,0.39660,0.55000,0.43301,9.9999,0.02559,1,0.52534
145.6800,0.53616,0.45427,0.39660,0.55000,0.43301,9.9999,0.02559,1,0.52534
145.7000,0.53616,0.45427,0.39660,0.55000,0.43301,9.9999,0.02559,1,0.52534
145.7200,0.53616,0.45427,0.39660,0.55000,0.43301,9.9999,0.02559,1,0.52534
145.7400,0.53616,0.45427,0.39660,0.55000,0.43301,9.9999,0.02559,1,0.52534
145.7600,0.53616,0.45427,0.39660,0.55000,0.43301,9.9999,0.02559,1,0.52534
145.7800,0.53616,0.45427,0.39660,0.55000,0.43301,9.9999,0.02559,1,0.52534
145.8000,0.53616,0.45427,0.39660,0.55000,0.43301,9.9999,0.02559,1,0.52534
145.8200,0.53616,0.45427,0.39660,0.55000,0.43301,9.9999,0.02559,1,0.52534
145.8400,0.53616,0.45427,0.39660,0.55000,0.43301,9.9999,0.02559,1,0.52534
145.8600,0.53616,0.45427,0.39660,0.55000,0.43301,9.9999,0.02559,1,0.52534
145.8800,0.53616,0.45427,0.39660,0.55000,0.43301,9.9999,0.02559,1,0.52534
145.9000,0.53616,0.45427,0.39660,0.55000,0.43301,9.9999,0.02559,1,0.52534
145.9200,0.53616,0.45427,0.39660,0.55000,0.43301,9.9999,0.02559,1,0.52534
145.9400,0.53616,0.45427,0.39660,0.55000,0.43301,9.9999,0.02559,1,0.52534
145.9600,0.53616,0.45427,0.39660,0.55000,0.43301,9.9999,0.02559,1,0.52534
145.9800,0.53616,0.45427,0.39660,0.55000,0.43301,9.9999,0.02559,1,0.52534
146.0000,0.53616,0.45427,0.39660,0.55000,0.43301,9.9999,0.02559,1,0.52534
146.0200,0.53617,0.45427,0.39660,0.55000,0.43301,9.9999,0.02559,1,0.52534
146.0400,0.53617,0.45427,0.39660,0.55000,0.43301,9.9999,0.02559,1,0.52534
146.0600,0.53617,0.45427,0.39660,0.55000,0.43301,9.9999,0.02559,1,0.52534
146.0800,0.53617,0.45427,0.39660,0.55000,0.43301,9.9999,0.02559,1,0.52534
146.1000,0.53617,0.45427,0.39660,0.55000,0.43301,9.9999,0.02559,1,0.52534
146.1200,0.53617,0.45427,0.39660,0.55000,0.43301,9.9999,0.02559,1,0.52534
146.1400,0.53617,0.45427,0.39660,0.55000,0.43301,9.9999,0.02559,1,0.52534
146.1600,0.53617,0.45427,0.39660,0.55000,0.43301,9.9999,0.02559,1,0.52534
146.1800,0.53617,0.45427,0.39660,0.55000,0.43301,9.9999,0.02559,1,0.52534
146.2000,0.53617,0.45427,0.39660,0.55000,0.43301,9.9999,0.02559,1,0.52534
146.2200,0.53617,0.45427,0.39660,0.55000,0.43301,9.9999,0.02559,1,0.52534
146.2400,0.53617,0.45427,0.39660,0.55000,0.43301,9.9999,0.02559,1,0.52534
146.2600,0.53617,0.45427,0.39660,0.55000,0.43301,9.9999,0.02559,1,0.52534
146.2800,0.53617,0.45427,0.39660,0.55000,0.43301,9.9999,0.02559,1,0.52534
146.3000,0.53617,0.45427,0.39660,0.55000,0.43301,9.9999,0.02559,1,0.52534
146.3200,0.53617,0.45427,0.39660,0.55000,0.43301,9.9999,0.02559,1,0.52534
146.3400,0.53617,0.45427,0.39660,0.55000,0.43301,9.9999,0.02559,1,0.52534
146.3600,0.53617,0.45428,0.39660,0.55000,0.43301,9.9999,0.02559,1,0.52534
146.3800,0.53617,0.45428,0.39660,0.55000,0.43301,9.9999,0.02559,1,0.52534
146.4000,0.53617,0.45428,0.39660,0.55000,0.43301,9.9999,0.02559,1,0.52534
146.4200,0.53617,0.45428,0.39660,0.55000,0.43301,9.9999,0.02559,1,0.52534
146.4400,0.53617,0.45428,0.39660,0.55000,0.43301,9.9999,0.02559,1,0.52534
146.4600,0.53617,0.45428,0.39660,0.55000,0.43301,9.9999,0.02559,1,0.52534
146.4800,0.53617,0.45428,0.39660,0.55000,0.43301,9.9999,0.02559,1,0.52534
146.5000,0.53617,0.45428,0.39660,0.55000,0.43301,9.9999,0.02559,1,0.52534
146.5200,0.53617,0.45428,0.39660,0.55000,0.43301,9.9999,0.02559,1,0.52534
146.5400,0.53617,0.45428,0.39660,0.55000,0.43301,9.9999,0.02559,1,0.52534
146.5600,0.53617,0.45428,0.39660,0.55000,0.43301,9.9999,0.02559,1,0.52534
146.5800,0.53617,0.45428,0.39660,0.55000,0.43301,9.9999,0.02559,1,0.52534
146.6000,0.53617,0.45428,0.39660,0.55000,0.43301,9.9999,0.02559,1,0.52534
146.6200,0.53617,0.45428,0.39660,0.55000,0.43301,9.9999,0.02559,1,0.52534
146.6400,0.53617,0.45428,0.39660,0.55000,0.43301,9.9999,0.02559,1,0.52534
146.6600,0.53617,0.45428,0.39660,0.55000,0.43301,9.9999,0.02559,1,0.52534
146.6800,0.53617,0.45428,0.39660,0.55000,0.43301,9.9999,0.02559,1,0.52535
146.7000,0.53617,0.45428,0.39660,0.55000,0.43301,9.9999,0.02559,1,0.52535
146.7200,0.53617,0.45428,0.39660,0.55000,0.43301,9.9999,0.02559,1,0.52535
146.7400,0.53617,0.45428,0.39660,0.55000,0.43301,9.9999,0.02559,1,0.52535
146.7600,0.53617,0.45428,0.39660,0.55000,0.43301,9.9999,0.02560,1,0.52535
146.7800,0.53617,0.45428,0.39660,0.55000,0.43301,9.9999,0.02560,1,0.52535
146.8000,0.53617,0.45428,0.39660,0.55000,0.43301,9.9999,0.02560,1,0.52535
146.8200,0.53617,0.45428,0.39660,0.55000,0.43301,9.9999,0.02560,1,0.52535
146.8400,0.53617,0.45428,0.39660,0.55000,0.43301,9.9999,0.02560,1,0.52535
146.8600,0.53617,0.45428,0.39660,0.55000,0.43301,9.9999,0.02560,1,0.52535
146.8800,0.53617,0.45428,0.39660,0.55000,0.43301,9.9999,0.02560,1,0.52535
146.9000,0.53617,0.45428,0.39660,0.55000,0.43301,9.9999,0.02560,1,0.52535
146.9200,0.53617,0.45428,0.39660,0.55000,0.43301,9.9999,0.02560,1,0.52535
146.9400,0.53617,0.45428,0.39660,0.55000,0.43301,9.9999,0.02560,1,0.52535
146.9600,0.53617,0.45428,0.39660,0.55000,0.43301,9.9999,0.02560,1,0.52535
146.9800,0.53617,0.45428,0.39660,0.55000,0.43301,9.9999,0.02560,1,0.52535
147.0000,0.53617,0.45428,0.39660,0.55000,0.43301,9.9999,0.02560,1,0.52535
147.0200,0.53617,0.45428,0.39660,0.55000,0.43301,9.9999,0.02560,1,0.52535
147.0400,0.53617,0.45428,0.39660,0.55000,0.43301,9.9999,0.02560,1,0.52535
147.0600,0.53617,0.45428,0.39660,0.55000,0.43301,9.9999,0.02560,1,0.52535
147.0800,0.53617,0.45428,0.39660,0.55000,0.43301,9.9999,0.02560,1,0.52535
147.1000,0.53617,0.45428,0.39660,0.55000,0.43301,9.9999,0.02560,1,0.52535
147.1200,0.53617,0.45428,0.39660,0.55000,0.43301,9.9999,0.02560,1,0.52535
147.1400,0.53617,0.45428,0.39660,0.55000,0.43301,9.9999,0.02560,1,0.52535
147.1600,0.53617,0.45428,0.39660,0.55000,0.43301,9.9999,0.02560,1,0.52535
147.1800,0.53617,0.45428,0.39660,0.55000,0.43301,9.9999,0.02560,1,0.52535
147.2000,0.53617,0.45428,0.39660,0.55000,0.43301,9.9999,0.02560,1,0.52535
147.2200,0.53617,0.45428,0.39660,0.55000,0.43301,9.9999,0.02560,1,0.52535
147.2400,0.53617,0.45428,0.39660,0.55000,0.43301,9.9999,0.02560,1,0.52535
147.2600,0.53617,0.45428,0.39660,0.55000,0.43301,9.9999,0.02560,1,0.52535
147.2800,0.53617,0.45429,0.39660,0.55000,0.43301,9.9999,0.02560,1,0.52535
147.3000,0.53617,0.45429,0.39660,0.55000,0.43301,9.9999,0.02560,1,0.52535
147.3200,0.53617,0.45429,0.39660,0.55000,0.43301,9.9999,0.02560,1,0.52535
147.3400,0.53617,0.45429,0.39660,0.55000,0.43301,9.9999,0.02560,1,0.52535
147.3600,0.53617,0.45429,0.39660,0.55000,0.43301,9.9999,0.02560,1,0.52535
147.3800,0.53617,0.45429,0.39660,0.55000,0.43301,9.9999,0.02560,1,0.52535
147.4000,0.53617,0.45429,0.39660,0.55000,0.43301,9.9999,0.02560,1,0.52535
147.4200,0.53617,0.45429,0.39660,0.55000,0.43301,9.9999,0.02560,1,0.52535
147.4400,0.53617,0.45429,0.39660,0.55000,0.43301,9.9999,0.02560,1,0.52535
147.4600,0.53617,0.45429,0.39660,0.55000,0.43301,9.9999,0.02560,1,0.52535
147.4800,0.53617,0.45429,0.39660,0.55000,0.43301,9.9999,0.02560,1,0.52535
147.5000,0.53617,0.45429,0.39660,0.55000,0.43301,9.9999,0.02560,1,0.52535
147.5200,0.53617,0.45429,0.39660,0.55000,0.43301,9.9999,0.02560,1,0.52535
147.5400,0.53617,0.45429,0.39660,0.55000,0.43301,9.9999,0.02560,1,0.52535
147.5600,0.53617,0.45429,0.39660,0.55000,0.43301,9.9999,0.02560,1,0.52535
147.5800,0.53617,0.45429,0.39660,0.55000,0.43301,9.9999,0.02560,1,0.52535
147.6000,0.53617,0.45429,0.39660,0.55000,0.43301,9.9999,0.02560,1,0.52535
147.6200,0.53617,0.45429,0.39660,0.55000,0.43301,9.9999,0.02560,1,0.52535
147.6400,0.53617,0.45429,0.39660,0.55000,0.43301,9.9999,0.02560,1,0.52535
147.6600,0.53617,0.45429,0.39660,0.55000,0.43301,9.9999,0.02560,1,0.52535
147.6800,0.53617,0.45429,0.39660,0.55000,0.43301,9.9999,0.02560,1,0.52535
147.7000,0.53617,0.45429,0.39660,0.55000,0.43301,9.9999,0.02560,1,0.52535
147.7200,0.53617,0.45429,0.39660,0.55000,0.43301,9.9999,0.02560,1,0.52535
147.7400,0.53617,0.45429,0.39660,0.55000,0.43301,9.9999,0.02560,1,0.52535
147.7600,0.53617,0.45429,0.39660,0.55000,0.43301,9.9999,0.02560,1,0.52535
147.7800,0.53617,0.45429,0.39660,0.55000,0.43301,9.9999,0.02560,1,0.52535
147.8000,0.53617,0.45429,0.39660,0.55000,0.43301,9.9999,0.02560,1,0.52535
147.8200,0.53618,0.45429,0.39660,0.55000,0.43301,9.9999,0.02560,1,0.52535
147.8400,0.53618,0.45429,0.39660,0.55000,0.43301,9.9999,0.02560,1,0.52535
147.8600,0.53618,0.45429,0.39660,0.55000,0.43301,9.9999,0.02560,1,0.52535
147.8800,0.53618,0.45429,0.39660,0.55000,0.43301,9.9999,0.02560,1,0.52535
147.9000,0.53618,0.45429,0.39660,0.55000,0.43301,9.9999,0.02560,1,0.52535
147.9200,0.53618,0.45429,0.39660,0.55000,0.43301,9.9999,0.02560,1,0.52535
147.9400,0.53618,0.45429,0.39660,0.55000,0.43301,9.9999,0.02560,1,0.52535
147.9600,0.53618,0.45429,0.39660,0.55000,0.43301,9.9999,0.02560,1,0.52535
147.9800,0.53618,0.45429,0.39660,0.55000,0.43301,9.9999,0.02560,1,0.52535
148.0000,0.53618,0.45429,0.39660,0.55000,0.43301,9.9999,0.02560,1,0.52535
148.0200,0.53618,0.45429,0.39660,0.55000,0.43301,9.9999,0.02560,1,0.52535
148.0400,0.53618,0.45429,0.39660,0.55000,0.43301,9.9999,0.02560,1,0.52535
148.0600,0.53618,0.45429,0.39660,0.55000,0.43301,9.9999,0.02560,1,0.52535
148.0800,0.53618,0.45429,0.39660,0.55000,0.43301,9.9999,0.02560,1,0.52535
148.1000,0.53618,0.45429,0.39660,0.55000,0.43301,9.9999,0.02560,1,0.52535
148.1200,0.53618,0.45429,0.39660,0.55000,0.43301,9.9999,0.02560,1,0.52535
148.1400,0.53618,0.45429,0.39660,0.55000,0.43301,9.9999,0.02560,1,0.52535
148.1600,0.53618,0.45429,0.39660,0.55000,0.43301,9.9999,0.02560,1,0.52535
148.1800,0.53618,0.45429,0.39660,0.55000,0.43301,9.9999,0.02560,1,0.52536
148.2000,0.53618,0.45430,0.39660,0.55000,0.43301,9.9999,0.02560,1,0.52536
148.2200,0.53618,0.45430,0.39660,0.55000,0.43301,9.9999,0.02560,1,0.52536
148.2400,0.53618,0.45430,0.39660,0.55000,0.43301,9.9999,0.02560,1,0.52536
148.2600,0.53618,0.45430,0.39660,0.55000,0.43301,9.9999,0.02560,1,0.52536
148.2800,0.53618,0.45430,0.39660,0.55000,0.43301,9.9999,0.02560,1,0.52536
148.3000,0.53618,0.45430,0.39660,0.55000,0.43301,9.9999,0.02560,1,0.52536
148.3200,0.53618,0.45430,0.39660,0.55000,0.43301,9.9999,0.02560,1,0.52536
148.3400,0.53618,0.45430,0.39660,0.55000,0.43301,9.9999,0.02560,1,0.52536
148.3600,0.53618,0.45430,0.39660,0.55000,0.43301,9.9999,0.02560,1,0.52536
148.3800,0.53618,0.45430,0.39660,0.55000,0.43301,9.9999,0.02561,1,0.52536
148.4000,0.53618,0.45430,0.39660,0.55000,0.43301,9.9999,0.02561,1,0.52536
148.4200,0.53618,0.45430,0.39660,0.55000,0.43301,9.9999,0.02561,1,0.52536
148.4400,0.53618,0.45430,0.39660,0.55000,0.43301,9.9999,0.02561,1,0.52536
148.4600,0.53618,0.45430,0.39660,0.55000,0.43301,9.9999,0.02561,1,0.52536
148.4800,0.53618,0.45430,0.39660,0.55000,0.43301,9.9999,0.02561,1,0.52536
148.5000,0.53618,0.45430,0.39660,0.55000,0.43301,9.9999,0.02561,1,0.52536
148.5200,0.53618,0.45430,0.39660,0.55000,0.43301,9.9999,0.02561,1,0.52536
148.5400,0.53618,0.45430,0.39660,0.55000,0.43301,9.9999,0.02561,1,0.52536
148.5600,0.53618,0.45430,0.39660,0.55000,0.43301,9.9999,0.02561,1,0.52536
148.5800,0.53618,0.45430,0.39660,0.55000,0.43301,9.9999,0.02561,1,0.52536
148.6000,0.53618,0.45430,0.39660,0.55000,0.43301,9.9999,0.02561,1,0.52536
148.6200,0.53618,0.45430,0.39660,0.55000,0.43301,9.9999,0.02561,1,0.52536
148.6400,0.53618,0.45430,0.39660,0.55000,0.43301,9.9999,0.02561,1,0.52536
148.6600,0.53618,0.45430,0.39660,0.55000,0.43301,9.9999,0.02561,1,0.52536
148.6800,0.53618,0.45430,0.39660,0.55000,0.43301,9.9999,0.02561,1,0.52536
148.7000,0.53618,0.45430,0.39660,0.55000,0.43301,9.9999,0.02561,1,0.52536
148.7200,0.53618,0.45430,0.39660,0.55000,0.43301,9.9999,0.02561,1,0.52536
148.7400,0.53618,0.45430,0.39660,0.55000,0.43301,9.9999,0.02561,1,0.52536
148.7600,0.53618,0.45430,0.39660,0.55000,0.43301,9.9999,0.02561,1,0.52536
148.7800,0.53618,0.45430,0.39660,0.55000,0.43301,9.9999,0.02561,1,0.52536
148.8000,0.53618,0.45430,0.39660,0.55000,0.43301,9.9999,0.02561,1,0.52536
148.8200,0.53618,0.45430,0.39660,0.55000,0.43301,9.9999,0.02561,1,0.52536
148.8400,0.53618,0.45430,0.39660,0.55000,0.43301,9.9999,0.02561,1,0.52536
148.8600,0.53618,0.45430,0.39660,0.55000,0.43301,9.9999,0.02561,1,0.52536
148.8800,0.53618,0.45430,0.39660,0.55000,0.43301,9.9999,0.02561,1,0.52536
148.9000,0.53618,0.45430,0.39660,0.55000,0.43301,9.9999,0.02561,1,0.52536
148.9200,0.53618,0.45430,0.39660,0.55000,0.43301,9.9999,0.02561,1,0.52536
148.9400,0.53618,0.45430,0.39660,0.55000,0.43301,9.9999,0.02561,1,0.52536
148.9600,0.53618,0.45430,0.39660,0.55000,0.43301,9.9999,0.02561,1,0.52536
148.9800,0.53618,0.45430,0.39660,0.55000,0.43301,9.9999,0.02561,1,0.52536
149.0000,0.53618,0.45430,0.39660,0.55000,0.43301,9.9999,0.02561,1,0.52536
149.0200,0.53618,0.45430,0.39660,0.55000,0.43301,9.9999,0.02561,1,0.52536
149.0400,0.53618,0.45430,0.39660,0.55000,0.43301,9.9999,0.02561,1,0.52536
149.0600,0.53618,0.45430,0.39660,0.55000,0.43301,9.9999,0.02561,1,0.52536
149.0800,0.53618,0.45430,0.39660,0.55000,0.43301,9.9999,0.02561,1,0.52536
149.1000,0.53618,0.45430,0.39660,0.55000,0.43301,9.9999,0.02561,1,0.52536
149.1200,0.53618,0.45431,0.39660,0.55000,0.43301,9.9999,0.02561,1,0.52536
149.1400,0.53618,0.45431,0.39660,0.55000,0.43301,9.9999,0.02561,1,0.52536
149.1600,0.53618,0.45431,0.39660,0.55000,0.43301,9.9999,0.02561,1,0.52536
149.1800,0.53618,0.45431,0.39660,0.55000,0.43301,9.9999,0.02561,1,0.52536
149.2000,0.53618,0.45431,0.39660,0.55000,0.43301,9.9999,0.02561,1,0.52536
149.2200,0.53618,0.45431,0.39660,0.55000,0.43301,9.9999,0.02561,1,0.52536
149.2400,0.53618,0.45431,0.39660,0.55000,0.43301,9.9999,0.02561,1,0.52536
149.2600,0.53618,0.45431,0.39660,0.55000,0.43301,9.9999,0.02561,1,0.52536
149.2800,0.53618,0.45431,0.39660,0.55000,0.43301,9.9999,0.02561,1,0.52536
149.3000,0.53618,0.45431,0.39660,0.55000,0.43301,9.9999,0.02561,1,0.52536
149.3200,0.53618,0.45431,0.39660,0.55000,0.43301,9.9999,0.02561,1,0.52536
149.3400,0.53618,0.45431,0.39660,0.55000,0.43301,9.9999,0.02561,1,0.52536
149.3600,0.53618,0.45431,0.39660,0.55000,0.43301,9.9999,0.02561,1,0.52536
149.3800,0.53618,0.45431,0.39660,0.55000,0.43301,9.9999,0.02561,1,0.52536
149.4000,0.53618,0.45431,0.39660,0.55000,0.43301,9.9999,0.02561,1,0.52536
149.4200,0.53618,0.45431,0.39660,0.55000,0.43301,9.9999,0.02561,1,0.52536
149.4400,0.53618,0.45431,0.39660,0.55000,0.43301,9.9999,0.02561,1,0.52536
149.4600,0.53618,0.45431,0.39660,0.55000,0.43301,9.9999,0.02561,1,0.52536
149.4800,0.53618,0.45431,0.39660,0.55000,0.43301,9.9999,0.02561,1,0.52536
149.5000,0.53618,0.45431,0.39660,0.55000,0.43301,9.9999,0.02561,1,0.52536
149.5200,0.53618,0.45431,0.39660,0.55000,0.43301,9.9999,0.02561,1,0.52536
149.5400,0.53618,0.45431,0.39660,0.55000,0.43301,9.9999,0.02561,1,0.52536
149.5600,0.53618,0.45431,0.39660,0.55000,0.43301,9.9999,0.02561,1,0.52536
149.5800,0.53618,0.45431,0.39660,0.55000,0.43301,9.9999,0.02561,1,0.52536
149.6000,0.53618,0.45431,0.39660,0.55000,0.43301,9.9999,0.02561,1,0.52536
149.6200,0.53619,0.45431,0.39660,0.55000,0.43301,9.9999,0.02561,1,0.52536
149.6400,0.53619,0.45431,0.39660,0.55000,0.43301,9.9999,0.02561,1,0.52536
149.6600,0.53619,0.45431,0.39660,0.55000,0.43301,9.9999,0.02561,1,0.52536
149.6800,0.53619,0.45431,0.39660,0.55000,0.43301,9.9999,0.02561,1,0.52536
149.7000,0.53619,0.45431,0.39660,0.55000,0.43301,9.9999,0.02561,1,0.52536
149.7200,0.53619,0.45431,0.39660,0.55000,0.43301,9.9999,0.02561,1,0.52537
149.7400,0.53619,0.45431,0.39660,0.55000,0.43301,9.9999,0.02561,1,0.52537
149.7600,0.53619,0.45431,0.39660,0.55000,0.43301,9.9999,0.02561,1,0.52537
149.7800,0.53619,0.45431,0.39660,0.55000,0.43301,9.9999,0.02561,1,0.52537
149.8000,0.53619,0.45431,0.39660,0.55000,0.43301,9.9999,0.02561,1,0.52537
149.8200,0.53619,0.45431,0.39660,0.55000,0.43301,9.9999,0.02561,1,0.52537
149.8400,0.53619,0.45431,0.39660,0.55000,0.43301,9.9999,0.02561,1,0.52537
149.8600,0.53619,0.45431,0.39660,0.55000,0.43301,9.9999,0.02561,1,0.52537
149.8800,0.53619,0.45431,0.39660,0.55000,0.43301,9.9999,0.02561,1,0.52537
149.9000,0.53619,0.45431,0.39660,0.55000,0.43301,9.9999,0.02561,1,0.52537
149.9200,0.53619,0.45431,0.39660,0.55000,0.43301,9.9999,0.02561,1,0.52537
149.9400,0.53619,0.45431,0.39660,0.55000,0.43301,9.9999,0.02561,1,0.52537
149.9600,0.53619,0.45431,0.39660,0.55000,0.43301,9.9999,0.02561,1,0.52537
149.9800,0.53619,0.45431,0.39660,0.55000,0.43301,9.9999,0.02561,1,0.52537
150.0000,0.53619,0.45431,0.39660,0.55000,0.43301,9.9999,0.02561,1,0.52537
150.0200,0.53619,0.45431,0.39660,0.55000,0.43301,9.9999,0.02562,1,0.52537
150.0400,0.53619,0.45431,0.39660,0.55000,0.43301,9.9999,0.02562,1,0.52537
150.0600,0.53619,0.45431,0.39660,0.55000,0.43301,9.9999,0.02562,1,0.52537
150.0800,0.53619,0.45432,0.39660,0.55000,0.43301,9.9999,0.02562,1,0.52537
150.1000,0.53619,0.45432,0.39660,0.55000,0.43301,9.9999,0.02562,1,0.52537
150.1200,0.53619,0.45432,0.39660,0.55000,0.43301,9.9999,0.02562,1,0.52537
150.1400,0.53619,0.45432,0.39660,0.55000,0.43301,9.9999,0.02562,1,0.52537
150.1600,0.53619,0.45432,0.39660,0.55000,0.43301,9.9999,0.02562,1,0.52537
150.1800,0.53619,0.45432,0.39660,0.55000,0.43301,9.9999,0.02562,1,0.52537
150.2000,0.53619,0.45432,0.39660,0.55000,0.43301,9.9999,0.02562,1,0.52537
150.2200,0.53619,0.45432,0.39660,0.55000,0.43301,9.9999,0.02562,1,0.52537
150.2400,0.53619,0.45432,0.39660,0.55000,0.43301,9.9999,0.02562,1,0.52537
150.2600,0.53619,0.45432,0.39660,0.55000,0.43301,9.9999,0.02562,1,0.52537
150.2800,0.53619,0.45432,0.39660,0.55000,0.43301,9.9999,0.02562,1,0.52537
150.3000,0.53619,0.45432,0.39660,0.55000,0.43301,9.9999,0.02562,1,0.52537
150.3200,0.53619,0.45432,0.39660,0.55000,0.43301,9.9999,0.02562,1,0.52537
150.3400,0.53619,0.45432,0.39660,0.55000,0.43301,9.9999,0.02562,1,0.52537
150.3600,0.53619,0.45432,0.39660,0.55000,0.43301,9.9999,0.02562,1,0.52537
150.3800,0.53619,0.45432,0.39660,0.55000,0.43301,9.9999,0.02562,1,0.52537
150.4000,0.53619,0.45432,0.39660,0.55000,0.43301,9.9999,0.02562,1,0.52537
150.4200,0.53619,0.45432,0.39660,0.55000,0.43301,9.9999,0.02562,1,0.52537
150.4400,0.53619,0.45432,0.39660,0.55000,0.43301,9.9999,0.02562,1,0.52537
150.4600,0.53619,0.45432,0.39660,0.55000,0.43301,9.9999,0.02562,1,0.52537
150.4800,0.53619,0.45432,0.39660,0.55000,0.43301,9.9999,0.02562,1,0.52537
150.5000,0.53619,0.45432,0.39660,0.55000,0.43301,9.9999,0.02562,1,0.52537
150.5200,0.53619,0.45432,0.39660,0.55000,0.43301,9.9999,0.02562,1,0.52537
150.5400,0.53619,0.45432,0.39660,0.55000,0.43301,9.9999,0.02562,1,0.52537
150.5600,0.53619,0.45432,0.39660,0.55000,0.43301,9.9999,0.02562,1,0.52537
150.5800,0.53619,0.45432,0.39660,0.55000,0.43301,9.9999,0.02562,1,0.52537
150.6000,0.53619,0.45432,0.39660,0.55000,0.43301,9.9999,0.02562,1,0.52537
150.6200,0.53619,0.45432,0.39660,0.55000,0.43301,9.9999,0.02562,1,0.52537
150.6400,0.53619,0.45432,0.39660,0.55000,0.43301,9.9999,0.02562,1,0.52537
150.6600,0.53619,0.45432,0.39660,0.55000,0.43301,9.9999,0.02562,1,0.52537
150.6800,0.53619,0.45432,0.39660,0.55000,0.43301,9.9999,0.02562,1,0.52537
150.7000,0.53619,0.45432,0.39660,0.55000,0.43301,9.9999,0.02562,1,0.52537
150.7200,0.53619,0.45432,0.39660,0.55000,0.43301,9.9999,0.02562,1,0.52537
150.7400,0.53619,0.45432,0.39660,0.55000,0.43301,9.9999,0.02562,1,0.52537
150.7600,0.53619,0.45432,0.39660,0.55000,0.43301,9.9999,0.02562,1,0.52537
150.7800,0.53619,0.45432,0.39660,0.55000,0.43301,9.9999,0.02562,1,0.52537
150.8000,0.53619,0.45432,0.39660,0.55000,0.43301,9.9999,0.02562,1,0.52537
150.8200,0.53619,0.45432,0.39660,0.55000,0.43301,9.9999,0.02562,1,0.52537
150.8400,0.53619,0.45432,0.39660,0.55000,0.43301,9.9999,0.02562,1,0.52537
150.8600,0.53619,0.45432,0.39660,0.55000,0.43301,9.9999,0.02562,1,0.52537
150.8800,0.53619,0.45432,0.39660,0.55000,0.43301,9.9999,0.02562,1,0.52537
150.9000,0.53619,0.45432,0.39660,0.55000,0.43301,9.9999,0.02562,1,0.52537
150.9200,0.53619,0.45432,0.39660,0.55000,0.43301,9.9999,0.02562,1,0.52537
150.9400,0.53619,0.45432,0.39660,0.55000,0.43301,9.9999,0.02562,1,0.52537
150.9600,0.53619,0.45432,0.39660,0.55000,0.43301,9.9999,0.02562,1,0.52537
150.9800,0.53619,0.45432,0.39660,0.55000,0.43301,9.9999,0.02562,1,0.52537
151.0000,0.53619,0.45432,0.39660,0.55000,0.43301,9.9999,0.02562,1,0.52537
151.0200,0.53619,0.45432,0.39660,0.55000,0.43301,9.9999,0.02562,1,0.52537
151.0400,0.53619,0.45433,0.39660,0.55000,0.43301,9.9999,0.02562,1,0.52537
151.0600,0.53619,0.45433,0.39660,0.55000,0.43301,9.9999,0.02562,1,0.52537
151.0800,0.53619,0.45433,0.39660,0.55000,0.43301,9.9999,0.02562,1,0.52537
151.1000,0.53619,0.45433,0.39660,0.55000,0.43301,9.9999,0.02562,1,0.52537
151.1200,0.53619,0.45433,0.39660,0.55000,0.43301,9.9999,0.02562,1,0.52537
151.1400,0.53619,0.45433,0.39660,0.55000,0.43301,9.9999,0.02562,1,0.52537
151.1600,0.53619,0.45433,0.39660,0.55000,0.43301,9.9999,0.02562,1,0.52537
151.1800,0.53619,0.45433,0.39660,0.55000,0.43301,9.9999,0.02562,1,0.52537
151.2000,0.53619,0.45433,0.39660,0.55000,0.43301,9.9999,0.02562,1,0.52537
151.2200,0.53619,0.45433,0.39660,0.55000,0.43301,9.9999,0.02562,1,0.52537
151.2400,0.53619,0.45433,0.39660,0.55000,0.43301,9.9999,0.02562,1,0.52537
151.2600,0.53619,0.45433,0.39660,0.55000,0.43301,9.9999,0.02562,1,0.52537
151.2800,0.53619,0.45433,0.39660,0.55000,0.43301,9.9999,0.02562,1,0.52537
151.3000,0.53619,0.45433,0.39660,0.55000,0.43301,9.9999,0.02562,1,0.52537
151.3200,0.53619,0.45433,0.39660,0.55000,0.43301,9.9999,0.02562,1,0.52538
151.3400,0.53619,0.45433,0.39660,0.55000,0.43301,9.9999,0.02562,1,0.52538
151.3600,0.53619,0.45433,0.39660,0.55000,0.43301,9.9999,0.02562,1,0.52538
151.3800,0.53619,0.45433,0.39660,0.55000,0.43301,9.9999,0.02562,1,0.52538
151.4000,0.53619,0.45433,0.39660,0.55000,0.43301,9.9999,0.02562,1,0.52538
151.4200,0.53619,0.45433,0.39660,0.55000,0.43301,9.9999,0.02562,1,0.52538
151.4400,0.53620,0.45433,0.39660,0.55000,0.43301,9.9999,0.02562,1,0.52538
151.4600,0.53620,0.45433,0.39660,0.55000,0.43301,9.9999,0.02562,1,0.52538
151.4800,0.53620,0.45433,0.39660,0.55000,0.43301,9.9999,0.02562,1,0.52538
151.5000,0.53620,0.45433,0.39660,0.55000,0.43301,9.9999,0.02562,1,0.52538
151.5200,0.53620,0.45433,0.39660,0.55000,0.43301,9.9999,0.02562,1,0.52538
151.5400,0.53620,0.45433,0.39660,0.55000,0.43301,9.9999,0.02562,1,0.52538
151.5600,0.53620,0.45433,0.39660,0.55000,0.43301,9.9999,0.02562,1,0.52538
151.5800,0.53620,0.45433,0.39660,0.55000,0.43301,9.9999,0.02562,1,0.52538
151.6000,0.53620,0.45433,0.39660,0.55000,0.43301,9.9999,0.02562,1,0.52538
151.6200,0.53620,0.45433,0.39660,0.55000,0.43301,9.9999,0.02562,1,0.52538
151.6400,0.53620,0.45433,0.39660,0.55000,0.43301,9.9999,0.02562,1,0.52538
151.6600,0.53620,0.45433,0.39660,0.55000,0.43301,9.9999,0.02562,1,0.52538
151.6800,0.53620,0.45433,0.39660,0.55000,0.43301,9.9999,0.02562,1,0.52538
151.7000,0.53620,0.45433,0.39660,0.55000,0.43301,9.9999,0.02562,1,0.52538
151.7200,0.53620,0.45433,0.39660,0.55000,0.43301,9.9999,0.02562,1,0.52538
151.7400,0.53620,0.45433,0.39660,0.55000,0.43301,9.9999,0.02563,1,0.52538
151.7600,0.53620,0.45433,0.39660,0.55000,0.43301,9.9999,0.02563,1,0.52538
151.7800,0.53620,0.45433,0.39660,0.55000,0.43301,9.9999,0.02563,1,0.52538
151.8000,0.53620,0.45433,0.39660,0.55000,0.43301,9.9999,0.02563,1,0.52538
151.8200,0.53620,0.45433,0.39660,0.55000,0.43301,9.9999,0.02563,1,0.52538
151.8400,0.53620,0.45433,0.39660,0.55000,0.43301,9.9999,0.02563,1,0.52538
151.8600,0.53620,0.45433,0.39660,0.55000,0.43301,9.9999,0.02563,1,0.52538
151.8800,0.53620,0.45433,0.39660,0.55000,0.43301,9.9999,0.02563,1,0.52538
151.9000,0.53620,0.45433,0.39660,0.55000,0.43301,9.9999,0.02563,1,0.52538
151.9200,0.53620,0.45433,0.39660,0.55000,0.43301,9.9999,0.02563,1,0.52538
151.9400,0.53620,0.45433,0.39660,0.55000,0.43301,9.9999,0.02563,1,0.52538
151.9600,0.53620,0.45433,0.39660,0.55000,0.43301,9.9999,0.02563,1,0.52538
151.9800,0.53620,0.45433,0.39660,0.55000,0.43301,9.9999,0.02563,1,0.52538
152.0000,0.53620,0.45434,0.39660,0.55000,0.43301,9.9999,0.02563,1,0.52538
152.0200,0.53620,0.45434,0.39660,0.55000,0.43301,9.9999,0.02563,1,0.52538
152.0400,0.53620,0.45434,0.39660,0.55000,0.43301,9.9999,0.02563,1,0.52538
152.0600,0.53620,0.45434,0.39660,0.55000,0.43301,9.9999,0.02563,1,0.52538
152.0800,0.53620,0.45434,0.39660,0.55000,0.43301,9.9999,0.02563,1,0.52538
152.1000,0.53620,0.45434,0.39660,0.55000,0.43301,9.9999,0.02563,1,0.52538
152.1200,0.53620,0.45434,0.39660,0.55000,0.43301,9.9999,0.02563,1,0.52538
152.1400,0.53620,0.45434,0.39660,0.55000,0.43301,9.9999,0.02563,1,0.52538
152.1600,0.53620,0.45434,0.39660,0.55000,0.43301,9.9999,0.02563,1,0.52538
152.1800,0.53620,0.45434,0.39660,0.55000,0.43301,9.9999,0.02563,1,0.52538
152.2000,0.53620,0.45434,0.39660,0.55000,0.43301,9.9999,0.02563,1,0.52538
152.2200,0.53620,0.45434,0.39660,0.55000,0.43301,9.9999,0.02563,1,0.52538
152.2400,0.53620,0.45434,0.39660,0.55000,0.43301,9.9999,0.02563,1,0.52538
152.2600,0.53620,0.45434,0.39660,0.55000,0.43301,9.9999,0.02563,1,0.52538
152.2800,0.53620,0.45434,0.39660,0.55000,0.43301,9.9999,0.02563,1,0.52538
152.3000,0.53620,0.45434,0.39660,0.55000,0.43301,9.9999,0.02563,1,0.52538
152.3200,0.53620,0.45434,0.39660,0.55000,0.43301,9.9999,0.02563,1,0.52538
152.3400,0.53620,0.45434,0.39660,0.55000,0.43301,9.9999,0.02563,1,0.52538
152.3600,0.53620,0.45434,0.39660,0.55000,0.43301,9.9999,0.02563,1,0.52538
152.3800,0.53620,0.45434,0.39660,0.55000,0.43301,9.9999,0.02563,1,0.52538
152.4000,0.53620,0.45434,0.39660,0.55000,0.43301,9.9999,0.02563,1,0.52538
152.4200,0.53620,0.45434,0.39660,0.55000,0.43301,9.9999,0.02563,1,0.52538
152.4400,0.53620,0.45434,0.39660,0.55000,0.43301,9.9999,0.02563,1,0.52538
152.4600,0.53620,0.45434,0.39660,0.55000,0.43301,9.9999,0.02563,1,0.52538
152.4800,0.53620,0.45434,0.39660,0.55000,0.43301,9.9999,0.02563,1,0.52538
152.5000,0.53620,0.45434,0.39660,0.55000,0.43301,9.9999,0.02563,1,0.52538
152.5200,0.53620,0.45434,0.39660,0.55000,0.43301,9.9999,0.02563,1,0.52538
152.5400,0.53620,0.45434,0.39660,0.55000,0.43301,9.9999,0.02563,1,0.52538
152.5600,0.53620,0.45434,0.39660,0.55000,0.43301,9.9999,0.02563,1,0.52538
152.5800,0.53620,0.45434,0.39660,0.55000,0.43301,9.9999,0.02563,1,0.52538
152.6000,0.53620,0.45434,0.39660,0.55000,0.43301,9.9999,0.02563,1,0.52538
152.6200,0.53620,0.45434,0.39660,0.55000,0.43301,9.9999,0.02563,1,0.52538
152.6400,0.53620,0.45434,0.39660,0.55000,0.43301,9.9999,0.02563,1,0.52538
152.6600,0.53620,0.45434,0.39660,0.55000,0.43301,9.9999,0.02563,1,0.52538
152.6800,0.53620,0.45434,0.39660,0.55000,0.43301,9.9999,0.02563,1,0.52538
152.7000,0.53620,0.45434,0.39660,0.55000,0.43301,9.9999,0.02563,1,0.52538
152.7200,0.53620,0.45434,0.39660,0.55000,0.43301,9.9999,0.02563,1,0.52538
152.7400,0.53620,0.45434,0.39660,0.55000,0.43301,9.9999,0.02563,1,0.52538
152.7600,0.53620,0.45434,0.39660,0.55000,0.43301,9.9999,0.02563,1,0.52538
152.7800,0.53620,0.45434,0.39660,0.55000,0.43301,9.9999,0.02563,1,0.52538
152.8000,0.53620,0.45434,0.39660,0.55000,0.43301,9.9999,0.02563,1,0.52538
152.8200,0.53620,0.45434,0.39660,0.55000,0.43301,9.9999,0.02563,1,0.52538
152.8400,0.53620,0.45434,0.39660,0.55000,0.43301,9.9999,0.02563,1,0.52538
152.8600,0.53620,0.45434,0.39660,0.55000,0.43301,9.9999,0.02563,1,0.52538
152.8800,0.53620,0.45434,0.39660,0.55000,0.43301,9.9999,0.02563,1,0.52538
152.9000,0.53620,0.45434,0.39660,0.55000,0.43301,9.9999,0.02563,1,0.52538
152.9200,0.53620,0.45434,0.39660,0.55000,0.43301,9.9999,0.02563,1,0.52538
152.9400,0.53620,0.45434,0.39660,0.55000,0.43301,9.9999,0.02563,1,0.52538
152.9600,0.53620,0.45434,0.39660,0.55000,0.43301,9.9999,0.02563,1,0.52539
152.9800,0.53620,0.45434,0.39660,0.55000,0.43301,9.9999,0.02563,1,0.52539
153.0000,0.53620,0.45435,0.39660,0.55000,0.43301,9.9999,0.02563,1,0.52539
153.0200,0.53620,0.45435,0.39660,0.55000,0.43301,9.9999,0.02563,1,0.52539
153.0400,0.53620,0.45435,0.39660,0.55000,0.43301,9.9999,0.02563,1,0.52539
153.0600,0.53620,0.45435,0.39660,0.55000,0.43301,9.9999,0.02563,1,0.52539
153.0800,0.53620,0.45435,0.39660,0.55000,0.43301,9.9999,0.02563,1,0.52539
153.1000,0.53620,0.45435,0.39660,0.55000,0.43301,9.9999,0.02563,1,0.52539
153.1200,0.53620,0.45435,0.39660,0.55000,0.43301,9.9999,0.02563,1,0.52539
153.1400,0.53620,0.45435,0.39660,0.55000,0.43301,9.9999,0.02563,1,0.52539
153.1600,0.53620,0.45435,0.39660,0.55000,0.43301,9.9999,0.02563,1,0.52539
153.1800,0.53620,0.45435,0.39660,0.55000,0.43301,9.9999,0.02563,1,0.52539
153.2000,0.53620,0.45435,0.39660,0.55000,0.43301,9.9999,0.02563,1,0.52539
153.2200,0.53620,0.45435,0.39660,0.55000,0.43301,9.9999,0.02563,1,0.52539
153.2400,0.53620,0.45435,0.39660,0.55000,0.43301,9.9999,0.02563,1,0.52539
153.2600,0.53620,0.45435,0.39659,0.55000,0.43301,9.9999,0.02563,1,0.52539
153.2800,0.53621,0.45435,0.39659,0.55000,0.43301,9.9999,0.02563,1,0.52539
153.3000,0.53621,0.45435,0.39659,0.55000,0.43301,9.9999,0.02563,1,0.52539
153.3200,0.53621,0.45435,0.39659,0.55000,0.43301,9.9999,0.02563,1,0.52539
153.3400,0.53621,0.45435,0.39659,0.55000,0.43301,9.9999,0.02563,1,0.52539
153.3600,0.53621,0.45435,0.39659,0.55000,0.43301,9.9999,0.02563,1,0.52539
153.3800,0.53621,0.45435,0.39659,0.55000,0.43301,9.9999,0.02563,1,0.52539
153.4000,0.53621,0.45435,0.39659,0.55000,0.43301,9.9999,0.02563,1,0.52539
153.4200,0.53621,0.45435,0.39659,0.55000,0.43301,9.9999,0.02563,1,0.52539
153.4400,0.53621,0.45435,0.39659,0.55000,0.43301,9.9999,0.02563,1,0.52539
153.4600,0.53621,0.45435,0.39659,0.55000,0.43301,9.9999,0.02563,1,0.52539
153.4800,0.53621,0.45435,0.39659,0.55000,0.43301,9.9999,0.02563,1,0.52539
153.5000,0.53621,0.45435,0.39659,0.55000,0.43301,9.9999,0.02563,1,0.52539
153.5200,0.53621,0.45435,0.39659,0.55000,0.43301,9.9999,0.02564,1,0.52539
153.5400,0.53621,0.45435,0.39659,0.55000,0.43301,9.9999,0.02564,1,0.52539
153.5600,0.53621,0.45435,0.39659,0.55000,0.43301,9.9999,0.02564,1,0.52539
153.5800,0.53621,0.45435,0.39659,0.55000,0.43301,9.9999,0.02564,1,0.52539
153.6000,0.53621,0.45435,0.39659,0.55000,0.43301,9.9999,0.02564,1,0.52539
153.6200,0.53621,0.45435,0.39659,0.55000,0.43301,9.9999,0.02564,1,0.52539
153.6400,0.53621,0.45435,0.39659,0.55000,0.43301,9.9999,0.02564,1,0.52539
153.6600,0.53621,0.45435,0.39659,0.55000,0.43301,9.9999,0.02564,1,0.52539
153.6800,0.53621,0.45435,0.39659,0.55000,0.43301,9.9999,0.02564,1,0.52539
153.7000,0.53621,0.45435,0.39659,0.55000,0.43301,9.9999,0.02564,1,0.52539
153.7200,0.53621,0.45435,0.39659,0.55000,0.43301,9.9999,0.02564,1,0.52539
153.7400,0.53621,0.45435,0.39659,0.55000,0.43301,9.9999,0.02564,1,0.52539
153.7600,0.53621,0.45435,0.39659,0.55000,0.43301,9.9999,0.02564,1,0.52539
153.7800,0.53621,0.45435,0.39659,0.55000,0.43301,9.9999,0.02564,1,0.52539
153.8000,0.53621,0.45435,0.39659,0.55000,0.43301,9.9999,0.02564,1,0.52539
153.8200,0.53621,0.45435,0.39659,0.55000,0.43301,9.9999,0.02564,1,0.52539
153.8400,0.53621,0.45435,0.39659,0.55000,0.43301,9.9999,0.02564,1,0.52539
153.8600,0.53621,0.45435,0.39659,0.55000,0.43301,9.9999,0.02564,1,0.52539
153.8800,0.53621,0.45435,0.39659,0.55000,0.43301,9.9999,0.02564,1,0.52539
153.9000,0.53621,0.45435,0.39659,0.55000,0.43301,9.9999,0.02564,1,0.52539
153.9200,0.53621,0.45435,0.39659,0.55000,0.43301,9.9999,0.02564,1,0.52539
153.9400,0.53621,0.45435,0.39659,0.55000,0.43301,9.9999,0.02564,1,0.52539
153.9600,0.53621,0.45435,0.39659,0.55000,0.43301,9.9999,0.02564,1,0.52539
153.9800,0.53621,0.45435,0.39659,0.55000,0.43301,9.9999,0.02564,1,0.52539
154.0000,0.53621,0.45436,0.39659,0.55000,0.43301,9.9999,0.02564,1,0.52539
154.0200,0.53621,0.45436,0.39659,0.55000,0.43301,9.9999,0.02564,1,0.52539
154.0400,0.53621,0.45436,0.39659,0.55000,0.43301,9.9999,0.02564,1,0.52539
154.0600,0.53621,0.45436,0.39659,0.55000,0.43301,9.9999,0.02564,1,0.52539
154.0800,0.53621,0.45436,0.39659,0.55000,0.43301,9.9999,0.02564,1,0.52539
154.1000,0.53621,0.45436,0.39659,0.55000,0.43301,9.9999,0.02564,1,0.52539
154.1200,0.53621,0.45436,0.39659,0.55000,0.43301,9.9999,0.02564,1,0.52539
154.1400,0.53621,0.45436,0.39659,0.55000,0.43301,9.9999,0.02564,1,0.52539
154.1600,0.53621,0.45436,0.39659,0.55000,0.43301,9.9999,0.02564,1,0.52539
154.1800,0.53621,0.45436,0.39659,0.55000,0.43301,9.9999,0.02564,1,0.52539
154.2000,0.53621,0.45436,0.39659,0.55000,0.43301,9.9999,0.02564,1,0.52539
154.2200,0.53621,0.45436,0.39659,0.55000,0.43301,9.9999,0.02564,1,0.52539
154.2400,0.53621,0.45436,0.39659,0.55000,0.43301,9.9999,0.02564,1,0.52539
154.2600,0.53621,0.45436,0.39659,0.55000,0.43301,9.9999,0.02564,1,0.52539
154.2800,0.53621,0.45436,0.39659,0.55000,0.43301,9.9999,0.02564,1,0.52539
154.3000,0.53621,0.45436,0.39659,0.55000,0.43301,9.9999,0.02564,1,0.52539
154.3200,0.53621,0.45436,0.39659,0.55000,0.43301,9.9999,0.02564,1,0.52539
154.3400,0.53621,0.45436,0.39659,0.55000,0.43301,9.9999,0.02564,1,0.52539
154.3600,0.53621,0.45436,0.39659,0.55000,0.43301,9.9999,0.02564,1,0.52539
154.3800,0.53621,0.45436,0.39659,0.55000,0.43301,9.9999,0.02564,1,0.52539
154.4000,0.53621,0.45436,0.39659,0.55000,0.43301,9.9999,0.02564,1,0.52539
154.4200,0.53621,0.45436,0.39659,0.55000,0.43301,9.9999,0.02564,1,0.52539
154.4400,0.53621,0.45436,0.39659,0.55000,0.43301,9.9999,0.02564,1,0.52539
154.4600,0.53621,0.45436,0.39659,0.55000,0.43301,9.9999,0.02564,1,0.52539
154.4800,0.53621,0.45436,0.39659,0.55000,0.43301,9.9999,0.02564,1,0.52539
154.5000,0.53621,0.45436,0.39659,0.55000,0.43301,9.9999,0.02564,1,0.52539
154.5200,0.53621,0.45436,0.39659,0.55000,0.43301,9.9999,0.02564,1,0.52539
154.5400,0.53621,0.45436,0.39659,0.55000,0.43301,9.9999,0.02564,1,0.52539
154.5600,0.53621,0.45436,0.39659,0.55000,0.43301,9.9999,0.02564,1,0.52539
154.5800,0.53621,0.45436,0.39659,0.55000,0.43301,9.9999,0.02564,1,0.52539
154.6000,0.53621,0.45436,0.39659,0.55000,0.43301,9.9999,0.02564,1,0.52539
154.6200,0.53621,0.45436,0.39659,0.55000,0.43301,9.9999,0.02564,1,0.52539
154.6400,0.53621,0.45436,0.39659,0.55000,0.43301,9.9999,0.02564,1,0.52539
154.6600,0.53621,0.45436,0.39659,0.55000,0.43301,9.9999,0.02564,1,0.52540
154.6800,0.53621,0.45436,0.39659,0.55000,0.43301,9.9999,0.02564,1,0.52540
154.7000,0.53621,0.45436,0.39659,0.55000,0.43301,9.9999,0.02564,1,0.52540
154.7200,0.53621,0.45436,0.39659,0.55000,0.43301,9.9999,0.02564,1,0.52540
154.7400,0.53621,0.45436,0.39659,0.55000,0.43301,9.9999,0.02564,1,0.52540
154.7600,0.53621,0.45436,0.39659,0.55000,0.43301,9.9999,0.02564,1,0.52540
154.7800,0.53621,0.45436,0.39659,0.55000,0.43301,9.9999,0.02564,1,0.52540
154.8000,0.53621,0.45436,0.39659,0.55000,0.43301,9.9999,0.02564,1,0.52540
154.8200,0.53621,0.45436,0.39659,0.55000,0.43301,9.9999,0.02564,1,0.52540
154.8400,0.53621,0.45436,0.39659,0.55000,0.43301,9.9999,0.02564,1,0.52540
154.8600,0.53621,0.45436,0.39659,0.55000,0.43301,9.9999,0.02564,1,0.52540
154.8800,0.53621,0.45436,0.39659,0.55000,0.43301,9.9999,0.02564,1,0.52540
154.9000,0.53621,0.45436,0.39659,0.55000,0.43301,9.9999,0.02564,1,0.52540
154.9200,0.53621,0.45436,0.39659,0.55000,0.43301,9.9999,0.02564,1,0.52540
154.9400,0.53621,0.45436,0.39659,0.55000,0.43301,9.9999,0.02564,1,0.52540
154.9600,0.53621,0.45436,0.39659,0.55000,0.43301,9.9999,0.02564,1,0.52540
154.9800,0.53621,0.45436,0.39659,0.55000,0.43301,9.9999,0.02564,1,0.52540
155.0000,0.53621,0.45436,0.39659,0.55000,0.43301,9.9999,0.02564,1,0.52540
155.0200,0.53621,0.45437,0.39659,0.55000,0.43301,9.9999,0.02564,1,0.52540
155.0400,0.53621,0.45437,0.39659,0.55000,0.43301,9.9999,0.02564,1,0.52540
155.0600,0.53621,0.45437,0.39659,0.55000,0.43301,9.9999,0.02564,1,0.52540
155.0800,0.53621,0.45437,0.39659,0.55000,0.43301,9.9999,0.02564,1,0.52540
155.1000,0.53621,0.45437,0.39659,0.55000,0.43301,9.9999,0.02564,1,0.52540
155.1200,0.53622,0.45437,0.39659,0.55000,0.43301,9.9999,0.02564,1,0.52540
155.1400,0.53622,0.45437,0.39659,0.55000,0.43301,9.9999,0.02564,1,0.52540
155.1600,0.53622,0.45437,0.39659,0.55000,0.43301,9.9999,0.02564,1,0.52540
155.1800,0.53622,0.45437,0.39659,0.55000,0.43301,9.9999,0.02564,1,0.52540
155.2000,0.53622,0.45437,0.39659,0.55000,0.43301,9.9999,0.02564,1,0.52540
155.2200,0.53622,0.45437,0.39659,0.55000,0.43301,9.9999,0.02564,1,0.52540
155.2400,0.53622,0.45437,0.39659,0.55000,0.43301,9.9999,0.02564,1,0.52540
155.2600,0.53622,0.45437,0.39659,0.55000,0.43301,9.9999,0.02564,1,0.52540
155.2800,0.53622,0.45437,0.39659,0.55000,0.43301,9.9999,0.02564,1,0.52540
155.3000,0.53622,0.45437,0.39659,0.55000,0.43301,9.9999,0.02564,1,0.52540
155.3200,0.53622,0.45437,0.39659,0.55000,0.43301,9.9999,0.02564,1,0.52540
155.3400,0.53622,0.45437,0.39659,0.55000,0.43301,9.9999,0.02564,1,0.52540
155.3600,0.53622,0.45437,0.39659,0.55000,0.43301,9.9999,0.02565,1,0.52540
155.3800,0.53622,0.45437,0.39659,0.55000,0.43301,9.9999,0.02565,1,0.52540
155.4000,0.53622,0.45437,0.39659,0.55000,0.43301,9.9999,0.02565,1,0.52540
155.4200,0.53622,0.45437,0.39659,0.55000,0.43301,9.9999,0.02565,1,0.52540
155.4400,0.53622,0.45437,0.39659,0.55000,0.43301,9.9999,0.02565,1,0.52540
155.4600,0.53622,0.45437,0.39659,0.55000,0.43301,9.9999,0.02565,1,0.52540
155.4800,0.53622,0.45437,0.39659,0.55000,0.43301,9.9999,0.02565,1,0.52540
155.5000,0.53622,0.45437,0.39659,0.55000,0.43301,9.9999,0.02565,1,0.52540
155.5200,0.53622,0.45437,0.39659,0.55000,0.43301,9.9999,0.02565,1,0.52540
155.5400,0.53622,0.45437,0.39659,0.55000,0.43301,9.9999,0.02565,1,0.52540
155.5600,0.53622,0.45437,0.39659,0.55000,0.43301,9.9999,0.02565,1,0.52540
155.5800,0.53622,0.45437,0.39659,0.55000,0.43301,9.9999,0.02565,1,0.52540
155.6000,0.53622,0.45437,0.39659,0.55000,0.43301,9.9999,0.02565,1,0.52540
155.6200,0.53622,0.45437,0.39659,0.55000,0.43301,9.9999,0.02565,1,0.52540
155.6400,0.53622,0.45437,0.39659,0.55000,0.43301,9.9999,0.02565,1,0.52540
155.6600,0.53622,0.45437,0.39659,0.55000,0.43301,9.9999,0.02565,1,0.52540
155.6800,0.53622,0.45437,0.39659,0.55000,0.43301,9.9999,0.02565,1,0.52540
155.7000,0.53622,0.45437,0.39659,0.55000,0.43301,9.9999,0.02565,1,0.52540
155.7200,0.53622,0.45437,0.39659,0.55000,0.43301,9.9999,0.02565,1,0.52540
155.7400,0.53622,0.45437,0.39659,0.55000,0.43301,9.9999,0.02565,1,0.52540
155.7600,0.53622,0.45437,0.39659,0.55000,0.43301,9.9999,0.02565,1,0.52540
155.7800,0.53622,0.45437,0.39659,0.55000,0.43301,9.9999,0.02565,1,0.52540
155.8000,0.53622,0.45437,0.39659,0.55000,0.43301,9.9999,0.02565,1,0.52540
155.8200,0.53622,0.45437,0.39659,0.55000,0.43301,9.9999,0.02565,1,0.52540
155.8400,0.53622,0.45437,0.39659,0.55000,0.43301,9.9999,0.02565,1,0.52540
155.8600,0.53622,0.45437,0.39659,0.55000,0.43301,9.9999,0.02565,1,0.52540
155.8800,0.53622,0.45437,0.39659,0.55000,0.43301,9.9999,0.02565,1,0.52540
155.9000,0.53622,0.45437,0.39659,0.55000,0.43301,9.9999,0.02565,1,0.52540
155.9200,0.53622,0.45437,0.39659,0.55000,0.43301,9.9999,0.02565,1,0.52540
155.9400,0.53622,0.45437,0.39659,0.55000,0.43301,9.9999,0.02565,1,0.52540
155.9600,0.53622,0.45437,0.39659,0.55000,0.43301,9.9999,0.02565,1,0.52540
155.9800,0.53622,0.45437,0.39659,0.55000,0.43301,9.9999,0.02565,1,0.52540
156.0000,0.53622,0.45437,0.39659,0.55000,0.43301,9.9999,0.02565,1,0.52540
156.0200,0.53622,0.45437,0.39659,0.55000,0.43301,9.9999,0.02565,1,0.52540
156.0400,0.53622,0.45437,0.39659,0.55000,0.43301,9.9999,0.02565,1,0.52540
156.0600,0.53622,0.45438,0.39659,0.55000,0.43301,9.9999,0.02565,1,0.52540
156.0800,0.53622,0.45438,0.39659,0.55000,0.43301,9.9999,0.02565,1,0.52540
156.1000,0.53622,0.45438,0.39659,0.55000,0.43301,9.9999,0.02565,1,0.52540
156.1200,0.53622,0.45438,0.39659,0.55000,0.43301,9.9999,0.02565,1,0.52540
156.1400,0.53622,0.45438,0.39659,0.55000,0.43301,9.9999,0.02565,1,0.52540
156.1600,0.53622,0.45438,0.39659,0.55000,0.43301,9.9999,0.02565,1,0.52540
156.1800,0.53622,0.45438,0.39659,0.55000,0.43301,9.9999,0.02565,1,0.52540
156.2000,0.53622,0.45438,0.39659,0.55000,0.43301,9.9999,0.02565,1,0.52540
156.2200,0.53622,0.45438,0.39659,0.55000,0.43301,9.9999,0.02565,1,0.52540
156.2400,0.53622,0.45438,0.39659,0.55000,0.43301,9.9999,0.02565,1,0.52540
156.2600,0.53622,0.45438,0.39659,0.55000,0.43301,9.9999,0.02565,1,0.52540
156.2800,0.53622,0.45438,0.39659,0.55000,0.43301,9.9999,0.02565,1,0.52540
156.3000,0.53622,0.45438,0.39659,0.55000,0.43301,9.9999,0.02565,1,0.52540
156.3200,0.53622,0.45438,0.39659,0.55000,0.43301,9.9999,0.02565,1,0.52540
156.3400,0.53622,0.45438,0.39659,0.55000,0.43301,9.9999,0.02565,1,0.52540
156.3600,0.53622,0.45438,0.39659,0.55000,0.43301,9.9999,0.02565,1,0.52540
156.3800,0.53622,0.45438,0.39659,0.55000,0.43301,9.9999,0.02565,1,0.52540
156.4000,0.53622,0.45438,0.39659,0.55000,0.43301,9.9999,0.02565,1,0.52540
156.4200,0.53622,0.45438,0.39659,0.55000,0.43301,9.9999,0.02565,1,0.52540
156.4400,0.53622,0.45438,0.39659,0.55000,0.43301,9.9999,0.02565,1,0.52541
156.4600,0.53622,0.45438,0.39659,0.55000,0.43301,9.9999,0.02565,1,0.52541
156.4800,0.53622,0.45438,0.39659,0.55000,0.43301,9.9999,0.02565,1,0.52541
156.5000,0.53622,0.45438,0.39659,0.55000,0.43301,9.9999,0.02565,1,0.52541
156.5200,0.53622,0.45438,0.39659,0.55000,0.43301,9.9999,0.02565,1,0.52541
156.5400,0.53622,0.45438,0.39659,0.55000,0.43301,9.9999,0.02565,1,0.52541
156.5600,0.53622,0.45438,0.39659,0.55000,0.43301,9.9999,0.02565,1,0.52541
156.5800,0.53622,0.45438,0.39659,0.55000,0.43301,9.9999,0.02565,1,0.52541
156.6000,0.53622,0.45438,0.39659,0.55000,0.43301,9.9999,0.02565,1,0.52541
156.6200,0.53622,0.45438,0.39659,0.55000,0.43301,9.9999,0.02565,1,0.52541
156.6400,0.53622,0.45438,0.39659,0.55000,0.43301,9.9999,0.02565,1,0.52541
156.6600,0.53622,0.45438,0.39659,0.55000,0.43301,9.9999,0.02565,1,0.52541
156.6800,0.53622,0.45438,0.39659,0.55000,0.43301,9.9999,0.02565,1,0.52541
156.7000,0.53622,0.45438,0.39659,0.55000,0.43301,9.9999,0.02565,1,0.52541
156.7200,0.53622,0.45438,0.39659,0.55000,0.43301,9.9999,0.02565,1,0.52541
156.7400,0.53622,0.45438,0.39659,0.55000,0.43301,9.9999,0.02565,1,0.52541
156.7600,0.53622,0.45438,0.39659,0.55000,0.43301,9.9999,0.02565,1,0.52541
156.7800,0.53622,0.45438,0.39659,0.55000,0.43301,9.9999,0.02565,1,0.52541
156.8000,0.53622,0.45438,0.39659,0.55000,0.43301,9.9999,0.02565,1,0.52541
156.8200,0.53622,0.45438,0.39659,0.55000,0.43301,9.9999,0.02565,1,0.52541
156.8400,0.53622,0.45438,0.39659,0.55000,0.43301,9.9999,0.02565,1,0.52541
156.8600,0.53622,0.45438,0.39659,0.55000,0.43301,9.9999,0.02565,1,0.52541
156.8800,0.53622,0.45438,0.39659,0.55000,0.43301,9.9999,0.02565,1,0.52541
156.9000,0.53622,0.45438,0.39659,0.55000,0.43301,9.9999,0.02565,1,0.52541
156.9200,0.53622,0.45438,0.39659,0.55000,0.43301,9.9999,0.02565,1,0.52541
156.9400,0.53622,0.45438,0.39659,0.55000,0.43301,9.9999,0.02565,1,0.52541
156.9600,0.53622,0.45438,0.39659,0.55000,0.43301,9.9999,0.02565,1,0.52541
156.9800,0.53622,0.45438,0.39659,0.55000,0.43301,9.9999,0.02565,1,0.52541
157.0000,0.53623,0.45438,0.39659,0.55000,0.43301,9.9999,0.02565,1,0.52541
157.0200,0.53623,0.45438,0.39659,0.55000,0.43301,9.9999,0.02565,1,0.52541
157.0400,0.53623,0.45438,0.39659,0.55000,0.43301,9.9999,0.02565,1,0.52541
157.0600,0.53623,0.45438,0.39659,0.55000,0.43301,9.9999,0.02565,1,0.52541
157.0800,0.53623,0.45438,0.39659,0.55000,0.43301,9.9999,0.02565,1,0.52541
157.1000,0.53623,0.45439,0.39659,0.55000,0.43301,9.9999,0.02565,1,0.52541
157.1200,0.53623,0.45439,0.39659,0.55000,0.43301,9.9999,0.02565,1,0.52541
157.1400,0.53623,0.45439,0.39659,0.55000,0.43301,9.9999,0.02565,1,0.52541
157.1600,0.53623,0.45439,0.39659,0.55000,0.43301,9.9999,0.02565,1,0.52541
157.1800,0.53623,0.45439,0.39659,0.55000,0.43301,9.9999,0.02565,1,0.52541
157.2000,0.53623,0.45439,0.39659,0.55000,0.43301,9.9999,0.02565,1,0.52541
157.2200,0.53623,0.45439,0.39659,0.55000,0.43301,9.9999,0.02565,1,0.52541
157.2400,0.53623,0.45439,0.39659,0.55000,0.43301,9.9999,0.02565,1,0.52541
157.2600,0.53623,0.45439,0.39659,0.55000,0.43301,9.9999,0.02565,1,0.52541
157.2800,0.53623,0.45439,0.39659,0.55000,0.43301,9.9999,0.02566,1,0.52541
157.3000,0.53623,0.45439,0.39659,0.55000,0.43301,9.9999,0.02566,1,0.52541
157.3200,0.53623,0.45439,0.39659,0.55000,0.43301,9.9999,0.02566,1,0.52541
