time,ee_x,ee_y,ee_z,tgt_x,tgt_y,tension_N,pos_error_m,cable_taut,cable_dist_m
3.3400,0.44114,0.09397,0.39407,0.55000,0.43301,0.0000,0.35614,0,0.37101
3.3600,0.44524,0.10183,0.40840,0.55000,0.43301,0.0000,0.34746,0,0.36918
3.3800,0.45288,0.11328,0.42334,0.55000,0.43301,0.0000,0.33497,0,0.36588
3.4000,0.46285,0.12736,0.43918,0.55000,0.43301,0.0000,0.32024,0,0.36253
3.4200,0.47376,0.14350,0.45586,0.55000,0.43301,0.0000,0.30455,0,0.36075
3.4400,0.48423,0.16134,0.47301,0.55000,0.43301,0.6181,0.28890,0,0.36203
3.4600,0.49309,0.18059,0.49002,0.55000,0.43301,1.8060,0.27397,0,0.36730
3.4800,0.49954,0.20105,0.50625,0.55000,0.43301,2.9594,0.26008,0,0.37681
3.5000,0.50319,0.22251,0.52115,0.55000,0.43301,3.9803,0.24735,0,0.39023
3.5200,0.50393,0.24478,0.53429,0.55000,0.43301,4.8172,0.23577,0,0.40695
3.5400,0.50184,0.26768,0.54545,0.55000,0.43301,5.4702,0.22541,0,0.42627
3.5600,0.49709,0.29104,0.55454,0.55000,0.43301,5.9671,0.21642,0,0.44759
3.5800,0.48991,0.31470,0.56160,0.55000,0.43301,6.3440,0.20910,0,0.47043
3.6000,0.48051,0.33853,0.56676,0.55000,0.43301,6.6350,0.20388,1,0.49445
3.6200,0.47428,0.35552,0.56833,0.55000,0.43301,152.7278,0.20018,1,0.51071
3.6400,0.47842,0.35649,0.56409,0.55000,0.43301,25.0370,0.19469,1,0.50737
3.6600,0.48094,0.35823,0.55844,0.55000,0.43301,27.8111,0.18832,1,0.50520
3.6800,0.48189,0.36129,0.55148,0.55000,0.43301,25.3040,0.18091,1,0.50465
3.7000,0.48236,0.36458,0.54321,0.55000,0.43301,22.9285,0.17254,1,0.50431
3.7200,0.48275,0.36782,0.53388,0.55000,0.43301,20.1262,0.16339,1,0.50385
3.7400,0.48323,0.37100,0.52373,0.55000,0.43301,18.2293,0.15367,1,0.50329
3.7600,0.48389,0.37416,0.51299,0.55000,0.43301,17.1709,0.14353,1,0.50268
3.7800,0.48483,0.37727,0.50186,0.55000,0.43301,16.4281,0.13315,1,0.50204
3.8000,0.48611,0.38034,0.49051,0.55000,0.43301,15.8807,0.12268,1,0.50138
3.8200,0.48775,0.38335,0.47909,0.55000,0.43301,15.4457,0.11223,1,0.50071
3.8400,0.48979,0.38629,0.46772,0.55000,0.43301,15.0597,0.10195,1,0.50004
3.8600,0.49223,0.38918,0.45650,0.55000,0.43301,14.6892,0.09193,1,0.49937
3.8800,0.49507,0.39199,0.44555,0.55000,0.43301,14.3164,0.08231,1,0.49872
3.9000,0.49828,0.39474,0.43494,0.55000,0.43301,13.9327,0.07321,1,0.49808
3.9200,0.50185,0.39743,0.42473,0.55000,0.43301,13.5357,0.06478,1,0.49745
3.9400,0.50574,0.40006,0.41499,0.55000,0.43301,13.1271,0.05718,1,0.49685
3.9600,0.50992,0.40263,0.40577,0.55000,0.43301,12.7109,0.05062,1,0.49627
3.9800,0.51435,0.40514,0.39709,0.55000,0.43301,12.2923,0.04535,1,0.49572
4.0000,0.51898,0.40758,0.38901,0.55000,0.43301,11.8771,0.04159,1,0.49519
4.0200,0.52376,0.40997,0.38153,0.55000,0.43301,11.4710,0.03951,1,0.49469
4.0400,0.52864,0.41229,0.37468,0.55000,0.43301,11.0795,0.03908,1,0.49422
4.0600,0.53357,0.41454,0.36846,0.55000,0.43301,10.7074,0.04007,1,0.49379
4.0800,0.53850,0.41673,0.36289,0.55000,0.43301,10.3588,0.04212,1,0.49338
4.1000,0.54338,0.41884,0.35797,0.55000,0.43301,10.0374,0.04485,1,0.49300
4.1200,0.54817,0.42089,0.35368,0.55000,0.43301,9.7457,0.04791,1,0.49266
4.1400,0.55281,0.42285,0.35003,0.55000,0.43301,9.4856,0.05107,1,0.49234
4.1600,0.55727,0.42474,0.34699,0.55000,0.43301,9.2584,0.05414,1,0.49206
4.1800,0.56152,0.42654,0.34455,0.55000,0.43301,9.0645,0.05700,1,0.49182
4.2000,0.56551,0.42826,0.34270,0.55000,0.43301,8.9037,0.05956,1,0.49160
4.2200,0.56923,0.42989,0.34139,0.55000,0.43301,8.7752,0.06176,1,0.49142
4.2400,0.57264,0.43142,0.34062,0.55000,0.43301,8.6777,0.06357,1,0.49127
4.2600,0.57574,0.43286,0.34033,0.55000,0.43301,8.6094,0.06498,1,0.49114
4.2800,0.57850,0.43420,0.34052,0.55000,0.43301,8.5680,0.06597,1,0.49105
4.3000,0.58091,0.43543,0.34113,0.55000,0.43301,8.5511,0.06654,1,0.49099
4.3200,0.58298,0.43656,0.34214,0.55000,0.43301,8.5561,0.06669,1,0.49095
4.3400,0.58469,0.43757,0.34350,0.55000,0.43301,8.5802,0.06645,1,0.49094
4.3600,0.58605,0.43847,0.34519,0.55000,0.43301,8.6209,0.06583,1,0.49095
4.3800,0.58707,0.43925,0.34717,0.55000,0.43301,8.6754,0.06484,1,0.49099
4.4000,0.58775,0.43991,0.34939,0.55000,0.43301,8.7415,0.06352,1,0.49105
4.4200,0.58811,0.44044,0.35183,0.55000,0.43301,8.8169,0.06187,1,0.49113
4.4400,0.58816,0.44085,0.35444,0.55000,0.43301,8.8996,0.05994,1,0.49123
4.4600,0.58791,0.44114,0.35721,0.55000,0.43301,8.9878,0.05775,1,0.49134
4.4800,0.58739,0.44131,0.36009,0.55000,0.43301,9.0801,0.05531,1,0.49148
4.5000,0.58660,0.44135,0.36305,0.55000,0.43301,9.1750,0.05268,1,0.49162
4.5200,0.58558,0.44128,0.36607,0.55000,0.43301,9.2716,0.04986,1,0.49178
4.5400,0.58435,0.44109,0.36912,0.55000,0.43301,9.3687,0.04689,1,0.49195
4.5600,0.58292,0.44079,0.37218,0.55000,0.43301,9.4656,0.04379,1,0.49214
4.5800,0.58132,0.44040,0.37523,0.55000,0.43301,9.5615,0.04061,1,0.49233
4.6000,0.57957,0.43990,0.37824,0.55000,0.43301,9.6557,0.03736,1,0.49252
4.6200,0.57770,0.43932,0.38120,0.55000,0.43301,9.7477,0.03407,1,0.49272
4.6400,0.57573,0.43867,0.38410,0.55000,0.43301,9.8369,0.03077,1,0.49293
4.6600,0.57369,0.43794,0.38691,0.55000,0.43301,9.9228,0.02751,1,0.49313
4.6800,0.57158,0.43715,0.38963,0.55000,0.43301,10.0049,0.02430,1,0.49334
4.7000,0.56944,0.43631,0.39225,0.55000,0.43301,10.0829,0.02119,1,0.49355
4.7200,0.56728,0.43543,0.39475,0.55000,0.43301,10.1564,0.01822,1,0.49375
4.7400,0.56513,0.43453,0.39714,0.55000,0.43301,10.2250,0.01547,1,0.49395
4.7600,0.56299,0.43360,0.39939,0.55000,0.43301,10.2885,0.01302,1,0.49415
4.7800,0.56089,0.43266,0.40152,0.55000,0.43301,10.3466,0.01100,1,0.49434
4.8000,0.55884,0.43172,0.40351,0.55000,0.43301,10.3994,0.00960,1,0.49453
4.8200,0.55686,0.43080,0.40536,0.55000,0.43301,10.4466,0.00898,1,0.49470
4.8400,0.55495,0.42988,0.40708,0.55000,0.43301,10.4882,0.00918,1,0.49487
4.8600,0.55312,0.42900,0.40865,0.55000,0.43301,10.5243,0.01003,1,0.49504
4.8800,0.55139,0.42814,0.41007,0.55000,0.43301,10.5550,0.01128,1,0.49519
4.9000,0.54976,0.42732,0.41136,0.55000,0.43301,10.5803,0.01270,1,0.49533
4.9200,0.54824,0.42655,0.41250,0.55000,0.43301,10.6005,0.01418,1,0.49547
4.9400,0.54683,0.42583,0.41350,0.55000,0.43301,10.6157,0.01562,1,0.49559
4.9600,0.54553,0.42516,0.41436,0.55000,0.43301,10.6263,0.01697,1,0.49570
4.9800,0.54435,0.42454,0.41509,0.55000,0.43301,10.6323,0.01820,1,0.49580
5.0000,0.54328,0.42399,0.41568,0.55000,0.43301,10.6342,0.01930,1,0.49590
5.0200,0.54234,0.42349,0.41615,0.55000,0.43301,10.6322,0.02025,1,0.49598
5.0400,0.54151,0.42305,0.41648,0.55000,0.43301,10.6265,0.02105,1,0.49605
5.0600,0.54079,0.42268,0.41670,0.55000,0.43301,10.6174,0.02169,1,0.49611
5.0800,0.54019,0.42236,0.41679,0.55000,0.43301,10.6053,0.02217,1,0.49616
5.1000,0.53969,0.42211,0.41678,0.55000,0.43301,10.5904,0.02251,1,0.49620
5.1200,0.53931,0.42191,0.41665,0.55000,0.43301,10.5729,0.02269,1,0.49624
5.1400,0.53902,0.42177,0.41643,0.55000,0.43301,10.5532,0.02273,1,0.49626
5.1600,0.53883,0.42168,0.41611,0.55000,0.43301,10.5313,0.02264,1,0.49627
5.1800,0.53873,0.42165,0.41570,0.55000,0.43301,10.5077,0.02242,1,0.49628
5.2000,0.53873,0.42166,0.41521,0.55000,0.43301,10.4825,0.02208,1,0.49628
5.2200,0.53880,0.42171,0.41465,0.55000,0.43301,10.4558,0.02163,1,0.49627
5.2400,0.53895,0.42181,0.41402,0.55000,0.43301,10.4280,0.02108,1,0.49626
5.2600,0.53917,0.42195,0.41333,0.55000,0.43301,10.3992,0.02043,1,0.49623
5.2800,0.53945,0.42211,0.41258,0.55000,0.43301,10.3696,0.01971,1,0.49621
5.3000,0.53980,0.42231,0.41179,0.55000,0.43301,10.3395,0.01891,1,0.49618
5.3200,0.54020,0.42254,0.41097,0.55000,0.43301,10.3089,0.01806,1,0.49614
5.3400,0.54065,0.42279,0.41011,0.55000,0.43301,10.2780,0.01715,1,0.49610
5.3600,0.54114,0.42306,0.40922,0.55000,0.43301,10.2471,0.01621,1,0.49606
5.3800,0.54166,0.42335,0.40832,0.55000,0.43301,10.2163,0.01524,1,0.49602
5.4000,0.54222,0.42365,0.40742,0.55000,0.43301,10.1857,0.01425,1,0.49597
5.4200,0.54280,0.42397,0.40650,0.55000,0.43301,10.1555,0.01326,1,0.49592
5.4400,0.54341,0.42429,0.40560,0.55000,0.43301,10.1260,0.01228,1,0.49587
5.4600,0.54403,0.42461,0.40470,0.55000,0.43301,10.0971,0.01132,1,0.49582
5.4800,0.54466,0.42495,0.40381,0.55000,0.43301,10.0691,0.01040,1,0.49577
5.5000,0.54530,0.42528,0.40295,0.55000,0.43301,10.0421,0.00952,1,0.49573
5.5200,0.54593,0.42561,0.40211,0.55000,0.43301,10.0162,0.00871,1,0.49568
5.5400,0.54657,0.42594,0.40130,0.55000,0.43301,9.9915,0.00797,1,0.49563
5.5600,0.54720,0.42626,0.40053,0.55000,0.43301,9.9681,0.00733,1,0.49558
5.5800,0.54782,0.42657,0.39980,0.55000,0.43301,9.9462,0.00680,1,0.49554
5.6000,0.54842,0.42688,0.39910,0.55000,0.43301,9.9258,0.00639,1,0.49550
5.6200,0.54901,0.42718,0.39845,0.55000,0.43301,9.9070,0.00611,1,0.49546
5.6400,0.54958,0.42747,0.39785,0.55000,0.43301,9.8898,0.00596,1,0.49542
5.6600,0.55012,0.42775,0.39729,0.55000,0.43301,9.8742,0.00592,1,0.49539
5.6800,0.55064,0.42801,0.39679,0.55000,0.43301,9.8604,0.00598,1,0.49536
5.7000,0.55113,0.42826,0.39633,0.55000,0.43301,9.8483,0.00611,1,0.49533
5.7200,0.55160,0.42850,0.39593,0.55000,0.43301,9.8379,0.00629,1,0.49531
5.7400,0.55203,0.42872,0.39558,0.55000,0.43301,9.8292,0.00649,1,0.49529
5.7600,0.55243,0.42893,0.39527,0.55000,0.43301,9.8222,0.00670,1,0.49527
5.7800,0.55279,0.42912,0.39502,0.55000,0.43301,9.8168,0.00691,1,0.49526
5.8000,0.55312,0.42930,0.39482,0.55000,0.43301,9.8131,0.00710,1,0.49525
5.8200,0.55342,0.42946,0.39466,0.55000,0.43301,9.8109,0.00727,1,0.49524
5.8400,0.55368,0.42960,0.39456,0.55000,0.43301,9.8101,0.00740,1,0.49524
5.8600,0.55391,0.42973,0.39449,0.55000,0.43301,9.8108,0.00751,1,0.49524
5.8800,0.55410,0.42984,0.39447,0.55000,0.43301,9.8129,0.00758,1,0.49524
5.9000,0.55426,0.42994,0.39449,0.55000,0.43301,9.8161,0.00761,1,0.49525
5.9200,0.55438,0.43003,0.39455,0.55000,0.43301,9.8205,0.00760,1,0.49526
5.9400,0.55447,0.43009,0.39464,0.55000,0.43301,9.8260,0.00756,1,0.49527
5.9600,0.55453,0.43015,0.39477,0.55000,0.43301,9.8324,0.00749,1,0.49529
5.9800,0.55456,0.43018,0.39493,0.55000,0.43301,9.8397,0.00738,1,0.49530
6.0000,0.55456,0.43021,0.39511,0.55000,0.43301,9.8478,0.00725,1,0.49532
6.0200,0.55453,0.43022,0.39532,0.55000,0.43301,9.8565,0.00709,1,0.49535
6.0400,0.55447,0.43022,0.39555,0.55000,0.43301,9.8658,0.00690,1,0.49537
6.0600,0.55439,0.43021,0.39580,0.55000,0.43301,9.8755,0.00670,1,0.49540
6.0800,0.55429,0.43019,0.39606,0.55000,0.43301,9.8856,0.00647,1,0.49543
6.1000,0.55417,0.43015,0.39634,0.55000,0.43301,9.8959,0.00624,1,0.49546
6.1200,0.55403,0.43011,0.39663,0.55000,0.43301,9.9065,0.00600,1,0.49549
6.1400,0.55387,0.43006,0.39693,0.55000,0.43301,9.9171,0.00575,1,0.49552
6.1600,0.55370,0.43000,0.39723,0.55000,0.43301,9.9277,0.00551,1,0.49556
6.1800,0.55351,0.42994,0.39754,0.55000,0.43301,9.9383,0.00527,1,0.49559
6.2000,0.55331,0.42987,0.39785,0.55000,0.43301,9.9487,0.00505,1,0.49562
6.2200,0.55310,0.42979,0.39816,0.55000,0.43301,9.9589,0.00484,1,0.49566
6.2400,0.55289,0.42971,0.39846,0.55000,0.43301,9.9688,0.00465,1,0.49570
6.2600,0.55267,0.42962,0.39876,0.55000,0.43301,9.9785,0.00449,1,0.49573
6.2800,0.55245,0.42954,0.39905,0.55000,0.43301,9.9877,0.00436,1,0.49577
6.3000,0.55222,0.42945,0.39933,0.55000,0.43301,9.9966,0.00425,1,0.49580
6.3200,0.55199,0.42936,0.39960,0.55000,0.43301,10.0049,0.00418,1,0.49584
6.3400,0.55177,0.42927,0.39987,0.55000,0.43301,10.0128,0.00414,1,0.49587
6.3600,0.55154,0.42918,0.40012,0.55000,0.43301,10.0202,0.00413,1,0.49591
6.3800,0.55133,0.42909,0.40035,0.55000,0.43301,10.0270,0.00415,1,0.49594
6.4000,0.55111,0.42901,0.40057,0.55000,0.43301,10.0333,0.00420,1,0.49598
6.4200,0.55090,0.42892,0.40078,0.55000,0.43301,10.0390,0.00426,1,0.49601
6.4400,0.55070,0.42884,0.40097,0.55000,0.43301,10.0441,0.00434,1,0.49604
6.4600,0.55051,0.42877,0.40115,0.55000,0.43301,10.0487,0.00443,1,0.49607
6.4800,0.55033,0.42869,0.40131,0.55000,0.43301,10.0527,0.00453,1,0.49610
6.5000,0.55016,0.42862,0.40145,0.55000,0.43301,10.0561,0.00462,1,0.49613
6.5200,0.54999,0.42856,0.40158,0.55000,0.43301,10.0589,0.00472,1,0.49615
6.5400,0.54984,0.42850,0.40168,0.55000,0.43301,10.0612,0.00482,1,0.49618
6.5600,0.54970,0.42845,0.40178,0.55000,0.43301,10.0629,0.00491,1,0.49621
6.5800,0.54957,0.42840,0.40186,0.55000,0.43301,10.0642,0.00499,1,0.49623
6.6000,0.54945,0.42836,0.40192,0.55000,0.43301,10.0649,0.00507,1,0.49625
6.6200,0.54935,0.42832,0.40196,0.55000,0.43301,10.0651,0.00513,1,0.49627
6.6400,0.54925,0.42829,0.40200,0.55000,0.43301,10.0649,0.00518,1,0.49629
6.6600,0.54917,0.42826,0.40201,0.55000,0.43301,10.0643,0.00523,1,0.49631
6.6800,0.54910,0.42824,0.40202,0.55000,0.43301,10.0632,0.00526,1,0.49633
6.7000,0.54904,0.42822,0.40201,0.55000,0.43301,10.0618,0.00528,1,0.49635
6.7200,0.54899,0.42822,0.40199,0.55000,0.43301,10.0600,0.00529,1,0.49636
6.7400,0.54895,0.42821,0.40195,0.55000,0.43301,10.0580,0.00529,1,0.49638
6.7600,0.54893,0.42821,0.40191,0.55000,0.43301,10.0556,0.00528,1,0.49639
6.7800,0.54891,0.42822,0.40186,0.55000,0.43301,10.0530,0.00526,1,0.49641
6.8000,0.54890,0.42823,0.40180,0.55000,0.43301,10.0502,0.00523,1,0.49642
6.8200,0.54891,0.42824,0.40173,0.55000,0.43301,10.0472,0.00519,1,0.49643
6.8400,0.54892,0.42826,0.40165,0.55000,0.43301,10.0440,0.00515,1,0.49644
6.8600,0.54893,0.42829,0.40157,0.55000,0.43301,10.0407,0.00509,1,0.49645
6.8800,0.54896,0.42831,0.40148,0.55000,0.43301,10.0373,0.00504,1,0.49646
6.9000,0.54899,0.42834,0.40139,0.55000,0.43301,10.0338,0.00498,1,0.49647
6.9200,0.54903,0.42837,0.40130,0.55000,0.43301,10.0303,0.00491,1,0.49648
6.9400,0.54907,0.42841,0.40120,0.55000,0.43301,10.0267,0.00485,1,0.49649
6.9600,0.54912,0.42845,0.40110,0.55000,0.43301,10.0232,0.00478,1,0.49650
6.9800,0.54917,0.42849,0.40100,0.55000,0.43301,10.0197,0.00471,1,0.49651
7.0000,0.54923,0.42853,0.40090,0.55000,0.43301,10.0162,0.00464,1,0.49651
7.0200,0.54928,0.42857,0.40080,0.55000,0.43301,10.0128,0.00457,1,0.49652
7.0400,0.54934,0.42862,0.40070,0.55000,0.43301,10.0095,0.00450,1,0.49653
7.0600,0.54941,0.42866,0.40060,0.55000,0.43301,10.0063,0.00443,1,0.49654
7.0800,0.54947,0.42871,0.40051,0.55000,0.43301,10.0032,0.00437,1,0.49654
7.1000,0.54953,0.42875,0.40042,0.55000,0.43301,10.0003,0.00430,1,0.49655
7.1200,0.54960,0.42880,0.40033,0.55000,0.43301,9.9975,0.00424,1,0.49656
7.1400,0.54966,0.42885,0.40024,0.55000,0.43301,9.9949,0.00419,1,0.49657
7.1600,0.54972,0.42889,0.40016,0.55000,0.43301,9.9924,0.00413,1,0.49658
7.1800,0.54978,0.42894,0.40008,0.55000,0.43301,9.9901,0.00408,1,0.49658
7.2000,0.54984,0.42898,0.40001,0.55000,0.43301,9.9881,0.00403,1,0.49659
7.2200,0.54990,0.42903,0.39994,0.55000,0.43301,9.9862,0.00399,1,0.49660
7.2400,0.54995,0.42907,0.39988,0.55000,0.43301,9.9844,0.00395,1,0.49661
7.2600,0.55001,0.42911,0.39982,0.55000,0.43301,9.9829,0.00391,1,0.49662
7.2800,0.55006,0.42915,0.39977,0.55000,0.43301,9.9816,0.00387,1,0.49663
7.3000,0.55010,0.42919,0.39973,0.55000,0.43301,9.9805,0.00384,1,0.49664
7.3200,0.55014,0.42923,0.39968,0.55000,0.43301,9.9795,0.00380,1,0.49665
7.3400,0.55018,0.42926,0.39965,0.55000,0.43301,9.9788,0.00377,1,0.49666
7.3600,0.55022,0.42929,0.39962,0.55000,0.43301,9.9782,0.00374,1,0.49667
7.3800,0.55025,0.42933,0.39960,0.55000,0.43301,9.9778,0.00372,1,0.49669
7.4000,0.55028,0.42936,0.39958,0.55000,0.43301,9.9776,0.00369,1,0.49670
7.4200,0.55030,0.42938,0.39956,0.55000,0.43301,9.9775,0.00367,1,0.49671
7.4400,0.55032,0.42941,0.39955,0.55000,0.43301,9.9776,0.00364,1,0.49672
7.4600,0.55033,0.42943,0.39955,0.55000,0.43301,9.9778,0.00362,1,0.49674
7.4800,0.55035,0.42946,0.39955,0.55000,0.43301,9.9782,0.00360,1,0.49675
7.5000,0.55035,0.42948,0.39955,0.55000,0.43301,9.9787,0.00358,1,0.49676
7.5200,0.55036,0.42950,0.39956,0.55000,0.43301,9.9793,0.00356,1,0.49678
7.5400,0.55036,0.42951,0.39957,0.55000,0.43301,9.9800,0.00354,1,0.49679
7.5600,0.55036,0.42953,0.39959,0.55000,0.43301,9.9808,0.00352,1,0.49681
7.5800,0.55035,0.42954,0.39960,0.55000,0.43301,9.9817,0.00351,1,0.49682
7.6000,0.55034,0.42956,0.39962,0.55000,0.43301,9.9827,0.00349,1,0.49684
7.6200,0.55033,0.42957,0.39965,0.55000,0.43301,9.9837,0.00348,1,0.49686
7.6400,0.55031,0.42958,0.39967,0.55000,0.43301,9.9848,0.00346,1,0.49687
7.6600,0.55030,0.42959,0.39970,0.55000,0.43301,9.9859,0.00345,1,0.49689
7.6800,0.55028,0.42959,0.39973,0.55000,0.43301,9.9871,0.00344,1,0.49690
7.7000,0.55026,0.42960,0.39976,0.55000,0.43301,9.9883,0.00343,1,0.49692
7.7200,0.55023,0.42961,0.39979,0.55000,0.43301,9.9895,0.00342,1,0.49694
7.7400,0.55021,0.42961,0.39982,0.55000,0.43301,9.9907,0.00341,1,0.49695
7.7600,0.55018,0.42962,0.39986,0.55000,0.43301,9.9919,0.00341,1,0.49697
7.7800,0.55015,0.42962,0.39989,0.55000,0.43301,9.9930,0.00340,1,0.49699
7.8000,0.55012,0.42962,0.39992,0.55000,0.43301,9.9942,0.00340,1,0.49700
7.8200,0.55009,0.42962,0.39996,0.55000,0.43301,9.9953,0.00339,1,0.49702
7.8400,0.55006,0.42962,0.39999,0.55000,0.43301,9.9964,0.00339,1,0.49704
7.8600,0.55003,0.42963,0.40002,0.55000,0.43301,9.9975,0.00339,1,0.49706
7.8800,0.55000,0.42963,0.40005,0.55000,0.43301,9.9985,0.00339,1,0.49707
7.9000,0.54997,0.42963,0.40008,0.55000,0.43301,9.9995,0.00339,1,0.49709
7.9200,0.54993,0.42963,0.40011,0.55000,0.43301,10.0004,0.00339,1,0.49711
7.9400,0.54990,0.42963,0.40014,0.55000,0.43301,10.0012,0.00339,1,0.49712
7.9600,0.54987,0.42963,0.40016,0.55000,0.43301,10.0020,0.00339,1,0.49714
7.9800,0.54984,0.42963,0.40019,0.55000,0.43301,10.0028,0.00339,1,0.49716
8.0000,0.54981,0.42963,0.40021,0.55000,0.43301,10.0035,0.00339,1,0.49717
8.0200,0.54978,0.42964,0.40023,0.55000,0.43301,10.0041,0.00339,1,0.49719
8.0400,0.54975,0.42964,0.40025,0.55000,0.43301,10.0046,0.00339,1,0.49721
8.0600,0.54972,0.42964,0.40027,0.55000,0.43301,10.0051,0.00339,1,0.49722
8.0800,0.54970,0.42964,0.40029,0.55000,0.43301,10.0055,0.00339,1,0.49724
8.1000,0.54967,0.42965,0.40030,0.55000,0.43301,10.0059,0.00339,1,0.49725
8.1200,0.54965,0.42965,0.40031,0.55000,0.43301,10.0062,0.00339,1,0.49727
8.1400,0.54962,0.42966,0.40033,0.55000,0.43301,10.0064,0.00339,1,0.49729
8.1600,0.54960,0.42966,0.40033,0.55000,0.43301,10.0066,0.00339,1,0.49730
8.1800,0.54958,0.42967,0.40034,0.55000,0.43301,10.0067,0.00339,1,0.49732
8.2000,0.54956,0.42968,0.40035,0.55000,0.43301,10.0067,0.00338,1,0.49733
8.2200,0.54954,0.42968,0.40035,0.55000,0.43301,10.0067,0.00338,1,0.49735
8.2400,0.54953,0.42969,0.40035,0.55000,0.43301,10.0067,0.00337,1,0.49736
8.2600,0.54951,0.42970,0.40036,0.55000,0.43301,10.0066,0.00337,1,0.49738
8.2800,0.54950,0.42971,0.40035,0.55000,0.43301,10.0064,0.00336,1,0.49739
8.3000,0.54948,0.42972,0.40035,0.55000,0.43301,10.0062,0.00335,1,0.49741
8.3200,0.54947,0.42973,0.40035,0.55000,0.43301,10.0060,0.00335,1,0.49742
8.3400,0.54946,0.42974,0.40035,0.55000,0.43301,10.0058,0.00334,1,0.49744
8.3600,0.54945,0.42975,0.40034,0.55000,0.43301,10.0055,0.00333,1,0.49745
8.3800,0.54944,0.42976,0.40033,0.55000,0.43301,10.0052,0.00332,1,0.49747
8.4000,0.54943,0.42977,0.40033,0.55000,0.43301,10.0048,0.00330,1,0.49748
8.4200,0.54943,0.42979,0.40032,0.55000,0.43301,10.0045,0.00329,1,0.49750
8.4400,0.54942,0.42980,0.40031,0.55000,0.43301,10.0041,0.00328,1,0.49751
8.4600,0.54942,0.42981,0.40030,0.55000,0.43301,10.0037,0.00327,1,0.49753
8.4800,0.54941,0.42983,0.40029,0.55000,0.43301,10.0034,0.00325,1,0.49754
8.5000,0.54941,0.42984,0.40028,0.55000,0.43301,10.0030,0.00324,1,0.49755
8.5200,0.54941,0.42986,0.40027,0.55000,0.43301,10.0026,0.00322,1,0.49757
8.5400,0.54940,0.42987,0.40026,0.55000,0.43301,10.0022,0.00321,1,0.49758
8.5600,0.54940,0.42989,0.40025,0.55000,0.43301,10.0018,0.00319,1,0.49760
8.5800,0.54940,0.42990,0.40024,0.55000,0.43301,10.0014,0.00318,1,0.49761
8.6000,0.54940,0.42992,0.40022,0.55000,0.43301,10.0010,0.00316,1,0.49762
8.6200,0.54940,0.42993,0.40021,0.55000,0.43301,10.0006,0.00315,1,0.49764
8.6400,0.54940,0.42995,0.40020,0.55000,0.43301,10.0002,0.00313,1,0.49765
8.6600,0.54940,0.42996,0.40019,0.55000,0.43301,9.9999,0.00311,1,0.49766
8.6800,0.54940,0.42998,0.40018,0.55000,0.43301,9.9996,0.00310,1,0.49768
8.7000,0.54940,0.43000,0.40017,0.55000,0.43301,9.9992,0.00308,1,0.49769
8.7200,0.54940,0.43001,0.40016,0.55000,0.43301,9.9989,0.00306,1,0.49771
8.7400,0.54940,0.43003,0.40015,0.55000,0.43301,9.9987,0.00305,1,0.49772
8.7600,0.54940,0.43004,0.40014,0.55000,0.43301,9.9984,0.00303,1,0.49773
8.7800,0.54940,0.43006,0.40014,0.55000,0.43301,9.9981,0.00302,1,0.49775
8.8000,0.54940,0.43008,0.40013,0.55000,0.43301,9.9979,0.00300,1,0.49776
8.8200,0.54940,0.43009,0.40012,0.55000,0.43301,9.9977,0.00299,1,0.49778
8.8400,0.54939,0.43011,0.40011,0.55000,0.43301,9.9976,0.00297,1,0.49779
8.8600,0.54939,0.43012,0.40011,0.55000,0.43301,9.9974,0.00296,1,0.49780
8.8800,0.54939,0.43014,0.40010,0.55000,0.43301,9.9973,0.00294,1,0.49782
8.9000,0.54939,0.43015,0.40010,0.55000,0.43301,9.9972,0.00293,1,0.49783
8.9200,0.54938,0.43017,0.40009,0.55000,0.43301,9.9971,0.00291,1,0.49785
8.9400,0.54938,0.43018,0.40009,0.55000,0.43301,9.9970,0.00290,1,0.49786
8.9600,0.54938,0.43020,0.40009,0.55000,0.43301,9.9969,0.00288,1,0.49788
8.9800,0.54937,0.43021,0.40008,0.55000,0.43301,9.9969,0.00287,1,0.49789
9.0000,0.54937,0.43023,0.40008,0.55000,0.43301,9.9969,0.00286,1,0.49791
9.0200,0.54936,0.43024,0.40008,0.55000,0.43301,9.9969,0.00285,1,0.49792
9.0400,0.54936,0.43025,0.40008,0.55000,0.43301,9.9969,0.00283,1,0.49793
9.0600,0.54935,0.43027,0.40008,0.55000,0.43301,9.9970,0.00282,1,0.49795
9.0800,0.54935,0.43028,0.40008,0.55000,0.43301,9.9970,0.00281,1,0.49796
9.1000,0.54934,0.43029,0.40008,0.55000,0.43301,9.9971,0.00280,1,0.49798
9.1200,0.54933,0.43031,0.40008,0.55000,0.43301,9.9972,0.00279,1,0.49799
9.1400,0.54933,0.43032,0.40008,0.55000,0.43301,9.9973,0.00278,1,0.49801
9.1600,0.54932,0.43033,0.40008,0.55000,0.43301,9.9974,0.00277,1,0.49802
9.1800,0.54931,0.43034,0.40008,0.55000,0.43301,9.9975,0.00276,1,0.49804
9.2000,0.54930,0.43036,0.40009,0.55000,0.43301,9.9976,0.00275,1,0.49805
9.2200,0.54929,0.43037,0.40009,0.55000,0.43301,9.9977,0.00274,1,0.49807
9.2400,0.54929,0.43038,0.40009,0.55000,0.43301,9.9978,0.00273,1,0.49808
9.2600,0.54928,0.43039,0.40009,0.55000,0.43301,9.9980,0.00272,1,0.49810
9.2800,0.54927,0.43040,0.40010,0.55000,0.43301,9.9981,0.00271,1,0.49811
9.3000,0.54926,0.43041,0.40010,0.55000,0.43301,9.9982,0.00270,1,0.49813
9.3200,0.54925,0.43043,0.40010,0.55000,0.43301,9.9984,0.00270,1,0.49814
9.3400,0.54924,0.43044,0.40011,0.55000,0.43301,9.9985,0.00269,1,0.49816
9.3600,0.54923,0.43045,0.40011,0.55000,0.43301,9.9986,0.00268,1,0.49817
9.3800,0.54922,0.43046,0.40011,0.55000,0.43301,9.9988,0.00267,1,0.49819
9.4000,0.54921,0.43047,0.40012,0.55000,0.43301,9.9989,0.00266,1,0.49820
9.4200,0.54920,0.43048,0.40012,0.55000,0.43301,9.9990,0.00266,1,0.49822
9.4400,0.54918,0.43049,0.40012,0.55000,0.43301,9.9991,0.00265,1,0.49823
9.4600,0.54917,0.43050,0.40013,0.55000,0.43301,9.9992,0.00264,1,0.49824
9.4800,0.54916,0.43052,0.40013,0.55000,0.43301,9.9994,0.00264,1,0.49826
9.5000,0.54915,0.43053,0.40013,0.55000,0.43301,9.9995,0.00263,1,0.49827
9.5200,0.54914,0.43054,0.40014,0.55000,0.43301,9.9996,0.00262,1,0.49829
9.5400,0.54913,0.43055,0.40014,0.55000,0.43301,9.9997,0.00262,1,0.49830
9.5600,0.54912,0.43056,0.40014,0.55000,0.43301,9.9997,0.00261,1,0.49832
9.5800,0.54911,0.43057,0.40014,0.55000,0.43301,9.9998,0.00260,1,0.49833
9.6000,0.54910,0.43058,0.40015,0.55000,0.43301,9.9999,0.00260,1,0.49835
9.6200,0.54909,0.43059,0.40015,0.55000,0.43301,10.0000,0.00259,1,0.49836
9.6400,0.54908,0.43060,0.40015,0.55000,0.43301,10.0000,0.00258,1,0.49838
9.6600,0.54907,0.43062,0.40015,0.55000,0.43301,10.0001,0.00258,1,0.49839
9.6800,0.54906,0.43063,0.40015,0.55000,0.43301,10.0001,0.00257,1,0.49841
9.7000,0.54905,0.43064,0.40015,0.55000,0.43301,10.0001,0.00256,1,0.49842
9.7200,0.54904,0.43065,0.40015,0.55000,0.43301,10.0002,0.00256,1,0.49844
9.7400,0.54903,0.43066,0.40016,0.55000,0.43301,10.0002,0.00255,1,0.49845
9.7600,0.54902,0.43067,0.40016,0.55000,0.43301,10.0002,0.00254,1,0.49847
9.7800,0.54901,0.43068,0.40016,0.55000,0.43301,10.0002,0.00253,1,0.49848
9.8000,0.54900,0.43070,0.40016,0.55000,0.43301,10.0002,0.00253,1,0.49850
9.8200,0.54899,0.43071,0.40016,0.55000,0.43301,10.0002,0.00252,1,0.49851
9.8400,0.54898,0.43072,0.40016,0.55000,0.43301,10.0002,0.00251,1,0.49853
9.8600,0.54897,0.43073,0.40016,0.55000,0.43301,10.0002,0.00251,1,0.49854
9.8800,0.54897,0.43074,0.40016,0.55000,0.43301,10.0002,0.00250,1,0.49856
9.9000,0.54896,0.43076,0.40016,0.55000,0.43301,10.0001,0.00249,1,0.49857
9.9200,0.54895,0.43077,0.40015,0.55000,0.43301,10.0001,0.00248,1,0.49859
9.9400,0.54894,0.43078,0.40015,0.55000,0.43301,10.0001,0.00248,1,0.49860
9.9600,0.54893,0.43079,0.40015,0.55000,0.43301,10.0001,0.00247,1,0.49861
9.9800,0.54892,0.43080,0.40015,0.55000,0.43301,10.0000,0.00246,1,0.49863
10.0000,0.54892,0.43082,0.40015,0.55000,0.43301,10.0000,0.00245,1,0.49864
10.0200,0.54891,0.43083,0.40015,0.55000,0.43301,9.9999,0.00245,1,0.49866
10.0400,0.54890,0.43084,0.40015,0.55000,0.43301,9.9999,0.00244,1,0.49867
10.0600,0.54889,0.43085,0.40015,0.55000,0.43301,9.9998,0.00243,1,0.49869
10.0800,0.54889,0.43087,0.40015,0.55000,0.43301,9.9998,0.00242,1,0.49870
10.1000,0.54888,0.43088,0.40014,0.55000,0.43301,9.9998,0.00242,1,0.49872
10.1200,0.54887,0.43089,0.40014,0.55000,0.43301,9.9997,0.00241,1,0.49873
10.1400,0.54886,0.43090,0.40014,0.55000,0.43301,9.9997,0.00240,1,0.49875
10.1600,0.54886,0.43092,0.40014,0.55000,0.43301,9.9996,0.00239,1,0.49876
10.1800,0.54885,0.43093,0.40014,0.55000,0.43301,9.9996,0.00238,1,0.49878
10.2000,0.54884,0.43094,0.40014,0.55000,0.43301,9.9995,0.00238,1,0.49879
10.2200,0.54883,0.43095,0.40013,0.55000,0.43301,9.9995,0.00237,1,0.49880
10.2400,0.54883,0.43097,0.40013,0.55000,0.43301,9.9995,0.00236,1,0.49882
10.2600,0.54882,0.43098,0.40013,0.55000,0.43301,9.9994,0.00235,1,0.49883
10.2800,0.54881,0.43099,0.40013,0.55000,0.43301,9.9994,0.00235,1,0.49885
10.3000,0.54881,0.43100,0.40013,0.55000,0.43301,9.9994,0.00234,1,0.49886
10.3200,0.54880,0.43102,0.40013,0.55000,0.43301,9.9993,0.00233,1,0.49888
10.3400,0.54879,0.43103,0.40013,0.55000,0.43301,9.9993,0.00233,1,0.49889
10.3600,0.54878,0.43104,0.40013,0.55000,0.43301,9.9993,0.00232,1,0.49891
10.3800,0.54878,0.43106,0.40012,0.55000,0.43301,9.9992,0.00231,1,0.49892
10.4000,0.54877,0.43107,0.40012,0.55000,0.43301,9.9992,0.00230,1,0.49894
10.4200,0.54876,0.43108,0.40012,0.55000,0.43301,9.9992,0.00230,1,0.49895
10.4400,0.54875,0.43109,0.40012,0.55000,0.43301,9.9992,0.00229,1,0.49896
10.4600,0.54875,0.43111,0.40012,0.55000,0.43301,9.9992,0.00228,1,0.49898
10.4800,0.54874,0.43112,0.40012,0.55000,0.43301,9.9991,0.00228,1,0.49899
10.5000,0.54873,0.43113,0.40012,0.55000,0.43301,9.9991,0.00227,1,0.49901
10.5200,0.54873,0.43114,0.40012,0.55000,0.43301,9.9991,0.00227,1,0.49902
10.5400,0.54872,0.43116,0.40012,0.55000,0.43301,9.9991,0.00226,1,0.49904
10.5600,0.54871,0.43117,0.40012,0.55000,0.43301,9.9991,0.00225,1,0.49905
10.5800,0.54870,0.43118,0.40012,0.55000,0.43301,9.9991,0.00225,1,0.49907
10.6000,0.54869,0.43119,0.40012,0.55000,0.43301,9.9991,0.00224,1,0.49908
10.6200,0.54869,0.43121,0.40011,0.55000,0.43301,9.9991,0.00224,1,0.49910
10.6400,0.54868,0.43122,0.40011,0.55000,0.43301,9.9991,0.00223,1,0.49911
10.6600,0.54867,0.43123,0.40011,0.55000,0.43301,9.9991,0.00223,1,0.49913
10.6800,0.54866,0.43124,0.40011,0.55000,0.43301,9.9991,0.00222,1,0.49914
10.7000,0.54866,0.43126,0.40011,0.55000,0.43301,9.9991,0.00222,1,0.49915
10.7200,0.54865,0.43127,0.40011,0.55000,0.43301,9.9992,0.00221,1,0.49917
10.7400,0.54864,0.43128,0.40011,0.55000,0.43301,9.9992,0.00221,1,0.49918
10.7600,0.54863,0.43129,0.40011,0.55000,0.43301,9.9992,0.00220,1,0.49920
10.7800,0.54862,0.43130,0.40011,0.55000,0.43301,9.9992,0.00220,1,0.49921
10.8000,0.54862,0.43132,0.40011,0.55000,0.43301,9.9992,0.00219,1,0.49923
10.8200,0.54861,0.43133,0.40011,0.55000,0.43301,9.9992,0.00219,1,0.49924
10.8400,0.54860,0.43134,0.40011,0.55000,0.43301,9.9992,0.00218,1,0.49926
10.8600,0.54859,0.43135,0.40011,0.55000,0.43301,9.9992,0.00218,1,0.49927
10.8800,0.54858,0.43137,0.40011,0.55000,0.43301,9.9993,0.00218,1,0.49929
10.9000,0.54858,0.43138,0.40011,0.55000,0.43301,9.9993,0.00217,1,0.49930
10.9200,0.54857,0.43139,0.40011,0.55000,0.43301,9.9993,0.00217,1,0.49932
10.9400,0.54856,0.43140,0.40011,0.55000,0.43301,9.9993,0.00216,1,0.49933
10.9600,0.54855,0.43141,0.40011,0.55000,0.43301,9.9993,0.00216,1,0.49934
10.9800,0.54854,0.43143,0.40011,0.55000,0.43301,9.9993,0.00216,1,0.49936
11.0000,0.54853,0.43144,0.40011,0.55000,0.43301,9.9994,0.00215,1,0.49937
11.0200,0.54853,0.43145,0.40011,0.55000,0.43301,9.9994,0.00215,1,0.49939
11.0400,0.54852,0.43146,0.40011,0.55000,0.43301,9.9994,0.00215,1,0.49940
11.0600,0.54851,0.43147,0.40011,0.55000,0.43301,9.9994,0.00215,1,0.49942
11.0800,0.54850,0.43149,0.40011,0.55000,0.43301,9.9994,0.00214,1,0.49943
11.1000,0.54849,0.43150,0.40011,0.55000,0.43301,9.9994,0.00214,1,0.49945
11.1200,0.54848,0.43151,0.40011,0.55000,0.43301,9.9994,0.00214,1,0.49946
11.1400,0.54848,0.43152,0.40011,0.55000,0.43301,9.9994,0.00213,1,0.49948
11.1600,0.54847,0.43153,0.40011,0.55000,0.43301,9.9994,0.00213,1,0.49949
11.1800,0.54846,0.43155,0.40011,0.55000,0.43301,9.9995,0.00213,1,0.49951
11.2000,0.54845,0.43156,0.40011,0.55000,0.43301,9.9995,0.00213,1,0.49952
11.2200,0.54844,0.43157,0.40011,0.55000,0.43301,9.9995,0.00212,1,0.49953
11.2400,0.54843,0.43158,0.40011,0.55000,0.43301,9.9995,0.00212,1,0.49955
11.2600,0.54843,0.43160,0.40011,0.55000,0.43301,9.9995,0.00212,1,0.49956
11.2800,0.54842,0.43161,0.40011,0.55000,0.43301,9.9995,0.00212,1,0.49958
11.3000,0.54841,0.43162,0.40011,0.55000,0.43301,9.9995,0.00212,1,0.49959
11.3200,0.54840,0.43163,0.40011,0.55000,0.43301,9.9995,0.00212,1,0.49961
11.3400,0.54839,0.43164,0.40011,0.55000,0.43301,9.9995,0.00211,1,0.49962
11.3600,0.54839,0.43166,0.40011,0.55000,0.43301,9.9995,0.00211,1,0.49964
11.3800,0.54838,0.43167,0.40011,0.55000,0.43301,9.9995,0.00211,1,0.49965
11.4000,0.54837,0.43168,0.40011,0.55000,0.43301,9.9995,0.00211,1,0.49967
11.4200,0.54836,0.43169,0.40011,0.55000,0.43301,9.9995,0.00211,1,0.49968
11.4400,0.54835,0.43170,0.40011,0.55000,0.43301,9.9995,0.00211,1,0.49970
11.4600,0.54834,0.43172,0.40011,0.55000,0.43301,9.9995,0.00210,1,0.49971
11.4800,0.54834,0.43173,0.40011,0.55000,0.43301,9.9995,0.00210,1,0.49972
11.5000,0.54833,0.43174,0.40011,0.55000,0.43301,9.9995,0.00210,1,0.49974
11.5200,0.54832,0.43175,0.40011,0.55000,0.43301,9.9995,0.00210,1,0.49975
11.5400,0.54831,0.43177,0.40011,0.55000,0.43301,9.9995,0.00210,1,0.49977
11.5600,0.54830,0.43178,0.40011,0.55000,0.43301,9.9995,0.00210,1,0.49978
11.5800,0.54830,0.43179,0.40011,0.55000,0.43301,9.9995,0.00210,1,0.49980
11.6000,0.54829,0.43180,0.40011,0.55000,0.43301,9.9995,0.00210,1,0.49981
11.6200,0.54828,0.43181,0.40010,0.55000,0.43301,9.9995,0.00210,1,0.49983
11.6400,0.54827,0.43183,0.40010,0.55000,0.43301,9.9995,0.00210,1,0.49984
11.6600,0.54827,0.43184,0.40010,0.55000,0.43301,9.9995,0.00210,1,0.49986
11.6800,0.54826,0.43185,0.40010,0.55000,0.43301,9.9995,0.00210,1,0.49987
11.7000,0.54825,0.43186,0.40010,0.55000,0.43301,9.9994,0.00210,1,0.49988
11.7200,0.54824,0.43188,0.40010,0.55000,0.43301,9.9994,0.00210,1,0.49990
11.7400,0.54823,0.43189,0.40010,0.55000,0.43301,9.9994,0.00210,1,0.49991
11.7600,0.54823,0.43190,0.40010,0.55000,0.43301,9.9994,0.00210,1,0.49993
11.7800,0.54822,0.43191,0.40010,0.55000,0.43301,9.9994,0.00210,1,0.49994
11.8000,0.54821,0.43192,0.40010,0.55000,0.43301,9.9994,0.00210,1,0.49996
11.8200,0.54820,0.43194,0.40010,0.55000,0.43301,9.9994,0.00210,1,0.49997
11.8400,0.54819,0.43195,0.40010,0.55000,0.43301,9.9994,0.00210,1,0.49999
11.8600,0.54819,0.43196,0.40010,0.55000,0.43301,9.9994,0.00210,1,0.50000
11.8800,0.54818,0.43197,0.40010,0.55000,0.43301,9.9994,0.00210,1,0.50002
11.9000,0.54817,0.43199,0.40010,0.55000,0.43301,9.9994,0.00210,1,0.50003
11.9200,0.54816,0.43200,0.40010,0.55000,0.43301,9.9994,0.00210,1,0.50004
11.9400,0.54815,0.43201,0.40010,0.55000,0.43301,9.9994,0.00210,1,0.50006
11.9600,0.54815,0.43202,0.40010,0.55000,0.43301,9.9994,0.00210,1,0.50007
11.9800,0.54814,0.43203,0.40009,0.55000,0.43301,9.9994,0.00210,1,0.50009
12.0000,0.54813,0.43205,0.40009,0.55000,0.43301,9.9994,0.00211,1,0.50010
12.0200,0.54812,0.43206,0.40009,0.55000,0.43301,9.9994,0.00211,1,0.50012
12.0400,0.54812,0.43207,0.40009,0.55000,0.43301,9.9994,0.00211,1,0.50013
12.0600,0.54811,0.43208,0.40009,0.55000,0.43301,9.9994,0.00211,1,0.50015
12.0800,0.54810,0.43210,0.40009,0.55000,0.43301,9.9994,0.00211,1,0.50016
12.1000,0.54809,0.43211,0.40009,0.55000,0.43301,9.9994,0.00211,1,0.50018
12.1200,0.54808,0.43212,0.40009,0.55000,0.43301,9.9994,0.00212,1,0.50019
12.1400,0.54808,0.43213,0.40009,0.55000,0.43301,9.9994,0.00212,1,0.50020
12.1600,0.54807,0.43214,0.40009,0.55000,0.43301,9.9994,0.00212,1,0.50022
12.1800,0.54806,0.43216,0.40009,0.55000,0.43301,9.9994,0.00212,1,0.50023
12.2000,0.54805,0.43217,0.40009,0.55000,0.43301,9.9994,0.00212,1,0.50025
12.2200,0.54804,0.43218,0.40009,0.55000,0.43301,9.9994,0.00213,1,0.50026
12.2400,0.54804,0.43219,0.40009,0.55000,0.43301,9.9994,0.00213,1,0.50028
12.2600,0.54803,0.43221,0.40009,0.55000,0.43301,9.9994,0.00213,1,0.50029
12.2800,0.54802,0.43222,0.40009,0.55000,0.43301,9.9994,0.00213,1,0.50031
12.3000,0.54801,0.43223,0.40009,0.55000,0.43301,9.9994,0.00214,1,0.50032
12.3200,0.54800,0.43224,0.40009,0.55000,0.43301,9.9994,0.00214,1,0.50033
12.3400,0.54800,0.43225,0.40009,0.55000,0.43301,9.9994,0.00214,1,0.50035
12.3600,0.54799,0.43227,0.40009,0.55000,0.43301,9.9994,0.00215,1,0.50036
12.3800,0.54798,0.43228,0.40009,0.55000,0.43301,9.9994,0.00215,1,0.50038
12.4000,0.54797,0.43229,0.40009,0.55000,0.43301,9.9994,0.00215,1,0.50039
12.4200,0.54796,0.43230,0.40008,0.55000,0.43301,9.9994,0.00216,1,0.50041
12.4400,0.54796,0.43232,0.40008,0.55000,0.43301,9.9994,0.00216,1,0.50042
12.4600,0.54795,0.43233,0.40008,0.55000,0.43301,9.9994,0.00216,1,0.50044
12.4800,0.54794,0.43234,0.40008,0.55000,0.43301,9.9994,0.00217,1,0.50045
12.5000,0.54793,0.43235,0.40008,0.55000,0.43301,9.9994,0.00217,1,0.50047
12.5200,0.54793,0.43236,0.40008,0.55000,0.43301,9.9994,0.00218,1,0.50048
12.5400,0.54792,0.43238,0.40008,0.55000,0.43301,9.9994,0.00218,1,0.50049
12.5600,0.54791,0.43239,0.40008,0.55000,0.43301,9.9994,0.00218,1,0.50051
12.5800,0.54790,0.43240,0.40008,0.55000,0.43301,9.9994,0.00219,1,0.50052
12.6000,0.54789,0.43241,0.40008,0.55000,0.43301,9.9994,0.00219,1,0.50054
12.6200,0.54789,0.43242,0.40008,0.55000,0.43301,9.9994,0.00220,1,0.50055
12.6400,0.54788,0.43244,0.40008,0.55000,0.43301,9.9994,0.00220,1,0.50057
12.6600,0.54787,0.43245,0.40008,0.55000,0.43301,9.9994,0.00221,1,0.50058
12.6800,0.54786,0.43246,0.40008,0.55000,0.43301,9.9994,0.00221,1,0.50060
12.7000,0.54785,0.43247,0.40008,0.55000,0.43301,9.9994,0.00221,1,0.50061
12.7200,0.54785,0.43249,0.40008,0.55000,0.43301,9.9994,0.00222,1,0.50062
12.7400,0.54784,0.43250,0.40008,0.55000,0.43301,9.9994,0.00222,1,0.50064
12.7600,0.54783,0.43251,0.40008,0.55000,0.43301,9.9994,0.00223,1,0.50065
12.7800,0.54782,0.43252,0.40008,0.55000,0.43301,9.9994,0.00223,1,0.50067
12.8000,0.54781,0.43253,0.40008,0.55000,0.43301,9.9994,0.00224,1,0.50068
12.8200,0.54781,0.43255,0.40008,0.55000,0.43301,9.9994,0.00224,1,0.50070
12.8400,0.54780,0.43256,0.40008,0.55000,0.43301,9.9994,0.00225,1,0.50071
12.8600,0.54779,0.43257,0.40007,0.55000,0.43301,9.9994,0.00225,1,0.50073
12.8800,0.54778,0.43258,0.40007,0.55000,0.43301,9.9994,0.00226,1,0.50074
12.9000,0.54777,0.43259,0.40007,0.55000,0.43301,9.9994,0.00227,1,0.50076
12.9200,0.54777,0.43261,0.40007,0.55000,0.43301,9.9994,0.00227,1,0.50077
12.9400,0.54776,0.43262,0.40007,0.55000,0.43301,9.9994,0.00228,1,0.50078
12.9600,0.54775,0.43263,0.40007,0.55000,0.43301,9.9994,0.00228,1,0.50080
12.9800,0.54774,0.43264,0.40007,0.55000,0.43301,9.9994,0.00229,1,0.50081
13.0000,0.54773,0.43266,0.40007,0.55000,0.43301,9.9994,0.00229,1,0.50083
13.0200,0.54773,0.43267,0.40007,0.55000,0.43301,9.9994,0.00230,1,0.50084
13.0400,0.54772,0.43268,0.40007,0.55000,0.43301,9.9994,0.00231,1,0.50086
13.0600,0.54771,0.43269,0.40007,0.55000,0.43301,9.9994,0.00231,1,0.50087
13.0800,0.54770,0.43270,0.40007,0.55000,0.43301,9.9994,0.00232,1,0.50089
13.1000,0.54770,0.43272,0.40007,0.55000,0.43301,9.9994,0.00232,1,0.50090
13.1200,0.54769,0.43273,0.40007,0.55000,0.43301,9.9994,0.00233,1,0.50091
13.1400,0.54768,0.43274,0.40007,0.55000,0.43301,9.9994,0.00234,1,0.50093
13.1600,0.54767,0.43275,0.40007,0.55000,0.43301,9.9994,0.00234,1,0.50094
13.1800,0.54766,0.43276,0.40007,0.55000,0.43301,9.9994,0.00235,1,0.50096
13.2000,0.54766,0.43278,0.40007,0.55000,0.43301,9.9994,0.00236,1,0.50097
13.2200,0.54765,0.43279,0.40007,0.55000,0.43301,9.9994,0.00236,1,0.50099
13.2400,0.54764,0.43280,0.40007,0.55000,0.43301,9.9994,0.00237,1,0.50100
13.2600,0.54763,0.43281,0.40006,0.55000,0.43301,9.9994,0.00238,1,0.50102
13.2800,0.54762,0.43282,0.40006,0.55000,0.43301,9.9994,0.00238,1,0.50103
13.3000,0.54762,0.43284,0.40006,0.55000,0.43301,9.9994,0.00239,1,0.50104
13.3200,0.54761,0.43285,0.40006,0.55000,0.43301,9.9994,0.00240,1,0.50106
13.3400,0.54760,0.43286,0.40006,0.55000,0.43301,9.9994,0.00240,1,0.50107
13.3600,0.54759,0.43287,0.40006,0.55000,0.43301,9.9994,0.00241,1,0.50109
13.3800,0.54759,0.43289,0.40006,0.55000,0.43301,9.9994,0.00242,1,0.50110
13.4000,0.54758,0.43290,0.40006,0.55000,0.43301,9.9994,0.00243,1,0.50112
13.4200,0.54757,0.43291,0.40006,0.55000,0.43301,9.9994,0.00243,1,0.50113
13.4400,0.54756,0.43292,0.40006,0.55000,0.43301,9.9994,0.00244,1,0.50115
13.4600,0.54755,0.43293,0.40006,0.55000,0.43301,9.9994,0.00245,1,0.50116
13.4800,0.54755,0.43295,0.40006,0.55000,0.43301,9.9994,0.00246,1,0.50117
13.5000,0.54754,0.43296,0.40006,0.55000,0.43301,9.9994,0.00246,1,0.50119
13.5200,0.54753,0.43297,0.40006,0.55000,0.43301,9.9994,0.00247,1,0.50120
13.5400,0.54752,0.43298,0.40006,0.55000,0.43301,9.9994,0.00248,1,0.50122
13.5600,0.54751,0.43299,0.40006,0.55000,0.43301,9.9994,0.00249,1,0.50123
13.5800,0.54751,0.43301,0.40006,0.55000,0.43301,9.9994,0.00249,1,0.50125
13.6000,0.54750,0.43302,0.40006,0.55000,0.43301,9.9994,0.00250,1,0.50126
13.6200,0.54749,0.43303,0.40005,0.55000,0.43301,9.9994,0.00251,1,0.50127
13.6400,0.54748,0.43304,0.40005,0.55000,0.43301,9.9994,0.00252,1,0.50129
13.6600,0.54748,0.43305,0.40005,0.55000,0.43301,9.9994,0.00253,1,0.50130
13.6800,0.54747,0.43307,0.40005,0.55000,0.43301,9.9994,0.00253,1,0.50132
13.7000,0.54746,0.43308,0.40005,0.55000,0.43301,9.9994,0.00254,1,0.50133
13.7200,0.54745,0.43309,0.40005,0.55000,0.43301,9.9994,0.00255,1,0.50135
13.7400,0.54744,0.43310,0.40005,0.55000,0.43301,9.9994,0.00256,1,0.50136
13.7600,0.54744,0.43312,0.40005,0.55000,0.43301,9.9994,0.00257,1,0.50138
13.7800,0.54743,0.43313,0.40005,0.55000,0.43301,9.9994,0.00257,1,0.50139
13.8000,0.54742,0.43314,0.40005,0.55000,0.43301,9.9994,0.00258,1,0.50140
13.8200,0.54741,0.43315,0.40005,0.55000,0.43301,9.9994,0.00259,1,0.50142
13.8400,0.54740,0.43316,0.40005,0.55000,0.43301,9.9994,0.00260,1,0.50143
13.8600,0.54740,0.43318,0.40005,0.55000,0.43301,9.9994,0.00261,1,0.50145
13.8800,0.54739,0.43319,0.40005,0.55000,0.43301,9.9994,0.00262,1,0.50146
13.9000,0.54738,0.43320,0.40005,0.55000,0.43301,9.9994,0.00263,1,0.50148
13.9200,0.54737,0.43321,0.40005,0.55000,0.43301,9.9994,0.00263,1,0.50149
13.9400,0.54737,0.43322,0.40005,0.55000,0.43301,9.9994,0.00264,1,0.50151
13.9600,0.54736,0.43324,0.40005,0.55000,0.43301,9.9994,0.00265,1,0.50152
13.9800,0.54735,0.43325,0.40005,0.55000,0.43301,9.9994,0.00266,1,0.50153
14.0000,0.54734,0.43326,0.40004,0.55000,0.43301,9.9994,0.00267,1,0.50155
14.0200,0.54733,0.43327,0.40004,0.55000,0.43301,9.9994,0.00268,1,0.50156
14.0400,0.54733,0.43328,0.40004,0.55000,0.43301,9.9994,0.00269,1,0.50158
14.0600,0.54732,0.43330,0.40004,0.55000,0.43301,9.9994,0.00270,1,0.50159
14.0800,0.54731,0.43331,0.40004,0.55000,0.43301,9.9994,0.00271,1,0.50161
14.1000,0.54730,0.43332,0.40004,0.55000,0.43301,9.9994,0.00271,1,0.50162
14.1200,0.54730,0.43333,0.40004,0.55000,0.43301,9.9994,0.00272,1,0.50163
14.1400,0.54729,0.43334,0.40004,0.55000,0.43301,9.9994,0.00273,1,0.50165
14.1600,0.54728,0.43336,0.40004,0.55000,0.43301,9.9994,0.00274,1,0.50166
14.1800,0.54727,0.43337,0.40004,0.55000,0.43301,9.9994,0.00275,1,0.50168
14.2000,0.54726,0.43338,0.40004,0.55000,0.43301,9.9994,0.00276,1,0.50169
14.2200,0.54726,0.43339,0.40004,0.55000,0.43301,9.9994,0.00277,1,0.50171
14.2400,0.54725,0.43340,0.40004,0.55000,0.43301,9.9994,0.00278,1,0.50172
14.2600,0.54724,0.43342,0.40004,0.55000,0.43301,9.9994,0.00279,1,0.50173
14.2800,0.54723,0.43343,0.40004,0.55000,0.43301,9.9994,0.00280,1,0.50175
14.3000,0.54722,0.43344,0.40004,0.55000,0.43301,9.9994,0.00281,1,0.50176
14.3200,0.54722,0.43345,0.40004,0.55000,0.43301,9.9994,0.00282,1,0.50178
14.3400,0.54721,0.43347,0.40003,0.55000,0.43301,9.9994,0.00283,1,0.50179
14.3600,0.54720,0.43348,0.40003,0.55000,0.43301,9.9994,0.00284,1,0.50181
14.3800,0.54719,0.43349,0.40003,0.55000,0.43301,9.9994,0.00285,1,0.50182
14.4000,0.54719,0.43350,0.40003,0.55000,0.43301,9.9995,0.00286,1,0.50183
14.4200,0.54718,0.43351,0.40003,0.55000,0.43301,9.9995,0.00287,1,0.50185
14.4400,0.54717,0.43353,0.40003,0.55000,0.43301,9.9995,0.00288,1,0.50186
14.4600,0.54716,0.43354,0.40003,0.55000,0.43301,9.9995,0.00289,1,0.50188
14.4800,0.54715,0.43355,0.40003,0.55000,0.43301,9.9995,0.00290,1,0.50189
14.5000,0.54715,0.43356,0.40003,0.55000,0.43301,9.9995,0.00291,1,0.50191
14.5200,0.54714,0.43357,0.40003,0.55000,0.43301,9.9995,0.00292,1,0.50192
14.5400,0.54713,0.43359,0.40003,0.55000,0.43301,9.9995,0.00293,1,0.50194
14.5600,0.54712,0.43360,0.40003,0.55000,0.43301,9.9995,0.00294,1,0.50195
14.5800,0.54712,0.43361,0.40003,0.55000,0.43301,9.9995,0.00295,1,0.50196
14.6000,0.54711,0.43362,0.40003,0.55000,0.43301,9.9995,0.00296,1,0.50198
14.6200,0.54710,0.43363,0.40003,0.55000,0.43301,9.9995,0.00297,1,0.50199
14.6400,0.54709,0.43365,0.40003,0.55000,0.43301,9.9995,0.00298,1,0.50201
14.6600,0.54708,0.43366,0.40003,0.55000,0.43301,9.9995,0.00299,1,0.50202
14.6800,0.54708,0.43367,0.40002,0.55000,0.43301,9.9995,0.00300,1,0.50204
14.7000,0.54707,0.43368,0.40002,0.55000,0.43301,9.9995,0.00301,1,0.50205
14.7200,0.54706,0.43369,0.40002,0.55000,0.43301,9.9995,0.00302,1,0.50206
14.7400,0.54705,0.43371,0.40002,0.55000,0.43301,9.9995,0.00303,1,0.50208
14.7600,0.54705,0.43372,0.40002,0.55000,0.43301,9.9995,0.00304,1,0.50209
14.7800,0.54704,0.43373,0.40002,0.55000,0.43301,9.9995,0.00305,1,0.50211
14.8000,0.54703,0.43374,0.40002,0.55000,0.43301,9.9995,0.00306,1,0.50212
14.8200,0.54702,0.43375,0.40002,0.55000,0.43301,9.9995,0.00307,1,0.50214
14.8400,0.54701,0.43377,0.40002,0.55000,0.43301,9.9995,0.00308,1,0.50215
14.8600,0.54701,0.43378,0.40002,0.55000,0.43301,9.9995,0.00309,1,0.50216
14.8800,0.54700,0.43379,0.40002,0.55000,0.43301,9.9995,0.00310,1,0.50218
14.9000,0.54699,0.43380,0.40002,0.55000,0.43301,9.9995,0.00311,1,0.50219
14.9200,0.54698,0.43381,0.40002,0.55000,0.43301,9.9995,0.00312,1,0.50221
14.9400,0.54698,0.43383,0.40002,0.55000,0.43301,9.9995,0.00313,1,0.50222
14.9600,0.54697,0.43384,0.40002,0.55000,0.43301,9.9995,0.00314,1,0.50223
14.9800,0.54696,0.43385,0.40002,0.55000,0.43301,9.9995,0.00315,1,0.50225
15.0000,0.54695,0.43386,0.40001,0.55000,0.43301,9.9995,0.00316,1,0.50226
15.0200,0.54695,0.43387,0.40001,0.55000,0.43301,9.9995,0.00317,1,0.50228
15.0400,0.54694,0.43389,0.40001,0.55000,0.43301,9.9995,0.00318,1,0.50229
15.0600,0.54693,0.43390,0.40001,0.55000,0.43301,9.9995,0.00320,1,0.50231
15.0800,0.54692,0.43391,0.40001,0.55000,0.43301,9.9995,0.00321,1,0.50232
15.1000,0.54691,0.43392,0.40001,0.55000,0.43301,9.9995,0.00322,1,0.50233
15.1200,0.54691,0.43393,0.40001,0.55000,0.43301,9.9995,0.00323,1,0.50235
15.1400,0.54690,0.43395,0.40001,0.55000,0.43301,9.9995,0.00324,1,0.50236
15.1600,0.54689,0.43396,0.40001,0.55000,0.43301,9.9995,0.00325,1,0.50238
15.1800,0.54688,0.43397,0.40001,0.55000,0.43301,9.9995,0.00326,1,0.50239
15.2000,0.54688,0.43398,0.40001,0.55000,0.43301,9.9995,0.00327,1,0.50241
15.2200,0.54687,0.43399,0.40001,0.55000,0.43301,9.9995,0.00328,1,0.50242
15.2400,0.54686,0.43401,0.40001,0.55000,0.43301,9.9995,0.00329,1,0.50243
15.2600,0.54685,0.43402,0.40001,0.55000,0.43301,9.9995,0.00330,1,0.50245
15.2800,0.54684,0.43403,0.40001,0.55000,0.43301,9.9995,0.00331,1,0.50246
15.3000,0.54684,0.43404,0.40001,0.55000,0.43301,9.9995,0.00333,1,0.50248
15.3200,0.54683,0.43405,0.40000,0.55000,0.43301,9.9995,0.00334,1,0.50249
15.3400,0.54682,0.43406,0.40000,0.55000,0.43301,9.9995,0.00335,1,0.50251
15.3600,0.54681,0.43408,0.40000,0.55000,0.43301,9.9995,0.00336,1,0.50252
15.3800,0.54681,0.43409,0.40000,0.55000,0.43301,9.9995,0.00337,1,0.50253
15.4000,0.54680,0.43410,0.40000,0.55000,0.43301,9.9995,0.00338,1,0.50255
15.4200,0.54679,0.43411,0.40000,0.55000,0.43301,9.9995,0.00339,1,0.50256
15.4400,0.54678,0.43412,0.40000,0.55000,0.43301,9.9995,0.00340,1,0.50258
15.4600,0.54678,0.43414,0.40000,0.55000,0.43301,9.9995,0.00341,1,0.50259
15.4800,0.54677,0.43415,0.40000,0.55000,0.43301,9.9995,0.00343,1,0.50260
15.5000,0.54676,0.43416,0.40000,0.55000,0.43301,9.9995,0.00344,1,0.50262
15.5200,0.54675,0.43417,0.40000,0.55000,0.43301,9.9995,0.00345,1,0.50263
15.5400,0.54674,0.43418,0.40000,0.55000,0.43301,9.9995,0.00346,1,0.50265
15.5600,0.54674,0.43420,0.40000,0.55000,0.43301,9.9995,0.00347,1,0.50266
15.5800,0.54673,0.43421,0.40000,0.55000,0.43301,9.9995,0.00348,1,0.50268
15.6000,0.54672,0.43422,0.40000,0.55000,0.43301,9.9995,0.00349,1,0.50269
15.6200,0.54671,0.43423,0.40000,0.55000,0.43301,9.9995,0.00351,1,0.50270
15.6400,0.54671,0.43424,0.39999,0.55000,0.43301,9.9995,0.00352,1,0.50272
15.6600,0.54670,0.43426,0.39999,0.55000,0.43301,9.9995,0.00353,1,0.50273
15.6800,0.54669,0.43427,0.39999,0.55000,0.43301,9.9995,0.00354,1,0.50275
15.7000,0.54668,0.43428,0.39999,0.55000,0.43301,9.9995,0.00355,1,0.50276
15.7200,0.54668,0.43429,0.39999,0.55000,0.43301,9.9995,0.00356,1,0.50277
15.7400,0.54667,0.43430,0.39999,0.55000,0.43301,9.9995,0.00357,1,0.50279
15.7600,0.54666,0.43432,0.39999,0.55000,0.43301,9.9995,0.00359,1,0.50280
15.7800,0.54665,0.43433,0.39999,0.55000,0.43301,9.9995,0.00360,1,0.50282
15.8000,0.54664,0.43434,0.39999,0.55000,0.43301,9.9995,0.00361,1,0.50283
15.8200,0.54664,0.43435,0.39999,0.55000,0.43301,9.9995,0.00362,1,0.50285
15.8400,0.54663,0.43436,0.39999,0.55000,0.43301,9.9995,0.00363,1,0.50286
15.8600,0.54662,0.43437,0.39999,0.55000,0.43301,9.9995,0.00364,1,0.50287
15.8800,0.54661,0.43439,0.39999,0.55000,0.43301,9.9995,0.00365,1,0.50289
15.9000,0.54661,0.43440,0.39999,0.55000,0.43301,9.9995,0.00367,1,0.50290
15.9200,0.54660,0.43441,0.39999,0.55000,0.43301,9.9995,0.00368,1,0.50292
15.9400,0.54659,0.43442,0.39998,0.55000,0.43301,9.9995,0.00369,1,0.50293
15.9600,0.54658,0.43443,0.39998,0.55000,0.43301,9.9995,0.00370,1,0.50294
15.9800,0.54658,0.43445,0.39998,0.55000,0.43301,9.9995,0.00371,1,0.50296
16.0000,0.54657,0.43446,0.39998,0.55000,0.43301,9.9995,0.00372,1,0.50297
16.0200,0.54656,0.43447,0.39998,0.55000,0.43301,9.9995,0.00374,1,0.50299
16.0400,0.54655,0.43448,0.39998,0.55000,0.43301,9.9995,0.00375,1,0.50300
16.0600,0.54655,0.43449,0.39998,0.55000,0.43301,9.9995,0.00376,1,0.50302
16.0800,0.54654,0.43451,0.39998,0.55000,0.43301,9.9995,0.00377,1,0.50303
16.1000,0.54653,0.43452,0.39998,0.55000,0.43301,9.9995,0.00378,1,0.50304
16.1200,0.54652,0.43453,0.39998,0.55000,0.43301,9.9995,0.00379,1,0.50306
16.1400,0.54651,0.43454,0.39998,0.55000,0.43301,9.9995,0.00381,1,0.50307
16.1600,0.54651,0.43455,0.39998,0.55000,0.43301,9.9995,0.00382,1,0.50309
16.1800,0.54650,0.43457,0.39998,0.55000,0.43301,9.9995,0.00383,1,0.50310
16.2000,0.54649,0.43458,0.39998,0.55000,0.43301,9.9995,0.00384,1,0.50311
16.2200,0.54648,0.43459,0.39998,0.55000,0.43301,9.9995,0.00385,1,0.50313
16.2400,0.54648,0.43460,0.39997,0.55000,0.43301,9.9995,0.00386,1,0.50314
16.2600,0.54647,0.43461,0.39997,0.55000,0.43301,9.9995,0.00388,1,0.50316
16.2800,0.54646,0.43462,0.39997,0.55000,0.43301,9.9995,0.00389,1,0.50317
16.3000,0.54645,0.43464,0.39997,0.55000,0.43301,9.9995,0.00390,1,0.50318
16.3200,0.54645,0.43465,0.39997,0.55000,0.43301,9.9995,0.00391,1,0.50320
16.3400,0.54644,0.43466,0.39997,0.55000,0.43301,9.9995,0.00392,1,0.50321
16.3600,0.54643,0.43467,0.39997,0.55000,0.43301,9.9995,0.00394,1,0.50323
16.3800,0.54642,0.43468,0.39997,0.55000,0.43301,9.9995,0.00395,1,0.50324
16.4000,0.54642,0.43470,0.39997,0.55000,0.43301,9.9995,0.00396,1,0.50325
16.4200,0.54641,0.43471,0.39997,0.55000,0.43301,9.9995,0.00397,1,0.50327
16.4400,0.54640,0.43472,0.39997,0.55000,0.43301,9.9995,0.00398,1,0.50328
16.4600,0.54639,0.43473,0.39997,0.55000,0.43301,9.9995,0.00400,1,0.50330
16.4800,0.54639,0.43474,0.39997,0.55000,0.43301,9.9995,0.00401,1,0.50331
16.5000,0.54638,0.43475,0.39997,0.55000,0.43301,9.9995,0.00402,1,0.50333
16.5200,0.54637,0.43477,0.39996,0.55000,0.43301,9.9995,0.00403,1,0.50334
16.5400,0.54636,0.43478,0.39996,0.55000,0.43301,9.9995,0.00404,1,0.50335
16.5600,0.54635,0.43479,0.39996,0.55000,0.43301,9.9995,0.00406,1,0.50337
16.5800,0.54635,0.43480,0.39996,0.55000,0.43301,9.9995,0.00407,1,0.50338
16.6000,0.54634,0.43481,0.39996,0.55000,0.43301,9.9995,0.00408,1,0.50340
16.6200,0.54633,0.43483,0.39996,0.55000,0.43301,9.9995,0.00409,1,0.50341
16.6400,0.54632,0.43484,0.39996,0.55000,0.43301,9.9995,0.00410,1,0.50342
16.6600,0.54632,0.43485,0.39996,0.55000,0.43301,9.9995,0.00412,1,0.50344
16.6800,0.54631,0.43486,0.39996,0.55000,0.43301,9.9995,0.00413,1,0.50345
16.7000,0.54630,0.43487,0.39996,0.55000,0.43301,9.9995,0.00414,1,0.50347
16.7200,0.54629,0.43488,0.39996,0.55000,0.43301,9.9995,0.00415,1,0.50348
16.7400,0.54629,0.43490,0.39996,0.55000,0.43301,9.9995,0.00416,1,0.50349
16.7600,0.54628,0.43491,0.39996,0.55000,0.43301,9.9995,0.00418,1,0.50351
16.7800,0.54627,0.43492,0.39996,0.55000,0.43301,9.9995,0.00419,1,0.50352
16.8000,0.54626,0.43493,0.39995,0.55000,0.43301,9.9995,0.00420,1,0.50354
16.8200,0.54626,0.43494,0.39995,0.55000,0.43301,9.9995,0.00421,1,0.50355
16.8400,0.54625,0.43496,0.39995,0.55000,0.43301,9.9995,0.00422,1,0.50356
16.8600,0.54624,0.43497,0.39995,0.55000,0.43301,9.9995,0.00424,1,0.50358
16.8800,0.54623,0.43498,0.39995,0.55000,0.43301,9.9995,0.00425,1,0.50359
16.9000,0.54623,0.43499,0.39995,0.55000,0.43301,9.9995,0.00426,1,0.50361
16.9200,0.54622,0.43500,0.39995,0.55000,0.43301,9.9995,0.00427,1,0.50362
16.9400,0.54621,0.43501,0.39995,0.55000,0.43301,9.9995,0.00429,1,0.50363
16.9600,0.54620,0.43503,0.39995,0.55000,0.43301,9.9995,0.00430,1,0.50365
16.9800,0.54620,0.43504,0.39995,0.55000,0.43301,9.9995,0.00431,1,0.50366
17.0000,0.54619,0.43505,0.39995,0.55000,0.43301,9.9995,0.00432,1,0.50368
17.0200,0.54618,0.43506,0.39995,0.55000,0.43301,9.9995,0.00433,1,0.50369
17.0400,0.54617,0.43507,0.39995,0.55000,0.43301,9.9995,0.00435,1,0.50370
17.0600,0.54617,0.43509,0.39995,0.55000,0.43301,9.9995,0.00436,1,0.50372
17.0800,0.54616,0.43510,0.39994,0.55000,0.43301,9.9995,0.00437,1,0.50373
17.1000,0.54615,0.43511,0.39994,0.55000,0.43301,9.9995,0.00438,1,0.50375
17.1200,0.54614,0.43512,0.39994,0.55000,0.43301,9.9995,0.00440,1,0.50376
17.1400,0.54614,0.43513,0.39994,0.55000,0.43301,9.9995,0.00441,1,0.50377
17.1600,0.54613,0.43514,0.39994,0.55000,0.43301,9.9995,0.00442,1,0.50379
17.1800,0.54612,0.43516,0.39994,0.55000,0.43301,9.9995,0.00443,1,0.50380
17.2000,0.54611,0.43517,0.39994,0.55000,0.43301,9.9995,0.00445,1,0.50382
17.2200,0.54611,0.43518,0.39994,0.55000,0.43301,9.9995,0.00446,1,0.50383
17.2400,0.54610,0.43519,0.39994,0.55000,0.43301,9.9995,0.00447,1,0.50384
17.2600,0.54609,0.43520,0.39994,0.55000,0.43301,9.9995,0.00448,1,0.50386
17.2800,0.54608,0.43521,0.39994,0.55000,0.43301,9.9995,0.00449,1,0.50387
17.3000,0.54608,0.43523,0.39994,0.55000,0.43301,9.9995,0.00451,1,0.50388
17.3200,0.54607,0.43524,0.39994,0.55000,0.43301,9.9995,0.00452,1,0.50390
17.3400,0.54606,0.43525,0.39993,0.55000,0.43301,9.9995,0.00453,1,0.50391
17.3600,0.54605,0.43526,0.39993,0.55000,0.43301,9.9995,0.00454,1,0.50393
17.3800,0.54604,0.43527,0.39993,0.55000,0.43301,9.9995,0.00456,1,0.50394
17.4000,0.54604,0.43529,0.39993,0.55000,0.43301,9.9995,0.00457,1,0.50395
17.4200,0.54603,0.43530,0.39993,0.55000,0.43301,9.9995,0.00458,1,0.50397
17.4400,0.54602,0.43531,0.39993,0.55000,0.43301,9.9995,0.00459,1,0.50398
17.4600,0.54601,0.43532,0.39993,0.55000,0.43301,9.9995,0.00461,1,0.50400
17.4800,0.54601,0.43533,0.39993,0.55000,0.43301,9.9995,0.00462,1,0.50401
17.5000,0.54600,0.43534,0.39993,0.55000,0.43301,9.9995,0.00463,1,0.50402
17.5200,0.54599,0.43536,0.39993,0.55000,0.43301,9.9995,0.00464,1,0.50404
17.5400,0.54598,0.43537,0.39993,0.55000,0.43301,9.9995,0.00466,1,0.50405
17.5600,0.54598,0.43538,0.39993,0.55000,0.43301,9.9995,0.00467,1,0.50407
17.5800,0.54597,0.43539,0.39993,0.55000,0.43301,9.9995,0.00468,1,0.50408
17.6000,0.54596,0.43540,0.39993,0.55000,0.43301,9.9995,0.00469,1,0.50409
17.6200,0.54596,0.43541,0.39992,0.55000,0.43301,9.9995,0.00470,1,0.50411
17.6400,0.54595,0.43543,0.39992,0.55000,0.43301,9.9995,0.00472,1,0.50412
17.6600,0.54594,0.43544,0.39992,0.55000,0.43301,9.9995,0.00473,1,0.50414
17.6800,0.54593,0.43545,0.39992,0.55000,0.43301,9.9995,0.00474,1,0.50415
17.7000,0.54593,0.43546,0.39992,0.55000,0.43301,9.9995,0.00475,1,0.50416
17.7200,0.54592,0.43547,0.39992,0.55000,0.43301,9.9995,0.00477,1,0.50418
17.7400,0.54591,0.43548,0.39992,0.55000,0.43301,9.9995,0.00478,1,0.50419
17.7600,0.54590,0.43550,0.39992,0.55000,0.43301,9.9995,0.00479,1,0.50420
17.7800,0.54590,0.43551,0.39992,0.55000,0.43301,9.9995,0.00480,1,0.50422
17.8000,0.54589,0.43552,0.39992,0.55000,0.43301,9.9995,0.00482,1,0.50423
17.8200,0.54588,0.43553,0.39992,0.55000,0.43301,9.9995,0.00483,1,0.50425
17.8400,0.54587,0.43554,0.39992,0.55000,0.43301,9.9995,0.00484,1,0.50426
17.8600,0.54587,0.43555,0.39992,0.55000,0.43301,9.9995,0.00485,1,0.50427
17.8800,0.54586,0.43557,0.39991,0.55000,0.43301,9.9995,0.00487,1,0.50429
17.9000,0.54585,0.43558,0.39991,0.55000,0.43301,9.9995,0.00488,1,0.50430
17.9200,0.54584,0.43559,0.39991,0.55000,0.43301,9.9995,0.00489,1,0.50432
17.9400,0.54584,0.43560,0.39991,0.55000,0.43301,9.9995,0.00490,1,0.50433
17.9600,0.54583,0.43561,0.39991,0.55000,0.43301,9.9995,0.00492,1,0.50434
17.9800,0.54582,0.43562,0.39991,0.55000,0.43301,9.9995,0.00493,1,0.50436
18.0000,0.54581,0.43564,0.39991,0.55000,0.43301,9.9995,0.00494,1,0.50437
18.0200,0.54581,0.43565,0.39991,0.55000,0.43301,9.9995,0.00495,1,0.50438
18.0400,0.54580,0.43566,0.39991,0.55000,0.43301,9.9995,0.00497,1,0.50440
18.0600,0.54579,0.43567,0.39991,0.55000,0.43301,9.9995,0.00498,1,0.50441
18.0800,0.54578,0.43568,0.39991,0.55000,0.43301,9.9995,0.00499,1,0.50443
18.1000,0.54578,0.43569,0.39991,0.55000,0.43301,9.9995,0.00500,1,0.50444
18.1200,0.54577,0.43571,0.39991,0.55000,0.43301,9.9995,0.00502,1,0.50445
18.1400,0.54576,0.43572,0.39990,0.55000,0.43301,9.9995,0.00503,1,0.50447
18.1600,0.54575,0.43573,0.39990,0.55000,0.43301,9.9995,0.00504,1,0.50448
18.1800,0.54575,0.43574,0.39990,0.55000,0.43301,9.9995,0.00505,1,0.50449
18.2000,0.54574,0.43575,0.39990,0.55000,0.43301,9.9995,0.00507,1,0.50451
18.2200,0.54573,0.43576,0.39990,0.55000,0.43301,9.9995,0.00508,1,0.50452
18.2400,0.54572,0.43578,0.39990,0.55000,0.43301,9.9995,0.00509,1,0.50454
18.2600,0.54572,0.43579,0.39990,0.55000,0.43301,9.9995,0.00510,1,0.50455
18.2800,0.54571,0.43580,0.39990,0.55000,0.43301,9.9995,0.00512,1,0.50456
18.3000,0.54570,0.43581,0.39990,0.55000,0.43301,9.9995,0.00513,1,0.50458
18.3200,0.54569,0.43582,0.39990,0.55000,0.43301,9.9995,0.00514,1,0.50459
18.3400,0.54569,0.43583,0.39990,0.55000,0.43301,9.9995,0.00515,1,0.50461
18.3600,0.54568,0.43585,0.39990,0.55000,0.43301,9.9995,0.00517,1,0.50462
18.3800,0.54567,0.43586,0.39989,0.55000,0.43301,9.9995,0.00518,1,0.50463
18.4000,0.54566,0.43587,0.39989,0.55000,0.43301,9.9995,0.00519,1,0.50465
18.4200,0.54566,0.43588,0.39989,0.55000,0.43301,9.9995,0.00521,1,0.50466
18.4400,0.54565,0.43589,0.39989,0.55000,0.43301,9.9995,0.00522,1,0.50467
18.4600,0.54564,0.43590,0.39989,0.55000,0.43301,9.9995,0.00523,1,0.50469
18.4800,0.54564,0.43592,0.39989,0.55000,0.43301,9.9995,0.00524,1,0.50470
18.5000,0.54563,0.43593,0.39989,0.55000,0.43301,9.9995,0.00526,1,0.50472
18.5200,0.54562,0.43594,0.39989,0.55000,0.43301,9.9995,0.00527,1,0.50473
18.5400,0.54561,0.43595,0.39989,0.55000,0.43301,9.9995,0.00528,1,0.50474
18.5600,0.54561,0.43596,0.39989,0.55000,0.43301,9.9995,0.00529,1,0.50476
18.5800,0.54560,0.43597,0.39989,0.55000,0.43301,9.9995,0.00531,1,0.50477
18.6000,0.54559,0.43598,0.39989,0.55000,0.43301,9.9995,0.00532,1,0.50478
18.6200,0.54558,0.43600,0.39989,0.55000,0.43301,9.9995,0.00533,1,0.50480
18.6400,0.54558,0.43601,0.39988,0.55000,0.43301,9.9995,0.00534,1,0.50481
18.6600,0.54557,0.43602,0.39988,0.55000,0.43301,9.9995,0.00536,1,0.50483
18.6800,0.54556,0.43603,0.39988,0.55000,0.43301,9.9995,0.00537,1,0.50484
18.7000,0.54555,0.43604,0.39988,0.55000,0.43301,9.9995,0.00538,1,0.50485
18.7200,0.54555,0.43605,0.39988,0.55000,0.43301,9.9995,0.00539,1,0.50487
18.7400,0.54554,0.43607,0.39988,0.55000,0.43301,9.9995,0.00541,1,0.50488
18.7600,0.54553,0.43608,0.39988,0.55000,0.43301,9.9995,0.00542,1,0.50489
18.7800,0.54552,0.43609,0.39988,0.55000,0.43301,9.9995,0.00543,1,0.50491
18.8000,0.54552,0.43610,0.39988,0.55000,0.43301,9.9995,0.00544,1,0.50492
18.8200,0.54551,0.43611,0.39988,0.55000,0.43301,9.9995,0.00546,1,0.50493
18.8400,0.54550,0.43612,0.39988,0.55000,0.43301,9.9995,0.00547,1,0.50495
18.8600,0.54550,0.43614,0.39988,0.55000,0.43301,9.9995,0.00548,1,0.50496
18.8800,0.54549,0.43615,0.39987,0.55000,0.43301,9.9995,0.00550,1,0.50498
18.9000,0.54548,0.43616,0.39987,0.55000,0.43301,9.9995,0.00551,1,0.50499
18.9200,0.54547,0.43617,0.39987,0.55000,0.43301,9.9995,0.00552,1,0.50500
18.9400,0.54547,0.43618,0.39987,0.55000,0.43301,9.9995,0.00553,1,0.50502
18.9600,0.54546,0.43619,0.39987,0.55000,0.43301,9.9995,0.00555,1,0.50503
18.9800,0.54545,0.43620,0.39987,0.55000,0.43301,9.9995,0.00556,1,0.50504
19.0000,0.54544,0.43622,0.39987,0.55000,0.43301,9.9995,0.00557,1,0.50506
19.0200,0.54544,0.43623,0.39987,0.55000,0.43301,9.9995,0.00558,1,0.50507
19.0400,0.54543,0.43624,0.39987,0.55000,0.43301,9.9995,0.00560,1,0.50508
19.0600,0.54542,0.43625,0.39987,0.55000,0.43301,9.9995,0.00561,1,0.50510
19.0800,0.54541,0.43626,0.39987,0.55000,0.43301,9.9995,0.00562,1,0.50511
19.1000,0.54541,0.43627,0.39987,0.55000,0.43301,9.9995,0.00563,1,0.50513
19.1200,0.54540,0.43629,0.39986,0.55000,0.43301,9.9995,0.00565,1,0.50514
19.1400,0.54539,0.43630,0.39986,0.55000,0.43301,9.9995,0.00566,1,0.50515
19.1600,0.54539,0.43631,0.39986,0.55000,0.43301,9.9995,0.00567,1,0.50517
19.1800,0.54538,0.43632,0.39986,0.55000,0.43301,9.9995,0.00568,1,0.50518
19.2000,0.54537,0.43633,0.39986,0.55000,0.43301,9.9995,0.00570,1,0.50519
19.2200,0.54536,0.43634,0.39986,0.55000,0.43301,9.9995,0.00571,1,0.50521
19.2400,0.54536,0.43635,0.39986,0.55000,0.43301,9.9995,0.00572,1,0.50522
19.2600,0.54535,0.43637,0.39986,0.55000,0.43301,9.9995,0.00574,1,0.50523
19.2800,0.54534,0.43638,0.39986,0.55000,0.43301,9.9995,0.00575,1,0.50525
19.3000,0.54533,0.43639,0.39986,0.55000,0.43301,9.9995,0.00576,1,0.50526
19.3200,0.54533,0.43640,0.39986,0.55000,0.43301,9.9995,0.00577,1,0.50528
19.3400,0.54532,0.43641,0.39986,0.55000,0.43301,9.9995,0.00579,1,0.50529
19.3600,0.54531,0.43642,0.39985,0.55000,0.43301,9.9995,0.00580,1,0.50530
19.3800,0.54531,0.43643,0.39985,0.55000,0.43301,9.9995,0.00581,1,0.50532
19.4000,0.54530,0.43645,0.39985,0.55000,0.43301,9.9995,0.00582,1,0.50533
19.4200,0.54529,0.43646,0.39985,0.55000,0.43301,9.9995,0.00584,1,0.50534
19.4400,0.54528,0.43647,0.39985,0.55000,0.43301,9.9995,0.00585,1,0.50536
19.4600,0.54528,0.43648,0.39985,0.55000,0.43301,9.9995,0.00586,1,0.50537
19.4800,0.54527,0.43649,0.39985,0.55000,0.43301,9.9995,0.00587,1,0.50538
19.5000,0.54526,0.43650,0.39985,0.55000,0.43301,9.9995,0.00589,1,0.50540
19.5200,0.54525,0.43652,0.39985,0.55000,0.43301,9.9995,0.00590,1,0.50541
19.5400,0.54525,0.43653,0.39985,0.55000,0.43301,9.9995,0.00591,1,0.50543
19.5600,0.54524,0.43654,0.39985,0.55000,0.43301,9.9995,0.00593,1,0.50544
19.5800,0.54523,0.43655,0.39985,0.55000,0.43301,9.9995,0.00594,1,0.50545
19.6000,0.54523,0.43656,0.39984,0.55000,0.43301,9.9995,0.00595,1,0.50547
19.6200,0.54522,0.43657,0.39984,0.55000,0.43301,9.9995,0.00596,1,0.50548
19.6400,0.54521,0.43658,0.39984,0.55000,0.43301,9.9995,0.00598,1,0.50549
19.6600,0.54520,0.43660,0.39984,0.55000,0.43301,9.9995,0.00599,1,0.50551
19.6800,0.54520,0.43661,0.39984,0.55000,0.43301,9.9995,0.00600,1,0.50552
19.7000,0.54519,0.43662,0.39984,0.55000,0.43301,9.9995,0.00601,1,0.50553
19.7200,0.54518,0.43663,0.39984,0.55000,0.43301,9.9995,0.00603,1,0.50555
19.7400,0.54517,0.43664,0.39984,0.55000,0.43301,9.9995,0.00604,1,0.50556
19.7600,0.54517,0.43665,0.39984,0.55000,0.43301,9.9995,0.00605,1,0.50557
19.7800,0.54516,0.43666,0.39984,0.55000,0.43301,9.9996,0.00606,1,0.50559
19.8000,0.54515,0.43668,0.39984,0.55000,0.43301,9.9996,0.00608,1,0.50560
19.8200,0.54515,0.43669,0.39984,0.55000,0.43301,9.9996,0.00609,1,0.50561
19.8400,0.54514,0.43670,0.39983,0.55000,0.43301,9.9996,0.00610,1,0.50563
19.8600,0.54513,0.43671,0.39983,0.55000,0.43301,9.9996,0.00612,1,0.50564
19.8800,0.54512,0.43672,0.39983,0.55000,0.43301,9.9996,0.00613,1,0.50566
19.9000,0.54512,0.43673,0.39983,0.55000,0.43301,9.9996,0.00614,1,0.50567
19.9200,0.54511,0.43674,0.39983,0.55000,0.43301,9.9996,0.00615,1,0.50568
19.9400,0.54510,0.43676,0.39983,0.55000,0.43301,9.9996,0.00617,1,0.50570
19.9600,0.54509,0.43677,0.39983,0.55000,0.43301,9.9996,0.00618,1,0.50571
19.9800,0.54509,0.43678,0.39983,0.55000,0.43301,9.9996,0.00619,1,0.50572
20.0000,0.54508,0.43679,0.39983,0.55000,0.43301,9.9996,0.00620,1,0.50574
20.0200,0.54507,0.43680,0.39983,0.55000,0.43301,9.9996,0.00622,1,0.50575
20.0400,0.54507,0.43681,0.39983,0.55000,0.43301,9.9996,0.00623,1,0.50576
20.0600,0.54506,0.43682,0.39982,0.55000,0.43301,9.9996,0.00624,1,0.50578
20.0800,0.54505,0.43683,0.39982,0.55000,0.43301,9.9996,0.00626,1,0.50579
20.1000,0.54504,0.43685,0.39982,0.55000,0.43301,9.9996,0.00627,1,0.50580
20.1200,0.54504,0.43686,0.39982,0.55000,0.43301,9.9996,0.00628,1,0.50582
20.1400,0.54503,0.43687,0.39982,0.55000,0.43301,9.9996,0.00629,1,0.50583
20.1600,0.54502,0.43688,0.39982,0.55000,0.43301,9.9996,0.00631,1,0.50584
20.1800,0.54502,0.43689,0.39982,0.55000,0.43301,9.9996,0.00632,1,0.50586
20.2000,0.54501,0.43690,0.39982,0.55000,0.43301,9.9996,0.00633,1,0.50587
20.2200,0.54500,0.43691,0.39982,0.55000,0.43301,9.9996,0.00634,1,0.50588
20.2400,0.54499,0.43693,0.39982,0.55000,0.43301,9.9996,0.00636,1,0.50590
20.2600,0.54499,0.43694,0.39982,0.55000,0.43301,9.9996,0.00637,1,0.50591
20.2800,0.54498,0.43695,0.39982,0.55000,0.43301,9.9996,0.00638,1,0.50592
20.3000,0.54497,0.43696,0.39981,0.55000,0.43301,9.9996,0.00639,1,0.50594
20.3200,0.54497,0.43697,0.39981,0.55000,0.43301,9.9996,0.00641,1,0.50595
20.3400,0.54496,0.43698,0.39981,0.55000,0.43301,9.9996,0.00642,1,0.50596
20.3600,0.54495,0.43699,0.39981,0.55000,0.43301,9.9996,0.00643,1,0.50598
20.3800,0.54494,0.43701,0.39981,0.55000,0.43301,9.9996,0.00645,1,0.50599
20.4000,0.54494,0.43702,0.39981,0.55000,0.43301,9.9996,0.00646,1,0.50600
20.4200,0.54493,0.43703,0.39981,0.55000,0.43301,9.9996,0.00647,1,0.50602
20.4400,0.54492,0.43704,0.39981,0.55000,0.43301,9.9996,0.00648,1,0.50603
20.4600,0.54492,0.43705,0.39981,0.55000,0.43301,9.9996,0.00650,1,0.50604
20.4800,0.54491,0.43706,0.39981,0.55000,0.43301,9.9996,0.00651,1,0.50606
20.5000,0.54490,0.43707,0.39981,0.55000,0.43301,9.9996,0.00652,1,0.50607
20.5200,0.54489,0.43708,0.39980,0.55000,0.43301,9.9996,0.00653,1,0.50609
20.5400,0.54489,0.43710,0.39980,0.55000,0.43301,9.9996,0.00655,1,0.50610
20.5600,0.54488,0.43711,0.39980,0.55000,0.43301,9.9996,0.00656,1,0.50611
20.5800,0.54487,0.43712,0.39980,0.55000,0.43301,9.9996,0.00657,1,0.50613
20.6000,0.54487,0.43713,0.39980,0.55000,0.43301,9.9996,0.00658,1,0.50614
20.6200,0.54486,0.43714,0.39980,0.55000,0.43301,9.9996,0.00660,1,0.50615
20.6400,0.54485,0.43715,0.39980,0.55000,0.43301,9.9996,0.00661,1,0.50617
20.6600,0.54484,0.43716,0.39980,0.55000,0.43301,9.9996,0.00662,1,0.50618
20.6800,0.54484,0.43718,0.39980,0.55000,0.43301,9.9996,0.00663,1,0.50619
20.7000,0.54483,0.43719,0.39980,0.55000,0.43301,9.9996,0.00665,1,0.50621
20.7200,0.54482,0.43720,0.39980,0.55000,0.43301,9.9996,0.00666,1,0.50622
20.7400,0.54482,0.43721,0.39979,0.55000,0.43301,9.9996,0.00667,1,0.50623
20.7600,0.54481,0.43722,0.39979,0.55000,0.43301,9.9996,0.00669,1,0.50625
20.7800,0.54480,0.43723,0.39979,0.55000,0.43301,9.9996,0.00670,1,0.50626
20.8000,0.54479,0.43724,0.39979,0.55000,0.43301,9.9996,0.00671,1,0.50627
20.8200,0.54479,0.43725,0.39979,0.55000,0.43301,9.9996,0.00672,1,0.50629
20.8400,0.54478,0.43727,0.39979,0.55000,0.43301,9.9996,0.00674,1,0.50630
20.8600,0.54477,0.43728,0.39979,0.55000,0.43301,9.9996,0.00675,1,0.50631
20.8800,0.54477,0.43729,0.39979,0.55000,0.43301,9.9996,0.00676,1,0.50633
20.9000,0.54476,0.43730,0.39979,0.55000,0.43301,9.9996,0.00677,1,0.50634
20.9200,0.54475,0.43731,0.39979,0.55000,0.43301,9.9996,0.00679,1,0.50635
20.9400,0.54474,0.43732,0.39979,0.55000,0.43301,9.9996,0.00680,1,0.50637
20.9600,0.54474,0.43733,0.39979,0.55000,0.43301,9.9996,0.00681,1,0.50638
20.9800,0.54473,0.43734,0.39978,0.55000,0.43301,9.9996,0.00682,1,0.50639
21.0000,0.54472,0.43736,0.39978,0.55000,0.43301,9.9996,0.00684,1,0.50640
21.0200,0.54472,0.43737,0.39978,0.55000,0.43301,9.9996,0.00685,1,0.50642
21.0400,0.54471,0.43738,0.39978,0.55000,0.43301,9.9996,0.00686,1,0.50643
21.0600,0.54470,0.43739,0.39978,0.55000,0.43301,9.9996,0.00688,1,0.50644
21.0800,0.54470,0.43740,0.39978,0.55000,0.43301,9.9996,0.00689,1,0.50646
21.1000,0.54469,0.43741,0.39978,0.55000,0.43301,9.9996,0.00690,1,0.50647
21.1200,0.54468,0.43742,0.39978,0.55000,0.43301,9.9996,0.00691,1,0.50648
21.1400,0.54467,0.43743,0.39978,0.55000,0.43301,9.9996,0.00693,1,0.50650
21.1600,0.54467,0.43745,0.39978,0.55000,0.43301,9.9996,0.00694,1,0.50651
21.1800,0.54466,0.43746,0.39977,0.55000,0.43301,9.9996,0.00695,1,0.50652
21.2000,0.54465,0.43747,0.39977,0.55000,0.43301,9.9996,0.00696,1,0.50654
21.2200,0.54465,0.43748,0.39977,0.55000,0.43301,9.9996,0.00698,1,0.50655
21.2400,0.54464,0.43749,0.39977,0.55000,0.43301,9.9996,0.00699,1,0.50656
21.2600,0.54463,0.43750,0.39977,0.55000,0.43301,9.9996,0.00700,1,0.50658
21.2800,0.54462,0.43751,0.39977,0.55000,0.43301,9.9996,0.00701,1,0.50659
21.3000,0.54462,0.43752,0.39977,0.55000,0.43301,9.9996,0.00703,1,0.50660
21.3200,0.54461,0.43753,0.39977,0.55000,0.43301,9.9996,0.00704,1,0.50662
21.3400,0.54460,0.43755,0.39977,0.55000,0.43301,9.9996,0.00705,1,0.50663
21.3600,0.54460,0.43756,0.39977,0.55000,0.43301,9.9996,0.00706,1,0.50664
21.3800,0.54459,0.43757,0.39977,0.55000,0.43301,9.9996,0.00708,1,0.50666
21.4000,0.54458,0.43758,0.39976,0.55000,0.43301,9.9996,0.00709,1,0.50667
21.4200,0.54458,0.43759,0.39976,0.55000,0.43301,9.9996,0.00710,1,0.50668
21.4400,0.54457,0.43760,0.39976,0.55000,0.43301,9.9996,0.00711,1,0.50670
21.4600,0.54456,0.43761,0.39976,0.55000,0.43301,9.9996,0.00713,1,0.50671
21.4800,0.54455,0.43762,0.39976,0.55000,0.43301,9.9996,0.00714,1,0.50672
21.5000,0.54455,0.43764,0.39976,0.55000,0.43301,9.9996,0.00715,1,0.50674
21.5200,0.54454,0.43765,0.39976,0.55000,0.43301,9.9996,0.00717,1,0.50675
21.5400,0.54453,0.43766,0.39976,0.55000,0.43301,9.9996,0.00718,1,0.50676
21.5600,0.54453,0.43767,0.39976,0.55000,0.43301,9.9996,0.00719,1,0.50678
21.5800,0.54452,0.43768,0.39976,0.55000,0.43301,9.9996,0.00720,1,0.50679
21.6000,0.54451,0.43769,0.39976,0.55000,0.43301,9.9996,0.00722,1,0.50680
21.6200,0.54451,0.43770,0.39975,0.55000,0.43301,9.9996,0.00723,1,0.50681
21.6400,0.54450,0.43771,0.39975,0.55000,0.43301,9.9996,0.00724,1,0.50683
21.6600,0.54449,0.43772,0.39975,0.55000,0.43301,9.9996,0.00725,1,0.50684
21.6800,0.54448,0.43774,0.39975,0.55000,0.43301,9.9996,0.00727,1,0.50685
21.7000,0.54448,0.43775,0.39975,0.55000,0.43301,9.9996,0.00728,1,0.50687
21.7200,0.54447,0.43776,0.39975,0.55000,0.43301,9.9996,0.00729,1,0.50688
21.7400,0.54446,0.43777,0.39975,0.55000,0.43301,9.9996,0.00730,1,0.50689
21.7600,0.54446,0.43778,0.39975,0.55000,0.43301,9.9996,0.00732,1,0.50691
21.7800,0.54445,0.43779,0.39975,0.55000,0.43301,9.9996,0.00733,1,0.50692
21.8000,0.54444,0.43780,0.39975,0.55000,0.43301,9.9996,0.00734,1,0.50693
21.8200,0.54444,0.43781,0.39975,0.55000,0.43301,9.9996,0.00735,1,0.50695
21.8400,0.54443,0.43782,0.39974,0.55000,0.43301,9.9996,0.00737,1,0.50696
21.8600,0.54442,0.43784,0.39974,0.55000,0.43301,9.9996,0.00738,1,0.50697
21.8800,0.54441,0.43785,0.39974,0.55000,0.43301,9.9996,0.00739,1,0.50699
21.9000,0.54441,0.43786,0.39974,0.55000,0.43301,9.9996,0.00740,1,0.50700
21.9200,0.54440,0.43787,0.39974,0.55000,0.43301,9.9996,0.00742,1,0.50701
21.9400,0.54439,0.43788,0.39974,0.55000,0.43301,9.9996,0.00743,1,0.50702
21.9600,0.54439,0.43789,0.39974,0.55000,0.43301,9.9996,0.00744,1,0.50704
21.9800,0.54438,0.43790,0.39974,0.55000,0.43301,9.9996,0.00745,1,0.50705
22.0000,0.54437,0.43791,0.39974,0.55000,0.43301,9.9996,0.00747,1,0.50706
22.0200,0.54437,0.43792,0.39974,0.55000,0.43301,9.9996,0.00748,1,0.50708
22.0400,0.54436,0.43794,0.39973,0.55000,0.43301,9.9996,0.00749,1,0.50709
22.0600,0.54435,0.43795,0.39973,0.55000,0.43301,9.9996,0.00750,1,0.50710
22.0800,0.54435,0.43796,0.39973,0.55000,0.43301,9.9996,0.00752,1,0.50712
22.1000,0.54434,0.43797,0.39973,0.55000,0.43301,9.9996,0.00753,1,0.50713
22.1200,0.54433,0.43798,0.39973,0.55000,0.43301,9.9996,0.00754,1,0.50714
22.1400,0.54432,0.43799,0.39973,0.55000,0.43301,9.9996,0.00755,1,0.50716
22.1600,0.54432,0.43800,0.39973,0.55000,0.43301,9.9996,0.00757,1,0.50717
22.1800,0.54431,0.43801,0.39973,0.55000,0.43301,9.9996,0.00758,1,0.50718
22.2000,0.54430,0.43802,0.39973,0.55000,0.43301,9.9996,0.00759,1,0.50719
22.2200,0.54430,0.43804,0.39973,0.55000,0.43301,9.9996,0.00760,1,0.50721
22.2400,0.54429,0.43805,0.39973,0.55000,0.43301,9.9996,0.00762,1,0.50722
22.2600,0.54428,0.43806,0.39972,0.55000,0.43301,9.9996,0.00763,1,0.50723
22.2800,0.54428,0.43807,0.39972,0.55000,0.43301,9.9996,0.00764,1,0.50725
22.3000,0.54427,0.43808,0.39972,0.55000,0.43301,9.9996,0.00765,1,0.50726
22.3200,0.54426,0.43809,0.39972,0.55000,0.43301,9.9996,0.00767,1,0.50727
22.3400,0.54426,0.43810,0.39972,0.55000,0.43301,9.9996,0.00768,1,0.50729
22.3600,0.54425,0.43811,0.39972,0.55000,0.43301,9.9996,0.00769,1,0.50730
22.3800,0.54424,0.43812,0.39972,0.55000,0.43301,9.9996,0.00770,1,0.50731
22.4000,0.54423,0.43813,0.39972,0.55000,0.43301,9.9996,0.00772,1,0.50732
22.4200,0.54423,0.43815,0.39972,0.55000,0.43301,9.9996,0.00773,1,0.50734
22.4400,0.54422,0.43816,0.39972,0.55000,0.43301,9.9996,0.00774,1,0.50735
22.4600,0.54421,0.43817,0.39971,0.55000,0.43301,9.9996,0.00775,1,0.50736
22.4800,0.54421,0.43818,0.39971,0.55000,0.43301,9.9996,0.00777,1,0.50738
22.5000,0.54420,0.43819,0.39971,0.55000,0.43301,9.9996,0.00778,1,0.50739
22.5200,0.54419,0.43820,0.39971,0.55000,0.43301,9.9996,0.00779,1,0.50740
22.5400,0.54419,0.43821,0.39971,0.55000,0.43301,9.9996,0.00780,1,0.50742
22.5600,0.54418,0.43822,0.39971,0.55000,0.43301,9.9996,0.00782,1,0.50743
22.5800,0.54417,0.43823,0.39971,0.55000,0.43301,9.9996,0.00783,1,0.50744
22.6000,0.54417,0.43824,0.39971,0.55000,0.43301,9.9996,0.00784,1,0.50745
22.6200,0.54416,0.43826,0.39971,0.55000,0.43301,9.9996,0.00785,1,0.50747
22.6400,0.54415,0.43827,0.39971,0.55000,0.43301,9.9996,0.00787,1,0.50748
22.6600,0.54415,0.43828,0.39971,0.55000,0.43301,9.9996,0.00788,1,0.50749
22.6800,0.54414,0.43829,0.39970,0.55000,0.43301,9.9996,0.00789,1,0.50751
22.7000,0.54413,0.43830,0.39970,0.55000,0.43301,9.9996,0.00790,1,0.50752
22.7200,0.54412,0.43831,0.39970,0.55000,0.43301,9.9996,0.00792,1,0.50753
22.7400,0.54412,0.43832,0.39970,0.55000,0.43301,9.9996,0.00793,1,0.50754
22.7600,0.54411,0.43833,0.39970,0.55000,0.43301,9.9996,0.00794,1,0.50756
22.7800,0.54410,0.43834,0.39970,0.55000,0.43301,9.9996,0.00795,1,0.50757
22.8000,0.54410,0.43835,0.39970,0.55000,0.43301,9.9996,0.00797,1,0.50758
22.8200,0.54409,0.43837,0.39970,0.55000,0.43301,9.9996,0.00798,1,0.50760
22.8400,0.54408,0.43838,0.39970,0.55000,0.43301,9.9996,0.00799,1,0.50761
22.8600,0.54408,0.43839,0.39970,0.55000,0.43301,9.9996,0.00800,1,0.50762
22.8800,0.54407,0.43840,0.39969,0.55000,0.43301,9.9996,0.00802,1,0.50763
22.9000,0.54406,0.43841,0.39969,0.55000,0.43301,9.9996,0.00803,1,0.50765
22.9200,0.54406,0.43842,0.39969,0.55000,0.43301,9.9996,0.00804,1,0.50766
22.9400,0.54405,0.43843,0.39969,0.55000,0.43301,9.9996,0.00805,1,0.50767
22.9600,0.54404,0.43844,0.39969,0.55000,0.43301,9.9996,0.00807,1,0.50769
22.9800,0.54404,0.43845,0.39969,0.55000,0.43301,9.9996,0.00808,1,0.50770
23.0000,0.54403,0.43846,0.39969,0.55000,0.43301,9.9996,0.00809,1,0.50771
23.0200,0.54402,0.43847,0.39969,0.55000,0.43301,9.9996,0.00810,1,0.50772
23.0400,0.54402,0.43849,0.39969,0.55000,0.43301,9.9996,0.00812,1,0.50774
23.0600,0.54401,0.43850,0.39969,0.55000,0.43301,9.9996,0.00813,1,0.50775
23.0800,0.54400,0.43851,0.39968,0.55000,0.43301,9.9996,0.00814,1,0.50776
23.1000,0.54400,0.43852,0.39968,0.55000,0.43301,9.9996,0.00815,1,0.50778
23.1200,0.54399,0.43853,0.39968,0.55000,0.43301,9.9996,0.00817,1,0.50779
23.1400,0.54398,0.43854,0.39968,0.55000,0.43301,9.9996,0.00818,1,0.50780
23.1600,0.54397,0.43855,0.39968,0.55000,0.43301,9.9996,0.00819,1,0.50781
23.1800,0.54397,0.43856,0.39968,0.55000,0.43301,9.9996,0.00820,1,0.50783
23.2000,0.54396,0.43857,0.39968,0.55000,0.43301,9.9996,0.00821,1,0.50784
23.2200,0.54395,0.43858,0.39968,0.55000,0.43301,9.9996,0.00823,1,0.50785
23.2400,0.54395,0.43859,0.39968,0.55000,0.43301,9.9996,0.00824,1,0.50787
23.2600,0.54394,0.43861,0.39968,0.55000,0.43301,9.9996,0.00825,1,0.50788
23.2800,0.54393,0.43862,0.39967,0.55000,0.43301,9.9996,0.00826,1,0.50789
23.3000,0.54393,0.43863,0.39967,0.55000,0.43301,9.9996,0.00828,1,0.50790
23.3200,0.54392,0.43864,0.39967,0.55000,0.43301,9.9996,0.00829,1,0.50792
23.3400,0.54391,0.43865,0.39967,0.55000,0.43301,9.9996,0.00830,1,0.50793
23.3600,0.54391,0.43866,0.39967,0.55000,0.43301,9.9996,0.00831,1,0.50794
23.3800,0.54390,0.43867,0.39967,0.55000,0.43301,9.9996,0.00833,1,0.50796
23.4000,0.54389,0.43868,0.39967,0.55000,0.43301,9.9996,0.00834,1,0.50797
23.4200,0.54389,0.43869,0.39967,0.55000,0.43301,9.9996,0.00835,1,0.50798
23.4400,0.54388,0.43870,0.39967,0.55000,0.43301,9.9996,0.00836,1,0.50799
23.4600,0.54387,0.43871,0.39967,0.55000,0.43301,9.9996,0.00838,1,0.50801
23.4800,0.54387,0.43872,0.39966,0.55000,0.43301,9.9996,0.00839,1,0.50802
23.5000,0.54386,0.43874,0.39966,0.55000,0.43301,9.9996,0.00840,1,0.50803
23.5200,0.54385,0.43875,0.39966,0.55000,0.43301,9.9996,0.00841,1,0.50804
23.5400,0.54385,0.43876,0.39966,0.55000,0.43301,9.9996,0.00842,1,0.50806
23.5600,0.54384,0.43877,0.39966,0.55000,0.43301,9.9996,0.00844,1,0.50807
23.5800,0.54383,0.43878,0.39966,0.55000,0.43301,9.9996,0.00845,1,0.50808
23.6000,0.54383,0.43879,0.39966,0.55000,0.43301,9.9996,0.00846,1,0.50810
23.6200,0.54382,0.43880,0.39966,0.55000,0.43301,9.9996,0.00847,1,0.50811
23.6400,0.54381,0.43881,0.39966,0.55000,0.43301,9.9996,0.00849,1,0.50812
23.6600,0.54381,0.43882,0.39966,0.55000,0.43301,9.9996,0.00850,1,0.50813
23.6800,0.54380,0.43883,0.39965,0.55000,0.43301,9.9996,0.00851,1,0.50815
23.7000,0.54379,0.43884,0.39965,0.55000,0.43301,9.9996,0.00852,1,0.50816
23.7200,0.54379,0.43885,0.39965,0.55000,0.43301,9.9996,0.00854,1,0.50817
23.7400,0.54378,0.43886,0.39965,0.55000,0.43301,9.9996,0.00855,1,0.50818
23.7600,0.54377,0.43888,0.39965,0.55000,0.43301,9.9996,0.00856,1,0.50820
23.7800,0.54377,0.43889,0.39965,0.55000,0.43301,9.9996,0.00857,1,0.50821
23.8000,0.54376,0.43890,0.39965,0.55000,0.43301,9.9996,0.00858,1,0.50822
23.8200,0.54375,0.43891,0.39965,0.55000,0.43301,9.9997,0.00860,1,0.50824
23.8400,0.54375,0.43892,0.39965,0.55000,0.43301,9.9997,0.00861,1,0.50825
23.8600,0.54374,0.43893,0.39965,0.55000,0.43301,9.9997,0.00862,1,0.50826
23.8800,0.54373,0.43894,0.39964,0.55000,0.43301,9.9997,0.00863,1,0.50827
23.9000,0.54373,0.43895,0.39964,0.55000,0.43301,9.9997,0.00865,1,0.50829
23.9200,0.54372,0.43896,0.39964,0.55000,0.43301,9.9997,0.00866,1,0.50830
23.9400,0.54371,0.43897,0.39964,0.55000,0.43301,9.9997,0.00867,1,0.50831
23.9600,0.54371,0.43898,0.39964,0.55000,0.43301,9.9997,0.00868,1,0.50832
23.9800,0.54370,0.43899,0.39964,0.55000,0.43301,9.9997,0.00870,1,0.50834
24.0000,0.54369,0.43900,0.39964,0.55000,0.43301,9.9997,0.00871,1,0.50835
24.0200,0.54369,0.43902,0.39964,0.55000,0.43301,9.9997,0.00872,1,0.50836
24.0400,0.54368,0.43903,0.39964,0.55000,0.43301,9.9997,0.00873,1,0.50837
24.0600,0.54367,0.43904,0.39964,0.55000,0.43301,9.9997,0.00874,1,0.50839
24.0800,0.54367,0.43905,0.39963,0.55000,0.43301,9.9997,0.00876,1,0.50840
24.1000,0.54366,0.43906,0.39963,0.55000,0.43301,9.9997,0.00877,1,0.50841
24.1200,0.54365,0.43907,0.39963,0.55000,0.43301,9.9997,0.00878,1,0.50842
24.1400,0.54365,0.43908,0.39963,0.55000,0.43301,9.9997,0.00879,1,0.50844
24.1600,0.54364,0.43909,0.39963,0.55000,0.43301,9.9997,0.00881,1,0.50845
24.1800,0.54363,0.43910,0.39963,0.55000,0.43301,9.9997,0.00882,1,0.50846
24.2000,0.54363,0.43911,0.39963,0.55000,0.43301,9.9997,0.00883,1,0.50848
24.2200,0.54362,0.43912,0.39963,0.55000,0.43301,9.9997,0.00884,1,0.50849
24.2400,0.54361,0.43913,0.39963,0.55000,0.43301,9.9997,0.00885,1,0.50850
24.2600,0.54361,0.43914,0.39963,0.55000,0.43301,9.9997,0.00887,1,0.50851
24.2800,0.54360,0.43915,0.39962,0.55000,0.43301,9.9997,0.00888,1,0.50853
24.3000,0.54359,0.43917,0.39962,0.55000,0.43301,9.9997,0.00889,1,0.50854
24.3200,0.54359,0.43918,0.39962,0.55000,0.43301,9.9997,0.00890,1,0.50855
24.3400,0.54358,0.43919,0.39962,0.55000,0.43301,9.9997,0.00892,1,0.50856
24.3600,0.54357,0.43920,0.39962,0.55000,0.43301,9.9997,0.00893,1,0.50858
24.3800,0.54357,0.43921,0.39962,0.55000,0.43301,9.9997,0.00894,1,0.50859
24.4000,0.54356,0.43922,0.39962,0.55000,0.43301,9.9997,0.00895,1,0.50860
24.4200,0.54355,0.43923,0.39962,0.55000,0.43301,9.9997,0.00896,1,0.50861
24.4400,0.54355,0.43924,0.39962,0.55000,0.43301,9.9997,0.00898,1,0.50863
24.4600,0.54354,0.43925,0.39962,0.55000,0.43301,9.9997,0.00899,1,0.50864
24.4800,0.54353,0.43926,0.39961,0.55000,0.43301,9.9997,0.00900,1,0.50865
24.5000,0.54353,0.43927,0.39961,0.55000,0.43301,9.9997,0.00901,1,0.50866
24.5200,0.54352,0.43928,0.39961,0.55000,0.43301,9.9997,0.00902,1,0.50868
24.5400,0.54351,0.43929,0.39961,0.55000,0.43301,9.9997,0.00904,1,0.50869
24.5600,0.54351,0.43930,0.39961,0.55000,0.43301,9.9997,0.00905,1,0.50870
24.5800,0.54350,0.43931,0.39961,0.55000,0.43301,9.9997,0.00906,1,0.50871
24.6000,0.54349,0.43933,0.39961,0.55000,0.43301,9.9997,0.00907,1,0.50873
24.6200,0.54349,0.43934,0.39961,0.55000,0.43301,9.9997,0.00909,1,0.50874
24.6400,0.54348,0.43935,0.39961,0.55000,0.43301,9.9997,0.00910,1,0.50875
24.6600,0.54347,0.43936,0.39961,0.55000,0.43301,9.9997,0.00911,1,0.50876
24.6800,0.54347,0.43937,0.39960,0.55000,0.43301,9.9997,0.00912,1,0.50878
24.7000,0.54346,0.43938,0.39960,0.55000,0.43301,9.9997,0.00913,1,0.50879
24.7200,0.54345,0.43939,0.39960,0.55000,0.43301,9.9997,0.00915,1,0.50880
24.7400,0.54345,0.43940,0.39960,0.55000,0.43301,9.9997,0.00916,1,0.50881
24.7600,0.54344,0.43941,0.39960,0.55000,0.43301,9.9997,0.00917,1,0.50883
24.7800,0.54344,0.43942,0.39960,0.55000,0.43301,9.9997,0.00918,1,0.50884
24.8000,0.54343,0.43943,0.39960,0.55000,0.43301,9.9997,0.00919,1,0.50885
24.8200,0.54342,0.43944,0.39960,0.55000,0.43301,9.9997,0.00921,1,0.50886
24.8400,0.54342,0.43945,0.39960,0.55000,0.43301,9.9997,0.00922,1,0.50888
24.8600,0.54341,0.43946,0.39959,0.55000,0.43301,9.9997,0.00923,1,0.50889
24.8800,0.54340,0.43947,0.39959,0.55000,0.43301,9.9997,0.00924,1,0.50890
24.9000,0.54340,0.43948,0.39959,0.55000,0.43301,9.9997,0.00926,1,0.50891
24.9200,0.54339,0.43949,0.39959,0.55000,0.43301,9.9997,0.00927,1,0.50892
24.9400,0.54338,0.43951,0.39959,0.55000,0.43301,9.9997,0.00928,1,0.50894
24.9600,0.54338,0.43952,0.39959,0.55000,0.43301,9.9997,0.00929,1,0.50895
24.9800,0.54337,0.43953,0.39959,0.55000,0.43301,9.9997,0.00930,1,0.50896
25.0000,0.54336,0.43954,0.39959,0.55000,0.43301,9.9997,0.00932,1,0.50897
25.0200,0.54336,0.43955,0.39959,0.55000,0.43301,9.9997,0.00933,1,0.50899
25.0400,0.54335,0.43956,0.39959,0.55000,0.43301,9.9997,0.00934,1,0.50900
25.0600,0.54334,0.43957,0.39958,0.55000,0.43301,9.9997,0.00935,1,0.50901
25.0800,0.54334,0.43958,0.39958,0.55000,0.43301,9.9997,0.00936,1,0.50902
25.1000,0.54333,0.43959,0.39958,0.55000,0.43301,9.9997,0.00938,1,0.50904
25.1200,0.54332,0.43960,0.39958,0.55000,0.43301,9.9997,0.00939,1,0.50905
25.1400,0.54332,0.43961,0.39958,0.55000,0.43301,9.9997,0.00940,1,0.50906
25.1600,0.54331,0.43962,0.39958,0.55000,0.43301,9.9997,0.00941,1,0.50907
25.1800,0.54331,0.43963,0.39958,0.55000,0.43301,9.9997,0.00942,1,0.50909
25.2000,0.54330,0.43964,0.39958,0.55000,0.43301,9.9997,0.00944,1,0.50910
25.2200,0.54329,0.43965,0.39958,0.55000,0.43301,9.9997,0.00945,1,0.50911
25.2400,0.54329,0.43966,0.39957,0.55000,0.43301,9.9997,0.00946,1,0.50912
25.2600,0.54328,0.43967,0.39957,0.55000,0.43301,9.9997,0.00947,1,0.50914
25.2800,0.54327,0.43968,0.39957,0.55000,0.43301,9.9997,0.00948,1,0.50915
25.3000,0.54327,0.43969,0.39957,0.55000,0.43301,9.9997,0.00950,1,0.50916
25.3200,0.54326,0.43971,0.39957,0.55000,0.43301,9.9997,0.00951,1,0.50917
25.3400,0.54325,0.43972,0.39957,0.55000,0.43301,9.9997,0.00952,1,0.50918
25.3600,0.54325,0.43973,0.39957,0.55000,0.43301,9.9997,0.00953,1,0.50920
25.3800,0.54324,0.43974,0.39957,0.55000,0.43301,9.9997,0.00954,1,0.50921
25.4000,0.54323,0.43975,0.39957,0.55000,0.43301,9.9997,0.00956,1,0.50922
25.4200,0.54323,0.43976,0.39957,0.55000,0.43301,9.9997,0.00957,1,0.50923
25.4400,0.54322,0.43977,0.39956,0.55000,0.43301,9.9997,0.00958,1,0.50925
25.4600,0.54321,0.43978,0.39956,0.55000,0.43301,9.9997,0.00959,1,0.50926
25.4800,0.54321,0.43979,0.39956,0.55000,0.43301,9.9997,0.00960,1,0.50927
25.5000,0.54320,0.43980,0.39956,0.55000,0.43301,9.9997,0.00962,1,0.50928
25.5200,0.54320,0.43981,0.39956,0.55000,0.43301,9.9997,0.00963,1,0.50929
25.5400,0.54319,0.43982,0.39956,0.55000,0.43301,9.9997,0.00964,1,0.50931
25.5600,0.54318,0.43983,0.39956,0.55000,0.43301,9.9997,0.00965,1,0.50932
25.5800,0.54318,0.43984,0.39956,0.55000,0.43301,9.9997,0.00966,1,0.50933
25.6000,0.54317,0.43985,0.39956,0.55000,0.43301,9.9997,0.00968,1,0.50934
25.6200,0.54316,0.43986,0.39955,0.55000,0.43301,9.9997,0.00969,1,0.50936
25.6400,0.54316,0.43987,0.39955,0.55000,0.43301,9.9997,0.00970,1,0.50937
25.6600,0.54315,0.43988,0.39955,0.55000,0.43301,9.9997,0.00971,1,0.50938
25.6800,0.54314,0.43989,0.39955,0.55000,0.43301,9.9997,0.00972,1,0.50939
25.7000,0.54314,0.43990,0.39955,0.55000,0.43301,9.9997,0.00974,1,0.50941
25.7200,0.54313,0.43991,0.39955,0.55000,0.43301,9.9997,0.00975,1,0.50942
25.7400,0.54312,0.43992,0.39955,0.55000,0.43301,9.9997,0.00976,1,0.50943
25.7600,0.54312,0.43993,0.39955,0.55000,0.43301,9.9997,0.00977,1,0.50944
25.7800,0.54311,0.43995,0.39955,0.55000,0.43301,9.9997,0.00978,1,0.50945
25.8000,0.54311,0.43996,0.39955,0.55000,0.43301,9.9997,0.00979,1,0.50947
25.8200,0.54310,0.43997,0.39954,0.55000,0.43301,9.9997,0.00981,1,0.50948
25.8400,0.54309,0.43998,0.39954,0.55000,0.43301,9.9997,0.00982,1,0.50949
25.8600,0.54309,0.43999,0.39954,0.55000,0.43301,9.9997,0.00983,1,0.50950
25.8800,0.54308,0.44000,0.39954,0.55000,0.43301,9.9997,0.00984,1,0.50951
25.9000,0.54307,0.44001,0.39954,0.55000,0.43301,9.9997,0.00985,1,0.50953
25.9200,0.54307,0.44002,0.39954,0.55000,0.43301,9.9997,0.00987,1,0.50954
25.9400,0.54306,0.44003,0.39954,0.55000,0.43301,9.9997,0.00988,1,0.50955
25.9600,0.54305,0.44004,0.39954,0.55000,0.43301,9.9997,0.00989,1,0.50956
25.9800,0.54305,0.44005,0.39954,0.55000,0.43301,9.9997,0.00990,1,0.50958
26.0000,0.54304,0.44006,0.39953,0.55000,0.43301,9.9997,0.00991,1,0.50959
26.0200,0.54304,0.44007,0.39953,0.55000,0.43301,9.9997,0.00993,1,0.50960
26.0400,0.54303,0.44008,0.39953,0.55000,0.43301,9.9997,0.00994,1,0.50961
26.0600,0.54302,0.44009,0.39953,0.55000,0.43301,9.9997,0.00995,1,0.50962
26.0800,0.54302,0.44010,0.39953,0.55000,0.43301,9.9997,0.00996,1,0.50964
26.1000,0.54301,0.44011,0.39953,0.55000,0.43301,9.9997,0.00997,1,0.50965
26.1200,0.54300,0.44012,0.39953,0.55000,0.43301,9.9997,0.00998,1,0.50966
26.1400,0.54300,0.44013,0.39953,0.55000,0.43301,9.9997,0.01000,1,0.50967
26.1600,0.54299,0.44014,0.39953,0.55000,0.43301,9.9997,0.01001,1,0.50968
26.1800,0.54298,0.44015,0.39953,0.55000,0.43301,9.9997,0.01002,1,0.50970
26.2000,0.54298,0.44016,0.39952,0.55000,0.43301,9.9997,0.01003,1,0.50971
26.2200,0.54297,0.44017,0.39952,0.55000,0.43301,9.9997,0.01004,1,0.50972
26.2400,0.54297,0.44018,0.39952,0.55000,0.43301,9.9997,0.01006,1,0.50973
26.2600,0.54296,0.44019,0.39952,0.55000,0.43301,9.9997,0.01007,1,0.50975
26.2800,0.54295,0.44020,0.39952,0.55000,0.43301,9.9997,0.01008,1,0.50976
26.3000,0.54295,0.44021,0.39952,0.55000,0.43301,9.9997,0.01009,1,0.50977
26.3200,0.54294,0.44022,0.39952,0.55000,0.43301,9.9997,0.01010,1,0.50978
26.3400,0.54293,0.44023,0.39952,0.55000,0.43301,9.9997,0.01011,1,0.50979
26.3600,0.54293,0.44024,0.39952,0.55000,0.43301,9.9997,0.01013,1,0.50981
26.3800,0.54292,0.44025,0.39951,0.55000,0.43301,9.9997,0.01014,1,0.50982
26.4000,0.54292,0.44027,0.39951,0.55000,0.43301,9.9997,0.01015,1,0.50983
26.4200,0.54291,0.44028,0.39951,0.55000,0.43301,9.9997,0.01016,1,0.50984
26.4400,0.54290,0.44029,0.39951,0.55000,0.43301,9.9997,0.01017,1,0.50985
26.4600,0.54290,0.44030,0.39951,0.55000,0.43301,9.9997,0.01019,1,0.50987
26.4800,0.54289,0.44031,0.39951,0.55000,0.43301,9.9997,0.01020,1,0.50988
26.5000,0.54288,0.44032,0.39951,0.55000,0.43301,9.9997,0.01021,1,0.50989
26.5200,0.54288,0.44033,0.39951,0.55000,0.43301,9.9997,0.01022,1,0.50990
26.5400,0.54287,0.44034,0.39951,0.55000,0.43301,9.9997,0.01023,1,0.50991
26.5600,0.54287,0.44035,0.39950,0.55000,0.43301,9.9997,0.01024,1,0.50993
26.5800,0.54286,0.44036,0.39950,0.55000,0.43301,9.9997,0.01026,1,0.50994
26.6000,0.54285,0.44037,0.39950,0.55000,0.43301,9.9997,0.01027,1,0.50995
26.6200,0.54285,0.44038,0.39950,0.55000,0.43301,9.9997,0.01028,1,0.50996
26.6400,0.54284,0.44039,0.39950,0.55000,0.43301,9.9997,0.01029,1,0.50997
26.6600,0.54283,0.44040,0.39950,0.55000,0.43301,9.9997,0.01030,1,0.50999
26.6800,0.54283,0.44041,0.39950,0.55000,0.43301,9.9997,0.01031,1,0.51000
26.7000,0.54282,0.44042,0.39950,0.55000,0.43301,9.9997,0.01033,1,0.51001
26.7200,0.54282,0.44043,0.39950,0.55000,0.43301,9.9997,0.01034,1,0.51002
26.7400,0.54281,0.44044,0.39949,0.55000,0.43301,9.9997,0.01035,1,0.51003
26.7600,0.54280,0.44045,0.39949,0.55000,0.43301,9.9997,0.01036,1,0.51005
26.7800,0.54280,0.44046,0.39949,0.55000,0.43301,9.9997,0.01037,1,0.51006
26.8000,0.54279,0.44047,0.39949,0.55000,0.43301,9.9997,0.01038,1,0.51007
26.8200,0.54278,0.44048,0.39949,0.55000,0.43301,9.9997,0.01040,1,0.51008
26.8400,0.54278,0.44049,0.39949,0.55000,0.43301,9.9997,0.01041,1,0.51009
26.8600,0.54277,0.44050,0.39949,0.55000,0.43301,9.9997,0.01042,1,0.51011
26.8800,0.54277,0.44051,0.39949,0.55000,0.43301,9.9997,0.01043,1,0.51012
26.9000,0.54276,0.44052,0.39949,0.55000,0.43301,9.9997,0.01044,1,0.51013
26.9200,0.54275,0.44053,0.39948,0.55000,0.43301,9.9997,0.01045,1,0.51014
26.9400,0.54275,0.44054,0.39948,0.55000,0.43301,9.9997,0.01047,1,0.51015
26.9600,0.54274,0.44055,0.39948,0.55000,0.43301,9.9997,0.01048,1,0.51016
26.9800,0.54273,0.44056,0.39948,0.55000,0.43301,9.9997,0.01049,1,0.51018
27.0000,0.54273,0.44057,0.39948,0.55000,0.43301,9.9997,0.01050,1,0.51019
27.0200,0.54272,0.44058,0.39948,0.55000,0.43301,9.9997,0.01051,1,0.51020
27.0400,0.54272,0.44059,0.39948,0.55000,0.43301,9.9997,0.01052,1,0.51021
27.0600,0.54271,0.44060,0.39948,0.55000,0.43301,9.9997,0.01054,1,0.51022
27.0800,0.54270,0.44061,0.39948,0.55000,0.43301,9.9997,0.01055,1,0.51024
27.1000,0.54270,0.44062,0.39948,0.55000,0.43301,9.9997,0.01056,1,0.51025
27.1200,0.54269,0.44063,0.39947,0.55000,0.43301,9.9997,0.01057,1,0.51026
27.1400,0.54268,0.44064,0.39947,0.55000,0.43301,9.9997,0.01058,1,0.51027
27.1600,0.54268,0.44065,0.39947,0.55000,0.43301,9.9997,0.01059,1,0.51028
27.1800,0.54267,0.44066,0.39947,0.55000,0.43301,9.9997,0.01061,1,0.51030
27.2000,0.54267,0.44067,0.39947,0.55000,0.43301,9.9997,0.01062,1,0.51031
27.2200,0.54266,0.44068,0.39947,0.55000,0.43301,9.9997,0.01063,1,0.51032
27.2400,0.54265,0.44069,0.39947,0.55000,0.43301,9.9997,0.01064,1,0.51033
27.2600,0.54265,0.44070,0.39947,0.55000,0.43301,9.9997,0.01065,1,0.51034
27.2800,0.54264,0.44071,0.39947,0.55000,0.43301,9.9997,0.01066,1,0.51035
27.3000,0.54264,0.44072,0.39946,0.55000,0.43301,9.9998,0.01068,1,0.51037
27.3200,0.54263,0.44073,0.39946,0.55000,0.43301,9.9998,0.01069,1,0.51038
27.3400,0.54262,0.44074,0.39946,0.55000,0.43301,9.9998,0.01070,1,0.51039
27.3600,0.54262,0.44075,0.39946,0.55000,0.43301,9.9998,0.01071,1,0.51040
27.3800,0.54261,0.44076,0.39946,0.55000,0.43301,9.9998,0.01072,1,0.51041
27.4000,0.54260,0.44077,0.39946,0.55000,0.43301,9.9998,0.01073,1,0.51042
27.4200,0.54260,0.44078,0.39946,0.55000,0.43301,9.9998,0.01075,1,0.51044
27.4400,0.54259,0.44079,0.39946,0.55000,0.43301,9.9998,0.01076,1,0.51045
27.4600,0.54259,0.44080,0.39946,0.55000,0.43301,9.9998,0.01077,1,0.51046
27.4800,0.54258,0.44081,0.39945,0.55000,0.43301,9.9998,0.01078,1,0.51047
27.5000,0.54257,0.44082,0.39945,0.55000,0.43301,9.9998,0.01079,1,0.51048
27.5200,0.54257,0.44083,0.39945,0.55000,0.43301,9.9998,0.01080,1,0.51050
27.5400,0.54256,0.44084,0.39945,0.55000,0.43301,9.9998,0.01081,1,0.51051
27.5600,0.54256,0.44085,0.39945,0.55000,0.43301,9.9998,0.01083,1,0.51052
27.5800,0.54255,0.44086,0.39945,0.55000,0.43301,9.9998,0.01084,1,0.51053
27.6000,0.54254,0.44087,0.39945,0.55000,0.43301,9.9998,0.01085,1,0.51054
27.6200,0.54254,0.44088,0.39945,0.55000,0.43301,9.9998,0.01086,1,0.51055
27.6400,0.54253,0.44089,0.39945,0.55000,0.43301,9.9998,0.01087,1,0.51057
27.6600,0.54253,0.44090,0.39944,0.55000,0.43301,9.9998,0.01088,1,0.51058
27.6800,0.54252,0.44091,0.39944,0.55000,0.43301,9.9998,0.01089,1,0.51059
27.7000,0.54251,0.44092,0.39944,0.55000,0.43301,9.9998,0.01091,1,0.51060
27.7200,0.54251,0.44093,0.39944,0.55000,0.43301,9.9998,0.01092,1,0.51061
27.7400,0.54250,0.44094,0.39944,0.55000,0.43301,9.9998,0.01093,1,0.51062
27.7600,0.54249,0.44095,0.39944,0.55000,0.43301,9.9998,0.01094,1,0.51064
27.7800,0.54249,0.44096,0.39944,0.55000,0.43301,9.9998,0.01095,1,0.51065
27.8000,0.54248,0.44097,0.39944,0.55000,0.43301,9.9998,0.01096,1,0.51066
27.8200,0.54248,0.44098,0.39944,0.55000,0.43301,9.9998,0.01098,1,0.51067
27.8400,0.54247,0.44099,0.39943,0.55000,0.43301,9.9998,0.01099,1,0.51068
27.8600,0.54246,0.44100,0.39943,0.55000,0.43301,9.9998,0.01100,1,0.51069
27.8800,0.54246,0.44101,0.39943,0.55000,0.43301,9.9998,0.01101,1,0.51071
27.9000,0.54245,0.44102,0.39943,0.55000,0.43301,9.9998,0.01102,1,0.51072
27.9200,0.54245,0.44103,0.39943,0.55000,0.43301,9.9998,0.01103,1,0.51073
27.9400,0.54244,0.44104,0.39943,0.55000,0.43301,9.9998,0.01104,1,0.51074
27.9600,0.54243,0.44105,0.39943,0.55000,0.43301,9.9998,0.01106,1,0.51075
27.9800,0.54243,0.44106,0.39943,0.55000,0.43301,9.9998,0.01107,1,0.51076
28.0000,0.54242,0.44107,0.39943,0.55000,0.43301,9.9998,0.01108,1,0.51078
28.0200,0.54242,0.44108,0.39942,0.55000,0.43301,9.9998,0.01109,1,0.51079
28.0400,0.54241,0.44109,0.39942,0.55000,0.43301,9.9998,0.01110,1,0.51080
28.0600,0.54240,0.44110,0.39942,0.55000,0.43301,9.9998,0.01111,1,0.51081
28.0800,0.54240,0.44111,0.39942,0.55000,0.43301,9.9998,0.01112,1,0.51082
28.1000,0.54239,0.44112,0.39942,0.55000,0.43301,9.9998,0.01113,1,0.51083
28.1200,0.54239,0.44113,0.39942,0.55000,0.43301,9.9998,0.01115,1,0.51085
28.1400,0.54238,0.44114,0.39942,0.55000,0.43301,9.9998,0.01116,1,0.51086
28.1600,0.54237,0.44115,0.39942,0.55000,0.43301,9.9998,0.01117,1,0.51087
28.1800,0.54237,0.44116,0.39942,0.55000,0.43301,9.9998,0.01118,1,0.51088
28.2000,0.54236,0.44117,0.39941,0.55000,0.43301,9.9998,0.01119,1,0.51089
28.2200,0.54236,0.44118,0.39941,0.55000,0.43301,9.9998,0.01120,1,0.51090
28.2400,0.54235,0.44119,0.39941,0.55000,0.43301,9.9998,0.01121,1,0.51091
28.2600,0.54234,0.44120,0.39941,0.55000,0.43301,9.9998,0.01123,1,0.51093
28.2800,0.54234,0.44121,0.39941,0.55000,0.43301,9.9998,0.01124,1,0.51094
28.3000,0.54233,0.44122,0.39941,0.55000,0.43301,9.9998,0.01125,1,0.51095
28.3200,0.54233,0.44123,0.39941,0.55000,0.43301,9.9998,0.01126,1,0.51096
28.3400,0.54232,0.44124,0.39941,0.55000,0.43301,9.9998,0.01127,1,0.51097
28.3600,0.54231,0.44125,0.39941,0.55000,0.43301,9.9998,0.01128,1,0.51098
28.3800,0.54231,0.44126,0.39940,0.55000,0.43301,9.9998,0.01129,1,0.51100
28.4000,0.54230,0.44127,0.39940,0.55000,0.43301,9.9998,0.01131,1,0.51101
28.4200,0.54230,0.44128,0.39940,0.55000,0.43301,9.9998,0.01132,1,0.51102
28.4400,0.54229,0.44129,0.39940,0.55000,0.43301,9.9998,0.01133,1,0.51103
28.4600,0.54228,0.44130,0.39940,0.55000,0.43301,9.9998,0.01134,1,0.51104
28.4800,0.54228,0.44131,0.39940,0.55000,0.43301,9.9998,0.01135,1,0.51105
28.5000,0.54227,0.44132,0.39940,0.55000,0.43301,9.9998,0.01136,1,0.51106
28.5200,0.54227,0.44133,0.39940,0.55000,0.43301,9.9998,0.01137,1,0.51108
28.5400,0.54226,0.44134,0.39940,0.55000,0.43301,9.9998,0.01138,1,0.51109
28.5600,0.54225,0.44135,0.39939,0.55000,0.43301,9.9998,0.01140,1,0.51110
28.5800,0.54225,0.44136,0.39939,0.55000,0.43301,9.9998,0.01141,1,0.51111
28.6000,0.54224,0.44137,0.39939,0.55000,0.43301,9.9998,0.01142,1,0.51112
28.6200,0.54224,0.44138,0.39939,0.55000,0.43301,9.9998,0.01143,1,0.51113
28.6400,0.54223,0.44139,0.39939,0.55000,0.43301,9.9998,0.01144,1,0.51114
28.6600,0.54222,0.44140,0.39939,0.55000,0.43301,9.9998,0.01145,1,0.51116
28.6800,0.54222,0.44141,0.39939,0.55000,0.43301,9.9998,0.01146,1,0.51117
28.7000,0.54221,0.44142,0.39939,0.55000,0.43301,9.9998,0.01147,1,0.51118
28.7200,0.54221,0.44143,0.39939,0.55000,0.43301,9.9998,0.01149,1,0.51119
28.7400,0.54220,0.44144,0.39938,0.55000,0.43301,9.9998,0.01150,1,0.51120
28.7600,0.54220,0.44145,0.39938,0.55000,0.43301,9.9998,0.01151,1,0.51121
28.7800,0.54219,0.44146,0.39938,0.55000,0.43301,9.9998,0.01152,1,0.51122
28.8000,0.54218,0.44147,0.39938,0.55000,0.43301,9.9998,0.01153,1,0.51124
28.8200,0.54218,0.44148,0.39938,0.55000,0.43301,9.9998,0.01154,1,0.51125
28.8400,0.54217,0.44149,0.39938,0.55000,0.43301,9.9998,0.01155,1,0.51126
28.8600,0.54217,0.44150,0.39938,0.55000,0.43301,9.9998,0.01156,1,0.51127
28.8800,0.54216,0.44151,0.39938,0.55000,0.43301,9.9998,0.01158,1,0.51128
28.9000,0.54215,0.44152,0.39937,0.55000,0.43301,9.9998,0.01159,1,0.51129
28.9200,0.54215,0.44152,0.39937,0.55000,0.43301,9.9998,0.01160,1,0.51130
28.9400,0.54214,0.44153,0.39937,0.55000,0.43301,9.9998,0.01161,1,0.51132
28.9600,0.54214,0.44154,0.39937,0.55000,0.43301,9.9998,0.01162,1,0.51133
28.9800,0.54213,0.44155,0.39937,0.55000,0.43301,9.9998,0.01163,1,0.51134
29.0000,0.54212,0.44156,0.39937,0.55000,0.43301,9.9998,0.01164,1,0.51135
29.0200,0.54212,0.44157,0.39937,0.55000,0.43301,9.9998,0.01165,1,0.51136
29.0400,0.54211,0.44158,0.39937,0.55000,0.43301,9.9998,0.01166,1,0.51137
29.0600,0.54211,0.44159,0.39937,0.55000,0.43301,9.9998,0.01168,1,0.51138
29.0800,0.54210,0.44160,0.39936,0.55000,0.43301,9.9998,0.01169,1,0.51140
29.1000,0.54210,0.44161,0.39936,0.55000,0.43301,9.9998,0.01170,1,0.51141
29.1200,0.54209,0.44162,0.39936,0.55000,0.43301,9.9998,0.01171,1,0.51142
29.1400,0.54208,0.44163,0.39936,0.55000,0.43301,9.9998,0.01172,1,0.51143
29.1600,0.54208,0.44164,0.39936,0.55000,0.43301,9.9998,0.01173,1,0.51144
29.1800,0.54207,0.44165,0.39936,0.55000,0.43301,9.9998,0.01174,1,0.51145
29.2000,0.54207,0.44166,0.39936,0.55000,0.43301,9.9998,0.01175,1,0.51146
29.2200,0.54206,0.44167,0.39936,0.55000,0.43301,9.9998,0.01176,1,0.51147
29.2400,0.54205,0.44168,0.39936,0.55000,0.43301,9.9998,0.01178,1,0.51149
29.2600,0.54205,0.44169,0.39935,0.55000,0.43301,9.9998,0.01179,1,0.51150
29.2800,0.54204,0.44170,0.39935,0.55000,0.43301,9.9998,0.01180,1,0.51151
29.3000,0.54204,0.44171,0.39935,0.55000,0.43301,9.9998,0.01181,1,0.51152
29.3200,0.54203,0.44172,0.39935,0.55000,0.43301,9.9998,0.01182,1,0.51153
29.3400,0.54203,0.44173,0.39935,0.55000,0.43301,9.9998,0.01183,1,0.51154
29.3600,0.54202,0.44174,0.39935,0.55000,0.43301,9.9998,0.01184,1,0.51155
29.3800,0.54201,0.44175,0.39935,0.55000,0.43301,9.9998,0.01185,1,0.51156
29.4000,0.54201,0.44176,0.39935,0.55000,0.43301,9.9998,0.01186,1,0.51158
29.4200,0.54200,0.44177,0.39935,0.55000,0.43301,9.9998,0.01188,1,0.51159
29.4400,0.54200,0.44178,0.39934,0.55000,0.43301,9.9998,0.01189,1,0.51160
29.4600,0.54199,0.44179,0.39934,0.55000,0.43301,9.9998,0.01190,1,0.51161
29.4800,0.54198,0.44180,0.39934,0.55000,0.43301,9.9998,0.01191,1,0.51162
29.5000,0.54198,0.44181,0.39934,0.55000,0.43301,9.9998,0.01192,1,0.51163
29.5200,0.54197,0.44181,0.39934,0.55000,0.43301,9.9998,0.01193,1,0.51164
29.5400,0.54197,0.44182,0.39934,0.55000,0.43301,9.9998,0.01194,1,0.51165
29.5600,0.54196,0.44183,0.39934,0.55000,0.43301,9.9998,0.01195,1,0.51167
29.5800,0.54196,0.44184,0.39934,0.55000,0.43301,9.9998,0.01196,1,0.51168
29.6000,0.54195,0.44185,0.39934,0.55000,0.43301,9.9998,0.01197,1,0.51169
29.6200,0.54194,0.44186,0.39933,0.55000,0.43301,9.9998,0.01199,1,0.51170
29.6400,0.54194,0.44187,0.39933,0.55000,0.43301,9.9998,0.01200,1,0.51171
29.6600,0.54193,0.44188,0.39933,0.55000,0.43301,9.9998,0.01201,1,0.51172
29.6800,0.54193,0.44189,0.39933,0.55000,0.43301,9.9998,0.01202,1,0.51173
29.7000,0.54192,0.44190,0.39933,0.55000,0.43301,9.9998,0.01203,1,0.51174
29.7200,0.54192,0.44191,0.39933,0.55000,0.43301,9.9998,0.01204,1,0.51175
29.7400,0.54191,0.44192,0.39933,0.55000,0.43301,9.9998,0.01205,1,0.51177
29.7600,0.54190,0.44193,0.39933,0.55000,0.43301,9.9998,0.01206,1,0.51178
29.7800,0.54190,0.44194,0.39932,0.55000,0.43301,9.9998,0.01207,1,0.51179
29.8000,0.54189,0.44195,0.39932,0.55000,0.43301,9.9998,0.01208,1,0.51180
29.8200,0.54189,0.44196,0.39932,0.55000,0.43301,9.9998,0.01210,1,0.51181
29.8400,0.54188,0.44197,0.39932,0.55000,0.43301,9.9998,0.01211,1,0.51182
29.8600,0.54188,0.44198,0.39932,0.55000,0.43301,9.9998,0.01212,1,0.51183
29.8800,0.54187,0.44199,0.39932,0.55000,0.43301,9.9998,0.01213,1,0.51184
29.9000,0.54186,0.44200,0.39932,0.55000,0.43301,9.9998,0.01214,1,0.51185
29.9200,0.54186,0.44201,0.39932,0.55000,0.43301,9.9998,0.01215,1,0.51187
29.9400,0.54185,0.44201,0.39932,0.55000,0.43301,9.9998,0.01216,1,0.51188
29.9600,0.54185,0.44202,0.39931,0.55000,0.43301,9.9998,0.01217,1,0.51189
29.9800,0.54184,0.44203,0.39931,0.55000,0.43301,9.9998,0.01218,1,0.51190
30.0000,0.54184,0.44204,0.39931,0.55000,0.43301,9.9998,0.01219,1,0.51191
30.0200,0.54183,0.44205,0.39931,0.55000,0.43301,9.9998,0.01220,1,0.51192
30.0400,0.54182,0.44206,0.39931,0.55000,0.43301,9.9998,0.01222,1,0.51193
30.0600,0.54182,0.44207,0.39931,0.55000,0.43301,9.9998,0.01223,1,0.51194
30.0800,0.54181,0.44208,0.39931,0.55000,0.43301,9.9998,0.01224,1,0.51195
30.1000,0.54181,0.44209,0.39931,0.55000,0.43301,9.9998,0.01225,1,0.51197
30.1200,0.54180,0.44210,0.39931,0.55000,0.43301,9.9998,0.01226,1,0.51198
30.1400,0.54180,0.44211,0.39930,0.55000,0.43301,9.9998,0.01227,1,0.51199
30.1600,0.54179,0.44212,0.39930,0.55000,0.43301,9.9998,0.01228,1,0.51200
30.1800,0.54178,0.44213,0.39930,0.55000,0.43301,9.9998,0.01229,1,0.51201
30.2000,0.54178,0.44214,0.39930,0.55000,0.43301,9.9998,0.01230,1,0.51202
30.2200,0.54177,0.44215,0.39930,0.55000,0.43301,9.9998,0.01231,1,0.51203
30.2400,0.54177,0.44216,0.39930,0.55000,0.43301,9.9998,0.01232,1,0.51204
30.2600,0.54176,0.44217,0.39930,0.55000,0.43301,9.9998,0.01234,1,0.51205
30.2800,0.54176,0.44218,0.39930,0.55000,0.43301,9.9998,0.01235,1,0.51206
30.3000,0.54175,0.44219,0.39930,0.55000,0.43301,9.9998,0.01236,1,0.51208
30.3200,0.54174,0.44219,0.39929,0.55000,0.43301,9.9998,0.01237,1,0.51209
30.3400,0.54174,0.44220,0.39929,0.55000,0.43301,9.9998,0.01238,1,0.51210
30.3600,0.54173,0.44221,0.39929,0.55000,0.43301,9.9998,0.01239,1,0.51211
30.3800,0.54173,0.44222,0.39929,0.55000,0.43301,9.9998,0.01240,1,0.51212
30.4000,0.54172,0.44223,0.39929,0.55000,0.43301,9.9998,0.01241,1,0.51213
30.4200,0.54172,0.44224,0.39929,0.55000,0.43301,9.9998,0.01242,1,0.51214
30.4400,0.54171,0.44225,0.39929,0.55000,0.43301,9.9998,0.01243,1,0.51215
30.4600,0.54170,0.44226,0.39929,0.55000,0.43301,9.9998,0.01244,1,0.51216
30.4800,0.54170,0.44227,0.39928,0.55000,0.43301,9.9998,0.01245,1,0.51217
30.5000,0.54169,0.44228,0.39928,0.55000,0.43301,9.9998,0.01246,1,0.51218
30.5200,0.54169,0.44229,0.39928,0.55000,0.43301,9.9998,0.01248,1,0.51220
30.5400,0.54168,0.44230,0.39928,0.55000,0.43301,9.9998,0.01249,1,0.51221
30.5600,0.54168,0.44231,0.39928,0.55000,0.43301,9.9998,0.01250,1,0.51222
30.5800,0.54167,0.44232,0.39928,0.55000,0.43301,9.9999,0.01251,1,0.51223
30.6000,0.54167,0.44233,0.39928,0.55000,0.43301,9.9999,0.01252,1,0.51224
30.6200,0.54166,0.44233,0.39928,0.55000,0.43301,9.9999,0.01253,1,0.51225
30.6400,0.54165,0.44234,0.39928,0.55000,0.43301,9.9999,0.01254,1,0.51226
30.6600,0.54165,0.44235,0.39927,0.55000,0.43301,9.9999,0.01255,1,0.51227
30.6800,0.54164,0.44236,0.39927,0.55000,0.43301,9.9999,0.01256,1,0.51228
30.7000,0.54164,0.44237,0.39927,0.55000,0.43301,9.9999,0.01257,1,0.51229
30.7200,0.54163,0.44238,0.39927,0.55000,0.43301,9.9999,0.01258,1,0.51230
30.7400,0.54163,0.44239,0.39927,0.55000,0.43301,9.9999,0.01259,1,0.51232
30.7600,0.54162,0.44240,0.39927,0.55000,0.43301,9.9999,0.01260,1,0.51233
30.7800,0.54162,0.44241,0.39927,0.55000,0.43301,9.9999,0.01262,1,0.51234
30.8000,0.54161,0.44242,0.39927,0.55000,0.43301,9.9999,0.01263,1,0.51235
30.8200,0.54160,0.44243,0.39927,0.55000,0.43301,9.9999,0.01264,1,0.51236
30.8400,0.54160,0.44244,0.39926,0.55000,0.43301,9.9999,0.01265,1,0.51237
30.8600,0.54159,0.44245,0.39926,0.55000,0.43301,9.9999,0.01266,1,0.51238
30.8800,0.54159,0.44246,0.39926,0.55000,0.43301,9.9999,0.01267,1,0.51239
30.9000,0.54158,0.44247,0.39926,0.55000,0.43301,9.9999,0.01268,1,0.51240
30.9200,0.54158,0.44247,0.39926,0.55000,0.43301,9.9999,0.01269,1,0.51241
30.9400,0.54157,0.44248,0.39926,0.55000,0.43301,9.9999,0.01270,1,0.51242
30.9600,0.54157,0.44249,0.39926,0.55000,0.43301,9.9999,0.01271,1,0.51243
30.9800,0.54156,0.44250,0.39926,0.55000,0.43301,9.9999,0.01272,1,0.51245
31.0000,0.54155,0.44251,0.39925,0.55000,0.43301,9.9999,0.01273,1,0.51246
31.0200,0.54155,0.44252,0.39925,0.55000,0.43301,9.9999,0.01274,1,0.51247
31.0400,0.54154,0.44253,0.39925,0.55000,0.43301,9.9999,0.01275,1,0.51248
31.0600,0.54154,0.44254,0.39925,0.55000,0.43301,9.9999,0.01276,1,0.51249
31.0800,0.54153,0.44255,0.39925,0.55000,0.43301,9.9999,0.01277,1,0.51250
31.1000,0.54153,0.44256,0.39925,0.55000,0.43301,9.9999,0.01279,1,0.51251
31.1200,0.54152,0.44257,0.39925,0.55000,0.43301,9.9999,0.01280,1,0.51252
31.1400,0.54152,0.44258,0.39925,0.55000,0.43301,9.9999,0.01281,1,0.51253
31.1600,0.54151,0.44259,0.39925,0.55000,0.43301,9.9999,0.01282,1,0.51254
31.1800,0.54150,0.44259,0.39924,0.55000,0.43301,9.9999,0.01283,1,0.51255
31.2000,0.54150,0.44260,0.39924,0.55000,0.43301,9.9999,0.01284,1,0.51256
31.2200,0.54149,0.44261,0.39924,0.55000,0.43301,9.9999,0.01285,1,0.51257
31.2400,0.54149,0.44262,0.39924,0.55000,0.43301,9.9999,0.01286,1,0.51258
31.2600,0.54148,0.44263,0.39924,0.55000,0.43301,9.9999,0.01287,1,0.51260
31.2800,0.54148,0.44264,0.39924,0.55000,0.43301,9.9999,0.01288,1,0.51261
31.3000,0.54147,0.44265,0.39924,0.55000,0.43301,9.9999,0.01289,1,0.51262
31.3200,0.54147,0.44266,0.39924,0.55000,0.43301,9.9999,0.01290,1,0.51263
31.3400,0.54146,0.44267,0.39923,0.55000,0.43301,9.9999,0.01291,1,0.51264
31.3600,0.54145,0.44268,0.39923,0.55000,0.43301,9.9999,0.01292,1,0.51265
31.3800,0.54145,0.44269,0.39923,0.55000,0.43301,9.9999,0.01293,1,0.51266
31.4000,0.54144,0.44270,0.39923,0.55000,0.43301,9.9999,0.01294,1,0.51267
31.4200,0.54144,0.44270,0.39923,0.55000,0.43301,9.9999,0.01295,1,0.51268
31.4400,0.54143,0.44271,0.39923,0.55000,0.43301,9.9999,0.01297,1,0.51269
31.4600,0.54143,0.44272,0.39923,0.55000,0.43301,9.9999,0.01298,1,0.51270
31.4800,0.54142,0.44273,0.39923,0.55000,0.43301,9.9999,0.01299,1,0.51271
31.5000,0.54142,0.44274,0.39923,0.55000,0.43301,9.9999,0.01300,1,0.51272
31.5200,0.54141,0.44275,0.39922,0.55000,0.43301,9.9999,0.01301,1,0.51273
31.5400,0.54141,0.44276,0.39922,0.55000,0.43301,9.9999,0.01302,1,0.51274
31.5600,0.54140,0.44277,0.39922,0.55000,0.43301,9.9999,0.01303,1,0.51276
31.5800,0.54139,0.44278,0.39922,0.55000,0.43301,9.9999,0.01304,1,0.51277
31.6000,0.54139,0.44279,0.39922,0.55000,0.43301,9.9999,0.01305,1,0.51278
31.6200,0.54138,0.44280,0.39922,0.55000,0.43301,9.9999,0.01306,1,0.51279
31.6400,0.54138,0.44280,0.39922,0.55000,0.43301,9.9999,0.01307,1,0.51280
31.6600,0.54137,0.44281,0.39922,0.55000,0.43301,9.9999,0.01308,1,0.51281
31.6800,0.54137,0.44282,0.39921,0.55000,0.43301,9.9999,0.01309,1,0.51282
31.7000,0.54136,0.44283,0.39921,0.55000,0.43301,9.9999,0.01310,1,0.51283
31.7200,0.54136,0.44284,0.39921,0.55000,0.43301,9.9999,0.01311,1,0.51284
31.7400,0.54135,0.44285,0.39921,0.55000,0.43301,9.9999,0.01312,1,0.51285
31.7600,0.54135,0.44286,0.39921,0.55000,0.43301,9.9999,0.01313,1,0.51286
31.7800,0.54134,0.44287,0.39921,0.55000,0.43301,9.9999,0.01314,1,0.51287
31.8000,0.54134,0.44288,0.39921,0.55000,0.43301,9.9999,0.01315,1,0.51288
31.8200,0.54133,0.44289,0.39921,0.55000,0.43301,9.9999,0.01316,1,0.51289
31.8400,0.54132,0.44290,0.39921,0.55000,0.43301,9.9999,0.01317,1,0.51290
31.8600,0.54132,0.44290,0.39920,0.55000,0.43301,9.9999,0.01318,1,0.51291
31.8800,0.54131,0.44291,0.39920,0.55000,0.43301,9.9999,0.01320,1,0.51292
31.9000,0.54131,0.44292,0.39920,0.55000,0.43301,9.9999,0.01321,1,0.51294
31.9200,0.54130,0.44293,0.39920,0.55000,0.43301,9.9999,0.01322,1,0.51295
31.9400,0.54130,0.44294,0.39920,0.55000,0.43301,9.9999,0.01323,1,0.51296
31.9600,0.54129,0.44295,0.39920,0.55000,0.43301,9.9999,0.01324,1,0.51297
31.9800,0.54129,0.44296,0.39920,0.55000,0.43301,9.9999,0.01325,1,0.51298
32.0000,0.54128,0.44297,0.39920,0.55000,0.43301,9.9999,0.01326,1,0.51299
32.0200,0.54128,0.44298,0.39920,0.55000,0.43301,9.9999,0.01327,1,0.51300
32.0400,0.54127,0.44299,0.39919,0.55000,0.43301,9.9999,0.01328,1,0.51301
32.0600,0.54127,0.44299,0.39919,0.55000,0.43301,9.9999,0.01329,1,0.51302
32.0800,0.54126,0.44300,0.39919,0.55000,0.43301,9.9999,0.01330,1,0.51303
32.1000,0.54125,0.44301,0.39919,0.55000,0.43301,9.9999,0.01331,1,0.51304
32.1200,0.54125,0.44302,0.39919,0.55000,0.43301,9.9999,0.01332,1,0.51305
32.1400,0.54124,0.44303,0.39919,0.55000,0.43301,9.9999,0.01333,1,0.51306
32.1600,0.54124,0.44304,0.39919,0.55000,0.43301,9.9999,0.01334,1,0.51307
32.1800,0.54123,0.44305,0.39919,0.55000,0.43301,9.9999,0.01335,1,0.51308
32.2000,0.54123,0.44306,0.39918,0.55000,0.43301,9.9999,0.01336,1,0.51309
32.2200,0.54122,0.44307,0.39918,0.55000,0.43301,9.9999,0.01337,1,0.51310
32.2400,0.54122,0.44308,0.39918,0.55000,0.43301,9.9999,0.01338,1,0.51311
32.2600,0.54121,0.44308,0.39918,0.55000,0.43301,9.9999,0.01339,1,0.51312
32.2800,0.54121,0.44309,0.39918,0.55000,0.43301,9.9999,0.01340,1,0.51313
32.3000,0.54120,0.44310,0.39918,0.55000,0.43301,9.9999,0.01341,1,0.51314
32.3200,0.54120,0.44311,0.39918,0.55000,0.43301,9.9999,0.01342,1,0.51315
32.3400,0.54119,0.44312,0.39918,0.55000,0.43301,9.9999,0.01343,1,0.51317
32.3600,0.54119,0.44313,0.39918,0.55000,0.43301,9.9999,0.01344,1,0.51318
32.3800,0.54118,0.44314,0.39917,0.55000,0.43301,9.9999,0.01345,1,0.51319
32.4000,0.54117,0.44315,0.39917,0.55000,0.43301,9.9999,0.01346,1,0.51320
32.4200,0.54117,0.44316,0.39917,0.55000,0.43301,9.9999,0.01347,1,0.51321
32.4400,0.54116,0.44316,0.39917,0.55000,0.43301,9.9999,0.01348,1,0.51322
32.4600,0.54116,0.44317,0.39917,0.55000,0.43301,9.9999,0.01349,1,0.51323
32.4800,0.54115,0.44318,0.39917,0.55000,0.43301,9.9999,0.01350,1,0.51324
32.5000,0.54115,0.44319,0.39917,0.55000,0.43301,9.9999,0.01351,1,0.51325
32.5200,0.54114,0.44320,0.39917,0.55000,0.43301,9.9999,0.01353,1,0.51326
32.5400,0.54114,0.44321,0.39916,0.55000,0.43301,9.9999,0.01354,1,0.51327
32.5600,0.54113,0.44322,0.39916,0.55000,0.43301,9.9999,0.01355,1,0.51328
32.5800,0.54113,0.44323,0.39916,0.55000,0.43301,9.9999,0.01356,1,0.51329
32.6000,0.54112,0.44324,0.39916,0.55000,0.43301,9.9999,0.01357,1,0.51330
32.6200,0.54112,0.44324,0.39916,0.55000,0.43301,9.9999,0.01358,1,0.51331
32.6400,0.54111,0.44325,0.39916,0.55000,0.43301,9.9999,0.01359,1,0.51332
32.6600,0.54111,0.44326,0.39916,0.55000,0.43301,9.9999,0.01360,1,0.51333
32.6800,0.54110,0.44327,0.39916,0.55000,0.43301,9.9999,0.01361,1,0.51334
32.7000,0.54110,0.44328,0.39916,0.55000,0.43301,9.9999,0.01362,1,0.51335
32.7200,0.54109,0.44329,0.39915,0.55000,0.43301,9.9999,0.01363,1,0.51336
32.7400,0.54109,0.44330,0.39915,0.55000,0.43301,9.9999,0.01364,1,0.51337
32.7600,0.54108,0.44331,0.39915,0.55000,0.43301,9.9999,0.01365,1,0.51338
32.7800,0.54107,0.44332,0.39915,0.55000,0.43301,9.9999,0.01366,1,0.51339
32.8000,0.54107,0.44332,0.39915,0.55000,0.43301,9.9999,0.01367,1,0.51340
32.8200,0.54106,0.44333,0.39915,0.55000,0.43301,9.9999,0.01368,1,0.51341
32.8400,0.54106,0.44334,0.39915,0.55000,0.43301,9.9999,0.01369,1,0.51342
32.8600,0.54105,0.44335,0.39915,0.55000,0.43301,9.9999,0.01370,1,0.51343
32.8800,0.54105,0.44336,0.39914,0.55000,0.43301,9.9999,0.01371,1,0.51344
32.9000,0.54104,0.44337,0.39914,0.55000,0.43301,9.9999,0.01372,1,0.51345
32.9200,0.54104,0.44338,0.39914,0.55000,0.43301,9.9999,0.01373,1,0.51346
32.9400,0.54103,0.44339,0.39914,0.55000,0.43301,9.9999,0.01374,1,0.51347
32.9600,0.54103,0.44339,0.39914,0.55000,0.43301,9.9999,0.01375,1,0.51348
32.9800,0.54102,0.44340,0.39914,0.55000,0.43301,9.9999,0.01376,1,0.51349
33.0000,0.54102,0.44341,0.39914,0.55000,0.43301,9.9999,0.01377,1,0.51350
33.0200,0.54101,0.44342,0.39914,0.55000,0.43301,9.9999,0.01378,1,0.51351
33.0400,0.54101,0.44343,0.39914,0.55000,0.43301,9.9999,0.01379,1,0.51352
33.0600,0.54100,0.44344,0.39913,0.55000,0.43301,9.9999,0.01380,1,0.51354
33.0800,0.54100,0.44345,0.39913,0.55000,0.43301,9.9999,0.01381,1,0.51355
33.1000,0.54099,0.44346,0.39913,0.55000,0.43301,9.9999,0.01382,1,0.51356
33.1200,0.54099,0.44346,0.39913,0.55000,0.43301,9.9999,0.01383,1,0.51357
33.1400,0.54098,0.44347,0.39913,0.55000,0.43301,9.9999,0.01384,1,0.51358
33.1600,0.54098,0.44348,0.39913,0.55000,0.43301,9.9999,0.01385,1,0.51359
33.1800,0.54097,0.44349,0.39913,0.55000,0.43301,9.9999,0.01386,1,0.51360
33.2000,0.54097,0.44350,0.39913,0.55000,0.43301,9.9999,0.01387,1,0.51361
33.2200,0.54096,0.44351,0.39912,0.55000,0.43301,9.9999,0.01388,1,0.51362
33.2400,0.54096,0.44352,0.39912,0.55000,0.43301,9.9999,0.01389,1,0.51363
33.2600,0.54095,0.44353,0.39912,0.55000,0.43301,9.9999,0.01390,1,0.51364
33.2800,0.54094,0.44353,0.39912,0.55000,0.43301,9.9999,0.01391,1,0.51365
33.3000,0.54094,0.44354,0.39912,0.55000,0.43301,9.9999,0.01392,1,0.51366
33.3200,0.54093,0.44355,0.39912,0.55000,0.43301,9.9999,0.01393,1,0.51367
33.3400,0.54093,0.44356,0.39912,0.55000,0.43301,9.9999,0.01394,1,0.51368
33.3600,0.54092,0.44357,0.39912,0.55000,0.43301,9.9999,0.01395,1,0.51369
33.3800,0.54092,0.44358,0.39912,0.55000,0.43301,9.9999,0.01396,1,0.51370
33.4000,0.54091,0.44359,0.39911,0.55000,0.43301,9.9999,0.01397,1,0.51371
33.4200,0.54091,0.44359,0.39911,0.55000,0.43301,9.9999,0.01398,1,0.51372
33.4400,0.54090,0.44360,0.39911,0.55000,0.43301,9.9999,0.01399,1,0.51373
33.4600,0.54090,0.44361,0.39911,0.55000,0.43301,9.9999,0.01400,1,0.51374
33.4800,0.54089,0.44362,0.39911,0.55000,0.43301,9.9999,0.01401,1,0.51375
33.5000,0.54089,0.44363,0.39911,0.55000,0.43301,9.9999,0.01402,1,0.51376
33.5200,0.54088,0.44364,0.39911,0.55000,0.43301,9.9999,0.01403,1,0.51377
33.5400,0.54088,0.44365,0.39911,0.55000,0.43301,9.9999,0.01404,1,0.51378
33.5600,0.54087,0.44366,0.39910,0.55000,0.43301,9.9999,0.01405,1,0.51379
33.5800,0.54087,0.44366,0.39910,0.55000,0.43301,9.9999,0.01406,1,0.51380
33.6000,0.54086,0.44367,0.39910,0.55000,0.43301,9.9999,0.01407,1,0.51381
33.6200,0.54086,0.44368,0.39910,0.55000,0.43301,9.9999,0.01408,1,0.51382
33.6400,0.54085,0.44369,0.39910,0.55000,0.43301,9.9999,0.01409,1,0.51383
33.6600,0.54085,0.44370,0.39910,0.55000,0.43301,9.9999,0.01410,1,0.51384
33.6800,0.54084,0.44371,0.39910,0.55000,0.43301,9.9999,0.01411,1,0.51385
33.7000,0.54084,0.44372,0.39910,0.55000,0.43301,9.9999,0.01412,1,0.51386
33.7200,0.54083,0.44372,0.39909,0.55000,0.43301,9.9999,0.01413,1,0.51387
33.7400,0.54083,0.44373,0.39909,0.55000,0.43301,9.9999,0.01414,1,0.51388
33.7600,0.54082,0.44374,0.39909,0.55000,0.43301,9.9999,0.01415,1,0.51389
33.7800,0.54082,0.44375,0.39909,0.55000,0.43301,9.9999,0.01416,1,0.51390
33.8000,0.54081,0.44376,0.39909,0.55000,0.43301,9.9999,0.01417,1,0.51391
33.8200,0.54081,0.44377,0.39909,0.55000,0.43301,9.9999,0.01418,1,0.51392
33.8400,0.54080,0.44378,0.39909,0.55000,0.43301,9.9999,0.01419,1,0.51393
33.8600,0.54080,0.44378,0.39909,0.55000,0.43301,9.9999,0.01420,1,0.51394
33.8800,0.54079,0.44379,0.39909,0.55000,0.43301,9.9999,0.01421,1,0.51395
33.9000,0.54079,0.44380,0.39908,0.55000,0.43301,9.9999,0.01422,1,0.51396
33.9200,0.54078,0.44381,0.39908,0.55000,0.43301,9.9999,0.01423,1,0.51397
33.9400,0.54078,0.44382,0.39908,0.55000,0.43301,10.0000,0.01424,1,0.51398
33.9600,0.54077,0.44383,0.39908,0.55000,0.43301,10.0000,0.01425,1,0.51399
33.9800,0.54077,0.44384,0.39908,0.55000,0.43301,10.0000,0.01426,1,0.51400
34.0000,0.54076,0.44384,0.39908,0.55000,0.43301,10.0000,0.01427,1,0.51401
34.0200,0.54076,0.44385,0.39908,0.55000,0.43301,10.0000,0.01428,1,0.51402
34.0400,0.54075,0.44386,0.39908,0.55000,0.43301,10.0000,0.01429,1,0.51403
34.0600,0.54075,0.44387,0.39907,0.55000,0.43301,10.0000,0.01429,1,0.51404
34.0800,0.54074,0.44388,0.39907,0.55000,0.43301,10.0000,0.01430,1,0.51405
34.1000,0.54074,0.44389,0.39907,0.55000,0.43301,10.0000,0.01431,1,0.51406
34.1200,0.54073,0.44389,0.39907,0.55000,0.43301,10.0000,0.01432,1,0.51407
34.1400,0.54073,0.44390,0.39907,0.55000,0.43301,10.0000,0.01433,1,0.51408
34.1600,0.54072,0.44391,0.39907,0.55000,0.43301,10.0000,0.01434,1,0.51409
34.1800,0.54072,0.44392,0.39907,0.55000,0.43301,10.0000,0.01435,1,0.51410
34.2000,0.54071,0.44393,0.39907,0.55000,0.43301,10.0000,0.01436,1,0.51411
34.2200,0.54071,0.44394,0.39907,0.55000,0.43301,10.0000,0.01437,1,0.51411
34.2400,0.54070,0.44395,0.39906,0.55000,0.43301,10.0000,0.01438,1,0.51412
34.2600,0.54070,0.44395,0.39906,0.55000,0.43301,10.0000,0.01439,1,0.51413
34.2800,0.54069,0.44396,0.39906,0.55000,0.43301,10.0000,0.01440,1,0.51414
34.3000,0.54069,0.44397,0.39906,0.55000,0.43301,10.0000,0.01441,1,0.51415
34.3200,0.54068,0.44398,0.39906,0.55000,0.43301,10.0000,0.01442,1,0.51416
34.3400,0.54068,0.44399,0.39906,0.55000,0.43301,10.0000,0.01443,1,0.51417
34.3600,0.54067,0.44400,0.39906,0.55000,0.43301,10.0000,0.01444,1,0.51418
34.3800,0.54067,0.44400,0.39906,0.55000,0.43301,10.0000,0.01445,1,0.51419
34.4000,0.54066,0.44401,0.39905,0.55000,0.43301,10.0000,0.01446,1,0.51420
34.4200,0.54066,0.44402,0.39905,0.55000,0.43301,10.0000,0.01447,1,0.51421
34.4400,0.54065,0.44403,0.39905,0.55000,0.43301,10.0000,0.01448,1,0.51422
34.4600,0.54065,0.44404,0.39905,0.55000,0.43301,10.0000,0.01449,1,0.51423
34.4800,0.54064,0.44405,0.39905,0.55000,0.43301,10.0000,0.01450,1,0.51424
34.5000,0.54064,0.44405,0.39905,0.55000,0.43301,10.0000,0.01451,1,0.51425
34.5200,0.54063,0.44406,0.39905,0.55000,0.43301,10.0000,0.01452,1,0.51426
34.5400,0.54063,0.44407,0.39905,0.55000,0.43301,10.0000,0.01453,1,0.51427
34.5600,0.54062,0.44408,0.39905,0.55000,0.43301,10.0000,0.01454,1,0.51428
34.5800,0.54062,0.44409,0.39904,0.55000,0.43301,10.0000,0.01455,1,0.51429
34.6000,0.54061,0.44410,0.39904,0.55000,0.43301,10.0000,0.01456,1,0.51430
34.6200,0.54061,0.44411,0.39904,0.55000,0.43301,10.0000,0.01457,1,0.51431
34.6400,0.54060,0.44411,0.39904,0.55000,0.43301,10.0000,0.01458,1,0.51432
34.6600,0.54060,0.44412,0.39904,0.55000,0.43301,10.0000,0.01459,1,0.51433
34.6800,0.54059,0.44413,0.39904,0.55000,0.43301,10.0000,0.01460,1,0.51434
34.7000,0.54059,0.44414,0.39904,0.55000,0.43301,10.0000,0.01460,1,0.51435
34.7200,0.54058,0.44415,0.39904,0.55000,0.43301,10.0000,0.01461,1,0.51436
34.7400,0.54058,0.44416,0.39903,0.55000,0.43301,10.0000,0.01462,1,0.51437
34.7600,0.54057,0.44416,0.39903,0.55000,0.43301,10.0000,0.01463,1,0.51438
34.7800,0.54057,0.44417,0.39903,0.55000,0.43301,10.0000,0.01464,1,0.51439
34.8000,0.54056,0.44418,0.39903,0.55000,0.43301,10.0000,0.01465,1,0.51440
34.8200,0.54056,0.44419,0.39903,0.55000,0.43301,10.0000,0.01466,1,0.51441
34.8400,0.54055,0.44420,0.39903,0.55000,0.43301,10.0000,0.01467,1,0.51442
34.8600,0.54055,0.44421,0.39903,0.55000,0.43301,10.0000,0.01468,1,0.51443
34.8800,0.54054,0.44421,0.39903,0.55000,0.43301,10.0000,0.01469,1,0.51444
34.9000,0.54054,0.44422,0.39902,0.55000,0.43301,10.0000,0.01470,1,0.51445
34.9200,0.54053,0.44423,0.39902,0.55000,0.43301,10.0000,0.01471,1,0.51445
34.9400,0.54053,0.44424,0.39902,0.55000,0.43301,10.0000,0.01472,1,0.51446
34.9600,0.54052,0.44425,0.39902,0.55000,0.43301,10.0000,0.01473,1,0.51447
34.9800,0.54052,0.44425,0.39902,0.55000,0.43301,10.0000,0.01474,1,0.51448
35.0000,0.54051,0.44426,0.39902,0.55000,0.43301,10.0000,0.01475,1,0.51449
35.0200,0.54051,0.44427,0.39902,0.55000,0.43301,10.0000,0.01476,1,0.51450
35.0400,0.54050,0.44428,0.39902,0.55000,0.43301,10.0000,0.01477,1,0.51451
35.0600,0.54050,0.44429,0.39902,0.55000,0.43301,10.0000,0.01478,1,0.51452
35.0800,0.54049,0.44430,0.39901,0.55000,0.43301,10.0000,0.01479,1,0.51453
35.1000,0.54049,0.44430,0.39901,0.55000,0.43301,10.0000,0.01480,1,0.51454
35.1200,0.54049,0.44431,0.39901,0.55000,0.43301,10.0000,0.01481,1,0.51455
35.1400,0.54048,0.44432,0.39901,0.55000,0.43301,10.0000,0.01481,1,0.51456
35.1600,0.54048,0.44433,0.39901,0.55000,0.43301,10.0000,0.01482,1,0.51457
35.1800,0.54047,0.44434,0.39901,0.55000,0.43301,10.0000,0.01483,1,0.51458
35.2000,0.54047,0.44435,0.39901,0.55000,0.43301,10.0000,0.01484,1,0.51459
35.2200,0.54046,0.44435,0.39901,0.55000,0.43301,10.0000,0.01485,1,0.51460
35.2400,0.54046,0.44436,0.39900,0.55000,0.43301,10.0000,0.01486,1,0.51461
35.2600,0.54045,0.44437,0.39900,0.55000,0.43301,10.0000,0.01487,1,0.51462
35.2800,0.54045,0.44438,0.39900,0.55000,0.43301,10.0000,0.01488,1,0.51463
35.3000,0.54044,0.44439,0.39900,0.55000,0.43301,10.0000,0.01489,1,0.51464
35.3200,0.54044,0.44439,0.39900,0.55000,0.43301,10.0000,0.01490,1,0.51465
35.3400,0.54043,0.44440,0.39900,0.55000,0.43301,10.0000,0.01491,1,0.51466
35.3600,0.54043,0.44441,0.39900,0.55000,0.43301,10.0000,0.01492,1,0.51466
35.3800,0.54042,0.44442,0.39900,0.55000,0.43301,10.0000,0.01493,1,0.51467
35.4000,0.54042,0.44443,0.39900,0.55000,0.43301,10.0000,0.01494,1,0.51468
35.4200,0.54041,0.44444,0.39899,0.55000,0.43301,10.0000,0.01495,1,0.51469
35.4400,0.54041,0.44444,0.39899,0.55000,0.43301,10.0000,0.01496,1,0.51470
35.4600,0.54040,0.44445,0.39899,0.55000,0.43301,10.0000,0.01497,1,0.51471
35.4800,0.54040,0.44446,0.39899,0.55000,0.43301,10.0000,0.01497,1,0.51472
35.5000,0.54039,0.44447,0.39899,0.55000,0.43301,10.0000,0.01498,1,0.51473
35.5200,0.54039,0.44448,0.39899,0.55000,0.43301,10.0000,0.01499,1,0.51474
35.5400,0.54038,0.44448,0.39899,0.55000,0.43301,10.0000,0.01500,1,0.51475
35.5600,0.54038,0.44449,0.39899,0.55000,0.43301,10.0000,0.01501,1,0.51476
35.5800,0.54037,0.44450,0.39898,0.55000,0.43301,10.0000,0.01502,1,0.51477
35.6000,0.54037,0.44451,0.39898,0.55000,0.43301,10.0000,0.01503,1,0.51478
35.6200,0.54037,0.44452,0.39898,0.55000,0.43301,10.0000,0.01504,1,0.51479
35.6400,0.54036,0.44452,0.39898,0.55000,0.43301,10.0000,0.01505,1,0.51480
35.6600,0.54036,0.44453,0.39898,0.55000,0.43301,10.0000,0.01506,1,0.51481
35.6800,0.54035,0.44454,0.39898,0.55000,0.43301,10.0000,0.01507,1,0.51482
35.7000,0.54035,0.44455,0.39898,0.55000,0.43301,10.0000,0.01508,1,0.51483
35.7200,0.54034,0.44456,0.39898,0.55000,0.43301,10.0000,0.01509,1,0.51483
35.7400,0.54034,0.44457,0.39898,0.55000,0.43301,10.0000,0.01510,1,0.51484
35.7600,0.54033,0.44457,0.39897,0.55000,0.43301,10.0000,0.01511,1,0.51485
35.7800,0.54033,0.44458,0.39897,0.55000,0.43301,10.0000,0.01511,1,0.51486
35.8000,0.54032,0.44459,0.39897,0.55000,0.43301,10.0000,0.01512,1,0.51487
35.8200,0.54032,0.44460,0.39897,0.55000,0.43301,10.0000,0.01513,1,0.51488
35.8400,0.54031,0.44461,0.39897,0.55000,0.43301,10.0000,0.01514,1,0.51489
35.8600,0.54031,0.44461,0.39897,0.55000,0.43301,10.0000,0.01515,1,0.51490
35.8800,0.54030,0.44462,0.39897,0.55000,0.43301,10.0000,0.01516,1,0.51491
35.9000,0.54030,0.44463,0.39897,0.55000,0.43301,10.0000,0.01517,1,0.51492
35.9200,0.54029,0.44464,0.39896,0.55000,0.43301,10.0000,0.01518,1,0.51493
35.9400,0.54029,0.44465,0.39896,0.55000,0.43301,10.0000,0.01519,1,0.51494
35.9600,0.54029,0.44465,0.39896,0.55000,0.43301,10.0000,0.01520,1,0.51495
35.9800,0.54028,0.44466,0.39896,0.55000,0.43301,10.0000,0.01521,1,0.51496
36.0000,0.54028,0.44467,0.39896,0.55000,0.43301,10.0000,0.01522,1,0.51497
36.0200,0.54027,0.44468,0.39896,0.55000,0.43301,10.0000,0.01523,1,0.51497
36.0400,0.54027,0.44469,0.39896,0.55000,0.43301,10.0000,0.01523,1,0.51498
36.0600,0.54026,0.44469,0.39896,0.55000,0.43301,10.0000,0.01524,1,0.51499
36.0800,0.54026,0.44470,0.39895,0.55000,0.43301,10.0000,0.01525,1,0.51500
36.1000,0.54025,0.44471,0.39895,0.55000,0.43301,10.0000,0.01526,1,0.51501
36.1200,0.54025,0.44472,0.39895,0.55000,0.43301,10.0000,0.01527,1,0.51502
36.1400,0.54024,0.44473,0.39895,0.55000,0.43301,10.0000,0.01528,1,0.51503
36.1600,0.54024,0.44473,0.39895,0.55000,0.43301,10.0000,0.01529,1,0.51504
36.1800,0.54023,0.44474,0.39895,0.55000,0.43301,10.0000,0.01530,1,0.51505
36.2000,0.54023,0.44475,0.39895,0.55000,0.43301,10.0000,0.01531,1,0.51506
36.2200,0.54022,0.44476,0.39895,0.55000,0.43301,10.0000,0.01532,1,0.51507
36.2400,0.54022,0.44477,0.39895,0.55000,0.43301,10.0000,0.01533,1,0.51508
36.2600,0.54021,0.44477,0.39894,0.55000,0.43301,10.0000,0.01534,1,0.51509
36.2800,0.54021,0.44478,0.39894,0.55000,0.43301,10.0000,0.01534,1,0.51509
36.3000,0.54021,0.44479,0.39894,0.55000,0.43301,10.0000,0.01535,1,0.51510
36.3200,0.54020,0.44480,0.39894,0.55000,0.43301,10.0000,0.01536,1,0.51511
36.3400,0.54020,0.44481,0.39894,0.55000,0.43301,10.0000,0.01537,1,0.51512
36.3600,0.54019,0.44481,0.39894,0.55000,0.43301,10.0000,0.01538,1,0.51513
36.3800,0.54019,0.44482,0.39894,0.55000,0.43301,10.0000,0.01539,1,0.51514
36.4000,0.54018,0.44483,0.39894,0.55000,0.43301,10.0000,0.01540,1,0.51515
36.4200,0.54018,0.44484,0.39893,0.55000,0.43301,10.0000,0.01541,1,0.51516
36.4400,0.54017,0.44484,0.39893,0.55000,0.43301,10.0000,0.01542,1,0.51517
36.4600,0.54017,0.44485,0.39893,0.55000,0.43301,10.0000,0.01543,1,0.51518
36.4800,0.54016,0.44486,0.39893,0.55000,0.43301,10.0000,0.01544,1,0.51519
36.5000,0.54016,0.44487,0.39893,0.55000,0.43301,10.0000,0.01544,1,0.51520
36.5200,0.54015,0.44488,0.39893,0.55000,0.43301,10.0000,0.01545,1,0.51520
36.5400,0.54015,0.44488,0.39893,0.55000,0.43301,10.0000,0.01546,1,0.51521
36.5600,0.54015,0.44489,0.39893,0.55000,0.43301,10.0000,0.01547,1,0.51522
36.5800,0.54014,0.44490,0.39893,0.55000,0.43301,10.0000,0.01548,1,0.51523
36.6000,0.54014,0.44491,0.39892,0.55000,0.43301,10.0000,0.01549,1,0.51524
36.6200,0.54013,0.44492,0.39892,0.55000,0.43301,10.0000,0.01550,1,0.51525
36.6400,0.54013,0.44492,0.39892,0.55000,0.43301,10.0000,0.01551,1,0.51526
36.6600,0.54012,0.44493,0.39892,0.55000,0.43301,10.0000,0.01552,1,0.51527
36.6800,0.54012,0.44494,0.39892,0.55000,0.43301,10.0000,0.01553,1,0.51528
36.7000,0.54011,0.44495,0.39892,0.55000,0.43301,10.0000,0.01554,1,0.51529
36.7200,0.54011,0.44495,0.39892,0.55000,0.43301,10.0000,0.01554,1,0.51530
36.7400,0.54010,0.44496,0.39892,0.55000,0.43301,10.0000,0.01555,1,0.51530
36.7600,0.54010,0.44497,0.39891,0.55000,0.43301,10.0000,0.01556,1,0.51531
36.7800,0.54010,0.44498,0.39891,0.55000,0.43301,10.0000,0.01557,1,0.51532
36.8000,0.54009,0.44499,0.39891,0.55000,0.43301,10.0000,0.01558,1,0.51533
36.8200,0.54009,0.44499,0.39891,0.55000,0.43301,10.0000,0.01559,1,0.51534
36.8400,0.54008,0.44500,0.39891,0.55000,0.43301,10.0000,0.01560,1,0.51535
36.8600,0.54008,0.44501,0.39891,0.55000,0.43301,10.0000,0.01561,1,0.51536
36.8800,0.54007,0.44502,0.39891,0.55000,0.43301,10.0000,0.01562,1,0.51537
36.9000,0.54007,0.44502,0.39891,0.55000,0.43301,10.0000,0.01562,1,0.51538
36.9200,0.54006,0.44503,0.39890,0.55000,0.43301,10.0000,0.01563,1,0.51539
36.9400,0.54006,0.44504,0.39890,0.55000,0.43301,10.0000,0.01564,1,0.51539
36.9600,0.54005,0.44505,0.39890,0.55000,0.43301,10.0000,0.01565,1,0.51540
36.9800,0.54005,0.44506,0.39890,0.55000,0.43301,10.0000,0.01566,1,0.51541
37.0000,0.54005,0.44506,0.39890,0.55000,0.43301,10.0000,0.01567,1,0.51542
37.0200,0.54004,0.44507,0.39890,0.55000,0.43301,10.0000,0.01568,1,0.51543
37.0400,0.54004,0.44508,0.39890,0.55000,0.43301,10.0000,0.01569,1,0.51544
37.0600,0.54003,0.44509,0.39890,0.55000,0.43301,10.0000,0.01570,1,0.51545
37.0800,0.54003,0.44509,0.39890,0.55000,0.43301,10.0000,0.01571,1,0.51546
37.1000,0.54002,0.44510,0.39889,0.55000,0.43301,10.0000,0.01571,1,0.51547
37.1200,0.54002,0.44511,0.39889,0.55000,0.43301,10.0000,0.01572,1,0.51548
37.1400,0.54001,0.44512,0.39889,0.55000,0.43301,10.0000,0.01573,1,0.51548
37.1600,0.54001,0.44513,0.39889,0.55000,0.43301,10.0000,0.01574,1,0.51549
37.1800,0.54000,0.44513,0.39889,0.55000,0.43301,10.0000,0.01575,1,0.51550
37.2000,0.54000,0.44514,0.39889,0.55000,0.43301,10.0000,0.01576,1,0.51551
37.2200,0.54000,0.44515,0.39889,0.55000,0.43301,10.0000,0.01577,1,0.51552
37.2400,0.53999,0.44516,0.39889,0.55000,0.43301,10.0000,0.01578,1,0.51553
37.2600,0.53999,0.44516,0.39888,0.55000,0.43301,10.0000,0.01578,1,0.51554
37.2800,0.53998,0.44517,0.39888,0.55000,0.43301,10.0000,0.01579,1,0.51555
37.3000,0.53998,0.44518,0.39888,0.55000,0.43301,10.0000,0.01580,1,0.51556
37.3200,0.53997,0.44519,0.39888,0.55000,0.43301,10.0000,0.01581,1,0.51556
37.3400,0.53997,0.44519,0.39888,0.55000,0.43301,10.0000,0.01582,1,0.51557
37.3600,0.53996,0.44520,0.39888,0.55000,0.43301,10.0000,0.01583,1,0.51558
37.3800,0.53996,0.44521,0.39888,0.55000,0.43301,10.0000,0.01584,1,0.51559
37.4000,0.53996,0.44522,0.39888,0.55000,0.43301,10.0000,0.01585,1,0.51560
37.4200,0.53995,0.44523,0.39888,0.55000,0.43301,10.0000,0.01586,1,0.51561
37.4400,0.53995,0.44523,0.39887,0.55000,0.43301,10.0000,0.01586,1,0.51562
37.4600,0.53994,0.44524,0.39887,0.55000,0.43301,10.0000,0.01587,1,0.51563
37.4800,0.53994,0.44525,0.39887,0.55000,0.43301,10.0000,0.01588,1,0.51564
37.5000,0.53993,0.44526,0.39887,0.55000,0.43301,10.0000,0.01589,1,0.51564
37.5200,0.53993,0.44526,0.39887,0.55000,0.43301,10.0000,0.01590,1,0.51565
37.5400,0.53992,0.44527,0.39887,0.55000,0.43301,10.0000,0.01591,1,0.51566
37.5600,0.53992,0.44528,0.39887,0.55000,0.43301,10.0000,0.01592,1,0.51567
37.5800,0.53992,0.44529,0.39887,0.55000,0.43301,10.0000,0.01593,1,0.51568
37.6000,0.53991,0.44529,0.39886,0.55000,0.43301,10.0000,0.01593,1,0.51569
37.6200,0.53991,0.44530,0.39886,0.55000,0.43301,10.0000,0.01594,1,0.51570
37.6400,0.53990,0.44531,0.39886,0.55000,0.43301,10.0001,0.01595,1,0.51571
37.6600,0.53990,0.44532,0.39886,0.55000,0.43301,10.0001,0.01596,1,0.51571
37.6800,0.53989,0.44532,0.39886,0.55000,0.43301,10.0001,0.01597,1,0.51572
37.7000,0.53989,0.44533,0.39886,0.55000,0.43301,10.0001,0.01598,1,0.51573
37.7200,0.53988,0.44534,0.39886,0.55000,0.43301,10.0001,0.01599,1,0.51574
37.7400,0.53988,0.44535,0.39886,0.55000,0.43301,10.0001,0.01600,1,0.51575
37.7600,0.53988,0.44535,0.39885,0.55000,0.43301,10.0001,0.01600,1,0.51576
37.7800,0.53987,0.44536,0.39885,0.55000,0.43301,10.0001,0.01601,1,0.51577
37.8000,0.53987,0.44537,0.39885,0.55000,0.43301,10.0001,0.01602,1,0.51578
37.8200,0.53986,0.44538,0.39885,0.55000,0.43301,10.0001,0.01603,1,0.51578
37.8400,0.53986,0.44538,0.39885,0.55000,0.43301,10.0001,0.01604,1,0.51579
37.8600,0.53985,0.44539,0.39885,0.55000,0.43301,10.0001,0.01605,1,0.51580
37.8800,0.53985,0.44540,0.39885,0.55000,0.43301,10.0001,0.01606,1,0.51581
37.9000,0.53985,0.44541,0.39885,0.55000,0.43301,10.0001,0.01606,1,0.51582
37.9200,0.53984,0.44542,0.39885,0.55000,0.43301,10.0001,0.01607,1,0.51583
37.9400,0.53984,0.44542,0.39884,0.55000,0.43301,10.0001,0.01608,1,0.51584
37.9600,0.53983,0.44543,0.39884,0.55000,0.43301,10.0001,0.01609,1,0.51585
37.9800,0.53983,0.44544,0.39884,0.55000,0.43301,10.0001,0.01610,1,0.51585
38.0000,0.53982,0.44545,0.39884,0.55000,0.43301,10.0001,0.01611,1,0.51586
38.0200,0.53982,0.44545,0.39884,0.55000,0.43301,10.0001,0.01612,1,0.51587
38.0400,0.53982,0.44546,0.39884,0.55000,0.43301,10.0001,0.01613,1,0.51588
38.0600,0.53981,0.44547,0.39884,0.55000,0.43301,10.0001,0.01613,1,0.51589
38.0800,0.53981,0.44548,0.39884,0.55000,0.43301,10.0001,0.01614,1,0.51590
38.1000,0.53980,0.44548,0.39883,0.55000,0.43301,10.0001,0.01615,1,0.51591
38.1200,0.53980,0.44549,0.39883,0.55000,0.43301,10.0001,0.01616,1,0.51591
38.1400,0.53979,0.44550,0.39883,0.55000,0.43301,10.0001,0.01617,1,0.51592
38.1600,0.53979,0.44550,0.39883,0.55000,0.43301,10.0001,0.01618,1,0.51593
38.1800,0.53978,0.44551,0.39883,0.55000,0.43301,10.0001,0.01619,1,0.51594
38.2000,0.53978,0.44552,0.39883,0.55000,0.43301,10.0001,0.01619,1,0.51595
38.2200,0.53978,0.44553,0.39883,0.55000,0.43301,10.0001,0.01620,1,0.51596
38.2400,0.53977,0.44553,0.39883,0.55000,0.43301,10.0001,0.01621,1,0.51597
38.2600,0.53977,0.44554,0.39883,0.55000,0.43301,10.0001,0.01622,1,0.51597
38.2800,0.53976,0.44555,0.39882,0.55000,0.43301,10.0001,0.01623,1,0.51598
38.3000,0.53976,0.44556,0.39882,0.55000,0.43301,10.0001,0.01624,1,0.51599
38.3200,0.53975,0.44556,0.39882,0.55000,0.43301,10.0001,0.01625,1,0.51600
38.3400,0.53975,0.44557,0.39882,0.55000,0.43301,10.0001,0.01625,1,0.51601
38.3600,0.53975,0.44558,0.39882,0.55000,0.43301,10.0001,0.01626,1,0.51602
38.3800,0.53974,0.44559,0.39882,0.55000,0.43301,10.0001,0.01627,1,0.51603
38.4000,0.53974,0.44559,0.39882,0.55000,0.43301,10.0001,0.01628,1,0.51603
38.4200,0.53973,0.44560,0.39882,0.55000,0.43301,10.0001,0.01629,1,0.51604
38.4400,0.53973,0.44561,0.39881,0.55000,0.43301,10.0001,0.01630,1,0.51605
38.4600,0.53972,0.44562,0.39881,0.55000,0.43301,10.0001,0.01630,1,0.51606
38.4800,0.53972,0.44562,0.39881,0.55000,0.43301,10.0001,0.01631,1,0.51607
38.5000,0.53972,0.44563,0.39881,0.55000,0.43301,10.0001,0.01632,1,0.51608
38.5200,0.53971,0.44564,0.39881,0.55000,0.43301,10.0001,0.01633,1,0.51609
38.5400,0.53971,0.44565,0.39881,0.55000,0.43301,10.0001,0.01634,1,0.51609
38.5600,0.53970,0.44565,0.39881,0.55000,0.43301,10.0001,0.01635,1,0.51610
38.5800,0.53970,0.44566,0.39881,0.55000,0.43301,10.0001,0.01636,1,0.51611
38.6000,0.53969,0.44567,0.39881,0.55000,0.43301,10.0001,0.01636,1,0.51612
38.6200,0.53969,0.44568,0.39880,0.55000,0.43301,10.0001,0.01637,1,0.51613
38.6400,0.53969,0.44568,0.39880,0.55000,0.43301,10.0001,0.01638,1,0.51614
38.6600,0.53968,0.44569,0.39880,0.55000,0.43301,10.0001,0.01639,1,0.51615
38.6800,0.53968,0.44570,0.39880,0.55000,0.43301,10.0001,0.01640,1,0.51615
38.7000,0.53967,0.44570,0.39880,0.55000,0.43301,10.0001,0.01641,1,0.51616
38.7200,0.53967,0.44571,0.39880,0.55000,0.43301,10.0001,0.01641,1,0.51617
38.7400,0.53967,0.44572,0.39880,0.55000,0.43301,10.0001,0.01642,1,0.51618
38.7600,0.53966,0.44573,0.39880,0.55000,0.43301,10.0001,0.01643,1,0.51619
38.7800,0.53966,0.44573,0.39879,0.55000,0.43301,10.0001,0.01644,1,0.51620
38.8000,0.53965,0.44574,0.39879,0.55000,0.43301,10.0001,0.01645,1,0.51620
38.8200,0.53965,0.44575,0.39879,0.55000,0.43301,10.0001,0.01646,1,0.51621
38.8400,0.53964,0.44576,0.39879,0.55000,0.43301,10.0001,0.01646,1,0.51622
38.8600,0.53964,0.44576,0.39879,0.55000,0.43301,10.0001,0.01647,1,0.51623
38.8800,0.53964,0.44577,0.39879,0.55000,0.43301,10.0001,0.01648,1,0.51624
38.9000,0.53963,0.44578,0.39879,0.55000,0.43301,10.0001,0.01649,1,0.51625
38.9200,0.53963,0.44578,0.39879,0.55000,0.43301,10.0001,0.01650,1,0.51626
38.9400,0.53962,0.44579,0.39879,0.55000,0.43301,10.0001,0.01651,1,0.51626
38.9600,0.53962,0.44580,0.39878,0.55000,0.43301,10.0001,0.01651,1,0.51627
38.9800,0.53961,0.44581,0.39878,0.55000,0.43301,10.0001,0.01652,1,0.51628
39.0000,0.53961,0.44581,0.39878,0.55000,0.43301,10.0001,0.01653,1,0.51629
39.0200,0.53961,0.44582,0.39878,0.55000,0.43301,10.0001,0.01654,1,0.51630
39.0400,0.53960,0.44583,0.39878,0.55000,0.43301,10.0001,0.01655,1,0.51631
39.0600,0.53960,0.44584,0.39878,0.55000,0.43301,10.0001,0.01656,1,0.51631
39.0800,0.53959,0.44584,0.39878,0.55000,0.43301,10.0001,0.01656,1,0.51632
39.1000,0.53959,0.44585,0.39878,0.55000,0.43301,10.0001,0.01657,1,0.51633
39.1200,0.53959,0.44586,0.39877,0.55000,0.43301,10.0001,0.01658,1,0.51634
39.1400,0.53958,0.44586,0.39877,0.55000,0.43301,10.0001,0.01659,1,0.51635
39.1600,0.53958,0.44587,0.39877,0.55000,0.43301,10.0001,0.01660,1,0.51636
39.1800,0.53957,0.44588,0.39877,0.55000,0.43301,10.0001,0.01661,1,0.51636
39.2000,0.53957,0.44589,0.39877,0.55000,0.43301,10.0001,0.01661,1,0.51637
39.2200,0.53956,0.44589,0.39877,0.55000,0.43301,10.0001,0.01662,1,0.51638
39.2400,0.53956,0.44590,0.39877,0.55000,0.43301,10.0001,0.01663,1,0.51639
39.2600,0.53956,0.44591,0.39877,0.55000,0.43301,10.0001,0.01664,1,0.51640
39.2800,0.53955,0.44591,0.39876,0.55000,0.43301,10.0001,0.01665,1,0.51641
39.3000,0.53955,0.44592,0.39876,0.55000,0.43301,10.0001,0.01666,1,0.51641
39.3200,0.53954,0.44593,0.39876,0.55000,0.43301,10.0001,0.01666,1,0.51642
39.3400,0.53954,0.44594,0.39876,0.55000,0.43301,10.0001,0.01667,1,0.51643
39.3600,0.53954,0.44594,0.39876,0.55000,0.43301,10.0001,0.01668,1,0.51644
39.3800,0.53953,0.44595,0.39876,0.55000,0.43301,10.0001,0.01669,1,0.51645
39.4000,0.53953,0.44596,0.39876,0.55000,0.43301,10.0001,0.01670,1,0.51645
39.4200,0.53952,0.44596,0.39876,0.55000,0.43301,10.0001,0.01671,1,0.51646
39.4400,0.53952,0.44597,0.39876,0.55000,0.43301,10.0001,0.01671,1,0.51647
39.4600,0.53951,0.44598,0.39875,0.55000,0.43301,10.0001,0.01672,1,0.51648
39.4800,0.53951,0.44599,0.39875,0.55000,0.43301,10.0001,0.01673,1,0.51649
39.5000,0.53951,0.44599,0.39875,0.55000,0.43301,10.0001,0.01674,1,0.51650
39.5200,0.53950,0.44600,0.39875,0.55000,0.43301,10.0001,0.01675,1,0.51650
39.5400,0.53950,0.44601,0.39875,0.55000,0.43301,10.0001,0.01675,1,0.51651
39.5600,0.53949,0.44601,0.39875,0.55000,0.43301,10.0001,0.01676,1,0.51652
39.5800,0.53949,0.44602,0.39875,0.55000,0.43301,10.0001,0.01677,1,0.51653
39.6000,0.53949,0.44603,0.39875,0.55000,0.43301,10.0001,0.01678,1,0.51654
39.6200,0.53948,0.44604,0.39874,0.55000,0.43301,10.0001,0.01679,1,0.51655
39.6400,0.53948,0.44604,0.39874,0.55000,0.43301,10.0001,0.01679,1,0.51655
39.6600,0.53947,0.44605,0.39874,0.55000,0.43301,10.0001,0.01680,1,0.51656
39.6800,0.53947,0.44606,0.39874,0.55000,0.43301,10.0001,0.01681,1,0.51657
39.7000,0.53947,0.44606,0.39874,0.55000,0.43301,10.0001,0.01682,1,0.51658
39.7200,0.53946,0.44607,0.39874,0.55000,0.43301,10.0001,0.01683,1,0.51659
39.7400,0.53946,0.44608,0.39874,0.55000,0.43301,10.0001,0.01684,1,0.51659
39.7600,0.53945,0.44609,0.39874,0.55000,0.43301,10.0001,0.01684,1,0.51660
39.7800,0.53945,0.44609,0.39874,0.55000,0.43301,10.0001,0.01685,1,0.51661
39.8000,0.53945,0.44610,0.39873,0.55000,0.43301,10.0001,0.01686,1,0.51662
39.8200,0.53944,0.44611,0.39873,0.55000,0.43301,10.0001,0.01687,1,0.51663
39.8400,0.53944,0.44611,0.39873,0.55000,0.43301,10.0001,0.01688,1,0.51663
39.8600,0.53943,0.44612,0.39873,0.55000,0.43301,10.0001,0.01688,1,0.51664
39.8800,0.53943,0.44613,0.39873,0.55000,0.43301,10.0001,0.01689,1,0.51665
39.9000,0.53943,0.44613,0.39873,0.55000,0.43301,10.0001,0.01690,1,0.51666
39.9200,0.53942,0.44614,0.39873,0.55000,0.43301,10.0001,0.01691,1,0.51667
39.9400,0.53942,0.44615,0.39873,0.55000,0.43301,10.0001,0.01692,1,0.51668
39.9600,0.53941,0.44616,0.39872,0.55000,0.43301,10.0001,0.01692,1,0.51668
39.9800,0.53941,0.44616,0.39872,0.55000,0.43301,10.0001,0.01693,1,0.51669
