t_sec,T_des_target_N,T_des_active_N,T_meas_N,ee_x_m,ee_y_m,ee_z_m,ee_des_x_m,ee_des_y_m,ee_des_z_m
1779789356.391937,10.0,0.019975072,0.0013529615169222027,0.24804872621709056,-0.012381744342437143,0.5537562202634291,0.24804488063153704,-0.012379328459093064,0.5537598063178512
1779789356.4018912,10.0,0.03999699000000001,0.011643287869380703,0.24805828325140294,-0.012382761283971424,0.5537513499308808,0.24804488063153704,-0.012379328459093064,0.5537598063178512
1779789356.411896,10.0,0.05990936400000001,0.021507211011073286,0.24807209076731648,-0.01238190606529119,0.5537442189530284,0.24804488063153704,-0.012379328459093064,0.5537598063178512
1779789356.4218917,10.0,0.08006697800000001,0.06861423150462807,0.24808620653426727,-0.012377263248849031,0.5537304627048771,0.24804488063153704,-0.012379328459093064,0.5537598063178512
1779789356.4319298,10.0,0.099970774,0.11404487865067013,0.24810228564540232,-0.012372065890375912,0.5537130769735282,0.24804488063153704,-0.012379328459093064,0.5537598063178512
1779789356.441906,10.0,0.11994893200000002,0.15405601405236136,0.24812157192494835,-0.012365583126793605,0.5536957327627815,0.24804488063153704,-0.012379328459093064,0.5537598063178512
1779789356.4519124,10.0,0.13993051400000006,0.20763813104028253,0.24814250953853034,-0.012358234491491446,0.5536764197230216,0.24804488063153704,-0.012379328459093064,0.5537598063178512
1779789356.461878,10.0,0.15990634800000003,0.25098917716466007,0.2481669739791242,-0.012351804634967267,0.5536524936767404,0.24804488063153704,-0.012379328459093064,0.5537598063178512
1779789356.4718945,10.0,0.17997818000000002,0.2875861336182908,0.2481908381808434,-0.012341544679615481,0.5536296305095902,0.24804488063153704,-0.012379328459093064,0.5537598063178512
1779789356.4818902,10.0,0.19994824200000005,0.33592182139763493,0.24821586727294462,-0.012333276052633168,0.5536044934611855,0.24804488063153704,-0.012379328459093064,0.5537598063178512
1779789356.4919834,10.0,0.22000771200000005,0.38857378881257504,0.24824331585806286,-0.012322169748823178,0.5535782953498657,0.24804488063153704,-0.012379328459093064,0.5537598063178512
1779789356.501931,10.0,0.24000594600000005,0.44527453592895994,0.2482692916366905,-0.012312416507201355,0.5535533340337171,0.24804488063153704,-0.012379328459093064,0.5537598063178512
1779789356.511907,10.0,0.25992453000000004,0.4752805128127857,0.24829787953102722,-0.01230073616683768,0.5535223916124016,0.24804488063153704,-0.012379328459093064,0.5537598063178512
1779789356.521932,10.0,0.280061908,0.5002705580836607,0.24832550158150074,-0.012289352789497414,0.5534950244264055,0.24804488063153704,-0.012379328459093064,0.5537598063178512
1779789356.5319536,10.0,0.30006116400000005,0.5335606028966289,0.24835349661242015,-0.012278957213808943,0.5534673060629821,0.24804488063153704,-0.012379328459093064,0.5537598063178512
1779789356.5419197,10.0,0.3199270300000001,0.5782934168554377,0.2483796681127031,-0.012270523085075521,0.5534406716217483,0.24804488063153704,-0.012379328459093064,0.5537598063178512
1779789356.551966,10.0,0.3400376760000001,0.6374227802519711,0.24840344605251374,-0.012256723544798542,0.5534130433083772,0.24804488063153704,-0.012379328459093064,0.5537598063178512
1779789356.5619073,10.0,0.35989855200000004,0.7062207373879729,0.24842804469601779,-0.012245401924857515,0.553389441052249,0.24804488063153704,-0.012379328459093064,0.5537598063178512
1779789356.5719087,10.0,0.3800119820000002,0.7561709087947059,0.24845465514570328,-0.012237336744660467,0.553362221666232,0.24804488063153704,-0.012379328459093064,0.5537598063178512
1779789356.58189,10.0,0.39997032200000016,0.7967368880313745,0.24847896969537392,-0.012227560639816684,0.5533383827501913,0.24804488063153704,-0.012379328459093064,0.5537598063178512
1779789356.5919018,10.0,0.41990481800000035,0.8445712129950537,0.2485027541369731,-0.012217640352181243,0.5533136762356619,0.24804488063153704,-0.012379328459093064,0.5537598063178512
1779789356.6019,10.0,0.43998051800000043,0.8799251030521621,0.248525914474721,-0.012209254812533474,0.5532871435896339,0.24804488063153704,-0.012379328459093064,0.5537598063178512
1779789356.6119883,10.0,0.4598764200000005,0.9186657635131427,0.24854930755662974,-0.012199032175564707,0.5532644384817311,0.24804488063153704,-0.012379328459093064,0.5537598063178512
1779789356.6219862,10.0,0.4799929160000005,0.9591814131864068,0.24857194009886682,-0.012191658833787302,0.5532428475622372,0.24804488063153704,-0.012379328459093064,0.5537598063178512
1779789356.6319218,10.0,0.4999973020000005,0.991487114348917,0.24859210717921998,-0.01218276443094502,0.5532227190838555,0.24804488063153704,-0.012379328459093064,0.5537598063178512
1779789356.6419833,10.0,0.5199435800000005,1.0317651733463735,0.2486111094210064,-0.012173936289002192,0.5532023990180225,0.24804488063153704,-0.012379328459093064,0.5537598063178512
1779789356.6519167,10.0,0.5400818980000004,1.0658859274453123,0.24863180873575685,-0.012165880855148243,0.5531830338905609,0.24804488063153704,-0.012379328459093064,0.5537598063178512
1779789356.6618822,10.0,0.5598969680000003,1.084981330126344,0.248650520558402,-0.012156659348589205,0.5531610783018258,0.24804488063153704,-0.012379328459093064,0.5537598063178512
1779789356.6718988,10.0,0.5798650660000003,1.105438609821188,0.24866896019442444,-0.01214805952250719,0.5531391803125154,0.24804488063153704,-0.012379328459093064,0.5537598063178512
1779789356.6818814,10.0,0.6000487300000003,1.1338764974597104,0.24868850741606083,-0.012141841426556037,0.5531206012578328,0.24804488063153704,-0.012379328459093064,0.5537598063178512
1779789356.6919408,10.0,0.6201182980000002,1.170936870775796,0.24870752267248053,-0.012132425845380632,0.5531014886990382,0.24804488063153704,-0.012379328459093064,0.5537598063178512
1779789356.7019029,10.0,0.6399453300000001,1.2059208623967208,0.2487259721337302,-0.012125600859693672,0.553083562637268,0.24804488063153704,-0.012379328459093064,0.5537598063178512
1779789356.7118769,10.0,0.65987698,1.2349454511493203,0.24874560886754382,-0.012118522694358539,0.5530598816653005,0.24804488063153704,-0.012379328459093064,0.5537598063178512
1779789356.7219245,10.0,0.6799005819999999,1.2591877953620902,0.24876467552710216,-0.012107946757037063,0.5530391321948953,0.24804488063153704,-0.012379328459093064,0.5537598063178512
1779789356.7318735,10.0,0.6998682999999999,1.2846911721794765,0.248784364856276,-0.012099437136899408,0.5530187763195695,0.24804488063153704,-0.012379328459093064,0.5537598063178512
1779789356.7418916,10.0,0.7199314759999998,1.3054713940061173,0.24880486591694043,-0.012090353596802734,0.5529965097984694,0.24804488063153704,-0.012379328459093064,0.5537598063178512
1779789356.7519028,10.0,0.7399402699999997,1.3214672535744243,0.24882608596471104,-0.012083950783490826,0.55297111796244,0.24804488063153704,-0.012379328459093064,0.5537598063178512
1779789356.7618752,10.0,0.7599797219999999,1.330007271577981,0.2488472294977972,-0.012073468268842815,0.5529495610928005,0.24804488063153704,-0.012379328459093064,0.5537598063178512
1779789356.771858,10.0,0.779893318,1.3529845238640115,0.24886516967114064,-0.012064907978158762,0.552930853853895,0.24804488063153704,-0.012379328459093064,0.5537598063178512
1779789356.7819414,10.0,0.800001118,1.374920847904047,0.2488848228851454,-0.012056783646098091,0.5529087973050968,0.24804488063153704,-0.012379328459093064,0.5537598063178512
1779789356.7919104,10.0,0.8199778919999999,1.387545831259877,0.24890241268516203,-0.012049807959568882,0.5528881149450288,0.24804488063153704,-0.012379328459093064,0.5537598063178512
1779789356.8019328,10.0,0.8401273519999999,1.3932989909572282,0.24891986098728897,-0.012042029975253733,0.5528705974774418,0.24804488063153704,-0.012379328459093064,0.5537598063178512
1779789356.8118975,10.0,0.8600295659999999,1.4142395023199934,0.2489362275405655,-0.012034089237646161,0.5528526084563057,0.24804488063153704,-0.012379328459093064,0.5537598063178512
1779789356.8218758,10.0,0.880131836,1.4417742510609681,0.2489502398051417,-0.01202971679136145,0.5528367545235007,0.24804488063153704,-0.012379328459093064,0.5537598063178512
1779789356.8319275,10.0,0.8999732160000001,1.4545924612878367,0.2489633771176445,-0.01202487200164793,0.5528215646677951,0.24804488063153704,-0.012379328459093064,0.5537598063178512
1779789356.8418884,10.0,0.919951092,1.4589860770203584,0.24897731868875445,-0.012018245754610704,0.5528052895513161,0.24804488063153704,-0.012379328459093064,0.5537598063178512
1779789356.8518918,10.0,0.9399344580000003,1.4657831641643533,0.24898881758754068,-0.012013872002555877,0.5527944041351892,0.24804488063153704,-0.012379328459093064,0.5537598063178512
1779789356.8618827,10.0,0.9599319120000004,1.4735064256036383,0.24899800385452928,-0.012009634245432482,0.5527817905459627,0.24804488063153704,-0.012379328459093064,0.5537598063178512
1779789356.8719614,10.0,0.9800681460000004,1.4802135550729059,0.24900684817654437,-0.012004113874634651,0.5527727725961937,0.24804488063153704,-0.012379328459093064,0.5537598063178512
1779789356.8818924,10.0,0.9999572760000002,1.4908997523508267,0.24901486649395554,-0.012002302307607191,0.5527641251021944,0.24804488063153704,-0.012379328459093064,0.5537598063178512
1779789356.89188,10.0,1.0202153600000003,1.4932800036224745,0.24901985231295964,-0.011999103552082988,0.5527575045941298,0.24804488063153704,-0.012379328459093064,0.5537598063178512
1779789356.9019585,10.0,1.0399236880000005,1.5022511707901216,0.24902479631865437,-0.01199755196571082,0.5527527701263666,0.24804488063153704,-0.012379328459093064,0.5537598063178512
1779789356.9119005,10.0,1.0601387300000005,1.5135666519981354,0.24902619189872724,-0.011995388737364058,0.5527504917971875,0.24804488063153704,-0.012379328459093064,0.5537598063178512
1779789356.9219463,10.0,1.0799256680000004,1.517524355409596,0.24902747868270309,-0.011995840949376672,0.5527498480360308,0.24804488063153704,-0.012379328459093064,0.5537598063178512
1779789356.9319677,10.0,1.0999473260000006,1.5147453289784174,0.24902838981926304,-0.011994510038387796,0.552748910041243,0.24804488063153704,-0.012379328459093064,0.5537598063178512
1779789356.941891,10.0,1.1200651060000006,1.50525013925685,0.24902741067622713,-0.01199601581430739,0.5527488048521286,0.24804488063153704,-0.012379328459093064,0.5537598063178512
1779789356.9518907,10.0,1.1399073460000007,1.4885726609956555,0.24902822071824185,-0.011996780394039484,0.5527493024023817,0.24804488063153704,-0.012379328459093064,0.5537598063178512
1779789356.9619026,10.0,1.1599114520000005,1.4848646937366252,0.249027866645871,-0.011996481516655085,0.5527494021073722,0.24804488063153704,-0.012379328459093064,0.5537598063178512
1779789356.9718952,10.0,1.1798386940000005,1.4809970654111189,0.2490278603047064,-0.011996183420240688,0.5527521450414419,0.24804488063153704,-0.012379328459093064,0.5537598063178512
1779789356.9819155,10.0,1.1999410240000006,1.4717066038643785,0.2490267991967782,-0.011995963854305472,0.552751959037324,0.24804488063153704,-0.012379328459093064,0.5537598063178512
1779789356.9918754,10.0,1.2198964780000006,1.4617810415157435,0.24902698825137645,-0.011996469012899356,0.5527512214303524,0.24804488063153704,-0.012379328459093064,0.5537598063178512
1779789357.001884,10.0,1.2399602760000008,1.4506357510993202,0.24902759153005308,-0.01199738760219228,0.5527514271120004,0.24804488063153704,-0.012379328459093064,0.5537598063178512
1779789357.0118701,10.0,1.2598708460000008,1.4402701234533464,0.24902857125458877,-0.011997241422782157,0.5527502448194056,0.24804488063153704,-0.012379328459093064,0.5537598063178512
1779789357.0218754,10.0,1.2799194560000007,1.4265616577654037,0.24902823522954565,-0.011994934020215849,0.5527493729552874,0.24804488063153704,-0.012379328459093064,0.5537598063178512
1779789357.03188,10.0,1.300009202000001,1.4205717305483494,0.24902831594058203,-0.011995982703709034,0.5527511126532673,0.24804488063153704,-0.012379328459093064,0.5537598063178512
1779789357.0419178,10.0,1.3199553400000008,1.4110714619968607,0.24902838274905548,-0.011996373126028624,0.5527497649782217,0.24804488063153704,-0.012379328459093064,0.5537598063178512
1779789357.05195,10.0,1.3398982900000003,1.4058591844479082,0.24902768739603584,-0.011995728415766318,0.5527512295915542,0.24804488063153704,-0.012379328459093064,0.5537598063178512
1779789357.0618887,10.0,1.3599961140000003,1.40076441315389,0.24902874853859522,-0.011996907375747885,0.5527494484542854,0.24804488063153704,-0.012379328459093064,0.5537598063178512
1779789357.0719357,10.0,1.3799792599999998,1.3998238813904758,0.24902771506379598,-0.011998151582374604,0.5527507675865767,0.24804488063153704,-0.012379328459093064,0.5537598063178512
1779789357.08189,10.0,1.3999605819999998,1.3894414050208588,0.2490276965398493,-0.01199601147255208,0.5527502887171537,0.24804488063153704,-0.012379328459093064,0.5537598063178512
1779789357.09195,10.0,1.4200033820000002,1.38177338501362,0.249028159596682,-0.011996101148763075,0.5527484703502344,0.24804488063153704,-0.012379328459093064,0.5537598063178512
1779789357.10192,10.0,1.4398783439999998,1.3745298864761222,0.24902717078741557,-0.01199411378075984,0.5527493616172768,0.24804488063153704,-0.012379328459093064,0.5537598063178512
1779789357.1119256,10.0,1.45990886,1.3728831521609461,0.2490274293114424,-0.011995851125253686,0.552750582780855,0.24804488063153704,-0.012379328459093064,0.5537598063178512
1779789357.12195,10.0,1.4801424780000003,1.3750935299436209,0.2490279137510794,-0.01199618975394633,0.5527494941373323,0.24804488063153704,-0.012379328459093064,0.5537598063178512
1779789357.1318712,10.0,1.4999601140000005,1.3734364591829713,0.2490284184447776,-0.011997409988721128,0.5527498856029072,0.24804488063153704,-0.012379328459093064,0.5537598063178512
1779789357.141885,10.0,1.5200130120000006,1.370938031752665,0.24902766815165053,-0.011994649519716963,0.5527479671803939,0.24804488063153704,-0.012379328459093064,0.5537598063178512
1779789357.151891,10.0,1.5399102960000004,1.3622069855394403,0.2490282632674247,-0.011995437435552586,0.5527514173359384,0.24804488063153704,-0.012379328459093064,0.5537598063178512
1779789357.1619165,10.0,1.5598719020000005,1.357528870523395,0.24902768707218237,-0.011995621685476063,0.5527500579602646,0.24804488063153704,-0.012379328459093064,0.5537598063178512
1779789357.1719306,10.0,1.5800781500000005,1.3602433215384546,0.2490276263017614,-0.011993293759211265,0.5527494188395405,0.24804488063153704,-0.012379328459093064,0.5537598063178512
1779789357.181906,10.0,1.5999504680000003,1.3568958620129619,0.24902764067995567,-0.011995435393335422,0.552751398819256,0.24804488063153704,-0.012379328459093064,0.5537598063178512
1779789357.1918674,10.0,1.6199891780000004,1.3519497133866378,0.2490279204919942,-0.011995625597240551,0.5527498458125939,0.24804488063153704,-0.012379328459093064,0.5537598063178512
1779789357.2018971,10.0,1.6399192040000001,1.3494858745186638,0.24902672353815136,-0.011995780242379213,0.5527497823321068,0.24804488063153704,-0.012379328459093064,0.5537598063178512
1779789357.2118938,10.0,1.6598561640000002,1.343388711158958,0.2490273463839905,-0.011995334019976182,0.5527503928224887,0.24804488063153704,-0.012379328459093064,0.5537598063178512
1779789357.2219312,10.0,1.68010437,1.3339187383842426,0.24902701067044156,-0.011994847373366856,0.5527494302394411,0.24804488063153704,-0.012379328459093064,0.5537598063178512
1779789357.2319593,10.0,1.69988732,1.333241199421284,0.2490274659490908,-0.011996282338910223,0.552750268986813,0.24804488063153704,-0.012379328459093064,0.5537598063178512
1779789357.2419512,10.0,1.7198983599999997,1.3467286861996075,0.2490278923024968,-0.011994592420265059,0.5527499220685258,0.24804488063153704,-0.012379328459093064,0.5537598063178512
1779789357.251895,10.0,1.7399146279999997,1.3504826113147237,0.24902742918691667,-0.011994655149154989,0.5527488982061692,0.24804488063153704,-0.012379328459093064,0.5537598063178512
1779789357.2619073,10.0,1.7600214279999993,1.3512422321474422,0.24902764676984138,-0.01199519927973649,0.5527504222199074,0.24804488063153704,-0.012379328459093064,0.5537598063178512
1779789357.2719116,10.0,1.7800292399999988,1.350785120783609,0.2490276443978746,-0.011996157471023687,0.5527511958354349,0.24804488063153704,-0.012379328459093064,0.5537598063178512
1779789357.2819393,10.0,1.799914603999999,1.342163066564466,0.2490279498262979,-0.011996805159341317,0.5527488431893464,0.24804488063153704,-0.012379328459093064,0.5537598063178512
1779789357.291976,10.0,1.8198690359999987,1.3432202484345048,0.24902873913915788,-0.011995435289740775,0.5527482261731738,0.24804488063153704,-0.012379328459093064,0.5537598063178512
1779789357.301871,10.0,1.8399160819999985,1.3539534150734613,0.24902809173743454,-0.011996245336374379,0.5527503546595832,0.24804488063153704,-0.012379328459093064,0.5537598063178512
1779789357.3119028,10.0,1.8600013419999983,1.3632278073056578,0.24902758024347837,-0.011995548053216511,0.5527514864805908,0.24804488063153704,-0.012379328459093064,0.5537598063178512
1779789357.321936,10.0,1.8799922419999981,1.3682008671242205,0.24902895547734497,-0.011995001640875955,0.5527490201443294,0.24804488063153704,-0.012379328459093064,0.5537598063178512
1779789357.3318956,10.0,1.8999168979999983,1.380864569665603,0.24902829214651745,-0.011995291391805418,0.5527513155095682,0.24804488063153704,-0.012379328459093064,0.5537598063178512
1779789357.3419461,10.0,1.9200039419999981,1.3854564923924257,0.24902866765097664,-0.011996714543285946,0.5527488289431773,0.24804488063153704,-0.012379328459093064,0.5537598063178512
1779789357.3519158,10.0,1.9399971259999982,1.389499463957169,0.24902856943837842,-0.011995629214446043,0.5527487137517657,0.24804488063153704,-0.012379328459093064,0.5537598063178512
1779789357.3619387,10.0,1.9599579919999979,1.3960049777245191,0.24902828461608767,-0.011994054940493713,0.5527510022794773,0.24804488063153704,-0.012379328459093064,0.5537598063178512
1779789357.3718967,10.0,1.9799035479999973,1.4046098621981846,0.2490295292144086,-0.0119957445002851,0.552748648879023,0.24804488063153704,-0.012379328459093064,0.5537598063178512
1779789357.3818662,10.0,1.9998770959999974,1.4080859678008875,0.24902948646716908,-0.011995110777115807,0.5527511932892588,0.24804488063153704,-0.012379328459093064,0.5537598063178512
1779789357.3918724,10.0,2.020185553999997,1.4064845439762985,0.24903000498322284,-0.01199423176981554,0.5527478150519965,0.24804488063153704,-0.012379328459093064,0.5537598063178512
1779789357.4018838,10.0,2.0399747159999975,1.402998731303322,0.24903002806780178,-0.011994547945804113,0.5527482415573383,0.24804488063153704,-0.012379328459093064,0.5537598063178512
1779789357.4118645,10.0,2.059879013999997,1.4044868590780126,0.24902877505536394,-0.011995908803899785,0.5527491677472872,0.24804488063153704,-0.012379328459093064,0.5537598063178512
1779789357.4218965,10.0,2.0798895519999974,1.4104058884895112,0.249029269998651,-0.011994888970571153,0.5527502744979097,0.24804488063153704,-0.012379328459093064,0.5537598063178512
1779789357.4318795,10.0,2.0999376419999978,1.4131022643287594,0.24902897740922272,-0.011995891044961203,0.5527483106194498,0.24804488063153704,-0.012379328459093064,0.5537598063178512
1779789357.4418864,10.0,2.119878467999998,1.4099520508312757,0.24902960408951627,-0.01199676734521762,0.5527509675513567,0.24804488063153704,-0.012379328459093064,0.5537598063178512
1779789357.4518702,10.0,2.139969417999997,1.4090651944794146,0.2490289540397941,-0.011994207670138781,0.5527496503942685,0.24804488063153704,-0.012379328459093064,0.5537598063178512
1779789357.4618654,10.0,2.159947213999997,1.4013437463759708,0.2490293957272197,-0.011995261415781854,0.5527500799178464,0.24804488063153704,-0.012379328459093064,0.5537598063178512
1779789357.4719057,10.0,2.179967109999997,1.389675868389835,0.2490289354975451,-0.011995173316247484,0.5527509871421734,0.24804488063153704,-0.012379328459093064,0.5537598063178512
1779789357.4818645,10.0,2.1998971959999967,1.3903072219679258,0.24902910852402418,-0.011994081149116705,0.5527504765468163,0.24804488063153704,-0.012379328459093064,0.5537598063178512
1779789357.4919584,10.0,2.219973999999997,1.3781747009330343,0.24902885661456226,-0.011995295997705548,0.552750542695998,0.24804488063153704,-0.012379328459093064,0.5537598063178512
1779789357.5019178,10.0,2.2400269979999963,1.3488729134432207,0.2490284688733005,-0.01199534100720195,0.5527502400697936,0.24804488063153704,-0.012379328459093064,0.5537598063178512
1779789357.5119376,10.0,2.2598700999999966,1.3309625254067832,0.24902778000904624,-0.011993935055405375,0.5527513710072934,0.24804488063153704,-0.012379328459093064,0.5537598063178512
1779789357.5219274,10.0,2.2800472119999964,1.315503344614542,0.2490282011837483,-0.011995425700803128,0.5527536813189903,0.24804488063153704,-0.012379328459093064,0.5537598063178512
1779789357.5319126,10.0,2.2999766579999967,1.2934227191281862,0.24902793936871498,-0.011995743571765515,0.5527559898659905,0.24804488063153704,-0.012379328459093064,0.5537598063178512
1779789357.5418851,10.0,2.3199098499999966,1.2627167354699025,0.2490269275319675,-0.011996524034374964,0.5527595398817078,0.24804488063153704,-0.012379328459093064,0.5537598063178512
1779789357.551881,10.0,2.339916501999997,1.2378873919710358,0.2490258134180144,-0.011995849395353954,0.5527630228087198,0.24804488063153704,-0.012379328459093064,0.5537598063178512
1779789357.5618985,10.0,2.360014103999997,1.2182822691314021,0.24902561937530066,-0.011997810191954549,0.5527666943040697,0.24804488063153704,-0.012379328459093064,0.5537598063178512
1779789357.5719182,10.0,2.3800522539999975,1.1905418833607926,0.24902496835255655,-0.011997663069237857,0.5527735331680582,0.24804488063153704,-0.012379328459093064,0.5537598063178512
1779789357.5818863,10.0,2.4000123359999974,1.159437661602496,0.24902352631756133,-0.011999097599737307,0.5527793322717084,0.24804488063153704,-0.012379328459093064,0.5537598063178512
1779789357.591887,10.0,2.4201761639999972,1.1382373869972042,0.24902384413446843,-0.011999800187319366,0.5527892511599872,0.24804488063153704,-0.012379328459093064,0.5537598063178512
1779789357.6018963,10.0,2.439898379999997,1.1073950172298601,0.24902403136598433,-0.012003603524661979,0.5528030834610337,0.24804488063153704,-0.012379328459093064,0.5537598063178512
1779789357.611925,10.0,2.4599174139999973,1.0769023855810007,0.24902335742046672,-0.01200349835413489,0.552821258990451,0.24804488063153704,-0.012379328459093064,0.5537598063178512
1779789357.6218674,10.0,2.4799466659999974,1.0450946204365215,0.24902299785354928,-0.012009244751358669,0.5528439871366282,0.24804488063153704,-0.012379328459093064,0.5537598063178512
1779789357.631901,10.0,2.499903323999998,1.0091838382517881,0.24902243661087128,-0.012013038524041383,0.552868547112405,0.24804488063153704,-0.012379328459093064,0.5537598063178512
1779789357.641893,10.0,2.5198507619999977,0.976235020023068,0.24902065011413493,-0.012017666864510024,0.5528981465838664,0.24804488063153704,-0.012379328459093064,0.5537598063178512
1779789357.6518853,10.0,2.540036549999998,0.9391281513422423,0.24901922941966662,-0.01202671998257682,0.5529381811187661,0.24804488063153704,-0.012379328459093064,0.5537598063178512
1779789357.6619062,10.0,2.560056225999998,0.9012722479616908,0.24901517987608107,-0.012033942288193428,0.5529843281711954,0.24804488063153704,-0.012379328459093064,0.5537598063178512
1779789357.671898,10.0,2.580044241999998,0.8758677227138009,0.24901116978702528,-0.012043267830995293,0.5530330541490468,0.24804488063153704,-0.012379328459093064,0.5537598063178512
1779789357.6818604,10.0,2.5998523779999987,0.8378826004213983,0.24900487849397307,-0.012054667076422285,0.553092018298345,0.24804488063153704,-0.012379328459093064,0.5537598063178512
1779789357.6919649,10.0,2.620010775999999,0.7920376554074977,0.2489959951909786,-0.012067331062320334,0.5531525238877366,0.24804488063153704,-0.012379328459093064,0.5537598063178512
1779789357.7018607,10.0,2.6399261739999993,0.7501921226338295,0.24898577203746594,-0.012081015238909667,0.5532209486288774,0.24804488063153704,-0.012379328459093064,0.5537598063178512
1779789357.7119198,10.0,2.6600487439999987,0.7140057546253583,0.2489729983604113,-0.012095479646396168,0.5533036933198677,0.24804488063153704,-0.012379328459093064,0.5537598063178512
1779789357.7219133,10.0,2.680063669999999,0.6588656266908788,0.2489610554314221,-0.012113669334253063,0.5533924199491461,0.24804488063153704,-0.012379328459093064,0.5537598063178512
1779789357.7318833,10.0,2.6999312799999986,0.5968607887604492,0.24894222579161793,-0.012134370201765613,0.5534947167745142,0.24804488063153704,-0.012379328459093064,0.5537598063178512
1779789357.741877,10.0,2.719854733999999,0.5499763940569036,0.2489196062942477,-0.012155982270586695,0.5536097979836434,0.24804488063153704,-0.012379328459093064,0.5537598063178512
1779789357.75186,10.0,2.739856416,0.48914242293161503,0.2488934652478445,-0.012178485926793272,0.5537386630846924,0.24804488063153704,-0.012379328459093064,0.5537598063178512
1779789357.7618914,10.0,2.7599605300000003,0.42047071643109674,0.24886225390984915,-0.012204423318665867,0.5538861276614685,0.24804488063153704,-0.012379328459093064,0.5537598063178512
1779789357.7718985,10.0,2.7800640420000002,0.36449652011442235,0.24881828459075997,-0.012238594083255857,0.5540489702727124,0.24804488063153704,-0.012379328459093064,0.5537598063178512
1779789357.78194,10.0,2.800013766,0.3091245838564587,0.24877306571400865,-0.01227372680476348,0.5542346478516488,0.24804488063153704,-0.012379328459093064,0.5537598063178512
1779789357.7918582,10.0,2.8199893580000013,0.29444118881910186,0.2487274960137552,-0.012313779065787135,0.5544369097302578,0.24804488063153704,-0.012379328459093064,0.5537598063178512
1779789357.801877,10.0,2.839992542000002,0.29401878656438507,0.24867891781706075,-0.012360636338659692,0.5546591208846234,0.24804488063153704,-0.012379328459093064,0.5537598063178512
1779789357.8118846,10.0,2.8598626760000005,0.3214945600995428,0.24863684459857704,-0.012410210877685686,0.5548987684271346,0.24804488063153704,-0.012379328459093064,0.5537598063178512
1779789357.8218846,10.0,2.879905816,0.36930749168986443,0.2485977910817833,-0.012461847647043382,0.5551368923244919,0.24804488063153704,-0.012379328459093064,0.5537598063178512
1779789357.8319063,10.0,2.8999338079999992,0.426733026228148,0.24855820197994996,-0.01251409830629855,0.5553707276577778,0.24804488063153704,-0.012379328459093064,0.5537598063178512
1779789357.8418567,10.0,2.919865977999999,0.49050869762882454,0.24851788156870896,-0.012562971847550567,0.5555889040337209,0.24804488063153704,-0.012379328459093064,0.5537598063178512
1779789357.8518684,10.0,2.9399797499999987,0.5359290179766791,0.24847734645187655,-0.012613191754597403,0.5557943626150302,0.24804488063153704,-0.012379328459093064,0.5537598063178512
1779789357.861897,10.0,2.9599919519999993,0.5621718942306495,0.24843578636360797,-0.012661072578229212,0.5559805919443238,0.24804488063153704,-0.012379328459093064,0.5537598063178512
1779789357.8718677,10.0,2.9799927919999996,0.5885126501814697,0.24839691070938694,-0.01270134975378469,0.5561390192778918,0.24804488063153704,-0.012379328459093064,0.5537598063178512
1779789357.8818903,10.0,2.99990777,0.6116597814752323,0.2483576689896138,-0.012736715738943959,0.5562643751300171,0.24804488063153704,-0.012379328459093064,0.5537598063178512
1779789357.8919408,10.0,3.019831826,0.6266605759690843,0.2483193989821976,-0.012764426876592056,0.5563643545740877,0.24804488063153704,-0.012379328459093064,0.5537598063178512
1779789357.901869,10.0,3.0398200419999997,0.6332242014963175,0.2482837303440277,-0.012789588495454864,0.556447293190547,0.24804488063153704,-0.012379328459093064,0.5537598063178512
1779789357.9118648,10.0,3.060003164,0.6415093712135277,0.24825007375973906,-0.012807586695535349,0.5565133788980122,0.24804488063153704,-0.012379328459093064,0.5537598063178512
1779789357.921884,10.0,3.0798868639999997,0.6631143005743293,0.24822270481686776,-0.012824717076559158,0.5565633518990113,0.24804488063153704,-0.012379328459093064,0.5537598063178512
1779789357.93195,10.0,3.100048106,0.721592531583717,0.24820331094506326,-0.012835155130768517,0.5565994418363439,0.24804488063153704,-0.012379328459093064,0.5537598063178512
1779789357.9418726,10.0,3.1199019680000006,0.7861895235446068,0.2481884697850726,-0.012844196521047626,0.5566229776384711,0.24804488063153704,-0.012379328459093064,0.5537598063178512
1779789357.9518778,10.0,3.140039186000001,0.8441930406704128,0.2481805509117606,-0.01284796159603306,0.5566294128399734,0.24804488063153704,-0.012379328459093064,0.5537598063178512
1779789357.9618778,10.0,3.159913248000001,0.8934905866439289,0.24817992351906024,-0.012848100142909795,0.5566249510766099,0.24804488063153704,-0.012379328459093064,0.5537598063178512
1779789357.971877,10.0,3.17986838,0.9083049436138767,0.24818517509132473,-0.012846450170570992,0.5566110364575049,0.24804488063153704,-0.012379328459093064,0.5537598063178512
1779789357.9819005,10.0,3.1998804819999997,0.9092053243385546,0.24819017935211315,-0.012841167830605115,0.5565964441727392,0.24804488063153704,-0.012379328459093064,0.5537598063178512
1779789357.9918985,10.0,3.219953538,0.8832469327352037,0.24819338989695391,-0.012835629114772608,0.5565782689848489,0.24804488063153704,-0.012379328459093064,0.5537598063178512
1779789358.0018547,10.0,3.2398269179999994,0.8499353296149308,0.24819480657602067,-0.01283313316725815,0.5565683544827529,0.24804488063153704,-0.012379328459093064,0.5537598063178512
1779789358.0119128,10.0,3.2598363339999996,0.8175603908834443,0.24819570146772443,-0.01283368906433049,0.5565677457298205,0.24804488063153704,-0.012379328459093064,0.5537598063178512
1779789358.0218945,10.0,3.2798881099999995,0.7941915059203892,0.24819425852972665,-0.012832327748034994,0.556577284831294,0.24804488063153704,-0.012379328459093064,0.5537598063178512
1779789358.031955,10.0,3.2999782999999994,0.7847355236029514,0.2481942953249232,-0.012834434647776668,0.5565865870288971,0.24804488063153704,-0.012379328459093064,0.5537598063178512
1779789358.0418706,10.0,3.3200056499999993,0.7933189177406011,0.24819077873448095,-0.012838142923333306,0.5565978502411206,0.24804488063153704,-0.012379328459093064,0.5537598063178512
1779789358.0518556,10.0,3.339847289999999,0.8096508702898031,0.24819073071259887,-0.012842195826191992,0.5566085749886666,0.24804488063153704,-0.012379328459093064,0.5537598063178512
1779789358.0618849,10.0,3.3598736579999984,0.839292077390657,0.2481908648970542,-0.012846163645645248,0.5566305633116446,0.24804488063153704,-0.012379328459093064,0.5537598063178512
1779789358.0718536,10.0,3.379900247999999,0.882090978280816,0.24819120346629273,-0.012848633220899333,0.5566467921986884,0.24804488063153704,-0.012379328459093064,0.5537598063178512
1779789358.0819032,10.0,3.3998784639999995,0.9311473369387524,0.2481880318197086,-0.012851576323063794,0.556656487161674,0.24804488063153704,-0.012379328459093064,0.5537598063178512
1779789358.0919216,10.0,3.4200408099999997,0.9662206840661346,0.2481851753782575,-0.012850772191281773,0.5566592019794093,0.24804488063153704,-0.012379328459093064,0.5537598063178512
1779789358.101917,10.0,3.4398650579999996,0.9757878260856014,0.248184353368162,-0.012850109883141217,0.5566613235183566,0.24804488063153704,-0.012379328459093064,0.5537598063178512
1779789358.111862,10.0,3.460038122,0.9572304147660389,0.24818541551814177,-0.012849465342699377,0.5566593000405413,0.24804488063153704,-0.012379328459093064,0.5537598063178512
1779789358.1219087,10.0,3.47991004,0.9227408296017384,0.2481874039741587,-0.012846368249105138,0.5566551329232059,0.24804488063153704,-0.012379328459093064,0.5537598063178512
1779789358.1318796,10.0,3.499892343999999,0.8889267432801382,0.24818799487113588,-0.012846633251764784,0.556651407125526,0.24804488063153704,-0.012379328459093064,0.5537598063178512
1779789358.1419966,10.0,3.519959109999999,0.8602384076847983,0.24818890689049625,-0.012845580677366603,0.5566481595093942,0.24804488063153704,-0.012379328459093064,0.5537598063178512
1779789358.1518753,10.0,3.5398356759999987,0.8536170294205382,0.24818890181604064,-0.012848018003904296,0.5566552969364695,0.24804488063153704,-0.012379328459093064,0.5537598063178512
1779789358.161891,10.0,3.559857435999998,0.8655129388875311,0.24818619900104744,-0.012851723374574265,0.5566761657283034,0.24804488063153704,-0.012379328459093064,0.5537598063178512
1779789358.171971,10.0,3.5798683939999973,0.8954643673715892,0.24818171754947824,-0.012857135404589763,0.5567097904408074,0.24804488063153704,-0.012379328459093064,0.5537598063178512
1779789358.1819012,10.0,3.5999434339999974,0.9399344221573211,0.24818074528756268,-0.012864364794366518,0.5567591216050857,0.24804488063153704,-0.012379328459093064,0.5537598063178512
1779789358.1918902,10.0,3.619899629999998,1.0063791581048054,0.24818020919529923,-0.012873579333721243,0.5568107801116416,0.24804488063153704,-0.012379328459093064,0.5537598063178512
1779789358.2019076,10.0,3.640014985999998,1.0708502700063365,0.24818007330884187,-0.012883069511171456,0.5568595872787431,0.24804488063153704,-0.012379328459093064,0.5537598063178512
1779789358.2119372,10.0,3.6598856219999982,1.115610122886632,0.24818054515104299,-0.012890065994231164,0.5569055772776565,0.24804488063153704,-0.012379328459093064,0.5537598063178512
1779789358.221867,10.0,3.6799720239999982,1.1379578578721403,0.2481816027941442,-0.01289616714113428,0.5569420444010229,0.24804488063153704,-0.012379328459093064,0.5537598063178512
1779789358.231863,10.0,3.7000463219999986,1.1479676968751167,0.24818071519468837,-0.01290162274302362,0.556963919315942,0.24804488063153704,-0.012379328459093064,0.5537598063178512
1779789358.2418787,10.0,3.7200320539999994,1.1406580119319458,0.24817986028636185,-0.012905770256835054,0.5569815822851828,0.24804488063153704,-0.012379328459093064,0.5537598063178512
1779789358.2519565,10.0,3.7399827000000005,1.1102767723614506,0.24817839276501255,-0.012908411621660594,0.556994564634007,0.24804488063153704,-0.012379328459093064,0.5537598063178512
1779789358.2618725,10.0,3.759889402,1.0635767778333007,0.24817933065410583,-0.01291090708854136,0.5570114195102607,0.24804488063153704,-0.012379328459093064,0.5537598063178512
1779789358.2718658,10.0,3.779855738,1.0349969695913774,0.24817783381561792,-0.012917303315171972,0.557034969674967,0.24804488063153704,-0.012379328459093064,0.5537598063178512
1779789358.281864,10.0,3.800011730000001,1.0305100592752343,0.2481757556647358,-0.012922284943252324,0.5570670578157765,0.24804488063153704,-0.012379328459093064,0.5537598063178512
1779789358.2919064,10.0,3.8199173520000023,1.0402260561501615,0.24817005906346826,-0.01293183050310908,0.5571155160881514,0.24804488063153704,-0.012379328459093064,0.5537598063178512
1779789358.301869,10.0,3.8399098360000017,1.0653163737139992,0.24815758960925824,-0.012938567479536152,0.5571821826444819,0.24804488063153704,-0.012379328459093064,0.5537598063178512
1779789358.3118615,10.0,3.8600302020000017,1.1209238526979102,0.24814323079555092,-0.012952679491919684,0.5572625471359233,0.24804488063153704,-0.012379328459093064,0.5537598063178512
1779789358.3218622,10.0,3.8800295200000026,1.2042881212414096,0.24813429670176965,-0.012968496386390296,0.5573504431230607,0.24804488063153704,-0.012379328459093064,0.5537598063178512
1779789358.3319042,10.0,3.899965578000002,1.2957412442007237,0.24812920639630037,-0.012985713388968444,0.5574467717956658,0.24804488063153704,-0.012379328459093064,0.5537598063178512
1779789358.3419223,10.0,3.9199373640000026,1.3576584774573497,0.24812630456954682,-0.013002130295580776,0.5575434555496271,0.24804488063153704,-0.012379328459093064,0.5537598063178512
1779789358.3519483,10.0,3.9399593640000017,1.3993142585235891,0.24812420697705972,-0.01302144325875164,0.5576410109979193,0.24804488063153704,-0.012379328459093064,0.5537598063178512
1779789358.3619208,10.0,3.960100288000002,1.4151092963771175,0.24812294106934726,-0.013036522520673215,0.557725559827404,0.24804488063153704,-0.012379328459093064,0.5537598063178512
1779789358.371888,10.0,3.980015326000001,1.3969233883601675,0.24812100200018286,-0.013048836545091373,0.5577944698323977,0.24804488063153704,-0.012379328459093064,0.5537598063178512
1779789358.381876,10.0,3.9999011300000005,1.3623913450180352,0.2481170506125346,-0.013062360611428072,0.5578609255106791,0.24804488063153704,-0.012379328459093064,0.5537598063178512
1779789358.3918962,10.0,4.019982462,1.3122414202144832,0.24811253607137662,-0.013072610432119934,0.5579212350223853,0.24804488063153704,-0.012379328459093064,0.5537598063178512
1779789358.4018745,10.0,4.039937516,1.271024470271447,0.24810681555187758,-0.013084536970764983,0.5579782030433703,0.24804488063153704,-0.012379328459093064,0.5537598063178512
1779789358.4118688,10.0,4.060096794000001,1.2561721673408004,0.24809906417218314,-0.013097317806466568,0.5580400689742409,0.24804488063153704,-0.012379328459093064,0.5537598063178512
1779789358.4218633,10.0,4.079864676,1.252835565424629,0.24808225279939589,-0.013113364112984418,0.5581080180367765,0.24804488063153704,-0.012379328459093064,0.5537598063178512
1779789358.4318922,10.0,4.0999842399999995,1.2771246233634648,0.2480575058008183,-0.013132137411847749,0.5581838226819623,0.24804488063153704,-0.012379328459093064,0.5537598063178512
1779789358.4418602,10.0,4.119817726,1.317862503060896,0.2480266689249703,-0.013152899512078922,0.5582809023468832,0.24804488063153704,-0.012379328459093064,0.5537598063178512
1779789358.4519298,10.0,4.139938691999999,1.3666476071645348,0.247995829243556,-0.01317934990173617,0.5583886323796331,0.24804488063153704,-0.012379328459093064,0.5537598063178512
1779789358.4618776,10.0,4.15988988,1.4453702617052346,0.2479705572686799,-0.013203886971031548,0.5585044694133613,0.24804488063153704,-0.012379328459093064,0.5537598063178512
1779789358.4719381,10.0,4.179850384,1.5217161625384938,0.24795162884406144,-0.013228721412858772,0.5586288772230549,0.24804488063153704,-0.012379328459093064,0.5537598063178512
1779789358.4818738,10.0,4.199932516,1.5621608977461268,0.24793640593606264,-0.013251076086585137,0.5587498683114858,0.24804488063153704,-0.012379328459093064,0.5537598063178512
1779789358.491888,10.0,4.220054124,1.5710519078792629,0.2479253098276814,-0.013274756352794044,0.5588660531570782,0.24804488063153704,-0.012379328459093064,0.5537598063178512
1779789358.5018907,10.0,4.239922495999999,1.5614328440525655,0.24791510447048257,-0.013295241566686428,0.5589704577004887,0.24804488063153704,-0.012379328459093064,0.5537598063178512
1779789358.511977,10.0,4.260072797999999,1.5417959609127005,0.2478993576460712,-0.013317126569329015,0.5590741615461275,0.24804488063153704,-0.012379328459093064,0.5537598063178512
1779789358.5219705,10.0,4.279924355999999,1.4833139423532375,0.24787509392740828,-0.013337429586784078,0.5591779020138882,0.24804488063153704,-0.012379328459093064,0.5537598063178512
1779789358.5318558,10.0,4.299873719999998,1.4190282217199424,0.24784499337016022,-0.013360936010408593,0.559286000824273,0.24804488063153704,-0.012379328459093064,0.5537598063178512
1779789358.5418763,10.0,4.319952245999998,1.3929218467792737,0.2478021504530703,-0.013388969552902627,0.5593977626422493,0.24804488063153704,-0.012379328459093064,0.5537598063178512
1779789358.551881,10.0,4.339928739999997,1.3883775085869359,0.24773903951633086,-0.013419047999384658,0.5595171611440282,0.24804488063153704,-0.012379328459093064,0.5537598063178512
1779789358.5619078,10.0,4.359888923999996,1.399444162908904,0.2476668246266419,-0.013450916733148955,0.5596478947595694,0.24804488063153704,-0.012379328459093064,0.5537598063178512
1779789358.5718517,10.0,4.3800652359999965,1.4399250060218225,0.24758158187571327,-0.01348545095265776,0.5597933497803063,0.24804488063153704,-0.012379328459093064,0.5537598063178512
1779789358.5818574,10.0,4.399992997999996,1.4909952650539482,0.24748306341796816,-0.013522994286468448,0.559958801748163,0.24804488063153704,-0.012379328459093064,0.5537598063178512
1779789358.5918882,10.0,4.419902205999994,1.5672232947958955,0.24738620697346045,-0.013559446648619201,0.5601332224743706,0.24804488063153704,-0.012379328459093064,0.5537598063178512
1779789358.6018772,10.0,4.439851307999995,1.6679310647580117,0.24729531872023924,-0.013598309015947229,0.5603175250525111,0.24804488063153704,-0.012379328459093064,0.5537598063178512
1779789358.611933,10.0,4.459827181999995,1.7252952797024705,0.24720501006678489,-0.01363683641547075,0.5605096176983146,0.24804488063153704,-0.012379328459093064,0.5537598063178512
1779789358.6218984,10.0,4.479892203999995,1.7453516107847453,0.24712074236886533,-0.01367551158230892,0.5606963431378569,0.24804488063153704,-0.012379328459093064,0.5537598063178512
1779789358.6318707,10.0,4.499910737999995,1.7589997981368648,0.24704067405988503,-0.013713316048642548,0.5608762747950964,0.24804488063153704,-0.012379328459093064,0.5537598063178512
1779789358.641849,10.0,4.519834471999994,1.7460377095775477,0.24696148632411924,-0.013757032356813295,0.561052863313622,0.24804488063153704,-0.012379328459093064,0.5537598063178512
1779789358.651859,10.0,4.539890755999994,1.6975807619589403,0.24686746133754148,-0.01379210430385147,0.5612233036865696,0.24804488063153704,-0.012379328459093064,0.5537598063178512
1779789358.661887,10.0,4.559899251999994,1.624259361988873,0.24675171748741964,-0.01383478732054355,0.5613885291836754,0.24804488063153704,-0.012379328459093064,0.5537598063178512
1779789358.671896,10.0,4.580020457999995,1.56271054572637,0.24662963181533817,-0.013878826280101461,0.5615505736242352,0.24804488063153704,-0.012379328459093064,0.5537598063178512
1779789358.6818533,10.0,4.600015927999994,1.53871997123572,0.2465027232687859,-0.013929246742432223,0.5617233636603388,0.24804488063153704,-0.012379328459093064,0.5537598063178512
1779789358.69189,10.0,4.619910247999995,1.537184357753973,0.24636090686746967,-0.013979540349351028,0.5619094043422336,0.24804488063153704,-0.012379328459093064,0.5537598063178512
1779789358.7019043,10.0,4.639876041999995,1.5460875502355136,0.2462082868606249,-0.014033804474826167,0.5621234000579276,0.24804488063153704,-0.012379328459093064,0.5537598063178512
1779789358.7119398,10.0,4.659836205999994,1.5692205705924203,0.24604722113103483,-0.014089719879651843,0.5623546504220165,0.24804488063153704,-0.012379328459093064,0.5537598063178512
1779789358.7219276,10.0,4.679849189999993,1.6205227711206625,0.24586837055389962,-0.01415447160786674,0.5626111853843325,0.24804488063153704,-0.012379328459093064,0.5537598063178512
1779789358.7319055,10.0,4.699999831999993,1.6918688341940686,0.24568418792101657,-0.01421566917509176,0.5628877036783754,0.24804488063153704,-0.012379328459093064,0.5537598063178512
1779789358.7419803,10.0,4.720022453999994,1.761727266731298,0.2455085246957813,-0.014282275168871301,0.5631907015874472,0.24804488063153704,-0.012379328459093064,0.5537598063178512
1779789358.751864,10.0,4.739926951999994,1.7982500645215849,0.24533558086525148,-0.014339796665141114,0.563515426360942,0.24804488063153704,-0.012379328459093064,0.5537598063178512
1779789358.7618787,10.0,4.759975261999994,1.8146755824785443,0.24516901548795406,-0.014399156453875236,0.5638436355602667,0.24804488063153704,-0.012379328459093064,0.5537598063178512
1779789358.7718542,10.0,4.7798138159999946,1.8257160461104098,0.2450094372328588,-0.014459852437414487,0.5641874528429346,0.24804488063153704,-0.012379328459093064,0.5537598063178512
1779789358.7818973,10.0,4.799927589999996,1.8102456593690361,0.2448475274175771,-0.01452184902885443,0.564544526036947,0.24804488063153704,-0.012379328459093064,0.5537598063178512
1779789358.7919219,10.0,4.819921355999996,1.7784578111381886,0.24466725131155861,-0.014581651142686043,0.5649172330670338,0.24804488063153704,-0.012379328459093064,0.5537598063178512
1779789358.801929,10.0,4.840045769999995,1.7283022450336005,0.24446657810133968,-0.014647781839647869,0.5653124198060292,0.24804488063153704,-0.012379328459093064,0.5537598063178512
1779789358.811885,10.0,4.860005853999995,1.6935690073476601,0.24424193681617803,-0.014713600972832678,0.5657179843274351,0.24804488063153704,-0.012379328459093064,0.5537598063178512
1779789358.8219752,10.0,4.879956317999995,1.6882551933073187,0.24400181695415776,-0.014787980863530257,0.5661583515596815,0.24804488063153704,-0.012379328459093064,0.5537598063178512
1779789358.8318474,10.0,4.899908507999994,1.695999752186548,0.24373410457371056,-0.014860002220270872,0.5666175073880204,0.24804488063153704,-0.012379328459093064,0.5537598063178512
1779789358.8419414,10.0,4.919840377999994,1.707282347392931,0.24344518358817951,-0.014927304564468795,0.5671126822828463,0.24804488063153704,-0.012379328459093064,0.5537598063178512
1779789358.851887,10.0,4.939842139999995,1.7622402926035667,0.24313230185536144,-0.01499936679180315,0.5676246925478643,0.24804488063153704,-0.012379328459093064,0.5537598063178512
1779789358.8619192,10.0,4.959940483999995,1.8516984841696056,0.24280804137621798,-0.015074712496090086,0.5681438177510432,0.24804488063153704,-0.012379328459093064,0.5537598063178512
1779789358.8718905,10.0,4.979939721999996,1.953432827694247,0.24247977735836684,-0.015146546180673643,0.5686869660638089,0.24804488063153704,-0.012379328459093064,0.5537598063178512
1779789358.881863,10.0,4.999816307999996,2.031366956773268,0.24214291140380007,-0.015225670399676695,0.5692446629185219,0.24804488063153704,-0.012379328459093064,0.5537598063178512
1779789358.8918579,10.0,5.019890065999997,2.0675123219353537,0.2418040518719268,-0.015298385166170218,0.5698060713849825,0.24804488063153704,-0.012379328459093064,0.5537598063178512
1779789358.901867,10.0,5.039875435999997,2.109233449451548,0.24146186423361835,-0.015372286521136902,0.570369162903128,0.24804488063153704,-0.012379328459093064,0.5537598063178512
1779789358.9119053,10.0,5.060040867999999,2.1265598470415275,0.24111601780857983,-0.015444793969805887,0.5709153761810476,0.24804488063153704,-0.012379328459093064,0.5537598063178512
1779789358.9219527,10.0,5.080037579999997,2.115161789347418,0.24076661568822216,-0.015514544204514858,0.5714484243289354,0.24804488063153704,-0.012379328459093064,0.5537598063178512
1779789358.9318538,10.0,5.099950513999998,2.0631027190821642,0.24039956610165028,-0.015587839474625153,0.5719756586761974,0.24804488063153704,-0.012379328459093064,0.5537598063178512
1779789358.9419193,10.0,5.119834595999999,1.9803377856355688,0.240016636909463,-0.01566566841076175,0.5725042230059257,0.24804488063153704,-0.012379328459093064,0.5537598063178512
1779789358.9518836,10.0,5.139900577999999,1.9237929578500612,0.23961779923225274,-0.015753724197659406,0.5730349077205567,0.24804488063153704,-0.012379328459093064,0.5537598063178512
1779789358.9618757,10.0,5.1600209439999976,1.8861220419465794,0.23920019249888835,-0.015844963936987897,0.5735672934276429,0.24804488063153704,-0.012379328459093064,0.5537598063178512
1779789358.9718575,10.0,5.179934239999997,1.8491127810052554,0.23877806967753876,-0.015937724478304414,0.5741315278555246,0.24804488063153704,-0.012379328459093064,0.5537598063178512
1779789358.9818482,10.0,5.199866669999996,1.8146096421009845,0.23834502506815813,-0.0160350930586135,0.5747133768510777,0.24804488063153704,-0.012379328459093064,0.5537598063178512
1779789358.9918683,10.0,5.219875665999996,1.7681599310169671,0.2378942420942987,-0.016135762593295088,0.5753082530707249,0.24804488063153704,-0.012379328459093064,0.5537598063178512
1779789359.0018566,10.0,5.239868169999996,1.7380299786179605,0.23742203852688223,-0.016246522670134305,0.5759263189967189,0.24804488063153704,-0.012379328459093064,0.5537598063178512
1779789359.0118937,10.0,5.259971825999996,1.7275316584450517,0.23691949698504997,-0.01635992927734474,0.5765664266451129,0.24804488063153704,-0.012379328459093064,0.5537598063178512
1779789359.0218658,10.0,5.279886223999996,1.7136104600886561,0.23638591034325715,-0.01648004822845079,0.5772407244703514,0.24804488063153704,-0.012379328459093064,0.5537598063178512
1779789359.0318894,10.0,5.299885399999994,1.6887205279816146,0.23581689152773538,-0.016609389700159256,0.5779541658626086,0.24804488063153704,-0.012379328459093064,0.5537598063178512
1779789359.041863,10.0,5.3198500739999925,1.6648916476619646,0.23521054121123816,-0.01674192188644642,0.5787172628254011,0.24804488063153704,-0.012379328459093064,0.5537598063178512
1779789359.0518904,10.0,5.339935873999991,1.6502290091003124,0.2345633073413745,-0.016884317119012594,0.5795319518305546,0.24804488063153704,-0.012379328459093064,0.5537598063178512
1779789359.061888,10.0,5.3599247719999905,1.6497392553695234,0.23386514624140115,-0.017034054293451572,0.5803992982443394,0.24804488063153704,-0.012379328459093064,0.5537598063178512
1779789359.0718546,10.0,5.379927735999991,1.6515021445104812,0.23311980963106896,-0.0171848417147975,0.5813184790874735,0.24804488063153704,-0.012379328459093064,0.5537598063178512
1779789359.0818455,10.0,5.399832375999988,1.6899160237069952,0.23234961448757913,-0.017344200820151368,0.582264804170433,0.24804488063153704,-0.012379328459093064,0.5537598063178512
1779789359.091852,10.0,5.41982197599999,1.8017931121577972,0.23158524155560453,-0.017505352440347167,0.5832473103698541,0.24804488063153704,-0.012379328459093064,0.5537598063178512
1779789359.101859,10.0,5.439910381999988,1.9328504271551314,0.23082570792869023,-0.017660704321939585,0.584262226492879,0.24804488063153704,-0.012379328459093064,0.5537598063178512
1779789359.1119025,10.0,5.459888799999987,2.054176763239321,0.23007483645107757,-0.01780799508528497,0.5852950951431639,0.24804488063153704,-0.012379328459093064,0.5537598063178512
1779789359.1218777,10.0,5.480052567999987,2.1785295518934698,0.22931047375046973,-0.017955544636901445,0.5863648595867943,0.24804488063153704,-0.012379328459093064,0.5537598063178512
1779789359.1318433,10.0,5.4998444359999885,2.2179108001279535,0.228524160837603,-0.01811141459203355,0.5874723027431185,0.24804488063153704,-0.012379328459093064,0.5537598063178512
1779789359.1418688,10.0,5.519950273999989,2.17482140415188,0.22772656949975276,-0.01827164548470348,0.588592696182835,0.24804488063153704,-0.012379328459093064,0.5537598063178512
1779789359.1519365,10.0,5.539835455999988,2.137094717202662,0.2269141843706716,-0.018451433059903658,0.5897196035432869,0.24804488063153704,-0.012379328459093064,0.5537598063178512
1779789359.1618466,10.0,5.560018659999987,2.0240775982949937,0.2260627945904469,-0.018642077662463164,0.5908628253859931,0.24804488063153704,-0.012379328459093064,0.5537598063178512
1779789359.1718569,10.0,5.579911517999988,1.8683956501488697,0.22518090779146271,-0.018832603923434766,0.5920168339350081,0.24804488063153704,-0.012379328459093064,0.5537598063178512
1779789359.1818833,10.0,5.599840963999988,1.7264350528793477,0.22423322079911262,-0.019041108620982124,0.5931935299982873,0.24804488063153704,-0.012379328459093064,0.5537598063178512
1779789359.1919427,10.0,5.619996555999989,1.5962873003451057,0.2232349673041583,-0.019247562993846327,0.5943775761102836,0.24804488063153704,-0.012379328459093064,0.5537598063178512
1779789359.2018626,10.0,5.640018275999989,1.5686850070311498,0.2222141866147278,-0.019448768479207658,0.5955585198762672,0.24804488063153704,-0.012379328459093064,0.5537598063178512
1779789359.2118552,10.0,5.659888009999989,1.6099757208786194,0.2211785983579017,-0.01964973762957953,0.596762835587794,0.24804488063153704,-0.012379328459093064,0.5537598063178512
1779789359.2218518,10.0,5.679853525999991,1.6847334617384215,0.22013051291238275,-0.019843452708450813,0.5979668585088764,0.24804488063153704,-0.012379328459093064,0.5537598063178512
1779789359.2318385,10.0,5.699962969999991,1.8085316071653454,0.21905374612930034,-0.020047443034946058,0.5991954559502594,0.24804488063153704,-0.012379328459093064,0.5537598063178512
1779789359.241839,10.0,5.719992885999991,1.930731073563736,0.2179648674893646,-0.020258812321016048,0.6004671339272359,0.24804488063153704,-0.012379328459093064,0.5537598063178512
1779789359.2518513,10.0,5.739847891999993,2.0202774582709657,0.21685727149537445,-0.020475795466970967,0.6017928582346851,0.24804488063153704,-0.012379328459093064,0.5537598063178512
1779789359.2619026,10.0,5.759865363999994,2.0129240571389597,0.2157413623238976,-0.02069247560433793,0.6031466149426992,0.24804488063153704,-0.012379328459093064,0.5537598063178512
1779789359.2718427,10.0,5.7798680679999945,1.986413432372491,0.21459906203351553,-0.02092089357408382,0.6045248052424765,0.24804488063153704,-0.012379328459093064,0.5537598063178512
1779789359.2819083,10.0,5.799985769999996,1.8934322389863314,0.2134426100539691,-0.021147825945439798,0.6059298885062874,0.24804488063153704,-0.012379328459093064,0.5537598063178512
1779789359.2918801,10.0,5.819923711999996,1.8298334238464515,0.2122794891747592,-0.021372722332888568,0.6073580468789431,0.24804488063153704,-0.012379328459093064,0.5537598063178512
1779789359.301916,10.0,5.839908441999993,1.8021326039115468,0.21110332632443504,-0.02159476401218777,0.6087838309898812,0.24804488063153704,-0.012379328459093064,0.5537598063178512
1779789359.311907,10.0,5.859963865999994,1.8245950092640355,0.2098920152644642,-0.02181249635840544,0.6102081010074452,0.24804488063153704,-0.012379328459093064,0.5537598063178512
1779789359.3218694,10.0,5.880148651999995,1.8447911683656577,0.2086341643875823,-0.022028706522247383,0.6116196853094956,0.24804488063153704,-0.012379328459093064,0.5537598063178512
1779789359.3318832,10.0,5.899819851999995,1.9159396018051438,0.20732672210173125,-0.022254238739896966,0.6130535876584454,0.24804488063153704,-0.012379328459093064,0.5537598063178512
1779789359.341925,10.0,5.919856901999994,1.9719957130866899,0.20598795708360226,-0.02251144009508051,0.6145503663169107,0.24804488063153704,-0.012379328459093064,0.5537598063178512
1779789359.3519,10.0,5.939885033999994,1.9437110288303214,0.20461858481887735,-0.022785128267485487,0.616092754955696,0.24804488063153704,-0.012379328459093064,0.5537598063178512
1779789359.361848,10.0,5.959897977999995,1.8142529510606862,0.20323570171909067,-0.02306110228899715,0.6176840334068504,0.24804488063153704,-0.012379328459093064,0.5537598063178512
1779789359.371926,10.0,5.979896853999995,1.6519739721758893,0.2018354464360319,-0.023349377462213154,0.6193352700174601,0.24804488063153704,-0.012379328459093064,0.5537598063178512
1779789359.3818974,10.0,5.999979949999995,1.560103030354256,0.2004136884642844,-0.02363511064146284,0.6209789084309258,0.24804488063153704,-0.012379328459093064,0.5537598063178512
1779789359.3918805,10.0,6.019882365999996,1.6641511775915028,0.19895033811075602,-0.02391804839135324,0.6225970567590616,0.24804488063153704,-0.012379328459093064,0.5537598063178512
1779789359.4018486,10.0,6.039886251999997,1.8897217109031474,0.1974345118822874,-0.02419051234823953,0.6241883469391482,0.24804488063153704,-0.012379328459093064,0.5537598063178512
1779789359.4118533,10.0,6.059968625999997,2.1229504431927784,0.19586677978384467,-0.02449180785887854,0.6258319769575158,0.24804488063153704,-0.012379328459093064,0.5537598063178512
1779789359.421883,10.0,6.079917027999997,2.191422010568628,0.1942966213309758,-0.02481375152997638,0.6275474531277031,0.24804488063153704,-0.012379328459093064,0.5537598063178512
1779789359.4318368,10.0,6.099836535999997,2.0926420285866465,0.1927240147984854,-0.02514956838627973,0.6293485653265097,0.24804488063153704,-0.012379328459093064,0.5537598063178512
1779789359.4419181,10.0,6.120044987999997,1.8559158015636563,0.19113765478067327,-0.02549702183501119,0.6311891206192656,0.24804488063153704,-0.012379328459093064,0.5537598063178512
1779789359.451907,10.0,6.139825052,1.6575966363475514,0.18953870878425427,-0.025845518345423153,0.6330173464342483,0.24804488063153704,-0.012379328459093064,0.5537598063178512
1779789359.4618535,10.0,6.159832825999999,1.6753356994386428,0.18789980666632922,-0.026178301600751495,0.6347934595483565,0.24804488063153704,-0.012379328459093064,0.5537598063178512
1779789359.4719324,10.0,6.179871357999999,1.8749774815225035,0.18622240559226763,-0.02651093373379431,0.6365435095359602,0.24804488063153704,-0.012379328459093064,0.5537598063178512
1779789359.4819293,10.0,6.199840799999999,2.096754440736395,0.1844842249292962,-0.026879004346952805,0.6383439296657482,0.24804488063153704,-0.012379328459093064,0.5537598063178512
1779789359.4918802,10.0,6.220028031999999,2.1704571760290934,0.1827295653462519,-0.027253412993631,0.6402095438251516,0.24804488063153704,-0.012379328459093064,0.5537598063178512
1779789359.5018528,10.0,6.239847529999998,2.0784221275987593,0.18094731872487893,-0.027638116847753136,0.6421406875362822,0.24804488063153704,-0.012379328459093064,0.5537598063178512
1779789359.511843,10.0,6.259840818,1.9380078929129718,0.17915206780000462,-0.028023491020269714,0.6440582546376379,0.24804488063153704,-0.012379328459093064,0.5537598063178512
1779789359.521888,10.0,6.279956814,1.9696542929016236,0.1773452544233201,-0.028400997183889956,0.6459209698240523,0.24804488063153704,-0.012379328459093064,0.5537598063178512
1779789359.5318663,10.0,6.299862876,2.15719543493883,0.1755082685188733,-0.028774532453597026,0.6477674743329946,0.24804488063153704,-0.012379328459093064,0.5537598063178512
1779789359.5419235,10.0,6.3201497159999995,2.2984391795360084,0.17364351255583074,-0.029164706522412914,0.6496705975471478,0.24804488063153704,-0.012379328459093064,0.5537598063178512
1779789359.5518608,10.0,6.339929901999999,2.2791614624733123,0.17176860014978473,-0.029571527394021614,0.6516248076021494,0.24804488063153704,-0.012379328459093064,0.5537598063178512
1779789359.5618713,10.0,6.360096573999999,2.129318027231478,0.1698808200365793,-0.029987889736211637,0.6536296185673145,0.24804488063153704,-0.012379328459093064,0.5537598063178512
1779789359.5719001,10.0,6.379909381999999,1.9629595014314623,0.16800077969081592,-0.030393447158578314,0.65560249577729,0.24804488063153704,-0.012379328459093064,0.5537598063178512
1779789359.5818534,10.0,6.399893570000001,2.0314241429057245,0.1661192767810118,-0.030793436894379647,0.6575019944197302,0.24804488063153704,-0.012379328459093064,0.5537598063178512
1779789359.591915,10.0,6.420236074000002,2.302984837386622,0.16420566756744007,-0.031194391242210292,0.659389378607317,0.24804488063153704,-0.012379328459093064,0.5537598063178512
1779789359.6019251,10.0,6.4400190460000015,2.4861760950019516,0.1622533732490464,-0.031640962654298825,0.6613336853461516,0.24804488063153704,-0.012379328459093064,0.5537598063178512
1779789359.61184,10.0,6.459817766000001,2.4881741578328223,0.1602824281671182,-0.032105892976874016,0.6633251046433017,0.24804488063153704,-0.012379328459093064,0.5537598063178512
1779789359.6218846,10.0,6.4798298480000005,2.3952749419029296,0.1583078788808366,-0.03258790477955571,0.6653029365835764,0.24804488063153704,-0.012379328459093064,0.5537598063178512
1779789359.6318386,10.0,6.499871465999999,2.460526528194687,0.1563871374973564,-0.03305144728435466,0.6672231121510339,0.24804488063153704,-0.012379328459093064,0.5537598063178512
1779789359.6418734,10.0,6.519982513999999,2.7611612344300305,0.15452528068105323,-0.03350683273482202,0.6691159273902944,0.24804488063153704,-0.012379328459093064,0.5537598063178512
1779789359.6518981,10.0,6.539810769999999,3.09777397799099,0.15268695182072445,-0.0339767343212594,0.671060165776275,0.24804488063153704,-0.012379328459093064,0.5537598063178512
1779789359.6619244,10.0,6.559829623999999,3.2782885200120058,0.15089082290265934,-0.034461389267608465,0.6730382661132394,0.24804488063153704,-0.012379328459093064,0.5537598063178512
1779789359.6718686,10.0,6.579874987999999,3.3565062651786084,0.14915039345737907,-0.034969253958987666,0.6750122764579566,0.24804488063153704,-0.012379328459093064,0.5537598063178512
1779789359.681845,10.0,6.599865130000001,3.6069618966843957,0.14751502878303444,-0.035458686041465785,0.676902370114315,0.24804488063153704,-0.012379328459093064,0.5537598063178512
1779789359.6918495,10.0,6.619976318000003,4.189289052929838,0.14602110216551456,-0.03592725097664994,0.6787031993749226,0.24804488063153704,-0.012379328459093064,0.5537598063178512
1779789359.701854,10.0,6.639828498000002,4.9930104522826495,0.1446727160580045,-0.03641513246786777,0.6804871598798827,0.24804488063153704,-0.012379328459093064,0.5537598063178512
1779789359.7118478,10.0,6.6597984220000015,5.719430140877971,0.1434462819542474,-0.03694828135333949,0.6822760400741279,0.24804488063153704,-0.012379328459093064,0.5537598063178512
1779789359.7218688,10.0,6.679895022000002,6.307689022928829,0.1423490590665485,-0.03750136829551446,0.6840086346557941,0.24804488063153704,-0.012379328459093064,0.5537598063178512
1779789359.7318633,10.0,6.699859414000001,6.948177960421343,0.14134411630657776,-0.0380801191515684,0.6856344921254282,0.24804488063153704,-0.012379328459093064,0.5537598063178512
1779789359.7418747,10.0,6.719824448000002,7.724521103656493,0.14047015268674948,-0.03869564384609062,0.6871251987438107,0.24804488063153704,-0.012379328459093064,0.5537598063178512
1779789359.7519107,10.0,6.739927280000002,8.661247019644016,0.13972776265319323,-0.03931248360780523,0.6884555110608205,0.24804488063153704,-0.012379328459093064,0.5537598063178512
1779789359.7619023,10.0,6.759912392,9.705659446273085,0.13911503234452488,-0.039928949096391685,0.6896319750464108,0.24804488063153704,-0.012379328459093064,0.5537598063178512
1779789359.7719462,10.0,6.779922168,10.71570373140438,0.1386209289494531,-0.04053758093329916,0.6907020960142288,0.24804488063153704,-0.012379328459093064,0.5537598063178512
1779789359.781888,10.0,6.799895278000001,11.634884748112214,0.13826228872777027,-0.04116373338610261,0.6916598226790874,0.24804488063153704,-0.012379328459093064,0.5537598063178512
1779789359.7919035,10.0,6.819993382000002,12.466058488952639,0.13802619757375473,-0.04175082484940844,0.6924858676174858,0.24804488063153704,-0.012379328459093064,0.5537598063178512
1779789359.8018837,10.0,6.840018948000002,13.18328517339377,0.1378818479391398,-0.042280412350924,0.693179209713246,0.24804488063153704,-0.012379328459093064,0.5537598063178512
1779789359.8119037,10.0,6.859863755999999,13.757182428371529,0.13781219347705004,-0.04276255629638959,0.6937195300709054,0.24804488063153704,-0.012379328459093064,0.5537598063178512
1779789359.8218849,10.0,6.879831334,14.254679103889591,0.13782699718334515,-0.04319874755673874,0.6940903040551398,0.24804488063153704,-0.012379328459093064,0.5537598063178512
1779789359.8319073,10.0,6.899821796000001,14.737045333065222,0.1379254646188279,-0.04357837766922141,0.6943009489373274,0.24804488063153704,-0.012379328459093064,0.5537598063178512
1779789359.841907,10.0,6.919911042000004,15.157707399582662,0.13809548683050998,-0.043912406318705834,0.6943760491345609,0.24804488063153704,-0.012379328459093064,0.5537598063178512
1779789359.8519301,10.0,6.939892788000003,15.457213031328209,0.1383468643697992,-0.04419231516970784,0.6943311428684447,0.24804488063153704,-0.012379328459093064,0.5537598063178512
1779789359.8618445,10.0,6.959914408000004,15.656743164093937,0.13867626891503945,-0.044409200514878205,0.6941726997410977,0.24804488063153704,-0.012379328459093064,0.5537598063178512
1779789359.8718793,10.0,6.979897154000004,15.743522127971742,0.13904724686639686,-0.044583356668713305,0.6939428130836348,0.24804488063153704,-0.012379328459093064,0.5537598063178512
1779789359.881863,10.0,6.999879680000005,15.645034955646754,0.13943396525579715,-0.044714124118224105,0.6936550194980361,0.24804488063153704,-0.012379328459093064,0.5537598063178512
1779789359.8918583,10.0,7.019959450000007,15.403219971203821,0.13984760080178826,-0.04481535667620348,0.6933118612733055,0.24804488063153704,-0.012379328459093064,0.5537598063178512
1779789359.9018908,10.0,7.039956142000009,15.040959351851338,0.14028889453965,-0.04489244034298318,0.6929208980231535,0.24804488063153704,-0.012379328459093064,0.5537598063178512
1779789359.9119096,10.0,7.059931294000011,14.55116639998181,0.14075017736458537,-0.044936325231951874,0.6924811379512649,0.24804488063153704,-0.012379328459093064,0.5537598063178512
1779789359.9219058,10.0,7.0798546300000105,13.972289967914467,0.1412187541109118,-0.04494485485060181,0.6919813780036248,0.24804488063153704,-0.012379328459093064,0.5537598063178512
1779789359.931863,10.0,7.09989831000001,13.309966829115886,0.14166823477583107,-0.04492682581199641,0.6914423557439787,0.24804488063153704,-0.012379328459093064,0.5537598063178512
1779789359.9418378,10.0,7.11982094400001,12.566531453362554,0.14208781883181623,-0.04488524705418717,0.6908594154618154,0.24804488063153704,-0.012379328459093064,0.5537598063178512
1779789359.9518356,10.0,7.139867350000012,11.76684985894356,0.14246987177345796,-0.04482363584997242,0.6902625767975863,0.24804488063153704,-0.012379328459093064,0.5537598063178512
1779789359.9618783,10.0,7.159925058000011,10.941570592752456,0.14283261855765333,-0.044733207018015045,0.6896673215429266,0.24804488063153704,-0.012379328459093064,0.5537598063178512
1779789359.9718506,10.0,7.17998829600001,10.16182642645982,0.14317975668128988,-0.0446135550840927,0.6890779113783339,0.24804488063153704,-0.012379328459093064,0.5537598063178512
1779789359.9818902,10.0,7.199937500000011,9.456439822826677,0.1435105468161084,-0.04447354145600104,0.6885069075273164,0.24804488063153704,-0.012379328459093064,0.5537598063178512
1779789359.991834,10.0,7.219890170000012,8.762738920514021,0.14380151238873753,-0.0443171044991424,0.6879650584380398,0.24804488063153704,-0.012379328459093064,0.5537598063178512
1779789360.0018334,10.0,7.239794770000012,8.05319667336417,0.14404784732636272,-0.04413957290967156,0.6874513659150187,0.24804488063153704,-0.012379328459093064,0.5537598063178512
1779789360.0118341,10.0,7.259818976000013,7.385650347296288,0.14425664236567548,-0.0439622704531509,0.6869673919837418,0.24804488063153704,-0.012379328459093064,0.5537598063178512
1779789360.0218458,10.0,7.279820438000013,6.737354126824497,0.14442723281022982,-0.04379533797587362,0.6865192961769905,0.24804488063153704,-0.012379328459093064,0.5537598063178512
1779789360.0318825,10.0,7.299915736000012,6.155374614924889,0.14456988693368747,-0.043633658644589485,0.6860974807770085,0.24804488063153704,-0.012379328459093064,0.5537598063178512
1779789360.0418437,10.0,7.3199558120000106,5.654833597328348,0.14466935979932302,-0.04347637630930037,0.6857079687882557,0.24804488063153704,-0.012379328459093064,0.5537598063178512
1779789360.0519235,10.0,7.33997723200001,5.187438011552731,0.14473344504855853,-0.04332698834404778,0.685346267002087,0.24804488063153704,-0.012379328459093064,0.5537598063178512
1779789360.0618436,10.0,7.3597814620000115,4.748278280321733,0.1447818597446252,-0.043183299834224455,0.6850023400364503,0.24804488063153704,-0.012379328459093064,0.5537598063178512
1779789360.0718715,10.0,7.380012798000011,4.383986484550824,0.14481214524814065,-0.0430415949172579,0.6846887314759913,0.24804488063153704,-0.012379328459093064,0.5537598063178512
1779789360.081886,10.0,7.399826768000009,4.061541806086241,0.1448101106207022,-0.04290763787661974,0.684417371194216,0.24804488063153704,-0.012379328459093064,0.5537598063178512
1779789360.091848,10.0,7.419796850000009,3.770346150229157,0.1447762384083382,-0.04279399095904377,0.6841819506689022,0.24804488063153704,-0.012379328459093064,0.5537598063178512
1779789360.1018314,10.0,7.439857966000007,3.539596683861377,0.14470825598315024,-0.042700386402183495,0.6839731890774596,0.24804488063153704,-0.012379328459093064,0.5537598063178512
1779789360.1118348,10.0,7.459807630000007,3.397823764858164,0.14460875416636154,-0.0426216411978735,0.6837897306118776,0.24804488063153704,-0.012379328459093064,0.5537598063178512
1779789360.121846,10.0,7.479874256000006,3.3205007883595266,0.14446973997996912,-0.04255283074214867,0.6836538294887328,0.24804488063153704,-0.012379328459093064,0.5537598063178512
1779789360.1318593,10.0,7.499803282000006,3.2495124697641447,0.1442911536702268,-0.04249281375730067,0.6835675328272057,0.24804488063153704,-0.012379328459093064,0.5537598063178512
1779789360.1418602,10.0,7.519931202000004,3.206147245007361,0.14410081174529882,-0.042446428175742804,0.6835333523334404,0.24804488063153704,-0.012379328459093064,0.5537598063178512
1779789360.1518757,10.0,7.539805964000006,3.2240060494178753,0.14389809298505923,-0.04241874700578184,0.6835413779520332,0.24804488063153704,-0.012379328459093064,0.5537598063178512
1779789360.161869,10.0,7.559912646000008,3.3047330134060853,0.14367589618186202,-0.042411996796218154,0.6836081251671349,0.24804488063153704,-0.012379328459093064,0.5537598063178512
1779789360.1718593,10.0,7.579870146000006,3.4339061838862754,0.14343355968390137,-0.04242175911251762,0.6837171394683723,0.24804488063153704,-0.012379328459093064,0.5537598063178512
1779789360.1818304,10.0,7.600057056000006,3.6182825269116354,0.1431731691373431,-0.042455295958511545,0.6838708763826715,0.24804488063153704,-0.012379328459093064,0.5537598063178512
1779789360.1918924,10.0,7.620047838000006,3.828328092750537,0.1429159259245185,-0.04249975858037396,0.6840722504759552,0.24804488063153704,-0.012379328459093064,0.5537598063178512
1779789360.2018268,10.0,7.639782198000006,4.087377057484061,0.14267521083231471,-0.04255259188546218,0.6843077240281589,0.24804488063153704,-0.012379328459093064,0.5537598063178512
1779789360.2118292,10.0,7.659890742000005,4.38006764637057,0.14245498013268007,-0.04262138690101742,0.684573760131525,0.24804488063153704,-0.012379328459093064,0.5537598063178512
1779789360.221843,10.0,7.679898818000005,4.711796652614956,0.1422646883947127,-0.042697994228484866,0.6848584663712378,0.24804488063153704,-0.012379328459093064,0.5537598063178512
1779789360.231848,10.0,7.699897134000003,5.075440265793062,0.14210663042397315,-0.04278861347213499,0.6851509476795337,0.24804488063153704,-0.012379328459093064,0.5537598063178512
1779789360.2418542,10.0,7.7199153480000025,5.452751496669966,0.14196200055050298,-0.042885861546203274,0.6854481857627923,0.24804488063153704,-0.012379328459093064,0.5537598063178512
1779789360.2518249,10.0,7.739798948000004,5.821404589689677,0.14184464882107684,-0.04298217784382871,0.6857251765237514,0.24804488063153704,-0.012379328459093064,0.5537598063178512
1779789360.261863,10.0,7.759893104000004,6.183873844934361,0.14174410849459873,-0.04307245939266891,0.6859835782003672,0.24804488063153704,-0.012379328459093064,0.5537598063178512
1779789360.271927,10.0,7.7798307660000035,6.5298950042672805,0.1416636861488314,-0.04315209061804262,0.6862089349812368,0.24804488063153704,-0.012379328459093064,0.5537598063178512
1779789360.281908,10.0,7.7998822240000045,6.883377731899822,0.14160752834055065,-0.043227627754394496,0.68638971751047,0.24804488063153704,-0.012379328459093064,0.5537598063178512
1779789360.2918694,10.0,7.819839182000004,7.198422571782706,0.1415660720494151,-0.04329834972431165,0.6865264374333545,0.24804488063153704,-0.012379328459093064,0.5537598063178512
1779789360.301828,10.0,7.839952094000003,7.490878752699796,0.1415479460184542,-0.043358382060345535,0.6866144246061066,0.24804488063153704,-0.012379328459093064,0.5537598063178512
1779789360.311847,10.0,7.859978644000002,7.76922228138068,0.1415519477681032,-0.04340074985660388,0.6866545147515858,0.24804488063153704,-0.012379328459093064,0.5537598063178512
1779789360.3218646,10.0,7.879837118000003,8.014907871519709,0.14158237657844572,-0.04343677495734937,0.6866413351531045,0.24804488063153704,-0.012379328459093064,0.5537598063178512
1779789360.3318825,10.0,7.899845252000002,8.219962959112634,0.14163233095395605,-0.043462185421859305,0.6865933156744725,0.24804488063153704,-0.012379328459093064,0.5537598063178512
1779789360.341915,10.0,7.919841384000003,8.386364161418738,0.14171317481340287,-0.04348012763249651,0.6865308416347073,0.24804488063153704,-0.012379328459093064,0.5537598063178512
1779789360.351873,10.0,7.939882662000005,8.521527887544801,0.14181906990712462,-0.043485651380775536,0.6864490031867082,0.24804488063153704,-0.012379328459093064,0.5537598063178512
1779789360.361865,10.0,7.959906186000005,8.606216329696496,0.14194424851381865,-0.0434875791572615,0.6863404251261833,0.24804488063153704,-0.012379328459093064,0.5537598063178512
1779789360.371846,10.0,7.979874264000006,8.616711756488902,0.14208215038439317,-0.04348119853766767,0.68620191942112,0.24804488063153704,-0.012379328459093064,0.5537598063178512
1779789360.38185,10.0,7.999841964000005,8.556206066564133,0.14223917371534622,-0.043464154486988905,0.6860364738275299,0.24804488063153704,-0.012379328459093064,0.5537598063178512
1779789360.3918688,10.0,8.020037050000004,8.463802700754362,0.14239852164008848,-0.04343872502093709,0.6858401322563741,0.24804488063153704,-0.012379328459093064,0.5537598063178512
1779789360.4018557,10.0,8.039845470000005,8.317232413664671,0.14255782427235292,-0.04340196034117363,0.6856105673251038,0.24804488063153704,-0.012379328459093064,0.5537598063178512
1779789360.4118235,10.0,8.059897046000005,8.128673301404225,0.14271970430549574,-0.043352109048681454,0.6853640291580685,0.24804488063153704,-0.012379328459093064,0.5537598063178512
1779789360.4218352,10.0,8.079833004000006,7.904293067995785,0.14287813319398365,-0.04329239893197937,0.6851108552435307,0.24804488063153704,-0.012379328459093064,0.5537598063178512
1779789360.431853,10.0,8.099921972000008,7.6605181872365025,0.14302375398943612,-0.04322099428110362,0.6848622423633869,0.24804488063153704,-0.012379328459093064,0.5537598063178512
1779789360.4418468,10.0,8.119867830000008,7.395109067427636,0.14315763902725476,-0.04314271770697972,0.6846307791525823,0.24804488063153704,-0.012379328459093064,0.5537598063178512
1779789360.4518528,10.0,8.140015268000008,7.116608184177746,0.14328010172638553,-0.04306051388478246,0.6844205032126375,0.24804488063153704,-0.012379328459093064,0.5537598063178512
1779789360.4618268,10.0,8.159840778000008,6.837581962111827,0.14339879029098682,-0.04298018941006298,0.6842318927050632,0.24804488063153704,-0.012379328459093064,0.5537598063178512
1779789360.471851,10.0,8.17981669200001,6.573997537316317,0.1435077244244061,-0.04290164477642807,0.6840664994487144,0.24804488063153704,-0.012379328459093064,0.5537598063178512
1779789360.4818237,10.0,8.199927240000008,6.318058139872788,0.14360927825729788,-0.04282320621428103,0.6839094389078005,0.24804488063153704,-0.012379328459093064,0.5537598063178512
1779789360.4918482,10.0,8.219777658000009,6.082981484445489,0.14370575426739773,-0.04274210104563829,0.683755661421978,0.24804488063153704,-0.012379328459093064,0.5537598063178512
1779789360.501821,10.0,8.239769342000008,5.8629148706670335,0.143790961246585,-0.04266115342425449,0.6836115809626461,0.24804488063153704,-0.012379328459093064,0.5537598063178512
1779789360.5118241,10.0,8.25977441200001,5.6417426000477855,0.1438483902771239,-0.04258777331129006,0.6834773865785212,0.24804488063153704,-0.012379328459093064,0.5537598063178512
1779789360.5218456,10.0,8.27987516000001,5.436925589661099,0.1438822640020331,-0.04252472354469873,0.6833571583221723,0.24804488063153704,-0.012379328459093064,0.5537598063178512
1779789360.5318494,10.0,8.29984833000001,5.282517855150049,0.14388600770435192,-0.04247612529059832,0.6832508572302507,0.24804488063153704,-0.012379328459093064,0.5537598063178512
1779789360.541866,10.0,8.31997829400001,5.118225140820856,0.1438607338215023,-0.04243986318301505,0.6831707421589354,0.24804488063153704,-0.012379328459093064,0.5537598063178512
1779789360.5518312,10.0,8.33983967200001,4.958008657712507,0.14381251022498223,-0.04241363842930178,0.6831114690758595,0.24804488063153704,-0.012379328459093064,0.5537598063178512
1779789360.5618303,10.0,8.359848730000012,4.841269275484817,0.1437421663311091,-0.04240029857942793,0.6830797233187496,0.24804488063153704,-0.012379328459093064,0.5537598063178512
1779789360.5718372,10.0,8.379837928000011,4.768469287859399,0.14365767249105696,-0.04238992598360363,0.6830813806656678,0.24804488063153704,-0.012379328459093064,0.5537598063178512
1779789360.581829,10.0,8.39986658200001,4.730730376772449,0.14355379783202316,-0.042390298121870965,0.6831142595746792,0.24804488063153704,-0.012379328459093064,0.5537598063178512
1779789360.59185,10.0,8.42001398000001,4.727581484331462,0.1434382223049875,-0.04239808028502471,0.6831755202329105,0.24804488063153704,-0.012379328459093064,0.5537598063178512
1779789360.601857,10.0,8.44000259800001,4.78015916754483,0.14330992960743194,-0.04241602002604728,0.6832649956280952,0.24804488063153704,-0.012379328459093064,0.5537598063178512
1779789360.611833,10.0,8.459825864000008,4.891533240685634,0.14316437501396426,-0.04245263880763525,0.6833841241847679,0.24804488063153704,-0.012379328459093064,0.5537598063178512
1779789360.621875,10.0,8.480042892000007,5.024636553876194,0.14300270864163753,-0.04250223046576718,0.6835461844496227,0.24804488063153704,-0.012379328459093064,0.5537598063178512
1779789360.6318383,10.0,8.499911064000008,5.1955202576108634,0.14285406605394022,-0.042560839284956284,0.68373356304148,0.24804488063153704,-0.012379328459093064,0.5537598063178512
1779789360.64183,10.0,8.519952982000008,5.409404611858347,0.1427121795035701,-0.04263336925338562,0.6839452197175366,0.24804488063153704,-0.012379328459093064,0.5537598063178512
1779789360.6518633,10.0,8.53991485000001,5.6382322884041125,0.14258657032259145,-0.04270849152414461,0.6841774436238349,0.24804488063153704,-0.012379328459093064,0.5537598063178512
1779789360.6618268,10.0,8.559796006000012,5.876843648413971,0.14248347149588528,-0.04278227430934789,0.6844137020706785,0.24804488063153704,-0.012379328459093064,0.5537598063178512
1779789360.671844,10.0,8.57984974600001,6.12763790572617,0.1423948568120743,-0.042859332058708025,0.6846547579296742,0.24804488063153704,-0.012379328459093064,0.5537598063178512
1779789360.6818454,10.0,8.59983149200001,6.354828114140267,0.14231923667606647,-0.04293006593553417,0.6848874177521577,0.24804488063153704,-0.012379328459093064,0.5537598063178512
1779789360.6918287,10.0,8.619879782000007,6.575467046374386,0.14224879775467067,-0.04299922776296262,0.6851002413086678,0.24804488063153704,-0.012379328459093064,0.5537598063178512
1779789360.7019167,10.0,8.639927372000008,6.792994276982413,0.14218740265730415,-0.043067198527737965,0.6852928760685306,0.24804488063153704,-0.012379328459093064,0.5537598063178512
1779789360.7118633,10.0,8.659823696000009,7.014776853205979,0.1421425411453783,-0.043128588599340614,0.685449961304878,0.24804488063153704,-0.012379328459093064,0.5537598063178512
1779789360.721845,10.0,8.67982203200001,7.23252073850599,0.14211015342399747,-0.04318433871702066,0.6855693915493691,0.24804488063153704,-0.012379328459093064,0.5537598063178512
1779789360.7318385,10.0,8.69978219800001,7.440982635571109,0.14209708522168352,-0.04322802460157141,0.685649798879594,0.24804488063153704,-0.012379328459093064,0.5537598063178512
1779789360.7419062,10.0,8.719768330000012,7.633155322764931,0.14210530282030448,-0.043259876771770754,0.6856898120899717,0.24804488063153704,-0.012379328459093064,0.5537598063178512
1779789360.751921,10.0,8.739866836000012,7.815932339105318,0.142133050579503,-0.04327872160317384,0.6856892256342494,0.24804488063153704,-0.012379328459093064,0.5537598063178512
1779789360.76184,10.0,8.759815458000013,7.969503886903854,0.14218401291543054,-0.04328933219949791,0.6856514032770925,0.24804488063153704,-0.012379328459093064,0.5537598063178512
1779789360.7718377,10.0,8.779827340000011,8.083738455228609,0.14225955319483186,-0.043293510475209955,0.685597942297925,0.24804488063153704,-0.012379328459093064,0.5537598063178512
1779789360.7818313,10.0,8.799939792000012,8.155845203723786,0.14235302605500696,-0.0432946572365279,0.685534258567392,0.24804488063153704,-0.012379328459093064,0.5537598063178512
1779789360.7918928,10.0,8.819850062000013,8.200979669709065,0.14247028126314298,-0.04328612154056505,0.685446852472595,0.24804488063153704,-0.012379328459093064,0.5537598063178512
1779789360.8018234,10.0,8.839864108000013,8.206551929155827,0.14260170185721485,-0.04326817524352385,0.6853363062599342,0.24804488063153704,-0.012379328459093064,0.5537598063178512
1779789360.8118901,10.0,8.859851464000014,8.145645567037482,0.14274715735557425,-0.04323181583344962,0.68520442912642,0.24804488063153704,-0.012379328459093064,0.5537598063178512
1779789360.8218238,10.0,8.879987580000012,8.047916444562118,0.14291376321021212,-0.043180889703441916,0.6850416312087005,0.24804488063153704,-0.012379328459093064,0.5537598063178512
1779789360.8318224,10.0,8.899971630000014,7.913652203909863,0.14308990776929922,-0.04311484992599912,0.6848555364157863,0.24804488063153704,-0.012379328459093064,0.5537598063178512
1779789360.8418353,10.0,8.919782614000013,7.758417390941765,0.14326764617444215,-0.04303819225840066,0.6846526172726034,0.24804488063153704,-0.012379328459093064,0.5537598063178512
1779789360.8518727,10.0,8.939920292000012,7.55363194317147,0.14342990185157062,-0.042957289765732654,0.6844427091447098,0.24804488063153704,-0.012379328459093064,0.5537598063178512
1779789360.8618536,10.0,8.959850620000015,7.323186728123486,0.1435811736704789,-0.04287157823618537,0.6842282939205425,0.24804488063153704,-0.012379328459093064,0.5537598063178512
1779789360.8719096,10.0,8.979888932000016,7.090347006963062,0.1437163306055226,-0.04278322525051036,0.6840173315731725,0.24804488063153704,-0.012379328459093064,0.5537598063178512
1779789360.881891,10.0,8.999809702000016,6.856031811737968,0.1438286141148128,-0.04269812830470122,0.6838155165049841,0.24804488063153704,-0.012379328459093064,0.5537598063178512
1779789360.8918288,10.0,9.019957500000016,6.608089396834364,0.14392889841590023,-0.0426203276312877,0.6836367124223971,0.24804488063153704,-0.012379328459093064,0.5537598063178512
1779789360.9018424,10.0,9.039844968000018,6.363690162326597,0.14401478591071834,-0.042546199202260854,0.6834735631053036,0.24804488063153704,-0.012379328459093064,0.5537598063178512
1779789360.9119055,10.0,9.059921112000017,6.13486245795364,0.14408774385223155,-0.04247756073786377,0.6833332408349513,0.24804488063153704,-0.012379328459093064,0.5537598063178512
1779789360.9218779,10.0,9.07985456600002,5.902940316599314,0.14414385060963303,-0.042412456221577445,0.6831978841920296,0.24804488063153704,-0.012379328459093064,0.5537598063178512
1779789360.9318743,10.0,9.09982348600002,5.668860629512928,0.14418639256203827,-0.04235174737444965,0.6830746234817346,0.24804488063153704,-0.012379328459093064,0.5537598063178512
1779789360.941869,10.0,9.11991333600002,5.451236705873459,0.14421281583876827,-0.04230141515056622,0.6829693203425967,0.24804488063153704,-0.012379328459093064,0.5537598063178512
1779789360.9518516,10.0,9.13993042800002,5.265541820590416,0.1442269522026723,-0.04225951480844509,0.6828954190530387,0.24804488063153704,-0.012379328459093064,0.5537598063178512
1779789360.9618611,10.0,9.159933994000022,5.102828169094368,0.14422614511079349,-0.04222498574130723,0.6828424817286287,0.24804488063153704,-0.012379328459093064,0.5537598063178512
1779789360.9718654,10.0,9.179958800000023,4.986582931464943,0.1442019044144718,-0.042203969309801054,0.6828228878503384,0.24804488063153704,-0.012379328459093064,0.5537598063178512
1779789360.9819217,10.0,9.200018592000024,4.874933228692196,0.14415753365277154,-0.042189320690599844,0.6828306668694566,0.24804488063153704,-0.012379328459093064,0.5537598063178512
1779789360.9918606,10.0,9.219943690000024,4.8021178013479915,0.1440948724118711,-0.04217964211632148,0.6828730538126468,0.24804488063153704,-0.012379328459093064,0.5537598063178512
1779789361.0018792,10.0,9.239789060000023,4.774022741316232,0.14401573944492924,-0.04217699508549699,0.6829423900653327,0.24804488063153704,-0.012379328459093064,0.5537598063178512
1779789361.0118458,10.0,9.259791044000021,4.791925981012277,0.1439168315440246,-0.0421870380881369,0.6830413322466125,0.24804488063153704,-0.012379328459093064,0.5537598063178512
1779789361.0218596,10.0,9.279953168000022,4.8311637275005355,0.14379931643849017,-0.04220640736662115,0.6831701666194191,0.24804488063153704,-0.012379328459093064,0.5537598063178512
1779789361.0318346,10.0,9.299784872000023,4.906169257272788,0.1436720077208074,-0.04223513382235483,0.6833309369296001,0.24804488063153704,-0.012379328459093064,0.5537598063178512
1779789361.0418444,10.0,9.319857608000024,5.014648419604868,0.14352312206554502,-0.04228375239037622,0.6835373820702373,0.24804488063153704,-0.012379328459093064,0.5537598063178512
1779789361.0518548,10.0,9.339801022000024,5.132115240958902,0.14337171549368585,-0.04234093363487172,0.6837784016399843,0.24804488063153704,-0.012379328459093064,0.5537598063178512
1779789361.0619192,10.0,9.359905218000025,5.3019111696288705,0.14323085085444107,-0.04240738699038688,0.6840460208603076,0.24804488063153704,-0.012379328459093064,0.5537598063178512
1779789361.0718858,10.0,9.379818014000028,5.520843765415869,0.14310034813909575,-0.04248282484891685,0.6843307893699587,0.24804488063153704,-0.012379328459093064,0.5537598063178512
1779789361.0818446,10.0,9.400000518000027,5.767267549495134,0.14299094689473502,-0.04256388902373417,0.6846261470086883,0.24804488063153704,-0.012379328459093064,0.5537598063178512
1779789361.0918472,10.0,9.419873438000026,6.018246785428946,0.14288905370705626,-0.042649106747713994,0.6849245824195483,0.24804488063153704,-0.012379328459093064,0.5537598063178512
1779789361.101828,10.0,9.440045622000028,6.2567666430237106,0.1427945190060145,-0.04273155913147988,0.6852117661856966,0.24804488063153704,-0.012379328459093064,0.5537598063178512
1779789361.1118531,10.0,9.459897684000028,6.481488611800407,0.14270746414264707,-0.042811916028293685,0.6854832296149556,0.24804488063153704,-0.012379328459093064,0.5537598063178512
1779789361.121844,10.0,9.480014804000026,6.710866512307144,0.1426305012046708,-0.042890264602195444,0.6857283911173858,0.24804488063153704,-0.012379328459093064,0.5537598063178512
1779789361.1318421,10.0,9.500149378000026,6.9463572646629155,0.1425607210257551,-0.04296327955260692,0.6859465329564783,0.24804488063153704,-0.012379328459093064,0.5537598063178512
1779789361.141877,10.0,9.519897444000026,7.176420217981415,0.1425071145948908,-0.04302790353549333,0.6861217579320008,0.24804488063153704,-0.012379328459093064,0.5537598063178512
1779789361.1518362,10.0,9.539876124000024,7.427577769171427,0.14247218097779082,-0.04308734169954976,0.686252854469309,0.24804488063153704,-0.012379328459093064,0.5537598063178512
1779789361.1618161,10.0,9.559880172000025,7.681148636293902,0.14245182943244347,-0.04313299959253674,0.6863514755255511,0.24804488063153704,-0.012379328459093064,0.5537598063178512
1779789361.1718216,10.0,9.579850476000026,7.899035122242981,0.14245756770407206,-0.04316661283633595,0.6864039901085375,0.24804488063153704,-0.012379328459093064,0.5537598063178512
1779789361.1818478,10.0,9.599796854000024,8.106222966284944,0.14248512959661624,-0.043189841166092716,0.6864110267081013,0.24804488063153704,-0.012379328459093064,0.5537598063178512
1779789361.1919258,10.0,9.619877126000025,8.300850037859409,0.14254147870292863,-0.04320141429919587,0.6863783840199722,0.24804488063153704,-0.012379328459093064,0.5537598063178512
1779789361.2018442,10.0,9.639870654000028,8.467129176847727,0.1426176153200616,-0.043211457813097,0.686337493778941,0.24804488063153704,-0.012379328459093064,0.5537598063178512
1779789361.211891,10.0,9.659743694000026,8.575455612379391,0.1427188091877715,-0.04321036208635424,0.6862895896349347,0.24804488063153704,-0.012379328459093064,0.5537598063178512
1779789361.2218199,10.0,9.679854864000028,8.636438731200316,0.14284190609320593,-0.043204532542049374,0.6862365871376093,0.24804488063153704,-0.012379328459093064,0.5537598063178512
1779789361.2318847,10.0,9.700001960000026,8.639036969874887,0.1429844311382032,-0.04318783324996075,0.6861663798209616,0.24804488063153704,-0.012379328459093064,0.5537598063178512
1779789361.2418547,10.0,9.719872076000028,8.574086648103593,0.143139415747782,-0.04316051220515549,0.6860823815553099,0.24804488063153704,-0.012379328459093064,0.5537598063178512
1779789361.2518637,10.0,9.739815670000029,8.469528400384908,0.14331703638941062,-0.04311231740529518,0.6859806038720968,0.24804488063153704,-0.012379328459093064,0.5537598063178512
1779789361.261864,10.0,9.759864562000027,8.32486798198722,0.14350572091008668,-0.04305463982641504,0.6858655477521063,0.24804488063153704,-0.012379328459093064,0.5537598063178512
1779789361.2718585,10.0,9.779823746000025,8.14062810209734,0.14369831403761002,-0.04298485276062983,0.6857368408937848,0.24804488063153704,-0.012379328459093064,0.5537598063178512
1779789361.281834,10.0,9.799762590000025,7.9507266198969,0.14389412664592638,-0.042900686100566035,0.6856039156914557,0.24804488063153704,-0.012379328459093064,0.5537598063178512
1779789361.2918391,10.0,9.819842540000025,7.731436310140822,0.14406812790362722,-0.04281322923358366,0.685476298371217,0.24804488063153704,-0.012379328459093064,0.5537598063178512
1779789361.301821,10.0,9.839833544000026,7.490084742858199,0.14421605466428708,-0.04273158023519391,0.6853473878950604,0.24804488063153704,-0.012379328459093064,0.5537598063178512
1779789361.3118248,10.0,9.859892194000025,7.238874135660173,0.14433992078003618,-0.04265391946793937,0.685221083554851,0.24804488063153704,-0.012379328459093064,0.5537598063178512
1779789361.3218288,10.0,9.879747142000024,6.988694721069981,0.14445219346406873,-0.042580659063762905,0.6851022423514808,0.24804488063153704,-0.012379328459093064,0.5537598063178512
1779789361.3318477,10.0,9.899745218000023,6.753450226585632,0.14454652594270762,-0.04250993554882988,0.6849876542941699,0.24804488063153704,-0.012379328459093064,0.5537598063178512
1779789361.3418143,10.0,9.919878508000023,6.516494468225039,0.14462074671251782,-0.04243903540407946,0.6848638205363182,0.24804488063153704,-0.012379328459093064,0.5537598063178512
1779789361.35184,10.0,9.939915258000022,6.2647820821079065,0.14467594143873974,-0.042370098801461885,0.6847456089088637,0.24804488063153704,-0.012379328459093064,0.5537598063178512
1779789361.3618352,10.0,9.959802886000022,6.033389687059124,0.14470927521508023,-0.04230949281161699,0.6846291103700696,0.24804488063153704,-0.012379328459093064,0.5537598063178512
1779789361.3718934,10.0,9.979823966000023,5.830321096902614,0.144714334402751,-0.042259713780879206,0.6845296566645173,0.24804488063153704,-0.012379328459093064,0.5537598063178512
1779789361.3818657,10.0,9.999841158000022,5.643912730844688,0.1446947223462835,-0.04222003446091894,0.6844448639425086,0.24804488063153704,-0.012379328459093064,0.5537598063178512
1779789361.3918846,10.0,10.0,5.482306762549909,0.14463999310133885,-0.04219045283457003,0.6843833524993851,0.24804488063153704,-0.012379328459093064,0.5537598063178512
1779789361.401917,10.0,10.0,5.347566053749625,0.14455964534165802,-0.042176815439532764,0.6843455755279364,0.24804488063153704,-0.012379328459093064,0.5537598063178512
1779789361.4118383,10.0,10.0,5.242020059461588,0.1444598284130378,-0.04217208875913666,0.6843388633123808,0.24804488063153704,-0.012379328459093064,0.5537598063178512
1779789361.4218316,10.0,10.0,5.1744802295693635,0.14434599025291758,-0.04217419082929342,0.6843693968585186,0.24804488063153704,-0.012379328459093064,0.5537598063178512
1779789361.4318519,10.0,10.0,5.170023018220001,0.14421844132667389,-0.04218731286050505,0.6844287863389801,0.24804488063153704,-0.012379328459093064,0.5537598063178512
1779789361.4418256,10.0,10.0,5.213099588694984,0.14408000556742434,-0.042214398982002854,0.6845340630118331,0.24804488063153704,-0.012379328459093064,0.5537598063178512
1779789361.4519465,10.0,10.0,5.304465755640033,0.14393487450216388,-0.0422564562922577,0.6846816550755654,0.24804488063153704,-0.012379328459093064,0.5537598063178512
1779789361.46184,10.0,10.0,5.416807862143547,0.1437796764004262,-0.042313853561817376,0.6848875614839016,0.24804488063153704,-0.012379328459093064,0.5537598063178512
1779789361.4718277,10.0,10.0,5.550626350551008,0.14362292451515932,-0.04238492337492307,0.6851455430704647,0.24804488063153704,-0.012379328459093064,0.5537598063178512
1779789361.4818916,10.0,10.0,5.713550011682636,0.14347539867439596,-0.042467451675964746,0.6854585798094157,0.24804488063153704,-0.012379328459093064,0.5537598063178512
1779789361.4918516,10.0,10.0,5.906766208651726,0.14334096261022927,-0.04255595311351332,0.6858047043054002,0.24804488063153704,-0.012379328459093064,0.5537598063178512
1779789361.5018623,10.0,10.0,6.1236047165713625,0.14321850291713742,-0.042652713822819294,0.6861656299598947,0.24804488063153704,-0.012379328459093064,0.5537598063178512
1779789361.511811,10.0,10.0,6.383372443524708,0.1430968101247943,-0.0427540421256209,0.686522037378637,0.24804488063153704,-0.012379328459093064,0.5537598063178512
1779789361.521818,10.0,10.0,6.657900497131962,0.1429819125019875,-0.042851579361570934,0.6868645039502949,0.24804488063153704,-0.012379328459093064,0.5537598063178512
1779789361.5318193,10.0,10.0,6.959078630950468,0.1428760545318769,-0.0429475585055081,0.687187075760329,0.24804488063153704,-0.012379328459093064,0.5537598063178512
1779789361.5418284,10.0,10.0,7.260813867929586,0.14277814687881027,-0.0430413940789066,0.6874816321487781,0.24804488063153704,-0.012379328459093064,0.5537598063178512
1779789361.5518632,10.0,10.0,7.556913886190002,0.14269383819681306,-0.04313225956050106,0.6877533049379128,0.24804488063153704,-0.012379328459093064,0.5537598063178512
1779789361.5618384,10.0,10.0,7.835425889840155,0.1426243365340648,-0.04321721189519232,0.6879913952305017,0.24804488063153704,-0.012379328459093064,0.5537598063178512
1779789361.57182,10.0,10.0,8.10229284812248,0.1425697611055467,-0.04329337023111309,0.6881854381073744,0.24804488063153704,-0.012379328459093064,0.5537598063178512
1779789361.5818126,10.0,10.0,8.361210286315814,0.14253432833794935,-0.04336109343719722,0.6883359087980805,0.24804488063153704,-0.012379328459093064,0.5537598063178512
1779789361.5918286,10.0,10.0,8.589856088204664,0.14251816659166697,-0.043415484595137936,0.6884394270512478,0.24804488063153704,-0.012379328459093064,0.5537598063178512
1779789361.6018338,10.0,10.0,8.78617742104095,0.14252934574446818,-0.04345946031662175,0.6884964876359322,0.24804488063153704,-0.012379328459093064,0.5537598063178512
1779789361.6118257,10.0,10.0,8.94939601620229,0.14256225581350562,-0.04348770290407473,0.688503852868028,0.24804488063153704,-0.012379328459093064,0.5537598063178512
1779789361.6218197,10.0,10.0,9.075590115267504,0.1426123457250535,-0.04350999711991461,0.6884714517983193,0.24804488063153704,-0.012379328459093064,0.5537598063178512
1779789361.63187,10.0,10.0,9.174523262292622,0.14268481885996234,-0.0435271286822218,0.688416403151158,0.24804488063153704,-0.012379328459093064,0.5537598063178512
1779789361.6418371,10.0,10.0,9.246039280049592,0.14278711861808216,-0.04353806570341239,0.6883423118555531,0.24804488063153704,-0.012379328459093064,0.5537598063178512
1779789361.6518254,10.0,10.0,9.294209416267913,0.14291440643504386,-0.04353452929760587,0.6882458048758588,0.24804488063153704,-0.012379328459093064,0.5537598063178512
1779789361.6618142,10.0,10.0,9.302415120809862,0.14306325895901512,-0.04351674309674267,0.6881292653089564,0.24804488063153704,-0.012379328459093064,0.5537598063178512
1779789361.6718197,10.0,10.0,9.240678105946559,0.1432414631230061,-0.04348089482938897,0.6879934626312154,0.24804488063153704,-0.012379328459093064,0.5537598063178512
1779789361.6818452,10.0,10.0,9.154986885355587,0.14344016892355899,-0.043428697781878335,0.6878373215302593,0.24804488063153704,-0.012379328459093064,0.5537598063178512
1779789361.6918428,10.0,10.0,9.013827482968297,0.14366160336424486,-0.04336035380089132,0.6876569077927167,0.24804488063153704,-0.012379328459093064,0.5537598063178512
1779789361.701844,10.0,10.0,8.804571936026075,0.14389087866391245,-0.04327796133161813,0.687469615624118,0.24804488063153704,-0.012379328459093064,0.5537598063178512
1779789361.7118204,10.0,10.0,8.554256895415042,0.1441169077459136,-0.04318207779709673,0.6872812672747616,0.24804488063153704,-0.012379328459093064,0.5537598063178512
1779789361.721879,10.0,10.0,8.280635932614649,0.14433437285870418,-0.043075966248606885,0.6870963991924907,0.24804488063153704,-0.012379328459093064,0.5537598063178512
1779789361.73184,10.0,10.0,7.979490065987975,0.14453012563454187,-0.04297242631822034,0.6869180677198852,0.24804488063153704,-0.012379328459093064,0.5537598063178512
1779789361.7418466,10.0,10.0,7.65657098858882,0.1447003119140449,-0.042869244794171764,0.6867514534817624,0.24804488063153704,-0.012379328459093064,0.5537598063178512
1779789361.7518528,10.0,10.0,7.33537420934445,0.14485402797161742,-0.04277045026751365,0.6866033677557118,0.24804488063153704,-0.012379328459093064,0.5537598063178512
1779789361.7618523,10.0,10.0,7.021875502861264,0.14498397599981636,-0.0426772648213103,0.6864702884276221,0.24804488063153704,-0.012379328459093064,0.5537598063178512
1779789361.7718422,10.0,10.0,6.703180874615119,0.14509456780341073,-0.04258954206089633,0.6863425201105164,0.24804488063153704,-0.012379328459093064,0.5537598063178512
1779789361.781867,10.0,10.0,6.412898739837862,0.14518769168111037,-0.042505040158694295,0.6862261732223773,0.24804488063153704,-0.012379328459093064,0.5537598063178512
1779789361.7918305,10.0,10.0,6.139979897657407,0.14524412379329749,-0.04243353108633934,0.6861213144578565,0.24804488063153704,-0.012379328459093064,0.5537598063178512
1779789361.8018112,10.0,10.0,5.877616212389865,0.14527765386182098,-0.04236589674398952,0.6860315879793708,0.24804488063153704,-0.012379328459093064,0.5537598063178512
1779789361.811837,10.0,10.0,5.645144484181725,0.14528845032518092,-0.04231298622472973,0.6859674737256762,0.24804488063153704,-0.012379328459093064,0.5537598063178512
1779789361.821847,10.0,10.0,5.430705909478327,0.14527456503269026,-0.04227259974493515,0.6859335452903093,0.24804488063153704,-0.012379328459093064,0.5537598063178512
1779789361.8318849,10.0,10.0,5.233653975395121,0.14523955225953256,-0.04224384357151668,0.6859383766105583,0.24804488063153704,-0.012379328459093064,0.5537598063178512
1779789361.8418152,10.0,10.0,5.066901940082842,0.14518072637510496,-0.04222049458692087,0.6859711023859643,0.24804488063153704,-0.012379328459093064,0.5537598063178512
1779789361.8518152,10.0,10.0,4.9581402081579204,0.14510448209135932,-0.04220334457886336,0.6860396286844472,0.24804488063153704,-0.012379328459093064,0.5537598063178512
1779789361.8618083,10.0,10.0,4.888326902943013,0.145008712761993,-0.04219366765594238,0.6861398717406743,0.24804488063153704,-0.012379328459093064,0.5537598063178512
1779789361.8718336,10.0,10.0,4.870003272722972,0.14489613697919967,-0.04219375505528085,0.6862650478907371,0.24804488063153704,-0.012379328459093064,0.5537598063178512
1779789361.8818035,10.0,10.0,4.900477599065841,0.14477644112979665,-0.042204282130430516,0.6864222033563272,0.24804488063153704,-0.012379328459093064,0.5537598063178512
1779789361.89185,10.0,10.0,4.9759506363396175,0.14464588071500364,-0.04223179628460144,0.6866159790111032,0.24804488063153704,-0.012379328459093064,0.5537598063178512
1779789361.901842,10.0,10.0,5.103102655729313,0.1445089776580906,-0.04227330259580244,0.6868458940909761,0.24804488063153704,-0.012379328459093064,0.5537598063178512
1779789361.9118097,10.0,10.0,5.275337020106159,0.14436424670123693,-0.04232859486636343,0.6871290527924657,0.24804488063153704,-0.012379328459093064,0.5537598063178512
1779789361.9218779,10.0,10.0,5.470798307537271,0.1442259753264673,-0.04239422326817018,0.6874563529729927,0.24804488063153704,-0.012379328459093064,0.5537598063178512
1779789361.9318008,10.0,10.0,5.694619025874672,0.14409527288890778,-0.04247408736177257,0.6878210695283193,0.24804488063153704,-0.012379328459093064,0.5537598063178512
1779789361.9418783,10.0,10.0,5.9346263730687605,0.1439623323563248,-0.042563690863160066,0.6882000251508777,0.24804488063153704,-0.012379328459093064,0.5537598063178512
1779789361.9518154,10.0,10.0,6.1667159258787905,0.1438278077108816,-0.04266594033833889,0.6885821954937773,0.24804488063153704,-0.012379328459093064,0.5537598063178512
1779789361.9618137,10.0,10.0,6.4018965094051,0.14370001830476317,-0.04277398118424736,0.6889568039185302,0.24804488063153704,-0.012379328459093064,0.5537598063178512
1779789361.9718833,10.0,10.0,6.647573195060984,0.14358220256799,-0.04288051145104033,0.6893078451181175,0.24804488063153704,-0.012379328459093064,0.5537598063178512
1779789361.9818175,10.0,10.0,6.918441501111296,0.14347950546289012,-0.04298030956253444,0.6896342141232056,0.24804488063153704,-0.012379328459093064,0.5537598063178512
1779789361.991853,10.0,10.0,7.198625933650227,0.14338915584585088,-0.04307571684341341,0.6899287323992618,0.24804488063153704,-0.012379328459093064,0.5537598063178512
1779789362.0018425,10.0,10.0,7.465545117834079,0.1433121465961627,-0.0431669617541363,0.6901903098577774,0.24804488063153704,-0.012379328459093064,0.5537598063178512
1779789362.011845,10.0,10.0,7.751579532308374,0.14325860746626076,-0.04324975413222743,0.6904076824480063,0.24804488063153704,-0.012379328459093064,0.5537598063178512
1779789362.0218263,10.0,10.0,8.055609271648617,0.143228043944023,-0.04332104322284566,0.690587524431645,0.24804488063153704,-0.012379328459093064,0.5537598063178512
1779789362.0318444,10.0,10.0,8.340495439180435,0.14323030800412875,-0.043381946590910894,0.6907229689153679,0.24804488063153704,-0.012379328459093064,0.5537598063178512
1779789362.0418196,10.0,10.0,8.603407245568562,0.14324919792050414,-0.04343296737594914,0.690805632229798,0.24804488063153704,-0.012379328459093064,0.5537598063178512
1779789362.0518708,10.0,10.0,8.835437214484378,0.1432861089625073,-0.04346686322604989,0.6908325528724272,0.24804488063153704,-0.012379328459093064,0.5537598063178512
1779789362.0618508,10.0,10.0,9.033133975529195,0.14334131435006117,-0.04348747536855005,0.6908127294500496,0.24804488063153704,-0.012379328459093064,0.5537598063178512
1779789362.0718236,10.0,10.0,9.178619050369635,0.1434176692875825,-0.043506885775201974,0.6907659943657892,0.24804488063153704,-0.012379328459093064,0.5537598063178512
1779789362.0818279,10.0,10.0,9.303021881796514,0.14351781008585215,-0.043521102180690635,0.6907129768665454,0.24804488063153704,-0.012379328459093064,0.5537598063178512
1779789362.091864,10.0,10.0,9.386783693537081,0.1436433494814634,-0.04352717974576977,0.6906486842911075,0.24804514519338203,-0.01240600649885304,0.5537767885942045
1779789362.1018338,10.0,10.0,9.410378334521413,0.14378653702040972,-0.043521258875963066,0.6905681605787473,0.24804514519338203,-0.01133532239885304,0.5537767885942045
1779789362.1118023,10.0,10.0,9.362628923524342,0.14394945710988094,-0.04349473189052886,0.6904691887697081,0.24804514519338203,-0.01030253959885304,0.5537767885942045
1779789362.1219332,10.0,10.0,9.258841923284908,0.14413527139309798,-0.04345506476193058,0.6903535183331817,0.24804514519338203,-0.009261092498853039,0.5537767885942045
1779789362.1318877,10.0,10.0,9.113017380460638,0.14434002436962856,-0.043396997422736255,0.6902153280610296,0.24804514519338203,-0.00821360409885304,0.5537767885942045
1779789362.1419086,10.0,10.0,8.942492321396392,0.1445482689232634,-0.043324330262712735,0.6900660007319294,0.24804514519338203,-0.007140116698853039,0.5537767885942045
1779789362.1518686,10.0,10.0,8.715113755788751,0.14477044821154897,-0.04323643609477905,0.6899181860056933,0.24804514519338203,-0.006044325298853039,0.5537767885942045
1779789362.1618166,10.0,10.0,8.442646539811022,0.14498283537619383,-0.043140470695961754,0.689771959342898,0.24804514519338203,-0.005007596098853039,0.5537767885942045
1779789362.1718206,10.0,10.0,8.150590729843989,0.1451724693717898,-0.043040100505247474,0.6896200088053964,0.24804514519338203,-0.003943187798853038,0.5537767885942045
1779789362.1818192,10.0,10.0,7.854267836083733,0.14535001277229756,-0.0429371215406862,0.6894851700226862,0.24804514519338203,-0.002905817398853039,0.5537767885942045
1779789362.1918983,10.0,10.0,7.551075668969554,0.14552154148586222,-0.04283273183217849,0.689368653603854,0.24804514519338203,-0.0018127390988530376,0.5537767885942045
1779789362.2018032,10.0,10.0,7.236457493501404,0.14568084162966313,-0.04272272190019364,0.689271155690725,0.24804514519338203,-0.0007381355988530392,0.5537767885942045
1779789362.2118332,10.0,10.0,6.920494423726624,0.14582314268139987,-0.04260965869049502,0.6891746907321503,0.24804514519338203,-0.0007381355988530392,0.5537767885942045
1779789362.2218256,10.0,10.0,6.632507079379678,0.14593648514380725,-0.042502432327582614,0.689079126166293,0.24804514519338203,0.0002927415011469616,0.5537767885942045
1779789362.231876,10.0,10.0,6.346321673176745,0.14602131324540557,-0.042396981965995596,0.6889820862730358,0.24804514519338203,0.0013382182011469623,0.5537767885942045
1779789362.2418714,10.0,10.0,6.092002416996165,0.14607734959833382,-0.0422971940971266,0.6888975034815935,0.24804514519338203,0.002377058301146961,0.5537767885942045
1779789362.2519035,10.0,10.0,5.87437682986036,0.14610501367641016,-0.042198573076945536,0.6888231230103186,0.24804514519338203,0.0034255286011469627,0.5537767885942045
1779789362.261817,10.0,10.0,5.663279518584212,0.14609609002389107,-0.042109893994910615,0.6887743712110204,0.24804514519338203,0.004468861301146963,0.5537767885942045
1779789362.271824,10.0,10.0,5.4681184149934055,0.1460584996819919,-0.042019994854727266,0.6887524980433936,0.24804514519338203,0.005518017801146961,0.5537767885942045
1779789362.2818422,10.0,10.0,5.307076203190209,0.14599067687971493,-0.0419442634964725,0.6887570960407734,0.24804514519338203,0.006549686501146963,0.5537767885942045
1779789362.2917979,10.0,10.0,5.178247466063352,0.14589463761609758,-0.04187683409539235,0.6887962737280087,0.24804514519338203,0.007568712301146963,0.5537767885942045
1779789362.301811,10.0,10.0,5.084283614172349,0.14577879697119028,-0.04181900453042501,0.6888730680465119,0.24804514519338203,0.008588805201146962,0.5537767885942045
1779789362.3118434,10.0,10.0,5.057522060600271,0.14565189372784884,-0.041768796783258275,0.6889860122575882,0.24804514519338203,0.009665803201146964,0.5537767885942045
1779789362.3218257,10.0,10.0,5.089199090836013,0.1455244102027731,-0.04173386853044608,0.6891351919431218,0.24804514519338203,0.010701069601146963,0.5537767885942045
1779789362.3318713,10.0,10.0,5.17483120014385,0.14538651908476452,-0.041713101322298586,0.689335135642479,0.24804514519338203,0.011746776701146964,0.5537767885942045
1779789362.3418274,10.0,10.0,5.276738144363704,0.145240111254259,-0.04169733522990281,0.6895876841781782,0.24804514519338203,0.012817928701146963,0.5537767885942045
1779789362.351795,10.0,10.0,5.406815261157533,0.14508959505157729,-0.041690397533863596,0.6898951174015348,0.24804514519338203,0.013858778701146966,0.5537767885942045
1779789362.361858,10.0,10.0,5.5658033469160655,0.14493591845017012,-0.04169568985193231,0.6902559933930622,0.24804514519338203,0.014898451401146966,0.5537767885942045
1779789362.371815,10.0,10.0,5.773255938933066,0.14478562033451384,-0.04170575213038029,0.6906523896840161,0.24804514519338203,0.015954226501146966,0.5537767885942045
1779789362.3818374,10.0,10.0,5.999702635595937,0.14462877252048634,-0.04173036791068606,0.6910654825104904,0.24804514519338203,0.016999287301146963,0.5537767885942045
1779789362.3918474,10.0,10.0,6.266578962052805,0.14447260557766312,-0.041762656435183926,0.6914880407617372,0.24804514519338203,0.018027618701146962,0.5537767885942045
1779789362.401823,10.0,10.0,6.571180376680645,0.14432488792917372,-0.04180181021576312,0.6918975772361452,0.24804514519338203,0.019062163801146965,0.5537767885942045
1779789362.4118507,10.0,10.0,6.906968469632848,0.1441874996485684,-0.04184555471667666,0.6922749466076056,0.24804514519338203,0.02014884700114696,0.5537767885942045
1779789362.421797,10.0,10.0,7.268985873371444,0.1440642402339673,-0.04190019988486248,0.6926242665199001,0.24804514519338203,0.021192369001146964,0.5537767885942045
1779789362.431868,10.0,10.0,7.629667874068645,0.1439602898477745,-0.04195404972743358,0.6929376231843299,0.24804514519338203,0.022224152901146963,0.5537767885942045
1779789362.4418092,10.0,10.0,7.977867852518971,0.14387847838570852,-0.04201286102946293,0.6932223273546425,0.24804514519338203,0.023260979201146965,0.5537767885942045
1779789362.4518175,10.0,10.0,8.314714251447528,0.14382897437004075,-0.04206833161194919,0.6934663176736943,0.24804514519338203,0.023260979201146965,0.5537767885942045
1779789362.4618096,10.0,10.0,8.651489145981294,0.14380934150336533,-0.04211510482043356,0.6936798527780088,0.24804514519338203,0.02429010510114696,0.5537767885942045
1779789362.4718525,10.0,10.0,8.93422644749635,0.1438040507819095,-0.04214867379823319,0.6938514557142379,0.24804514519338203,0.025369429501146967,0.5537767885942045
1779789362.481857,10.0,10.0,9.160234658121276,0.1438148890525278,-0.04217161059915465,0.6939708951609361,0.24804514519338203,0.026462315401146966,0.5537767885942045
1779789362.4918077,10.0,10.0,9.35952941716055,0.14383976709577376,-0.042182122571844206,0.6940401047252948,0.24804514519338203,0.027494410901146963,0.5537767885942045
1779789362.5018597,10.0,10.0,9.538078832125029,0.14388904802587843,-0.04218111017517309,0.6940578721307276,0.24804514519338203,0.02853790280114696,0.5537767885942045
1779789362.5118563,10.0,10.0,9.69037517748651,0.1439528722130461,-0.04216888925547915,0.6940346096272039,0.24804514519338203,0.02957107030114697,0.5537767885942045
1779789362.5218358,10.0,10.0,9.816303164726165,0.14403112671405885,-0.042147151565753424,0.6939835684041797,0.24804514519338203,0.03062321950114696,0.5537767885942045
1779789362.5318322,10.0,10.0,9.901343568558303,0.1441354479810164,-0.04211058210936889,0.6939136643884436,0.24804514519338203,0.03169002030114697,0.5537767885942045
1779789362.541839,10.0,10.0,9.948405429907673,0.14426720057614195,-0.042056217461482304,0.6938221677024221,0.24804514519338203,0.03275564990114696,0.5537767885942045
1779789362.5517964,10.0,10.0,9.950997324196068,0.14442090758487305,-0.041983445594539724,0.6937071008950653,0.24804514519338203,0.03378363960114697,0.5537767885942045
1779789362.5618734,10.0,10.0,9.910024912528169,0.14460165601954109,-0.04189601466229933,0.6935713756573857,0.24804514519338203,0.03482583910114696,0.5537767885942045
1779789362.571816,10.0,10.0,9.813786766878291,0.14481184907389455,-0.04179317621503181,0.6934107567299264,0.24804514519338203,0.03587720690114697,0.5537767885942045
1779789362.5818145,10.0,10.0,9.658208899366858,0.14504112740038358,-0.04168104762005928,0.6932306683487927,0.24804514519338203,0.036927174001146965,0.5537767885942045
1779789362.5918198,10.0,10.0,9.442549403228737,0.14528056923412305,-0.041555371815244546,0.6930365958793021,0.24804514519338203,0.03796158580114696,0.5537767885942045
1779789362.6017969,10.0,10.0,9.162754170177866,0.14553035967466685,-0.04142171545341956,0.6928336497018,0.24804514519338203,0.03898766590114697,0.5537767885942045
1779789362.6118457,10.0,10.0,8.860662661119987,0.14577822495068618,-0.04127964617838388,0.6926289087143201,0.24804514519338203,0.04005699750114697,0.5537767885942045
1779789362.6218812,10.0,10.0,8.552969549054847,0.1460037038273743,-0.04113289751838674,0.6924211666130643,0.24804514519338203,0.04108498820114698,0.5537767885942045
1779789362.6318712,10.0,10.0,8.233099271173039,0.1462125010004762,-0.04096674158616335,0.6922204273292714,0.24804514519338203,0.04215142740114697,0.5537767885942045
1779789362.6418326,10.0,10.0,7.904505566786575,0.1464194054604227,-0.04079001178961772,0.6920452947345174,0.24804514519338203,0.04319677980114697,0.5537767885942045
1779789362.651856,10.0,10.0,7.569941686895754,0.1466205522837879,-0.040611843770218925,0.6919041588220568,0.24804514519338203,0.044260784301146966,0.5537767885942045
1779789362.6618252,10.0,10.0,7.2464171126372525,0.1468186158349552,-0.04043079107353338,0.6917855387995072,0.24804514519338203,0.044260784301146966,0.5537767885942045
1779789362.6718364,10.0,10.0,6.936771955943613,0.14699192963087923,-0.04024184173949783,0.6916812185641608,0.24804514519338203,0.04528841840114696,0.5537767885942045
1779789362.6818416,10.0,10.0,6.610022130635792,0.14713098533293492,-0.040055730413603094,0.6915869983011461,0.24804514519338203,0.046354764301146975,0.5537767885942045
1779789362.6918144,10.0,10.0,6.276103475833702,0.1472374197830985,-0.03986650162383108,0.6915021812857407,0.24804514519338203,0.047380795401146966,0.5537767885942045
1779789362.7017963,10.0,10.0,5.973675732064435,0.14730136889741127,-0.03967962168020287,0.6914345233962766,0.24804514519338203,0.04846928900114697,0.5537767885942045
1779789362.7118146,10.0,10.0,5.698262737334373,0.14732508112961573,-0.03948680819866672,0.6913886737916464,0.24804514519338203,0.04951701190114696,0.5537767885942045
1779789362.7218072,10.0,10.0,5.455562921325139,0.14731665496050458,-0.03929062502668552,0.6913764060823964,0.24804514519338203,0.05055146380114697,0.5537767885942045
1779789362.7318091,10.0,10.0,5.244239010648826,0.1472739249572815,-0.03910114083065888,0.6913984168394705,0.24804514519338203,0.05157719030114696,0.5537767885942045
1779789362.7418547,10.0,10.0,5.08328896207527,0.14720941007330188,-0.03891288977620905,0.6914540550867495,0.24804514519338203,0.052658795001146966,0.5537767885942045
1779789362.7518024,10.0,10.0,4.988208533676386,0.14712340582143327,-0.03873459695458459,0.6915505265688907,0.24804514519338203,0.05368817930114697,0.5537767885942045
1779789362.7618058,10.0,10.0,4.9271806688275275,0.14701110835498382,-0.03856871991038369,0.6916889828595887,0.24804514519338203,0.05473164220114697,0.5537767885942045
1779789362.7718196,10.0,10.0,4.9031888469460245,0.14688353829886452,-0.038405887033596514,0.6918600844387128,0.24804514519338203,0.05577385570114697,0.5537767885942045
1779789362.7818103,10.0,10.0,4.93872461693712,0.14673762039751118,-0.0382430256323189,0.6920664024371053,0.24804514519338203,0.05680701310114697,0.5537767885942045
1779789362.791812,10.0,10.0,5.01887953431782,0.14657845356534405,-0.038085952920049765,0.6923223700839476,0.24804514519338203,0.05786381810114696,0.5537767885942045
1779789362.8018267,10.0,10.0,5.14701741343735,0.14642064301346797,-0.03793249597165685,0.6926204405559478,0.24804514519338203,0.05889239300114697,0.5537767885942045
1779789362.8117678,10.0,10.0,5.347188511560938,0.14625176563366146,-0.037791291072559983,0.6929690418820345,0.24804514519338203,0.05993231920114697,0.5537767885942045
1779789362.8217978,10.0,10.0,5.579379426650959,0.14607887379931744,-0.03766298172141779,0.6933526744372701,0.24804514519338203,0.06095727920114698,0.5537767885942045
1779789362.8318186,10.0,10.0,5.844695811715355,0.1458987175076332,-0.03753972223101034,0.6937622865728087,0.24804514519338203,0.061986381001146965,0.5537767885942045
1779789362.8418698,10.0,10.0,6.121674915629611,0.14571509112610315,-0.03743189319936249,0.6941804726741045,0.24804514519338203,0.06315268520114697,0.5537767885942045
1779789362.8518188,10.0,10.0,6.410926999187708,0.1455298181382275,-0.037331367796971486,0.6946053777516278,0.24804514519338203,0.06419257730114697,0.5537767885942045
1779789362.8618133,10.0,10.0,6.7165272647409715,0.1453639631958592,-0.03723816260306474,0.6950113159878777,0.24804514519338203,0.06523318780114698,0.5537767885942045
1779789362.8718812,10.0,10.0,7.056138648049643,0.14521800863567852,-0.037158011292388694,0.6953902017821494,0.24804514519338203,0.06626480040114698,0.5537767885942045
1779789362.8817902,10.0,10.0,7.430112227006535,0.14510427931818248,-0.037088827666211605,0.6957376719717953,0.24804514519338203,0.06626480040114698,0.5537767885942045
1779789362.891807,10.0,10.0,7.8125429805626,0.1450275669961975,-0.03702662293712333,0.6960529877510856,0.24804514519338203,0.06729110990114698,0.5537767885942045
1779789362.9018488,10.0,10.0,8.18740575511566,0.14498989666005757,-0.036971650141073994,0.6963197588256047,0.24804514519338203,0.06835765430114697,0.5537767885942045
1779789362.911815,10.0,10.0,8.560108421886987,0.1449764100819287,-0.0369297607766861,0.6965419159592415,0.24804514519338203,0.06938754350114698,0.5537767885942045
1779789362.921786,10.0,10.0,8.915431946718394,0.1449885616783088,-0.03689349203057727,0.6967099230766753,0.24804514519338203,0.07046185050114698,0.5537767885942045
1779789362.9318168,10.0,10.0,9.244043465283076,0.1450268425584505,-0.03686096600851692,0.6968215160980771,0.24804514519338203,0.07150519210114697,0.5537767885942045
1779789362.9418468,10.0,10.0,9.547459909899269,0.14509054310031272,-0.03683236120847476,0.6968745144885381,0.24804514519338203,0.07254921300114697,0.5537767885942045
1779789362.9518266,10.0,10.0,9.806121363319525,0.1451748143806668,-0.03680495535367087,0.6968774251418735,0.24804514519338203,0.07358017840114697,0.5537767885942045
1779789362.9618335,10.0,10.0,10.007828510165705,0.14527682721746715,-0.036767706757673574,0.6968408095304176,0.24804514519338203,0.07463840500114698,0.5537767885942045
1779789362.9718719,10.0,10.0,10.160029211122914,0.14539779507693698,-0.036723435832361956,0.6967907596984163,0.24804514519338203,0.07567989520114697,0.5537767885942045
1779789362.981832,10.0,10.0,10.246792372524745,0.14554915940325125,-0.036668565537497075,0.6967292281209491,0.24804514519338203,0.07672190530114698,0.5537767885942045
1779789362.991812,10.0,10.0,10.291289757865137,0.1457319946090879,-0.036590861847300725,0.6966494187605066,0.24804514519338203,0.07777501030114697,0.5537767885942045
1779789363.00182,10.0,10.0,10.276993791749394,0.14593082985845482,-0.036501383338197996,0.6965544410601824,0.24804514519338203,0.07884806890114697,0.5537767885942045
1779789363.0118268,10.0,10.0,10.222302553129518,0.14615856592786294,-0.03639037875120021,0.6964345639242889,0.24804514519338203,0.07988101400114697,0.5537767885942045
1779789363.0218034,10.0,10.0,10.119371484697089,0.14640508557907092,-0.036271683495195065,0.6962905362737484,0.24804514519338203,0.08093737320114698,0.5537767885942045
1779789363.031862,10.0,10.0,9.958994273534065,0.14667116254488025,-0.0361390881810313,0.6961209815064244,0.24804514519338203,0.08198236390114697,0.5537767885942045
1779789363.0418837,10.0,10.0,9.733551873249743,0.1469526155462157,-0.03599229345539884,0.6959335160226595,0.24804514519338203,0.08303484080114698,0.5537767885942045
1779789363.0518622,10.0,10.0,9.448784642580494,0.1472360077502883,-0.03582886607976805,0.695737508977829,0.24804514519338203,0.08407105300114698,0.5537767885942045
1779789363.0618675,10.0,10.0,9.103446715911284,0.14749834678918375,-0.035651286503466904,0.695532449960497,0.24804514519338203,0.08513631800114697,0.5537767885942045
1779789363.0718024,10.0,10.0,8.731922921452146,0.14774117734816475,-0.035447937014380024,0.6953242904734969,0.24804514519338203,0.08616733640114697,0.5537767885942045
1779789363.0818312,10.0,10.0,8.347715438713237,0.14796953976232335,-0.035237893189377305,0.6951337865216006,0.24804514519338203,0.08721386310114697,0.5537767885942045
1779789363.0918913,10.0,10.0,7.9438683213232615,0.1481856396225669,-0.03501825638353112,0.6949664125862693,0.24736873009338203,0.08759158800114697,0.5537767885942045
1779789363.1018355,10.0,10.0,7.541613465317431,0.14838803604197676,-0.03478972458673178,0.6948147448581048,0.24736873009338203,0.08759158800114697,0.5537767885942045
1779789363.1118197,10.0,10.0,7.186166369508711,0.1485723224786856,-0.03455361997608357,0.6946841485018915,0.24631536859338207,0.08759158800114697,0.5537767885942045
1779789363.1218152,10.0,10.0,6.844445828561102,0.1487353880387034,-0.03429851891914928,0.6945631712836813,0.24526967449338202,0.08759158800114697,0.5537767885942045
1779789363.1318119,10.0,10.0,6.547342511681577,0.14886684733285796,-0.03404003141589586,0.6944428244821678,0.24422829159338202,0.08759158800114697,0.5537767885942045
1779789363.1418538,10.0,10.0,6.287150156242357,0.14895601871693617,-0.03377774788538402,0.6943340647888934,0.24317894659338204,0.08759158800114697,0.5537767885942045
1779789363.1518166,10.0,10.0,6.038119597615126,0.1490139703846483,-0.03350034859461702,0.6942396805215383,0.24211268179338205,0.08759158800114697,0.5537767885942045
1779789363.1618276,10.0,10.0,5.812471353907205,0.14903425166207057,-0.03323432181572647,0.6941670978164025,0.24104429389338203,0.08759158800114697,0.5537767885942045
1779789363.1717842,10.0,10.0,5.587656334574981,0.1490200731225792,-0.032969686213297975,0.6941271422329857,0.23996660759338204,0.08759158800114697,0.5537767885942045
1779789363.1818788,10.0,10.0,5.388020791324596,0.14898160179004616,-0.03270194231042626,0.6941182533620948,0.23891682279338203,0.08759158800114697,0.5537767885942045
1779789363.191841,10.0,10.0,5.239482214880266,0.14891060185690658,-0.03244156048502649,0.6941442917015451,0.23786325889338203,0.08759158800114697,0.5537767885942045
1779789363.2017925,10.0,10.0,5.10902907446167,0.1488148282451453,-0.032184214440271385,0.6942093462428712,0.23678357989338203,0.08759158800114697,0.5537767885942045
1779789363.2118297,10.0,10.0,5.0134388480185095,0.1486946742899994,-0.031925284386606155,0.6943081300588919,0.23574385499338205,0.08759158800114697,0.5537767885942045
1779789363.2219326,10.0,10.0,4.975634899113448,0.14855268639589758,-0.03166369203404029,0.6944418205583419,0.23468980119338204,0.08759158800114697,0.5537767885942045
1779789363.2318606,10.0,10.0,5.000747684015594,0.14838767445711906,-0.03140776361300155,0.694622106180447,0.233651987893382,0.08759158800114697,0.5537767885942045
1779789363.2418058,10.0,10.0,5.069902164288127,0.1482110648438899,-0.03116068632053555,0.6948419075195467,0.23260563159338207,0.08759158800114697,0.5537767885942045
1779789363.251807,10.0,10.0,5.2127793493206545,0.1480321493330221,-0.030914246539473052,0.6951021162083112,0.23156576949338206,0.08759158800114697,0.5537767885942045
1779789363.2618105,10.0,10.0,5.425263639314424,0.14785459583724123,-0.030691135702414486,0.6954195325415726,0.23052212229338206,0.08759158800114697,0.5537767885942045
1779789363.2718046,10.0,10.0,5.66778545755597,0.14767098938561532,-0.03048730990444469,0.6957803883579942,0.22949246139338206,0.08759158800114697,0.5537767885942045
1779789363.2818122,10.0,10.0,5.923067395744342,0.1474825455816386,-0.030288349092072526,0.6961734773155971,0.22844650479338205,0.08759158800114697,0.5537767885942045
1779789363.2918105,10.0,10.0,6.217447970466097,0.14728782885814232,-0.030096578638509452,0.6965812363389491,0.22740253999338203,0.08759158800114697,0.5537767885942045
1779789363.3018134,10.0,10.0,6.524279156761853,0.14709316573994294,-0.029917144013051254,0.6969950249196705,0.22740253999338203,0.08759158800114697,0.5537767885942045
1779789363.3118339,10.0,10.0,6.841512295861011,0.14690611387122404,-0.02975564974265286,0.6973950621045996,0.22636642189338205,0.08759158800114697,0.5537767885942045
1779789363.3218436,10.0,10.0,7.18703898440591,0.14673692500573154,-0.029605165067503512,0.6977762317656102,0.22531449809338203,0.08759158800114697,0.5537767885942045
1779789363.3317738,10.0,10.0,7.561896462928988,0.14659657903613063,-0.029468155808388435,0.6981208569458083,0.22426218849338206,0.08759158800114697,0.5537767885942045
1779789363.341796,10.0,10.0,7.967135110652756,0.14648846870717938,-0.02933887155632055,0.698429685982336,0.22321417409338204,0.08759158800114697,0.5537767885942045
1779789363.351765,10.0,10.0,8.393253569596155,0.1464309812823942,-0.029221460326667375,0.6987000794100492,0.22216008619338204,0.08759158800114697,0.5537767885942045
1779789363.3618264,10.0,10.0,8.80713114927627,0.14640719039753078,-0.029115158259944245,0.69892888946557,0.22108968159338202,0.08759158800114697,0.5537767885942045
1779789363.3717964,10.0,10.0,9.185878996128467,0.1464084753812642,-0.029012105041875767,0.6990923857296205,0.22006330389338205,0.08759158800114697,0.5537767885942045
1779789363.38179,10.0,10.0,9.552906841049644,0.14643189808369123,-0.028919198448270848,0.6992001274754793,0.21896944309338204,0.08759158800114697,0.5537767885942045
1779789363.391792,10.0,10.0,9.892742844735523,0.1464774812878345,-0.028835238768530523,0.6992471581321239,0.21792053189338204,0.08759158800114697,0.5537767885942045
1779789363.4018002,10.0,10.0,10.173839851709456,0.14655195251557537,-0.02876173382469852,0.6992397376309732,0.21688712999338203,0.08759158800114697,0.5537767885942045
1779789363.4118185,10.0,10.0,10.402224910788563,0.1466475208516147,-0.02869475489052522,0.6991961868841282,0.21585215909338204,0.08759158800114697,0.5537767885942045
1779789363.4218009,10.0,10.0,10.575749617099323,0.14677052847142322,-0.028624338165920443,0.6991312935404855,0.21477835009338206,0.08759158800114697,0.5537767885942045
1779789363.4317815,10.0,10.0,10.700079558680835,0.1469283562952813,-0.02855637355616226,0.6990468867868519,0.21374494009338205,0.08759158800114697,0.5537767885942045
1779789363.4418073,10.0,10.0,10.767087266727483,0.1471221031957343,-0.028470499243385638,0.6989310735213113,0.21269047949338202,0.08759158800114697,0.5537767885942045
1779789363.451805,10.0,10.0,10.779960383608104,0.1473370649419304,-0.028373690111811532,0.6987943548659445,0.21165745429338204,0.08759158800114697,0.5537767885942045
1779789363.461795,10.0,10.0,10.731242089036277,0.14758105437052016,-0.028259140272350405,0.6986235595949664,0.21061501029338206,0.08759158800114697,0.5537767885942045
1779789363.4717944,10.0,10.0,10.63858355415964,0.14784631968807624,-0.02813208809185182,0.6984200774470591,0.20956009689338204,0.08759158800114697,0.5537767885942045
1779789363.4818435,10.0,10.0,10.482139392208989,0.14812202084391252,-0.02799375517365713,0.6981942451828707,0.20851016379338203,0.08759158800114697,0.5537767885942045
1779789363.4918513,10.0,10.0,10.25146502672162,0.14839814945617652,-0.027848856328450466,0.6979436569788527,0.20747861539338205,0.08759158800114697,0.5537767885942045
1779789363.50186,10.0,10.0,9.941049532601806,0.1486509768762187,-0.0277008909511543,0.697666837657177,0.20644585759338205,0.08759158800114697,0.5537767885942045
1779789363.511779,10.0,10.0,9.585664887943606,0.14889296133263458,-0.027540354175572358,0.6973836690605605,0.20538780729338205,0.08759158800114697,0.5537767885942045
1779789363.5218534,10.0,10.0,9.216569214687253,0.14912333025890817,-0.027360764311486693,0.6971111655228341,0.20538780729338205,0.08759158800114697,0.5537767885942045
1779789363.5318131,10.0,10.0,8.8177152563662,0.14933883920463914,-0.02716439644700143,0.6968677287226096,0.20436431799338203,0.08759158800114697,0.5537767885942045
1779789363.541832,10.0,10.0,8.40870890521915,0.14953814789859837,-0.026953167088032165,0.696646866149459,0.20330546209338204,0.08759158800114697,0.5537767885942045
1779789363.5518227,10.0,10.0,7.9981342196248475,0.14971781655153285,-0.026741173512621112,0.6964533523669293,0.20225991629338205,0.08759158800114697,0.5537767885942045
1779789363.561804,10.0,10.0,7.62277710648759,0.14987099416092764,-0.02652297256475505,0.6962885008445064,0.20118115199338202,0.08759158800114697,0.5537767885942045
1779789363.571878,10.0,10.0,7.277050590460882,0.1499889638705691,-0.02628941246793939,0.696140235117463,0.20014734929338204,0.08759158800114697,0.5537767885942045
1779789363.5818598,10.0,10.0,6.929769217920088,0.15008253361738677,-0.02604667379786381,0.6959982461094844,0.19905967109338205,0.08759158800114697,0.5537767885942045
1779789363.5917954,10.0,10.0,6.60052600551477,0.1501425677157965,-0.02580283866116582,0.6958616141170432,0.19800129309338202,0.08759158800114697,0.5537767885942045
1779789363.6018202,10.0,10.0,6.299783440428919,0.15017289976435075,-0.025545412817997593,0.695747234383387,0.196960699693382,0.08759158800114697,0.5537767885942045
1779789363.6117918,10.0,10.0,6.029899102791318,0.1501669096342068,-0.02527538253452438,0.6956534016103736,0.19588254649338202,0.08759158800114697,0.5537767885942045
1779789363.621916,10.0,10.0,5.807271112540045,0.15013103178394588,-0.025000700993879882,0.695586478229003,0.19485576599338203,0.08759158800114697,0.5537767885942045
1779789363.6318033,10.0,10.0,5.627874117106735,0.15006677242979213,-0.024727674695328227,0.6955513521105873,0.19382866289338205,0.08759158800114697,0.5537767885942045
1779789363.6417983,10.0,10.0,5.467257242956446,0.14997798907410836,-0.024453911158566592,0.6955532865174477,0.19276615109338205,0.08759158800114697,0.5537767885942045
1779789363.6518052,10.0,10.0,5.342567375981903,0.14986812223921714,-0.02417490454909838,0.6955939108515546,0.19167665659338204,0.08759158800114697,0.5537767885942045
1779789363.6618161,10.0,10.0,5.287580685598014,0.1497439009791529,-0.023890740876001574,0.6956673482627019,0.19065629319338204,0.08759158800114697,0.5537767885942045
1779789363.6719072,10.0,10.0,5.296202304451242,0.1496108910366396,-0.023614388722349777,0.6957776239617962,0.18961276919338202,0.08759158800114697,0.5537767885942045
1779789363.6817935,10.0,10.0,5.3567701018644485,0.14946303006378858,-0.02334398016900477,0.6959224940923979,0.18854450959338206,0.08759158800114697,0.5537767885942045
1779789363.6919048,10.0,10.0,5.467558185012362,0.1493081195945425,-0.023067822606142967,0.6961011260923935,0.18751323269338202,0.08759158800114697,0.5537767885942045
1779789363.7018247,10.0,10.0,5.620383335862701,0.14915085309817333,-0.022806356408955474,0.6963159165173185,0.18646306919338204,0.08759158800114697,0.5537767885942045
1779789363.7118704,10.0,10.0,5.837828971742588,0.14899355596530828,-0.022556050461654733,0.6965548189486841,0.18541587629338205,0.08759158800114697,0.5537767885942045
1779789363.7217846,10.0,10.0,6.11888566988564,0.14883941711866028,-0.0223279264834321,0.69680455420004,0.18541587629338205,0.08759158800114697,0.5537767885942045
1779789363.7318025,10.0,10.0,6.4326620466298055,0.1486905410578824,-0.022120697230597543,0.6970627522072875,0.18431349239338204,0.08759158800114697,0.5537767885942045
1779789363.7418027,10.0,10.0,6.776186544998441,0.1485507890259886,-0.021924494093898777,0.6973128105630996,0.18326654399338202,0.08759158800114697,0.5537767885942045
1779789363.7518644,10.0,10.0,7.130372720907867,0.14842435267529783,-0.02173775793167854,0.6975451481622567,0.18219878739338205,0.08759158800114697,0.5537767885942045
1779789363.761789,10.0,10.0,7.471757769210478,0.148308381971938,-0.021563253886034233,0.6977553320115012,0.18114447299338207,0.08759158800114697,0.5537767885942045
1779789363.7718163,10.0,10.0,7.824659727811457,0.14820857781644348,-0.021397074422002966,0.6979273452104595,0.18009210739338202,0.08759158800114697,0.5537767885942045
1779789363.7818263,10.0,10.0,8.174953790052303,0.14813291833224151,-0.021236668978125692,0.6980639872349305,0.17906715939338205,0.08759158800114697,0.5537767885942045
1779789363.7918527,10.0,10.0,8.505656697149696,0.14808937438379202,-0.021091399233280562,0.6981556651466682,0.17803998619338204,0.08759158800114697,0.5537767885942045
1779789363.801832,10.0,10.0,8.82866397983486,0.14807732794234085,-0.020950315824212487,0.6982089172456124,0.17691712379338206,0.08759158800114697,0.5537767885942045
1779789363.811782,10.0,10.0,9.146277850353306,0.14808138110195035,-0.020829561138571182,0.6982202069297188,0.175870450793382,0.08759158800114697,0.5537767885942045
1779789363.8217936,10.0,10.0,9.434989402386693,0.14810706239501764,-0.020717053893791245,0.6982028410612038,0.174840647693382,0.08759158800114697,0.5537767885942045
1779789363.8318272,10.0,10.0,9.691885567695662,0.14816605721395426,-0.02061256508439,0.6981592158952591,0.17377381279338203,0.08759158800114697,0.5537767885942045
1779789363.8418052,10.0,10.0,9.9159911420206,0.1482512048368512,-0.020518301516525655,0.6980858121040332,0.17274663459338205,0.08759158800114697,0.5537767885942045
1779789363.8518088,10.0,10.0,10.08881446128197,0.1483594479537236,-0.020427712474279158,0.697981226048025,0.17164395009338204,0.08759158800114697,0.5537767885942045
1779789363.8618345,10.0,10.0,10.204618118496697,0.14849853842847005,-0.020333772187963936,0.6978447805015521,0.17061036089338202,0.08759158800114697,0.5537767885942045
1779789363.871818,10.0,10.0,10.263930488299621,0.1486558037781424,-0.020249165291654127,0.6976806120741142,0.16957603519338202,0.08759158800114697,0.5537767885942045
1779789363.8817656,10.0,10.0,10.271346609283732,0.14883743343142306,-0.020163252732379695,0.6974874748660035,0.16855536419338205,0.08759158800114697,0.5537767885942045
1779789363.8917873,10.0,10.0,10.207067044823916,0.14903231957376126,-0.020066880022575034,0.6972701977176519,0.16746241209338206,0.08759158800114697,0.5537767885942045
1779789363.9017682,10.0,10.0,10.07154592069794,0.1492459337096679,-0.019957644166321245,0.697030161961883,0.166438131393382,0.08759158800114697,0.5537767885942045
1779789363.911799,10.0,10.0,9.901201005904078,0.14947333527382733,-0.01983638133925944,0.6967620630868464,0.16538931039338203,0.08759158800114697,0.5537767885942045
1779789363.9218073,10.0,10.0,9.69706343263579,0.14969760848776886,-0.0197021007222316,0.6964745034692377,0.16538931039338203,0.08759158800114697,0.5537767885942045
1779789363.9318507,10.0,10.0,9.424331867898525,0.14990168046255672,-0.019553095682289502,0.6961627002376471,0.16435986789338206,0.08759158800114697,0.5537767885942045
1779789363.9417686,10.0,10.0,9.133095725774323,0.1500904071773633,-0.019386783541471282,0.6958404270742167,0.163315382093382,0.08759158800114697,0.5537767885942045
1779789363.9517758,10.0,10.0,8.801491208592484,0.15026045880621344,-0.019206115834902813,0.6955328725062749,0.16228066369338204,0.08759158800114697,0.5537767885942045
1779789363.9618015,10.0,10.0,8.435931582671378,0.15040336159998902,-0.01901316811651541,0.6952456833938389,0.16125599219338202,0.08759158800114697,0.5537767885942045
1779789363.971801,10.0,10.0,8.089866074243623,0.15051175272080128,-0.018820355048923442,0.6949716284407987,0.16018819249338204,0.08759158800114697,0.5537767885942045
1779789363.9818888,10.0,10.0,7.754666707747052,0.1505929326383954,-0.018625238879430083,0.6947258513065034,0.15916174059338203,0.08759158800114697,0.5537767885942045
1779789363.991877,10.0,10.0,7.4418430462380165,0.15064067208418816,-0.01842580381459729,0.6945233217430434,0.15812063719338207,0.08759158800114697,0.5537767885942045
1779789364.001758,10.0,10.0,7.133457492563861,0.15065986481882682,-0.018231327052691315,0.6943596323923528,0.15708450909338204,0.08759158800114697,0.5537767885942045
1779789364.0118299,10.0,10.0,6.831468462680633,0.15066904555257044,-0.018032291842160375,0.6942241925117623,0.15598127869338205,0.08759158800114697,0.5537767885942045
1779789364.0217657,10.0,10.0,6.579706110920081,0.15065046087374867,-0.01782475554020899,0.6941087110725229,0.15495542389338204,0.08759158800114697,0.5537767885942045
1779789364.0317936,10.0,10.0,6.36344355045613,0.15061219208271423,-0.017604756829431766,0.6940050944424747,0.15388615039338202,0.08759158800114697,0.5537767885942045
1779789364.0418162,10.0,10.0,6.183809029884018,0.15054660981576268,-0.01737979273350676,0.6939189088120893,0.15285660369338203,0.08759158800114697,0.5537767885942045
1779789364.0518281,10.0,10.0,6.028934965073916,0.15045773610467905,-0.01714391619319785,0.6938581588880787,0.15181841869338206,0.08759158800114697,0.5537767885942045
1779789364.061892,10.0,10.0,5.923552796372238,0.15034813604463004,-0.0169101989430951,0.693824789956957,0.15077892229338205,0.08759158800114697,0.5537767885942045
1779789364.0718255,10.0,10.0,5.86615854080188,0.15022284354019072,-0.01669180472903457,0.6938212004466806,0.14972060939338205,0.08759158800114697,0.5537767885942045
1779789364.0818155,10.0,10.0,5.856241322250141,0.15008330912181833,-0.01647961606211372,0.6938468914984702,0.14867370499338203,0.08759158800114697,0.5537767885942045
1779789364.091831,10.0,10.0,5.882560366276911,0.14993588813220848,-0.016277779215152038,0.6939053884559875,0.14764623719338202,0.08759158800114697,0.5537767885942045
1779789364.1018794,10.0,10.0,5.984008490299922,0.1497940104862512,-0.01608825298146753,0.693995804484173,0.14658274059338203,0.08759158800114697,0.5537767885942045
1779789364.1118853,10.0,10.0,6.156047077612047,0.14965750258645108,-0.01590584887912733,0.6941226149774103,0.14553873669338202,0.08759158800114697,0.5537767885942045
1779789364.1218162,10.0,10.0,6.36757539608249,0.14953143247026987,-0.015733348726055998,0.6942849709213851,0.14446946119338203,0.08759158800114697,0.5537767885942045
1779789364.1317854,10.0,10.0,6.621647963352546,0.14942251383035968,-0.0155707474700571,0.6944597099851243,0.14343395819338203,0.08759158800114697,0.5537767885942045
1779789364.1418726,10.0,10.0,6.897988195192681,0.14931302947389796,-0.015418792068190745,0.6946406383818439,0.14343395819338203,0.08759158800114697,0.5537767885942045
1779789364.1518579,10.0,10.0,7.182144954162856,0.14921850357331587,-0.015280286004978844,0.6948032719602658,0.142333380793382,0.08759158800114697,0.5537767885942045
1779789364.1617806,10.0,10.0,7.485785005754698,0.14913385606995777,-0.015151827986853812,0.6949473854837259,0.14129321209338203,0.08759158800114697,0.5537767885942045
1779789364.1718223,10.0,10.0,7.7938352120638665,0.14906447019944896,-0.01503449176445376,0.6950602345394036,0.14025247429338203,0.08759158800114697,0.5537767885942045
1779789364.1818027,10.0,10.0,8.103064681071627,0.149008600697396,-0.014924870415512567,0.6951428446362242,0.13917772149338203,0.08759158800114697,0.5537767885942045
1779789364.1917994,10.0,10.0,8.409187091464153,0.1489694450449083,-0.014821701539547852,0.695187818826575,0.13812296029338203,0.08759158800114697,0.5537767885942045
1779789364.2018461,10.0,10.0,8.697790531537542,0.1489427760472024,-0.014724391482648912,0.6951938717422946,0.13707407219338202,0.08759158800114697,0.5537767885942045
1779789364.211784,10.0,10.0,8.965434867916093,0.14893951710644424,-0.014638900841182901,0.6951743505330277,0.13604450849338204,0.08759158800114697,0.5537767885942045
1779789364.2218292,10.0,10.0,9.218575869008609,0.14895994087678788,-0.014568291494367384,0.6951380180913451,0.13500323669338202,0.08759158800114697,0.5537767885942045
1779789364.2318509,10.0,10.0,9.464126376656731,0.14900715721900898,-0.014502365954257513,0.6950724018130474,0.13396972049338202,0.08759158800114697,0.5537767885942045
1779789364.2418025,10.0,10.0,9.679745752748495,0.14907451531568858,-0.014451365822806336,0.6949778090375097,0.13292208569338207,0.08759158800114697,0.5537767885942045
1779789364.2517629,10.0,10.0,9.829078101121501,0.14916618671184798,-0.014399003565054172,0.6948525148098731,0.13190331329338204,0.08759158800114697,0.5537767885942045
1779789364.2617981,10.0,10.0,9.934314190998615,0.1492813955267083,-0.014340801750541468,0.6946969887178384,0.13086705499338205,0.08759158800114697,0.5537767885942045
1779789364.2718072,10.0,10.0,9.981873971325518,0.14941437507638233,-0.014277544503098745,0.6945145793836787,0.12984448639338203,0.08759158800114697,0.5537767885942045
1779789364.2818196,10.0,10.0,9.962348294284931,0.14956437784386986,-0.01420340867496499,0.6943114966296896,0.12880194519338203,0.08759158800114697,0.5537767885942045
1779789364.291786,10.0,10.0,9.898777706362846,0.14972966889181985,-0.014113568897536151,0.6940865549352819,0.12776613569338205,0.08759158800114697,0.5537767885942045
1779789364.3017802,10.0,10.0,9.775234399321095,0.14990936783845948,-0.014017824550235465,0.6938390938987342,0.12673792959338206,0.08759158800114697,0.5537767885942045
1779789364.3117926,10.0,10.0,9.616580639260347,0.15010215952561842,-0.01390917470331965,0.6935801350947992,0.12570237149338204,0.08759158800114697,0.5537767885942045
1779789364.3218136,10.0,10.0,9.399093726125868,0.1502953761154035,-0.01378600474420972,0.6933120457341587,0.12465633879338203,0.08759158800114697,0.5537767885942045
1779789364.3317795,10.0,10.0,9.12545501251233,0.15047516314222525,-0.013643463928860669,0.6930365467773892,0.12357006429338205,0.08759158800114697,0.5537767885942045
1779789364.3417935,10.0,10.0,8.835628429684162,0.15062901562355963,-0.013490614639378739,0.6927605101618854,0.12252286029338202,0.08759158800114697,0.5537767885942045
1779789364.3518274,10.0,10.0,8.542793750379902,0.15074973306557454,-0.013332538140181285,0.6924898301321614,0.12148531959338205,0.08759158800114697,0.5537767885942045
1779789364.3618646,10.0,10.0,8.227792291518698,0.15084784685656932,-0.013164260837012587,0.6922318440481676,0.12045639099338204,0.08759158800114697,0.5537767885942045
1779789364.371801,10.0,10.0,7.9110048013209076,0.15091583604326794,-0.012989857108868812,0.6919946021667963,0.11939719149338204,0.08759158800114697,0.5537767885942045
1779789364.3818164,10.0,10.0,7.6147239676027105,0.15096927111689604,-0.012827571288795357,0.6917833213355269,0.11939719149338204,0.08759158800114697,0.5537767885942045
1779789364.3917878,10.0,10.0,7.330029647153143,0.1509935424616679,-0.01267548653596473,0.691601350322853,0.11834889049338204,0.08759158800114697,0.5537767885942045
1779789364.401804,10.0,10.0,7.061644979395848,0.15099713319934313,-0.012524314177854757,0.6914544163174168,0.11729743549338204,0.08759158800114697,0.5537767885942045
1779789364.411899,10.0,10.0,6.832907412360378,0.15098237410019988,-0.012362768159396433,0.6913278739626456,0.11626819339338204,0.08759158800114697,0.5537767885942045
1779789364.4217994,10.0,10.0,6.647279500185206,0.15095068071376325,-0.012204741370993274,0.6912210316746725,0.11521785049338201,0.08759158800114697,0.5537767885942045
1779789364.4318175,10.0,10.0,6.4768771885048855,0.15089707951777673,-0.012039284992991941,0.6911276906733216,0.11415730649338202,0.08759158800114697,0.5537767885942045
1779789364.441808,10.0,10.0,6.3460219013199355,0.1508228348892314,-0.01186676652144506,0.6910533803745791,0.11308269689338205,0.08759158800114697,0.5537767885942045
1779789364.4517658,10.0,10.0,6.2792794708044015,0.15073048368004613,-0.011698604320593508,0.6910006009036532,0.11204698859338205,0.08759158800114697,0.5537767885942045
1779789364.4617734,10.0,10.0,6.244134396775611,0.1506210037270535,-0.011533846705782223,0.6909656295697655,0.11098581429338203,0.08759158800114697,0.5537767885942045
1779789364.4718077,10.0,10.0,6.242069437828451,0.1505108714532535,-0.011383013874248631,0.6909546434518034,0.10995986739338207,0.08759158800114697,0.5537767885942045
1779789364.4818172,10.0,10.0,6.3058294172024185,0.15040386442796455,-0.011247178450352575,0.690974216274918,0.10888925139338204,0.08759158800114697,0.5537767885942045
1779789364.4918132,10.0,10.0,6.420987026986458,0.15029069070113443,-0.011112827957791716,0.6910259117913787,0.10785613689338205,0.08759158800114697,0.5537767885942045
1779789364.501768,10.0,10.0,6.542533592959492,0.15017959861480343,-0.010977231444173365,0.6911056794510785,0.10676085549338205,0.08759158800114697,0.5537767885942045
1779789364.5118723,10.0,10.0,6.724343934465182,0.15008397744518243,-0.010849222831520792,0.6912077722380032,0.10567663379338205,0.08759158800114697,0.5537767885942045
1779789364.5217595,10.0,10.0,6.9398294141113706,0.1500056961565017,-0.010726535035560958,0.691317704794818,0.10464699089338203,0.08759158800114697,0.5537767885942045
1779789364.5317986,10.0,10.0,7.154034959356955,0.14993233387180063,-0.010609024014778302,0.691423377166036,0.10360308319338202,0.08759158800114697,0.5537767885942045
1779789364.5418077,10.0,10.0,7.389049601338306,0.1498728973186484,-0.010506933331020318,0.6915077794314941,0.10257571859338202,0.08759158800114697,0.5537767885942045
1779789364.5518842,10.0,10.0,7.635595150226852,0.14982432013297398,-0.010408129979323971,0.6915713895493631,0.10154872669338202,0.08759158800114697,0.5537767885942045
1779789364.5618284,10.0,10.0,7.877501614373102,0.14978692041229816,-0.010315845181977616,0.6916065512615136,0.10048078169338207,0.08759158800114697,0.5537767885942045
1779789364.5718062,10.0,10.0,8.112013429782087,0.1497627246138843,-0.010222855154452693,0.6916119036437207,0.09945633159338202,0.08759158800114697,0.5537767885942045
1779789364.5817986,10.0,10.0,8.329473851832445,0.1497509176669562,-0.010135678870137022,0.691605173080213,0.09842056319338205,0.08759158800114697,0.5537767885942045
1779789364.5918047,10.0,10.0,8.519986728849206,0.14975067874657533,-0.010056122872192791,0.6915946091168849,0.09842056319338205,0.08759158800114697,0.5537767885942045
1779789364.6017687,10.0,10.0,8.70308139606603,0.1497652848340868,-0.00998467843076421,0.6915696902432871,0.09736734989338203,0.08759158800114697,0.5537767885942045
1779789364.6118248,10.0,10.0,8.88409149228329,0.14979906238693375,-0.009922372265720071,0.6915190417880803,0.09628822779338203,0.08759158800114697,0.5537767885942045
1779789364.62187,10.0,10.0,9.052126380624363,0.1498409924580268,-0.009868873860103542,0.6914502497642763,0.09526150549338203,0.08759158800114697,0.5537767885942045
1779789364.6317937,10.0,10.0,9.160613136213424,0.14990177893747417,-0.009817181783823592,0.6913559883952854,0.09421361719338206,0.08759158800114697,0.5537767885942045
1779789364.64181,10.0,10.0,9.218564675486949,0.14997884897844146,-0.009766107478642047,0.6912397821188071,0.09317560359338203,0.08759158800114697,0.5537767885942045
1779789364.6517742,10.0,10.0,9.245967762191027,0.15007251096823335,-0.009716508254755583,0.6910962002236967,0.09211379609338202,0.08759158800114697,0.5537767885942045
1779789364.661804,10.0,10.0,9.253744602948743,0.1501800490727667,-0.009661433507373113,0.6909355233313393,0.09106809299338203,0.08759158800114697,0.5537767885942045
1779789364.6718233,10.0,10.0,9.19732983999651,0.15029765535240175,-0.00960028211701667,0.6907601423147873,0.09002597759338204,0.08759158800114697,0.5537767885942045
1779789364.6818273,10.0,10.0,9.095248163948128,0.1504317777904406,-0.00953337197613689,0.6905613047095689,0.08898824449338205,0.08759158800114697,0.5537767885942045
1779789364.6918075,10.0,10.0,8.963705479382632,0.15057724765706793,-0.009453933089499114,0.690338913667202,0.08796306299338202,0.08759158800114697,0.5537767885942045
1779789364.7017994,10.0,10.0,8.779938722353625,0.1507225124947204,-0.00936634052390184,0.6901164920404587,0.08692914909338204,0.08759158800114697,0.5537767885942045
1779789364.7118123,10.0,10.0,8.545751843315651,0.15086801591488017,-0.009273327455861324,0.6898836119974872,0.08586913599338203,0.08759158800114697,0.5537767885942045
1779789364.7217634,10.0,10.0,8.315332076793249,0.1509931502983723,-0.009173456755990368,0.6896376319026819,0.084823254593382,0.08759158800114697,0.5537767885942045
1779789364.731769,10.0,10.0,8.081024740410475,0.15108822533392752,-0.009060387010873274,0.6893803592919046,0.08377318119338203,0.08759158800114697,0.5537767885942045
1779789364.7417738,10.0,10.0,7.8311551526911645,0.15116740862470146,-0.008932518278004647,0.6891180004416207,0.08272577489338201,0.08759158800114697,0.5537767885942045
1779789364.7517996,10.0,10.0,7.585546618043287,0.15122230151698576,-0.008797988269827313,0.6888593264633639,0.08167767829338204,0.08759158800114697,0.5537767885942045
1779789364.7617598,10.0,10.0,7.356411507547817,0.1512519749598436,-0.008663439148463738,0.6886078167012727,0.080625792493382,0.08759158800114697,0.5537767885942045
1779789364.7718022,10.0,10.0,7.13986261762462,0.15126946013358902,-0.008540489738592302,0.6883728654005148,0.07958178249338202,0.08759158800114697,0.5537767885942045
1779789364.7818367,10.0,10.0,6.927685728826839,0.1512645527540611,-0.008423613673102029,0.6881590742348955,0.07855492989338203,0.08759158800114697,0.5537767885942045
1779789364.7918322,10.0,10.0,6.731978505109689,0.15123925979415734,-0.00831413709882731,0.6879657873551681,0.07748351339338203,0.08759158800114697,0.5537767885942045
1779789364.801793,10.0,10.0,6.578597118824058,0.15118893111441142,-0.008204670566664818,0.687799205954919,0.07645741519338203,0.08759158800114697,0.5537767885942045
1779789364.811804,10.0,10.0,6.458163929285951,0.15111510495938632,-0.008087115329207565,0.6876638844101907,0.07541135739338203,0.08759158800114697,0.5537767885942045
1779789364.8218722,10.0,10.0,6.354643242195778,0.15102345054079278,-0.007967574076036616,0.6875615118281859,0.07541135739338203,0.08759158800114697,0.5537767885942045
1779789364.8317688,10.0,10.0,6.277023372675788,0.1509096509179771,-0.007852518239211646,0.68749128061292,0.07435030329338205,0.08759158800114697,0.5537767885942045
1779789364.8418252,10.0,10.0,6.232558760837657,0.1507889614837785,-0.0077371131480889,0.6874528441726848,0.07326905729338201,0.08759158800114697,0.5537767885942045
1779789364.8518422,10.0,10.0,6.25511866743888,0.1506715803460949,-0.007631897518881617,0.6874336933991033,0.07224310529338202,0.08759158800114697,0.5537767885942045
1779789364.8618011,10.0,10.0,6.338296414987501,0.1505662939058974,-0.0075270422261497555,0.687430197179284,0.07119450179338202,0.08759158800114697,0.5537767885942045
1779789364.8717682,10.0,10.0,6.461668008396862,0.1504651347428188,-0.007424999050202941,0.687443969356115,0.07016529569338201,0.08759158800114697,0.5537767885942045
1779789364.8817873,10.0,10.0,6.611055954918831,0.15037035721691708,-0.007323194840989427,0.6874681946268892,0.06912285169338203,0.08759158800114697,0.5537767885942045
1779789364.8917952,10.0,10.0,6.789886946890866,0.15029075348336493,-0.007229424468415927,0.6874957362523716,0.06808976529338201,0.08759158800114697,0.5537767885942045
1779789364.9017746,10.0,10.0,6.997209177515201,0.15022719414688632,-0.007135330952355911,0.6875225372257671,0.06704751869338205,0.08759158800114697,0.5537767885942045
1779789364.9117692,10.0,10.0,7.207274058488357,0.150179628510243,-0.007041965416703316,0.6875450876400576,0.06598116969338202,0.08759158800114697,0.5537767885942045
1779789364.921839,10.0,10.0,7.409978658854515,0.1501440305205703,-0.006953597633864305,0.6875606905899064,0.06494271119338199,0.08759158800114697,0.5537767885942045
1779789364.9318364,10.0,10.0,7.607731102503242,0.1501221838922021,-0.006876078773684632,0.6875714674548432,0.06388572189338201,0.08759158800114697,0.5537767885942045
1779789364.941805,10.0,10.0,7.788535532915897,0.15010932296659485,-0.006809741054723811,0.6875747980567682,0.06285648769338206,0.08759158800114697,0.5537767885942045
1779789364.951793,10.0,10.0,7.947801337613395,0.15010644009221893,-0.006749970433091231,0.6875701217689117,0.06182855209338203,0.08759158800114697,0.5537767885942045
1779789364.9618986,10.0,10.0,8.087642184524586,0.15010947991357337,-0.006696282495427086,0.687554719831746,0.060792652393382024,0.08759158800114697,0.5537767885942045
1779789364.9718,10.0,10.0,8.223171435472281,0.15012514938390906,-0.006647622560124935,0.6875197106616519,0.059766312793382015,0.08759158800114697,0.5537767885942045
1779789364.9817665,10.0,10.0,8.367439864646776,0.15015780129905026,-0.006610777415215965,0.6874611643317461,0.05873564289338201,0.08759158800114697,0.5537767885942045
1779789364.9918623,10.0,10.0,8.496205039175388,0.15019879408106965,-0.0065772089200464255,0.6873833934501326,0.05770373979338203,0.08759158800114697,0.5537767885942045
1779789365.0017695,10.0,10.0,8.58345361312691,0.15025336707615414,-0.006547472810131267,0.6872816117540804,0.056679147393382034,0.08759158800114697,0.5537767885942045
1779789365.0117753,10.0,10.0,8.62080974822169,0.15031810947454283,-0.006515827255723969,0.6871410867859801,0.05565696959338204,0.08759158800114697,0.5537767885942045
1779789365.021801,10.0,10.0,8.625769887331185,0.1503915230596649,-0.006478807197670533,0.6869711033617021,0.05458656189338201,0.08759158800114697,0.5537767885942045
1779789365.0317755,10.0,10.0,8.588437002441394,0.15047226333992209,-0.006437414770024527,0.6867697734661137,0.053551778293382035,0.08759158800114697,0.5537767885942045
1779789365.0417957,10.0,10.0,8.511017962710547,0.150561622117128,-0.006381460086654555,0.6865388183448738,0.05250746279338206,0.08759158800114697,0.5537767885942045
1779789365.051776,10.0,10.0,8.425741229394468,0.15066090670147747,-0.006318666709736735,0.6862762608702735,0.051476068593382024,0.08759158800114697,0.5537767885942045
1779789365.061803,10.0,10.0,8.294517707603571,0.15075561076216837,-0.0062545517004638325,0.6860050688506373,0.050456125993382034,0.08759158800114697,0.5537767885942045
1779789365.0718336,10.0,10.0,8.111926595332246,0.15084857063983206,-0.006183635788956672,0.6857193949562864,0.049398460293382046,0.08759158800114697,0.5537767885942045
1779789365.081842,10.0,10.0,7.932647864236666,0.15093183139123095,-0.006116900857147489,0.6854204103388135,0.049398460293382046,0.08759158800114697,0.5537767885942045
1779789365.0917647,10.0,10.0,7.751900013071447,0.1509858567318305,-0.006050916811465577,0.6851188433772861,0.048274499793382025,0.08759158800114697,0.5537767885942045
1779789365.1018665,10.0,10.0,7.559477575435774,0.15101774434022672,-0.0059779838677621565,0.6848124033832804,0.048045145193382044,0.08679053220114696,0.5537767885942045
1779789365.111802,10.0,10.0,7.38355772027768,0.1510306000615584,-0.005894308751755054,0.6845178833394504,0.048045145193382044,0.08574971130114697,0.5537767885942045
1779789365.1218138,10.0,10.0,7.23679052104338,0.15102422065229326,-0.0058186885850467825,0.6842373471747998,0.048045145193382044,0.08471207630114697,0.5537767885942045
1779789365.1317995,10.0,10.0,7.095188872799794,0.15099461837418748,-0.005755142491426474,0.6839729955138971,0.048045145193382044,0.08366926260114693,0.5537767885942045
1779789365.141808,10.0,10.0,6.948923509814695,0.15095221815418178,-0.005701341568881015,0.6837354612533281,0.048045145193382044,0.08262496210114693,0.5537767885942045
1779789365.1517923,10.0,10.0,6.829602107442094,0.1508928543658755,-0.005655943853106316,0.6835250760372666,0.048045145193382044,0.08154837880114696,0.5537767885942045
1779789365.1618073,10.0,10.0,6.7387510508525175,0.15082190848162813,-0.005613077425964891,0.6833406222280989,0.048045145193382044,0.08051101940114694,0.5537767885942045
1779789365.1717663,10.0,10.0,6.682694919394596,0.15073871870804337,-0.00557563853076945,0.6831885544707952,0.048045145193382044,0.07944991920114697,0.5537767885942045
1779789365.1818085,10.0,10.0,6.652901057855995,0.15064155240012816,-0.005538848723580177,0.6830703312052807,0.048045145193382044,0.07836954580114697,0.5537767885942045
1779789365.1917827,10.0,10.0,6.64952248467755,0.1505365513051444,-0.005501711984769622,0.6829938933206868,0.048045145193382044,0.07731188010114695,0.5537767885942045
1779789365.2017822,10.0,10.0,6.666160581895704,0.1504266202466415,-0.005470900394906908,0.6829509149773134,0.048045145193382044,0.07628315190114694,0.5537767885942045
1779789365.211782,10.0,10.0,6.7001589948233535,0.15032371819677187,-0.005448783161197987,0.6829301800082298,0.048045145193382044,0.07525416130114697,0.5537767885942045
1779789365.221768,10.0,10.0,6.781703589063493,0.15022539581685865,-0.00542774065129977,0.6829204421204431,0.048045145193382044,0.07422008500114693,0.5537767885942045
1779789365.2317855,10.0,10.0,6.909241500413222,0.15013360366817566,-0.005413108751632835,0.6829233151195797,0.048045145193382044,0.07317017390114693,0.5537767885942045
1779789365.2418911,10.0,10.0,7.065024576646899,0.15006540934349313,-0.00540426002847227,0.6829360204589229,0.048045145193382044,0.07213693220114695,0.5537767885942045
1779789365.251771,10.0,10.0,7.222662909687214,0.15001436020257594,-0.005395043902154742,0.6829501243767043,0.048045145193382044,0.07110706790114693,0.5537767885942045
1779789365.26185,10.0,10.0,7.381157136145469,0.14998077446282435,-0.005383006542809388,0.6829589282065134,0.048045145193382044,0.07000388960114694,0.5537767885942045
1779789365.2718706,10.0,10.0,7.536982829823758,0.14995816041009055,-0.005371954000588973,0.6829610961195876,0.048045145193382044,0.06893798940114697,0.5537767885942045
1779789365.2817936,10.0,10.0,7.699111002497382,0.1499481726857062,-0.005368975859297827,0.6829591238947919,0.048045145193382044,0.06893798940114697,0.5537767885942045
1779789365.2917728,10.0,10.0,7.843084090064186,0.1499502441446338,-0.005371171021254557,0.6829496929067912,0.048045145193382044,0.06790779940114693,0.5537767885942045
1779789365.30187,10.0,10.0,7.960135706143623,0.14995484766354392,-0.005373033669282429,0.6829386406386129,0.048045145193382044,0.06686674910114696,0.5537767885942045
1779789365.3117874,10.0,10.0,8.061260845845663,0.14996291679060372,-0.0053704064505627844,0.6829143205527264,0.048045145193382044,0.06583603110114693,0.5537767885942045
1779789365.3217945,10.0,10.0,8.146499101214191,0.14997620097665218,-0.00536941400734784,0.6828686701596228,0.048045145193382044,0.06481393540114697,0.5537767885942045
1779789365.33178,10.0,10.0,8.212715612756504,0.14999011834018824,-0.005360482114288189,0.6828041474991694,0.048045145193382044,0.06377377170114695,0.5537767885942045
1779789365.3417852,10.0,10.0,8.258145086899106,0.1500130869732228,-0.005347673118472289,0.6827184292749952,0.048045145193382044,0.06273821570114697,0.5537767885942045
1779789365.351764,10.0,10.0,8.291173409049582,0.15004914122740484,-0.005325569332734828,0.6826037127510939,0.048045145193382044,0.061647499801146935,0.5537767885942045
1779789365.3617945,10.0,10.0,8.325001173603662,0.15009769295469033,-0.005300884186973111,0.6824592585029707,0.048045145193382044,0.060594336601146964,0.5537767885942045
1779789365.3717697,10.0,10.0,8.343973956036718,0.150154081346013,-0.005271881403879072,0.6822898222827917,0.048045145193382044,0.05955370200114693,0.5537767885942045
1779789365.3817763,10.0,10.0,8.311828577811967,0.15021599315794168,-0.005234310384900208,0.6820962381724808,0.048045145193382044,0.05852192810114694,0.5537767885942045
1779789365.3917637,10.0,10.0,8.247322733797665,0.15028663818505875,-0.005189039212043726,0.6818646284105514,0.048045145193382044,0.05749530880114692,0.5537767885942045
1779789365.4017606,10.0,10.0,8.168033465602598,0.15035685732928103,-0.005141365652137377,0.6816014080620736,0.048045145193382044,0.05646361410114695,0.5537767885942045
1779789365.4118035,10.0,10.0,8.05249983802618,0.15041393090080185,-0.005093182368463466,0.6813172532142532,0.048045145193382044,0.055390434201146935,0.5537767885942045
1779789365.4217901,10.0,10.0,7.912694936279316,0.15045988364830837,-0.005048195503546443,0.6810044855871259,0.048045145193382044,0.054348924901146956,0.5537767885942045
1779789365.431772,10.0,10.0,7.778338679970867,0.15049228814491686,-0.005008976528054578,0.6806928110153592,0.048045145193382044,0.05331698670114694,0.5537767885942045
1779789365.4417665,10.0,10.0,7.626309030791352,0.1505025043856321,-0.0049788028081554315,0.6803845840471854,0.048045145193382044,0.052288856601146946,0.5537767885942045
1779789365.451761,10.0,10.0,7.476852305655251,0.15049771943695722,-0.0049542391946647,0.6800964247953589,0.048045145193382044,0.05120205510114696,0.5537767885942045
1779789365.4618356,10.0,10.0,7.342002434745353,0.15047646254018265,-0.004937307604605991,0.6798235656261709,0.048045145193382044,0.05013199710114692,0.5537767885942045
1779789365.4717634,10.0,10.0,7.24603771999959,0.15044667052700686,-0.004926478852432358,0.6795775145985269,0.048045145193382044,0.049093437401146925,0.5537767885942045
1779789365.481771,10.0,10.0,7.184012177727989,0.1504074535626296,-0.004921320110744757,0.6793692888313044,0.048045145193382044,0.04805170270114695,0.5537767885942045
1779789365.4917874,10.0,10.0,7.104834984308525,0.15035273921445622,-0.004926268081755026,0.6791981319215619,0.048045145193382044,0.04701490630114692,0.5537767885942045
1779789365.501766,10.0,10.0,7.029030460509883,0.15028898330968385,-0.004937862036259866,0.679062568782891,0.048045145193382044,0.045968477801146934,0.5537767885942045
1779789365.5117848,10.0,10.0,6.963842518627276,0.1502045187295134,-0.00495805869198441,0.6789678743898765,0.048045145193382044,0.04492474540114692,0.5537767885942045
1779789365.521788,10.0,10.0,6.9113893228529655,0.15011075928312037,-0.0049865451742147,0.678906702545301,0.048045145193382044,0.04492474540114692,0.5537767885942045
1779789365.531762,10.0,10.0,6.883003048014608,0.15002037696200426,-0.005016785454399549,0.678873786057044,0.048045145193382044,0.04388852510114695,0.5537767885942045
1779789365.5418122,10.0,10.0,6.902013770642166,0.1499296660108319,-0.005049134047128199,0.6788520021920175,0.048045145193382044,0.04284527460114693,0.5537767885942045
1779789365.5517657,10.0,10.0,6.954134050890615,0.14984144124031065,-0.005079420255643429,0.6788387322410875,0.048045145193382044,0.04179937210114694,0.5537767885942045
1779789365.5618155,10.0,10.0,7.013803115137495,0.14974513921461005,-0.005116565653377755,0.6788370663868482,0.048045145193382044,0.04070451440114692,0.5537767885942045
1779789365.5718782,10.0,10.0,7.11314409314915,0.14966295816861305,-0.005148391587305504,0.6788383044134375,0.048045145193382044,0.039653560301146945,0.5537767885942045
1779789365.5817854,10.0,10.0,7.2751330037971,0.1495925229876106,-0.005181242420919637,0.6788436777329634,0.048045145193382044,0.03861793710114696,0.5537767885942045
1779789365.59176,10.0,10.0,7.446311886417181,0.149537019341014,-0.0052059467727519765,0.6788502827536597,0.048045145193382044,0.03756836370114695,0.5537767885942045
1779789365.6017818,10.0,10.0,7.611877087727434,0.1494955350028346,-0.005225027838380011,0.6788498380124899,0.048045145193382044,0.036518149101146966,0.5537767885942045
1779789365.6118948,10.0,10.0,7.785830682697832,0.14946987865140698,-0.005236025882436911,0.6788551224468798,0.048045145193382044,0.03544614440114692,0.5537767885942045
1779789365.6218243,10.0,10.0,7.947466100011917,0.14945614063723847,-0.005244423703698661,0.6788543512356342,0.048045145193382044,0.03440989000114693,0.5537767885942045
1779789365.631846,10.0,10.0,8.10336724304768,0.14945372096106702,-0.005252544421389957,0.6788533306152436,0.048045145193382044,0.033324331801146925,0.5537767885942045
1779789365.6418023,10.0,10.0,8.231768070151082,0.14945905006643773,-0.005256355260964372,0.678843161465735,0.048045145193382044,0.03226448810114692,0.5537767885942045
1779789365.6518147,10.0,10.0,8.329934600652106,0.14947356200874803,-0.00526348748355146,0.6788253150242997,0.048045145193382044,0.031227433201146956,0.5537767885942045
1779789365.661834,10.0,10.0,8.40152814564668,0.14949547236726307,-0.005275764118301128,0.6788024848850358,0.048045145193382044,0.030195347701146926,0.5537767885942045
1779789365.6717703,10.0,10.0,8.46661110137553,0.1495230683095208,-0.005283402270784699,0.6787540855031884,0.048045145193382044,0.02914155230114696,0.5537767885942045
1779789365.6817887,10.0,10.0,8.517649790466708,0.14955760546993802,-0.005293456271972518,0.6786838087105761,0.048045145193382044,0.028111723101146926,0.5537767885942045
1779789365.6917927,10.0,10.0,8.53385049952467,0.1496022787671511,-0.005308062573284766,0.6785975399171312,0.048045145193382044,0.027073846601146926,0.5537767885942045
1779789365.7017875,10.0,10.0,8.523114414392811,0.14965803720604828,-0.005320209327604201,0.6784846404288247,0.048045145193382044,0.026045327901146925,0.5537767885942045
1779789365.7117968,10.0,10.0,8.50872650308382,0.14972675965867183,-0.005337765671785592,0.6783483506194367,0.048045145193382044,0.024985444001146922,0.5537767885942045
1779789365.721832,10.0,10.0,8.477175998533315,0.14980471035219525,-0.005356983736590769,0.6781872169195111,0.048045145193382044,0.023938553601146956,0.5537767885942045
1779789365.7317684,10.0,10.0,8.393682167727635,0.1498888337857145,-0.005379420609299882,0.6779963524444576,0.048045145193382044,0.023938553601146956,0.5537767885942045
1779789365.7417643,10.0,10.0,8.277185331999116,0.1499658524769995,-0.0053996032639838185,0.6777814139054559,0.048045145193382044,0.022911213101146955,0.5537767885942045
1779789365.7517676,10.0,10.0,8.128497327773884,0.15001910606724542,-0.005428215624922119,0.6775554934532251,0.048045145193382044,0.021835624601146953,0.5537767885942045
1779789365.7617693,10.0,10.0,7.94243992667122,0.1500513535476491,-0.005467697220878944,0.6773084689807749,0.048045145193382044,0.020812872701146925,0.5537767885942045
1779789365.771814,10.0,10.0,7.764839406269902,0.15006631583638969,-0.005501615124909958,0.6770518105335785,0.048045145193382044,0.01978728740114694,0.5537767885942045
1779789365.7817938,10.0,10.0,7.599618909852847,0.15006140381493618,-0.005532651053138276,0.6767999574744383,0.048045145193382044,0.01873156640114694,0.5537767885942045
1779789365.7918277,10.0,10.0,7.422904166722564,0.15005006335458765,-0.005563009459136463,0.6765544615551796,0.048045145193382044,0.017702308301146955,0.5537767885942045
1779789365.8017583,10.0,10.0,7.275412826391692,0.15001820997977686,-0.005585753162808915,0.6763199298013544,0.048045145193382044,0.01667419520114694,0.5537767885942045
1779789365.8117712,10.0,10.0,7.143369274973181,0.14997451223626884,-0.005608917716846034,0.676102974290455,0.048045145193382044,0.015637142401146924,0.5537767885942045
1779789365.8217824,10.0,10.0,7.028247007321528,0.14992152171266857,-0.005625169791827362,0.6759059494932576,0.048045145193382044,0.014612092101146928,0.5537767885942045
1779789365.83177,10.0,10.0,6.943282570265234,0.14985137332568096,-0.0056440692917729815,0.675732509191507,0.048045145193382044,0.013564292001146918,0.5537767885942045
1779789365.8417993,10.0,10.0,6.868275958035027,0.14977439026211625,-0.005665096007822413,0.6755881225307075,0.048045145193382044,0.012523487101146917,0.5537767885942045
1779789365.8517597,10.0,10.0,6.81194899433447,0.14968783387694828,-0.005691844771736762,0.6754683742022182,0.048045145193382044,0.011471656401146928,0.5537767885942045
1779789365.861762,10.0,10.0,6.790178516781723,0.14959187909381547,-0.00572075558151037,0.6753842306749401,0.048045145193382044,0.010386214401146947,0.5537767885942045
1779789365.8717625,10.0,10.0,6.783963484813571,0.14949638348315986,-0.005752213171375256,0.6753308540883213,0.048045145193382044,0.009347256001146956,0.5537767885942045
1779789365.8817587,10.0,10.0,6.800822788491398,0.14940150677520597,-0.005789485184976665,0.6752929477066767,0.048045145193382044,0.008313004401146944,0.5537767885942045
1779789365.891761,10.0,10.0,6.841681702003168,0.1493028106725285,-0.00583007472036437,0.6752609052821643,0.048045145193382044,0.007214839501146934,0.5537767885942045
1779789365.9017894,10.0,10.0,6.921243981643474,0.149208501736072,-0.005875583390434679,0.6752377546575549,0.048045145193382044,0.006132460301146926,0.5537767885942045
1779789365.9118295,10.0,10.0,7.050666039653275,0.14912509261205104,-0.005922467583458614,0.6752174973968749,0.048045145193382044,0.005077838301146956,0.5537767885942045
1779789365.921802,10.0,10.0,7.240073688858811,0.14905301598517084,-0.0059666602407585975,0.6752079573037145,0.048045145193382044,0.0039543888011469505,0.5537767885942045
1779789365.931821,10.0,10.0,7.439093373532502,0.14899792005522033,-0.006012046174422339,0.6752052540830841,0.048045145193382044,0.0039543888011469505,0.5537767885942045
1779789365.9417977,10.0,10.0,7.6265103327415895,0.1489610534628436,-0.006056960292869485,0.6752049516750521,0.048045145193382044,0.0028978602011469207,0.5537767885942045
1779789365.951773,10.0,10.0,7.817746305998882,0.14894143550102906,-0.006106248076921232,0.6752051381815058,0.048045145193382044,0.0018306756011469503,0.5537767885942045
1779789365.961823,10.0,10.0,7.981140343174934,0.14893068079062768,-0.006160150992320034,0.6752055523419762,0.048045145193382044,0.0008032900011469522,0.5537767885942045
1779789365.971758,10.0,10.0,8.116277613973516,0.14893792998460514,-0.0062213087278664495,0.6751994897421086,0.048045145193382044,-0.00025611999885305145,0.5537767885942045
1779789365.981809,10.0,10.0,8.233374119463319,0.14895129780086397,-0.006290910295450577,0.6751857091032777,0.048045145193382044,-0.0012867526988530418,0.5537767885942045
1779789365.9918091,10.0,10.0,8.320129006189326,0.14897484037136305,-0.006360497262435949,0.675158553882476,0.048045145193382044,-0.0023349535988530824,0.5537767885942045
1779789366.001767,10.0,10.0,8.376496208475851,0.14900530869749426,-0.006433020889927077,0.6751123456818707,0.048045145193382044,-0.0033759989988530453,0.5537767885942045
1779789366.0117984,10.0,10.0,8.405214733400124,0.14904144668625444,-0.00650800254647715,0.6750402481561486,0.048045145193382044,-0.004402738398853042,0.5537767885942045
1779789366.0217621,10.0,10.0,8.416703106581261,0.1490877870044061,-0.006593230777378196,0.6749376894810407,0.048045145193382044,-0.005467555598853067,0.5537767885942045
1779789366.0317912,10.0,10.0,8.416954444966844,0.14914357302809508,-0.006674005179169638,0.6747954719218808,0.048045145193382044,-0.006492330298853086,0.5537767885942045
1779789366.0417953,10.0,10.0,8.40547272827107,0.14921130457123566,-0.006759550193301281,0.6746206535526165,0.048045145193382044,-0.007562761098853063,0.5537767885942045
1779789366.0517569,10.0,10.0,8.38349388907447,0.14928565272218805,-0.006844825918300688,0.6744106288643159,0.048045145193382044,-0.008604426598853085,0.5537767885942045
1779789366.061812,10.0,10.0,8.324459119464075,0.1493659375853184,-0.00693046588420007,0.6741695849553404,0.048045145193382044,-0.00966256619885305,0.5537767885942045
1779789366.071744,10.0,10.0,8.223112627480642,0.14943537246930694,-0.007017444903470327,0.6739010052103213,0.048045145193382044,-0.010684962498853055,0.5537767885942045
1779789366.0817983,10.0,10.0,8.08980827994837,0.14947785882594555,-0.007105678319025196,0.6736158814549639,0.048045145193382044,-0.011737076798853061,0.5537767885942045
1779789366.0917833,10.0,10.0,7.922834032901589,0.149512884787429,-0.0072049769827656745,0.6733191941771757,0.048045145193382044,-0.012885952198853032,0.5537767885942045
1779789366.1017547,10.0,10.0,7.765038489292486,0.14952887936734127,-0.007304632294434246,0.6730211996670972,0.048045145193382044,-0.013935378398853025,0.5537767885942045
1779789366.1117861,10.0,10.0,7.582755692364863,0.14952623399385312,-0.007397440168161535,0.6727367882706095,0.048045145193382044,-0.014989270998853086,0.5537767885942045
1779789366.1217575,10.0,10.0,7.37554415811665,0.1495001726068629,-0.007489948080644905,0.6724585476282431,0.048045145193382044,-0.016032002598853033,0.5537767885942045
1779789366.1317728,10.0,10.0,7.18174738301696,0.14946398182105672,-0.007581770369120898,0.6721954044982287,0.048045145193382044,-0.01707609069885304,0.5537767885942045
1779789366.141802,10.0,10.0,7.032912256885343,0.149413380951537,-0.0076726648422357265,0.6719568700251793,0.048045145193382044,-0.01707609069885304,0.5537767885942045
1779789366.1517463,10.0,10.0,6.914875296225404,0.14935895917713846,-0.00776230922782483,0.6717415385255232,0.048045145193382044,-0.018109242198853025,0.5537767885942045
1779789366.1617756,10.0,10.0,6.825906864550543,0.1492964832673036,-0.007846866427807372,0.6715576574178581,0.048045145193382044,-0.019163650798853057,0.5537767885942045
1779789366.1717627,10.0,10.0,6.7652759807653355,0.14922223329470882,-0.007931349964837216,0.6713990846720794,0.048045145193382044,-0.020198371198853093,0.5537767885942045
1779789366.1818228,10.0,10.0,6.729645306888706,0.14913263039334104,-0.008023067166256337,0.6712794461103997,0.048045145193382044,-0.021254168398853086,0.5537767885942045
1779789366.1918182,10.0,10.0,6.700184786745015,0.1490370771441912,-0.008111864361499879,0.6711967221027573,0.048045145193382044,-0.022295648698853063,0.5537767885942045
1779789366.2018244,10.0,10.0,6.684236317884985,0.1489374676466673,-0.008199397680015165,0.6711484275220394,0.048045145193382044,-0.02336932649885307,0.5537767885942045
1779789366.2118015,10.0,10.0,6.6881472481815125,0.14883830412293736,-0.008286997837368044,0.6711195745864567,0.048045145193382044,-0.02441720379885307,0.5537767885942045
1779789366.2217839,10.0,10.0,6.7163749049639465,0.14873748836108514,-0.008380261072658447,0.6711024459863775,0.048045145193382044,-0.025472723398853103,0.5537767885942045
1779789366.2318568,10.0,10.0,6.771226500575601,0.14862923353554056,-0.00847128785812668,0.671099719101591,0.048045145193382044,-0.026497741598853108,0.5537767885942045
1779789366.2417812,10.0,10.0,6.862966168662935,0.148521396388409,-0.008568615967729494,0.6711035883389992,0.048045145193382044,-0.02757173709885311,0.5537767885942045
1779789366.2517958,10.0,10.0,7.003549153882868,0.14842765153727047,-0.008676755519713638,0.6711187921333153,0.048045145193382044,-0.028601258798853058,0.5537767885942045
1779789366.2617671,10.0,10.0,7.161247959767201,0.14834562658848044,-0.008790388584290699,0.6711430909069936,0.048045145193382044,-0.02967335359885309,0.5537767885942045
1779789366.2717745,10.0,10.0,7.319563175251855,0.14828131131924038,-0.008905771045868977,0.6711678201381286,0.048045145193382044,-0.030697720598853038,0.5537767885942045
1779789366.2818253,10.0,10.0,7.494052042416258,0.14822818049847264,-0.009029472365111183,0.6711930325779579,0.048045145193382044,-0.0317634394988531,0.5537767885942045
1779789366.2917628,10.0,10.0,7.679197167862108,0.14818658493844067,-0.009161928259548776,0.6712159246850439,0.048045145193382044,-0.0327892701988531,0.5537767885942045
1779789366.3017752,10.0,10.0,7.8463780537412475,0.14814809266539386,-0.00930262759221676,0.6712378733115928,0.048045145193382044,-0.03382182369885308,0.5537767885942045
1779789366.3117728,10.0,10.0,7.975861134333367,0.148125411395889,-0.009453970962622025,0.6712501030603031,0.048045145193382044,-0.03487944329885305,0.5537767885942045
1779789366.321778,10.0,10.0,8.09126000558874,0.14811427282378334,-0.009611997340673412,0.671257357309648,0.048045145193382044,-0.035909994898853034,0.5537767885942045
1779789366.331777,10.0,10.0,8.19556004303911,0.14811949075526587,-0.0097803178099789,0.6712558808075176,0.048045145193382044,-0.036966754898853024,0.5537767885942045
1779789366.3418145,10.0,10.0,8.28458840374168,0.1481364522288774,-0.009950339514260068,0.6712472808343896,0.048045145193382044,-0.03799517449885309,0.5537767885942045
1779789366.3518147,10.0,10.0,8.356690493036805,0.14817269276092132,-0.010123794805144193,0.6712223150961967,0.048045145193382044,-0.03799517449885309,0.5537767885942045
1779789366.361789,10.0,10.0,8.41031940392518,0.1482252476536989,-0.010305396350021733,0.6711727833375896,0.048045145193382044,-0.03910614359885306,0.5537767885942045
1779789366.3717613,10.0,10.0,8.445803315643227,0.1482879639706485,-0.010495753470522303,0.671097255999401,0.048045145193382044,-0.04015915049885302,0.5537767885942045
1779789366.381768,10.0,10.0,8.44906642262816,0.1483592414948845,-0.010678720287855251,0.6709919645222131,0.048045145193382044,-0.0412053455988531,0.5537767885942045
1779789366.391764,10.0,10.0,8.41171117442232,0.14843487077205603,-0.010861752485987673,0.6708511825420264,0.048045145193382044,-0.04224889769885308,0.5537767885942045
1779789366.4017506,10.0,10.0,8.348338592915558,0.14852136760165074,-0.011039486354257189,0.6706736932491828,0.048045145193382044,-0.043276049998853094,0.5537767885942045
1779789366.4117706,10.0,10.0,8.258146036842344,0.14861210506189879,-0.011224294274795125,0.670464798324603,0.048045145193382044,-0.044297602698853064,0.5537767885942045
1779789366.4218376,10.0,10.0,8.13313761649055,0.14870119451728342,-0.01140823634126047,0.6702408699642575,0.048045145193382044,-0.04537178949885309,0.5537767885942045
1779789366.4317756,10.0,10.0,7.968550767734323,0.14878282133134618,-0.011590865014410253,0.66999834395872,0.048045145193382044,-0.046414908798853044,0.5537767885942045
1779789366.4418082,10.0,10.0,7.777480340400287,0.1488321350857637,-0.01177863912537887,0.6697490712266362,0.048045145193382044,-0.04745114609885309,0.5537767885942045
1779789366.4517584,10.0,10.0,7.586146567612883,0.14885441673693908,-0.011968314825071949,0.6694987385145613,0.048045145193382044,-0.04848420849885307,0.5537767885942045
1779789366.4617927,10.0,10.0,7.382054375815056,0.14885495827285722,-0.012159841780681122,0.6692570885127216,0.048045145193382044,-0.049549436398853106,0.5537767885942045
1779789366.471773,10.0,10.0,7.19257762345417,0.14884475110169537,-0.012349209653693235,0.6690296004415341,0.048045145193382044,-0.05057872769885309,0.5537767885942045
1779789366.4817765,10.0,10.0,7.019977049836078,0.14881308495444712,-0.012547678678802118,0.6688212136800462,0.048045145193382044,-0.05161383989885303,0.5537767885942045
1779789366.4917955,10.0,10.0,6.858117452902757,0.14877118319998894,-0.012742276212872727,0.6686423106317895,0.048045145193382044,-0.052686548898853075,0.5537767885942045
1779789366.5017486,10.0,10.0,6.714820264170384,0.148712303224945,-0.012935802223099604,0.6684924555281071,0.048045145193382044,-0.0537185071988531,0.5537767885942045
1779789366.5117645,10.0,10.0,6.594175424806779,0.1486451989258038,-0.013131663087349942,0.6683740373660143,0.048045145193382044,-0.054759974398853065,0.5537767885942045
1779789366.5218704,10.0,10.0,6.4999063044771725,0.1485653195135904,-0.013328575238163965,0.668283876616223,0.048045145193382044,-0.0557889690988531,0.5537767885942045
1779789366.5317633,10.0,10.0,6.430361997776546,0.14848057300756087,-0.013525329210907462,0.6682193473408249,0.048045145193382044,-0.05684627209885308,0.5537767885942045
1779789366.541799,10.0,10.0,6.3831313525694835,0.1483818352776334,-0.013721728794156776,0.668166619365778,0.048045145193382044,-0.05787692799885308,0.5537767885942045
1779789366.5517616,10.0,10.0,6.353539128198402,0.14827188455996235,-0.013913210329577425,0.6681225678874759,0.048045145193382044,-0.05895665019885307,0.5537767885942045
1779789366.5618093,10.0,10.0,6.348268011433757,0.14814313795541675,-0.014103569923979263,0.6680947373429713,0.048045145193382044,-0.06000737479885311,0.5537767885942045
1779789366.571789,10.0,10.0,6.360858413774955,0.14799172436283667,-0.014302654403256383,0.6680862708815226,0.048045145193382044,-0.06106539619885311,0.5537767885942045
1779789366.5818007,10.0,10.0,6.4105940797958825,0.1478368591225465,-0.01450886938131232,0.6681040467911342,0.048045145193382044,-0.06106539619885311,0.5537767885942045
1779789366.5917602,10.0,10.0,6.50690553494929,0.14767911071138048,-0.01473641977835106,0.6681528841807283,0.048045145193382044,-0.0620972532988531,0.5537767885942045
1779789366.6017404,10.0,10.0,6.645247640848238,0.14753585225160323,-0.014976389220742568,0.6682206143038205,0.048045145193382044,-0.06315511329885307,0.5537767885942045
1779789366.611846,10.0,10.0,6.828243943153192,0.14741822122142176,-0.015215571915050451,0.6683010845347332,0.048045145193382044,-0.06418811559885305,0.5537767885942045
1779789366.6217735,10.0,10.0,7.03839668696502,0.14731304411418958,-0.015454364726496712,0.6683910604539177,0.048045145193382044,-0.06524976779885308,0.5537767885942045
1779789366.6318166,10.0,10.0,7.245059650546063,0.14721619748640788,-0.015696934969143164,0.6684705769218925,0.048045145193382044,-0.06628953079885308,0.5537767885942045
1779789366.6417644,10.0,10.0,7.465975544345728,0.14711868285290464,-0.015959647619485845,0.6685390492728286,0.048045145193382044,-0.06736644569885306,0.5537767885942045
1779789366.6518188,10.0,10.0,7.67093203983664,0.14703121900886376,-0.01623234439398141,0.6685909435599311,0.048045145193382044,-0.06840452749885303,0.5537767885942045
1779789366.6617808,10.0,10.0,7.867566436399705,0.14694616058934737,-0.016521337045162288,0.6686244687670162,0.048045145193382044,-0.06946817449885309,0.5537767885942045
1779789366.671818,10.0,10.0,8.045333048349459,0.1468778905777491,-0.016819763853139835,0.6686462782436149,0.048045145193382044,-0.07049397419885309,0.5537767885942045
1779789366.6818147,10.0,10.0,8.208306535768333,0.14682438182028257,-0.017127694293643927,0.6686619391394564,0.048045145193382044,-0.07157097429885309,0.5537767885942045
1779789366.6937609,10.0,10.0,8.366009627976311,0.1467904379358294,-0.017518970383190023,0.6686747076978063,0.048045145193382044,-0.0725979481988531,0.5537767885942045
1779789366.703747,10.0,10.0,8.504240172867254,0.14678237444684167,-0.01784597661972124,0.6686719301648669,0.048045145193382044,-0.0736562830988531,0.5537767885942045
1779789366.7138069,10.0,10.0,8.628012778319626,0.14679614933141294,-0.01817989513673213,0.6686509783157368,0.048045145193382044,-0.07469526459885309,0.5537767885942045
1779789366.7238207,10.0,10.0,8.724910253693542,0.146829526289913,-0.018510177993129304,0.6686149300568702,0.048045145193382044,-0.07576354429885311,0.5537767885942045
1779789366.7337935,10.0,10.0,8.798699344712839,0.14688718567755318,-0.018847807942912985,0.6685467111182335,0.048045145193382044,-0.0768058480988531,0.5537767885942045
1779789366.74374,10.0,10.0,8.84152255009172,0.1469602602808199,-0.019193073446015015,0.668453094172382,0.048045145193382044,-0.07786405979885304,0.5537767885942045
1779789366.75378,10.0,10.0,8.84476927842513,0.1470516357108748,-0.019535354036588213,0.6683384655688317,0.048045145193382044,-0.07889147959885306,0.5537767885942045
1779789366.7637727,10.0,10.0,8.821340022333665,0.1471594940244431,-0.01986630632315434,0.6681968958077511,0.048045145193382044,-0.07998083589885303,0.5537767885942045
1779789366.7737634,10.0,10.0,8.7516780092961,0.14727894487786522,-0.020194224596249175,0.6680336246901196,0.048045145193382044,-0.08100972649885309,0.5537767885942045
1779789366.7837548,10.0,10.0,8.613083671883706,0.1474069332450154,-0.02051205584379283,0.6678474591874364,0.048045145193382044,-0.08208772539885303,0.5537767885942045
1779789366.7937546,10.0,10.0,8.433603405776717,0.1475364470959741,-0.020826705250527305,0.6676391793861247,0.048045145193382044,-0.08316495899885308,0.5537767885942045
1779789366.8037531,10.0,10.0,8.20853906666805,0.14765233965857064,-0.02112713791201395,0.6674146289568434,0.048045145193382044,-0.08420802919885308,0.5537767885942045
1779789366.8137984,10.0,10.0,7.9539274356551655,0.1477367114479962,-0.02142681959975155,0.667178466282279,0.048045145193382044,-0.08420802919885308,0.5537767885942045
1779789366.8238137,10.0,10.0,7.664055081415946,0.1477832734519706,-0.021736442958427832,0.6669407106294999,0.048045145193382044,-0.08528572659885304,0.5537767885942045
1779789366.8337748,10.0,10.0,7.365963345795118,0.14780320244031994,-0.022050061337936213,0.6667037604526719,0.048045145193382044,-0.08641316269885303,0.5537767885942045
1779789366.843761,10.0,10.0,7.097697592039945,0.1478013060041611,-0.022380061898622506,0.6664867368987423,0.048045145193382044,-0.08745808139885311,0.5537767885942045
1779789366.8537927,10.0,10.0,6.847787923120397,0.14778197116696315,-0.0227032591422494,0.6662854468836817,0.048045145193382044,-0.08851227149885309,0.5537767885942045
1779789366.8637745,10.0,10.0,6.6094759783501065,0.14774267550066128,-0.02302947828188571,0.6661101321219827,0.048045145193382044,-0.08959246059885308,0.5537767885942045
1779789366.87376,10.0,10.0,6.394062270244729,0.14768137142931373,-0.023357882025224357,0.6659654168199665,0.048045145193382044,-0.09064700849885308,0.5537767885942045
1779789366.8837707,10.0,10.0,6.210861786900214,0.14760104258059067,-0.023696189825580694,0.6658357269161204,0.048045145193382044,-0.09170920069885304,0.5537767885942045
1779789366.8937588,10.0,10.0,6.052290092933822,0.14750479813484288,-0.024028945601021545,0.6657167328627531,0.048045145193382044,-0.09276167959885309,0.5537767885942045
1779789366.9038205,10.0,10.0,5.929654617645148,0.14738878936512795,-0.024351632831041616,0.6656033415021275,0.048045145193382044,-0.09379762539885309,0.5537767885942045
1779789366.913759,10.0,10.0,5.849627054773098,0.14725674607205305,-0.024668697879270157,0.6654992090428836,0.048045145193382044,-0.09486870939885307,0.5537767885942045
1779789366.9237468,10.0,10.0,5.790705318379064,0.14711607291185433,-0.02499504159295009,0.6654121600079904,0.048045145193382044,-0.09589927199885308,0.5537767885942045
1779789366.933769,10.0,10.0,5.754355067794264,0.1469592904464523,-0.025324918264148313,0.6653462653004569,0.048045145193382044,-0.09700818419885303,0.5537767885942045
1779789366.9438019,10.0,10.0,5.7572093599815775,0.14680062108322298,-0.02565200225944481,0.6653045096107953,0.048045145193382044,-0.0980849047988531,0.5537767885942045
1779789366.9537578,10.0,10.0,5.794598633053329,0.14663119770447017,-0.025987089745944904,0.6652918920574709,0.048045145193382044,-0.09916855239885305,0.5537767885942045
1779789366.9637775,10.0,10.0,5.870055234274524,0.14646801442709947,-0.026319508268744633,0.6653088817061615,0.048045145193382044,-0.1002130713988531,0.5537767885942045
1779789366.9737806,10.0,10.0,5.994703762644311,0.14630451506135453,-0.026659385995151812,0.6653550152179789,0.048045145193382044,-0.10125650029885311,0.5537767885942045
1779789366.9838274,10.0,10.0,6.143873927638368,0.14615109668694623,-0.027004232579480546,0.6654276265915184,0.048045145193382044,-0.10125650029885311,0.5537767885942045
1779789366.9937747,10.0,10.0,6.338678000929146,0.1460140968658935,-0.027354540042727176,0.6655112762376602,0.048045145193382044,-0.10229800749885308,0.5537767885942045
1779789367.0038118,10.0,10.0,6.554189429119695,0.14590587860209053,-0.02771358999041903,0.6656077470788913,0.048045145193382044,-0.10337745819885308,0.5537767885942045
1779789367.0137503,10.0,10.0,6.76346239772421,0.1458093913764389,-0.02809311144981686,0.6657052309673561,0.048045145193382044,-0.10446509939885308,0.5537767885942045
1779789367.0237749,10.0,10.0,6.970697429161153,0.1457170421859053,-0.028480589960301467,0.6657870721692267,0.048045145193382044,-0.10549284279885306,0.5537767885942045
1779789367.0338616,10.0,10.0,7.177760387551062,0.14563042596759299,-0.028879726487172717,0.6658471375151468,0.048045145193382044,-0.10655072789885306,0.5537767885942045
1779789367.0437753,10.0,10.0,7.386088218224778,0.14554425644599583,-0.02929417439355279,0.665888167295302,0.048045145193382044,-0.10758036079885305,0.5537767885942045
1779789367.0538273,10.0,10.0,7.559970979309736,0.1454650085773037,-0.02971316136097673,0.6659076569884359,0.048045145193382044,-0.10860953289885303,0.5537767885942045
1779789367.0638192,10.0,10.0,7.703059512821267,0.1453913891137016,-0.03013494518047003,0.6659107786862031,0.048045145193382044,-0.10965247089885309,0.5537767885942045
1779789367.0737696,10.0,10.0,7.84466423173959,0.14533690006237868,-0.030576470282345683,0.6659086001255619,0.048045145193382044,-0.11070469229885307,0.5537767885942045
1779789367.0837827,10.0,10.0,7.984363907702224,0.14530401331560946,-0.031029764106287966,0.665900862521051,0.048045145193382044,-0.11175754699885307,0.5537767885942045
1779789367.0937781,10.0,10.0,8.119817648391798,0.1452881603374913,-0.03150216057527516,0.6658791068729414,0.048437026793382104,-0.11240841199885304,0.5537767885942045
1779789367.1037827,10.0,10.0,8.21899078011873,0.14528801035757832,-0.03197359897975794,0.6658409787403659,0.049480921593382104,-0.11240841199885304,0.5537767885942045
1779789367.113789,10.0,10.0,8.294166325709433,0.14529887036450598,-0.03244265215375058,0.6657853124274953,0.05051815879338209,-0.11240841199885304,0.5537767885942045
1779789367.123776,10.0,10.0,8.347692982320442,0.14532263951260538,-0.03291439290232551,0.6657027427746056,0.05157055059338206,-0.11240841199885304,0.5537767885942045
1779789367.1337564,10.0,10.0,8.3674210924017,0.1453564828719515,-0.03338731493220591,0.6655947781772873,0.052629592893382066,-0.11240841199885304,0.5537767885942045
1779789367.1437716,10.0,10.0,8.347765213821347,0.14540351126482276,-0.03385134751972872,0.6654666609319543,0.05370069499338212,-0.11240841199885304,0.5537767885942045
1779789367.1537814,10.0,10.0,8.281978181940255,0.14546079517075372,-0.03429888888747617,0.665320145770619,0.05474487629338212,-0.11240841199885304,0.5537767885942045
1779789367.1638327,10.0,10.0,8.172950405198785,0.14552643794448447,-0.034738860946473445,0.6651571097015377,0.05579744639338208,-0.11240841199885304,0.5537767885942045
1779789367.1737719,10.0,10.0,8.007938219698381,0.14559861653136255,-0.03518888644209379,0.664988834022796,0.05682681379338203,-0.11240841199885304,0.5537767885942045
1779789367.1837735,10.0,10.0,7.821743145888288,0.14566691066740892,-0.03563005363417668,0.6648206257910373,0.057871439993382096,-0.11240841199885304,0.5537767885942045
1779789367.1937563,10.0,10.0,7.6288182670812725,0.14570984341479973,-0.03605749645899571,0.6646568194587261,0.05890636089338211,-0.11240841199885304,0.5537767885942045
1779789367.203818,10.0,10.0,7.40172634103404,0.14571062618421265,-0.03648303638105903,0.6645031225916753,0.05890636089338211,-0.11240841199885304,0.5537767885942045
1779789367.2137735,10.0,10.0,7.1695885809706095,0.14569256968194935,-0.03692240257465914,0.6643652240591784,0.059934473993382115,-0.11240841199885304,0.5537767885942045
1779789367.2237642,10.0,10.0,6.951090756379134,0.14566562406849765,-0.037375421875863096,0.6642401325797805,0.06096548649338204,-0.11240841199885304,0.5537767885942045
1779789367.2337534,10.0,10.0,6.75412828093592,0.14562682034151847,-0.037821268848068815,0.6641224257884729,0.0620175415933821,-0.11240841199885304,0.5537767885942045
1779789367.2437434,10.0,10.0,6.576713941457238,0.1455722956017196,-0.03824887633535477,0.6640121601278303,0.06304629989338204,-0.11240841199885304,0.5537767885942045
1779789367.2537668,10.0,10.0,6.4106006104863225,0.1455046230050023,-0.03866940405529881,0.663897844375759,0.0640883842933821,-0.11240841199885304,0.5537767885942045
1779789367.2637799,10.0,10.0,6.289925930399137,0.14542173297140537,-0.03910321483217969,0.6637884657837742,0.0651304605933821,-0.11240841199885304,0.5537767885942045
1779789367.2737637,10.0,10.0,6.218461617543804,0.1453169287126377,-0.039533210893270165,0.6636866854193836,0.06619434409338207,-0.11240841199885304,0.5537767885942045
1779789367.283773,10.0,10.0,6.157598912505369,0.14519869740111224,-0.03994076498719208,0.6636030393886565,0.06728193909338206,-0.11240841199885304,0.5537767885942045
1779789367.293788,10.0,10.0,6.092600444249159,0.14505460581023458,-0.04034812543214545,0.6635370364965703,0.06831848509338209,-0.11240841199885304,0.5537767885942045
1779789367.3037736,10.0,10.0,6.025803628942272,0.14490185329883573,-0.04076496762218413,0.6634948834642252,0.06936320339338212,-0.11240841199885304,0.5537767885942045
1779789367.3137503,10.0,10.0,6.0015196654212914,0.14473423168601904,-0.0411952219468978,0.6634656569392974,0.07039010419338207,-0.11240841199885304,0.5537767885942045
1779789367.3237722,10.0,10.0,6.00162764572316,0.14455001229165768,-0.04161388497517132,0.6634606242180552,0.0714298511933821,-0.11240841199885304,0.5537767885942045
1779789367.3338146,10.0,10.0,6.029214454515796,0.14435358023259912,-0.04203579358587897,0.6634861480646926,0.07250790429338208,-0.11240841199885304,0.5537767885942045
1779789367.3437788,10.0,10.0,6.0823939643924865,0.14416173687306064,-0.04247237010413537,0.66353737149722,0.07353408269338207,-0.11240841199885304,0.5537767885942045
1779789367.3537767,10.0,10.0,6.182320708553495,0.1439735671342704,-0.0429127472809697,0.6636180089039898,0.07459360599338208,-0.11240841199885304,0.5537767885942045
1779789367.3637543,10.0,10.0,6.3565840737940515,0.1437979219823173,-0.0433588392105071,0.663717875601788,0.07562649799338209,-0.11240841199885304,0.5537767885942045
1779789367.3737566,10.0,10.0,6.571831870621223,0.14364262508281925,-0.043808455674749266,0.6638384175176832,0.07666228849338211,-0.11240841199885304,0.5537767885942045
1779789367.3837547,10.0,10.0,6.788081829425977,0.14349289493187123,-0.044258930631530434,0.6639665071977019,0.07774440629338206,-0.11240841199885304,0.5537767885942045
1779789367.3937833,10.0,10.0,7.000278214416004,0.14335203312595723,-0.044715870479734396,0.664088781776437,0.07878706069338212,-0.11240841199885304,0.5537767885942045
1779789367.4038024,10.0,10.0,7.238571620249766,0.14321397987675014,-0.0451694439920353,0.664197560187532,0.0798235986933821,-0.11240841199885304,0.5537767885942045
1779789367.4137824,10.0,10.0,7.47773206593968,0.14307386514541243,-0.045628703894924585,0.66429343564309,0.0808667219933821,-0.11240841199885304,0.5537767885942045
1779789367.4237897,10.0,10.0,7.66910703335814,0.14294247435789312,-0.04608593987819574,0.6643732035895379,0.08191098749338205,-0.11240841199885304,0.5537767885942045
1779789367.433825,10.0,10.0,7.865043167520818,0.14282261792011666,-0.04655419239110553,0.6644303011515512,0.08191098749338205,-0.11240841199885304,0.5537767885942045
1779789367.4437718,10.0,10.0,8.05649821412903,0.14272181936577769,-0.04702530291171841,0.6644624404005302,0.0829420540933821,-0.11240841199885304,0.5537767885942045
1779789367.4537573,10.0,10.0,8.241228928397838,0.14263068468656673,-0.047509169558886365,0.66446516749669,0.08403434599338205,-0.11240841199885304,0.5537767885942045
1779789367.4637523,10.0,10.0,8.395961452875547,0.14255600129752083,-0.04797917842851526,0.6644464009233872,0.08511364649338207,-0.11240841199885304,0.5537767885942045
1779789367.4737968,10.0,10.0,8.550478558114756,0.14250413419492655,-0.048453705954738524,0.6644172825827448,0.08613471729338204,-0.11240841199885304,0.5537767885942045
1779789367.4837563,10.0,10.0,8.715523013089275,0.14247349595391415,-0.04892245982698678,0.6643761819759354,0.08720616699338207,-0.11240841199885304,0.5537767885942045
1779789367.4937406,10.0,10.0,8.854385765646583,0.14246659569603087,-0.04939500144392745,0.6643187265656051,0.08828609659338207,-0.11240841199885304,0.5537767885942045
1779789367.5037723,10.0,10.0,8.971437832762422,0.14247989014157458,-0.04985028351962281,0.6642376291531372,0.0893253906933821,-0.11240841199885304,0.5537767885942045
1779789367.5137753,10.0,10.0,9.049896005159098,0.14250733416989672,-0.05029645785528444,0.6641357995382541,0.09039495489338209,-0.11240841199885304,0.5537767885942045
1779789367.5237515,10.0,10.0,9.089532006545285,0.14256266438640772,-0.05074255654182018,0.6640053339998265,0.09142868049338207,-0.11240841199885304,0.5537767885942045
1779789367.5337698,10.0,10.0,9.097225841599247,0.14264117928587092,-0.05118571780787951,0.6638460495140207,0.09248020169338211,-0.11240841199885304,0.5537767885942045
1779789367.5437684,10.0,10.0,9.069503773355756,0.1427376247965311,-0.051622043170120785,0.6636621374025853,0.09351506239338211,-0.11240841199885304,0.5537767885942045
1779789367.5537643,10.0,10.0,8.983143575742583,0.14284821854181093,-0.05203316144453289,0.6634544682348237,0.09454324459338206,-0.11240841199885304,0.5537767885942045
1779789367.5637562,10.0,10.0,8.827694284151525,0.14297197078661844,-0.05242247939933713,0.6632224555050112,0.09558736479338206,-0.11240841199885304,0.5537767885942045
1779789367.573757,10.0,10.0,8.624116975143043,0.14310478428290505,-0.052807741238853206,0.662980398553171,0.09662339179338211,-0.11240841199885304,0.5537767885942045
1779789367.5837781,10.0,10.0,8.381569120372149,0.14324265602716788,-0.05318396739945708,0.6627324321456056,0.09767997549338209,-0.11240841199885304,0.5537767885942045
1779789367.593788,10.0,10.0,8.108295721510467,0.1433748527577478,-0.05354422313069534,0.6624898834181321,0.09874103659338207,-0.11240841199885304,0.5537767885942045
1779789367.6038196,10.0,10.0,7.8018971598540645,0.14348479354653398,-0.053890356623544355,0.6622515754077578,0.09977661369338212,-0.11240841199885304,0.5537767885942045
1779789367.613752,10.0,10.0,7.477960105127336,0.14355748093549492,-0.05423417240057956,0.6620265084645522,0.10081621339338209,-0.11240841199885304,0.5537767885942045
1779789367.6238074,10.0,10.0,7.158276560973028,0.1435932216985069,-0.05458461812409487,0.6618134746959279,0.10185031179338208,-0.11240841199885304,0.5537767885942045
1779789367.6337807,10.0,10.0,6.858185203923261,0.14359493147029478,-0.05493411579576899,0.6616196318975873,0.10185031179338208,-0.11240841199885304,0.5537767885942045
1779789367.6437795,10.0,10.0,6.5752199488945156,0.14356384869139138,-0.05527908548413606,0.6614547155528466,0.10293575779338207,-0.11240841199885304,0.5537767885942045
1779789367.6537647,10.0,10.0,6.313192360807971,0.14351895374433354,-0.055628386571477714,0.6613161829676762,0.10401404329338212,-0.11240841199885304,0.5537767885942045
1779789367.6637602,10.0,10.0,6.098403207985544,0.14346151444761399,-0.05598826469710136,0.6611850561943277,0.10506340539338205,-0.11240841199885304,0.5537767885942045
1779789367.6737585,10.0,10.0,5.925381219953039,0.14339770157744836,-0.0563397228445327,0.661062742818993,0.10610240699338211,-0.11240841199885304,0.5537767885942045
1779789367.683768,10.0,10.0,5.769225258933273,0.14330052561096548,-0.056678751889349385,0.660951385238547,0.10713200189338207,-0.11240841199885304,0.5537767885942045
1779789367.6938062,10.0,10.0,5.610877204647794,0.14318693076596986,-0.05700114012376255,0.6608564216700874,0.10823843239338213,-0.11240841199885304,0.5537767885942045
1779789367.7037637,10.0,10.0,5.490752893654397,0.1430505206033216,-0.057319512324632754,0.6607781876036363,0.10931095609338212,-0.11240841199885304,0.5537767885942045
1779789367.7138011,10.0,10.0,5.395590661829557,0.142900413484169,-0.0576441970006476,0.6607269293082443,0.11040448129338207,-0.11240841199885304,0.5537767885942045
1779789367.7237487,10.0,10.0,5.331974755083852,0.14273740550596062,-0.0579674641613172,0.6607013005514397,0.11142553109338207,-0.11240841199885304,0.5537767885942045
1779789367.7337415,10.0,10.0,5.3071833406021485,0.14256969213036977,-0.058288595172322835,0.6607080153483972,0.11246879069338211,-0.11240841199885304,0.5537767885942045
1779789367.7437723,10.0,10.0,5.323379755839318,0.1423967571110736,-0.05862127630836658,0.6607465585723324,0.11351592959338211,-0.11240841199885304,0.5537767885942045
1779789367.7537682,10.0,10.0,5.404858874645289,0.14222734492600736,-0.05896337790762144,0.6608077329276442,0.11454636799338205,-0.11240841199885304,0.5537767885942045
1779789367.7637596,10.0,10.0,5.555140363164217,0.14205563365475377,-0.05931002066023181,0.6608990486406899,0.1156358656933821,-0.11240841199885304,0.5537767885942045
1779789367.7738156,10.0,10.0,5.740153994877975,0.1418863351792476,-0.0596522085606297,0.661017150751236,0.11671456799338209,-0.11240841199885304,0.5537767885942045
1779789367.7838125,10.0,10.0,5.969772462298904,0.14174045831098372,-0.06000048530542063,0.6611613247948444,0.11774637099338206,-0.11240841199885304,0.5537767885942045
1779789367.7937543,10.0,10.0,6.220127048702037,0.14161091187684438,-0.06036824635497598,0.6613145210390857,0.11878862069338209,-0.11240841199885304,0.5537767885942045
1779789367.8037794,10.0,10.0,6.45872611366684,0.14148194115083187,-0.06074336715655568,0.6614663503990772,0.11981702729338206,-0.11240841199885304,0.5537767885942045
1779789367.8138251,10.0,10.0,6.698555157787146,0.14135258860070793,-0.061122853697271225,0.6616120352892386,0.12084944549338211,-0.11240841199885304,0.5537767885942045
1779789367.8238115,10.0,10.0,6.913126920127641,0.14122012220779823,-0.06150971542291761,0.6617493944123692,0.12084944549338211,-0.11240841199885304,0.5537767885942045
1779789367.8337657,10.0,10.0,7.096738752680942,0.14109032345657696,-0.061901548317149405,0.6618652305365185,0.12189963719338212,-0.11240841199885304,0.5537767885942045
1779789367.84378,10.0,10.0,7.295212458751472,0.14096913063600802,-0.06229527954973507,0.6619577443126363,0.12295310999338208,-0.11240841199885304,0.5537767885942045
1779789367.853755,10.0,10.0,7.498129885422307,0.14086014613309142,-0.06268364527454506,0.6620325304094375,0.12400564799338207,-0.11240841199885304,0.5537767885942045
1779789367.8637404,10.0,10.0,7.69614495635869,0.1407718705036251,-0.06307796873821542,0.6620760242662362,0.12503367289338208,-0.11240841199885304,0.5537767885942045
1779789367.8737626,10.0,10.0,7.90470237227409,0.14070840673646906,-0.06347035717121227,0.662087485832802,0.1260958791933821,-0.11240841199885304,0.5537767885942045
1779789367.8837447,10.0,10.0,8.103255291955113,0.14066907705744508,-0.06386740592065712,0.6620730198612793,0.12712304049338208,-0.11240841199885304,0.5537767885942045
1779789367.8937495,10.0,10.0,8.287915552129782,0.14065197126165052,-0.06425700424745551,0.6620383015073387,0.12818460659338207,-0.11240841199885304,0.5537767885942045
1779789367.9037852,10.0,10.0,8.439385342225556,0.1406499982133586,-0.06464584218471157,0.6619933962632094,0.12922101919338205,-0.11240841199885304,0.5537767885942045
1779789367.9137416,10.0,10.0,8.572636215317091,0.14066410903602125,-0.06503648559723973,0.6619327382149034,0.1302654189933821,-0.11240841199885304,0.5537767885942045
1779789367.923809,10.0,10.0,8.672887930313747,0.14069306240062648,-0.0654088789846601,0.6618508298472873,0.13130191079338208,-0.11240841199885304,0.5537767885942045
1779789367.9338005,10.0,10.0,8.720147539869842,0.14073408874244167,-0.06578400721617884,0.6617513020093857,0.13232942379338208,-0.11240841199885304,0.5537767885942045
1779789367.9437492,10.0,10.0,8.725693261608871,0.140794332131854,-0.06615708359866124,0.6616299956339097,0.13340028529338213,-0.11240841199885304,0.5537767885942045
1779789367.9538112,10.0,10.0,8.68622679139884,0.1408732027751507,-0.06651649764999257,0.6614854954169938,0.1344444686933821,-0.11240841199885304,0.5537767885942045
1779789367.9638083,10.0,10.0,8.614084859609141,0.1409679025700829,-0.0668748879779094,0.6613165203923499,0.13549714499338208,-0.11240841199885304,0.5537767885942045
1779789367.9737573,10.0,10.0,8.524922710406674,0.14107749108665382,-0.06722023601280114,0.6611259566396289,0.13652521299338208,-0.11240841199885304,0.5537767885942045
1779789367.9837587,10.0,10.0,8.373288101665297,0.1411878327301623,-0.06754945763807037,0.6609222406506183,0.13756775619338207,-0.11240841199885304,0.5537767885942045
1779789367.9937594,10.0,10.0,8.1671039862973,0.14130170537159426,-0.06786989452744928,0.6607114630363996,0.13861943559338208,-0.11240841199885304,0.5537767885942045
1779789368.0037644,10.0,10.0,7.935633025672364,0.14140855372038016,-0.06817441127928552,0.6604939898015614,0.13964464919338207,-0.11240841199885304,0.5537767885942045
1779789368.0137901,10.0,10.0,7.683309345886008,0.1415024381186168,-0.06846829125647051,0.6602837262073356,0.1407287567933821,-0.11240841199885304,0.5537767885942045
1779789368.0237446,10.0,10.0,7.43106944119139,0.14158964050391185,-0.06875324971791762,0.6600828347814826,0.1418050655933821,-0.11240841199885304,0.5537767885942045
1779789368.033734,10.0,10.0,7.1925472032388615,0.14165122367454624,-0.06904362274526078,0.6599062574432497,0.1428332277933821,-0.11240841199885304,0.5537767885942045
1779789368.043779,10.0,10.0,6.923983649958793,0.1416864430695471,-0.069344137542532,0.6597512035771312,0.1428332277933821,-0.11240841199885304,0.5537767885942045
1779789368.0537317,10.0,10.0,6.662174680061897,0.14170874742807366,-0.06964517007741343,0.659633872901064,0.1439273030933821,-0.11240841199885304,0.5537767885942045
1779789368.0638046,10.0,10.0,6.425845431926817,0.14172076749797022,-0.06993515562552356,0.6595461964435334,0.1449606029933821,-0.11240841199885304,0.5537767885942045
1779789368.0738778,10.0,10.0,6.2151133810259065,0.14171947290910278,-0.07021313237113558,0.6594780302764751,0.1460567461933821,-0.11240841199885304,0.5537767885942045
1779789368.0838237,10.0,10.0,6.008957874625746,0.1416983999071165,-0.0704774711954441,0.6594223976415179,0.14711587169338206,-0.11240841199885304,0.5537767885942045
1779789368.0937824,10.0,10.0,5.805095328188101,0.14164565433472762,-0.07073133735971848,0.6593860943512234,0.14814279949338208,-0.11240841199885304,0.5537767885942045
1779789368.103796,10.0,10.0,5.6223819956573005,0.1415649774995753,-0.07098708220664705,0.6593642813684903,0.14921669279338204,-0.11240841199885304,0.5537767885942045
1779789368.113812,10.0,10.0,5.4845636117509,0.1414624937109903,-0.07124480564160933,0.6593691686689839,0.1502643186933821,-0.11240841199885304,0.5537767885942045
1779789368.1238308,10.0,10.0,5.37619388418575,0.14134120507434578,-0.07149971678467479,0.6593997542671447,0.15130101889338207,-0.11240841199885304,0.5537767885942045
1779789368.1338255,10.0,10.0,5.2935480247751325,0.14120236170284609,-0.07175057841967983,0.659468401899293,0.1523435601933821,-0.11240841199885304,0.5537767885942045
1779789368.1437585,10.0,10.0,5.244084465846188,0.1410561156665987,-0.07199863137956472,0.6595708327083054,0.15340438789338215,-0.11240841199885304,0.5537767885942045
1779789368.153759,10.0,10.0,5.27524101118677,0.1409058384247688,-0.07226008603207708,0.6597051225325459,0.1544579618933821,-0.11240841199885304,0.5537767885942045
1779789368.163771,10.0,10.0,5.340936034501822,0.14074676890616059,-0.07253019788232766,0.6598837819575611,0.1555100210933821,-0.11240841199885304,0.5537767885942045
1779789368.1737745,10.0,10.0,5.437774052767896,0.140582220514213,-0.0727966498617104,0.6600919278978555,0.15653660729338206,-0.11240841199885304,0.5537767885942045
1779789368.1837518,10.0,10.0,5.586705610355287,0.1404127265711299,-0.07308158673982802,0.6603311936324571,0.1576085859933821,-0.11240841199885304,0.5537767885942045
1779789368.1937165,10.0,10.0,5.7736327747860905,0.14023762852874436,-0.07338013755325656,0.6605955017317799,0.15868190119338213,-0.11240841199885304,0.5537767885942045
1779789368.2037547,10.0,10.0,5.989770498018729,0.1400610521284848,-0.07368532957675743,0.6608612791152696,0.15971574109338213,-0.11240841199885304,0.5537767885942045
1779789368.2137666,10.0,10.0,6.244450104436785,0.1398789497288474,-0.07400355718638131,0.6611334514306498,0.16074406459338206,-0.11240841199885304,0.5537767885942045
1779789368.22386,10.0,10.0,6.482666491953692,0.13969888966025962,-0.07432687623741482,0.6614061141152093,0.16179039589338215,-0.11240841199885304,0.5537767885942045
1779789368.233748,10.0,10.0,6.719544347397527,0.13952821733588833,-0.07465350886575323,0.6616818521800969,0.16282895169338205,-0.11240841199885304,0.5537767885942045
1779789368.2437704,10.0,10.0,6.956740565356368,0.13938603418463236,-0.07498582192723034,0.661955948212265,0.16390647879338208,-0.11240841199885304,0.5537767885942045
1779789368.2537417,10.0,10.0,7.211480582850144,0.1392822649787264,-0.07532572995267903,0.6622224464860957,0.16390647879338208,-0.11240841199885304,0.5537767885942045
1779789368.2637339,10.0,10.0,7.477511753312409,0.13920530342883985,-0.0756720848519261,0.6624813880811165,0.1649377748933821,-0.11240841199885304,0.5537767885942045
1779789368.273776,10.0,10.0,7.712948770281943,0.139155221223628,-0.07601680949907592,0.6627190617051931,0.16598447399338204,-0.11240841199885304,0.5537767885942045
1779789368.2837372,10.0,10.0,7.938453568017471,0.13912303392065054,-0.0763579735751538,0.6629287196308173,0.16701389859338214,-0.11240841199885304,0.5537767885942045
1779789368.2937412,10.0,10.0,8.133179088221315,0.13910417017955695,-0.0767031425993003,0.6631074093548679,0.16807701659338212,-0.11240841199885304,0.5537767885942045
1779789368.3037512,10.0,10.0,8.3001246614915,0.13910524443420738,-0.07703470088033453,0.6632450372663231,0.16911691289338213,-0.11240841199885304,0.5537767885942045
1779789368.313759,10.0,10.0,8.455762509946208,0.13912737598610828,-0.07735280456485163,0.6633403417189421,0.1701639835933821,-0.11240841199885304,0.5537767885942045
1779789368.3237731,10.0,10.0,8.597301224581765,0.13916883183409168,-0.07766345585344778,0.6633910292279287,0.17122143499338208,-0.11240841199885304,0.5537767885942045
1779789368.3338335,10.0,10.0,8.715406258766553,0.1392255747571965,-0.07796713339189705,0.6633940171010473,0.17227373459338205,-0.11240841199885304,0.5537767885942045
1779789368.343773,10.0,10.0,8.809534962751538,0.13929387912464833,-0.07825119963115895,0.6633547337778517,0.1733208664933821,-0.11240841199885304,0.5537767885942045
1779789368.3537726,10.0,10.0,8.843371094259961,0.13936713806354512,-0.07852165639291406,0.6632852886232108,0.1744506910933821,-0.11240841199885304,0.5537767885942045
1779789368.3637831,10.0,10.0,8.811007581540874,0.1394509836845884,-0.07878824672391029,0.6632055544632324,0.1754862181933821,-0.11240841199885304,0.5537767885942045
1779789368.373812,10.0,10.0,8.725140567582901,0.13953280190179115,-0.0790308654031778,0.6631110871892896,0.17656837909338205,-0.11240841199885304,0.5537767885942045
1779789368.3837845,10.0,10.0,8.604422471051148,0.13962672608509447,-0.07926035995374857,0.6629912072826484,0.1775997512933821,-0.11240841199885304,0.5537767885942045
1779789368.3937278,10.0,10.0,8.48030599231669,0.1397202679413685,-0.07947317339765077,0.6628524915057239,0.17863720999338215,-0.11240841199885304,0.5537767885942045
1779789368.4038072,10.0,10.0,8.316802575900414,0.1398048284103553,-0.07967404385096848,0.6627107289980022,0.1797503250933821,-0.11240841199885304,0.5537767885942045
1779789368.4137356,10.0,10.0,8.105668780645171,0.13988812646674947,-0.07986581627455344,0.6625701895972226,0.1807943110933821,-0.11240841199885304,0.5537767885942045
1779789368.4237678,10.0,10.0,7.905332589540538,0.13996967719746933,-0.0800548004371208,0.6624386715362982,0.18182029119338214,-0.11240841199885304,0.5537767885942045
1779789368.4337418,10.0,10.0,7.701298134122207,0.14003865913320543,-0.08024008812073369,0.6623304334646891,0.18286409579338211,-0.11240841199885304,0.5537767885942045
1779789368.4437335,10.0,10.0,7.471151763692261,0.14009330578474719,-0.08042305649109799,0.6622476999773447,0.18286409579338211,-0.11240841199885304,0.5537767885942045
1779789368.453731,10.0,10.0,7.240586204975942,0.14013678336737764,-0.08060679057492975,0.6621839766279282,0.1839063494933821,-0.11240841199885304,0.5537767885942045
1779789368.4637597,10.0,10.0,7.028116075486547,0.14015194134557155,-0.08078564696248837,0.662137956295918,0.18495774049338207,-0.11240841199885304,0.5537767885942045
1779789368.4737673,10.0,10.0,6.81624918909895,0.14014864466237986,-0.08095179808113132,0.6620949012849159,0.18600329039338206,-0.11240841199885304,0.5537767885942045
1779789368.4837627,10.0,10.0,6.616894081938939,0.1401309542965788,-0.08110911038622112,0.6620670451554972,0.18704005279338212,-0.11240841199885304,0.5537767885942045
1779789368.4937418,10.0,10.0,6.431736518913796,0.14011043263517153,-0.08125849698971092,0.6620683599277292,0.1881030184933821,-0.11240841199885304,0.5537767885942045
1779789368.5037425,10.0,10.0,6.2592968652749175,0.14008832144099512,-0.08141607383845403,0.6621016139277061,0.1891296938933821,-0.11240841199885304,0.5537767885942045
1779789368.513725,10.0,10.0,6.108885012306111,0.14005561646101475,-0.08157626594325684,0.662161673779134,0.19018105869338206,-0.11240841199885304,0.5537767885942045
1779789368.52378,10.0,10.0,6.00292561149033,0.14001505657117772,-0.08172849626576309,0.662238248290534,0.1912056821933821,-0.11240841199885304,0.5537767885942045
1779789368.5337336,10.0,10.0,5.931678226934929,0.13995532468891828,-0.08188618151511681,0.6623482019275386,0.19226088839338204,-0.11240841199885304,0.5537767885942045
1779789368.543762,10.0,10.0,5.8565557881412404,0.13988899542698144,-0.08203846103872886,0.6624863544009019,0.19329454489338208,-0.11240841199885304,0.5537767885942045
1779789368.5538118,10.0,10.0,5.817374746040692,0.13981224358203323,-0.08219514710882198,0.662648596001212,0.1943204738933821,-0.11240841199885304,0.5537767885942045
1779789368.563762,10.0,10.0,5.82293075760399,0.13971955438797792,-0.08236044081046597,0.6628406234575035,0.1953933000933821,-0.11240841199885304,0.5537767885942045
1779789368.573751,10.0,10.0,5.857928125508508,0.13961452410007943,-0.0825311361358372,0.6630651525796243,0.1964244749933821,-0.11240841199885304,0.5537767885942045
1779789368.5837367,10.0,10.0,5.94638635742692,0.1395073298364297,-0.08270984891868192,0.6633150635603127,0.1975133274933821,-0.11240841199885304,0.5537767885942045
1779789368.5938141,10.0,10.0,6.0648730342731865,0.13938608644513167,-0.0829026823307587,0.6636077455381573,0.19859871039338214,-0.11240841199885304,0.5537767885942045
1779789368.6037712,10.0,10.0,6.204246728261046,0.1392666679369542,-0.08310033730921774,0.6639263449708707,0.1996473090933821,-0.11240841199885304,0.5537767885942045
1779789368.6138043,10.0,10.0,6.382365477277789,0.13914168211084033,-0.08330965933695135,0.6642667036185678,0.20068972609338206,-0.11240841199885304,0.5537767885942045
1779789368.623777,10.0,10.0,6.555525107317682,0.13901679107419626,-0.08351961669463963,0.6646200576412339,0.2017158273933821,-0.11240841199885304,0.5537767885942045
1779789368.633743,10.0,10.0,6.726168472757812,0.13890343273104616,-0.08373661596866686,0.6649898733583379,0.2027620725933821,-0.11240841199885304,0.5537767885942045
1779789368.643735,10.0,10.0,6.911142301051087,0.1388157900929885,-0.0839538092237489,0.6653708979140768,0.20379447879338206,-0.11240841199885304,0.5537767885942045
1779789368.6537883,10.0,10.0,7.111914949844723,0.13874573329520665,-0.08417487079757714,0.6657559259141802,0.20482877249338208,-0.11240841199885304,0.5537767885942045
1779789368.6637444,10.0,10.0,7.301967470239103,0.13868467679256244,-0.08440120549014735,0.6661434460169359,0.2059043719933821,-0.11240841199885304,0.5537767885942045
1779789368.6737444,10.0,10.0,7.4992183337500995,0.1386331228315899,-0.08463138956969946,0.666510339363511,0.2059043719933821,-0.11240841199885304,0.5537767885942045
1779789368.683723,10.0,10.0,7.702426993040341,0.13859618262089238,-0.0848585929330709,0.6668603948302337,0.20692950649338213,-0.11240841199885304,0.5537767885942045
1779789368.6937273,10.0,10.0,7.890593993744994,0.13858190894981698,-0.08507640016758486,0.667188843341373,0.20799892539338208,-0.11240841199885304,0.5537767885942045
1779789368.7037535,10.0,10.0,8.06749912273191,0.13859618131005952,-0.08528704447118332,0.6674795799086863,0.2090261106933821,-0.11240841199885304,0.5537767885942045
1779789368.7137642,10.0,10.0,8.251258638116635,0.13863548434597303,-0.085493644303748,0.6677299010115756,0.21007478349338207,-0.11240841199885304,0.5537767885942045
1779789368.7237542,10.0,10.0,8.42064509789738,0.138693637816524,-0.08568448917732956,0.6679436069239952,0.21110160119338214,-0.11240841199885304,0.5537767885942045
1779789368.733738,10.0,10.0,8.572659949160997,0.13875945866427422,-0.08586113172287017,0.66811072958956,0.2121273948933821,-0.11240841199885304,0.5537767885942045
1779789368.7437446,10.0,10.0,8.675513262038411,0.1388349397233317,-0.08602613328832504,0.6682432821472515,0.2132005567933821,-0.11240841199885304,0.5537767885942045
1779789368.7537453,10.0,10.0,8.739835448746277,0.1389198550474651,-0.0861814936925048,0.6683300986154919,0.21422917889338208,-0.11240841199885304,0.5537767885942045
1779789368.763739,10.0,10.0,8.764275621401278,0.13900786556908087,-0.0863313488322292,0.6683773146317119,0.21529146829338205,-0.11240841199885304,0.5537767885942045
1779789368.7737556,10.0,10.0,8.727268376710077,0.13910569440893206,-0.08647055381466737,0.6683893662568191,0.2163383767933821,-0.11240841199885304,0.5537767885942045
1779789368.7837462,10.0,10.0,8.647374572456771,0.13921331534344578,-0.08660064531084519,0.6683743539477639,0.21741919909338206,-0.11240841199885304,0.5537767885942045
1779789368.7937396,10.0,10.0,8.528962330948094,0.1393224472440795,-0.08672514227787194,0.6683440834531814,0.21850246809338206,-0.11240841199885304,0.5537767885942045
1779789368.803736,10.0,10.0,8.382475597647701,0.1394233622263029,-0.08684084481755663,0.6683103279202377,0.21953410179338204,-0.11240841199885304,0.5537767885942045
1779789368.81378,10.0,10.0,8.190781528109387,0.13950870053779643,-0.08695281342825362,0.668267641987534,0.22059715969338214,-0.11240841199885304,0.5537767885942045
1779789368.8237593,10.0,10.0,7.974123170417948,0.1395796908565449,-0.08706266754904549,0.6682192317973309,0.22162797089338213,-0.11240841199885304,0.5537767885942045
1779789368.8337464,10.0,10.0,7.765675066684593,0.13964766770848314,-0.08717238194014398,0.668166403554969,0.2226732151933821,-0.11240841199885304,0.5537767885942045
1779789368.8437455,10.0,10.0,7.5727776796795885,0.13970668946541503,-0.08727360877834989,0.6681192740758752,0.22370971209338206,-0.11240841199885304,0.5537767885942045
1779789368.8537579,10.0,10.0,7.378142248088281,0.139757105369298,-0.08737279645175468,0.6680776924339844,0.22475474409338211,-0.11240841199885304,0.5537767885942045
1779789368.8637822,10.0,10.0,7.184258312014697,0.13979511930465527,-0.08746499577402031,0.6680400474893661,0.22580790029338207,-0.11240841199885304,0.5537767885942045
1779789368.8737848,10.0,10.0,7.00810178165243,0.1398196492704917,-0.08755401347189769,0.6680117190534384,0.22686677829338206,-0.11240841199885304,0.5537767885942045
1779789368.883762,10.0,10.0,6.829779368025699,0.13983030494412182,-0.08764412001630707,0.6679956578838647,0.22790250979338209,-0.11240841199885304,0.5537767885942045
1779789368.8937306,10.0,10.0,6.674087057105447,0.1398296286090588,-0.08772775540889036,0.6680046667383324,0.22790250979338209,-0.11240841199885304,0.5537767885942045
1779789368.9037464,10.0,10.0,6.533573154434845,0.13981569940075755,-0.08781368116135442,0.6680425967437985,0.22892743379338212,-0.11240841199885304,0.5537767885942045
1779789368.913786,10.0,10.0,6.414376127079561,0.13979524791698458,-0.08789897528306725,0.6681095974441842,0.2300012038933821,-0.11240841199885304,0.5537767885942045
1779789368.9237483,10.0,10.0,6.318780240990381,0.1397589430570191,-0.08798799496845973,0.6682135987754249,0.23106557429338206,-0.11240841199885304,0.5537767885942045
1779789368.9337673,10.0,10.0,6.228891945727869,0.13971101215481582,-0.08808231690670454,0.6683580126253356,0.23212493519338204,-0.11240841199885304,0.5537767885942045
1779789368.9437664,10.0,10.0,6.150687963415439,0.13965123929482012,-0.08818145672191727,0.6685391074757544,0.23319921319338208,-0.11240841199885304,0.5537767885942045
1779789368.9537573,10.0,10.0,6.10024963708217,0.13958622035451446,-0.08828245259655898,0.6687562115979252,0.2342332444933821,-0.11240841199885304,0.5537767885942045
1779789368.9637582,10.0,10.0,6.079127291810291,0.13950933088440548,-0.08839507593818907,0.6690163815128377,0.2353064123933821,-0.11240841199885304,0.5537767885942045
1779789368.9737735,10.0,10.0,6.105416765236645,0.1394241981085095,-0.08852464332747556,0.6693140775686266,0.2363402101933821,-0.11240841199885304,0.5537767885942045
1779789368.9837627,10.0,10.0,6.170156090401189,0.13933167337589483,-0.08866546215107068,0.6696545465958463,0.2373958069933821,-0.11240841199885304,0.5537767885942045
1779789368.9937472,10.0,10.0,6.262780323341193,0.1392216417648786,-0.0888255207002955,0.6700359169677919,0.2384290958933821,-0.11240841199885304,0.5537767885942045
1779789369.0037518,10.0,10.0,6.371418011841369,0.13910514461828213,-0.0890003273887284,0.6704469220171991,0.23950123089338213,-0.11240841199885304,0.5537767885942045
1779789369.0137177,10.0,10.0,6.477073276446045,0.1389780681833631,-0.08918742289454432,0.6708779272559657,0.24055603719338212,-0.11240841199885304,0.5537767885942045
1779789369.023835,10.0,10.0,6.612802678727531,0.1388528421450469,-0.08938610977349862,0.6713210160477692,0.24161334629338213,-0.11240841199885304,0.5537767885942045
1779789369.0337386,10.0,10.0,6.776451020079883,0.13874404912678243,-0.08959050017449544,0.6717675991458385,0.24274983849338208,-0.11240841199885304,0.5537767885942045
1779789369.0437276,10.0,10.0,6.956805424970221,0.13866933391831873,-0.08980419610945169,0.6722210037553108,0.2437959414933821,-0.11240841199885304,0.5537767885942045
1779789369.0537963,10.0,10.0,7.143778982258271,0.13862383102036832,-0.09001951667050712,0.6726795936955047,0.24482457959338208,-0.11240841199885304,0.5537767885942045
1779789369.0637462,10.0,10.0,7.318911659363098,0.13859762966586897,-0.09023470560078256,0.673140047542894,0.2459080258933821,-0.11240841199885304,0.5537767885942045
1779789369.073751,10.0,10.0,7.47390274967942,0.13859673074971357,-0.09044672460938456,0.6735846678752508,0.2459080258933821,-0.11240841199885304,0.5537767885942045
1779789369.0837705,10.0,10.0,7.625266561308078,0.13860876796089747,-0.09065610082787645,0.6740156652951789,0.24693548979338206,-0.11240841199885304,0.5537767885942045
1779789369.093776,10.0,10.0,7.776099862146863,0.13862437253210055,-0.09084911733590764,0.674424454427698,0.24798759609338214,-0.11240841199885304,0.5537767885942045
1779789369.1037676,10.0,10.0,7.9272737981079855,0.13864833069114152,-0.09103413423515701,0.6748077990741161,0.24804514519338203,-0.11143108629885295,0.5537767885942045
1779789369.1137645,10.0,10.0,8.066081372844703,0.13868230430753306,-0.09120667328191392,0.6751545471163561,0.24804514519338203,-0.11038722049885295,0.5537767885942045
1779789369.1237566,10.0,10.0,8.209424559731241,0.13872395368249874,-0.09137848772938985,0.6754635421486153,0.24804514519338203,-0.10933522239885297,0.5537767885942045
1779789369.1337612,10.0,10.0,8.331326677633314,0.13877242537904186,-0.09153156801366741,0.6757251212502102,0.24804514519338203,-0.108245005298853,0.5537767885942045
1779789369.1437693,10.0,10.0,8.44916430105315,0.13883594179653708,-0.0916666707282921,0.6759440547429987,0.24804514519338203,-0.10720423039885305,0.5537767885942045
1779789369.1537845,10.0,10.0,8.53754736896041,0.1389178370045212,-0.09179041666668233,0.6761161956060455,0.24804514519338203,-0.10609718459885296,0.5537767885942045
1779789369.1637561,10.0,10.0,8.604819861846622,0.13901801506013242,-0.0918872395476715,0.6762493175284533,0.24804514519338203,-0.10504416759885296,0.5537767885942045
1779789369.1737456,10.0,10.0,8.629605218713836,0.13912098966297945,-0.09195950231284476,0.6763402509706407,0.24804514519338203,-0.10399292699885304,0.5537767885942045
1779789369.1837356,10.0,10.0,8.588102566619616,0.13922459964060566,-0.09201357673204784,0.6763902200810781,0.24804514519338203,-0.10293843019885299,0.5537767885942045
1779789369.1937768,10.0,10.0,8.49210272413231,0.1393337933128521,-0.09205342102001055,0.6764060937384188,0.24804514519338203,-0.10183328299885298,0.5537767885942045
1779789369.2037451,10.0,10.0,8.367030058613699,0.13943264545767842,-0.09208581079349608,0.6764043361883263,0.24804514519338203,-0.100769651998853,0.5537767885942045
1779789369.2137258,10.0,10.0,8.198158879756178,0.1395161590545245,-0.09211361565485324,0.6763939805771456,0.24804514519338203,-0.09973954809885302,0.5537767885942045
1779789369.2237382,10.0,10.0,8.003688532140643,0.1395985734100427,-0.09212497682816678,0.6763742189081221,0.24804514519338203,-0.09871906839885301,0.5537767885942045
1779789369.2337072,10.0,10.0,7.831436617603292,0.1396699782259507,-0.09212737869390139,0.67634392648173,0.24804514519338203,-0.09764958539885299,0.5537767885942045
1779789369.2437532,10.0,10.0,7.645325887577698,0.1397339093113687,-0.09212132112888784,0.6763180856786626,0.24804514519338203,-0.09661247729885301,0.5537767885942045
1779789369.2537508,10.0,10.0,7.4636560334179745,0.13979754595547175,-0.09210899083299003,0.6762948682394906,0.24804514519338203,-0.09661247729885301,0.5537767885942045
1779789369.2637618,10.0,10.0,7.298062561974834,0.1398579200242762,-0.09208527189533126,0.6762774564660531,0.24804514519338203,-0.09555521329885298,0.5537767885942045
1779789369.2737422,10.0,10.0,7.151940041866415,0.13991562014526734,-0.09206324125681305,0.6762612087436368,0.24804514519338203,-0.09451487119885303,0.5537767885942045
1779789369.2837975,10.0,10.0,7.010481211903967,0.13996153168750924,-0.09203910755934133,0.6762537165406068,0.24804514519338203,-0.09346560919885304,0.5537767885942045
1779789369.293737,10.0,10.0,6.870472181291015,0.13999426872774567,-0.09202068688598342,0.6762602993067347,0.24804514519338203,-0.09241031899885298,0.5537767885942045
1779789369.3037133,10.0,10.0,6.728642775626695,0.14001747820920676,-0.09200848133073333,0.6762792743125333,0.24804514519338203,-0.09135682609885304,0.5537767885942045
1779789369.313728,10.0,10.0,6.594646755033113,0.14002354051676488,-0.0920014194438865,0.6763208928228319,0.24804514519338203,-0.09029254179885302,0.5537767885942045
1779789369.3237062,10.0,10.0,6.460763194381518,0.14001455214588573,-0.09200364926371096,0.676383997954469,0.24804514519338203,-0.08926238089885302,0.5537767885942045
1779789369.3337667,10.0,10.0,6.330314555627583,0.1399847967508864,-0.09201648554369087,0.6764737807566131,0.24804514519338203,-0.08823649699885297,0.5537767885942045
1779789369.3437717,10.0,10.0,6.201714796354473,0.13994472225061672,-0.09204282734911289,0.6765898784933424,0.24804514519338203,-0.08721179329885297,0.5537767885942045
1779789369.3537476,10.0,10.0,6.121173104763122,0.13989018201869857,-0.09208273852152978,0.6767369373847593,0.24804514519338203,-0.08615833039885303,0.5537767885942045
1779789369.3637855,10.0,10.0,6.090520261696644,0.13982505633679704,-0.09214047205521132,0.6769154277050401,0.24804514519338203,-0.08511983079885302,0.5537767885942045
1779789369.3737264,10.0,10.0,6.082033375701829,0.13974691184985308,-0.09221236048287744,0.6771393695036448,0.24804514519338203,-0.08406957589885303,0.5537767885942045
1779789369.3837485,10.0,10.0,6.104073076378922,0.13966070672205003,-0.09229505978901202,0.6773973703677975,0.24804514519338203,-0.08300701599885303,0.5537767885942045
1779789369.393762,10.0,10.0,6.175421102487282,0.13956396558529774,-0.09238745676008296,0.6777019776721916,0.24804514519338203,-0.08197008029885303,0.5537767885942045
1779789369.4037166,10.0,10.0,6.275080843831191,0.13945855779203015,-0.09248827489988916,0.6780256665829739,0.24804514519338203,-0.08092905779885301,0.5537767885942045
1779789369.413763,10.0,10.0,6.417228937349674,0.1393439062194827,-0.09259611630458953,0.6783732973473676,0.24804514519338203,-0.07987776909885301,0.5537767885942045
1779789369.4237876,10.0,10.0,6.578987699150179,0.13921751591044526,-0.09271529600854246,0.6787443862261983,0.24804514519338203,-0.078816850198853,0.5537767885942045
1779789369.4337358,10.0,10.0,6.737390314101438,0.13909453458421006,-0.0928406121276163,0.6791287768595584,0.24804514519338203,-0.07769527909885297,0.5537767885942045
1779789369.4437675,10.0,10.0,6.916220688454482,0.13897278402953905,-0.0929710038695641,0.6795269428620765,0.24804514519338203,-0.07662863539885303,0.5537767885942045
1779789369.453738,10.0,10.0,7.094744650867473,0.13886082445470194,-0.09309903311925827,0.6799283591234764,0.24804514519338203,-0.07662863539885303,0.5537767885942045
1779789369.4637463,10.0,10.0,7.262913053731681,0.13877176489784768,-0.09322123866919295,0.6803242058175176,0.24804514519338203,-0.075540819898853,0.5537767885942045
1779789369.4737444,10.0,10.0,7.449902991425066,0.1387161802051819,-0.09333258213645064,0.6807151185344265,0.24804514519338203,-0.074492477698853,0.5537767885942045
1779789369.4837284,10.0,10.0,7.657480883597696,0.13869552159645784,-0.09343012534522334,0.6810802915152442,0.24804514519338203,-0.073456996698853,0.5537767885942045
1779789369.4937525,10.0,10.0,7.872276306685443,0.1387019676965741,-0.09351282407031838,0.681418007308597,0.24804514519338203,-0.07241071039885302,0.5537767885942045
1779789369.5037603,10.0,10.0,8.074304612437576,0.1387299387078735,-0.0935820602666398,0.68172983785311,0.24804514519338203,-0.07137839729885304,0.5537767885942045
1779789369.513755,10.0,10.0,8.242570825813338,0.13876913556051299,-0.09363819008355043,0.6820065611856727,0.24804514519338203,-0.070345765698853,0.5537767885942045
1779789369.5237465,10.0,10.0,8.41273268885559,0.13881624850311697,-0.0936821794173084,0.6822415017225665,0.24804514519338203,-0.069286704298853,0.5537767885942045
1779789369.5337703,10.0,10.0,8.583541570099277,0.13887386827111492,-0.0937089230792619,0.6824274433476987,0.24804514519338203,-0.068250895698853,0.5537767885942045
1779789369.5437617,10.0,10.0,8.724564171266735,0.13894922649957286,-0.09372304547170326,0.6825712182622088,0.24804514519338203,-0.06721337989885295,0.5537767885942045
1779789369.553742,10.0,10.0,8.839968637868829,0.13904159707426242,-0.09371958093669323,0.6826654202449414,0.24804514519338203,-0.066108840898853,0.5537767885942045
1779789369.5637743,10.0,10.0,8.925996401859368,0.13914010201972124,-0.09370539501269473,0.6827154550853916,0.24804514519338203,-0.06502992609885302,0.5537767885942045
1779789369.5737498,10.0,10.0,8.962862893856501,0.13924529811751407,-0.09367612953743232,0.6827323866632716,0.24804514519338203,-0.06394779729885304,0.5537767885942045
1779789369.583709,10.0,10.0,8.95585943101077,0.13934907939684416,-0.09364164638171235,0.6827332738846038,0.24804514519338203,-0.06292036139885301,0.5537767885942045
1779789369.593733,10.0,10.0,8.90572680069122,0.139464922217892,-0.0935925748399618,0.6827230041818622,0.24804514519338203,-0.061834827198853,0.5537767885942045
1779789369.6037354,10.0,10.0,8.837768885923442,0.13959508533948536,-0.09353389771372583,0.6827022974121976,0.24804514519338203,-0.06079154149885303,0.5537767885942045
1779789369.6137807,10.0,10.0,8.739083478854612,0.13973986306912964,-0.09346508979570056,0.6826674154240623,0.24804514519338203,-0.059736975598853034,0.5537767885942045
1779789369.6237314,10.0,10.0,8.599047435111139,0.13988287988922676,-0.09338579926411333,0.6826239429545973,0.24804514519338203,-0.058647515998852956,0.5537767885942045
1779789369.633752,10.0,10.0,8.414379295884924,0.1400300991765024,-0.09330865998691501,0.6825780135318809,0.24804514519338203,-0.05761403269885296,0.5537767885942045
1779789369.643775,10.0,10.0,8.201310169362095,0.14018303481550373,-0.09323125810231675,0.6825331703991682,0.24804514519338203,-0.05658926989885303,0.5537767885942045
1779789369.6537995,10.0,10.0,7.9811778442229535,0.14033176157955465,-0.09315644424378111,0.6824923567667986,0.24804514519338203,-0.055561564598853,0.5537767885942045
1779789369.6637468,10.0,10.0,7.755661256719866,0.14047872336858638,-0.09308014498955962,0.6824501443653266,0.24804514519338203,-0.055561564598853,0.5537767885942045
1779789369.6738205,10.0,10.0,7.533791280838698,0.14061736156192112,-0.09300267122147961,0.682406532946596,0.24804514519338203,-0.054520754598852986,0.5537767885942045
1779789369.683771,10.0,10.0,7.327673177263843,0.14074095098774728,-0.09292811329940595,0.6823695939509652,0.24804514519338203,-0.053464467398853036,0.5537767885942045
1779789369.693743,10.0,10.0,7.113869212720834,0.14084318866101986,-0.09285009961692316,0.6823373163240715,0.24804514519338203,-0.052420234898852974,0.5537767885942045
1779789369.7037132,10.0,10.0,6.890112660315367,0.14091785673411725,-0.09277931428927333,0.6823062140550964,0.24804514519338203,-0.05134707799885299,0.5537767885942045
1779789369.7137952,10.0,10.0,6.666386760443265,0.14096515495512407,-0.09270724979752018,0.6822767023526849,0.24804514519338203,-0.05031960009885296,0.5537767885942045
1779789369.7237506,10.0,10.0,6.463324393337842,0.14098924567553994,-0.09263549024248668,0.68226053325882,0.24804514519338203,-0.04924578789885302,0.5537767885942045
1779789369.7337213,10.0,10.0,6.285241591293264,0.1409855963765364,-0.09257306869632848,0.6822579801575195,0.24804514519338203,-0.04821946419885301,0.5537767885942045
1779789369.7437265,10.0,10.0,6.122119117987386,0.1409626696361292,-0.0925125282020411,0.6822773606785925,0.24804514519338203,-0.047154973598852956,0.5537767885942045
1779789369.753756,10.0,10.0,5.993585531228551,0.14091812404629386,-0.09245367960631769,0.6823224832220119,0.24804514519338203,-0.04611884439885297,0.5537767885942045
1779789369.7637749,10.0,10.0,5.903798901452584,0.14085743363147302,-0.09239510279899271,0.6824001736777334,0.24804514519338203,-0.045077849998852976,0.5537767885942045
1779789369.7737684,10.0,10.0,5.8550673055870455,0.1407844829568264,-0.09234549371974639,0.6825132925179735,0.24804514519338203,-0.044052007198853035,0.5537767885942045
1779789369.7837105,10.0,10.0,5.82460897564265,0.14070388987650626,-0.09230882922575115,0.6826588437301447,0.24804514519338203,-0.043026336698852974,0.5537767885942045
1779789369.7937179,10.0,10.0,5.81972166925945,0.14061084923206318,-0.09227381368940035,0.682856362065742,0.24804514519338203,-0.04193948789885299,0.5537767885942045
1779789369.8037522,10.0,10.0,5.831766898125712,0.1405105968431971,-0.09224870546164352,0.683097974589938,0.24804514519338203,-0.04088025419885296,0.5537767885942045
1779789369.813798,10.0,10.0,5.87256311161078,0.14039346106470088,-0.09223302807006796,0.6833872198210215,0.24804514519338203,-0.03983826999885304,0.5537767885942045
1779789369.8237298,10.0,10.0,5.927480780000624,0.14025884691971624,-0.0922339662581137,0.6837323631557951,0.24804514519338203,-0.03879332519885302,0.5537767885942045
1779789369.8337526,10.0,10.0,6.0199659651115915,0.14011409931167335,-0.09224185511812516,0.6841269151343942,0.24804514519338203,-0.037740803098853026,0.5537767885942045
1779789369.8437076,10.0,10.0,6.1541814490416025,0.13996405184529526,-0.09226271425010904,0.6845555215408442,0.24804514519338203,-0.03671306969885298,0.5537767885942045
1779789369.8537471,10.0,10.0,6.3513479468458724,0.13980187895460622,-0.09229861253245467,0.6850113064112054,0.24804514519338203,-0.035664361798853,0.5537767885942045
1779789369.8637538,10.0,10.0,6.582524286962634,0.13964663189268448,-0.09234443022283911,0.6854636722666315,0.24804514519338203,-0.03463117819885303,0.5537767885942045
1779789369.8737507,10.0,10.0,6.867503763906187,0.13950140084600057,-0.09239664136560359,0.6859017573074356,0.24804514519338203,-0.03463117819885303,0.5537767885942045
1779789369.8837936,10.0,10.0,7.187689273067165,0.13938310668996465,-0.09245055018517429,0.686333741481646,0.24804514519338203,-0.03355095089885299,0.5537767885942045
1779789369.8937113,10.0,10.0,7.52625449027716,0.13930032325676212,-0.09250861593364662,0.6867577484759224,0.24804514519338203,-0.032501985498853025,0.5537767885942045
1779789369.9037445,10.0,10.0,7.862703157777267,0.13923548857688778,-0.09256822405172443,0.6871576777783948,0.24804514519338203,-0.03145825299885295,0.5537767885942045
1779789369.913712,10.0,10.0,8.194136333928299,0.13918172831951733,-0.09263626094953611,0.687530604661377,0.24804514519338203,-0.030432867098852987,0.5537767885942045
1779789369.923783,10.0,10.0,8.511580546575958,0.13914552000376954,-0.09270133032550644,0.6878678096115389,0.24804514519338203,-0.029390876798853004,0.5537767885942045
1779789369.9337387,10.0,10.0,8.786455402580748,0.13913514862384918,-0.09276575364146333,0.6881775414382957,0.24804514519338203,-0.028356777398853016,0.5537767885942045
1779789369.9437282,10.0,10.0,9.031377686027849,0.13914937917574452,-0.09282846211332363,0.6884561129685776,0.24804514519338203,-0.02731883779885299,0.5537767885942045
1779789369.9537654,10.0,10.0,9.242691690585623,0.1391845208399589,-0.0928833549925459,0.6887072356296863,0.24804514519338203,-0.026272515398853034,0.5537767885942045
1779789369.9637303,10.0,10.0,9.418382471762385,0.13924742989191632,-0.09291965114865193,0.6889222882990176,0.24804514519338203,-0.025224016898852973,0.5537767885942045
1779789369.973709,10.0,10.0,9.586331969633733,0.13932037415881324,-0.09294156068749547,0.689089365890411,0.24804514519338203,-0.024138946498852964,0.5537767885942045
1779789369.9837518,10.0,10.0,9.728988969729489,0.13941412687112972,-0.09293930908671336,0.6892212188735849,0.24804514519338203,-0.023094676998852957,0.5537767885942045
1779789369.9937177,10.0,10.0,9.845655812633234,0.13951684745640652,-0.092917459741868,0.6893054150002198,0.24804514519338203,-0.02206421849885295,0.5537767885942045
1779789370.0037148,10.0,10.0,9.933564435770077,0.13963467346289962,-0.09287941640695715,0.6893454781445157,0.24804514519338203,-0.021030760298852987,0.5537767885942045
1779789370.0137656,10.0,10.0,9.974042940947488,0.13975695618348077,-0.09282486983078123,0.6893539679138432,0.24804514519338203,-0.01997566139885295,0.5537767885942045
1779789370.02378,10.0,10.0,9.949055568441004,0.1398809265624703,-0.09276109291717723,0.68934859641464,0.24804514519338203,-0.01894593019885299,0.5537767885942045
1779789370.0337348,10.0,10.0,9.877967921225435,0.14000748484786343,-0.09268896396379957,0.6893180224049569,0.24804514519338203,-0.01791759459885295,0.5537767885942045
1779789370.0437284,10.0,10.0,9.773408878955383,0.1401495077711052,-0.09260481848970488,0.6892680674404629,0.24804514519338203,-0.016871609898852957,0.5537767885942045
1779789370.0537255,10.0,10.0,9.62458248977427,0.14030372482634382,-0.09251484753313031,0.6891961068920953,0.24804514519338203,-0.015831658398852998,0.5537767885942045
1779789370.0637856,10.0,10.0,9.425611335396088,0.14046497693359947,-0.09241374621802016,0.6891119126167917,0.24804514519338203,-0.014785853998853002,0.5537767885942045
1779789370.0737607,10.0,10.0,9.188267651967681,0.14063111437952522,-0.09231585381671788,0.6890216144771312,0.24804514519338203,-0.013751684398852979,0.5537767885942045
1779789370.0837278,10.0,10.0,8.928748293258723,0.1408085536379692,-0.09220918471925867,0.6889273895910139,0.24804514519338203,-0.012716782498853028,0.5537767885942045
1779789370.09373,10.0,10.0,8.683137343716991,0.1409916071697492,-0.09209604859794053,0.6888464909611371,0.24804514519338203,-0.011672006998853077,0.5537767885942045
1779789370.103772,10.0,10.0,8.435310581858811,0.14117588759896613,-0.09198183003086821,0.6887847132493994,0.24804514519338203,-0.010629891498852947,0.5537767885942045
1779789370.1137364,10.0,10.0,8.170118400423618,0.14135143958967458,-0.09186378900919179,0.6887388668115662,0.24804514519338203,-0.009571179798852945,0.5537767885942045
1779789370.123704,10.0,10.0,7.902143134190882,0.14151377719041464,-0.09174136742948015,0.6886954048704876,0.24804514519338203,-0.009571179798852945,0.5537767885942045
1779789370.1337304,10.0,10.0,7.638058957602084,0.1416453448100608,-0.09162124503837858,0.6886500805419151,0.24804514519338203,-0.008520279698853037,0.5537767885942045
1779789370.1437414,10.0,10.0,7.3589103727704614,0.14173718548011618,-0.09150454505637119,0.688606091188249,0.24804514519338203,-0.007461611098853047,0.5537767885942045
1779789370.153759,10.0,10.0,7.077797443464187,0.14180480789348915,-0.09139640350548402,0.6885717602833047,0.24804514519338203,-0.006417789298852958,0.5537767885942045
1779789370.163725,10.0,10.0,6.822761635488544,0.14185581124845448,-0.09128763020129531,0.6885582681404747,0.24804514519338203,-0.005354104198853036,0.5537767885942045
1779789370.173742,10.0,10.0,6.595193746047237,0.14188013595390264,-0.09118399105772078,0.6885726909034161,0.24804514519338203,-0.004302762398852997,0.5537767885942045
1779789370.1837742,10.0,10.0,6.386815453116345,0.14188065364349475,-0.09108308380263543,0.6886084935932791,0.24804514519338203,-0.0032663505988529944,0.5537767885942045
1779789370.1937158,10.0,10.0,6.219690136960529,0.14185572632683627,-0.09098472116630596,0.6886780522779534,0.24804514519338203,-0.002212270598853058,0.5537767885942045
1779789370.203747,10.0,10.0,6.071789070853568,0.1418105485112434,-0.09088568759349136,0.6887812348016737,0.24804514519338203,-0.0010932211988529637,0.5537767885942045
1779789370.213813,10.0,10.0,5.956346979871571,0.1417513005639366,-0.0907832698827191,0.6889192432319609,0.24804514519338203,-3.860609885298662e-05,0.5537767885942045
1779789370.2237382,10.0,10.0,5.871835156405696,0.14167316618872278,-0.09068550375328292,0.6890914080528578,0.24804514519338203,0.0010183543011470647,0.5537767885942045
1779789370.2336936,10.0,10.0,5.8251650586093655,0.14158135146966308,-0.09059178166926778,0.6892997471290404,0.24804514519338203,0.0020712962011469795,0.5537767885942045
1779789370.243711,10.0,10.0,5.841719561882073,0.14147188288323323,-0.09050060709717211,0.6895508006298602,0.24804514519338203,0.0031243323011470505,0.5537767885942045
1779789370.2537525,10.0,10.0,5.89641316198862,0.14134961808761562,-0.09041493511039035,0.6898418912511118,0.24804514519338203,0.0041619743011470575,0.5537767885942045
1779789370.2637744,10.0,10.0,6.0006836583871,0.1412155294639832,-0.09034185503572033,0.6901726013153885,0.24804514519338203,0.00521899890114709,0.5537767885942045
1779789370.2737203,10.0,10.0,6.113638172336019,0.14107361089977144,-0.09026786177360063,0.6905403019386608,0.24804514519338203,0.006243838901147096,0.5537767885942045
1779789370.2837102,10.0,10.0,6.2637863631669815,0.14092468605577121,-0.09019765702674767,0.6909290777316938,0.24804514519338203,0.007299088101146958,0.5537767885942045
1779789370.2937398,10.0,10.0,6.437391145111291,0.14077161557877657,-0.09012490693922157,0.6913246008580485,0.24804514519338203,0.008337962501146972,0.5537767885942045
1779789370.3037558,10.0,10.0,6.63587948691225,0.14061735086797855,-0.09006374659831708,0.6917300538560776,0.24804514519338203,0.009406775301146968,0.5537767885942045
1779789370.3137877,10.0,10.0,6.862255846278343,0.14048147659631674,-0.08999648819810614,0.6921354838600632,0.24804514519338203,0.009406775301146968,0.5537767885942045
1779789370.323714,10.0,10.0,7.133823229324672,0.1403743877394309,-0.08992535381289014,0.6925418556534576,0.24804514519338203,0.010466801501147021,0.5537767885942045
1779789370.3337843,10.0,10.0,7.438070759562326,0.14029380880244186,-0.08985514883368051,0.692933033361364,0.24804514519338203,0.011541811001147078,0.5537767885942045
1779789370.3437192,10.0,10.0,7.732079109124147,0.1402368051569406,-0.08978409487223751,0.6933070113016043,0.24804514519338203,0.012573586001146945,0.5537767885942045
1779789370.3537252,10.0,10.0,8.038299841866255,0.14019270074222814,-0.08972068464104765,0.6936604611489792,0.24804514519338203,0.013646684801147006,0.5537767885942045
1779789370.363777,10.0,10.0,8.34678979798608,0.14017077530619315,-0.08964752115472717,0.6939758843836328,0.24804514519338203,0.014675689601146995,0.5537767885942045
1779789370.3737683,10.0,10.0,8.683902958526383,0.14017994589052984,-0.08957998253466136,0.6942560038574697,0.24804514519338203,0.015727963301147046,0.5537767885942045
1779789370.3837733,10.0,10.0,8.999558835276245,0.1402146412883886,-0.08951006546054903,0.6945099183825483,0.24804514519338203,0.016766517101147,0.5537767885942045
1779789370.3937523,10.0,10.0,9.264733415111747,0.14027962325473084,-0.08943303441101802,0.694722956641174,0.24804514519338203,0.017871965801147086,0.5537767885942045
1779789370.403744,10.0,10.0,9.51445537324231,0.14037956987065614,-0.08934985222041296,0.6948924941900007,0.24804514519338203,0.018925499801146963,0.5537767885942045
1779789370.4137084,10.0,10.0,9.710751419491094,0.14049750033824612,-0.08926182206502904,0.695015618655652,0.24804514519338203,0.019971811201146984,0.5537767885942045
1779789370.423731,10.0,10.0,9.863820400889718,0.14063198239803076,-0.08916533106405443,0.6950904795850542,0.24804514519338203,0.02102879270114701,0.5537767885942045
1779789370.4337056,10.0,10.0,9.972817404277668,0.14077644228264777,-0.08906692665156146,0.6951176441134675,0.24804514519338203,0.02207418240114697,0.5537767885942045
1779789370.4437287,10.0,10.0,10.021299855813036,0.14092675565089927,-0.08896462334802908,0.6951169357308229,0.24804514519338203,0.023120038901147017,0.5537767885942045
1779789370.4537401,10.0,10.0,10.016708868069538,0.14107928784530688,-0.08885533290242131,0.6951009668843661,0.24804514519338203,0.024154617201147015,0.5537767885942045
1779789370.4637465,10.0,10.0,9.975188087818811,0.14123976776159525,-0.08873528596360672,0.6950695512209777,0.24804514519338203,0.02518231160114694,0.5537767885942045
1779789370.4737504,10.0,10.0,9.878950036059205,0.14141746143082562,-0.08860517463045649,0.6950215867113106,0.24804514519338203,0.026227371601146982,0.5537767885942045
1779789370.4837768,10.0,10.0,9.729400485123357,0.14161432366171053,-0.08846114063497074,0.694961615563899,0.24804514519338203,0.02734866120114698,0.5537767885942045
1779789370.4937253,10.0,10.0,9.548523506309992,0.14182329055064466,-0.08830818407228966,0.6948905528612402,0.24804514519338203,0.028389539401147048,0.5537767885942045
1779789370.5037067,10.0,10.0,9.323338541915133,0.14204011415541004,-0.0881435087467502,0.6948131225495865,0.24804514519338203,0.029443450101147014,0.5537767885942045
1779789370.5138094,10.0,10.0,9.048842768065334,0.14225651804853126,-0.08797138098767726,0.6947400216797467,0.24804514519338203,0.029443450101147014,0.5537767885942045
1779789370.5237415,10.0,10.0,8.758592076021625,0.14246844957322696,-0.08779004518604652,0.6946751255628885,0.24804514519338203,0.030485293101146973,0.5537767885942045
1779789370.5337505,10.0,10.0,8.46374443756158,0.1426665826472031,-0.08760053272244404,0.69462466011178,0.24804514519338203,0.031552606101147046,0.5537767885942045
1779789370.5436819,10.0,10.0,8.179780236769302,0.14284866040812255,-0.08740652011664556,0.6945781284902562,0.24804514519338203,0.032579244401146984,0.5537767885942045
1779789370.5537202,10.0,10.0,7.897938379541356,0.14299839778549336,-0.08719909885434796,0.6945353667290679,0.24804514519338203,0.03364248970114693,0.5537767885942045
1779789370.5637035,10.0,10.0,7.607477512660201,0.14312864209207227,-0.08698883775100831,0.6944875110561605,0.24804514519338203,0.03467599300114699,0.5537767885942045
1779789370.5737395,10.0,10.0,7.338389568143693,0.14323962119639122,-0.08677626828217004,0.6944437034493062,0.24804514519338203,0.0357068393011471,0.5537767885942045
1779789370.583742,10.0,10.0,7.085806249505073,0.14332690371992354,-0.08656104531465615,0.694416147326523,0.24804514519338203,0.036755149401146936,0.5537767885942045
1779789370.5936942,10.0,10.0,6.8307152248343845,0.14339534838117082,-0.0863452504119189,0.6943999251971489,0.24804514519338203,0.037796730901146935,0.5537767885942045
1779789370.6036913,10.0,10.0,6.583720357276809,0.1434447235209714,-0.08612689184824772,0.6944033028084262,0.24804514519338203,0.038865201001147,0.5537767885942045
1779789370.6137664,10.0,10.0,6.377937537269187,0.143462170365469,-0.08590536520260607,0.6944297548267665,0.24804514519338203,0.03994903910114711,0.5537767885942045
1779789370.6237037,10.0,10.0,6.196673884332533,0.1434435718270984,-0.085681627655636,0.6944853325651479,0.24804514519338203,0.04097615540114698,0.5537767885942045
1779789370.6337528,10.0,10.0,6.0120161027205095,0.14340260542422564,-0.0854544776539389,0.6945817675249504,0.24804514519338203,0.0420433681011471,0.5537767885942045
1779789370.643769,10.0,10.0,5.850990035231965,0.14333161347708323,-0.08522524239081622,0.6947130190223936,0.24804514519338203,0.043069766001147036,0.5537767885942045
1779789370.6537654,10.0,10.0,5.734624808306241,0.143242245121214,-0.08499405944598204,0.6948828880290312,0.24804514519338203,0.044116980101146966,0.5537767885942045
1779789370.6637611,10.0,10.0,5.682982224877059,0.14313609752228768,-0.08477348894967411,0.6950888371889405,0.24804514519338203,0.04515332980114699,0.5537767885942045
1779789370.6737971,10.0,10.0,5.691658634028752,0.14301647861358435,-0.08455743536868499,0.6953281345515697,0.24804514519338203,0.04618113430114695,0.5537767885942045
1779789370.6837647,10.0,10.0,5.759901200210042,0.14288200366641834,-0.08434401204886244,0.6956153199411679,0.24804514519338203,0.047260646301147055,0.5537767885942045
1779789370.693763,10.0,10.0,5.8816117220080555,0.14273288101709347,-0.08412800651269448,0.6959387770895018,0.24804514519338203,0.04830787740114696,0.5537767885942045
1779789370.7037036,10.0,10.0,6.028312599497601,0.14256996373834577,-0.08390503040500118,0.6963087288088611,0.24804514519338203,0.04934071840114711,0.5537767885942045
1779789370.713752,10.0,10.0,6.203391332611956,0.14240325484493133,-0.08368592180009896,0.6967034031016061,0.24804514519338203,0.050382021401146976,0.5537767885942045
1779789370.7237113,10.0,10.0,6.417365767146638,0.14223153179772713,-0.0834744834379771,0.697115519593742,0.24804514519338203,0.0514300580011471,0.5537767885942045
1779789370.7337735,10.0,10.0,6.65948581744296,0.1420689391701505,-0.08326700375677286,0.6975322000807801,0.24804514519338203,0.05246106360114708,0.5537767885942045
1779789370.7437696,10.0,10.0,6.945905011194446,0.14193739675665204,-0.08305544345404323,0.6979550853952569,0.24804514519338203,0.05246106360114708,0.5537767885942045
1779789370.7537303,10.0,10.0,7.261623498490856,0.14184126616133094,-0.0828428875094123,0.6983718863909248,0.24804514519338203,0.053503674001146945,0.5537767885942045
1779789370.7637556,10.0,10.0,7.603684784941011,0.14177038163035824,-0.08263115925889644,0.698770984161836,0.24804514519338203,0.05453043660114705,0.5537767885942045
1779789370.7737865,10.0,10.0,7.939159408892351,0.14171643581687396,-0.08242831390025686,0.6991404659251754,0.24804514519338203,0.05556579440114706,0.5537767885942045
1779789370.7837317,10.0,10.0,8.26879056986376,0.14168479842798412,-0.08222352453825839,0.6994799477729241,0.24804514519338203,0.05666147680114697,0.5537767885942045
1779789370.793688,10.0,10.0,8.589468796242446,0.14167794177925525,-0.08202409982251767,0.69979061310587,0.24804514519338203,0.05774400740114706,0.5537767885942045
1779789370.8037095,10.0,10.0,8.904087633510613,0.1417043778654691,-0.08182971990154964,0.7000624005130501,0.24804514519338203,0.05877332780114705,0.5537767885942045
1779789370.8137076,10.0,10.0,9.211882003327696,0.14176779050758004,-0.08163689940517074,0.7002967462883338,0.24804514519338203,0.059836873701147,0.5537767885942045
1779789370.8237717,10.0,10.0,9.468967446001555,0.14185107460904958,-0.08144683336430956,0.7004974356045112,0.24804514519338203,0.06086206430114706,0.5537767885942045
1779789370.8337317,10.0,10.0,9.67275054859492,0.14196334760690102,-0.08124548724600199,0.7006538307397524,0.24804514519338203,0.06191338610114705,0.5537767885942045
1779789370.8437285,10.0,10.0,9.838009863637115,0.14209382252117977,-0.08104526650462432,0.7007623081806348,0.24804514519338203,0.06294655680114694,0.5537767885942045
1779789370.8537104,10.0,10.0,9.96333144515717,0.14224070036504452,-0.08085045677867991,0.7008309044625745,0.24804514519338203,0.06399293830114708,0.5537767885942045
1779789370.8637233,10.0,10.0,10.035784630396083,0.14240278118104477,-0.08064913055768377,0.7008678259667378,0.24804514519338203,0.06503913450114698,0.5537767885942045
1779789370.8737307,10.0,10.0,10.07435024249053,0.1425728525302239,-0.08044897693860902,0.7008825514406652,0.24804514519338203,0.06606506950114699,0.5537767885942045
1779789370.8837588,10.0,10.0,10.076451092932922,0.14276116842508627,-0.08025066489750625,0.7008658905874832,0.24804514519338203,0.06710466130114703,0.5537767885942045
1779789370.8937302,10.0,10.0,10.009428347270038,0.14295328555101844,-0.08003859724348723,0.7008295909012956,0.24804514519338203,0.06815112790114711,0.5537767885942045
1779789370.9037275,10.0,10.0,9.871359299988223,0.14316318627249477,-0.07981803791232549,0.700760886396537,0.24804514519338203,0.06917938740114707,0.5537767885942045
1779789370.913704,10.0,10.0,9.72024942274006,0.14338428856686797,-0.0795721380935662,0.7006659218351053,0.24804514519338203,0.07026739430114695,0.5537767885942045
1779789370.923732,10.0,10.0,9.510897077159424,0.1436133532388383,-0.07930749179977915,0.7005552162899565,0.24804514519338203,0.07134880180114703,0.5537767885942045
1779789370.9337733,10.0,10.0,9.239097211945529,0.14385198908361463,-0.07904058315712682,0.700435683350631,0.24804514519338203,0.07238023020114699,0.5537767885942045
1779789370.943742,10.0,10.0,8.96932800033346,0.14408879419639892,-0.07875653672894845,0.7003210228866259,0.24804514519338203,0.07344680870114703,0.5537767885942045
1779789370.9537158,10.0,10.0,8.681484775007965,0.14432263966928935,-0.0784691075250238,0.700218075198017,0.24804514519338203,0.07344680870114703,0.5537767885942045
1779789370.9637334,10.0,10.0,8.362083784243199,0.14453316417021558,-0.07817814409771809,0.7001351169425898,0.24804514519338203,0.07448740940114706,0.5537767885942045
1779789370.9737372,10.0,10.0,8.032907100868716,0.1447168806301535,-0.07787641291629048,0.7000635643213304,0.24804514519338203,0.07558120320114703,0.5537767885942045
1779789370.983729,10.0,10.0,7.734979986421946,0.14487341667986817,-0.0775675870556072,0.7000047643328737,0.24804514519338203,0.07663160830114701,0.5537767885942045
1779789370.993729,10.0,10.0,7.446422129784382,0.1450022337663996,-0.0772589735668195,0.6999625629129926,0.24804514519338203,0.077671223101147,0.5537767885942045
1779789371.003688,10.0,10.0,7.151443070919375,0.1451203356514358,-0.07694213373832029,0.6999330214006417,0.24804514519338203,0.07874652810114699,0.5537767885942045
1779789371.0137396,10.0,10.0,6.87651804256225,0.14521709816852618,-0.07661831302949508,0.6999279643155834,0.24804514519338203,0.07977967970114708,0.5537767885942045
1779789371.0236938,10.0,10.0,6.612161899530627,0.1452862068461846,-0.07628568659866009,0.699947236093245,0.24804514519338203,0.08086510780114711,0.5537767885942045
1779789371.033767,10.0,10.0,6.350955004709702,0.14532346830227597,-0.07595650619783582,0.6999899497211798,0.24804514519338203,0.08191062370114703,0.5537767885942045
1779789371.0437274,10.0,10.0,6.137600163950912,0.1453353305382845,-0.07561972259211357,0.7000638988007745,0.24804514519338203,0.08295126550114709,0.5537767885942045
1779789371.0537114,10.0,10.0,5.938857939707113,0.1453130542346801,-0.07528553346345375,0.700167238231174,0.24804514519338203,0.08400314440114698,0.5537767885942045
1779789371.0636952,10.0,10.0,5.770488153418685,0.14527102054156413,-0.0749604691106932,0.7003007161229364,0.24804514519338203,0.08504354370114704,0.5537767885942045
1779789371.0737214,10.0,10.0,5.648580899129796,0.14520969213806972,-0.07463737180721047,0.7004756798829627,0.24804514519338203,0.08606912710114709,0.5537767885942045
1779789371.0837417,10.0,10.0,5.556422532223297,0.14512378364210116,-0.07431626805605854,0.7006860916137837,0.24804514519338203,0.08715100450114696,0.5537767885942045
1779789371.09373,10.0,10.0,5.503398974029545,0.14500943243092246,-0.07400052070335904,0.7009295484319575,0.24743959559338205,0.08759158800114697,0.5537767885942045
1779789371.1036844,10.0,10.0,5.512076144955803,0.14487185583868803,-0.073687785280059,0.7011998204083429,0.24637763569338203,0.08759158800114697,0.5537767885942045
1779789371.1137102,10.0,10.0,5.610546948315749,0.14471707415353016,-0.07338838230243427,0.7015046865068744,0.245275847793382,0.08759158800114697,0.5537767885942045
1779789371.1237454,10.0,10.0,5.770598040372967,0.14454810066164847,-0.07310254712961313,0.7018407177064385,0.24422032109338207,0.08759158800114697,0.5537767885942045
1779789371.1337419,10.0,10.0,5.977896161220986,0.14437420370956833,-0.07282584816534626,0.7022096260708155,0.24318737879338206,0.08759158800114697,0.5537767885942045
1779789371.1437817,10.0,10.0,6.22146380105774,0.14419743369337956,-0.07254394763926608,0.70259967591194,0.24318737879338206,0.08759158800114697,0.5537767885942045
1779789371.1538203,10.0,10.0,6.491234184047335,0.1440264265623924,-0.07226254509842683,0.702996430742486,0.24213936619338197,0.08759158800114697,0.5537767885942045
1779789371.1637087,10.0,10.0,6.797931465461657,0.14388574341939916,-0.0719922250704017,0.7033876948449286,0.2411054159933819,0.08759158800114697,0.5537767885942045
1779789371.1737523,10.0,10.0,7.129192234046032,0.14377944076322413,-0.07171753198228085,0.7037860455336095,0.24006204219338192,0.08759158800114697,0.5537767885942045
1779789371.1837192,10.0,10.0,7.466467398977087,0.1436972379526202,-0.07143651962660524,0.704178891134884,0.238988038593382,0.08759158800114697,0.5537767885942045
1779789371.1938477,10.0,10.0,7.810131466721392,0.14363341247509914,-0.07116154432936955,0.7045388649433877,0.2379573004933819,0.08759158800114697,0.5537767885942045
1779789371.2037365,10.0,10.0,8.163158596358791,0.1435918652700477,-0.0708992778842643,0.7048615993105377,0.23688768719338196,0.08759158800114697,0.5537767885942045
1779789371.2137387,10.0,10.0,8.527589586581936,0.14357985179105023,-0.07064961912044361,0.7051354792746876,0.2358582825933819,0.08759158800114697,0.5537767885942045
1779789371.2238152,10.0,10.0,8.891317713870826,0.14358971412124644,-0.07040885861999922,0.7053649068333246,0.234810138693382,0.08759158800114697,0.5537767885942045
1779789371.2337117,10.0,10.0,9.220364215678913,0.14363242612720717,-0.0701624124544751,0.7055476650244,0.23377490719338193,0.08759158800114697,0.5537767885942045
1779789371.2436793,10.0,10.0,9.538635896072455,0.1437072709730409,-0.06991849525703409,0.7056808585869359,0.23273191299338195,0.08759158800114697,0.5537767885942045
1779789371.2537599,10.0,10.0,9.83860397364127,0.14380419116498291,-0.06968366632753374,0.705774824288511,0.23169900479338193,0.08759158800114697,0.5537767885942045
1779789371.2637534,10.0,10.0,10.080669764873065,0.14391562729645627,-0.0694548784382223,0.7058467444743656,0.23066951909338193,0.08759158800114697,0.5537767885942045
1779789371.2737477,10.0,10.0,10.254537219193173,0.14403556726556108,-0.06923547662431599,0.7059028114769492,0.229623341893382,0.08759158800114697,0.5537767885942045
1779789371.2837615,10.0,10.0,10.36736845385909,0.14418197673846223,-0.0690263467904784,0.7059344337514568,0.2285891642933819,0.08759158800114697,0.5537767885942045
1779789371.2937312,10.0,10.0,10.427303194040068,0.14434235035036336,-0.0688218216544709,0.7059370319749629,0.22755552779338203,0.08759158800114697,0.5537767885942045
1779789371.303695,10.0,10.0,10.440101862151481,0.14451917586478233,-0.06861478420145144,0.705913764986091,0.2265098354933819,0.08759158800114697,0.5537767885942045
1779789371.313768,10.0,10.0,10.38054073237919,0.14471142139958046,-0.06840609890644946,0.7058597118742029,0.225468811093382,0.08759158800114697,0.5537767885942045
1779789371.323715,10.0,10.0,10.28648324190576,0.1449228444546939,-0.06818566860673382,0.7057792273361665,0.22441273929338193,0.08759158800114697,0.5537767885942045
1779789371.3337464,10.0,10.0,10.160382583537169,0.1451505906726234,-0.06794810282452372,0.7056711632423777,0.22337187009338208,0.08759158800114697,0.5537767885942045
1779789371.3437095,10.0,10.0,9.988750192710082,0.14539270536862972,-0.06769241350591838,0.705539948240232,0.22229488389338206,0.08759158800114697,0.5537767885942045
1779789371.3537934,10.0,10.0,9.760357552617933,0.14563765651901578,-0.06742037728441047,0.7053911972748889,0.221260605093382,0.08759158800114697,0.5537767885942045
1779789371.3636851,10.0,10.0,9.47221919677627,0.14588762541271397,-0.06713666112491645,0.705240388762569,0.221260605093382,0.08759158800114697,0.5537767885942045
1779789371.3737023,10.0,10.0,9.167245020931086,0.1461274255619059,-0.0668474587504251,0.7050928089769429,0.2201802024933819,0.08759158800114697,0.5537767885942045
1779789371.3837085,10.0,10.0,8.83622795994411,0.14633490696342852,-0.06655765159952816,0.7049500243038164,0.219119239493382,0.08759158800114697,0.5537767885942045
1779789371.3937485,10.0,10.0,8.485640503986943,0.14651118693202725,-0.0662484307599672,0.7048133540056675,0.21808893719338193,0.08759158800114697,0.5537767885942045
1779789371.4036896,10.0,10.0,8.138575007666587,0.1466534990770342,-0.06593448885490083,0.7046997164564196,0.21705990229338193,0.08759158800114697,0.5537767885942045
1779789371.4137735,10.0,10.0,7.787305487427381,0.14677484804246255,-0.06561379256284854,0.7046109623465316,0.215990061593382,0.08759158800114697,0.5537767885942045
1779789371.423747,10.0,10.0,7.46581337473433,0.14689507355472975,-0.06529678891281238,0.7045453441151137,0.214949952793382,0.08759158800114697,0.5537767885942045
1779789371.433743,10.0,10.0,7.173638543102187,0.14700283958989466,-0.06497352688085917,0.7044961519251327,0.213872746193382,0.08759158800114697,0.5537767885942045
1779789371.4436927,10.0,10.0,6.884816649982989,0.14708124728785765,-0.06463486893969352,0.7044585627428255,0.21279748629338205,0.08759158800114697,0.5537767885942045
1779789371.4537551,10.0,10.0,6.612491439343789,0.1471348724515734,-0.06428478527707551,0.7044330031433506,0.21177203119338192,0.08759158800114697,0.5537767885942045
1779789371.4636762,10.0,10.0,6.382101055131925,0.14716015319420356,-0.06394093152380746,0.7044272734194869,0.21073113889338194,0.08759158800114697,0.5537767885942045
1779789371.4737053,10.0,10.0,6.171075413593783,0.14714647872899594,-0.06359746843960035,0.7044417987241423,0.20967822609338196,0.08759158800114697,0.5537767885942045
1779789371.4837143,10.0,10.0,5.978618687391522,0.1471075669322527,-0.06325551362824955,0.7044835117861277,0.20862859639338202,0.08759158800114697,0.5537767885942045
1779789371.4936922,10.0,10.0,5.835194938594353,0.14704675015970434,-0.06292028437991477,0.7045567160116022,0.20757427989338204,0.08759158800114697,0.5537767885942045
1779789371.5037043,10.0,10.0,5.730270553042507,0.14697001643000943,-0.06258466930793125,0.7046613253601497,0.20652687239338194,0.08759158800114697,0.5537767885942045
1779789371.513692,10.0,10.0,5.649172111281289,0.14687606198811018,-0.062253970488950545,0.7048037420984373,0.20547879969338198,0.08759158800114697,0.5537767885942045
1779789371.5237212,10.0,10.0,5.617763214028103,0.14676498759546366,-0.061927662686935024,0.7049772998568063,0.20441337729338202,0.08759158800114697,0.5537767885942045
1779789371.5337734,10.0,10.0,5.6619325306445685,0.1466382722054856,-0.06160923581141034,0.7051785611392706,0.20336135709338202,0.08759158800114697,0.5537767885942045
1779789371.543762,10.0,10.0,5.792399573592769,0.14650499314828663,-0.06130971728441441,0.7053997361061597,0.20233194049338207,0.08759158800114697,0.5537767885942045
1779789371.5537183,10.0,10.0,5.990599335759719,0.1463584159189605,-0.061021700016827544,0.7056515162384116,0.20130376419338206,0.08759158800114697,0.5537767885942045
1779789371.5637023,10.0,10.0,6.214441890166718,0.14621168159377923,-0.060749411401306706,0.7059322371188412,0.20026576449338193,0.08759158800114697,0.5537767885942045
1779789371.5737514,10.0,10.0,6.4567828202819735,0.14605795711105618,-0.06047464182115383,0.7062289722864161,0.199197570793382,0.08759158800114697,0.5537767885942045
1779789371.583693,10.0,10.0,6.712775488484288,0.14590627501542464,-0.060205736196725326,0.7065337002756439,0.199197570793382,0.08759158800114697,0.5537767885942045
1779789371.5937364,10.0,10.0,6.99140807366072,0.14576885538306933,-0.05993933891858495,0.7068376383325549,0.19816525679338196,0.08759158800114697,0.5537767885942045
1779789371.603684,10.0,10.0,7.3236214878796515,0.14566354101649304,-0.05967544674780886,0.7071350485236976,0.19706941809338205,0.08759158800114697,0.5537767885942045
1779789371.6137083,10.0,10.0,7.682447921326166,0.14558257704317804,-0.05940999966104375,0.7074177371289675,0.19599444969338206,0.08759158800114697,0.5537767885942045
1779789371.6236773,10.0,10.0,8.043643407013905,0.1455251082185779,-0.059155017266732196,0.7076768294261582,0.19494499939338203,0.08759158800114697,0.5537767885942045
1779789371.6337216,10.0,10.0,8.411377621911607,0.14548863825194525,-0.058909538995594875,0.7078957131058603,0.19391214529338205,0.08759158800114697,0.5537767885942045
1779789371.6436942,10.0,10.0,8.7726537289389,0.14547574774834846,-0.058675762369989067,0.7080769572706171,0.19286556839338206,0.08759158800114697,0.5537767885942045
1779789371.6537192,10.0,10.0,9.115516534898452,0.1454882044802736,-0.0584546032360501,0.7082071559685104,0.19178400149338196,0.08759158800114697,0.5537767885942045
1779789371.6637137,10.0,10.0,9.44686489837898,0.1455271079253814,-0.058239052787062796,0.7082930879220786,0.1907244651933819,0.08759158800114697,0.5537767885942045
1779789371.673718,10.0,10.0,9.755933464540261,0.14559183914198318,-0.058035155359530556,0.7083454962971911,0.1896709571933821,0.08759158800114697,0.5537767885942045
1779789371.6837323,10.0,10.0,10.003542432789592,0.14567547877580256,-0.05784365346656129,0.7083764277716237,0.1886084693933819,0.08759158800114697,0.5537767885942045
1779789371.6938226,10.0,10.0,10.19380256204608,0.14577486211692303,-0.05766109974855845,0.7083861608666541,0.18753996209338195,0.08759158800114697,0.5537767885942045
1779789371.7037613,10.0,10.0,10.33422086439957,0.1458957205306566,-0.057486093641431465,0.7083745777071931,0.18649125719338197,0.08759158800114697,0.5537767885942045
1779789371.7138278,10.0,10.0,10.410318053297178,0.14603558490870014,-0.057317406993119144,0.7083384282661064,0.18545535239338198,0.08759158800114697,0.5537767885942045
1779789371.723729,10.0,10.0,10.430340197486679,0.14619987122697906,-0.057147211818621264,0.7082804734881955,0.18441239929338202,0.08759158800114697,0.5537767885942045
1779789371.7337677,10.0,10.0,10.424023330506813,0.146395053084533,-0.05697326480453566,0.7081911526902537,0.183375324193382,0.08759158800114697,0.5537767885942045
1779789371.7437418,10.0,10.0,10.383381326956952,0.1466014007601179,-0.056795849610233755,0.7080756375032152,0.18232825539338202,0.08759158800114697,0.5537767885942045
1779789371.7536888,10.0,10.0,10.284728061995084,0.1468274557914037,-0.05659620276308997,0.7079348654180538,0.1812849355933819,0.08759158800114697,0.5537767885942045
1779789371.7637262,10.0,10.0,10.14331439215396,0.14707062524909817,-0.05637238646902089,0.7077651337209035,0.18025858379338208,0.08759158800114697,0.5537767885942045
1779789371.773754,10.0,10.0,9.954765095890275,0.1473160532495211,-0.05614345360934393,0.7075740803926577,0.17921106909338194,0.08759158800114697,0.5537767885942045
1779789371.7837846,10.0,10.0,9.694803221728241,0.14754560037264988,-0.05590948108245221,0.707372840222154,0.17817457709338205,0.08759158800114697,0.5537767885942045
1779789371.7937224,10.0,10.0,9.381744373204668,0.1477550237974558,-0.05566158207409105,0.7071604087017046,0.17817457709338205,0.08759158800114697,0.5537767885942045
1779789371.8037508,10.0,10.0,9.06595555075328,0.14794404693274843,-0.055397548289364704,0.7069490535781181,0.17712432929338193,0.08759158800114697,0.5537767885942045
1779789371.8137546,10.0,10.0,8.729398607103409,0.14810771708525589,-0.055129396077134865,0.7067535495285231,0.17604110539338205,0.08759158800114697,0.5537767885942045
1779789371.8237545,10.0,10.0,8.350146377116713,0.14825004978141693,-0.05485906319359669,0.7065853170396277,0.17493646709338204,0.08759158800114697,0.5537767885942045
1779789371.8337395,10.0,10.0,7.979209833675224,0.14838012889607088,-0.054570970647102424,0.7064487719469467,0.1738966188933819,0.08759158800114697,0.5537767885942045
1779789371.8437526,10.0,10.0,7.632682661088438,0.1484886838777817,-0.05428300461963403,0.7063433448922105,0.172875114193382,0.08759158800114697,0.5537767885942045
1779789371.8537543,10.0,10.0,7.295313091578026,0.14857770808383286,-0.053989085419843076,0.7062519154266389,0.17185366659338205,0.08759158800114697,0.5537767885942045
1779789371.8636947,10.0,10.0,6.991696054550938,0.1486493700014725,-0.05368184426042009,0.7061717868921702,0.170772036593382,0.08759158800114697,0.5537767885942045
1779789371.8736892,10.0,10.0,6.71874479528064,0.14868430944285038,-0.05337666204735178,0.7061079397525459,0.16967175359338196,0.08759158800114697,0.5537767885942045
1779789371.8837614,10.0,10.0,6.465340607076288,0.1486866420198682,-0.05307453432130865,0.7060523152886717,0.16860487039338193,0.08759158800114697,0.5537767885942045
1779789371.8936715,10.0,10.0,6.244640049796489,0.14865951640019273,-0.05276363606048143,0.7060188508790008,0.16757674519338203,0.08759158800114697,0.5537767885942045
1779789371.9037297,10.0,10.0,6.055495304828741,0.14860223370009587,-0.05246241831523567,0.706005029924978,0.16654644389338188,0.08759158800114697,0.5537767885942045
1779789371.9137347,10.0,10.0,5.903846412099298,0.14851718905630992,-0.05217337862755618,0.70601898959302,0.16547109479338198,0.08759158800114697,0.5537767885942045
1779789371.9237204,10.0,10.0,5.806326018555317,0.14841570266969137,-0.05189557459257438,0.7060615070371564,0.16442554389338201,0.08759158800114697,0.5537767885942045
1779789371.9337232,10.0,10.0,5.7572203861954545,0.14830203877395512,-0.051628829139284356,0.7061336317369226,0.16333154259338192,0.08759158800114697,0.5537767885942045
1779789371.9437823,10.0,10.0,5.747660170185817,0.1481798165079663,-0.05137517474744484,0.7062363509157573,0.16228310519338204,0.08759158800114697,0.5537767885942045
1779789371.9536924,10.0,10.0,5.801150930419878,0.1480507029031418,-0.051124423367677495,0.7063775519879113,0.161246607293382,0.08759158800114697,0.5537767885942045
1779789371.963773,10.0,10.0,5.926257765248278,0.14791884777817133,-0.05088349489816375,0.7065575653349792,0.1601858415933821,0.08759158800114697,0.5537767885942045
1779789371.9737287,10.0,10.0,6.084966630455792,0.14778756360444995,-0.05065826569569946,0.7067812700110616,0.1601858415933821,0.08759158800114697,0.5537767885942045
1779789371.983709,10.0,10.0,6.292449029440562,0.14765960831835784,-0.05044208388564946,0.7070190976383061,0.15915574869338192,0.08759158800114697,0.5537767885942045
1779789371.993685,10.0,10.0,6.549901487923412,0.14753174247500828,-0.05023655577523925,0.7072598407630403,0.15809201749338195,0.08759158800114697,0.5537767885942045
1779789372.0037153,10.0,10.0,6.825399208277261,0.14740503634199065,-0.05004430886573392,0.707496565342432,0.15699331639338202,0.08759158800114697,0.5537767885942045
1779789372.0136755,10.0,10.0,7.121470143361174,0.14729264833274336,-0.04985505824819377,0.7077125246434252,0.15596564509338204,0.08759158800114697,0.5537767885942045
1779789372.0236843,10.0,10.0,7.451099417866377,0.14719119809505687,-0.049670070260188715,0.7079111799129104,0.15487908179338203,0.08759158800114697,0.5537767885942045
1779789372.0337079,10.0,10.0,7.800064352960395,0.1471131956859471,-0.049485821927535874,0.7080768460878991,0.15385473269338198,0.08759158800114697,0.5537767885942045
1779789372.0436778,10.0,10.0,8.15545711640161,0.14705987786751681,-0.049298637222557534,0.7082146402592839,0.15279828119338193,0.08759158800114697,0.5537767885942045
1779789372.0538635,10.0,10.0,8.49723808006077,0.14704006722139606,-0.04911157350438501,0.7083168258890722,0.15175081259338194,0.08759158800114697,0.5537767885942045
1779789372.06372,10.0,10.0,8.820777430887901,0.14703963121553967,-0.048936095472847406,0.7083768842819465,0.15067879369338202,0.08759158800114697,0.5537767885942045
1779789372.0737064,10.0,10.0,9.128434465944963,0.1470551274546045,-0.04877404978721761,0.7084097039061504,0.14962186229338206,0.08759158800114697,0.5537767885942045
1779789372.0837421,10.0,10.0,9.41660225484921,0.14708018395142375,-0.048624496966021474,0.7084230731384639,0.14856414839338203,0.08759158800114697,0.5537767885942045
1779789372.09367,10.0,10.0,9.678038675663943,0.1471304316854763,-0.048475899364310356,0.7084191880718276,0.14752006009338192,0.08759158800114697,0.5537767885942045
1779789372.1037314,10.0,10.0,9.897977925144891,0.14719704265533212,-0.04833473513584109,0.7083921809822104,0.146482970993382,0.08759158800114697,0.5537767885942045
1779789372.1136842,10.0,10.0,10.045687355295861,0.14728252995972055,-0.04819364084614094,0.7083414336744169,0.14545431679338208,0.08759158800114697,0.5537767885942045
1779789372.1237319,10.0,10.0,10.155115889583943,0.14739762370365392,-0.048047503237341506,0.7082652202165155,0.14440339169338204,0.08759158800114697,0.5537767885942045
1779789372.133725,10.0,10.0,10.231979851093275,0.14753427954366036,-0.04790662504066548,0.7081621302173701,0.1433687752933819,0.08759158800114697,0.5537767885942045
1779789372.1436892,10.0,10.0,10.254423260189387,0.14769687356291974,-0.04776829387817577,0.7080286161448194,0.142309341093382,0.08759158800114697,0.5537767885942045
1779789372.1537027,10.0,10.0,10.224961396540648,0.14787533606809292,-0.04762914741705022,0.7078708271154389,0.14126509559338202,0.08759158800114697,0.5537767885942045
1779789372.1637099,10.0,10.0,10.148057668877536,0.1480724542088009,-0.0474782458574409,0.7076837383510073,0.14020774329338206,0.08759158800114697,0.5537767885942045
1779789372.1736732,10.0,10.0,10.015281754553968,0.14828184052714782,-0.04731020173704328,0.7074724365605004,0.14020774329338206,0.08759158800114697,0.5537767885942045
1779789372.1837478,10.0,10.0,9.826409239011838,0.1484973280091349,-0.04712744887684095,0.7072329812432422,0.1391717783933819,0.08759158800114697,0.5537767885942045
1779789372.1937122,10.0,10.0,9.572374987843444,0.14870900012254668,-0.04692576593763239,0.7069816083358316,0.13812192429338202,0.08759158800114697,0.5537767885942045
1779789372.2037654,10.0,10.0,9.2684835239882,0.1489046908891653,-0.046713851815768474,0.7067257597654004,0.13707728799338206,0.08759158800114697,0.5537767885942045
1779789372.2136881,10.0,10.0,8.930227142130764,0.14907587398014988,-0.046507106933676656,0.7064614932840587,0.13605452189338205,0.08759158800114697,0.5537767885942045
1779789372.2237728,10.0,10.0,8.566400169677319,0.14922148501779764,-0.0463022283387424,0.7062084194261323,0.13495264979338195,0.08759158800114697,0.5537767885942045
1779789372.2336783,10.0,10.0,8.19940265613839,0.1493480397654071,-0.04608858469588003,0.7059770655275445,0.1338821016933819,0.08759158800114697,0.5537767885942045
1779789372.2437313,10.0,10.0,7.851645056669245,0.14946350862549576,-0.045867768565701295,0.7057702471851178,0.13285013129338202,0.08759158800114697,0.5537767885942045
1779789372.253763,10.0,10.0,7.524722821874854,0.14954058259157532,-0.045640996927497325,0.705592390899584,0.131805934793382,0.08759158800114697,0.5537767885942045
1779789372.2637148,10.0,10.0,7.192525578932511,0.14957856730955843,-0.04541011927683832,0.7054346463599919,0.130779806393382,0.08759158800114697,0.5537767885942045
1779789372.273667,10.0,10.0,6.878409234990717,0.1495848461020508,-0.045179835247452595,0.7053096841793518,0.12975618069338193,0.08759158800114697,0.5537767885942045
1779789372.2837253,10.0,10.0,6.607113290994698,0.14956446417309138,-0.04494852473407747,0.7052147443866411,0.12871175179338204,0.08759158800114697,0.5537767885942045
1779789372.2937582,10.0,10.0,6.372703200616689,0.14952282969517441,-0.044721744409535275,0.7051450889809905,0.12767317689338195,0.08759158800114697,0.5537767885942045
1779789372.3037353,10.0,10.0,6.187089813938251,0.14947723673973318,-0.04449680905075214,0.7050877411438925,0.12664754339338202,0.08759158800114697,0.5537767885942045
1779789372.3136923,10.0,10.0,6.039522351424267,0.14940452018420824,-0.044269013078398825,0.7050465209087758,0.125617246093382,0.08759158800114697,0.5537767885942045
1779789372.3236718,10.0,10.0,5.913251382872603,0.1493182197820611,-0.044040920094475175,0.7050199672402154,0.12456030559338202,0.08759158800114697,0.5537767885942045
1779789372.3336735,10.0,10.0,5.835955313478298,0.14921305951317465,-0.043813906619910054,0.7050162003831634,0.12350720839338206,0.08759158800114697,0.5537767885942045
1779789372.343692,10.0,10.0,5.791276157691597,0.14909094068278472,-0.0435989806277606,0.7050301644943103,0.12247764349338189,0.08759158800114697,0.5537767885942045
1779789372.3537116,10.0,10.0,5.813508921957595,0.14897242058096877,-0.04338796331757742,0.7050680853778699,0.12145589229338202,0.08759158800114697,0.5537767885942045
1779789372.3636527,10.0,10.0,5.902328735712146,0.14885070018819826,-0.043189332284865684,0.705142056339586,0.12042744149338205,0.08759158800114697,0.5537767885942045
1779789372.3737142,10.0,10.0,6.035555638556873,0.148739037751787,-0.04300295283795779,0.7052460275481075,0.11938521679338193,0.08759158800114697,0.5537767885942045
1779789372.383708,10.0,10.0,6.208858163233165,0.14862815927314105,-0.04282384982906838,0.7053846427004834,0.11833905959338206,0.08759158800114697,0.5537767885942045
1779789372.3937101,10.0,10.0,6.415740625656489,0.14853327753098142,-0.042653579474013485,0.7055359436589131,0.11729423099338199,0.08759158800114697,0.5537767885942045
1779789372.403702,10.0,10.0,6.653172652102727,0.14844583497088848,-0.04248677450962648,0.7056840240415879,0.11626647949338195,0.08759158800114697,0.5537767885942045
1779789372.4136717,10.0,10.0,6.920786632123543,0.14835857562370294,-0.0423294115530796,0.7058231044445518,0.11520038579338204,0.08759158800114697,0.5537767885942045
1779789372.4236736,10.0,10.0,7.202492363635282,0.14828348749723447,-0.04217771697128391,0.7059403149196621,0.11520038579338204,0.08759158800114697,0.5537767885942045
1779789372.4337742,10.0,10.0,7.519514088682341,0.1482246478375258,-0.042034572735555525,0.7060313636331664,0.11416402099338202,0.08759158800114697,0.5537767885942045
1779789372.443679,10.0,10.0,7.820146825778625,0.14817578534978837,-0.041897502254121546,0.7060953833263491,0.11311894989338195,0.08759158800114697,0.5537767885942045
1779789372.453722,10.0,10.0,8.115436277640338,0.14814562425986955,-0.04176735646564325,0.7061292536171906,0.11206690869338196,0.08759158800114697,0.5537767885942045
1779789372.4637072,10.0,10.0,8.385943179666219,0.14812759874668538,-0.04164990699819207,0.7061389999019566,0.1109961802933819,0.08759158800114697,0.5537767885942045
1779789372.4737444,10.0,10.0,8.622535682091529,0.14812678001179805,-0.04154356735647039,0.7061385629482692,0.10997068699338203,0.08759158800114697,0.5537767885942045
1779789372.4836617,10.0,10.0,8.83210898436236,0.14814894445724905,-0.041447841710847366,0.7061307662693231,0.10889237129338197,0.08759158800114697,0.5537767885942045
1779789372.4937313,10.0,10.0,9.043595391930813,0.14819281100442247,-0.0413577267273098,0.7061060701023409,0.10784936609338194,0.08759158800114697,0.5537767885942045
1779789372.5036829,10.0,10.0,9.222491969751832,0.14825280677400954,-0.04127144037364947,0.7060592073262878,0.10679843299338199,0.08759158800114697,0.5537767885942045
1779789372.5136898,10.0,10.0,9.354665642078324,0.1483321895493262,-0.04119083389535971,0.7059847712016661,0.10576817869338198,0.08759158800114697,0.5537767885942045
1779789372.5236785,10.0,10.0,9.45391769201064,0.1484312512484831,-0.04111971252961807,0.7058840049298621,0.1047075272933819,0.08759158800114697,0.5537767885942045
1779789372.5336838,10.0,10.0,9.502152488208825,0.1485521185391656,-0.04104850516002227,0.7057569557606375,0.10363230139338206,0.08759158800114697,0.5537767885942045
1779789372.5437074,10.0,10.0,9.508279191211823,0.14868911661432233,-0.04097314864456713,0.705605561981461,0.10259535459338201,0.08759158800114697,0.5537767885942045
1779789372.5537078,10.0,10.0,9.473657572440995,0.14883825261045344,-0.040892201019070686,0.7054332304801801,0.10155932249338198,0.08759158800114697,0.5537767885942045
1779789372.56367,10.0,10.0,9.369140034577827,0.1489958016562601,-0.040796895583919066,0.7052355470924823,0.10048604329338193,0.08759158800114697,0.5537767885942045
1779789372.5736563,10.0,10.0,9.205993497457872,0.14916137281703454,-0.04067526582132246,0.7050124050519163,0.09944590449338192,0.08759158800114697,0.5537767885942045
1779789372.5836754,10.0,10.0,8.995559760302793,0.14932679684230726,-0.04053967070690932,0.7047718673327026,0.0983577691933819,0.08759158800114697,0.5537767885942045
1779789372.5937016,10.0,10.0,8.730003829840081,0.14948779201775717,-0.04039827324595049,0.7045233182745572,0.09730993189338191,0.08759158800114697,0.5537767885942045
1779789372.603673,10.0,10.0,8.43416696461495,0.14964391014938058,-0.04025203658573221,0.7042650658194665,0.09627858969338199,0.08759158800114697,0.5537767885942045
1779789372.6137147,10.0,10.0,8.137739212119877,0.14977558614940237,-0.04009634794892602,0.7039961251394238,0.095233970393382,0.08759158800114697,0.5537767885942045
1779789372.6236742,10.0,10.0,7.8369601648106535,0.149869590996237,-0.03993220032543646,0.7037225059817073,0.09418904359338195,0.08759158800114697,0.5537767885942045
1779789372.6336772,10.0,10.0,7.528015275492097,0.14993196422945643,-0.039762678980529424,0.703462627035229,0.09418904359338195,0.08759158800114697,0.5537767885942045
1779789372.6436908,10.0,10.0,7.240701989645322,0.14997290201573554,-0.03959375156680512,0.703202688666439,0.09316458229338201,0.08759158800114697,0.5537767885942045
1779789372.6537929,10.0,10.0,6.971652965684593,0.1499868630414713,-0.03942023873923084,0.7029683126517352,0.09208757799338194,0.08759158800114697,0.5537767885942045
1779789372.6637235,10.0,10.0,6.7068814580663325,0.14998321229962133,-0.03925105652424837,0.7027495853794719,0.09104716269338198,0.08759158800114697,0.5537767885942045
1779789372.6736903,10.0,10.0,6.470366309544734,0.14996397325425254,-0.039091206867506584,0.7025586319218249,0.08999368479338193,0.08759158800114697,0.5537767885942045
1779789372.683687,10.0,10.0,6.267351974252156,0.14993048517349747,-0.03893314444730052,0.70239297870672,0.08896937369338201,0.08759158800114697,0.5537767885942045
1779789372.6936934,10.0,10.0,6.102233636267209,0.14986955953825026,-0.03877055543852336,0.7022600619553789,0.08792123889338191,0.08759158800114697,0.5537767885942045
1779789372.7037234,10.0,10.0,5.960415366321659,0.14979315958364042,-0.038602359955817435,0.7021614685850122,0.08687541929338191,0.08759158800114697,0.5537767885942045
1779789372.7136726,10.0,10.0,5.851768944631691,0.14969765859245326,-0.03844165736843599,0.7021023899354207,0.0858477860933819,0.08759158800114697,0.5537767885942045
1779789372.7236562,10.0,10.0,5.783495466970152,0.1495922487024407,-0.03828411534840542,0.7020744778120065,0.08480427089338197,0.08759158800114697,0.5537767885942045
1779789372.7336855,10.0,10.0,5.768686189655593,0.14948200163001898,-0.038121334014862604,0.7020714915677942,0.08377564779338192,0.08759158800114697,0.5537767885942045
1779789372.743686,10.0,10.0,5.822020109333661,0.1493759308062636,-0.03796418806395567,0.7020851406051244,0.082731224893382,0.08759158800114697,0.5537767885942045
1779789372.7537487,10.0,10.0,5.93414359935737,0.14927432081407868,-0.037822122298014384,0.7021153720327467,0.08169550239338202,0.08759158800114697,0.5537767885942045
1779789372.7636836,10.0,10.0,6.070002664787796,0.14916916087884513,-0.03768534102304474,0.702166784960955,0.08063395219338201,0.08759158800114697,0.5537767885942045
1779789372.773688,10.0,10.0,6.220021747398552,0.14907448162695763,-0.037547141503365716,0.7022332056791366,0.079578501593382,0.08759158800114697,0.5537767885942045
1779789372.7836885,10.0,10.0,6.426713840535773,0.1490016428198845,-0.03740574504523311,0.702305436738364,0.07853442729338198,0.08759158800114697,0.5537767885942045
1779789372.793663,10.0,10.0,6.652642244572661,0.14893330753503756,-0.03727213352407248,0.7023731032403316,0.07751086979338204,0.08759158800114697,0.5537767885942045
1779789372.8036685,10.0,10.0,6.8698844373455925,0.14887446366590826,-0.037140324423652,0.7024311179558972,0.07648510499338187,0.08759158800114697,0.5537767885942045
1779789372.813665,10.0,10.0,7.104644058232864,0.14883044460901762,-0.03701492956647023,0.7024701203065193,0.07545564129338195,0.08759158800114697,0.5537767885942045
1779789372.8236747,10.0,10.0,7.344604828653876,0.14879963000246063,-0.03689560341303855,0.7024929745812063,0.07441640719338202,0.08759158800114697,0.5537767885942045
1779789372.8337069,10.0,10.0,7.5522046117211445,0.1487805815846088,-0.036782090051634235,0.7025021633922616,0.07336818709338197,0.08759158800114697,0.5537767885942045
1779789372.8436544,10.0,10.0,7.739502937938137,0.14877445595246527,-0.03667752796777538,0.7025053399979593,0.07231454289338204,0.08759158800114697,0.5537767885942045
1779789372.8537078,10.0,10.0,7.922713151140416,0.1487779651334507,-0.0365836401201941,0.7024993938066706,0.07127772129338189,0.08759158800114697,0.5537767885942045
1779789372.8637452,10.0,10.0,8.106701812807596,0.14880179535627086,-0.0364946440795898,0.7024635467790826,0.07024451459338205,0.08759158800114697,0.5537767885942045
1779789372.8736663,10.0,10.0,8.290314315878712,0.14883074479717162,-0.036415061403513034,0.7024059533695417,0.069191025593382,0.08759158800114697,0.5537767885942045
1779789372.8836846,10.0,10.0,8.410443815666959,0.14886996000909677,-0.036344299966634144,0.702326513356592,0.069191025593382,0.08759158800114697,0.5537767885942045
1779789372.8937342,10.0,10.0,8.482204504882029,0.14892560324652102,-0.03627597931789994,0.7022205173722226,0.0681453362933819,0.08759158800114697,0.5537767885942045
1779789372.9036636,10.0,10.0,8.545469808790234,0.14899581239900891,-0.036208388668664916,0.7020919210622176,0.067102119693382,0.08759158800114697,0.5537767885942045
1779789372.9136937,10.0,10.0,8.576174557723867,0.14907448225735268,-0.03614898146588266,0.7019393833131549,0.06607372599338193,0.08759158800114697,0.5537767885942045
1779789372.9236703,10.0,10.0,8.56889300656024,0.14916677674453277,-0.03608366106348147,0.7017561485364529,0.06502966479338193,0.08759158800114697,0.5537767885942045
1779789372.933709,10.0,10.0,8.508534076672754,0.14926639392907504,-0.036012924249081174,0.701555435348499,0.06397395969338202,0.08759158800114697,0.5537767885942045
1779789372.9436743,10.0,10.0,8.41962622711046,0.14937690502613332,-0.03593177723349179,0.7013221900366744,0.0629283835933819,0.08759158800114697,0.5537767885942045
1779789372.9537816,10.0,10.0,8.285496229669612,0.14948261007973257,-0.03584277748355013,0.701071186422626,0.061893712093381986,0.08759158800114697,0.5537767885942045
1779789372.96372,10.0,10.0,8.0901662906044,0.14958544074679067,-0.03574868630958946,0.700815080665749,0.06084601899338207,0.08759158800114697,0.5537767885942045
1779789372.9736888,10.0,10.0,7.874647829186379,0.14968682082819557,-0.035644392783927115,0.7005479979123549,0.05978663699338202,0.08759158800114697,0.5537767885942045
1779789372.9836946,10.0,10.0,7.675289147527758,0.14977899831785055,-0.03553525654968732,0.7002843988062591,0.05871044219338192,0.08759158800114697,0.5537767885942045
1779789372.9936717,10.0,10.0,7.484206594878512,0.14985222555077937,-0.035419705091267226,0.7000203253149776,0.05768489389338197,0.08759158800114697,0.5537767885942045
1779789373.0036838,10.0,10.0,7.306183568120253,0.14988893969315656,-0.03530147285203935,0.6997610701083088,0.05663716979338193,0.08759158800114697,0.5537767885942045
1779789373.0136795,10.0,10.0,7.121078328959366,0.14989463218259308,-0.03518108628271498,0.6995039655843717,0.05558911909338207,0.08759158800114697,0.5537767885942045
1779789373.023692,10.0,10.0,6.956174048860211,0.14987572510073674,-0.035066231894730814,0.6992548541374553,0.05455752229338201,0.08759158800114697,0.5537767885942045
1779789373.0337062,10.0,10.0,6.802665276272826,0.14983928347685826,-0.03495331279832085,0.6990315580502509,0.05350394009338205,0.08759158800114697,0.5537767885942045
1779789373.0437279,10.0,10.0,6.658665878861069,0.149795022430408,-0.03483971995377188,0.6988339735211433,0.052476924993382024,0.08759158800114697,0.5537767885942045
1779789373.0537188,10.0,10.0,6.5593089033921785,0.14973345595432144,-0.034737474295344795,0.6986723565911998,0.051374389693381955,0.08759158800114697,0.5537767885942045
1779789373.0637374,10.0,10.0,6.475412925960283,0.14966483067513123,-0.03464543042168072,0.6985455471208062,0.050319717493382016,0.08759158800114697,0.5537767885942045
1779789373.0736837,10.0,10.0,6.407433576233808,0.14958333203561638,-0.034560210248150695,0.698468219103851,0.049264984093382036,0.08759158800114697,0.5537767885942045
1779789373.083716,10.0,10.0,6.3474549509967755,0.1494915799026239,-0.03447471887438764,0.6984296290916151,0.04818161389338191,0.08759158800114697,0.5537767885942045
1779789373.0936444,10.0,10.0,6.32937811086745,0.14940212851886014,-0.03439010402818331,0.6984227122154792,0.04818161389338191,0.08759158800114697,0.5537767885942045
1779789373.1036677,10.0,10.0,6.346196524164961,0.14932032082361518,-0.03431100004174881,0.6984320357454679,0.048045145193382044,0.08670124900114692,0.5537767885942045
1779789373.1137657,10.0,10.0,6.397623952057166,0.14923663092400533,-0.0342356515589536,0.6984595205398828,0.048045145193382044,0.08563431770114682,0.5537767885942045
1779789373.1237512,10.0,10.0,6.4893864526442755,0.14914913377026104,-0.03417173516530671,0.6985051688586676,0.048045145193382044,0.08460671240114699,0.5537767885942045
1779789373.1337178,10.0,10.0,6.621996899158023,0.14906866270671013,-0.034109223505960545,0.6985656791576056,0.048045145193382044,0.08353706000114698,0.5537767885942045
1779789373.1436675,10.0,10.0,6.808709927503093,0.14899593800372588,-0.03405940726181165,0.6986312132731669,0.048045145193382044,0.08249453160114698,0.5537767885942045
1779789373.153684,10.0,10.0,7.00016299783363,0.14893338593474642,-0.034017420267798054,0.698697806745837,0.048045145193382044,0.08144932330114692,0.5537767885942045
1779789373.1637375,10.0,10.0,7.203046550753948,0.14888379065107107,-0.03397877325057009,0.6987531363596124,0.048045145193382044,0.08041501440114682,0.5537767885942045
1779789373.1736794,10.0,10.0,7.418408337934657,0.14884286548716708,-0.03394122843100125,0.6987905747559897,0.048045145193382044,0.07936386080114691,0.5537767885942045
1779789373.1840024,10.0,10.0,7.620542379124658,0.14881718060215082,-0.03391728923247176,0.6988045397979932,0.048045145193382044,0.07833013300114693,0.5537767885942045
1779789373.194688,10.0,10.0,7.813238913654888,0.14880457475096356,-0.033896688455552694,0.6988061135365774,0.048045145193382044,0.07729318920114696,0.5537767885942045
1779789373.2046826,10.0,10.0,7.98779628065195,0.14880615245111645,-0.033884341178493024,0.6987990595223855,0.048045145193382044,0.07625694770114684,0.5537767885942045
1779789373.2146785,10.0,10.0,8.12114582068279,0.14881662113225919,-0.033880605134661824,0.6987865353490453,0.048045145193382044,0.07522501430114684,0.5537767885942045
1779789373.2246728,10.0,10.0,8.232117369646284,0.14883582114943292,-0.033874908103946486,0.6987562007029701,0.048045145193382044,0.07420217810114689,0.5537767885942045
1779789373.234768,10.0,10.0,8.331024004384524,0.14885576076512705,-0.03386623536316116,0.6986981799550954,0.048045145193382044,0.07316266140114684,0.5537767885942045
1779789373.2446623,10.0,10.0,8.4155849914799,0.1488855847281439,-0.03384807163228595,0.698616590877278,0.048045145193382044,0.07212337820114693,0.5537767885942045
1779789373.2546775,10.0,10.0,8.492439266034589,0.14892537117104931,-0.033823108723211225,0.6985093898878147,0.048045145193382044,0.0710772040011469,0.5537767885942045
1779789373.26469,10.0,10.0,8.54556919480489,0.14897457364345953,-0.03379514107170638,0.6983865129010451,0.048045145193382044,0.07004142430114697,0.5537767885942045
1779789373.2746747,10.0,10.0,8.57081712444195,0.14903508990791473,-0.03376049227172626,0.6982384599928261,0.048045145193382044,0.06900880870114683,0.5537767885942045
1779789373.2847474,10.0,10.0,8.582489479492262,0.1491077529724079,-0.033715499866231284,0.6980673134348306,0.048045145193382044,0.0679435285011469,0.5537767885942045
1779789373.2946677,10.0,10.0,8.565508005774129,0.14918692057607677,-0.033663537029110964,0.6978641045403069,0.048045145193382044,0.06689936810114687,0.5537767885942045
1779789373.304662,10.0,10.0,8.498231347797356,0.1492769949715177,-0.033602402457141245,0.6976340044224265,0.048045145193382044,0.06584590310114684,0.5537767885942045
1779789373.3147686,10.0,10.0,8.391842113644646,0.14936856675982227,-0.03353408208291584,0.6973720022458311,0.048045145193382044,0.06481293980114688,0.5537767885942045
1779789373.3246777,10.0,10.0,8.238839041296668,0.1494547245745042,-0.03346582606422574,0.6970992852093268,0.048045145193382044,0.06372623730114693,0.5537767885942045
1779789373.334688,10.0,10.0,8.033840708297724,0.1495426930909803,-0.033395264921486034,0.6968246920526503,0.048045145193382044,0.0626566149011469,0.5537767885942045
1779789373.3446786,10.0,10.0,7.831179687776509,0.14962109650235839,-0.03333253260913147,0.6965521068145907,0.048045145193382044,0.0626566149011469,0.5537767885942045
1779789373.3547206,10.0,10.0,7.608858012263175,0.149682001720521,-0.03327586481989597,0.6962879840807775,0.048045145193382044,0.06160496640114689,0.5537767885942045
1779789373.3647082,10.0,10.0,7.397500456728108,0.14970569938745662,-0.03322425678568039,0.6960221696777255,0.048045145193382044,0.06052840990114691,0.5537767885942045
1779789373.3746922,10.0,10.0,7.20400151732063,0.14970216386729363,-0.03316474172237643,0.6957769610547959,0.048045145193382044,0.05947805490114681,0.5537767885942045
1779789373.384708,10.0,10.0,7.027330282139276,0.1496784973380686,-0.03311289412917072,0.6955582424292488,0.048045145193382044,0.05843800120114692,0.5537767885942045
1779789373.394746,10.0,10.0,6.868693484386386,0.1496332154601637,-0.03307956531766475,0.6953622193387441,0.048045145193382044,0.057383605501146975,0.5537767885942045
1779789373.4047296,10.0,10.0,6.7157251246350995,0.1495750491005994,-0.033061945493135445,0.6952093198205748,0.048045145193382044,0.05634142880114694,0.5537767885942045
1779789373.4146845,10.0,10.0,6.582591069729372,0.14950386390676523,-0.03305623256003775,0.6950943521277649,0.048045145193382044,0.055308632801146965,0.5537767885942045
1779789373.4246812,10.0,10.0,6.489931613094432,0.149431407823664,-0.033054590484500025,0.6950178502422504,0.048045145193382044,0.0542560926011469,0.5537767885942045
1779789373.4346626,10.0,10.0,6.438894981413394,0.14935352761415804,-0.03306599705131859,0.6949767052332033,0.048045145193382044,0.05322912460114686,0.5537767885942045
1779789373.4446766,10.0,10.0,6.4107605840644855,0.14927227000433607,-0.0330847258343799,0.6949552207518002,0.048045145193382044,0.052199034701146965,0.5537767885942045
1779789373.454704,10.0,10.0,6.409382048237257,0.14919243787767206,-0.03310726786112189,0.6949421630385731,0.048045145193382044,0.05112616920114685,0.5537767885942045
1779789373.464653,10.0,10.0,6.427535228509857,0.14910389582440392,-0.03313645376718934,0.6949352642065094,0.048045145193382044,0.05006748940114682,0.5537767885942045
1779789373.474664,10.0,10.0,6.456673407756722,0.14900910709479734,-0.03317299695300509,0.6949395873410148,0.048045145193382044,0.049035846601146876,0.5537767885942045
1779789373.4847066,10.0,10.0,6.528076781276045,0.14890807515079074,-0.03321560264586284,0.6949600930833862,0.048045145193382044,0.04798414200114684,0.5537767885942045
1779789373.49467,10.0,10.0,6.661130764525986,0.1488085247142321,-0.033261164590394215,0.6949937444548657,0.048045145193382044,0.04694078810114692,0.5537767885942045
1779789373.5046628,10.0,10.0,6.85219036846609,0.14871998071360115,-0.0333040452588191,0.6950403463456908,0.048045145193382044,0.045887315101146936,0.5537767885942045
1779789373.5146625,10.0,10.0,7.067886574749366,0.1486529695518814,-0.033339605372365765,0.6950895726004619,0.048045145193382044,0.04484353740114694,0.5537767885942045
1779789373.524705,10.0,10.0,7.279702613571667,0.1485972898722725,-0.03337186087080772,0.6951413755239243,0.048045145193382044,0.04381516670114684,0.5537767885942045
1779789373.5347526,10.0,10.0,7.485855496590661,0.14855464238012636,-0.03339890969052406,0.6951748744089402,0.048045145193382044,0.04278198500114694,0.5537767885942045
1779789373.544808,10.0,10.0,7.708404537523077,0.14852137975309165,-0.03342162139196413,0.6951866607610856,0.048045145193382044,0.041667616401146884,0.5537767885942045
1779789373.5546594,10.0,10.0,7.928761488152659,0.14849857776155612,-0.03343995489035989,0.6951917933805455,0.048045145193382044,0.041667616401146884,0.5537767885942045
1779789373.5646713,10.0,10.0,8.120019376083397,0.14849141293709722,-0.033450918069315654,0.695192413976189,0.048045145193382044,0.04059911410114682,0.5537767885942045
1779789373.574692,10.0,10.0,8.270700969704944,0.148495633443799,-0.03345400596442057,0.6951901639456699,0.048045145193382044,0.03956282050114683,0.5537767885942045
1779789373.5846677,10.0,10.0,8.38604779808389,0.14850166434914297,-0.03345272380697817,0.6951812078823523,0.048045145193382044,0.038528210101146834,0.5537767885942045
1779789373.5946596,10.0,10.0,8.460285302163689,0.14851737489583183,-0.03345048937787511,0.6951631249238036,0.048045145193382044,0.037502224901146936,0.5537767885942045
1779789373.6046548,10.0,10.0,8.53236595420389,0.14854272189033924,-0.0334459750575302,0.6951317738198741,0.048045145193382044,0.03647345550114689,0.5537767885942045
1779789373.6146553,10.0,10.0,8.59170497139785,0.1485783063770716,-0.03343977300807014,0.6950775083923038,0.048045145193382044,0.03543334070114691,0.5537767885942045
1779789373.6246552,10.0,10.0,8.636611112497118,0.1486239039317571,-0.03343523152411402,0.6950022573920148,0.048045145193382044,0.03440302730114683,0.5537767885942045
1779789373.6346483,10.0,10.0,8.657295122344165,0.14868005738070927,-0.0334241410379543,0.6949082082511429,0.048045145193382044,0.03333583450114694,0.5537767885942045
1779789373.644663,10.0,10.0,8.677574979245641,0.14875332033848565,-0.03340569118749008,0.6947845206402686,0.048045145193382044,0.03228940990114697,0.5537767885942045
1779789373.6546896,10.0,10.0,8.682249914563023,0.1488338917016744,-0.03338761239098886,0.6946399987037167,0.048045145193382044,0.031244485001146908,0.5537767885942045
1779789373.6647038,10.0,10.0,8.630735814337262,0.1489252216377031,-0.033372065781429455,0.6944708831689237,0.048045145193382044,0.030215401001146943,0.5537767885942045
1779789373.6746805,10.0,10.0,8.539615442564953,0.14902242474260083,-0.033350161830937274,0.6942786105708696,0.048045145193382044,0.029139796301146843,0.5537767885942045
1779789373.6846404,10.0,10.0,8.3978161515466,0.149119828393321,-0.03331924543924003,0.6940640845313518,0.048045145193382044,0.02811052200114694,0.5537767885942045
1779789373.6946661,10.0,10.0,8.19580249036557,0.1492059069134033,-0.03328331353344962,0.6938332399886361,0.048045145193382044,0.027072716501146902,0.5537767885942045
1779789373.7047698,10.0,10.0,7.971281518448586,0.1492824094857479,-0.03323979178432758,0.6935928656282916,0.048045145193382044,0.026025088601146846,0.5537767885942045
1779789373.714712,10.0,10.0,7.739871238791486,0.14932675828277212,-0.0331976049641538,0.6933376848351434,0.048045145193382044,0.024979608701146874,0.5537767885942045
1779789373.7246919,10.0,10.0,7.500768480363557,0.1493417500437657,-0.03315806950258653,0.6930692920930822,0.048045145193382044,0.02387642310114681,0.5537767885942045
1779789373.734689,10.0,10.0,7.282102332294555,0.1493421793371191,-0.033124827839429175,0.6928038508984782,0.048045145193382044,0.022827020801146836,0.5537767885942045
1779789373.744684,10.0,10.0,7.096045281693205,0.1493290684535408,-0.03309646543423873,0.6925406770127497,0.048045145193382044,0.021713786301146832,0.5537767885942045
1779789373.754735,10.0,10.0,6.937872589132271,0.14931444996314383,-0.03306968184038778,0.6922909492058794,0.048045145193382044,0.020671409301146918,0.5537767885942045
1779789373.7646842,10.0,10.0,6.810968946305112,0.14928484769899844,-0.03304637413889358,0.6920550842061319,0.048045145193382044,0.019638572201146922,0.5537767885942045
1779789373.7747192,10.0,10.0,6.695370502656629,0.14924519663167965,-0.03302988202207573,0.6918288358643364,0.048045145193382044,0.019638572201146922,0.5537767885942045
1779789373.7847056,10.0,10.0,6.60090095356116,0.14919200208146974,-0.03302238464352254,0.6916311124606297,0.048045145193382044,0.01860821480114693,0.5537767885942045
1779789373.7946844,10.0,10.0,6.497169481825342,0.14912532323041852,-0.03302091761307245,0.6914651234042662,0.048045145193382044,0.017570663801146816,0.5537767885942045
1779789373.8046513,10.0,10.0,6.4114075496680245,0.1490501394389514,-0.03303170613753018,0.6913310897958249,0.048045145193382044,0.016466265901146807,0.5537767885942045
1779789373.8146636,10.0,10.0,6.349730756174353,0.14896571705233774,-0.033047340269169424,0.6912294282969123,0.048045145193382044,0.015411509601146869,0.5537767885942045
1779789373.8246849,10.0,10.0,6.2971763565262115,0.14886997117648346,-0.033073133606972595,0.6911643680817866,0.048045145193382044,0.014357249101146923,0.5537767885942045
1779789373.8346932,10.0,10.0,6.279099917489784,0.14877215532943264,-0.03310142395282026,0.6911283380266527,0.048045145193382044,0.013292819501146861,0.5537767885942045
1779789373.8446581,10.0,10.0,6.312490820684225,0.14867904538840399,-0.03313210404156806,0.6911090198137038,0.048045145193382044,0.012246033201146804,0.5537767885942045
1779789373.8546615,10.0,10.0,6.399757340329603,0.14858080618952427,-0.033169139283604245,0.6910937855158852,0.048045145193382044,0.011212106001146853,0.5537767885942045
1779789373.8646603,10.0,10.0,6.523169941740938,0.1484870794683854,-0.03321080428584996,0.6910839547255656,0.048045145193382044,0.010128376101146822,0.5537767885942045
1779789373.874672,10.0,10.0,6.704862618645975,0.14840046977729562,-0.033258181682980385,0.6910858730691826,0.048045145193382044,0.009102205601146867,0.5537767885942045
1779789373.884659,10.0,10.0,6.935587218497378,0.14832364174889548,-0.033299107307226225,0.6910977466465259,0.048045145193382044,0.008038482301146802,0.5537767885942045
1779789373.8946798,10.0,10.0,7.144015884796942,0.14825336764078745,-0.03334006637714254,0.6911163357580329,0.048045145193382044,0.0070065619011468044,0.5537767885942045
1779789373.904719,10.0,10.0,7.328651114330767,0.14819834768444748,-0.0333797021383586,0.6911350937297961,0.048045145193382044,0.005945826301146852,0.5537767885942045
1779789373.9146628,10.0,10.0,7.527837193314836,0.14815109647528069,-0.03342061291957823,0.6911528591462389,0.048045145193382044,0.00490240130114691,0.5537767885942045
1779789373.9246933,10.0,10.0,7.71158870732595,0.1481116921656688,-0.03345865039411086,0.6911673773148742,0.048045145193382044,0.0038611053011469096,0.5537767885942045
1779789373.934659,10.0,10.0,7.870121134621679,0.14808236059504074,-0.03349640120581059,0.6911759186333608,0.048045145193382044,0.0028274326011468766,0.5537767885942045
1779789373.944673,10.0,10.0,7.997599083927424,0.1480689176151848,-0.03354022018078702,0.6911742945813649,0.048045145193382044,0.0017440854011468911,0.5537767885942045
1779789373.9546425,10.0,10.0,8.113354240993559,0.14806922448613113,-0.03358259724770069,0.6911670239484468,0.048045145193382044,0.0007012094011468982,0.5537767885942045
1779789373.9646475,10.0,10.0,8.21039239133187,0.14808316234962554,-0.03362046687784359,0.6911486865395857,0.048045145193382044,-0.000341186698853177,0.5537767885942045
1779789373.9747407,10.0,10.0,8.29242078929921,0.14810832049041894,-0.033657112456626656,0.6911073616117742,0.048045145193382044,-0.000341186698853177,0.5537767885942045
1779789373.9846933,10.0,10.0,8.383809419388669,0.14814222294927473,-0.03369995094836377,0.6910339050280158,0.048045145193382044,-0.0013830166988531324,0.5537767885942045
1779789373.9946952,10.0,10.0,8.471025554630973,0.14818811901020806,-0.03373548057304938,0.6909268329504128,0.048045145193382044,-0.0024325271988531703,0.5537767885942045
1779789374.004675,10.0,10.0,8.52203453863283,0.1482411321243292,-0.03376575721288105,0.6907948450309771,0.048045145193382044,-0.003463761298853049,0.5537767885942045
1779789374.014679,10.0,10.0,8.531455100627719,0.14830937801742713,-0.03379958788390375,0.6906317997246624,0.048045145193382044,-0.004488470098853035,0.5537767885942045
1779789374.0247247,10.0,10.0,8.520844388059736,0.14838825018130108,-0.03383546331101366,0.6904373334679779,0.048045145193382044,-0.0055411645988530855,0.5537767885942045
1779789374.0346868,10.0,10.0,8.483911294986894,0.14847831437610956,-0.03386746702514829,0.6902069224062459,0.048045145193382044,-0.006581767298853101,0.5537767885942045
1779789374.0446796,10.0,10.0,8.399451876999173,0.14856916642106674,-0.03389425016827142,0.6899515519102286,0.048045145193382044,-0.007654483498853124,0.5537767885942045
1779789374.0546725,10.0,10.0,8.2551211021523,0.14866246297642002,-0.03392031373274952,0.6896698343075506,0.048045145193382044,-0.00875689569885315,0.5537767885942045
1779789374.0646534,10.0,10.0,8.081367686799373,0.14875936668688028,-0.03394056165610269,0.6893800698667762,0.048045145193382044,-0.009793650198853086,0.5537767885942045
1779789374.0746653,10.0,10.0,7.883345792808987,0.14884999423462472,-0.03395921032798409,0.6890829214861356,0.048045145193382044,-0.01086443169885308,0.5537767885942045
1779789374.084664,10.0,10.0,7.668437135902814,0.14891681540753118,-0.03397725095003416,0.6887860341386515,0.048045145193382044,-0.011891582098853113,0.5537767885942045
1779789374.0946884,10.0,10.0,7.434127301452248,0.14894911889478946,-0.033991054031359894,0.688478835391297,0.048045145193382044,-0.012953427898853086,0.5537767885942045
1779789374.1047025,10.0,10.0,7.2130427114343885,0.14896173164300738,-0.03400401539631666,0.6881775885282025,0.048045145193382044,-0.013984210098853055,0.5537767885942045
1779789374.114709,10.0,10.0,7.006634538334841,0.14895893615281733,-0.034016053300355883,0.6878838258557838,0.048045145193382044,-0.015064056798853129,0.5537767885942045
1779789374.1246676,10.0,10.0,6.846516763609866,0.14893744962956285,-0.03402817435749734,0.6876035423985124,0.048045145193382044,-0.016100468598853133,0.5537767885942045
1779789374.134662,10.0,10.0,6.708566340802136,0.14890167871389678,-0.0340386013860216,0.6873546517328079,0.048045145193382044,-0.01717122409885311,0.5537767885942045
1779789374.1447062,10.0,10.0,6.579862985139794,0.14885091551362536,-0.03404946092326511,0.6871303864100758,0.048045145193382044,-0.018253175698853083,0.5537767885942045
1779789374.1546853,10.0,10.0,6.47472620872696,0.14879008208165284,-0.03406034427319435,0.6869380530723922,0.048045145193382044,-0.01929143909885317,0.5537767885942045
1779789374.1646843,10.0,10.0,6.399320360560775,0.148724415060762,-0.034072405906877455,0.686786373643873,0.048045145193382044,-0.020368061598853102,0.5537767885942045
1779789374.1746511,10.0,10.0,6.332310126653203,0.14864626838677875,-0.034083422326010276,0.6866711691981159,0.048045145193382044,-0.020368061598853102,0.5537767885942045
1779789374.184676,10.0,10.0,6.2555933064161175,0.14856077159205483,-0.034101829098759855,0.6865985206730373,0.048045145193382044,-0.021394010798853044,0.5537767885942045
1779789374.194716,10.0,10.0,6.2080243927269265,0.14846604186750365,-0.034127608036933946,0.6865582641394509,0.048045145193382044,-0.02248357769885304,0.5537767885942045
1779789374.2046733,10.0,10.0,6.202087777223234,0.1483621749833382,-0.034160582827919776,0.6865413953112349,0.048045145193382044,-0.02357531779885308,0.5537767885942045
1779789374.2147074,10.0,10.0,6.217756133427522,0.1482622128521047,-0.03420387933910685,0.6865296410548879,0.048045145193382044,-0.02465856779885319,0.5537767885942045
1779789374.2246482,10.0,10.0,6.265808827964947,0.14815810307630795,-0.03425612269658173,0.6865309458225038,0.048045145193382044,-0.025684648198853154,0.5537767885942045
1779789374.2346683,10.0,10.0,6.338387135882907,0.14804593941218677,-0.03431272155079658,0.6865473768929798,0.048045145193382044,-0.02676594359885319,0.5537767885942045
1779789374.2447062,10.0,10.0,6.464697339968288,0.1479387950805095,-0.03437579190016294,0.6865736653188741,0.048045145193382044,-0.027800178298853184,0.5537767885942045
1779789374.2547128,10.0,10.0,6.6598816796788585,0.1478434351623011,-0.03443814012680388,0.6866126370466904,0.048045145193382044,-0.02888293249885313,0.5537767885942045
1779789374.2647054,10.0,10.0,6.870941889374794,0.14775630527937206,-0.03450340789762528,0.6866566395487049,0.048045145193382044,-0.0299573538988532,0.5537767885942045
1779789374.2747412,10.0,10.0,7.0669962372845765,0.14767288954949828,-0.03456880906405214,0.6866981869191522,0.048045145193382044,-0.030984799798853168,0.5537767885942045
1779789374.2846303,10.0,10.0,7.258643854941363,0.14760199210793046,-0.0346413187124745,0.686724886446792,0.048045145193382044,-0.032028047498853185,0.5537767885942045
1779789374.2946596,10.0,10.0,7.4535105658127065,0.14753494587302907,-0.0347177686298898,0.6867469411098267,0.048045145193382044,-0.0330581183988531,0.5537767885942045
1779789374.304676,10.0,10.0,7.622897949352758,0.1474783309895085,-0.03480725325601128,0.6867626737174538,0.048045145193382044,-0.0340830786988531,0.5537767885942045
1779789374.314687,10.0,10.0,7.770693908514614,0.1474347557294837,-0.03490187006475959,0.6867771805860745,0.048045145193382044,-0.035125277498853205,0.5537767885942045
1779789374.324667,10.0,10.0,7.932037036997971,0.1474073425522932,-0.03499868098857212,0.6867821867379902,0.048045145193382044,-0.036147598798853174,0.5537767885942045
1779789374.334683,10.0,10.0,8.077261300091612,0.1473940988230906,-0.03509855598507697,0.6867773267274823,0.048045145193382044,-0.03718394549885312,0.5537767885942045
1779789374.3446822,10.0,10.0,8.208937370260353,0.1473980804749282,-0.03520035043011982,0.6867656579036735,0.048045145193382044,-0.03821109689885306,0.5537767885942045
1779789374.3546615,10.0,10.0,8.337382909845036,0.14742521628530902,-0.03531020727908859,0.6867362731076314,0.048045145193382044,-0.03925575629885317,0.5537767885942045
1779789374.3646634,10.0,10.0,8.453405072569092,0.14746507740947695,-0.035424371053321975,0.6866760491860345,0.048045145193382044,-0.040360653098853075,0.5537767885942045
1779789374.3746629,10.0,10.0,8.53455634082905,0.14751082458776163,-0.035538922125439,0.6865901635378915,0.048045145193382044,-0.040360653098853075,0.5537767885942045
1779789374.3846643,10.0,10.0,8.58768912719109,0.147568670098572,-0.035653861040635455,0.6864698696283001,0.048045145193382044,-0.04138557629885303,0.5537767885942045
1779789374.3947296,10.0,10.0,8.625925270571582,0.1476366136388048,-0.0357707185597592,0.6863159400442101,0.048045145193382044,-0.042462871098853175,0.5537767885942045
1779789374.4046636,10.0,10.0,8.628242499117999,0.14771337761003198,-0.03589086687888634,0.686129100974668,0.048045145193382044,-0.04349171669885313,0.5537767885942045
1779789374.4146926,10.0,10.0,8.589903335229465,0.1478008012463985,-0.036016635018010015,0.6859170112125016,0.048045145193382044,-0.044561796998853195,0.5537767885942045
1779789374.4246867,10.0,10.0,8.495542448079755,0.1478958007542393,-0.03613627622639393,0.6856802323370987,0.048045145193382044,-0.045598278998853145,0.5537767885942045
1779789374.434736,10.0,10.0,8.367582878622196,0.14800151330503425,-0.03625832651204536,0.6854210650458251,0.048045145193382044,-0.04665227589885314,0.5537767885942045
1779789374.44465,10.0,10.0,8.210048819568394,0.14810471113106558,-0.03638032534334392,0.6851611269303535,0.048045145193382044,-0.04768148819885307,0.5537767885942045
1779789374.4546468,10.0,10.0,8.011091012125979,0.1482109026732155,-0.03650392210484766,0.6849044265627159,0.048045145193382044,-0.04874699379885315,0.5537767885942045
1779789374.464644,10.0,10.0,7.81649100003118,0.14831008094284387,-0.03663171410598151,0.6846472962581863,0.048045145193382044,-0.04977463619885304,0.5537767885942045
1779789374.474695,10.0,10.0,7.602921002789072,0.14839217438226335,-0.036765129719061575,0.6844025924940793,0.048045145193382044,-0.050797398298853075,0.5537767885942045
1779789374.484642,10.0,10.0,7.372402806919337,0.14844409997014732,-0.03690557688338767,0.6841689268667763,0.048045145193382044,-0.05186007359885311,0.5537767885942045
1779789374.494649,10.0,10.0,7.140222635172298,0.14845437888818083,-0.03705937292687226,0.6839413896907065,0.048045145193382044,-0.052898719698853056,0.5537767885942045
1779789374.5046723,10.0,10.0,6.9028505314111035,0.14843218427605642,-0.037222939293524326,0.6837418928051293,0.048045145193382044,-0.053975390298853065,0.5537767885942045
1779789374.514657,10.0,10.0,6.68327319482036,0.14839233149932027,-0.03739155951016852,0.683567993323543,0.048045145193382044,-0.05502164969885305,0.5537767885942045
1779789374.5246832,10.0,10.0,6.497712296683687,0.14833127310539188,-0.037567674156377996,0.6834220225723113,0.048045145193382044,-0.056051366998853186,0.5537767885942045
1779789374.5346425,10.0,10.0,6.340862161088762,0.14825797474904573,-0.03774510733389992,0.683308851671219,0.048045145193382044,-0.05707626309885304,0.5537767885942045
1779789374.54472,10.0,10.0,6.206308586687614,0.14817244302390356,-0.03792155903186309,0.6832220571740878,0.048045145193382044,-0.05811525479885317,0.5537767885942045
1779789374.5547264,10.0,10.0,6.11598228609672,0.14808471612220495,-0.038095204060309154,0.6831531498476094,0.048045145193382044,-0.05916572609885312,0.5537767885942045
1779789374.564655,10.0,10.0,6.038859211568472,0.147991707923922,-0.03827120872932299,0.6830907359904709,0.048045145193382044,-0.06019508769885315,0.5537767885942045
1779789374.5746737,10.0,10.0,5.974368063415849,0.14787535382210945,-0.03844939703765489,0.6830369830676772,0.048045145193382044,-0.06122640699885315,0.5537767885942045
1779789374.5846462,10.0,10.0,5.937406330569071,0.14775171506053628,-0.03863183203802006,0.6829930244352139,0.048045145193382044,-0.06229614659885309,0.5537767885942045
1779789374.5946605,10.0,10.0,5.97626860677566,0.14761827673922528,-0.03881500617792479,0.6829652298907108,0.048045145193382044,-0.06334284079885316,0.5537767885942045
1779789374.6046286,10.0,10.0,6.0525161941450385,0.14747423140482302,-0.0390057229201352,0.6829542826242219,0.048045145193382044,-0.06334284079885316,0.5537767885942045
1779789374.6146803,10.0,10.0,6.165734828746423,0.14732402586404544,-0.03920048457153123,0.6829622591393919,0.048045145193382044,-0.06437107919885315,0.5537767885942045
1779789374.6246576,10.0,10.0,6.318196045117856,0.14718268031057608,-0.03940802939489476,0.682987749602459,0.048045145193382044,-0.06540056399885306,0.5537767885942045
1779789374.6346693,10.0,10.0,6.5136342921443084,0.14706032872446795,-0.039626628718343646,0.683026998109876,0.048045145193382044,-0.0664490515988532,0.5537767885942045
1779789374.6446452,10.0,10.0,6.73054480894856,0.14696024433845198,-0.03985117767968386,0.683071727366381,0.048045145193382044,-0.06747552769885304,0.5537767885942045
1779789374.6546643,10.0,10.0,6.950146537965906,0.14687010602830403,-0.04007345210038947,0.6831195358861252,0.048045145193382044,-0.0685026259988532,0.5537767885942045
1779789374.6646574,10.0,10.0,7.164548095607041,0.14678599007098042,-0.04030455562305258,0.6831545830345188,0.048045145193382044,-0.06958882459885304,0.5537767885942045
1779789374.67467,10.0,10.0,7.39191763527933,0.14671159489238775,-0.040543137114778874,0.6831711642753611,0.048045145193382044,-0.07062689059885313,0.5537767885942045
1779789374.6847045,10.0,10.0,7.612152949316844,0.14664030444846804,-0.040778640647303126,0.6831814794514965,0.048045145193382044,-0.07171188489885315,0.5537767885942045
1779789374.694652,10.0,10.0,7.778249273279808,0.14658330990968707,-0.0410147256393572,0.6831870694411543,0.048045145193382044,-0.07275441029885309,0.5537767885942045
1779789374.7046714,10.0,10.0,7.918092504498425,0.14654030124834172,-0.04126468814380634,0.6831840002267645,0.048045145193382044,-0.07378532479885316,0.5537767885942045
1779789374.7146685,10.0,10.0,8.044603923718997,0.14650942477320017,-0.041517403069720765,0.6831767592680265,0.048045145193382044,-0.07487141919885308,0.5537767885942045
1779789374.7246864,10.0,10.0,8.162198656667275,0.1465007595634843,-0.04176594736863279,0.6831603117997461,0.048045145193382044,-0.07589928689885313,0.5537767885942045
1779789374.7347374,10.0,10.0,8.274904603159024,0.14650680956139384,-0.04201951506567106,0.6831329543894088,0.048045145193382044,-0.07701944149885319,0.5537767885942045
1779789374.7447026,10.0,10.0,8.382428476955509,0.14653868600084427,-0.042272274943109416,0.6830916401453488,0.048045145193382044,-0.07806930869885308,0.5537767885942045
1779789374.7546778,10.0,10.0,8.484443125492161,0.14659374120286045,-0.04252380819988111,0.68303886084467,0.048045145193382044,-0.07909698509885311,0.5537767885942045
1779789374.7646818,10.0,10.0,8.563706571474434,0.14666203758870014,-0.042775288466496184,0.6829690930678541,0.048045145193382044,-0.08014159839885314,0.5537767885942045
1779789374.7746458,10.0,10.0,8.572622905550842,0.14673906966980924,-0.04302839681477008,0.6828714639597305,0.048045145193382044,-0.08116896319885315,0.5537767885942045
1779789374.784668,10.0,10.0,8.519920650238861,0.14682782172967337,-0.043283341531920656,0.6827416584415538,0.048045145193382044,-0.08221388099885314,0.5537767885942045
1779789374.7946675,10.0,10.0,8.44998007942077,0.14692257913538304,-0.04354786624903738,0.682584295270968,0.048045145193382044,-0.08325154019885316,0.5537767885942045
1779789374.8047388,10.0,10.0,8.338555031524468,0.14702556989688045,-0.043826988569707855,0.6824050423014102,0.048045145193382044,-0.0842779852988531,0.5537767885942045
1779789374.8147182,10.0,10.0,8.177631067002872,0.147127596744248,-0.04410161622997499,0.682216687005851,0.048045145193382044,-0.08530629289885312,0.5537767885942045
1779789374.8246956,10.0,10.0,7.983612324489916,0.14723007186921455,-0.04437085795804277,0.6820346942283595,0.048045145193382044,-0.08530629289885312,0.5537767885942045
1779789374.8346934,10.0,10.0,7.752034353970683,0.1473170463772368,-0.04464274705459717,0.6818547218273158,0.048045145193382044,-0.08639024729885308,0.5537767885942045
1779789374.844685,10.0,10.0,7.499456812765919,0.14737190451912588,-0.04492468053953205,0.6816685750661841,0.048045145193382044,-0.08747918199885317,0.5537767885942045
1779789374.85467,10.0,10.0,7.2520663218106565,0.14739573540429096,-0.04521333326416404,0.6814810881900139,0.048045145193382044,-0.08854053079885306,0.5537767885942045
1779789374.864672,10.0,10.0,7.0083529574594365,0.14738932221119314,-0.04550873756202352,0.6813034797385785,0.048045145193382044,-0.08959465999885316,0.5537767885942045
1779789374.8746612,10.0,10.0,6.7744753289199116,0.14736277790488192,-0.04580672955317145,0.6811407511900698,0.048045145193382044,-0.09063847079885304,0.5537767885942045
1779789374.8847194,10.0,10.0,6.563438917100494,0.1473239051190867,-0.04610800519605622,0.6810033509180315,0.048045145193382044,-0.09174303699885313,0.5537767885942045
1779789374.8946753,10.0,10.0,6.386017281440537,0.14726344983494186,-0.04640933622451019,0.6808805447957289,0.048045145193382044,-0.0927897311988532,0.5537767885942045
1779789374.9046755,10.0,10.0,6.237418646192198,0.14720033955274414,-0.046704760997013074,0.6807712905230542,0.048045145193382044,-0.0938717559988532,0.5537767885942045
1779789374.9147305,10.0,10.0,6.1188076999220335,0.1471143340621377,-0.04699927106336454,0.6806655788815659,0.048045145193382044,-0.09494022519885317,0.5537767885942045
1779789374.9246736,10.0,10.0,6.021746695017158,0.1470129522101515,-0.047293308048195294,0.68056817059475,0.048045145193382044,-0.0959751020988532,0.5537767885942045
1779789374.934653,10.0,10.0,5.95992577119519,0.14689697909518107,-0.04759976249319692,0.6804810530698963,0.048045145193382044,-0.09701694619885307,0.5537767885942045
1779789374.9447367,10.0,10.0,5.927258477528439,0.14676195323395486,-0.04791094148515153,0.6804035644960903,0.048045145193382044,-0.09807017469885307,0.5537767885942045
1779789374.9547737,10.0,10.0,5.922648133139667,0.14661885586237802,-0.048222229980530364,0.6803389462236089,0.048045145193382044,-0.09913063079885318,0.5537767885942045
1779789374.9647133,10.0,10.0,5.9548026801569405,0.14647009964889782,-0.04853300409475788,0.6802927282212277,0.048045145193382044,-0.10017935589885306,0.5537767885942045
1779789374.974688,10.0,10.0,6.015855468223116,0.14631554598887458,-0.048849390918843605,0.6802627640682918,0.048045145193382044,-0.10123414329885308,0.5537767885942045
1779789374.9847455,10.0,10.0,6.100690725721289,0.14616145140407277,-0.049180522355313616,0.6802565614185195,0.048045145193382044,-0.10228992869885309,0.5537767885942045
1779789374.9946778,10.0,10.0,6.239823663984247,0.14601888522492582,-0.04951916188753114,0.6802698144035857,0.048045145193382044,-0.10228992869885309,0.5537767885942045
1779789375.0046575,10.0,10.0,6.421043674758042,0.14589574207064182,-0.04987249488119527,0.6802971806872926,0.048045145193382044,-0.10336953789885304,0.5537767885942045
1779789375.0146508,10.0,10.0,6.6228914608439755,0.14577238602123666,-0.050224914727374254,0.6803370746300687,0.048045145193382044,-0.10446361029885315,0.5537767885942045
1779789375.0246575,10.0,10.0,6.792967919170182,0.14566454631629777,-0.05057647600039813,0.6803774574536676,0.048045145193382044,-0.10549420319885308,0.5537767885942045
1779789375.03473,10.0,10.0,6.96984416405241,0.1455626039949704,-0.05093824831981992,0.6804080215584168,0.048045145193382044,-0.10654407039885315,0.5537767885942045
1779789375.0446787,10.0,10.0,7.159164069153906,0.1454666536195774,-0.051309324267528905,0.6804241665995864,0.048045145193382044,-0.10760540719885311,0.5537767885942045
1779789375.0547078,10.0,10.0,7.335096266501731,0.14537802636811137,-0.05168555822398218,0.6804282673954223,0.048045145193382044,-0.10868291249885308,0.5537767885942045
1779789375.06464,10.0,10.0,7.502861472896314,0.14529781930061067,-0.05205411782869228,0.6804187514068022,0.048045145193382044,-0.10976167909885313,0.5537767885942045
1779789375.074645,10.0,10.0,7.6531676401527955,0.1452345270375563,-0.052427904213386466,0.6804053673953474,0.048045145193382044,-0.11080554899885312,0.5537767885942045
1779789375.084684,10.0,10.0,7.784581332836685,0.14518743526251857,-0.05281233961728585,0.6803853546197375,0.048045145193382044,-0.11186587289885311,0.5537767885942045
1779789375.0946689,10.0,10.0,7.90233290384025,0.14516465424430244,-0.05319903127481471,0.680353826604001,0.048559021593382184,-0.11240841199885304,0.5537767885942045
1779789375.1048899,10.0,10.0,8.028070974030216,0.14516051068736252,-0.05358876422107352,0.6803107452776967,0.049624603393382205,-0.11240841199885304,0.5537767885942045
1779789375.114663,10.0,10.0,8.13471414226689,0.1451758538079526,-0.05397974960348535,0.6802559285235674,0.05067550259338202,-0.11240841199885304,0.5537767885942045
1779789375.1246526,10.0,10.0,8.215286959386937,0.14521190301909062,-0.054364313308946144,0.6801929316966424,0.051734923793382126,-0.11240841199885304,0.5537767885942045
1779789375.1346655,10.0,10.0,8.2714870331045,0.14526507954215298,-0.054744867219219104,0.6801202808831451,0.052824556893382085,-0.11240841199885304,0.5537767885942045
1779789375.1446893,10.0,10.0,8.284889700962898,0.14533556292556737,-0.05511999701375814,0.6800353127453587,0.053903210293382214,-0.11240841199885304,0.5537767885942045
1779789375.1546805,10.0,10.0,8.26573066070824,0.14542752501411868,-0.05549593969007137,0.6799257215681347,0.05494503439338219,-0.11240841199885304,0.5537767885942045
1779789375.1646726,10.0,10.0,8.217465262305502,0.14552230455979048,-0.05586635142878128,0.6797860304322109,0.055996135893382065,-0.11240841199885304,0.5537767885942045
1779789375.1746619,10.0,10.0,8.099820004078214,0.1456261096017747,-0.056219102853922,0.6796245688976408,0.055996135893382065,-0.11240841199885304,0.5537767885942045
1779789375.18471,10.0,10.0,7.928912336649462,0.14572913050447503,-0.056569630948083954,0.6794513272125778,0.05702489839338207,-0.11240841199885304,0.5537767885942045
1779789375.1947277,10.0,10.0,7.711813481933359,0.14583434568253864,-0.0569234800618314,0.6792681975043785,0.058145896493382115,-0.11240841199885304,0.5537767885942045
1779789375.204675,10.0,10.0,7.490342019731965,0.1459262362257626,-0.057280539303802946,0.6790878342712293,0.05920304639338206,-0.11240841199885304,0.5537767885942045
1779789375.214673,10.0,10.0,7.249445043463725,0.1459690228982027,-0.05762499460413336,0.6789037883713337,0.06023276769338218,-0.11240841199885304,0.5537767885942045
1779789375.2246845,10.0,10.0,6.972055298410175,0.1459792951965264,-0.05795570314115876,0.6787297467645389,0.06126621399338211,-0.11240841199885304,0.5537767885942045
1779789375.2347102,10.0,10.0,6.695696159371325,0.14596831845397804,-0.05829526586660491,0.6785667767062538,0.06231059889338206,-0.11240841199885304,0.5537767885942045
1779789375.244683,10.0,10.0,6.467383788157566,0.14595145219325054,-0.05864821382211589,0.6784178697366228,0.06335319939338219,-0.11240841199885304,0.5537767885942045
1779789375.2546494,10.0,10.0,6.278621135030358,0.14592160599307438,-0.05900291526166441,0.6782849535653943,0.0644215754933821,-0.11240841199885304,0.5537767885942045
1779789375.2646496,10.0,10.0,6.120544136940824,0.14588316501810428,-0.05933422686388037,0.6781623070869351,0.06549722319338222,-0.11240841199885304,0.5537767885942045
1779789375.2746766,10.0,10.0,5.968810604145642,0.14582115809655558,-0.059659922920552326,0.6780478251456546,0.06653083679338215,-0.11240841199885304,0.5537767885942045
1779789375.2846768,10.0,10.0,5.836319956856095,0.14573102104793068,-0.059987642258556455,0.6779324204629401,0.06759645569338221,-0.11240841199885304,0.5537767885942045
1779789375.2947083,10.0,10.0,5.73614613984093,0.1456278961502419,-0.06032103604761213,0.6778247750620043,0.06863299579338217,-0.11240841199885304,0.5537767885942045
1779789375.3046887,10.0,10.0,5.677499715426788,0.1455018461474712,-0.060640797798262994,0.6777297476808546,0.06968544179338207,-0.11240841199885304,0.5537767885942045
1779789375.3146327,10.0,10.0,5.6326119054464145,0.1453591542861788,-0.060967913958020266,0.6776535627088557,0.07071466719338221,-0.11240841199885304,0.5537767885942045
1779789375.3246639,10.0,10.0,5.588460278394731,0.1452095816017646,-0.06130299700689854,0.6775924890835001,0.07179985189338217,-0.11240841199885304,0.5537767885942045
1779789375.3347082,10.0,10.0,5.5764544104957,0.14504814999042775,-0.06164696133267898,0.6775518184365417,0.07282933969338215,-0.11240841199885304,0.5537767885942045
1779789375.344705,10.0,10.0,5.612072356975865,0.14487688573868157,-0.06199981534000138,0.6775358712227322,0.07390307089338213,-0.11240841199885304,0.5537767885942045
1779789375.3546188,10.0,10.0,5.686786315318206,0.14469870804535473,-0.06235262543894511,0.6775405753856218,0.07495079599338209,-0.11240841199885304,0.5537767885942045
1779789375.3646338,10.0,10.0,5.7975014107906535,0.14451181550711897,-0.06270427765471559,0.6775726232617201,0.07495079599338209,-0.11240841199885304,0.5537767885942045
1779789375.3746724,10.0,10.0,5.950774190784507,0.14432806636173498,-0.06306556802675511,0.6776284511578481,0.07600226529338219,-0.11240841199885304,0.5537767885942045
1779789375.3846436,10.0,10.0,6.167118823387587,0.14416626438002114,-0.06343404222015715,0.6776970268968837,0.07703652509338213,-0.11240841199885304,0.5537767885942045
1779789375.3946795,10.0,10.0,6.40322885321938,0.14400841691700195,-0.06380784161763751,0.6777739482550935,0.07809629189338221,-0.11240841199885304,0.5537767885942045
1779789375.4046657,10.0,10.0,6.636828573467075,0.14384459991136114,-0.06417909932319049,0.677848971942378,0.07913065989338222,-0.11240841199885304,0.5537767885942045
1779789375.4146593,10.0,10.0,6.866019361964585,0.14368097848132183,-0.0645574934927158,0.6779149566346507,0.08021004569338216,-0.11240841199885304,0.5537767885942045
1779789375.4246612,10.0,10.0,7.088322288222842,0.14351969439099363,-0.06494595422202945,0.6779678245526404,0.08127971219338209,-0.11240841199885304,0.5537767885942045
1779789375.4346821,10.0,10.0,7.312787536932761,0.14337504798264175,-0.06533062082280083,0.6780067149900819,0.08231227479338213,-0.11240841199885304,0.5537767885942045
1779789375.4447129,10.0,10.0,7.559257957996108,0.14324249965370878,-0.06571451292832765,0.6780264976160524,0.08334396979338213,-0.11240841199885304,0.5537767885942045
1779789375.4546547,10.0,10.0,7.789735933045796,0.14312757286213298,-0.06610228076143267,0.6780285757601877,0.08439446819338217,-0.11240841199885304,0.5537767885942045
1779789375.4647243,10.0,10.0,7.985071501227456,0.14303604011476934,-0.06649283947392651,0.6780233865310227,0.08542614419338221,-0.11240841199885304,0.5537767885942045
1779789375.4747198,10.0,10.0,8.175281670945292,0.14297118363749997,-0.0668862675805208,0.6780135370769855,0.08648365279338213,-0.11240841199885304,0.5537767885942045
1779789375.4846866,10.0,10.0,8.377604328266521,0.142938538650222,-0.06727263461172116,0.6779937870643791,0.08752063169338217,-0.11240841199885304,0.5537767885942045
1779789375.494664,10.0,10.0,8.556989521037588,0.14293040234031537,-0.06766218547565453,0.6779645690461481,0.08861478729338204,-0.11240841199885304,0.5537767885942045
1779789375.5046356,10.0,10.0,8.690750781933312,0.14294980653935446,-0.06804956826602052,0.677914801390227,0.08966109279338211,-0.11240841199885304,0.5537767885942045
1779789375.514647,10.0,10.0,8.813039135514886,0.14297705788998658,-0.06842134462566551,0.6778467234378187,0.09069825009338217,-0.11240841199885304,0.5537767885942045
1779789375.5246713,10.0,10.0,8.891776304146761,0.1430255178949227,-0.06878786099056497,0.6777593700705511,0.09172655369338203,-0.11240841199885304,0.5537767885942045
1779789375.5347235,10.0,10.0,8.929002458352262,0.14309589650130403,-0.06914284615370836,0.6776561936363512,0.09280745429338211,-0.11240841199885304,0.5537767885942045
1779789375.5446706,10.0,10.0,8.926736737589538,0.14318302969167027,-0.06949395146774211,0.6775329106194743,0.09383368199338218,-0.11240841199885304,0.5537767885942045
1779789375.5546508,10.0,10.0,8.870160572752672,0.14328651702469922,-0.06983541148397392,0.6773784679855568,0.0949378674933822,-0.11240841199885304,0.5537767885942045
1779789375.564644,10.0,10.0,8.786199559829498,0.14339143282720115,-0.07016541301873638,0.677187546947647,0.09598425409338221,-0.11240841199885304,0.5537767885942045
1779789375.5746386,10.0,10.0,8.6501614637665,0.14350060986084986,-0.0704824408754062,0.6769651055572793,0.09598425409338221,-0.11240841199885304,0.5537767885942045
1779789375.5847466,10.0,10.0,8.467528736841851,0.14360801583773208,-0.07078308382916174,0.6767272587458799,0.09701826149338205,-0.11240841199885304,0.5537767885942045
1779789375.5946596,10.0,10.0,8.24147927517171,0.14372213813372678,-0.07108440765647162,0.6764867776830764,0.09812095419338221,-0.11240841199885304,0.5537767885942045
1779789375.6046424,10.0,10.0,7.9946126452636435,0.14383208847870696,-0.07138426260995163,0.6762459418288352,0.09919681429338212,-0.11240841199885304,0.5537767885942045
1779789375.6146576,10.0,10.0,7.735332816122623,0.14392731649769802,-0.07167699107442128,0.6760194760075195,0.10022825679338218,-0.11240841199885304,0.5537767885942045
1779789375.62467,10.0,10.0,7.463343518457318,0.1439977767338834,-0.07196227072609551,0.6757990306303844,0.10130908639338204,-0.11240841199885304,0.5537767885942045
1779789375.6346858,10.0,10.0,7.1853528559761735,0.1440321686767362,-0.07224201833278567,0.6755920377055687,0.10238127959338214,-0.11240841199885304,0.5537767885942045
1779789375.6446824,10.0,10.0,6.902075337715411,0.144049788446911,-0.07253250300899237,0.6754068928592042,0.10345921269338215,-0.11240841199885304,0.5537767885942045
1779789375.6546597,10.0,10.0,6.6413416525730105,0.14405501851738461,-0.07281335641746416,0.6752497774746961,0.10449385519338214,-0.11240841199885304,0.5537767885942045
1779789375.664663,10.0,10.0,6.39973817063354,0.14404060253575826,-0.07308973203745202,0.6751268520068182,0.10553797859338213,-0.11240841199885304,0.5537767885942045
1779789375.6746697,10.0,10.0,6.175297418709242,0.14400833511003405,-0.073361019567351,0.6750242826782391,0.1066007871933822,-0.11240841199885304,0.5537767885942045
1779789375.6847243,10.0,10.0,5.972230268231831,0.14395972637962748,-0.07363005475638994,0.6749270277880047,0.10764114649338213,-0.11240841199885304,0.5537767885942045
1779789375.6946764,10.0,10.0,5.796739407085672,0.14389013450539007,-0.07390112844803143,0.6748267946487945,0.10868420279338212,-0.11240841199885304,0.5537767885942045
1779789375.704656,10.0,10.0,5.6391710653939455,0.14380274855298728,-0.07415747997860649,0.6747398285114331,0.10971888549338207,-0.11240841199885304,0.5537767885942045
1779789375.7146714,10.0,10.0,5.519706153444986,0.1436987585763057,-0.0744038322492359,0.6746651572251239,0.11078855999338214,-0.11240841199885304,0.5537767885942045
1779789375.7247138,10.0,10.0,5.454453395215205,0.14357350755758633,-0.07465025881783224,0.6746075222187159,0.11183764469338212,-0.11240841199885304,0.5537767885942045
1779789375.73465,10.0,10.0,5.420579165972131,0.14344501663189851,-0.07490286618673345,0.6745745561736234,0.11287950479338207,-0.11240841199885304,0.5537767885942045
1779789375.7446635,10.0,10.0,5.424070318650873,0.14331464845999953,-0.0751495259700794,0.6745722221560768,0.11395463659338212,-0.11240841199885304,0.5537767885942045
1779789375.7546527,10.0,10.0,5.468298878383313,0.14317534755293707,-0.07539435395066231,0.6746020088469489,0.11498802179338216,-0.11240841199885304,0.5537767885942045
1779789375.764756,10.0,10.0,5.5327224641620365,0.14302880362964274,-0.07564191764324314,0.6746627682372647,0.11498802179338216,-0.11240841199885304,0.5537767885942045
1779789375.7746315,10.0,10.0,5.647273707090156,0.14287314246828317,-0.07588987509688973,0.6747464664461514,0.11603147089338214,-0.11240841199885304,0.5537767885942045
1779789375.7846332,10.0,10.0,5.7928780154685615,0.14272091271429593,-0.07614093851906492,0.6748614029591753,0.1170816987933822,-0.11240841199885304,0.5537767885942045
1779789375.79473,10.0,10.0,5.980293232091327,0.14257748255810354,-0.07639598011948054,0.6749843277875629,0.1181192106933821,-0.11240841199885304,0.5537767885942045
1779789375.8046336,10.0,10.0,6.197004670066285,0.1424232349734171,-0.0766593853627858,0.6751192791141948,0.11917515839338222,-0.11240841199885304,0.5537767885942045
1779789375.8147163,10.0,10.0,6.413893070428458,0.14226541172907353,-0.07692570489498601,0.675256578622307,0.12020879799338216,-0.11240841199885304,0.5537767885942045
1779789375.8246355,10.0,10.0,6.629595916525846,0.1421116513315888,-0.07718840071515026,0.6753847936926245,0.12125573569338213,-0.11240841199885304,0.5537767885942045
1779789375.834725,10.0,10.0,6.865050501683829,0.14196277074016345,-0.07745142566469272,0.6755051235109266,0.12229609799338217,-0.11240841199885304,0.5537767885942045
1779789375.8446724,10.0,10.0,7.09524539810633,0.1418328855354306,-0.07771807638092952,0.6756122278829305,0.12332547159338211,-0.11240841199885304,0.5537767885942045
1779789375.8546283,10.0,10.0,7.337555692690713,0.1417208538003129,-0.0779847690747377,0.6757048044596322,0.12439676319338222,-0.11240841199885304,0.5537767885942045
1779789375.8646815,10.0,10.0,7.573878476233022,0.14163701109543872,-0.07825435999440374,0.6757779834774911,0.12543861829338213,-0.11240841199885304,0.5537767885942045
1779789375.8746214,10.0,10.0,7.805821804829224,0.14157888115424147,-0.07852385232708349,0.6758266109128604,0.12649141799338218,-0.11240841199885304,0.5537767885942045
1779789375.8846302,10.0,10.0,8.039914846586454,0.1415471374316611,-0.07878990104243278,0.6758500797032013,0.12751721089338214,-0.11240841199885304,0.5537767885942045
1779789375.8946831,10.0,10.0,8.256655185075434,0.141519727396979,-0.07905554665257715,0.6758556990691801,0.12856847269338215,-0.11240841199885304,0.5537767885942045
1779789375.904674,10.0,10.0,8.453385282698774,0.14151200754886945,-0.07931462997513765,0.6758463458071654,0.1296214056933822,-0.11240841199885304,0.5537767885942045
1779789375.9146433,10.0,10.0,8.634038931876171,0.14151355590844772,-0.07957805135470378,0.6758193047397197,0.1306805563933821,-0.11240841199885304,0.5537767885942045
1779789375.9246774,10.0,10.0,8.78924861027562,0.1415409101679415,-0.07984326705466414,0.675777245221,0.13171030569338207,-0.11240841199885304,0.5537767885942045
1779789375.9346707,10.0,10.0,8.911095844823107,0.14158756798650624,-0.08010489199592917,0.6757224357373215,0.13273381829338218,-0.11240841199885304,0.5537767885942045
1779789375.9447026,10.0,10.0,8.978083692250623,0.14165399379525903,-0.08036294696941007,0.6756540632930426,0.13378162859338208,-0.11240841199885304,0.5537767885942045
1779789375.9546547,10.0,10.0,8.994654361408147,0.14172913982993082,-0.08062262528730837,0.6755628065940676,0.13481062849338218,-0.11240841199885304,0.5537767885942045
1779789375.964672,10.0,10.0,8.949525688778024,0.14180575326160869,-0.08086990885006294,0.6754469706246473,0.1359149822933821,-0.11240841199885304,0.5537767885942045
1779789375.9746425,10.0,10.0,8.857421798627945,0.14189016382356823,-0.08110618122517864,0.6753053409128046,0.13699985439338214,-0.11240841199885304,0.5537767885942045
1779789375.9846497,10.0,10.0,8.737850395056943,0.14197906885889175,-0.08133627311719152,0.6751333348482101,0.13699985439338214,-0.11240841199885304,0.5537767885942045
1779789375.9946387,10.0,10.0,8.60294455759732,0.1420626330072706,-0.08155741987443023,0.6749397033342763,0.13802539879338216,-0.11240841199885304,0.5537767885942045
1779789376.0046372,10.0,10.0,8.429227896114242,0.14215029105585464,-0.08177204280527897,0.6747319813408645,0.1390888716933821,-0.11240841199885304,0.5537767885942045
1779789376.014653,10.0,10.0,8.23499841876778,0.1422373580137671,-0.08197566420612115,0.67452814785064,0.14011718029338222,-0.11240841199885304,0.5537767885942045
1779789376.0246258,10.0,10.0,8.011897391212104,0.14231769586559764,-0.08218205048192345,0.6743364045533861,0.14117353469338223,-0.11240841199885304,0.5537767885942045
1779789376.0346713,10.0,10.0,7.773242166583218,0.14238552638363194,-0.08237988667452892,0.674154653115299,0.14221951459338217,-0.11240841199885304,0.5537767885942045
1779789376.044658,10.0,10.0,7.535119138855724,0.1424314128461693,-0.08257254432174696,0.6739927866921005,0.1432633324933821,-0.11240841199885304,0.5537767885942045
1779789376.0547159,10.0,10.0,7.287842845892295,0.14244926108558528,-0.08276878874165476,0.6738566558281937,0.14430062099338217,-0.11240841199885304,0.5537767885942045
1779789376.064654,10.0,10.0,7.0439294036216875,0.14245279385969042,-0.08296867481548117,0.6737505045360159,0.14540803359338206,-0.11240841199885304,0.5537767885942045
1779789376.0746853,10.0,10.0,6.809119158011489,0.14244666850635035,-0.08316803447961184,0.6736781403129515,0.14643474019338212,-0.11240841199885304,0.5537767885942045
1779789376.0846896,10.0,10.0,6.589448509768102,0.1424470248772391,-0.08335926261744585,0.6736310031536594,0.14747433809338215,-0.11240841199885304,0.5537767885942045
1779789376.0946424,10.0,10.0,6.400894489195875,0.14243916904965628,-0.08354487076321425,0.673595182310924,0.14851382179338213,-0.11240841199885304,0.5537767885942045
1779789376.1046398,10.0,10.0,6.240604030623516,0.14241362540214333,-0.08372648375825843,0.6735688895804072,0.14959777819338207,-0.11240841199885304,0.5537767885942045
1779789376.1146889,10.0,10.0,6.092872348736059,0.1423698899523853,-0.08389916663042042,0.6735586404252513,0.15065884749338207,-0.11240841199885304,0.5537767885942045
1779789376.1246743,10.0,10.0,5.966242079278917,0.1423186988496687,-0.08406888473022386,0.6735675999203785,0.15169177879338205,-0.11240841199885304,0.5537767885942045
1779789376.1346498,10.0,10.0,5.8934957767264,0.1422538949308851,-0.084247267339473,0.6736010137077992,0.1527213327933822,-0.11240841199885304,0.5537767885942045
1779789376.1446874,10.0,10.0,5.827699471652198,0.14217439509029514,-0.08443131155079411,0.6736550761781893,0.15379779209338215,-0.11240841199885304,0.5537767885942045
1779789376.1546817,10.0,10.0,5.774674878460388,0.14207649053512472,-0.08462041745872004,0.6737393154882925,0.15482880389338208,-0.11240841199885304,0.5537767885942045
1779789376.1647089,10.0,10.0,5.767832251010505,0.1419760739679645,-0.08481341116390455,0.6738544820927515,0.15592430099338214,-0.11240841199885304,0.5537767885942045
1779789376.1746702,10.0,10.0,5.805769788594105,0.14186724469483708,-0.08502658220405719,0.6739997947024913,0.1569810341933822,-0.11240841199885304,0.5537767885942045
1779789376.1846273,10.0,10.0,5.887320698921836,0.14175313070203557,-0.08524481575667911,0.6741768149728351,0.1569810341933822,-0.11240841199885304,0.5537767885942045
1779789376.194641,10.0,10.0,5.997087025139214,0.14162531892337754,-0.08546958200519095,0.6743924726457975,0.15801643109338206,-0.11240841199885304,0.5537767885942045
1779789376.2046928,10.0,10.0,6.139743883655506,0.14149127413903054,-0.08570339198906135,0.6746265616009489,0.15909382619338217,-0.11240841199885304,0.5537767885942045
1779789376.2146583,10.0,10.0,6.323608648598679,0.14135278695248354,-0.08593835701048173,0.6748714706779522,0.16012061199338204,-0.11240841199885304,0.5537767885942045
1779789376.224624,10.0,10.0,6.523956257227734,0.14121268405289847,-0.08618737329940757,0.6751376285378067,0.16116312029338217,-0.11240841199885304,0.5537767885942045
1779789376.2346475,10.0,10.0,6.734757068963698,0.14108318059411012,-0.08644086096359231,0.6753969156785381,0.16219844219338206,-0.11240841199885304,0.5537767885942045
1779789376.2446287,10.0,10.0,6.970502536046107,0.1409674868118007,-0.08669353560054092,0.6756634357259179,0.16322420699338222,-0.11240841199885304,0.5537767885942045
1779789376.254633,10.0,10.0,7.210436875397682,0.14088401451182805,-0.08694360154204873,0.6759214603165057,0.16429752339338213,-0.11240841199885304,0.5537767885942045
1779789376.2648253,10.0,10.0,7.446384353064296,0.1408255053372768,-0.08719728394171192,0.6761712034567391,0.16532326419338209,-0.11240841199885304,0.5537767885942045
1779789376.2747345,10.0,10.0,7.6656103737389145,0.14078808594587247,-0.08744440826285445,0.6763887423685693,0.16641794979338212,-0.11240841199885304,0.5537767885942045
1779789376.284686,10.0,10.0,7.888391813733807,0.1407590147335504,-0.0876867156748325,0.676576106649278,0.1675034420933821,-0.11240841199885304,0.5537767885942045
1779789376.2946327,10.0,10.0,8.0969704344197,0.14074275198803052,-0.08793000574784458,0.6767283134794115,0.1685411093933821,-0.11240841199885304,0.5537767885942045
1779789376.3046417,10.0,10.0,8.290678071253874,0.14074923044666232,-0.08816624553119261,0.6768407553161468,0.16957886679338205,-0.11240841199885304,0.5537767885942045
1779789376.3146865,10.0,10.0,8.465798396077435,0.14077543509383186,-0.08839383684474243,0.6769199960419379,0.17062134709338214,-0.11240841199885304,0.5537767885942045
1779789376.324614,10.0,10.0,8.618346316107361,0.1408297719664714,-0.0886113957444953,0.676961874337441,0.17166970249338218,-0.11240841199885304,0.5537767885942045
1779789376.3346949,10.0,10.0,8.739852923370373,0.14090222919623033,-0.08882089778921964,0.6769674914718278,0.17270011509338215,-0.11240841199885304,0.5537767885942045
1779789376.3446636,10.0,10.0,8.830642004834228,0.14098327498153468,-0.08901518016094202,0.6769346190545743,0.17378043769338217,-0.11240841199885304,0.5537767885942045
1779789376.3546345,10.0,10.0,8.856653723733817,0.14106321068364017,-0.08919330949009636,0.676880430452778,0.17481509019338207,-0.11240841199885304,0.5537767885942045
1779789376.3646693,10.0,10.0,8.826012435995525,0.1411487020379175,-0.08935912686851329,0.6768097217020013,0.1759009862933821,-0.11240841199885304,0.5537767885942045
1779789376.3746493,10.0,10.0,8.76451905110391,0.14123402012003872,-0.08951405077345209,0.6767183029137311,0.17692979389338212,-0.11240841199885304,0.5537767885942045
1779789376.3846362,10.0,10.0,8.668866770915903,0.14133346086475604,-0.08966420382494251,0.6766015942023422,0.17798231909338222,-0.11240841199885304,0.5537767885942045
1779789376.3946376,10.0,10.0,8.542282117432263,0.1414290891011639,-0.0898057066878917,0.6764661612730981,0.17798231909338222,-0.11240841199885304,0.5537767885942045
1779789376.4046373,10.0,10.0,8.35661226144962,0.14151163362522437,-0.08993497228146209,0.676323692451567,0.17901363239338206,-0.11240841199885304,0.5537767885942045
1779789376.414677,10.0,10.0,8.138175485322318,0.14159041797894137,-0.09005798262404958,0.6761852820811035,0.18007549919338214,-0.11240841199885304,0.5537767885942045
1779789376.424689,10.0,10.0,7.929168478055828,0.14166732075690047,-0.09018591585841167,0.6760535212803946,0.18112787519338217,-0.11240841199885304,0.5537767885942045
1779789376.43471,10.0,10.0,7.712567419633894,0.1417310687766167,-0.09031491313318749,0.6759433265296644,0.18218515739338217,-0.11240841199885304,0.5537767885942045
1779789376.444661,10.0,10.0,7.473186184357498,0.14178063290692014,-0.0904349029339312,0.6758614939692152,0.1832234317933821,-0.11240841199885304,0.5537767885942045
1779789376.45464,10.0,10.0,7.242935462586201,0.14181559702733806,-0.09055815540112287,0.67580615118155,0.1843055647933822,-0.11240841199885304,0.5537767885942045
1779789376.464663,10.0,10.0,7.028535524341612,0.14182909449504463,-0.09068259142811586,0.6757735202246384,0.18533221229338218,-0.11240841199885304,0.5537767885942045
1779789376.4746509,10.0,10.0,6.821114048553084,0.1418272358916439,-0.09080446479062003,0.6757521557127696,0.18645874889338218,-0.11240841199885304,0.5537767885942045
1779789376.4846692,10.0,10.0,6.627305393662874,0.14180522800599518,-0.09091496622937838,0.67574481997416,0.18750036359338204,-0.11240841199885304,0.5537767885942045
1779789376.4946468,10.0,10.0,6.4658050063360974,0.1417699824828599,-0.09102674451517773,0.6757561942180388,0.1885596765933821,-0.11240841199885304,0.5537767885942045
1779789376.504688,10.0,10.0,6.318362245223462,0.14172818019038771,-0.09114530740603699,0.6757924498595231,0.1895874882933821,-0.11240841199885304,0.5537767885942045
1779789376.514675,10.0,10.0,6.179910749072662,0.1416829097749996,-0.09126711234454699,0.6758592950323784,0.19061687989338214,-0.11240841199885304,0.5537767885942045
1779789376.5246363,10.0,10.0,6.074004572308625,0.14163051810720842,-0.09138707493271393,0.6759544316347654,0.19166444379338224,-0.11240841199885304,0.5537767885942045
1779789376.5346336,10.0,10.0,5.995334411000336,0.14156864642845313,-0.09150160613903206,0.6760742638600303,0.19270947289338222,-0.11240841199885304,0.5537767885942045
1779789376.5446734,10.0,10.0,5.942281750593705,0.1414985135862967,-0.09161592363629517,0.6762247302590579,0.1937532045933821,-0.11240841199885304,0.5537767885942045
1779789376.5546246,10.0,10.0,5.924975510130003,0.1414179056927625,-0.09173092431374719,0.6764062299042296,0.1948251794933821,-0.11240841199885304,0.5537767885942045
1779789376.5647302,10.0,10.0,5.948840475105848,0.14132726536314535,-0.09186003522207108,0.67662345650872,0.1959061772933822,-0.11240841199885304,0.5537767885942045
1779789376.5746238,10.0,10.0,6.0189797633094875,0.1412307258658246,-0.09199789045197876,0.6768728095178724,0.19694688229338217,-0.11240841199885304,0.5537767885942045
1779789376.5846322,10.0,10.0,6.1354626611181775,0.14112833997908242,-0.09214781776514269,0.6771562861602037,0.19694688229338217,-0.11240841199885304,0.5537767885942045
1779789376.5946352,10.0,10.0,6.308562171141175,0.14102655689514196,-0.09230479489864411,0.6774571717136758,0.19800565329338207,-0.11240841199885304,0.5537767885942045
1779789376.6046636,10.0,10.0,6.534722649111009,0.14092312365565907,-0.09246150151274858,0.6777775705038709,0.1990659571933822,-0.11240841199885304,0.5537767885942045
1779789376.6146376,10.0,10.0,6.771761611516814,0.14082462551517286,-0.09262323427829329,0.6781100116766725,0.20012146499338215,-0.11240841199885304,0.5537767885942045
1779789376.6246247,10.0,10.0,7.0025210141997025,0.14074033566054664,-0.09278740019846891,0.6784507545849445,0.20118407319338213,-0.11240841199885304,0.5537767885942045
1779789376.6347015,10.0,10.0,7.238066433872295,0.14067931659144303,-0.09295411659365357,0.6788116153150583,0.20220904759338207,-0.11240841199885304,0.5537767885942045
1779789376.644643,10.0,10.0,7.440839714106009,0.14064536323390014,-0.09312012654139672,0.679169004126963,0.20325453059338214,-0.11240841199885304,0.5537767885942045
1779789376.6546552,10.0,10.0,7.6060391716052935,0.14062007834684542,-0.09328133530527513,0.679522401200142,0.2042988823933822,-0.11240841199885304,0.5537767885942045
1779789376.6646497,10.0,10.0,7.744846701342292,0.14060055185921536,-0.09343586402429585,0.679847907058884,0.20536525769338212,-0.11240841199885304,0.5537767885942045
1779789376.6746678,10.0,10.0,7.885342637717585,0.1405974959353139,-0.09358907993019688,0.6801452301112377,0.2064164563933822,-0.11240841199885304,0.5537767885942045
1779789376.6846244,10.0,10.0,8.027847489275883,0.14062196508680702,-0.09373726021625439,0.6804145215576293,0.2074901474933821,-0.11240841199885304,0.5537767885942045
1779789376.694681,10.0,10.0,8.149151957308478,0.14066840719511162,-0.09386676277355217,0.6806487471622389,0.20853772649338218,-0.11240841199885304,0.5537767885942045
1779789376.7047083,10.0,10.0,8.275479818947272,0.14073764659658988,-0.09398679839359426,0.680849085589239,0.20957029909338212,-0.11240841199885304,0.5537767885942045
1779789376.7146842,10.0,10.0,8.389702987028883,0.14081764077105072,-0.0940986849405592,0.6810060044957003,0.2106157770933821,-0.11240841199885304,0.5537767885942045
1779789376.72465,10.0,10.0,8.475789896302437,0.14090518403543165,-0.09419411696731417,0.6811263332994075,0.21166005379338218,-0.11240841199885304,0.5537767885942045
1779789376.7346246,10.0,10.0,8.536546138133437,0.14099396369253997,-0.09427649103847364,0.6812036719530427,0.21268936529338214,-0.11240841199885304,0.5537767885942045
1779789376.7446623,10.0,10.0,8.571582439818528,0.1410858623108109,-0.09434469096721397,0.6812360343002364,0.21374294349338216,-0.11240841199885304,0.5537767885942045
1779789376.7546823,10.0,10.0,8.56772761508329,0.1411827126480637,-0.09440340863400842,0.6812455897519196,0.21478703179338207,-0.11240841199885304,0.5537767885942045
1779789376.7646444,10.0,10.0,8.51448600046541,0.14127718186996244,-0.09445796471280117,0.6812388822417644,0.21582852729338206,-0.11240841199885304,0.5537767885942045
1779789376.7746236,10.0,10.0,8.419706241798787,0.14137807524357257,-0.09451027948020752,0.6812250461880565,0.2168670120933822,-0.11240841199885304,0.5537767885942045
1779789376.784645,10.0,10.0,8.292305509073158,0.14148331049345467,-0.09456224901635975,0.6812062071850181,0.21790255129338207,-0.11240841199885304,0.5537767885942045
1779789376.7946208,10.0,10.0,8.132179509606187,0.14158257944294733,-0.09461182700804975,0.6811817919705823,0.21893070769338221,-0.11240841199885304,0.5537767885942045
1779789376.8046372,10.0,10.0,7.939118222295725,0.14166357709014862,-0.094654199722783,0.6811515090622959,0.2199826096933821,-0.11240841199885304,0.5537767885942045
1779789376.8146605,10.0,10.0,7.731471932296442,0.14173298841182735,-0.0947010465473825,0.6811187566100427,0.2199826096933821,-0.11240841199885304,0.5537767885942045
1779789376.8246672,10.0,10.0,7.5327378511019925,0.14179091503819144,-0.09474849669264274,0.6810830370283575,0.22101787349338212,-0.11240841199885304,0.5537767885942045
1779789376.8346891,10.0,10.0,7.336078419139013,0.1418323176354741,-0.09479199503921927,0.6810540764447364,0.22206164319338215,-0.11240841199885304,0.5537767885942045
1779789376.8446796,10.0,10.0,7.1427770531889445,0.14186347981728983,-0.0948387262967078,0.6810290466005468,0.22311075199338218,-0.11240841199885304,0.5537767885942045
1779789376.8546662,10.0,10.0,6.960200261759948,0.14188238671197181,-0.09488311353841276,0.6810095036112602,0.2241580042933821,-0.11240841199885304,0.5537767885942045
1779789376.864627,10.0,10.0,6.798470038982103,0.14188925627683793,-0.09492846242869535,0.6809994212529512,0.22524879659338223,-0.11240841199885304,0.5537767885942045
1779789376.874632,10.0,10.0,6.665570192263942,0.14188320356856646,-0.09497045342093127,0.6810001073468966,0.2262903831933821,-0.11240841199885304,0.5537767885942045
1779789376.8846607,10.0,10.0,6.557505821719726,0.1418681028065103,-0.09501391481998715,0.6810203333230758,0.22733929669338213,-0.11240841199885304,0.5537767885942045
1779789376.8946612,10.0,10.0,6.463809921107614,0.141845806977044,-0.0950603138214069,0.6810687405873335,0.2283855971933821,-0.11240841199885304,0.5537767885942045
1779789376.9046302,10.0,10.0,6.363970107844091,0.14181119008111917,-0.09511474297647783,0.681150625343117,0.22941164249338222,-0.11240841199885304,0.5537767885942045
1779789376.9146173,10.0,10.0,6.268720664769382,0.14176863703460468,-0.09517770995667608,0.6812639906919613,0.23046058799338223,-0.11240841199885304,0.5537767885942045
1779789376.9246392,10.0,10.0,6.202338794307995,0.1417129986622454,-0.09524779081420999,0.6814109784509736,0.23149524259338214,-0.11240841199885304,0.5537767885942045
1779789376.934615,10.0,10.0,6.145412181941792,0.14164350899737918,-0.09532753811245498,0.6815993708304,0.2325277260933822,-0.11240841199885304,0.5537767885942045
1779789376.944618,10.0,10.0,6.106743139264814,0.1415614011404489,-0.09542278660585295,0.6818220246297215,0.23359620039338205,-0.11240841199885304,0.5537767885942045
1779789376.9546378,10.0,10.0,6.10653270423734,0.14146676412905895,-0.09553299193054678,0.6820898582011679,0.2346249547933821,-0.11240841199885304,0.5537767885942045
1779789376.9646497,10.0,10.0,6.134808367229765,0.14136444864482056,-0.09566079774119483,0.6824019073535912,0.23565460199338215,-0.11240841199885304,0.5537767885942045
1779789376.9746838,10.0,10.0,6.190790969336494,0.14125371011788695,-0.09580843302915898,0.6827680451448714,0.23670047369338218,-0.11240841199885304,0.5537767885942045
1779789376.9846373,10.0,10.0,6.291616052940088,0.14113105364844203,-0.09597389936286198,0.6831771191478933,0.23776167619338204,-0.11240841199885304,0.5537767885942045
1779789376.9946444,10.0,10.0,6.427818954045061,0.14099581302842826,-0.09615315382969117,0.6836097146627403,0.23880826529338214,-0.11240841199885304,0.5537767885942045
1779789377.0046535,10.0,10.0,6.6166422491744,0.1408570761480191,-0.09633866800815785,0.6840508542908227,0.23983512119338216,-0.11240841199885304,0.5537767885942045
1779789377.0146313,10.0,10.0,6.862865640621772,0.14073125003579834,-0.09653286948490397,0.6844992623008349,0.2408890660933821,-0.11240841199885304,0.5537767885942045
1779789377.0246508,10.0,10.0,7.140199998442391,0.1406394538052639,-0.09673229918314642,0.6849561484289063,0.2419409871933821,-0.11240841199885304,0.5537767885942045
1779789377.0346625,10.0,10.0,7.413108618448766,0.1405882633670416,-0.09693242891241811,0.6854163588603445,0.24300231909338219,-0.11240841199885304,0.5537767885942045
1779789377.0446296,10.0,10.0,7.694538287902509,0.14056873208459997,-0.09712515075142192,0.6858771966831233,0.24300231909338219,-0.11240841199885304,0.5537767885942045
1779789377.0546334,10.0,10.0,7.946646589729398,0.14056634429122794,-0.09730959142984351,0.6863266788334529,0.24407993159338212,-0.11240841199885304,0.5537767885942045
1779789377.0646243,10.0,10.0,8.180411699912733,0.14057864269850825,-0.09747782531579705,0.6867443814011334,0.2451187559933821,-0.11240841199885304,0.5537767885942045
1779789377.0746229,10.0,10.0,8.382980338495775,0.14060031589260563,-0.09764268531741511,0.6871384003921494,0.24619361429338207,-0.11240841199885304,0.5537767885942045
1779789377.0846245,10.0,10.0,8.552445502498722,0.14062349540717475,-0.09780722735935228,0.687511420123189,0.2472426940933822,-0.11240841199885304,0.5537767885942045
1779789377.0946372,10.0,10.0,8.687658100306512,0.1406579094145133,-0.09796716802557208,0.6878505169438182,0.24804514519338203,-0.11217625859885286,0.5537767885942045
1779789377.1046479,10.0,10.0,8.798363350510074,0.1407077139042389,-0.09812338058029152,0.6881597514659241,0.24804514519338203,-0.11114950889885294,0.5537767885942045
1779789377.1146066,10.0,10.0,8.892184729001485,0.14076992909339311,-0.09826519119615945,0.6884305190497416,0.24804514519338203,-0.11010988989885297,0.5537767885942045
1779789377.1246371,10.0,10.0,8.951643480812676,0.14085303733622587,-0.09839131828632595,0.6886697954059647,0.24804514519338203,-0.10906313859885296,0.5537767885942045
1779789377.1347072,10.0,10.0,8.986184116156526,0.14094781714889562,-0.09850154461846239,0.6888625290648164,0.24804514519338203,-0.10803197049885303,0.5537767885942045
1779789377.144653,10.0,10.0,9.012677732739332,0.14106099073928283,-0.0985874831256521,0.6890097224804532,0.24804514519338203,-0.10698025479885297,0.5537767885942045
1779789377.154734,10.0,10.0,9.033899571049483,0.1411742219419961,-0.09865600144337973,0.6891104806368442,0.24804514519338203,-0.10594954359885302,0.5537767885942045
1779789377.1646905,10.0,10.0,9.01451159003543,0.1412927524215369,-0.09870901209972313,0.6891677095173433,0.24804514519338203,-0.10492007379885292,0.5537767885942045
1779789377.1746097,10.0,10.0,8.922677096903271,0.14141088970236632,-0.09875192841902163,0.6891892135306132,0.24804514519338203,-0.10382958699885302,0.5537767885942045
1779789377.1846204,10.0,10.0,8.782143632437725,0.14152638975011844,-0.0987810627948333,0.6891888125983291,0.24804514519338203,-0.1027122697988529,0.5537767885942045
1779789377.1946225,10.0,10.0,8.614782144605117,0.14162826018624702,-0.09880265731784753,0.6891829491694543,0.24804514519338203,-0.10167010499885296,0.5537767885942045
1779789377.2046332,10.0,10.0,8.41675351934477,0.14172139979480364,-0.09881644175544987,0.6891683238019336,0.24804514519338203,-0.10064114919885293,0.5537767885942045
1779789377.2146578,10.0,10.0,8.227878782433079,0.1418022244563139,-0.09882141996304708,0.6891481542304542,0.24804514519338203,-0.09956235039885288,0.5537767885942045
1779789377.2246208,10.0,10.0,8.032183220245548,0.1418735203500823,-0.09881788213064634,0.6891266065954565,0.24804514519338203,-0.09853110819885304,0.5537767885942045
1779789377.2346253,10.0,10.0,7.82709520032608,0.14193688431410365,-0.09880944098387781,0.6891020969624048,0.24804514519338203,-0.09853110819885304,0.5537767885942045
1779789377.2446232,10.0,10.0,7.626959548920448,0.14198827473476355,-0.09879420506617828,0.6890844147579568,0.24804514519338203,-0.09744362719885297,0.5537767885942045
1779789377.2546175,10.0,10.0,7.42511083259759,0.14203702530237675,-0.09877415355153482,0.6890688917189016,0.24804514519338203,-0.09638505749885298,0.5537767885942045
1779789377.2646444,10.0,10.0,7.263636868918327,0.1420714732289279,-0.09875422681116994,0.6890626543711995,0.24804514519338203,-0.0953350740988529,0.5537767885942045
1779789377.2745976,10.0,10.0,7.12685398440341,0.1420907027290644,-0.09873898214445027,0.6890601077539905,0.24804514519338203,-0.09428210199885298,0.5537767885942045
1779789377.2846203,10.0,10.0,6.994857199273909,0.14209668751572296,-0.0987310248473853,0.6890687266776454,0.24804514519338203,-0.09323083209885302,0.5537767885942045
1779789377.2946665,10.0,10.0,6.863253122833029,0.14208740752117785,-0.09872958251546904,0.6890919609497916,0.24804514519338203,-0.09213036449885295,0.5537767885942045
1779789377.3046548,10.0,10.0,6.741606617767045,0.14206706932272087,-0.0987343591810072,0.6891373471022703,0.24804514519338203,-0.09106919199885291,0.5537767885942045
1779789377.3147526,10.0,10.0,6.629629706964977,0.14203704075519136,-0.0987559316619583,0.6892092140779054,0.24804514519338203,-0.0900397852988529,0.5537767885942045
1779789377.3246148,10.0,10.0,6.532409432822262,0.14199927775795623,-0.0987879405590603,0.6893082957878415,0.24804514519338203,-0.08902028419885302,0.5537767885942045
1779789377.3346114,10.0,10.0,6.462044370366189,0.14195019775177684,-0.0988331467164546,0.6894385106883963,0.24804514519338203,-0.08797669279885299,0.5537767885942045
1779789377.344717,10.0,10.0,6.422265468755906,0.14189305542310537,-0.09888591236471238,0.6895965980993153,0.24804514519338203,-0.08694205419885298,0.5537767885942045
1779789377.354613,10.0,10.0,6.408946144087441,0.14182256727533823,-0.09894814174425717,0.6897875139699472,0.24804514519338203,-0.08586573009885286,0.5537767885942045
1779789377.3646154,10.0,10.0,6.415335306179243,0.14174016952950325,-0.09902401726184187,0.6900081765168096,0.24804514519338203,-0.084838294098853,0.5537767885942045
1779789377.3745985,10.0,10.0,6.46032275423778,0.1416448045700718,-0.09910810545711107,0.6902667399314405,0.24804514519338203,-0.08375426249885289,0.5537767885942045
1779789377.3846555,10.0,10.0,6.532976064364158,0.1415401863809753,-0.0992022885183156,0.6905643444301264,0.24804514519338203,-0.08269007029885292,0.5537767885942045
1779789377.394715,10.0,10.0,6.64904479986198,0.1414299373942627,-0.09930545300206949,0.6908867515825458,0.24804514519338203,-0.08159146429885288,0.5537767885942045
1779789377.4046218,10.0,10.0,6.794894027895404,0.1413118376308629,-0.0994136289102645,0.6912178422933491,0.24804514519338203,-0.080554248898853,0.5537767885942045
1779789377.414658,10.0,10.0,6.967763837056647,0.1411893854026589,-0.09952641056152256,0.6915649461358044,0.24804514519338203,-0.07951971349885299,0.5537767885942045
1779789377.424617,10.0,10.0,7.136959043109969,0.14106948407450334,-0.09964437132049345,0.6919197695342092,0.24804514519338203,-0.07847476849885288,0.5537767885942045
1779789377.4347022,10.0,10.0,7.314045050885767,0.14096961253356272,-0.09975915966661876,0.6922770442227786,0.24804514519338203,-0.07847476849885288,0.5537767885942045
1779789377.4446802,10.0,10.0,7.521924319671078,0.14090088534723363,-0.09987151102129474,0.6926463258180415,0.24804514519338203,-0.0774360211988529,0.5537767885942045
1779789377.4546502,10.0,10.0,7.741239875248838,0.14086694080370407,-0.09997017931212025,0.6930088969865332,0.24804514519338203,-0.07640249569885296,0.5537767885942045
1779789377.4646556,10.0,10.0,7.965690083073718,0.1408513566077166,-0.1000642793352043,0.6933667394253773,0.24804514519338203,-0.07535697469885297,0.5537767885942045
1779789377.4746575,10.0,10.0,8.19370987762755,0.14085893132180977,-0.10014422812229164,0.6937014692700885,0.24804514519338203,-0.07430722769885291,0.5537767885942045
1779789377.4846475,10.0,10.0,8.416062488235541,0.1408899968679935,-0.10021289911224768,0.6940060618506878,0.24804514519338203,-0.07325331079885297,0.5537767885942045
1779789377.4946907,10.0,10.0,8.614987993891575,0.1409338209069922,-0.10026632156115285,0.6942715956447381,0.24804514519338203,-0.07216258459885297,0.5537767885942045
1779789377.5046642,10.0,10.0,8.796192378927847,0.14099675217195456,-0.10030813121022554,0.694500957907812,0.24804514519338203,-0.07108079019885286,0.5537767885942045
1779789377.5146368,10.0,10.0,8.955445572792135,0.14106786788960418,-0.1003372978250833,0.6946847147283663,0.24804514519338203,-0.0700311904988529,0.5537767885942045
1779789377.524662,10.0,10.0,9.082443578663083,0.14115488727783312,-0.10035134709177468,0.6948265720096588,0.24804514519338203,-0.06899761789885298,0.5537767885942045
1779789377.5346193,10.0,10.0,9.17750970092794,0.1412468742413332,-0.10035339348473406,0.6949255672121409,0.24804514519338203,-0.06794176539885294,0.5537767885942045
1779789377.5446074,10.0,10.0,9.22136465806243,0.1413559065278163,-0.1003372857771242,0.6949863891156102,0.24804514519338203,-0.06689604189885288,0.5537767885942045
1779789377.5546873,10.0,10.0,9.215918892294315,0.14147644022154965,-0.1003132495656972,0.6950210447548159,0.24804514519338203,-0.06585871529885287,0.5537767885942045
1779789377.5646539,10.0,10.0,9.170870419999547,0.14159531138650494,-0.10027849883478436,0.6950423815621599,0.24804514519338203,-0.064836088398853,0.5537767885942045
1779789377.574687,10.0,10.0,9.077009038375532,0.14172338141024735,-0.10023415550863263,0.6950517340988925,0.24804514519338203,-0.06379907429885291,0.5537767885942045
1779789377.5846238,10.0,10.0,8.950859325239684,0.14186055487057775,-0.10017984215223187,0.6950434947986988,0.24804514519338203,-0.06275236299885302,0.5537767885942045
1779789377.5946202,10.0,10.0,8.797691540242948,0.14198905055652877,-0.10011682880760048,0.6950191376882597,0.24804514519338203,-0.061705915198852906,0.5537767885942045
1779789377.6046426,10.0,10.0,8.592615016851129,0.14211037858224196,-0.10005300369453889,0.6949811256688117,0.24804514519338203,-0.06066513909885293,0.5537767885942045
1779789377.6146288,10.0,10.0,8.3810427299654,0.14222819270999118,-0.09998526922315203,0.6949379656616299,0.24804514519338203,-0.05961973319885286,0.5537767885942045
1779789377.62464,10.0,10.0,8.172332734154299,0.14234344250825212,-0.09992313831765103,0.6949012412108022,0.24804514519338203,-0.05857736009885292,0.5537767885942045
1779789377.6346548,10.0,10.0,7.933890188631212,0.1424528118972458,-0.09986312816587244,0.6948734727792553,0.24804514519338203,-0.05753838539885295,0.5537767885942045
1779789377.6446068,10.0,10.0,7.702608186003112,0.14255733876374416,-0.09979844068193704,0.6948504980280008,0.24804514519338203,-0.056491871398852866,0.5537767885942045
1779789377.6546636,10.0,10.0,7.500238623438632,0.14264873339552236,-0.09973424325694405,0.6948308166448045,0.24804514519338203,-0.05544745039885293,0.5537767885942045
1779789377.6646287,10.0,10.0,7.286740350302295,0.1427181556489467,-0.09967399681647933,0.6948161336191536,0.24804514519338203,-0.05544745039885293,0.5537767885942045
1779789377.6746159,10.0,10.0,7.07461722774502,0.14277351600966778,-0.09961736446226328,0.6948104233821435,0.24804514519338203,-0.054419901198852955,0.5537767885942045
1779789377.684625,10.0,10.0,6.879353885431582,0.14280557436049843,-0.09956060030173242,0.6948129679111968,0.24804514519338203,-0.05337908199885297,0.5537767885942045
1779789377.694634,10.0,10.0,6.6853056625403156,0.14281343330827406,-0.09951224645265366,0.6948249654690407,0.24804514519338203,-0.05234502859885287,0.5537767885942045
1779789377.7046406,10.0,10.0,6.512566927977687,0.1427987066540408,-0.0994707230815691,0.6948567585964547,0.24804514519338203,-0.05125227749885303,0.5537767885942045
1779789377.714606,10.0,10.0,6.367711259800022,0.14276393993071435,-0.09943710194995897,0.6949165678690149,0.24804514519338203,-0.05020246939885288,0.5537767885942045
1779789377.7246084,10.0,10.0,6.270596664247499,0.14271560971496866,-0.09941065116412025,0.6950074002963872,0.24804514519338203,-0.04915184569885292,0.5537767885942045
1779789377.7346232,10.0,10.0,6.195835161045774,0.1426569391488128,-0.09939007720392948,0.6951264042174866,0.24804514519338203,-0.04811813189885286,0.5537767885942045
1779789377.744603,10.0,10.0,6.146139728227431,0.1425810456031847,-0.09937422099528134,0.6952887756142732,0.24804514519338203,-0.04708925019885293,0.5537767885942045
1779789377.7546616,10.0,10.0,6.105639731471936,0.14249925192834845,-0.09936813713779155,0.6954901034388521,0.24804514519338203,-0.04604930559885302,0.5537767885942045
1779789377.7646472,10.0,10.0,6.1028375184159955,0.1424057067031062,-0.09937608058364346,0.6957315758528644,0.24804514519338203,-0.04499512829885302,0.5537767885942045
1779789377.7746325,10.0,10.0,6.158935644824728,0.14229919519742507,-0.09939866106584222,0.6960092163626898,0.24804514519338203,-0.04395646609885298,0.5537767885942045
1779789377.784621,10.0,10.0,6.263568883083511,0.14218175033648336,-0.09942666930878406,0.6963208387535351,0.24804514519338203,-0.04292394049885301,0.5537767885942045
1779789377.7946298,10.0,10.0,6.4046241948134846,0.14205724403828965,-0.09946308736989982,0.6966602319663585,0.24804514519338203,-0.041836813098852885,0.5537767885942045
1779789377.804605,10.0,10.0,6.576907329717141,0.14192397701661158,-0.0995100230245099,0.6970188439101439,0.24804514519338203,-0.04074572719885297,0.5537767885942045
1779789377.814623,10.0,10.0,6.782638763863007,0.14179072262816048,-0.09956565809368231,0.697390143937012,0.24804514519338203,-0.03969921129885291,0.5537767885942045
1779789377.8246634,10.0,10.0,7.011559583696576,0.14166030087649142,-0.09962957485817346,0.6977644392378938,0.24804514519338203,-0.03865138189885288,0.5537767885942045
1779789377.834612,10.0,10.0,7.2548605238121855,0.14155264470425288,-0.09969869845128995,0.6981356590804088,0.24804514519338203,-0.03759553539885298,0.5537767885942045
1779789377.8446546,10.0,10.0,7.508337295900204,0.1414708213951496,-0.09977310493613718,0.6985060438978821,0.24804514519338203,-0.036529877398852884,0.5537767885942045
1779789377.8546295,10.0,10.0,7.761017495757896,0.14142554087073536,-0.09984855736160272,0.6988639258307504,0.24804514519338203,-0.036529877398852884,0.5537767885942045
1779789377.8646386,10.0,10.0,8.01653535757936,0.14141036547751545,-0.09992059726859158,0.6991983804356187,0.24804514519338203,-0.035429324698852876,0.5537767885942045
1779789377.8747146,10.0,10.0,8.26953641160662,0.1414244284276042,-0.09998459974225603,0.6994991650669344,0.24804514519338203,-0.03433049719885298,0.5537767885942045
1779789377.884627,10.0,10.0,8.500889892706995,0.14145833312339678,-0.10004010234177249,0.6997683677634571,0.24804514519338203,-0.033266566498852984,0.5537767885942045
1779789377.8946412,10.0,10.0,8.699360124437105,0.14150323177006946,-0.10008770783326772,0.6999931605995415,0.24804514519338203,-0.032189788598852985,0.5537767885942045
1779789377.9046025,10.0,10.0,8.872360073084964,0.14155752037417682,-0.10012238467657683,0.70017723646107,0.24804514519338203,-0.031129701098853012,0.5537767885942045
1779789377.914637,10.0,10.0,9.015651650123491,0.14161634569548612,-0.10013973948868739,0.7003083331888931,0.24804514519338203,-0.03005968989885298,0.5537767885942045
1779789377.9247105,10.0,10.0,9.14339811307313,0.14168587393363716,-0.10014442849402523,0.700392589411352,0.24804514519338203,-0.029029720098852907,0.5537767885942045
1779789377.9346797,10.0,10.0,9.246647095683334,0.14177020489811448,-0.10012839984855962,0.7004383986963908,0.24804514519338203,-0.02795183209885289,0.5537767885942045
1779789377.9446385,10.0,10.0,9.324612245209142,0.14186081933538358,-0.10009266852748726,0.700460258403935,0.24804514519338203,-0.026896609798852944,0.5537767885942045
1779789377.9546278,10.0,10.0,9.37584829323773,0.14195873579102117,-0.10004960202974626,0.700470353630151,0.24804514519338203,-0.025855101198852936,0.5537767885942045
1779789377.9646533,10.0,10.0,9.400700800521447,0.14206928637959304,-0.09999393927358502,0.7004686207964175,0.24804514519338203,-0.024827369698852964,0.5537767885942045
1779789377.9747038,10.0,10.0,9.394261230614239,0.14219408818377574,-0.09992905562808903,0.7004504821561998,0.24804514519338203,-0.023766855398853023,0.5537767885942045
1779789377.9846697,10.0,10.0,9.338643848189884,0.14232546299877163,-0.09984935546026466,0.7004121359442593,0.24804514519338203,-0.022728823398852904,0.5537767885942045
1779789377.9946706,10.0,10.0,9.230602240866174,0.1424657462867678,-0.09976212629084387,0.7003526541199359,0.24804514519338203,-0.021679757698852893,0.5537767885942045
1779789378.0046377,10.0,10.0,9.08086107231558,0.14261933730057677,-0.09966520008055009,0.7002704685263789,0.24804514519338203,-0.020643012098852984,0.5537767885942045
1779789378.0146592,10.0,10.0,8.878232100108665,0.14277454067477516,-0.09956315745485401,0.70017934520493,0.24804514519338203,-0.019561808898852937,0.5537767885942045
1779789378.024635,10.0,10.0,8.620978213874222,0.14293330495583817,-0.09945396129020491,0.7000878307646601,0.24804514519338203,-0.018523964198852858,0.5537767885942045
1779789378.0346365,10.0,10.0,8.352918956647004,0.14310494082533937,-0.0993359859118483,0.7000008478900481,0.24804514519338203,-0.017464864598852912,0.5537767885942045
1779789378.0445926,10.0,10.0,8.092146952464445,0.14327285156140235,-0.09921978303338634,0.6999286595216827,0.24804514519338203,-0.017464864598852912,0.5537767885942045
1779789378.0546699,10.0,10.0,7.80823837516406,0.1434323976945761,-0.09910142023708512,0.6998728396817053,0.24804514519338203,-0.016427078098852854,0.5537767885942045
1779789378.0646253,10.0,10.0,7.51931255093576,0.14357646417940892,-0.0989838413536503,0.6998353598623734,0.24804514519338203,-0.015351231898853021,0.5537767885942045
1779789378.0746155,10.0,10.0,7.252243777825676,0.14370344744306254,-0.0988621903906868,0.6997959335591115,0.24804514519338203,-0.014264419998852893,0.5537767885942045
1779789378.0846298,10.0,10.0,7.004881815644546,0.1438073102421614,-0.09874974024441807,0.6997569367377132,0.24804514519338203,-0.013198675798852953,0.5537767885942045
1779789378.094741,10.0,10.0,6.743344282642221,0.14388745799264285,-0.0986394019221414,0.6997222386878362,0.24804514519338203,-0.012152273098853014,0.5537767885942045
1779789378.1046588,10.0,10.0,6.5078109543096305,0.14394216573778207,-0.09852901132807661,0.6996996585041223,0.24804514519338203,-0.011094937798852853,0.5537767885942045
1779789378.114603,10.0,10.0,6.299069129387117,0.14397253517671466,-0.09841984025253545,0.6996917610241853,0.24804514519338203,-0.010042113898852931,0.5537767885942045
1779789378.1246424,10.0,10.0,6.101169922897143,0.143977168043595,-0.09830852957130101,0.6997046483373879,0.24804514519338203,-0.00896195059885295,0.5537767885942045
1779789378.1346068,10.0,10.0,5.914434337340826,0.14396380045532514,-0.09819144923532151,0.6997395627178251,0.24804514519338203,-0.00792571799885303,0.5537767885942045
1779789378.1446352,10.0,10.0,5.758329048055054,0.14392056805896464,-0.09806545856370746,0.6998080377340855,0.24804514519338203,-0.0068597052988529006,0.5537767885942045
1779789378.1546092,10.0,10.0,5.62136741104887,0.14385070453673215,-0.09794162286611169,0.6999092732249128,0.24804514519338203,-0.005799008698852801,0.5537767885942045
1779789378.1646206,10.0,10.0,5.531208466784462,0.14376755313995795,-0.09781993566552244,0.7000389706970643,0.24804514519338203,-0.004751119098852938,0.5537767885942045
1779789378.1745918,10.0,10.0,5.4984426958637105,0.14367525491557823,-0.09770842809011003,0.7002084562316373,0.24804514519338203,-0.0037250516988528073,0.5537767885942045
1779789378.1846128,10.0,10.0,5.5009439328121275,0.14357404262405887,-0.09759675370456708,0.7004207266174807,0.24804514519338203,-0.002676994798852958,0.5537767885942045
1779789378.194644,10.0,10.0,5.541647836767944,0.14346326456646616,-0.0974881944123162,0.7006760328711582,0.24804514519338203,-0.0016011185988527767,0.5537767885942045
1779789378.2045991,10.0,10.0,5.601157503761352,0.14333790406389385,-0.0973802407433265,0.7009720893431342,0.24804514519338203,-0.0005578556988531016,0.5537767885942045
1779789378.2145813,10.0,10.0,5.697438330483397,0.14320283467562436,-0.09727550257810454,0.7013043669785892,0.24804514519338203,0.00047297070114714866,0.5537767885942045
1779789378.2246153,10.0,10.0,5.838820735088328,0.14305150533314853,-0.09717368085864422,0.701677672443474,0.24804514519338203,0.00047297070114714866,0.5537767885942045
1779789378.2346056,10.0,10.0,6.013537519185971,0.14289719014123373,-0.09708139705945991,0.7020801926292449,0.24804514519338203,0.001563468501147072,0.5537767885942045
1779789378.24462,10.0,10.0,6.227802061472443,0.14273236676026693,-0.09699959598644067,0.702509950290959,0.24804514519338203,0.0026631766011470017,0.5537767885942045
1779789378.2546282,10.0,10.0,6.475448877222714,0.1425742683777593,-0.09692979554641794,0.7029464934934576,0.24804514519338203,0.0037577911011471912,0.5537767885942045
1779789378.264682,10.0,10.0,6.758365276192467,0.14245039618320995,-0.0968596045873241,0.7033851085139471,0.24804514519338203,0.004860731401147036,0.5537767885942045
1779789378.2746625,10.0,10.0,7.097412129148266,0.1423616015682068,-0.09679127073954123,0.7038252975196944,0.24804514519338203,0.005943142901147228,0.5537767885942045
1779789378.2845948,10.0,10.0,7.448132079284741,0.14228609340368048,-0.09672033248933731,0.70424462059135,0.24804514519338203,0.006969002001147178,0.5537767885942045
1779789378.2946186,10.0,10.0,7.797638746732353,0.14222595432778548,-0.09665204967963457,0.7046319145060765,0.24804514519338203,0.008008217201146965,0.5537767885942045
1779789378.3046052,10.0,10.0,8.161185975583049,0.14218588316278047,-0.09658404979568272,0.7049804072650604,0.24804514519338203,0.009059300801147134,0.5537767885942045
1779789378.3146923,10.0,10.0,8.51919575183681,0.14216556864515267,-0.09651491669352792,0.7052952317944314,0.24804514519338203,0.01012090310114721,0.5537767885942045
1779789378.3246324,10.0,10.0,8.823935565169878,0.14217462319173288,-0.0964475105763247,0.7055757295832275,0.24804514519338203,0.011168970001147176,0.5537767885942045
1779789378.3345833,10.0,10.0,9.087247459973174,0.14221756337887093,-0.09638442189755762,0.7058161106405255,0.24804514519338203,0.012218888401147213,0.5537767885942045
1779789378.344615,10.0,10.0,9.313504279743844,0.142294591133283,-0.09631709278387768,0.7060250202319531,0.24804514519338203,0.013257371201147155,0.5537767885942045
1779789378.3547282,10.0,10.0,9.514669385969677,0.14239164141971702,-0.09624431331414249,0.7061854636157788,0.24804514519338203,0.014340156501147009,0.5537767885942045
1779789378.3646297,10.0,10.0,9.698414829471268,0.14250903194314554,-0.09616368376890468,0.7063021382491669,0.24804514519338203,0.015398722101147004,0.5537767885942045
1779789378.3746283,10.0,10.0,9.83992527471914,0.1426387884318741,-0.09608361154809215,0.7063682222188876,0.24804514519338203,0.01642911470114689,0.5537767885942045
1779789378.3846,10.0,10.0,9.939370302443534,0.1427750669906503,-0.09599374717447193,0.7063939047208647,0.24804514519338203,0.017455443701146992,0.5537767885942045
1779789378.394606,10.0,10.0,9.979706929757857,0.1429169248326361,-0.09590584481099018,0.706395787487926,0.24804514519338203,0.0184981935011472,0.5537767885942045
1779789378.4046545,10.0,10.0,9.966366701709253,0.14306942310961523,-0.09580705149329069,0.7063779280751997,0.24804514519338203,0.019537470801147153,0.5537767885942045
1779789378.4145904,10.0,10.0,9.912531403328178,0.1432419847307464,-0.09569957490794603,0.706338807039796,0.24804514519338203,0.019537470801147153,0.5537767885942045
1779789378.4246473,10.0,10.0,9.806085221646171,0.14342388873990317,-0.09557218216223812,0.7062819658585846,0.24804514519338203,0.020564757601146923,0.5537767885942045
1779789378.4346433,10.0,10.0,9.641349161584245,0.14362047256880375,-0.09543132026884588,0.7062011832412035,0.24804514519338203,0.021596186101146903,0.5537767885942045
1779789378.4446073,10.0,10.0,9.43663311920316,0.14382477256001083,-0.09528288791588993,0.7061045165584336,0.24804514519338203,0.022643548701147213,0.5537767885942045
1779789378.4546397,10.0,10.0,9.168900362668438,0.1440349375074939,-0.09512886509909492,0.7059986643068339,0.24804514519338203,0.023678156201146962,0.5537767885942045
1779789378.464632,10.0,10.0,8.874239989655951,0.14424498554411852,-0.0949640431310025,0.7058997948649657,0.24804514519338203,0.024757260501147075,0.5537767885942045
1779789378.4746778,10.0,10.0,8.586085296067289,0.14445189673084594,-0.09479476360349569,0.7058054036960469,0.24804514519338203,0.025824720901146906,0.5537767885942045
1779789378.4846327,10.0,10.0,8.288344852143789,0.14464048847340177,-0.09462507037439422,0.7057240429764496,0.24804514519338203,0.02691771740114716,0.5537767885942045
1779789378.4945893,10.0,10.0,7.973367588773077,0.14480145775273984,-0.09445011453018574,0.7056552446476511,0.24804514519338203,0.027949868301147224,0.5537767885942045
1779789378.504623,10.0,10.0,7.663381368380545,0.14493855385783286,-0.09427296988478683,0.7055942937378196,0.24804514519338203,0.02900026160114712,0.5537767885942045
1779789378.5146222,10.0,10.0,7.375212961400227,0.14505205986440314,-0.09408589333919341,0.7055381422921765,0.24804514519338203,0.030037601301146983,0.5537767885942045
1779789378.5246196,10.0,10.0,7.105327838044798,0.14514707164865615,-0.0938937407193905,0.7054981648502909,0.24804514519338203,0.031079743001146968,0.5537767885942045
1779789378.5346,10.0,10.0,6.8465961595952125,0.1452126530463866,-0.09369466707107912,0.7054771419329848,0.24804514519338203,0.03213458860114719,0.5537767885942045
1779789378.544665,10.0,10.0,6.595687111945476,0.14525455219650513,-0.09350286720809342,0.7054736817235889,0.24804514519338203,0.033183793701147185,0.5537767885942045
1779789378.5546412,10.0,10.0,6.354861999505726,0.14526433816662748,-0.09330965628682882,0.7054965920707519,0.24804514519338203,0.034221244501147,0.5537767885942045
1779789378.5646224,10.0,10.0,6.14707489094636,0.14524483463274532,-0.09311786164431768,0.7055501322955643,0.24804514519338203,0.03525405270114709,0.5537767885942045
1779789378.5746744,10.0,10.0,5.961047160862873,0.14519451602039354,-0.09292849114521994,0.7056370924353225,0.24804514519338203,0.036283467401147074,0.5537767885942045
1779789378.584655,10.0,10.0,5.785221125115956,0.14512161820797997,-0.0927389320842432,0.7057540993413739,0.24804514519338203,0.037347798901147006,0.5537767885942045
1779789378.594637,10.0,10.0,5.664017004784388,0.14503427955495155,-0.0925473537268437,0.7059074840856447,0.24804514519338203,0.03837526900114702,0.5537767885942045
1779789378.6046152,10.0,10.0,5.599886987326286,0.14493199169031162,-0.09236481570464543,0.7060961501128896,0.24804514519338203,0.039471686001147144,0.5537767885942045
1779789378.6145935,10.0,10.0,5.609014084031834,0.14481758631533181,-0.09217303252662025,0.7063238637302873,0.24804514519338203,0.0405265046011469,0.5537767885942045
1779789378.6246035,10.0,10.0,5.668923884670823,0.14469284965772838,-0.09198437051893217,0.7065909917998006,0.24804514519338203,0.0405265046011469,0.5537767885942045
1779789378.6346843,10.0,10.0,5.77551044970921,0.14455323588140526,-0.09179506669726512,0.7068950191030365,0.24804514519338203,0.04165955350114714,0.5537767885942045
1779789378.6446295,10.0,10.0,5.921099282136709,0.14440446238481067,-0.09160227182982915,0.7072358882848919,0.24804514519338203,0.04276440930114701,0.5537767885942045
1779789378.6546206,10.0,10.0,6.095359028865827,0.14424983018938692,-0.09141748185337231,0.7076053319116778,0.24804514519338203,0.0437977585011471,0.5537767885942045
1779789378.6645908,10.0,10.0,6.29916596553115,0.14408970136989016,-0.0912429387874711,0.7079922499524326,0.24804514519338203,0.044873442401147004,0.5537767885942045
1779789378.6746037,10.0,10.0,6.540392621152928,0.14394205983857994,-0.09107381499657173,0.7083866057157338,0.24804514519338203,0.04594154900114701,0.5537767885942045
1779789378.6846135,10.0,10.0,6.8118367384203635,0.14382078046408622,-0.09090504793922663,0.708796025532731,0.24804514519338203,0.04696941780114698,0.5537767885942045
1779789378.694641,10.0,10.0,7.104396561203946,0.14372983457345184,-0.09074024068086439,0.7091991251218128,0.24804514519338203,0.04805431310114698,0.5537767885942045
1779789378.7046554,10.0,10.0,7.415780649059191,0.143663764824173,-0.0905723129172973,0.7095945688601776,0.24804514519338203,0.04908860900114724,0.5537767885942045
1779789378.7146013,10.0,10.0,7.724253323625367,0.14361546633354616,-0.09040832950797574,0.709959687317597,0.24804514519338203,0.05014002420114713,0.5537767885942045
1779789378.724605,10.0,10.0,8.032867021243492,0.14358346481547993,-0.09025020642383233,0.7102842520174253,0.24804514519338203,0.051175097601147065,0.5537767885942045
1779789378.73462,10.0,10.0,8.34476455652626,0.14358714003701056,-0.09009449974672555,0.7105682363961131,0.24804514519338203,0.052273318901146906,0.5537767885942045
1779789378.7446144,10.0,10.0,8.648935942929562,0.14361615749690784,-0.0899374851311115,0.710803064399372,0.24804514519338203,0.053348834501147094,0.5537767885942045
1779789378.7546506,10.0,10.0,8.92693978251573,0.1436793502778784,-0.0897867909983616,0.7109970491066908,0.24804514519338203,0.05440829490114722,0.5537767885942045
1779789378.7646937,10.0,10.0,9.176582371237846,0.14377087179392248,-0.08962364994120933,0.7111414189629568,0.24804514519338203,0.05547857060114693,0.5537767885942045
1779789378.7746556,10.0,10.0,9.379520923828744,0.1438737345515058,-0.08945635589780093,0.7112474706659381,0.24804514519338203,0.05655019780114691,0.5537767885942045
1779789378.784665,10.0,10.0,9.524056855662646,0.14398004341108112,-0.08928513129840246,0.7113195676667025,0.24804514519338203,0.05655019780114691,0.5537767885942045
1779789378.7946594,10.0,10.0,9.631403353893758,0.14409280048234183,-0.08911855589113817,0.7113708814588537,0.24804514519338203,0.05760245460114717,0.5537767885942045
1779789378.8046198,10.0,10.0,9.723941396046683,0.1442208185821775,-0.08895065775997937,0.7113961538639729,0.24804514519338203,0.058666390401147045,0.5537767885942045
1779789378.814607,10.0,10.0,9.773027638766429,0.1443625220159271,-0.08877436191061473,0.7113993907485747,0.24804514519338203,0.05972393710114694,0.5537767885942045
1779789378.8246193,10.0,10.0,9.76567798737677,0.14452620949423894,-0.08858867754738904,0.7113787983016749,0.24804514519338203,0.06079057800114718,0.5537767885942045
1779789378.8345926,10.0,10.0,9.687726974442175,0.14469767205940373,-0.0883925954724053,0.7113294310586464,0.24804514519338203,0.06184487960114715,0.5537767885942045
1779789378.8446126,10.0,10.0,9.575526018481733,0.14488615075494596,-0.0881750645620951,0.7112450009377052,0.24804514519338203,0.06287717470114706,0.5537767885942045
1779789378.85471,10.0,10.0,9.41980369887575,0.14508024053734672,-0.08792899476257394,0.7111374786433745,0.24804514519338203,0.06392349030114708,0.5537767885942045
1779789378.864602,10.0,10.0,9.237294104992772,0.14528224866902656,-0.08766756881611804,0.7110121385585686,0.24804514519338203,0.06497248690114724,0.5537767885942045
1779789378.874618,10.0,10.0,9.004384005034828,0.1454922046549326,-0.08740013410401941,0.710886538107889,0.24804514519338203,0.06603362750114712,0.5537767885942045
1779789378.8845892,10.0,10.0,8.731918892491315,0.14570458634200725,-0.08713427696369667,0.7107721060612,0.24804514519338203,0.06706213350114723,0.5537767885942045
1779789378.8946722,10.0,10.0,8.450470713457609,0.1459116776350384,-0.08685957687970128,0.7106698607866299,0.24804514519338203,0.06810993790114714,0.5537767885942045
1779789378.9046054,10.0,10.0,8.154512957536769,0.14610639302063216,-0.0865836956436524,0.7105849106770423,0.24804514519338203,0.06922463320114722,0.5537767885942045
1779789378.9145956,10.0,10.0,7.842896495895366,0.14627818568369524,-0.08629748539983563,0.7105223653430478,0.24804514519338203,0.07026408590114712,0.5537767885942045
1779789378.9246795,10.0,10.0,7.5238425053991325,0.14643258169427043,-0.08599448774241648,0.710475845497651,0.24804514519338203,0.07129415590114696,0.5537767885942045
1779789378.9346058,10.0,10.0,7.234859064024655,0.14656731701459177,-0.08568795518288677,0.710446442731544,0.24804514519338203,0.07234246120114711,0.5537767885942045
1779789378.944669,10.0,10.0,6.949728233782602,0.14668225259321696,-0.08537809542699143,0.7104291879606047,0.24804514519338203,0.07337693050114716,0.5537767885942045
1779789378.9546475,10.0,10.0,6.664142889673286,0.14677503244779086,-0.08506617894029729,0.7104259694285976,0.24804514519338203,0.07448615550114723,0.5537767885942045
1779789378.9646227,10.0,10.0,6.411858811682466,0.14683725948567686,-0.08475455353938675,0.7104440417007752,0.24804514519338203,0.07553406810114723,0.5537767885942045
1779789378.974592,10.0,10.0,6.180336160680907,0.1468686610804079,-0.08444265076498855,0.7104883281684273,0.24804514519338203,0.07553406810114723,0.5537767885942045
1779789378.984674,10.0,10.0,5.95643993425414,0.14686558762135074,-0.08412402031149187,0.71055882609129,0.24804514519338203,0.0765820929011469,0.5537767885942045
1779789378.9946094,10.0,10.0,5.757972475185512,0.14684309573171417,-0.0837938497491093,0.7106639801334868,0.24804514519338203,0.07767841070114698,0.5537767885942045
1779789379.0046456,10.0,10.0,5.6149323334672046,0.14679152421746844,-0.08346415455302558,0.7107982997293789,0.24804514519338203,0.07879472110114712,0.5537767885942045
1779789379.0146236,10.0,10.0,5.504432341692127,0.14672422249433237,-0.08313973432238665,0.7109685355324447,0.24804514519338203,0.0798395379011471,0.5537767885942045
1779789379.0246167,10.0,10.0,5.424092250454955,0.1466355720036591,-0.08282995054389324,0.7111644148404102,0.24804514519338203,0.08086795170114705,0.5537767885942045
1779789379.034586,10.0,10.0,5.398077047695016,0.14652178309114383,-0.08252463926660403,0.7113843349411961,0.24804514519338203,0.08193396140114692,0.5537767885942045
1779789379.0445867,10.0,10.0,5.443772245023242,0.14639143263231594,-0.08222017868163362,0.7116268814042828,0.24804514519338203,0.08298320750114711,0.5537767885942045
1779789379.0546327,10.0,10.0,5.562900350380075,0.1462479352022057,-0.08191773093001917,0.7118995458405848,0.24804514519338203,0.08402451670114715,0.5537767885942045
1779789379.0646126,10.0,10.0,5.722177431295404,0.14609385148810555,-0.08162481500070011,0.7122052722174171,0.24804514519338203,0.0850754260011471,0.5537767885942045
1779789379.0746608,10.0,10.0,5.919603795316707,0.14594443377876692,-0.08134233853696332,0.7125388275047579,0.24804514519338203,0.0861457308011471,0.5537767885942045
1779789379.0846145,10.0,10.0,6.154946850773372,0.14579646415788594,-0.08107113827238717,0.7128967218830485,0.24804514519338203,0.08721843710114718,0.5537767885942045
1779789379.0946112,10.0,10.0,6.399062596270845,0.14565943773781972,-0.08079418395728594,0.7132645898589678,0.24736058709338202,0.08759158800114697,0.5537767885942045
1779789379.1046143,10.0,10.0,6.688139858922092,0.1455564609851463,-0.08051976775368765,0.7136390565897764,0.24628584189338196,0.08759158800114697,0.5537767885942045
1779789379.1146026,10.0,10.0,7.017254096011126,0.14547761509824325,-0.08026275015452684,0.7140018240271441,0.24523988899338175,0.08759158800114697,0.5537767885942045
1779789379.1245809,10.0,10.0,7.370569550799695,0.14541336527261353,-0.08001726773441596,0.7143386292966823,0.24420856569338198,0.08759158800114697,0.5537767885942045
1779789379.1345873,10.0,10.0,7.717906299335761,0.14536471050434194,-0.07977087033340823,0.7146534967357305,0.24316950369338206,0.08759158800114697,0.5537767885942045
1779789379.1445885,10.0,10.0,8.06453913139041,0.14533285976464252,-0.07952253702493574,0.7149360925497095,0.24209705789338185,0.08759158800114697,0.5537767885942045
1779789379.1546478,10.0,10.0,8.396324426470652,0.14532482684514478,-0.0792842945866611,0.7151793080267141,0.24209705789338185,0.08759158800114697,0.5537767885942045
1779789379.1646464,10.0,10.0,8.729983139500716,0.14534855140845523,-0.07906021797879946,0.7153843403997837,0.24102504089338198,0.08759158800114697,0.5537767885942045
1779789379.1745892,10.0,10.0,9.046731878543161,0.1454012023098843,-0.0788460809797528,0.7155486948836386,0.23998611719338178,0.08759158800114697,0.5537767885942045
1779789379.1846018,10.0,10.0,9.341607777832344,0.14547868635889483,-0.07862249618479109,0.7156704393047453,0.23895754699338204,0.08759158800114697,0.5537767885942045
1779789379.1946554,10.0,10.0,9.586716580934532,0.14557110251661018,-0.07840601821104845,0.7157615195197691,0.23791404969338178,0.08759158800114697,0.5537767885942045
1779789379.204609,10.0,10.0,9.77018765500266,0.14567618163590063,-0.07819929851486515,0.7158265687740393,0.23687341079338184,0.08759158800114697,0.5537767885942045
1779789379.2145844,10.0,10.0,9.907268946789973,0.14579237935465056,-0.07799658809406868,0.715879357179507,0.235773218793382,0.08759158800114697,0.5537767885942045
1779789379.2245998,10.0,10.0,9.99590363023403,0.14592268116400153,-0.07779923286663974,0.7159109308381723,0.23470444989338188,0.08759158800114697,0.5537767885942045
1779789379.2345965,10.0,10.0,10.056368562680742,0.14606836416833108,-0.07759934234509551,0.7159185057073763,0.23367660909338175,0.08759158800114697,0.5537767885942045
1779789379.2445974,10.0,10.0,10.057720289791495,0.14622058273253208,-0.07740218537916475,0.7159047088917376,0.23263298349338193,0.08759158800114697,0.5537767885942045
1779789379.25464,10.0,10.0,10.01135353068045,0.14638778419379234,-0.07720255557028866,0.7158626785796708,0.23160044389338205,0.08759158800114697,0.5537767885942045
1779789379.2646105,10.0,10.0,9.941277696849552,0.14658321502150126,-0.07699985651841629,0.7157988845626595,0.2305749714933821,0.08759158800114697,0.5537767885942045
1779789379.274638,10.0,10.0,9.830205978460574,0.1467999636017534,-0.07677127470392216,0.7157135829304969,0.22950805009338213,0.08759158800114697,0.5537767885942045
1779789379.2845793,10.0,10.0,9.663874429529429,0.14702821999775922,-0.07650837230697013,0.7156130404291594,0.22847800109338187,0.08759158800114697,0.5537767885942045
1779789379.294668,10.0,10.0,9.442699808223013,0.14726683630609544,-0.07623692618057251,0.7154977605729911,0.2274308980933821,0.08759158800114697,0.5537767885942045
1779789379.3046098,10.0,10.0,9.174587708133195,0.14750576634330093,-0.07595434369881739,0.7153771595818611,0.22638192649338187,0.08759158800114697,0.5537767885942045
1779789379.314623,10.0,10.0,8.891122685941614,0.1477371363548515,-0.07567248392306704,0.715258885408702,0.22533538539338202,0.08759158800114697,0.5537767885942045
1779789379.3245761,10.0,10.0,8.564087845728027,0.14795031861344482,-0.07538527799433092,0.7151460833955576,0.22427938659338195,0.08759158800114697,0.5537767885942045
1779789379.3346245,10.0,10.0,8.222392254740353,0.1481342184418496,-0.07509081698769926,0.7150392378138675,0.22322997209338205,0.08759158800114697,0.5537767885942045
1779789379.344601,10.0,10.0,7.870157196550993,0.14828679653026242,-0.0747932909316571,0.714952836011727,0.22219045839338206,0.08759158800114697,0.5537767885942045
1779789379.3546085,10.0,10.0,7.512617746340048,0.1484272739362367,-0.07448505597038237,0.7148763085999927,0.22115754999338186,0.08759158800114697,0.5537767885942045
1779789379.3646138,10.0,10.0,7.200281988401687,0.148545414615085,-0.07417094510286314,0.7148125981243353,0.22010393369338208,0.08759158800114697,0.5537767885942045
1779789379.374598,10.0,10.0,6.908815728896592,0.14864248131986382,-0.07384708207611611,0.7147584341259328,0.22010393369338208,0.08759158800114697,0.5537767885942045
1779789379.3846035,10.0,10.0,6.631047893514051,0.14871388042189795,-0.07352367115575276,0.714718946475825,0.21907867969338177,0.08759158800114697,0.5537767885942045
1779789379.3946457,10.0,10.0,6.3787675971018345,0.1487568094769909,-0.07319822733987888,0.7146981628474006,0.2179981315933819,0.08759158800114697,0.5537767885942045
1779789379.4046352,10.0,10.0,6.154791145587296,0.14878079241775724,-0.07287369980891792,0.7146856135815454,0.21697028979338204,0.08759158800114697,0.5537767885942045
1779789379.4146245,10.0,10.0,5.976671088059256,0.14877039433713427,-0.07254901666764914,0.7146945215970202,0.21588799549338197,0.08759158800114697,0.5537767885942045
1779789379.4246356,10.0,10.0,5.80236595025129,0.14873204543297314,-0.07221264586571773,0.7147284319822718,0.21485764089338202,0.08759158800114697,0.5537767885942045
1779789379.4346108,10.0,10.0,5.66576000934554,0.1486679579383966,-0.07188028274935027,0.7147884242670896,0.2137993337933821,0.08759158800114697,0.5537767885942045
1779789379.4446256,10.0,10.0,5.55369898067143,0.1485744116033732,-0.07155355676457904,0.7148803967125832,0.21277286049338182,0.08759158800114697,0.5537767885942045
1779789379.454587,10.0,10.0,5.47946163196126,0.14846458699566759,-0.07123515708197357,0.7150041312352334,0.21170586299338187,0.08759158800114697,0.5537767885942045
1779789379.4646037,10.0,10.0,5.4621298622948595,0.14834348198646713,-0.07092191407142676,0.7151629919459936,0.21068250559338184,0.08759158800114697,0.5537767885942045
1779789379.474654,10.0,10.0,5.51758002543789,0.1482182857467473,-0.07062315859802273,0.7153594067941237,0.20965484809338195,0.08759158800114697,0.5537767885942045
1779789379.4845798,10.0,10.0,5.631991716924154,0.14808196344615415,-0.07032989473106115,0.7155953801012647,0.20860701169338183,0.08759158800114697,0.5537767885942045
1779789379.4945805,10.0,10.0,5.778823312654011,0.1479373285120635,-0.07004886700601401,0.7158706920533484,0.20756355549338182,0.08759158800114697,0.5537767885942045
1779789379.50462,10.0,10.0,5.9643687509626835,0.14778720384963068,-0.06977437611009657,0.7161703663582448,0.20651768469338203,0.08759158800114697,0.5537767885942045
1779789379.514604,10.0,10.0,6.207147914408317,0.1476336139427532,-0.0695109128514276,0.7164832921212978,0.2054751321933818,0.08759158800114697,0.5537767885942045
1779789379.524579,10.0,10.0,6.490478116142654,0.14748128766399385,-0.06924923155698508,0.7167961136485512,0.2044204006933821,0.08759158800114697,0.5537767885942045
1779789379.5345569,10.0,10.0,6.792952597610564,0.14734351586420377,-0.06898997675079627,0.7171006071554751,0.20339275129338183,0.08759158800114697,0.5537767885942045
1779789379.544565,10.0,10.0,7.105353754904485,0.14722909912647478,-0.06873819668460694,0.7174110645493853,0.20236259109338198,0.08759158800114697,0.5537767885942045
1779789379.554593,10.0,10.0,7.441767043546235,0.14715235105448882,-0.0684936422325692,0.7177072145996586,0.20130364569338186,0.08759158800114697,0.5537767885942045
1779789379.564651,10.0,10.0,7.801127521885776,0.14710520750560455,-0.06825387111548259,0.7179716092265709,0.20027556949338213,0.08759158800114697,0.5537767885942045
1779789379.5746527,10.0,10.0,8.167241955340241,0.1470744253389481,-0.06802571474364835,0.7182014185487335,0.199186855993382,0.08759158800114697,0.5537767885942045
1779789379.5845933,10.0,10.0,8.517398650664504,0.14706365224677959,-0.06779957764264025,0.7183803801834678,0.198142163493382,0.08759158800114697,0.5537767885942045
1779789379.5945532,10.0,10.0,8.870358355345738,0.14707370898837013,-0.06758510810194147,0.7185030443245357,0.198142163493382,0.08759158800114697,0.5537767885942045
1779789379.604573,10.0,10.0,9.202905247368474,0.14709556985955688,-0.06738075827905997,0.7185812237711326,0.19710010989338186,0.08759158800114697,0.5537767885942045
1779789379.6146352,10.0,10.0,9.476448190849158,0.14712931992983866,-0.06718329772584751,0.718636755111238,0.19607395929338198,0.08759158800114697,0.5537767885942045
1779789379.6246111,10.0,10.0,9.70259986950357,0.14718547002934626,-0.06698941187499484,0.7186747964016317,0.19499337609338205,0.08759158800114697,0.5537767885942045
1779789379.634594,10.0,10.0,9.890108323646826,0.1472641736501544,-0.06681405569558443,0.7186905400552663,0.1939319620933819,0.08759158800114697,0.5537767885942045
1779789379.644586,10.0,10.0,10.045110842453438,0.14736595902414096,-0.06664838015440139,0.7186782001513528,0.19289179809338178,0.08759158800114697,0.5537767885942045
1779789379.654634,10.0,10.0,10.149768834304808,0.14748938010662568,-0.06648902332950507,0.718638362637985,0.19182891929338194,0.08759158800114697,0.5537767885942045
1779789379.6646073,10.0,10.0,10.207268317170236,0.14762445001715307,-0.06632982535944655,0.718566833973876,0.19078742979338195,0.08759158800114697,0.5537767885942045
1779789379.6746397,10.0,10.0,10.229575192091115,0.14777601690544312,-0.06617950713952762,0.7184679305720185,0.1897625915933819,0.08759158800114697,0.5537767885942045
1779789379.6846898,10.0,10.0,10.180186297583456,0.14795047819078397,-0.0660293814820137,0.7183464652329185,0.18871572999338185,0.08759158800114697,0.5537767885942045
1779789379.694621,10.0,10.0,10.08558471176861,0.14814575936656235,-0.06587563329609045,0.7181956729610065,0.18766620729338188,0.08759158800114697,0.5537767885942045
1779789379.7045846,10.0,10.0,9.959293170090046,0.1483682721236405,-0.06571067521974373,0.7180222893619597,0.18660069559338197,0.08759158800114697,0.5537767885942045
1779789379.7145774,10.0,10.0,9.798832960610225,0.14859936066763602,-0.06553173748301029,0.7178335603771522,0.18555216779338188,0.08759158800114697,0.5537767885942045
1779789379.7246275,10.0,10.0,9.556622040811513,0.148823773347802,-0.06533556265631447,0.7176380844078003,0.1845114647933819,0.08759158800114697,0.5537767885942045
1779789379.7345817,10.0,10.0,9.248869973981629,0.14904395935580053,-0.06512848356561574,0.7174388365970845,0.18348354379338191,0.08759158800114697,0.5537767885942045
1779789379.7445726,10.0,10.0,8.931798405312259,0.14923240604180368,-0.06492248441867543,0.7172331078833133,0.18245421319338176,0.08759158800114697,0.5537767885942045
1779789379.7545834,10.0,10.0,8.588303481490163,0.14938879790556178,-0.06471303693735825,0.7170383588227579,0.18140531379338184,0.08759158800114697,0.5537767885942045
1779789379.7646177,10.0,10.0,8.219351599084018,0.14952803321635644,-0.06449179776228327,0.7168639152590046,0.1803802661933819,0.08759158800114697,0.5537767885942045
1779789379.774607,10.0,10.0,7.8526217829071285,0.14965732939090373,-0.06425755793513202,0.7167183091458198,0.17933683399338204,0.08759158800114697,0.5537767885942045
1779789379.784579,10.0,10.0,7.506335452682761,0.1497803472335882,-0.06402139821958319,0.7166055615165662,0.1783052741933819,0.08759158800114697,0.5537767885942045
1779789379.7946017,10.0,10.0,7.189754134434947,0.14988411468959612,-0.06378254887802424,0.7165185041905371,0.177277079793382,0.08759158800114697,0.5537767885942045
1779789379.8046238,10.0,10.0,6.878637881725588,0.1499699988044087,-0.06353365582135861,0.7164325502378138,0.17620547349338198,0.08759158800114697,0.5537767885942045
1779789379.8146026,10.0,10.0,6.595608241422023,0.15002263753859596,-0.06326403303795777,0.71635632620581,0.17517629319338182,0.08759158800114697,0.5537767885942045
1779789379.824621,10.0,10.0,6.337491974996383,0.15003717777727854,-0.06299245965721685,0.716295924224364,0.17414362529338198,0.08759158800114697,0.5537767885942045
1779789379.8346078,10.0,10.0,6.093188495990986,0.15002074456284006,-0.06271667776991374,0.7162502755961753,0.17310370469338207,0.08759158800114697,0.5537767885942045
1779789379.84458,10.0,10.0,5.898208176115744,0.14997378273035564,-0.06244390398650984,0.7162224734152088,0.17310370469338207,0.08759158800114697,0.5537767885942045
1779789379.8546114,10.0,10.0,5.719925330424954,0.14990005233784162,-0.06216600898623804,0.7162206858358166,0.1720782463933819,0.08759158800114697,0.5537767885942045
1779789379.8645728,10.0,10.0,5.576980383146107,0.14979901864058387,-0.06188415645400377,0.7162498731080856,0.17098321809338193,0.08759158800114697,0.5537767885942045
1779789379.874667,10.0,10.0,5.472470449458423,0.1496845470003351,-0.06160425049846659,0.716312242887186,0.16990473989338176,0.08759158800114697,0.5537767885942045
1779789379.8846202,10.0,10.0,5.440242715901348,0.14955937420124646,-0.061333368564599616,0.7164127672120617,0.16884729739338197,0.08759158800114697,0.5537767885942045
1779789379.8946197,10.0,10.0,5.48074845431923,0.1494303487379988,-0.061062884663487985,0.7165498179538807,0.1678070340933818,0.08759158800114697,0.5537767885942045
1779789379.9046712,10.0,10.0,5.5966811937522785,0.14929913121850766,-0.06079914303548455,0.716721312994353,0.16678090659338204,0.08759158800114697,0.5537767885942045
1779789379.9146752,10.0,10.0,5.762450580899969,0.1491596587652249,-0.06054753546891918,0.7169389133808238,0.16570469559338183,0.08759158800114697,0.5537767885942045
1779789379.9245975,10.0,10.0,5.948667325010816,0.14902573252051096,-0.060316973024866834,0.7171889028633611,0.16467786169338192,0.08759158800114697,0.5537767885942045
1779789379.934636,10.0,10.0,6.169701841384438,0.14889052333309957,-0.060085880160815223,0.7174486411241794,0.163604234693382,0.08759158800114697,0.5537767885942045
1779789379.9445813,10.0,10.0,6.43318358781884,0.1487552602224126,-0.059854714273602186,0.7176971209956674,0.16257704709338192,0.08759158800114697,0.5537767885942045
1779789379.954658,10.0,10.0,6.738307562781483,0.1486328745011434,-0.05963216210636413,0.7179327484989246,0.16150875509338183,0.08759158800114697,0.5537767885942045
1779789379.9645958,10.0,10.0,7.091855522537939,0.14853089293486002,-0.05941154134397772,0.7181391428430113,0.16047155669338195,0.08759158800114697,0.5537767885942045
1779789379.9746366,10.0,10.0,7.465763393442564,0.14846180839258413,-0.05920120488426873,0.7183185970652424,0.15941756259338183,0.08759158800114697,0.5537767885942045
1779789379.9846263,10.0,10.0,7.832067499239691,0.14843442182714872,-0.0589939164576644,0.7184690212389242,0.15838857969338208,0.08759158800114697,0.5537767885942045
1779789379.994629,10.0,10.0,8.18387304548352,0.14843293532739987,-0.058793099107789175,0.7185805031078064,0.15735481669338183,0.08759158800114697,0.5537767885942045
1779789380.0046048,10.0,10.0,8.518475308125032,0.14844890521091633,-0.058606160656293566,0.7186456158742659,0.15629027679338206,0.08759158800114697,0.5537767885942045
1779789380.0146172,10.0,10.0,8.821552475698065,0.14846728351445135,-0.05843068363760073,0.7186808116989455,0.1552618838933821,0.08759158800114697,0.5537767885942045
1779789380.0245721,10.0,10.0,9.101050662352508,0.14849685706135593,-0.05825958158275184,0.7186896682195291,0.15419041689338184,0.08759158800114697,0.5537767885942045
1779789380.0346017,10.0,10.0,9.379070396446657,0.14855454174683302,-0.058097862891358557,0.7186750867821979,0.1531670565933819,0.08759158800114697,0.5537767885942045
1779789380.044587,10.0,10.0,9.617676856279312,0.14863081769831873,-0.05794221225949039,0.7186366511117487,0.1531670565933819,0.08759158800114697,0.5537767885942045
1779789380.054591,10.0,10.0,9.77534097397975,0.1487238447832037,-0.05779807448121924,0.7185713637196063,0.15207747039338207,0.08759158800114697,0.5537767885942045
1779789380.0645885,10.0,10.0,9.885347900422516,0.14883696672674424,-0.057650712873639126,0.7184753014807209,0.15098323859338195,0.08759158800114697,0.5537767885942045
1779789380.074575,10.0,10.0,9.953806066158476,0.1489695128238538,-0.0575027013968315,0.7183528972182293,0.1499366203933821,0.08759158800114697,0.5537767885942045
1779789380.0846262,10.0,10.0,9.978954365829424,0.1491225003872622,-0.05735418272529711,0.7182038196593148,0.14886903469338186,0.08759158800114697,0.5537767885942045
1779789380.0945752,10.0,10.0,9.958814004069396,0.14929199238922713,-0.05718944004035281,0.7180339907072054,0.14778238309338185,0.08759158800114697,0.5537767885942045
1779789380.1046023,10.0,10.0,9.876410962642119,0.1494740088623721,-0.057015555002651395,0.7178410002564265,0.14673806319338212,0.08759158800114697,0.5537767885942045
1779789380.1146379,10.0,10.0,9.745375249346804,0.14966815959157245,-0.056830468758363006,0.7176291243584318,0.14568664399338188,0.08759158800114697,0.5537767885942045
1779789380.1246643,10.0,10.0,9.548732588314147,0.1498658936770201,-0.05664086696117681,0.7173990053666847,0.144639256393382,0.08759158800114697,0.5537767885942045
1779789380.134584,10.0,10.0,9.278011494878319,0.15005534012221416,-0.05643669847874854,0.7171554492005086,0.14359524809338212,0.08759158800114697,0.5537767885942045
1779789380.1445663,10.0,10.0,8.961565620995458,0.15021682948487286,-0.05622105587622856,0.716900195564289,0.14256830289338182,0.08759158800114697,0.5537767885942045
1779789380.1545856,10.0,10.0,8.64264304076462,0.15035423114701182,-0.05600329746520823,0.7166422369527806,0.141494964393382,0.08759158800114697,0.5537767885942045
1779789380.1645834,10.0,10.0,8.326907410472169,0.15048874627120473,-0.05579562533138033,0.7164083238134733,0.14044311539338208,0.08759158800114697,0.5537767885942045
1779789380.1746726,10.0,10.0,7.998357124234362,0.15061407007448596,-0.055578605475303675,0.7162006263285977,0.1394119913933821,0.08759158800114697,0.5537767885942045
1779789380.1845849,10.0,10.0,7.669962822454288,0.15071754495214829,-0.05535317281956096,0.7160216258924867,0.13837313579338187,0.08759158800114697,0.5537767885942045
1779789380.1945872,10.0,10.0,7.349361680240289,0.15080224990849747,-0.05512190749647223,0.7158706961034798,0.13728110809338182,0.08759158800114697,0.5537767885942045
1779789380.2045987,10.0,10.0,7.050359680419048,0.1508537561013103,-0.05489446589183617,0.7157495542166482,0.13621310159338193,0.08759158800114697,0.5537767885942045
1779789380.2145944,10.0,10.0,6.769288206155783,0.15088495649747075,-0.054659249474926355,0.7156448001820213,0.1351841456933819,0.08759158800114697,0.5537767885942045
1779789380.2246537,10.0,10.0,6.522912427134805,0.15089602898243726,-0.05442293399860833,0.7155591583233645,0.13415778559338207,0.08759158800114697,0.5537767885942045
1779789380.2345726,10.0,10.0,6.305508086289959,0.15088473176984551,-0.05417929145591571,0.7154802931259407,0.1331247900933821,0.08759158800114697,0.5537767885942045
1779789380.244612,10.0,10.0,6.105095719696807,0.1508491904851299,-0.05393663119288382,0.7154200953378737,0.1331247900933821,0.08759158800114697,0.5537767885942045
1779789380.254573,10.0,10.0,5.940129173257393,0.15079798500216768,-0.05370530716799034,0.7153761279381314,0.13202788819338201,0.08759158800114697,0.5537767885942045
1779789380.2645721,10.0,10.0,5.831442576502978,0.15072732407313183,-0.05347293432059095,0.7153475067117536,0.13099870079338202,0.08759158800114697,0.5537767885942045
1779789380.2746038,10.0,10.0,5.7613783460082555,0.15064481171760835,-0.05323789786759856,0.7153427961521721,0.12996376969338178,0.08759158800114697,0.5537767885942045
1779789380.2845945,10.0,10.0,5.731967202262462,0.15055049200739254,-0.053008852277939014,0.7153654072738166,0.12888175579338182,0.08759158800114697,0.5537767885942045
1779789380.2946093,10.0,10.0,5.737232031753581,0.1504496224096197,-0.052789767670194616,0.715416734030988,0.12783528889338205,0.08759158800114697,0.5537767885942045
1779789380.3045917,10.0,10.0,5.793194152543375,0.15034130332794735,-0.05257355396484592,0.7154995042663346,0.12679708449338206,0.08759158800114697,0.5537767885942045
1779789380.314598,10.0,10.0,5.9133779335099295,0.15023592324600674,-0.05237665813461282,0.7156091733388744,0.1257698638933821,0.08759158800114697,0.5537767885942045
1779789380.3245769,10.0,10.0,6.067033482564765,0.1501270664411057,-0.052189163969869105,0.715757109132419,0.12470219809338196,0.08759158800114697,0.5537767885942045
1779789380.3345869,10.0,10.0,6.241288121186655,0.15002818760289258,-0.052012835555271815,0.715934710258951,0.12365114949338185,0.08759158800114697,0.5537767885942045
1779789380.3445938,10.0,10.0,6.467225022482725,0.14993161368186939,-0.0518446449960767,0.7161109314228724,0.12258672179338176,0.08759158800114697,0.5537767885942045
1779789380.3545895,10.0,10.0,6.714034668863468,0.14983738039535457,-0.051685525804653965,0.7162796974326757,0.12154148519338184,0.08759158800114697,0.5537767885942045
1779789380.3645868,10.0,10.0,6.979862847198769,0.14975527502152514,-0.051531518992689276,0.7164266181476286,0.120502973293382,0.08759158800114697,0.5537767885942045
1779789380.37459,10.0,10.0,7.264625881875849,0.14967880666196967,-0.05138676992087175,0.7165609992575523,0.119476954893382,0.08759158800114697,0.5537767885942045
1779789380.3845649,10.0,10.0,7.554369887195673,0.14961812034544306,-0.0512457314676083,0.7166687010065533,0.1184239636933821,0.08759158800114697,0.5537767885942045
1779789380.394598,10.0,10.0,7.8392058115603245,0.14957832981472488,-0.05110832079113209,0.7167432159946815,0.11738823699338177,0.08759158800114697,0.5537767885942045
1779789380.4045956,10.0,10.0,8.121121031339138,0.14955886688933048,-0.050979939082315025,0.7167832487628747,0.1163402862933818,0.08759158800114697,0.5537767885942045
1779789380.4145691,10.0,10.0,8.39857417054441,0.14956399034886766,-0.05085706703735188,0.716799777449257,0.11530836279338211,0.08759158800114697,0.5537767885942045
1779789380.4246209,10.0,10.0,8.663341936822961,0.14958890147042553,-0.05074170520912948,0.7168078246405359,0.11428263589338208,0.08759158800114697,0.5537767885942045
1779789380.4346514,10.0,10.0,8.899736550603683,0.14962854360907307,-0.050633738101222354,0.7168004540620049,0.11325479209338205,0.08759158800114697,0.5537767885942045
1779789380.4446044,10.0,10.0,9.097172571659772,0.1496878526394617,-0.05053069980482595,0.7167700746980734,0.11215444569338187,0.08759158800114697,0.5537767885942045
1779789380.4546537,10.0,10.0,9.245978680845006,0.14976892045852444,-0.05042670438435377,0.7167114727316448,0.1111183012933818,0.08759158800114697,0.5537767885942045
1779789380.4645684,10.0,10.0,9.365901238314713,0.14987048502383993,-0.05032083810107051,0.7166279316731357,0.11008780639338198,0.08759158800114697,0.5537767885942045
1779789380.4745705,10.0,10.0,9.43641059055001,0.14999178874539995,-0.05022552694118187,0.7165174929699203,0.11008780639338198,0.08759158800114697,0.5537767885942045
1779789380.4845693,10.0,10.0,9.448374870695796,0.15013720516496648,-0.050127063906391614,0.7163777287117681,0.10904480599338198,0.08759158800114697,0.5537767885942045
1779789380.494588,10.0,10.0,9.435090692530176,0.15029292452300577,-0.050015500184676404,0.7162130472852043,0.1080055957933819,0.08759158800114697,0.5537767885942045
1779789380.504606,10.0,10.0,9.345665632648053,0.1504611060994857,-0.04988606774664419,0.7160230659923336,0.10696999539338206,0.08759158800114697,0.5537767885942045
1779789380.5145876,10.0,10.0,9.218968341422974,0.15063722819301636,-0.04974180492023531,0.7158130468563308,0.10589201709338206,0.08759158800114697,0.5537767885942045
1779789380.5245738,10.0,10.0,9.030393505255946,0.1508214970850255,-0.049593748599459954,0.7155820191198067,0.10485130599338177,0.08759158800114697,0.5537767885942045
1779789380.5345562,10.0,10.0,8.794958507608026,0.15099481188238706,-0.04943528451375975,0.7153462389325953,0.10380213699338192,0.08759158800114697,0.5537767885942045
1779789380.5445566,10.0,10.0,8.513798827932712,0.1511544077737832,-0.049269727190654936,0.7151022043625791,0.10277384739338194,0.08759158800114697,0.5537767885942045
1779789380.5546002,10.0,10.0,8.218108666499637,0.1512920575647562,-0.04909460066938999,0.7148592339281438,0.1017078937933821,0.08759158800114697,0.5537767885942045
1779789380.564538,10.0,10.0,7.912597678978385,0.1514097528207542,-0.04892461751636524,0.7146257638283635,0.10068161689338204,0.08759158800114697,0.5537767885942045
1779789380.574576,10.0,10.0,7.598954347926282,0.15150672576082466,-0.04875624701077363,0.7144061429861809,0.099653459493382,0.08759158800114697,0.5537767885942045
1779789380.5846033,10.0,10.0,7.275624959003072,0.15157975167816143,-0.04858471769663266,0.7142041408784672,0.09858977609338204,0.08759158800114697,0.5537767885942045
1779789380.5945764,10.0,10.0,6.956836818230688,0.15162131843186244,-0.04841439489635769,0.7140240582465351,0.09755513949338201,0.08759158800114697,0.5537767885942045
1779789380.6045911,10.0,10.0,6.6705647222931495,0.15163739592215844,-0.04825723677896657,0.7138593183242574,0.09651774969338192,0.08759158800114697,0.5537767885942045
1779789380.614566,10.0,10.0,6.410015132916948,0.15162863721301945,-0.048108804613260794,0.7137253161239495,0.09547387159338178,0.08759158800114697,0.5537767885942045
1779789380.6245828,10.0,10.0,6.162098342993921,0.15159960573252007,-0.04796173393621688,0.7136271193786125,0.09440737399338203,0.08759158800114697,0.5537767885942045
1779789380.634669,10.0,10.0,5.949764160389321,0.15154856252063992,-0.04782119193779904,0.7135578774977496,0.0933717895933821,0.08759158800114697,0.5537767885942045
1779789380.644562,10.0,10.0,5.778589498764063,0.15147737573352815,-0.04767747703596627,0.7135163423590453,0.09226611519338199,0.08759158800114697,0.5537767885942045
1779789380.6545806,10.0,10.0,5.6466062283390945,0.15138775617528555,-0.04753785703784033,0.7134974378165758,0.09120356899338197,0.08759158800114697,0.5537767885942045
1779789380.6645672,10.0,10.0,5.572627876515088,0.1512864117021271,-0.04739435458293584,0.7134930145667614,0.09017774699338191,0.08759158800114697,0.5537767885942045
1779789380.6745646,10.0,10.0,5.56428204189803,0.15118144412729798,-0.04725852249213469,0.7135084767796042,0.08910732899338178,0.08759158800114697,0.5537767885942045
1779789380.6846266,10.0,10.0,5.610040707280336,0.15107910942293012,-0.04712489617644092,0.7135459376034502,0.08910732899338178,0.08759158800114697,0.5537767885942045
1779789380.6946328,10.0,10.0,5.689481852475595,0.15097060382632696,-0.04700055822815225,0.7136024399488162,0.08808118329338191,0.08759158800114697,0.5537767885942045
1779789380.704591,10.0,10.0,5.797563693702414,0.15086249108382907,-0.0468791216476754,0.7136853293915306,0.08702825419338181,0.08759158800114697,0.5537767885942045
1779789380.7145898,10.0,10.0,5.955388355151883,0.15075670349249293,-0.04675381097486358,0.7137858604904715,0.08600006879338196,0.08759158800114697,0.5537767885942045
1779789380.7245808,10.0,10.0,6.152378926368535,0.15065303854503934,-0.046632201805649594,0.7138966301885725,0.08496944069338178,0.08759158800114697,0.5537767885942045
1779789380.7346463,10.0,10.0,6.38452678330062,0.15055605986404452,-0.04650885942232413,0.7140141111322519,0.08392444149338193,0.08759158800114697,0.5537767885942045
1779789380.744594,10.0,10.0,6.652399439767163,0.15046347022576653,-0.0463807950005346,0.7141197110078796,0.08290022949338186,0.08759158800114697,0.5537767885942045
1779789380.7546353,10.0,10.0,6.922736646605799,0.1503868566855962,-0.046258124803021404,0.7142153964276579,0.08187793519338199,0.08759158800114697,0.5537767885942045
1779789380.7645915,10.0,10.0,7.20498211762907,0.15032667196161764,-0.04613343458474975,0.7142855768795536,0.08082956369338204,0.08759158800114697,0.5537767885942045
1779789380.7745945,10.0,10.0,7.493800191751943,0.15028763658723218,-0.04600825296097712,0.7143286639038419,0.079783238993382,0.08759158800114697,0.5537767885942045
1779789380.784609,10.0,10.0,7.777670574918993,0.15026253484753052,-0.04589135739716173,0.7143497110711208,0.078726038893382,0.08759158800114697,0.5537767885942045
1779789380.794557,10.0,10.0,8.036430909818016,0.1502587935705391,-0.04577779694020123,0.7143581373330693,0.07768222499338187,0.08759158800114697,0.5537767885942045
1779789380.8045917,10.0,10.0,8.264156626932806,0.1502659883002148,-0.045667612911535156,0.7143628663631231,0.07663571599338184,0.08759158800114697,0.5537767885942045
1779789380.814585,10.0,10.0,8.472983947231587,0.15029098225499601,-0.04556053294465206,0.7143575969119337,0.07560952329338197,0.08759158800114697,0.5537767885942045
1779789380.8245795,10.0,10.0,8.666867067003114,0.15032924899922304,-0.045458850635178044,0.7143375913593097,0.07458422019338187,0.08759158800114697,0.5537767885942045
1779789380.834597,10.0,10.0,8.81544899503209,0.15037851197031132,-0.04536809243604764,0.7142927131735044,0.0735341074933821,0.08759158800114697,0.5537767885942045
1779789380.8446395,10.0,10.0,8.912655476455638,0.15044023081724453,-0.045279009992274355,0.7142266692376142,0.07247970059338191,0.08759158800114697,0.5537767885942045
1779789380.8546426,10.0,10.0,8.989511030839354,0.1505207714663222,-0.04519713852919358,0.7141306117705779,0.07140857929338187,0.08759158800114697,0.5537767885942045
1779789380.8646238,10.0,10.0,9.012845164120382,0.15061591463353852,-0.04512331682880717,0.7140034103481893,0.07036940109338194,0.08759158800114697,0.5537767885942045
1779789380.874562,10.0,10.0,9.003458482132446,0.15072202100157694,-0.045049669467203186,0.7138497931594207,0.06932811189338181,0.08759158800114697,0.5537767885942045
1779789380.884564,10.0,10.0,8.965291763581352,0.15084503128048649,-0.04496870759331364,0.7136704715890885,0.06829380389338197,0.08759158800114697,0.5537767885942045
1779789380.8945823,10.0,10.0,8.878727276678239,0.15097210356870291,-0.04489021214915811,0.7134677978831073,0.06726482799338204,0.08759158800114697,0.5537767885942045
1779789380.9045794,10.0,10.0,8.722195631729669,0.151109602964783,-0.04479935951981677,0.7132335780344757,0.06620569519338201,0.08759158800114697,0.5537767885942045
1779789380.9146123,10.0,10.0,8.518245255171825,0.15124161057032773,-0.04470577332894757,0.712982096092125,0.06517789539338209,0.08759158800114697,0.5537767885942045
1779789380.9245934,10.0,10.0,8.243558783728169,0.15136627911772055,-0.044599375885214045,0.7127190772780531,0.06414074709338208,0.08759158800114697,0.5537767885942045
1779789380.9345975,10.0,10.0,7.9548406696563205,0.15148570792733376,-0.044483971668760586,0.7124418363487101,0.06310722459338186,0.08759158800114697,0.5537767885942045
1779789380.9445934,10.0,10.0,7.673416012587309,0.15158708091004583,-0.04436950597728064,0.7121629242319748,0.06310722459338186,0.08759158800114697,0.5537767885942045
1779789380.954592,10.0,10.0,7.384269344473004,0.15166856164776563,-0.044247841023627256,0.7118827444098457,0.062081364493381835,0.08759158800114697,0.5537767885942045
1779789380.9645824,10.0,10.0,7.118903290259844,0.15171570721041713,-0.04412175674231126,0.7116137438893169,0.061037085693381926,0.08759158800114697,0.5537767885942045
1779789380.9746127,10.0,10.0,6.868933616915157,0.1517335297342361,-0.04399317564634272,0.7113584003108037,0.05997896779338205,0.08759158800114697,0.5537767885942045
1779789380.984591,10.0,10.0,6.641466206107641,0.15172882227247603,-0.04387381260490826,0.7111278039479778,0.058907516793382075,0.08759158800114697,0.5537767885942045
1779789380.994624,10.0,10.0,6.449861504555845,0.15169593891809036,-0.04375982579874595,0.71092627663123,0.05787688379338182,0.08759158800114697,0.5537767885942045
1779789381.0046022,10.0,10.0,6.278938637843134,0.15164703026610055,-0.043654358560212526,0.7107539639994499,0.05679829939338174,0.08759158800114697,0.5537767885942045
1779789381.0145946,10.0,10.0,6.129760111380758,0.15157810954950976,-0.04354707552977286,0.7106159524993098,0.055770818193381894,0.08759158800114697,0.5537767885942045
1779789381.0245922,10.0,10.0,6.004889416235794,0.1514909748794245,-0.0434434929499522,0.7105188665741002,0.05471878079338202,0.08759158800114697,0.5537767885942045
1779789381.0345652,10.0,10.0,5.917091488410525,0.1513946953981768,-0.04335043761012344,0.7104603415203858,0.053684918593381786,0.08759158800114697,0.5537767885942045
1779789381.0445807,10.0,10.0,5.864359366553521,0.15128939708009784,-0.04325083144571747,0.7104441521108992,0.05264390299338187,0.08759158800114697,0.5537767885942045
1779789381.0545974,10.0,10.0,5.843617161760034,0.15118967082050166,-0.04315164575912038,0.7104530728972013,0.0516089907933818,0.08759158800114697,0.5537767885942045
1779789381.064607,10.0,10.0,5.867442087961756,0.15109396570108682,-0.043056810611370816,0.7104773667651787,0.05057715639338198,0.08759158800114697,0.5537767885942045
1779789381.0747192,10.0,10.0,5.925641541518005,0.15099886425137182,-0.042971060001293,0.7105264019588635,0.049542042893381905,0.08759158800114697,0.5537767885942045
1779789381.0845752,10.0,10.0,6.0304247629539125,0.15089919248866288,-0.04289469846030241,0.7105962883070615,0.04851161209338209,0.08759158800114697,0.5537767885942045
1779789381.0945587,10.0,10.0,6.1932428342858925,0.150805252223743,-0.04281493485135195,0.7106850496673367,0.048045145193382044,0.08702576670114695,0.5537767885942045
1779789381.1045575,10.0,10.0,6.388186632383315,0.15071222328266193,-0.042740200489717405,0.7107863093002545,0.048045145193382044,0.0859862178011469,0.5537767885942045
1779789381.1145594,10.0,10.0,6.612721768422439,0.1506326135477811,-0.04267213331991887,0.7108847449904786,0.048045145193382044,0.08495018350114669,0.5537767885942045
1779789381.124574,10.0,10.0,6.86899555793201,0.15055995902567348,-0.04260532849853194,0.7109707518359774,0.048045145193382044,0.08392580320114688,0.5537767885942045
1779789381.1345985,10.0,10.0,7.13109733075801,0.1504938375910799,-0.04254602552902862,0.711044679718297,0.048045145193382044,0.082880742901147,0.5537767885942045
1779789381.1446612,10.0,10.0,7.37968586910586,0.15044214562459898,-0.04249218513777144,0.7110918272463854,0.048045145193382044,0.0818325928011469,0.5537767885942045
1779789381.1545584,10.0,10.0,7.636378431903144,0.15040778686183282,-0.04244804743590672,0.7111116674491832,0.048045145193382044,0.08078667490114674,0.5537767885942045
1779789381.164646,10.0,10.0,7.874757746346763,0.15038708549685847,-0.04240643015285083,0.7111188848136247,0.048045145193382044,0.07973744480114682,0.5537767885942045
1779789381.1745772,10.0,10.0,8.07939083909213,0.15038585408593552,-0.042371821502163405,0.7111160947707261,0.048045145193382044,0.07869835780114698,0.5537767885942045
1779789381.1845775,10.0,10.0,8.253143984439197,0.1504008709288936,-0.04234822503664137,0.711101460418582,0.048045145193382044,0.07764967060114684,0.5537767885942045
1779789381.1945686,10.0,10.0,8.408728518095993,0.1504227675706897,-0.042325063804752275,0.7110630977310021,0.048045145193382044,0.07764967060114684,0.5537767885942045
1779789381.2045648,10.0,10.0,8.527349401606111,0.15045407901779606,-0.04230710159112447,0.710998688996182,0.048045145193382044,0.07662300500114697,0.5537767885942045
1779789381.2145593,10.0,10.0,8.623411108469238,0.1504959288231064,-0.042285455264497625,0.7109059165342794,0.048045145193382044,0.07555630200114691,0.5537767885942045
1779789381.2245705,10.0,10.0,8.698164720190183,0.1505519247139592,-0.042263020096664015,0.7107879274513166,0.048045145193382044,0.07452923960114688,0.5537767885942045
1779789381.2346003,10.0,10.0,8.746222533834507,0.15061945991015765,-0.042227398153447615,0.7106476647993477,0.048045145193382044,0.07345102190114694,0.5537767885942045
1779789381.2446246,10.0,10.0,8.781771576422203,0.1507017346398346,-0.042185451807261125,0.7104820818913504,0.048045145193382044,0.07240992200114682,0.5537767885942045
1779789381.2546268,10.0,10.0,8.783564146934076,0.15079211125941677,-0.042134522379426956,0.7102984972283125,0.048045145193382044,0.07136921000114682,0.5537767885942045
1779789381.2646177,10.0,10.0,8.712943395236593,0.15088668177222966,-0.0420768164887411,0.710090447957861,0.048045145193382044,0.0703167026011468,0.5537767885942045
1779789381.2745888,10.0,10.0,8.59719867046763,0.150993294903612,-0.04200815312314591,0.7098558559750259,0.048045145193382044,0.06926526240114697,0.5537767885942045
1779789381.2845871,10.0,10.0,8.445459173732509,0.1511007734858042,-0.04193476887033962,0.709592375670988,0.048045145193382044,0.06823495290114685,0.5537767885942045
1779789381.2945948,10.0,10.0,8.247214728691665,0.1512039638714678,-0.04185670354148922,0.7093143620542949,0.048045145193382044,0.06719882440114702,0.5537767885942045
1779789381.3045733,10.0,10.0,8.00074965279476,0.1513020473866666,-0.0417696905044943,0.7090238435217393,0.048045145193382044,0.06615506360114701,0.5537767885942045
1779789381.314598,10.0,10.0,7.74643887785972,0.15138716405516114,-0.04168949991654379,0.7087306539519236,0.048045145193382044,0.06513041570114672,0.5537767885942045
1779789381.3246386,10.0,10.0,7.48838515079953,0.15144897758207912,-0.04161923338227553,0.7084421076815308,0.048045145193382044,0.06406901470114697,0.5537767885942045
1779789381.3346224,10.0,10.0,7.249150852334015,0.1514883211513236,-0.04155321718863841,0.7081547583609822,0.048045145193382044,0.06303578070114682,0.5537767885942045
1779789381.3445888,10.0,10.0,7.043314668040211,0.15149705585859102,-0.041497213364418174,0.7078759669073763,0.048045145193382044,0.06196744250114683,0.5537767885942045
1779789381.3545907,10.0,10.0,6.8566940536857635,0.15148371164519422,-0.04144348258921971,0.7076108727982096,0.048045145193382044,0.06084870150114667,0.5537767885942045
1779789381.364552,10.0,10.0,6.691922811108421,0.1514576363727567,-0.041400625336918594,0.7073775199949678,0.048045145193382044,0.059820071201146935,0.5537767885942045
1779789381.3745863,10.0,10.0,6.538350249726822,0.1514091198153996,-0.04137810692676618,0.7071790062728947,0.048045145193382044,0.058731662201146825,0.5537767885942045
1779789381.3845854,10.0,10.0,6.392767492839153,0.15134842401999368,-0.04136611736909666,0.7070208327097012,0.048045145193382044,0.0576539575011467,0.5537767885942045
1779789381.3946335,10.0,10.0,6.2711446821637775,0.15127139790934807,-0.04136056249212464,0.7069061420720426,0.048045145193382044,0.0576539575011467,0.5537767885942045
1779789381.4045944,10.0,10.0,6.161346228879879,0.15117723374122813,-0.04136638074438613,0.7068299979380409,0.048045145193382044,0.05661272840114691,0.5537767885942045
1779789381.4145637,10.0,10.0,6.076654227041429,0.1510733271837807,-0.041378235159560066,0.7067911180182803,0.048045145193382044,0.05555321290114683,0.5537767885942045
1779789381.4245493,10.0,10.0,6.023178243957603,0.15096906956590841,-0.041392936014383146,0.7067711990276158,0.048045145193382044,0.05451670470114685,0.5537767885942045
1779789381.4345849,10.0,10.0,6.006576692244995,0.1508657758296222,-0.041409685520536324,0.7067631107072024,0.048045145193382044,0.053469304001146925,0.5537767885942045
1779789381.4445994,10.0,10.0,6.026282912563669,0.1507524512691866,-0.04143389913455865,0.7067699059930591,0.048045145193382044,0.05244057550114689,0.5537767885942045
1779789381.454609,10.0,10.0,6.079400674935181,0.15063402511053958,-0.0414685811864101,0.7067903671427421,0.048045145193382044,0.051410964301147,0.5537767885942045
1779789381.4645498,10.0,10.0,6.199523455161388,0.15051183260328585,-0.04151115189866839,0.7068280992699403,0.048045145193382044,0.050347339101146873,0.5537767885942045
1779789381.4746609,10.0,10.0,6.371120949506597,0.1503940419767897,-0.04155936527132449,0.7068867157896277,0.048045145193382044,0.04931783010114692,0.5537767885942045
1779789381.4845495,10.0,10.0,6.588449423808884,0.15029783572448754,-0.04160440438193328,0.7069576200709974,0.048045145193382044,0.048247918001146736,0.5537767885942045
1779789381.494561,10.0,10.0,6.837532657894252,0.15021150597938454,-0.041650047456011405,0.7070337852945106,0.048045145193382044,0.0472238914011467,0.5537767885942045
1779789381.5045943,10.0,10.0,7.091189950960116,0.15013059253423416,-0.04169580672249945,0.7071012122686715,0.048045145193382044,0.04617060460114686,0.5537767885942045
1779789381.5145543,10.0,10.0,7.353212653124469,0.1500602537657416,-0.04173776006133412,0.7071516500339174,0.048045145193382044,0.04512807310114694,0.5537767885942045
1779789381.5245621,10.0,10.0,7.601127263481481,0.149992239564561,-0.04178303684921214,0.7071846634419939,0.048045145193382044,0.044035731701146885,0.5537767885942045
1779789381.5345879,10.0,10.0,7.819437603075706,0.1499378359146771,-0.04181732680566115,0.7072004132977349,0.048045145193382044,0.04299307800114682,0.5537767885942045
1779789381.54462,10.0,10.0,8.038852393740159,0.14990187210864775,-0.04184498197393048,0.7072056922805229,0.048045145193382044,0.04195502590114698,0.5537767885942045
1779789381.5545828,10.0,10.0,8.255418290482607,0.14988421366878957,-0.04186741836790529,0.7072121770949977,0.048045145193382044,0.04091132920114694,0.5537767885942045
1779789381.5646307,10.0,10.0,8.462860983654625,0.1498868757423671,-0.041882911938582165,0.707212084238795,0.048045145193382044,0.03987024340114692,0.5537767885942045
1779789381.574567,10.0,10.0,8.635482981025742,0.14989890047429627,-0.041886938570163075,0.7071983116035728,0.048045145193382044,0.03883527010114675,0.5537767885942045
1779789381.5845423,10.0,10.0,8.760548007414384,0.14992484120269714,-0.041886280990561124,0.7071644302583338,0.048045145193382044,0.037789752001146995,0.5537767885942045
1779789381.5945716,10.0,10.0,8.874202427748306,0.14996094865708065,-0.0418751493169874,0.707101249642087,0.048045145193382044,0.036741828301146806,0.5537767885942045
1779789381.604626,10.0,10.0,8.987725983500622,0.15001139220158063,-0.04185856817353152,0.7070065982049095,0.048045145193382044,0.03564054410114685,0.5537767885942045
1779789381.6145828,10.0,10.0,9.08135591955515,0.15007419996646817,-0.041842194817839955,0.7068886461414204,0.048045145193382044,0.03564054410114685,0.5537767885942045
1779789381.6245806,10.0,10.0,9.115746782240954,0.15014945443721495,-0.041819946004636045,0.7067464214245962,0.048045145193382044,0.03459644770114678,0.5537767885942045
1779789381.6345658,10.0,10.0,9.121249843551205,0.15023638081271287,-0.04179095654674663,0.7065878199931552,0.048045145193382044,0.03356478360114684,0.5537767885942045
1779789381.6445673,10.0,10.0,9.086733839644701,0.15033626961342186,-0.04176204709813762,0.7064085680577286,0.048045145193382044,0.032531354301146884,0.5537767885942045
1779789381.6546125,10.0,10.0,9.007578218823856,0.15044192560328967,-0.041728099853630476,0.7062111075797898,0.048045145193382044,0.031492541701147014,0.5537767885942045
1779789381.6645792,10.0,10.0,8.885361148428874,0.15056427262574415,-0.041681626730420855,0.7059871929690741,0.048045145193382044,0.03043327470114689,0.5537767885942045
1779789381.674595,10.0,10.0,8.71206867008511,0.15067866298783267,-0.04162928391585771,0.7057551429258828,0.048045145193382044,0.02936911850114689,0.5537767885942045
1779789381.6845598,10.0,10.0,8.469153041338313,0.15078849943729436,-0.041576064201559716,0.7055194722098197,0.048045145193382044,0.028325883601146688,0.5537767885942045
1779789381.6945627,10.0,10.0,8.219096374686814,0.15089209413658733,-0.04151659233598207,0.705281719028978,0.048045145193382044,0.0273032315011467,0.5537767885942045
1779789381.7046027,10.0,10.0,7.96272721461763,0.150972677353678,-0.041458973591327164,0.7050500806957426,0.048045145193382044,0.026263624501146828,0.5537767885942045
1779789381.7145443,10.0,10.0,7.677953368653951,0.1510114814271517,-0.04141119824533179,0.7048165265408608,0.048045145193382044,0.025230148101146873,0.5537767885942045
1779789381.7245848,10.0,10.0,7.4105956374349855,0.15101869888584785,-0.04137012407224044,0.7045905663829217,0.048045145193382044,0.02418132570114692,0.5537767885942045
1779789381.734533,10.0,10.0,7.170805512172306,0.15100127414317102,-0.04134185433688299,0.7043722563924685,0.048045145193382044,0.02312839660114682,0.5537767885942045
1779789381.7445796,10.0,10.0,6.95733537566482,0.15097149256881334,-0.0413233854019215,0.7041765127447817,0.048045145193382044,0.02210265170114673,0.5537767885942045
1779789381.7545555,10.0,10.0,6.774127684737308,0.1509241954383559,-0.041309576269894926,0.7039969861793234,0.048045145193382044,0.0210577026011468,0.5537767885942045
1779789381.764545,10.0,10.0,6.619917192682824,0.15086350409133564,-0.04130786654751183,0.70384351095463,0.048045145193382044,0.020028466101147006,0.5537767885942045
1779789381.7745757,10.0,10.0,6.474560043749337,0.150793947745484,-0.041314706145132135,0.7037200473400859,0.048045145193382044,0.01893818470114687,0.5537767885942045
1779789381.7845592,10.0,10.0,6.3629061499602555,0.15071603433920544,-0.04132869821616262,0.7036268949525651,0.048045145193382044,0.017904527901146907,0.5537767885942045
1779789381.79458,10.0,10.0,6.269675280337026,0.1506307675025261,-0.041350553371284036,0.7035714166543848,0.048045145193382044,0.01685727250114694,0.5537767885942045
1779789381.8045394,10.0,10.0,6.206610204549457,0.1505470863134327,-0.04137513508312182,0.7035389793204986,0.048045145193382044,0.015818488001146904,0.5537767885942045
1779789381.814555,10.0,10.0,6.184306406197924,0.1504599128360009,-0.04140176173903263,0.7035214976964306,0.048045145193382044,0.014774069001146788,0.5537767885942045
1779789381.824584,10.0,10.0,6.184123696929163,0.15036410207515613,-0.041437889732468286,0.7035101989901169,0.048045145193382044,0.013721583701146813,0.5537767885942045
1779789381.8345716,10.0,10.0,6.216624520998006,0.15026709889640358,-0.041478124172956994,0.7035082002753792,0.048045145193382044,0.012659975201146936,0.5537767885942045
1779789381.8445694,10.0,10.0,6.3043480927517415,0.15015714829492496,-0.04152693291164042,0.7035132524242235,0.048045145193382044,0.012659975201146936,0.5537767885942045
1779789381.8546693,10.0,10.0,6.454429881636466,0.15004818413767146,-0.04157635125700811,0.703529374132766,0.048045145193382044,0.011625845601146937,0.5537767885942045
1779789381.8646135,10.0,10.0,6.656762898595582,0.14994900563782948,-0.0416275037880088,0.7035506047132216,0.048045145193382044,0.010572220101146772,0.5537767885942045
