t_sec,T_des_target_N,T_des_active_N,T_meas_N,ee_x_m,ee_y_m,ee_z_m,ee_des_x_m,ee_des_y_m,ee_des_z_m
1779787781.4358292,10.0,0.020008960000000003,0.003548126610594501,0.24754442151602657,-0.010843475026821809,0.5531147908680433,0.24754494657087256,-0.010846458000035305,0.553115630809717
1779787781.445836,10.0,0.040032768,0.009224151029448385,0.2475430838004323,-0.010836831396064546,0.5531155303316324,0.24754494657087256,-0.010846458000035305,0.553115630809717
1779787781.4558425,10.0,0.06003900200000001,0.012151974253275733,0.24754217873396753,-0.010827038467994782,0.5531125601409794,0.24754494657087256,-0.010846458000035305,0.553115630809717
1779787781.4659238,10.0,0.079950094,0.020010353540587448,0.2475411247907395,-0.010812134255838624,0.5531063263471379,0.24754494657087256,-0.010846458000035305,0.553115630809717
1779787781.475882,10.0,0.10024682199999997,0.030855798506891116,0.24753929005493272,-0.010795280092832826,0.5531014676350202,0.24754494657087256,-0.010846458000035305,0.553115630809717
1779787781.4858441,10.0,0.12007303399999995,0.032922585157943496,0.24753864431284395,-0.010776411962520884,0.5530986246602302,0.24754494657087256,-0.010846458000035305,0.553115630809717
1779787781.4958587,10.0,0.14007435799999993,0.04044504918082416,0.2475399929360039,-0.010753790902301892,0.5530933245202863,0.24754494657087256,-0.010846458000035305,0.553115630809717
1779787781.5058184,10.0,0.16007979199999994,0.040149736251774065,0.24754277011749307,-0.010731172068599066,0.5530909969107379,0.24754494657087256,-0.010846458000035305,0.553115630809717
1779787781.5158145,10.0,0.18000290799999988,0.03886773074568069,0.24754389468281082,-0.010707665395791195,0.5530846047078783,0.24754494657087256,-0.010846458000035305,0.553115630809717
1779787781.5258362,10.0,0.20016628199999995,0.04281680298516986,0.24754577583521242,-0.010689028311669627,0.5530789553598867,0.24754494657087256,-0.010846458000035305,0.553115630809717
1779787781.5358129,10.0,0.22033037599999997,0.04472830121423025,0.24754692748511067,-0.010669964561832546,0.5530741524840126,0.24754494657087256,-0.010846458000035305,0.553115630809717
1779787781.5458703,10.0,0.24008925999999992,0.04454577018403084,0.2475480438443378,-0.010650560049354522,0.5530722137627014,0.24754494657087256,-0.010846458000035305,0.553115630809717
1779787781.5558798,10.0,0.26021263599999994,0.05016671486346385,0.24754727866756024,-0.01063556683571537,0.5530688285771822,0.24754494657087256,-0.010846458000035305,0.553115630809717
1779787781.5658453,10.0,0.28000925199999993,0.05317863113838669,0.24754745104547718,-0.010620536909287874,0.5530647595134937,0.24754494657087256,-0.010846458000035305,0.553115630809717
1779787781.575842,10.0,0.3000267879999999,0.053496880395020895,0.24754793714416956,-0.01061215616776725,0.5530601898730675,0.24754494657087256,-0.010846458000035305,0.553115630809717
1779787781.58581,10.0,0.3199490619999998,0.05451485161182461,0.247548187352407,-0.010600656953361562,0.5530611022626635,0.24754494657087256,-0.010846458000035305,0.553115630809717
1779787781.5958333,10.0,0.3399886199999997,0.0613839240790557,0.24754773740875485,-0.010590261142773815,0.5530572092340795,0.24754494657087256,-0.010846458000035305,0.553115630809717
1779787781.6058376,10.0,0.3600103639999997,0.060459403612807154,0.24754864372786733,-0.010586578624588157,0.5530566306240009,0.24754494657087256,-0.010846458000035305,0.553115630809717
1779787781.615814,10.0,0.37997012999999974,0.0616908693147358,0.24754854029004397,-0.010582266080083873,0.5530549184126573,0.24754494657087256,-0.010846458000035305,0.553115630809717
1779787781.6258228,10.0,0.40008024199999964,0.06396146825606404,0.24754941081295231,-0.010579757843747357,0.5530569786163129,0.24754494657087256,-0.010846458000035305,0.553115630809717
1779787781.6358297,10.0,0.42013588999999957,0.06183711041393925,0.2475485453707175,-0.010577273901998294,0.5530536748389939,0.24754494657087256,-0.010846458000035305,0.553115630809717
1779787781.645893,10.0,0.44000119599999954,0.05486726568245627,0.24754861418189092,-0.01057680205257649,0.5530541934658288,0.24754494657087256,-0.010846458000035305,0.553115630809717
1779787781.655854,10.0,0.46004339999999955,0.0462080951720378,0.24754815908093866,-0.01057493323687019,0.5530558824896004,0.24754494657087256,-0.010846458000035305,0.553115630809717
1779787781.665892,10.0,0.47999284599999964,0.04459440662710484,0.24754859115842276,-0.01057380399971164,0.5530532003463378,0.24754494657087256,-0.010846458000035305,0.553115630809717
1779787781.6758578,10.0,0.5000074159999996,0.039067809419788824,0.2475476022812319,-0.010571801176709424,0.5530528761203573,0.24754494657087256,-0.010846458000035305,0.553115630809717
1779787781.6858745,10.0,0.5200594779999996,0.039162109905189625,0.24754743735941648,-0.010572805837104095,0.5530530797935019,0.24754494657087256,-0.010846458000035305,0.553115630809717
1779787781.6958115,10.0,0.5400436699999996,0.04610299187000732,0.24754742787700715,-0.010571485168384777,0.5530544882964152,0.24754494657087256,-0.010846458000035305,0.553115630809717
1779787781.7058303,10.0,0.5600825859999996,0.05441586090655312,0.24754708167789333,-0.010573377133896647,0.5530546585195549,0.24754494657087256,-0.010846458000035305,0.553115630809717
1779787781.7158234,10.0,0.5801492759999995,0.04959190541782351,0.2475476732307126,-0.010571990827733002,0.5530527034330495,0.24754494657087256,-0.010846458000035305,0.553115630809717
1779787781.7258976,10.0,0.5999762479999996,0.04172174275083686,0.24754776124452427,-0.010571777153233599,0.5530520712064126,0.24754494657087256,-0.010846458000035305,0.553115630809717
1779787781.7358274,10.0,0.6200428979999997,0.04070653718224633,0.24754757485313925,-0.010569978799665364,0.553053456270562,0.24754494657087256,-0.010846458000035305,0.553115630809717
1779787781.7458389,10.0,0.6399798399999995,0.039812817311491486,0.24754781482513732,-0.01056798670170106,0.5530515429835801,0.24754494657087256,-0.010846458000035305,0.553115630809717
1779787781.7558134,10.0,0.6599993199999993,0.03512834602311662,0.2475464240798838,-0.010570069941011303,0.5530542336106472,0.24754494657087256,-0.010846458000035305,0.553115630809717
1779787781.765855,10.0,0.6799649959999993,0.04094364692583817,0.24754827753761885,-0.01056919018155973,0.5530515644335599,0.24754494657087256,-0.010846458000035305,0.553115630809717
1779787781.775855,10.0,0.6999947559999992,0.03887741920839983,0.24754708594403893,-0.010570100526832745,0.5530525481160083,0.24754494657087256,-0.010846458000035305,0.553115630809717
1779787781.7858849,10.0,0.7199587299999992,0.042037455881499854,0.24754675657746525,-0.010568307538047326,0.5530541250852858,0.24754494657087256,-0.010846458000035305,0.553115630809717
1779787781.7958617,10.0,0.7401137879999992,0.04215644875276394,0.24754638298204565,-0.010569950614624287,0.5530535408888719,0.24754494657087256,-0.010846458000035305,0.553115630809717
1779787781.8058324,10.0,0.7600353999999991,0.039642915750250085,0.24754655864094022,-0.010567893785700387,0.5530523194183724,0.24754494657087256,-0.010846458000035305,0.553115630809717
1779787781.8158407,10.0,0.7800699299999989,0.035659669113158175,0.2475468739419057,-0.010567103675961824,0.5530525981866828,0.24754494657087256,-0.010846458000035305,0.553115630809717
1779787781.8258135,10.0,0.8000380299999988,0.0346054638377526,0.24754603802324512,-0.010567029835505285,0.5530520952077473,0.24754494657087256,-0.010846458000035305,0.553115630809717
1779787781.8358738,10.0,0.820062439999999,0.03437297737090292,0.24754602719455326,-0.010566561632853902,0.5530531680265798,0.24754494657087256,-0.010846458000035305,0.553115630809717
1779787781.8458364,10.0,0.8401266239999989,0.03186384592995542,0.2475458587229135,-0.010567325152770498,0.5530521952021183,0.24754494657087256,-0.010846458000035305,0.553115630809717
1779787781.855859,10.0,0.8603007579999988,0.030655560535403054,0.2475458931710421,-0.010565656576201808,0.5530503892030414,0.24754494657087256,-0.010846458000035305,0.553115630809717
1779787781.865864,10.0,0.8800417079999988,0.02857174283461791,0.24754607007781265,-0.010567244621239527,0.553050243801583,0.24754494657087256,-0.010846458000035305,0.553115630809717
1779787781.8758662,10.0,0.9000446959999987,0.024476478867443512,0.2475466653373182,-0.01056648070629275,0.5530523022037585,0.24754494657087256,-0.010846458000035305,0.553115630809717
1779787781.885841,10.0,0.9199702759999986,0.021799056799555794,0.24754532073487776,-0.010565994139189796,0.5530520571520424,0.24754494657087256,-0.010846458000035305,0.553115630809717
1779787781.895817,10.0,0.9400800479999987,0.018339262148721933,0.24754433991517555,-0.010566863563394396,0.5530507813133309,0.24754494657087256,-0.010846458000035305,0.553115630809717
1779787781.9058137,10.0,0.9600870239999983,0.018999756938488654,0.2475442522615892,-0.010566783364452008,0.5530522895141732,0.24754494657087256,-0.010846458000035305,0.553115630809717
1779787781.9158087,10.0,0.9799734699999985,0.024824594633313116,0.24754335458885676,-0.010566599396484341,0.5530524914012643,0.24754494657087256,-0.010846458000035305,0.553115630809717
1779787781.9258223,10.0,0.9999984399999985,0.02428879993199968,0.24754410542295124,-0.01056529719554632,0.5530493981180453,0.24754494657087256,-0.010846458000035305,0.553115630809717
1779787781.9358344,10.0,1.0200441299999987,0.03130399456191624,0.24754271623963822,-0.010567467644579342,0.5530511952434448,0.24754494657087256,-0.010846458000035305,0.553115630809717
1779787781.9458432,10.0,1.0400472979999986,0.05033083767007802,0.24754259244994892,-0.010564860081416072,0.5530485366254658,0.24754494657087256,-0.010846458000035305,0.553115630809717
1779787781.9558306,10.0,1.0599968239999984,0.05076928359260894,0.24754197037885312,-0.010565346959625759,0.5530499004334812,0.24754494657087256,-0.010846458000035305,0.553115630809717
1779787781.9658825,10.0,1.0799947219999984,0.044605213240072675,0.24754178633348378,-0.01056466517806356,0.5530490618416865,0.24754494657087256,-0.010846458000035305,0.553115630809717
1779787781.975861,10.0,1.0999631859999983,0.04433196258197468,0.24754032430418443,-0.01056434571648503,0.5530484018658474,0.24754494657087256,-0.010846458000035305,0.553115630809717
1779787781.9859042,10.0,1.120096741999998,0.05370279410858066,0.24753968648116387,-0.010563736420881015,0.5530471171494674,0.24754494657087256,-0.010846458000035305,0.553115630809717
1779787781.995831,10.0,1.1400279939999982,0.06146594889830002,0.24753776199704436,-0.010563758540150844,0.5530481409495034,0.24754494657087256,-0.010846458000035305,0.553115630809717
1779787782.0058227,10.0,1.1600337259999984,0.059754596343976826,0.24753778421012235,-0.010562714033987973,0.5530493387508142,0.24754494657087256,-0.010846458000035305,0.553115630809717
1779787782.0158155,10.0,1.1799995639999985,0.061200165185188074,0.24753707852709278,-0.010563253499206305,0.5530493945541086,0.24754494657087256,-0.010846458000035305,0.553115630809717
1779787782.025845,10.0,1.1999938159999983,0.06499088410993331,0.2475362833339443,-0.010565424050473735,0.5530471361549146,0.24754494657087256,-0.010846458000035305,0.553115630809717
1779787782.0358546,10.0,1.2201043279999984,0.08070269944025955,0.24753567827080572,-0.010562779425888904,0.5530460677592974,0.24754494657087256,-0.010846458000035305,0.553115630809717
1779787782.04582,10.0,1.2400952539999983,0.08886579718804555,0.24753633657940632,-0.010562648554619984,0.5530465253921661,0.24754494657087256,-0.010846458000035305,0.553115630809717
1779787782.055824,10.0,1.2600885619999982,0.08607353984212972,0.24753623684972828,-0.010561733507753085,0.553047582229585,0.24754494657087256,-0.010846458000035305,0.553115630809717
1779787782.0658386,10.0,1.2799817419999984,0.09299376518053452,0.24753502949071243,-0.01056067782922764,0.5530463214294717,0.24754494657087256,-0.010846458000035305,0.553115630809717
1779787782.075861,10.0,1.3000632399999987,0.10211079539093111,0.24753453266831682,-0.010561604646629297,0.5530473342064426,0.24754494657087256,-0.010846458000035305,0.553115630809717
1779787782.085863,10.0,1.320015389999999,0.11237695441014289,0.2475344531852266,-0.010561895875371681,0.5530462856922873,0.24754494657087256,-0.010846458000035305,0.553115630809717
1779787782.0958662,10.0,1.340135741999999,0.12311489111475453,0.2475336209256987,-0.010561485494952602,0.5530456446455798,0.24754494657087256,-0.010846458000035305,0.553115630809717
1779787782.1058273,10.0,1.3600072599999988,0.12209399563588,0.24753345992377915,-0.0105623450316465,0.5530445894332373,0.24754494657087256,-0.010846458000035305,0.553115630809717
1779787782.1158154,10.0,1.3799477679999985,0.1279601081974202,0.24753319016980493,-0.010561198929173952,0.5530466630464735,0.24754494657087256,-0.010846458000035305,0.553115630809717
1779787782.125843,10.0,1.4000361199999989,0.12698441973231933,0.24753218620850223,-0.010561888972004994,0.553046512052335,0.24754494657087256,-0.010846458000035305,0.553115630809717
1779787782.1358278,10.0,1.4201150719999989,0.13149994121094188,0.24753298179917246,-0.010561968217524986,0.5530444638844401,0.24754494657087256,-0.010846458000035305,0.553115630809717
1779787782.1458423,10.0,1.4400016779999985,0.14390153732189614,0.2475318704826653,-0.010562323097907519,0.5530443456144853,0.24754494657087256,-0.010846458000035305,0.553115630809717
1779787782.155824,10.0,1.4600138039999986,0.16123240813041917,0.2475306234930253,-0.010561034506762997,0.5530454180531797,0.24754494657087256,-0.010846458000035305,0.553115630809717
1779787782.1658342,10.0,1.4800421399999988,0.17244698026924868,0.2475313225779102,-0.010561197663691959,0.553045338132284,0.24754494657087256,-0.010846458000035305,0.553115630809717
1779787782.175849,10.0,1.5000889119999985,0.1766704877509195,0.2475310779106987,-0.010560145393579952,0.5530441197553547,0.24754494657087256,-0.010846458000035305,0.553115630809717
1779787782.185814,10.0,1.5200061159999987,0.1723330411834397,0.24753062419260816,-0.010562184586885256,0.5530446818355308,0.24754494657087256,-0.010846458000035305,0.553115630809717
1779787782.195849,10.0,1.5400141539999987,0.17219263408810448,0.2475298086472309,-0.010559297900786734,0.5530441065848376,0.24754494657087256,-0.010846458000035305,0.553115630809717
1779787782.205865,10.0,1.5600071639999986,0.18108828109687636,0.24752984029075148,-0.01055996827218231,0.5530442624852618,0.24754494657087256,-0.010846458000035305,0.553115630809717
1779787782.2158947,10.0,1.5799363299999982,0.18739762440658717,0.24752760951579378,-0.010560580042623629,0.5530439382800144,0.24754494657087256,-0.010846458000035305,0.553115630809717
1779787782.2258778,10.0,1.600182461999998,0.19972858971960616,0.24752815990159813,-0.010561008956641029,0.5530430026436286,0.24754494657087256,-0.010846458000035305,0.553115630809717
1779787782.235865,10.0,1.6203420679999978,0.21535462804696348,0.24752718954092262,-0.010561745265915442,0.553043973326861,0.24754494657087256,-0.010846458000035305,0.553115630809717
1779787782.2459235,10.0,1.6400151879999978,0.22028875749512,0.2475279191709239,-0.010559415005310708,0.5530455177074359,0.24754494657087256,-0.010846458000035305,0.553115630809717
1779787782.255826,10.0,1.659960805999998,0.2263098006915757,0.24752741131724806,-0.010560383731390599,0.553044018824516,0.24754494657087256,-0.010846458000035305,0.553115630809717
1779787782.2658265,10.0,1.6800689739999974,0.23536960098539841,0.24752575693685544,-0.010559815945807741,0.5530445797452758,0.24754494657087256,-0.010846458000035305,0.553115630809717
1779787782.2758315,10.0,1.6999911879999974,0.24070682724702674,0.24752581521818579,-0.010560443887674,0.5530437952729342,0.24754494657087256,-0.010846458000035305,0.553115630809717
1779787782.2858784,10.0,1.7200558939999977,0.25290718093671716,0.2475255340911712,-0.010560704484724539,0.5530426366772352,0.24754494657087256,-0.010846458000035305,0.553115630809717
1779787782.2958355,10.0,1.7399813939999982,0.2634947387800048,0.24752414836965284,-0.010559188561726891,0.5530425711949516,0.24754494657087256,-0.010846458000035305,0.553115630809717
1779787782.3058438,10.0,1.760002837999998,0.27067123227391743,0.24752411121455017,-0.010559421617095839,0.5530422603701884,0.24754494657087256,-0.010846458000035305,0.553115630809717
1779787782.3158238,10.0,1.780055519999998,0.28106449038135584,0.24752438080783487,-0.010559516074324492,0.5530438598785736,0.24754494657087256,-0.010846458000035305,0.553115630809717
1779787782.3258183,10.0,1.800091991999998,0.2853164781537952,0.24752467011588608,-0.010559090340350121,0.5530422134440727,0.24754494657087256,-0.010846458000035305,0.553115630809717
1779787782.33592,10.0,1.8201156399999983,0.29736248673663546,0.2475234604585984,-0.010559147731630325,0.5530440667294793,0.24754494657087256,-0.010846458000035305,0.553115630809717
1779787782.3458767,10.0,1.840020559999998,0.3148719641387083,0.24752357133290928,-0.01055750444636513,0.5530442327601625,0.24754494657087256,-0.010846458000035305,0.553115630809717
1779787782.3559084,10.0,1.8600255719999979,0.3292596960601566,0.24752164462083345,-0.010558975481306835,0.5530456886072388,0.24754494657087256,-0.010846458000035305,0.553115630809717
1779787782.3658931,10.0,1.8800005479999977,0.33439621435358335,0.24752202354856548,-0.0105571795472644,0.5530451977550805,0.24754494657087256,-0.010846458000035305,0.553115630809717
1779787782.3758695,10.0,1.9001972639999978,0.3354727415967416,0.24752257874167405,-0.010557758893227897,0.5530451439575913,0.24754494657087256,-0.010846458000035305,0.553115630809717
1779787782.385822,10.0,1.9199513379999975,0.3395482455209914,0.24752198254322505,-0.0105588246266062,0.553046019191676,0.24754494657087256,-0.010846458000035305,0.553115630809717
1779787782.3958216,10.0,1.9399602179999977,0.3422536943974509,0.2475212394657702,-0.010557172259110936,0.5530462408561586,0.24754494657087256,-0.010846458000035305,0.553115630809717
1779787782.4058533,10.0,1.9600585879999977,0.3441450724992899,0.24751837643086724,-0.01055674383261641,0.553048050185418,0.24754494657087256,-0.010846458000035305,0.553115630809717
1779787782.415868,10.0,1.9799969319999977,0.35263663876937545,0.2475167517754144,-0.010557483347801166,0.5530480234934747,0.24754494657087256,-0.010846458000035305,0.553115630809717
1779787782.4258528,10.0,1.9999825279999977,0.36482094928299447,0.24751531435197024,-0.010556986507529398,0.5530498553796539,0.24754494657087256,-0.010846458000035305,0.553115630809717
1779787782.4359155,10.0,2.019996475999998,0.39055634676261763,0.24751317453229454,-0.01055662378205583,0.5530502863428268,0.24754494657087256,-0.010846458000035305,0.553115630809717
1779787782.445826,10.0,2.0401126399999976,0.41891488093225066,0.24751085015306903,-0.01055642477460262,0.5530501054235852,0.24754494657087256,-0.010846458000035305,0.553115630809717
1779787782.4558628,10.0,2.060000869999998,0.4311109866147766,0.24751152715566702,-0.0105562863406226,0.5530531865462475,0.24754494657087256,-0.010846458000035305,0.553115630809717
1779787782.465829,10.0,2.079956305999998,0.43685262473827224,0.24751203603969368,-0.01055621396011664,0.5530489843993504,0.24754494657087256,-0.010846458000035305,0.553115630809717
1779787782.4759028,10.0,2.100115851999998,0.4334778017602305,0.24751177882377176,-0.010553386143696398,0.5530485961440684,0.24754494657087256,-0.010846458000035305,0.553115630809717
1779787782.485818,10.0,2.1199499399999975,0.43065751828359583,0.2475101712193659,-0.01055427531308658,0.5530500510233541,0.24754494657087256,-0.010846458000035305,0.553115630809717
1779787782.4958386,10.0,2.1399988939999974,0.43291568110885936,0.2475069192884823,-0.010554181682991135,0.5530511054274266,0.24754494657087256,-0.010846458000035305,0.553115630809717
1779787782.505873,10.0,2.160054923999997,0.437127108971394,0.24750197658600231,-0.010553715209947325,0.5530525207856322,0.24754494657087256,-0.010846458000035305,0.553115630809717
1779787782.5158422,10.0,2.1801426539999977,0.44397597300908814,0.2474946180401661,-0.010550605717074975,0.5530535428301755,0.24754494657087256,-0.010846458000035305,0.553115630809717
1779787782.5258455,10.0,2.2001357819999976,0.4600388827946596,0.24747794891775063,-0.010547006748061794,0.5530552063545089,0.24754494657087256,-0.010846458000035305,0.553115630809717
1779787782.5358517,10.0,2.2201367659999978,0.4845342765449438,0.247460774426072,-0.010543765202627196,0.5530528488922027,0.24754494657087256,-0.010846458000035305,0.553115630809717
1779787782.5458174,10.0,2.2401440619999975,0.5089000926869867,0.2474556751073068,-0.010541162380001192,0.5530507585673801,0.24754494657087256,-0.010846458000035305,0.553115630809717
1779787782.5558152,10.0,2.2599669679999974,0.5321873194937914,0.24745573489671438,-0.010540765859912503,0.5530550308136233,0.24754494657087256,-0.010846458000035305,0.553115630809717
1779787782.5658948,10.0,2.280009069999997,0.5453737480431087,0.24745651447684935,-0.010540380484598634,0.5530547524115369,0.24754494657087256,-0.010846458000035305,0.553115630809717
1779787782.575819,10.0,2.3001022499999975,0.5549249327853714,0.24745508801614813,-0.010541013529938189,0.5530561217061847,0.24754494657087256,-0.010846458000035305,0.553115630809717
1779787782.5858688,10.0,2.319996389999997,0.5629909727920402,0.2474533482442588,-0.010538869290817762,0.5530565593238641,0.24754494657087256,-0.010846458000035305,0.553115630809717
1779787782.5958471,10.0,2.3399757139999973,0.5664404936603731,0.2474529389210029,-0.01053803541219978,0.5530586394952156,0.24754494657087256,-0.010846458000035305,0.553115630809717
1779787782.6058462,10.0,2.360161649999997,0.5703985495094015,0.24745185396737454,-0.010539513539177012,0.553061825025781,0.24754494657087256,-0.010846458000035305,0.553115630809717
1779787782.6158504,10.0,2.3800699379999974,0.5752478986325938,0.24744813786367872,-0.010538037179677254,0.5530688466868868,0.24754494657087256,-0.010846458000035305,0.553115630809717
1779787782.6258316,10.0,2.400113543999997,0.5822584536474977,0.2474472088191092,-0.01053704203441678,0.5530725373992453,0.24754494657087256,-0.010846458000035305,0.553115630809717
1779787782.6358318,10.0,2.4201676079999976,0.5991936027726146,0.2474431024043137,-0.010537217461362526,0.5530818303054458,0.24754494657087256,-0.010846458000035305,0.553115630809717
1779787782.6458273,10.0,2.439977689999998,0.6145684151371983,0.2474403922720571,-0.01053334301514543,0.5530882965902434,0.24754494657087256,-0.010846458000035305,0.553115630809717
1779787782.6558452,10.0,2.460005483999998,0.6412915815823607,0.24743801341056063,-0.010531558429938824,0.5530944143050213,0.24754494657087256,-0.010846458000035305,0.553115630809717
1779787782.6658208,10.0,2.4800178499999985,0.6683316536112196,0.2474361126009216,-0.01053249856211706,0.5530978854409262,0.24754494657087256,-0.010846458000035305,0.553115630809717
1779787782.675867,10.0,2.499974109999998,0.6869113082672088,0.2474361364013154,-0.010531435176065267,0.5531034020743272,0.24754494657087256,-0.010846458000035305,0.553115630809717
1779787782.6858194,10.0,2.5200151099999974,0.6937212707631437,0.24743453483299765,-0.010530794034635287,0.5531032856051675,0.24754494657087256,-0.010846458000035305,0.553115630809717
1779787782.6958222,10.0,2.5399637539999964,0.6892505489294964,0.24743191618009638,-0.010531452149293803,0.5531071378645115,0.24754494657087256,-0.010846458000035305,0.553115630809717
1779787782.705866,10.0,2.560035513999996,0.6835537453641805,0.24742742868899628,-0.010529256409133853,0.5531121450175398,0.24754494657087256,-0.010846458000035305,0.553115630809717
1779787782.715859,10.0,2.5800852299999955,0.6733284467775219,0.24741915866037764,-0.010527029416311876,0.5531231159146734,0.24754494657087256,-0.010846458000035305,0.553115630809717
1779787782.7258391,10.0,2.6000904419999946,0.6794112686318035,0.2474086992687347,-0.010521679999722469,0.5531405811656819,0.24754494657087256,-0.010846458000035305,0.553115630809717
1779787782.7359133,10.0,2.6201098819999946,0.6928747181143694,0.24739507462288224,-0.010518762400788086,0.553164823320499,0.24754494657087256,-0.010846458000035305,0.553115630809717
1779787782.7458997,10.0,2.6399524639999954,0.717728184618541,0.24738881633086643,-0.010513946297227749,0.5531933575519059,0.24754494657087256,-0.010846458000035305,0.553115630809717
1779787782.7558196,10.0,2.660090729999995,0.7544983013636568,0.24738544538760457,-0.010509384026461377,0.5532179904601209,0.24754494657087256,-0.010846458000035305,0.553115630809717
1779787782.7659233,10.0,2.6799861539999945,0.7879859075204414,0.24738321922314715,-0.010507705287313223,0.5532388091875337,0.24754494657087256,-0.010846458000035305,0.553115630809717
1779787782.7758384,10.0,2.700012225999995,0.8218875645589058,0.24738196816398522,-0.010505164647615375,0.5532544550393204,0.24754494657087256,-0.010846458000035305,0.553115630809717
1779787782.7859178,10.0,2.7200016679999948,0.845603297152718,0.2473799734219198,-0.010504672264935325,0.5532634345770966,0.24754494657087256,-0.010846458000035305,0.553115630809717
1779787782.795847,10.0,2.7399775839999956,0.8545491982221614,0.24738010965971013,-0.010503988390020839,0.55326823229943,0.24754494657087256,-0.010846458000035305,0.553115630809717
1779787782.8058672,10.0,2.7600528899999954,0.8445723762427705,0.24737706569388718,-0.010501983798442272,0.5532700479203462,0.24754494657087256,-0.010846458000035305,0.553115630809717
1779787782.8158715,10.0,2.779976847999995,0.8321953171471095,0.24737394684892072,-0.010503635465979011,0.5532759208409305,0.24754494657087256,-0.010846458000035305,0.553115630809717
1779787782.8258228,10.0,2.8001226679999958,0.8139411442575707,0.24736749646939218,-0.01050069982867657,0.5532901007399467,0.24754494657087256,-0.010846458000035305,0.553115630809717
1779787782.835837,10.0,2.8201781959999956,0.8070240940330087,0.24735638948312752,-0.010498022693718934,0.5533128678951881,0.24754494657087256,-0.010846458000035305,0.553115630809717
1779787782.845845,10.0,2.8400586499999965,0.8078979471690747,0.24733968236877668,-0.010493887127308338,0.5533417308665848,0.24754494657087256,-0.010846458000035305,0.553115630809717
1779787782.8558176,10.0,2.8599976159999967,0.8407756155330529,0.24732319852990153,-0.010483836859076728,0.5533792239229556,0.24754494657087256,-0.010846458000035305,0.553115630809717
1779787782.8658855,10.0,2.879952853999997,0.901893120314472,0.24730406382742248,-0.010476360164541853,0.5534130913197506,0.24754494657087256,-0.010846458000035305,0.553115630809717
1779787782.8758292,10.0,2.900150871999998,0.9680651154420695,0.24729488634766247,-0.010470012072623089,0.5534525004778725,0.24754494657087256,-0.010846458000035305,0.553115630809717
1779787782.8858333,10.0,2.9203940579999976,1.0221984295957303,0.2472920274184911,-0.010464386839184882,0.5534814965384776,0.24754494657087256,-0.010846458000035305,0.553115630809717
1779787782.8958359,10.0,2.9399816559999974,1.0712334831040509,0.2472902197645994,-0.01046316415932928,0.5535035659320784,0.24754494657087256,-0.010846458000035305,0.553115630809717
1779787782.9058652,10.0,2.9600603079999983,1.0903925013969407,0.24728831023537093,-0.010463131080580146,0.5535062476590296,0.24754494657087256,-0.010846458000035305,0.553115630809717
1779787782.9158676,10.0,2.9800874219999973,1.0809333524480287,0.24728818314648315,-0.010459603436572186,0.5535060249909587,0.24754494657087256,-0.010846458000035305,0.553115630809717
1779787782.9258237,10.0,3.0000357459999965,1.04035172094049,0.24728865323711935,-0.010462800816627477,0.5535022934982712,0.24754494657087256,-0.010846458000035305,0.553115630809717
1779787782.935881,10.0,3.020014345999997,0.9900633815759459,0.24728859769481182,-0.01046656011440029,0.5535000138684742,0.24754494657087256,-0.010846458000035305,0.553115630809717
1779787782.9458263,10.0,3.040125219999996,0.9480016913046728,0.24728787178144288,-0.010464871276518656,0.5535015710342875,0.24754494657087256,-0.010846458000035305,0.553115630809717
1779787782.9558914,10.0,3.0599755979999967,0.9323478093633464,0.2472868980046897,-0.010465943432687405,0.5535066995290834,0.24754494657087256,-0.010846458000035305,0.553115630809717
1779787782.965828,10.0,3.0801591499999956,0.9360080914117817,0.2472800993356096,-0.010463253408288587,0.5535229856035893,0.24754494657087256,-0.010846458000035305,0.553115630809717
1779787782.9758897,10.0,3.100121699999996,0.9442112076160933,0.24727004441203254,-0.010456706730587358,0.5535501318651923,0.24754494657087256,-0.010846458000035305,0.553115630809717
1779787782.985847,10.0,3.119982477999996,0.9741278392757445,0.24725456810076157,-0.010450342582466852,0.5535810584547317,0.24754494657087256,-0.010846458000035305,0.553115630809717
1779787782.9958441,10.0,3.1399745439999958,1.036196000838039,0.24723808343741804,-0.010441498551657326,0.5536237039777289,0.24754494657087256,-0.010846458000035305,0.553115630809717
1779787783.005858,10.0,3.1600022999999977,1.1083881209939466,0.2472295684127892,-0.010433380651688577,0.553668150653038,0.24754494657087256,-0.010846458000035305,0.553115630809717
1779787783.0158353,10.0,3.179987073999997,1.1600074344111717,0.2472246677972855,-0.010431278018066738,0.5537098458119653,0.24754494657087256,-0.010846458000035305,0.553115630809717
1779787783.0258682,10.0,3.200173409999997,1.1878879378758123,0.2472202519824585,-0.010428252206428077,0.5537455921407776,0.24754494657087256,-0.010846458000035305,0.553115630809717
1779787783.0358946,10.0,3.220075505999996,1.2089312866173745,0.24721532507270078,-0.010424275540730629,0.5537740784484798,0.24754494657087256,-0.010846458000035305,0.553115630809717
1779787783.0458598,10.0,3.2402263359999965,1.211458653357653,0.2472080636918866,-0.010420642422111015,0.5537861142522507,0.24754494657087256,-0.010846458000035305,0.553115630809717
1779787783.0558946,10.0,3.2599925119999966,1.1907277289353637,0.24719817592839893,-0.010418881571272487,0.5537962657503437,0.24754494657087256,-0.010846458000035305,0.553115630809717
1779787783.0658937,10.0,3.2799794299999965,1.1597033207110572,0.24718684667814383,-0.010417184423245275,0.5538094867447388,0.24754494657087256,-0.010846458000035305,0.553115630809717
1779787783.0758734,10.0,3.3002433139999967,1.1443245038909933,0.24717477898867668,-0.010413556475236325,0.5538250608527105,0.24754494657087256,-0.010846458000035305,0.553115630809717
1779787783.0858278,10.0,3.3201093019999965,1.1369164629310116,0.247161282611785,-0.010406221571969956,0.5538511353357324,0.24754494657087256,-0.010846458000035305,0.553115630809717
1779787783.0959113,10.0,3.340071991999997,1.1591529952594524,0.24713779608847766,-0.010396641611647316,0.553890998266407,0.24754494657087256,-0.010846458000035305,0.553115630809717
1779787783.105868,10.0,3.360080509999997,1.1881149908547575,0.24710791332387289,-0.010388501250998276,0.5539380894908988,0.24754494657087256,-0.010846458000035305,0.553115630809717
1779787783.115839,10.0,3.380119547999996,1.250336291245664,0.24708789360962571,-0.010378906298034783,0.5539885967907459,0.24754494657087256,-0.010846458000035305,0.553115630809717
1779787783.1258492,10.0,3.400089191999996,1.3507828228149632,0.24707239781896392,-0.010368820118188503,0.5540396446977668,0.24754494657087256,-0.010846458000035305,0.553115630809717
1779787783.1359231,10.0,3.4200471739999965,1.4258242270455275,0.2470592966899678,-0.010362396748604218,0.5540911293735844,0.24754494657087256,-0.010846458000035305,0.553115630809717
1779787783.1458793,10.0,3.4400370359999966,1.4698048169433133,0.24704972049249613,-0.010357160374158264,0.5541269797720318,0.24754494657087256,-0.010846458000035305,0.553115630809717
1779787783.1558502,10.0,3.4600523679999973,1.5055779990198987,0.24703975863784308,-0.010353226482475919,0.5541466872749409,0.24754494657087256,-0.010846458000035305,0.553115630809717
1779787783.1658347,10.0,3.4799730599999967,1.5311316871399614,0.2470327831847304,-0.010352172118914925,0.5541577128177926,0.24754494657087256,-0.010846458000035305,0.553115630809717
1779787783.1759048,10.0,3.5000385259999964,1.517454155251404,0.24702590470275276,-0.010348222408801603,0.554161703408305,0.24754494657087256,-0.010846458000035305,0.553115630809717
1779787783.1858258,10.0,3.5200786239999973,1.4802249828613252,0.24701714948139114,-0.010348725303030572,0.5541687419263112,0.24754494657087256,-0.010846458000035305,0.553115630809717
1779787783.195837,10.0,3.5401393019999974,1.4342428310559567,0.2470119132690006,-0.010348355191011271,0.5541714375699962,0.24754494657087256,-0.010846458000035305,0.553115630809717
1779787783.2059104,10.0,3.5601221319999974,1.4091294093448692,0.2470078700980194,-0.01034590210081641,0.5541774649669092,0.24754494657087256,-0.010846458000035305,0.553115630809717
1779787783.2158291,10.0,3.5800802339999978,1.3962438755179218,0.24700097725421172,-0.010342306515146536,0.5541902018046367,0.24754494657087256,-0.010846458000035305,0.553115630809717
1779787783.2258542,10.0,3.600120853999998,1.386649323665878,0.24698875733026973,-0.010340174639564935,0.5542058925476695,0.24754494657087256,-0.010846458000035305,0.553115630809717
1779787783.235882,10.0,3.6202090039999986,1.404869134515433,0.2469718791338282,-0.010334890018262587,0.5542264177691195,0.24754494657087256,-0.010846458000035305,0.553115630809717
1779787783.2458396,10.0,3.639986361999999,1.4701211316794738,0.2469491059637321,-0.010323888210773246,0.5542558083456403,0.24754494657087256,-0.010846458000035305,0.553115630809717
1779787783.2558584,10.0,3.6600539139999984,1.555662631176899,0.24692423242848063,-0.01031393592370427,0.5543011015404283,0.24754494657087256,-0.010846458000035305,0.553115630809717
1779787783.265897,10.0,3.679991857999998,1.6385143973897638,0.24690300129912598,-0.010307245185268663,0.5543520723056424,0.24754494657087256,-0.010846458000035305,0.553115630809717
1779787783.2758613,10.0,3.700017447999998,1.7122887368926372,0.24688590050206877,-0.010298135846068568,0.5543991840522008,0.24754494657087256,-0.010846458000035305,0.553115630809717
1779787783.2858546,10.0,3.7199859899999983,1.7549811359763388,0.2468694660693102,-0.010291099776354059,0.554444652293086,0.24754494657087256,-0.010846458000035305,0.553115630809717
1779787783.2958465,10.0,3.740021459999998,1.778506346094886,0.24685010372141222,-0.010286591352408376,0.5544796055446015,0.24754494657087256,-0.010846458000035305,0.553115630809717
1779787783.3058548,10.0,3.7599877179999974,1.7800878442300054,0.24682910788597048,-0.010278702679240428,0.5545032956811258,0.24754494657087256,-0.010846458000035305,0.553115630809717
1779787783.3159306,10.0,3.780032765999997,1.7685408116170922,0.2468100531568524,-0.010274072949826933,0.5545221308521002,0.24754494657087256,-0.010846458000035305,0.553115630809717
1779787783.325859,10.0,3.8001166879999975,1.7394749556784272,0.24679005725763603,-0.01026638359673084,0.554541041435058,0.24754494657087256,-0.010846458000035305,0.553115630809717
1779787783.3358545,10.0,3.8200879359999975,1.7001321071849522,0.2467696040851223,-0.010259679951589837,0.5545610831509286,0.24754494657087256,-0.010846458000035305,0.553115630809717
1779787783.345891,10.0,3.8400035979999974,1.6900439604970128,0.2467496001720095,-0.010254744451108097,0.5545862145772706,0.24754494657087256,-0.010846458000035305,0.553115630809717
1779787783.3558233,10.0,3.8599868679999974,1.6963268027507394,0.24672419538010798,-0.010245848889233418,0.5546187971853314,0.24754494657087256,-0.010846458000035305,0.553115630809717
1779787783.3658347,10.0,3.880192099999997,1.6975077924433442,0.24668963066600091,-0.010234343248643927,0.5546566336784835,0.24754494657087256,-0.010846458000035305,0.553115630809717
1779787783.3758295,10.0,3.900182805999996,1.7260796663544944,0.24664762834029066,-0.01022295447667285,0.5547050063546145,0.24754494657087256,-0.010846458000035305,0.553115630809717
1779787783.3858178,10.0,3.919965151999996,1.78447637558774,0.2465985477724577,-0.01020740807321592,0.5547626752061452,0.24754494657087256,-0.010846458000035305,0.553115630809717
1779787783.3958235,10.0,3.9399673799999952,1.8713654281256633,0.2465546128109471,-0.01019007201253645,0.5548251013932203,0.24754494657087256,-0.010846458000035305,0.553115630809717
1779787783.4058754,10.0,3.9600573319999954,1.9542170860250219,0.24652367373612177,-0.010177191598198045,0.5548933099024659,0.24754494657087256,-0.010846458000035305,0.553115630809717
1779787783.4158604,10.0,3.980042385999995,2.0176878350198457,0.24649243738310528,-0.010165426039653315,0.5549581388899649,0.24754494657087256,-0.010846458000035305,0.553115630809717
1779787783.4258523,10.0,4.0001184539999945,2.0578624917625876,0.24646187950999232,-0.010155958451242397,0.555007304988425,0.24754494657087256,-0.010846458000035305,0.553115630809717
1779787783.4358482,10.0,4.020039023999994,2.0819548294362695,0.24643549835762488,-0.01014516579366144,0.5550440621893007,0.24754494657087256,-0.010846458000035305,0.553115630809717
1779787783.4458485,10.0,4.040061469999995,2.0842242550478622,0.24640683182362705,-0.010134245770684714,0.5550743065675172,0.24754494657087256,-0.010846458000035305,0.553115630809717
1779787783.455825,10.0,4.060033757999995,2.0558594369778094,0.24638414802139486,-0.010129792677273718,0.5550981218199794,0.24754494657087256,-0.010846458000035305,0.553115630809717
1779787783.4658175,10.0,4.079997891999994,2.0184980832162522,0.2463638084208804,-0.010124995628013165,0.5551197629883484,0.24754494657087256,-0.010846458000035305,0.553115630809717
1779787783.4758425,10.0,4.100245145999995,1.984297283741711,0.24634405680718865,-0.010118436930372518,0.5551404028157373,0.24754494657087256,-0.010846458000035305,0.553115630809717
1779787783.4859073,10.0,4.120183951999995,1.9653115604206528,0.24632844697008646,-0.010112674523529371,0.5551592042429887,0.24754494657087256,-0.010846458000035305,0.553115630809717
1779787783.4958496,10.0,4.139959825999996,1.9698017303421098,0.2463103669710569,-0.010106453557443986,0.5551862547413967,0.24754494657087256,-0.010846458000035305,0.553115630809717
1779787783.5058331,10.0,4.160204393999996,1.9816490223413081,0.2462866312098479,-0.010100219147582358,0.5552160942275683,0.24754494657087256,-0.010846458000035305,0.553115630809717
1779787783.5158641,10.0,4.180027981999997,2.0169973280353855,0.2462583936951839,-0.01008900153257164,0.5552542527849407,0.24754494657087256,-0.010846458000035305,0.553115630809717
1779787783.5258732,10.0,4.200102263999997,2.0752238549446154,0.2462261375099531,-0.010078087350896036,0.5552984167783379,0.24754494657087256,-0.010846458000035305,0.553115630809717
1779787783.5358567,10.0,4.220216643999997,2.1474960502918794,0.24619695586210705,-0.010065060222154254,0.5553497959424335,0.24754494657087256,-0.010846458000035305,0.553115630809717
1779787783.5458899,10.0,4.2400666819999975,2.2219094242634885,0.24618090705385623,-0.010058415460021033,0.555396937422915,0.24754494657087256,-0.010846458000035305,0.553115630809717
1779787783.555816,10.0,4.260025383999997,2.2782565696330184,0.24616885627996474,-0.010051155278697758,0.5554409378949144,0.24754494657087256,-0.010846458000035305,0.553115630809717
1779787783.5658445,10.0,4.280006089999997,2.305102286152586,0.24615432450723795,-0.010047046586605506,0.5554722407096965,0.24754494657087256,-0.010846458000035305,0.553115630809717
1779787783.5758402,10.0,4.299991483999997,2.328197593151137,0.24614390128830452,-0.010041747444324612,0.5554846253192436,0.24754494657087256,-0.010846458000035305,0.553115630809717
1779787783.585905,10.0,4.320001965999997,2.3255107449038497,0.24613511559178006,-0.010042073389029321,0.5554911956907058,0.24754494657087256,-0.010846458000035305,0.553115630809717
1779787783.595823,10.0,4.339973113999997,2.29385102419729,0.24613001206942128,-0.010038899773544009,0.5554966104065182,0.24754494657087256,-0.010846458000035305,0.553115630809717
1779787783.6058323,10.0,4.360114505999996,2.2381142913586314,0.24612540614819045,-0.010038524817839737,0.5554985079215304,0.24754494657087256,-0.010846458000035305,0.553115630809717
1779787783.6158912,10.0,4.380098357999996,2.1899792007493537,0.24612410459923503,-0.010038193184251806,0.5554987992892723,0.24754494657087256,-0.010846458000035305,0.553115630809717
1779787783.6258647,10.0,4.400049045999996,2.167340196998783,0.24612203650278183,-0.01003645444160128,0.5555012381362036,0.24754494657087256,-0.010846458000035305,0.553115630809717
1779787783.6358564,10.0,4.420130963999997,2.1691623754708194,0.24611571308618455,-0.01003512716005336,0.5555130616356739,0.24754494657087256,-0.010846458000035305,0.553115630809717
1779787783.6458714,10.0,4.440145091999997,2.180550316191552,0.24610305879190245,-0.010030726205471937,0.5555339960005208,0.24754494657087256,-0.010846458000035305,0.553115630809717
1779787783.6558542,10.0,4.4601570379999975,2.2042230650242147,0.2460774335615427,-0.010023079887974391,0.5555646133034655,0.24754494657087256,-0.010846458000035305,0.553115630809717
1779787783.6659064,10.0,4.480067107999997,2.2449522953383503,0.24604162105171334,-0.010009757449759309,0.5556058439399968,0.24754494657087256,-0.010846458000035305,0.553115630809717
1779787783.6759021,10.0,4.500064505999997,2.3057763533386377,0.246009849948782,-0.009997594526208227,0.5556556116203565,0.24754494657087256,-0.010846458000035305,0.553115630809717
1779787783.6858323,10.0,4.519999363999998,2.378268572695187,0.24598374596985292,-0.009985888378041189,0.5557088843702489,0.24754494657087256,-0.010846458000035305,0.553115630809717
1779787783.6958404,10.0,4.540068357999997,2.4412799703896293,0.2459705753282016,-0.009979262946811639,0.5557651874327745,0.24754494657087256,-0.010846458000035305,0.553115630809717
1779787783.7058456,10.0,4.559996001999999,2.4809628297661668,0.2459593988332356,-0.009970956573109228,0.5558141022119835,0.24754494657087256,-0.010846458000035305,0.553115630809717
1779787783.7159185,10.0,4.579998288,2.4800243004612974,0.24594819645722085,-0.009965905420151319,0.5558497344691786,0.24754494657087256,-0.010846458000035305,0.553115630809717
1779787783.7258532,10.0,4.599986408,2.4673572886634902,0.2459353336859713,-0.009961127801387982,0.5558690640004826,0.24754494657087256,-0.010846458000035305,0.553115630809717
1779787783.7358406,10.0,4.620043438000001,2.4351759214036806,0.24592000125346214,-0.009957167660240306,0.5558864633374455,0.24754494657087256,-0.010846458000035305,0.553115630809717
1779787783.745936,10.0,4.64005332,2.380469471885943,0.2459005815662472,-0.009952991284017542,0.5559016575608925,0.24754494657087256,-0.010846458000035305,0.553115630809717
1779787783.7558446,10.0,4.660084682,2.3372162199692315,0.2458801073530781,-0.009947065426524028,0.5559156497249353,0.24754494657087256,-0.010846458000035305,0.553115630809717
1779787783.7658596,10.0,4.680065508,2.3391511781272207,0.24585076319183435,-0.009939837858862686,0.5559325212345075,0.24754494657087256,-0.010846458000035305,0.553115630809717
1779787783.7758572,10.0,4.700084685999999,2.3485911146892753,0.24580829768231596,-0.009926042095073645,0.5559612709114587,0.24754494657087256,-0.010846458000035305,0.553115630809717
1779787783.7859077,10.0,4.719966503999999,2.3628356918057403,0.24575154963085122,-0.009909869694565808,0.5559979405825641,0.24754494657087256,-0.010846458000035305,0.553115630809717
1779787783.7959044,10.0,4.740074711999998,2.3934554862265403,0.24568454682742477,-0.009889383288806482,0.5560498106531186,0.24754494657087256,-0.010846458000035305,0.553115630809717
1779787783.8058767,10.0,4.76003608,2.453448271779666,0.24561913633179977,-0.009867248675777656,0.5561099301564981,0.24754494657087256,-0.010846458000035305,0.553115630809717
1779787783.815906,10.0,4.7799690340000005,2.541310649871405,0.24555730077520407,-0.0098448798340853,0.5561824545353088,0.24754494657087256,-0.010846458000035305,0.553115630809717
1779787783.8258665,10.0,4.800021156,2.605252877287244,0.24549868787653453,-0.009821406582306869,0.5562640961377456,0.24754494657087256,-0.010846458000035305,0.553115630809717
1779787783.8358488,10.0,4.8201391220000005,2.646231710546863,0.2454481931177192,-0.009804012220673073,0.5563459368564739,0.24754494657087256,-0.010846458000035305,0.553115630809717
1779787783.84588,10.0,4.840117344,2.6754533310960973,0.2454067699975649,-0.009787162850826963,0.5564255728747671,0.24754494657087256,-0.010846458000035305,0.553115630809717
1779787783.8558602,10.0,4.860044908,2.685836394824435,0.24537046904993104,-0.009772044896642315,0.5564945161230876,0.24754494657087256,-0.010846458000035305,0.553115630809717
1779787783.865851,10.0,4.880042506000001,2.675307876055986,0.2453327417216952,-0.009759205810716357,0.5565558576495621,0.24754494657087256,-0.010846458000035305,0.553115630809717
1779787783.8758264,10.0,4.900028642000001,2.6375321746520055,0.2452901709866606,-0.00974702510652007,0.5566109040754558,0.24754494657087256,-0.010846458000035305,0.553115630809717
1779787783.8858974,10.0,4.919980592000001,2.5895826150829753,0.2452427922056656,-0.009731953855243728,0.5566574773980484,0.24754494657087256,-0.010846458000035305,0.553115630809717
1779787783.8959048,10.0,4.9399899320000005,2.5631082582571665,0.24518711707866928,-0.00971584985972862,0.5567086159327772,0.24754494657087256,-0.010846458000035305,0.553115630809717
1779787783.9059093,10.0,4.960051232,2.5555110031152783,0.24512136007557903,-0.00969391304214406,0.5567651787501965,0.24754494657087256,-0.010846458000035305,0.553115630809717
1779787783.9158423,10.0,4.980018752,2.553167356796136,0.24504494619082642,-0.009670212452514875,0.5568323340906464,0.24754494657087256,-0.010846458000035305,0.553115630809717
1779787783.9258466,10.0,5.0000389720000005,2.567724081378617,0.24495715160660878,-0.009642262883942031,0.556912572176562,0.24754494657087256,-0.010846458000035305,0.553115630809717
1779787783.9358559,10.0,5.020093158000002,2.6203032922172897,0.24486326609464557,-0.009610389805925837,0.5570081188032437,0.24754494657087256,-0.010846458000035305,0.553115630809717
1779787783.945886,10.0,5.040096066000004,2.6900501138578323,0.2447680261692546,-0.009575480877298736,0.5571207568457539,0.24754494657087256,-0.010846458000035305,0.553115630809717
1779787783.9558403,10.0,5.060002830000002,2.7598623068498624,0.24467746597421985,-0.009542059337952559,0.5572546572338274,0.24754494657087256,-0.010846458000035305,0.553115630809717
1779787783.9658341,10.0,5.079984136000003,2.8257268385259993,0.24459669352690921,-0.009509549555168778,0.5573916462725881,0.24754494657087256,-0.010846458000035305,0.553115630809717
1779787783.9758399,10.0,5.099969210000003,2.8651578815339653,0.2445263708101292,-0.009480870791313495,0.5575374653219737,0.24754494657087256,-0.010846458000035305,0.553115630809717
1779787783.9858217,10.0,5.119969954000002,2.8912315771820016,0.24447128418831732,-0.00945465918368623,0.5576800127471053,0.24754494657087256,-0.010846458000035305,0.553115630809717
1779787783.9958303,10.0,5.139989394000002,2.9125942867641466,0.24442685707422482,-0.009432903948024398,0.557815039662285,0.24754494657087256,-0.010846458000035305,0.553115630809717
1779787784.0058382,10.0,5.160193524000003,2.9176957566377615,0.24439102647624364,-0.00941411689247845,0.5579399438408296,0.24754494657087256,-0.010846458000035305,0.553115630809717
1779787784.015897,10.0,5.1799701600000025,2.8862011543806614,0.24434572550737205,-0.009392046239264124,0.5580582564449048,0.24754494657087256,-0.010846458000035305,0.553115630809717
1779787784.0258791,10.0,5.200031660000002,2.824618415113503,0.24429274886991298,-0.009371567123102685,0.5581682352233084,0.24754494657087256,-0.010846458000035305,0.553115630809717
1779787784.0358725,10.0,5.220080514000002,2.782763369664763,0.24423242656964012,-0.009349055192260472,0.5582700090657493,0.24754494657087256,-0.010846458000035305,0.553115630809717
1779787784.0458765,10.0,5.240052444000002,2.777664948823115,0.24416671900483136,-0.009324642177397943,0.558373940371814,0.24754494657087256,-0.010846458000035305,0.553115630809717
1779787784.055853,10.0,5.260081742000002,2.793478189774553,0.244088529907422,-0.009295663706738937,0.5584783868600924,0.24754494657087256,-0.010846458000035305,0.553115630809717
1779787784.0658538,10.0,5.280167828000001,2.824292506155071,0.24401247756814418,-0.009268923536474119,0.5585915842931671,0.24754494657087256,-0.010846458000035305,0.553115630809717
1779787784.0758996,10.0,5.300108555999998,2.8743701414858527,0.24392594880509533,-0.009235658255526809,0.5587169166037389,0.24754494657087256,-0.010846458000035305,0.553115630809717
1779787784.0858424,10.0,5.320080203999997,2.9222025398745326,0.24383734040275637,-0.009202009827946472,0.5588544131956056,0.24754494657087256,-0.010846458000035305,0.553115630809717
1779787784.095907,10.0,5.340072671999998,2.9760080462645586,0.24375334387117156,-0.009165083575942775,0.5589965196637003,0.24754494657087256,-0.010846458000035305,0.553115630809717
1779787784.1058369,10.0,5.360100165999999,3.0282674223554995,0.24368021125029457,-0.00913713344602217,0.5591399113792065,0.24754494657087256,-0.010846458000035305,0.553115630809717
1779787784.115826,10.0,5.3800546019999995,3.060740381263715,0.24361335831881897,-0.009109780753155007,0.5592875251032664,0.24754494657087256,-0.010846458000035305,0.553115630809717
1779787784.1258297,10.0,5.400031219999999,3.084655591564712,0.24355842239074316,-0.009083065972746713,0.5594320425144766,0.24754494657087256,-0.010846458000035305,0.553115630809717
1779787784.135861,10.0,5.420148606,3.0954663796539434,0.24350400031784603,-0.00905934335346587,0.5595668283761932,0.24754494657087256,-0.010846458000035305,0.553115630809717
1779787784.1458294,10.0,5.440061019999999,3.0708196374395262,0.24344507819212963,-0.009035016824375347,0.5597015895623076,0.24754494657087256,-0.010846458000035305,0.553115630809717
1779787784.1558673,10.0,5.460004755999997,3.033377861069607,0.24337087391683415,-0.009007841964759523,0.5598366863965468,0.24754494657087256,-0.010846458000035305,0.553115630809717
1779787784.1658983,10.0,5.4800427299999965,2.9946877909736913,0.24327957036830167,-0.008973851412814248,0.5599712874464458,0.24754494657087256,-0.010846458000035305,0.553115630809717
1779787784.1758804,10.0,5.500082005999997,2.97367341690703,0.24317240444206653,-0.008935689757765493,0.5601085158621769,0.24754494657087256,-0.010846458000035305,0.553115630809717
1779787784.1858587,10.0,5.520080605999995,2.9715291728233373,0.24305607146496705,-0.008896165482555465,0.5602584559430919,0.24754494657087256,-0.010846458000035305,0.553115630809717
1779787784.195852,10.0,5.540056863999996,2.9831181029694123,0.24293214701066393,-0.008853374762181001,0.5604207573035526,0.24754494657087256,-0.010846458000035305,0.553115630809717
1779787784.2059019,10.0,5.560028731999996,3.0198587064418616,0.24280047309303307,-0.008806173782729708,0.5606077221964574,0.24754494657087256,-0.010846458000035305,0.553115630809717
1779787784.215844,10.0,5.580180361999995,3.0765863415586563,0.24265683253651774,-0.008754157380233493,0.5608153396866924,0.24754494657087256,-0.010846458000035305,0.553115630809717
1779787784.2258992,10.0,5.600019337999994,3.146854684101205,0.24251403891545287,-0.008701533618712651,0.561033475902061,0.24754494657087256,-0.010846458000035305,0.553115630809717
1779787784.235858,10.0,5.620294101999993,3.2164843108974894,0.24237551406838045,-0.00864920708506782,0.5612623475815884,0.24754494657087256,-0.010846458000035305,0.553115630809717
1779787784.2458394,10.0,5.640031403999993,3.267936759237275,0.24224874034314595,-0.008598402333684788,0.5615122552946861,0.24754494657087256,-0.010846458000035305,0.553115630809717
1779787784.255883,10.0,5.660031305999993,3.272057592281489,0.24212518154806087,-0.008547995922992461,0.5617656712746885,0.24754494657087256,-0.010846458000035305,0.553115630809717
1779787784.265922,10.0,5.680035095999991,3.2522102337152115,0.242004853152333,-0.00850002531849256,0.5620131868339318,0.24754494657087256,-0.010846458000035305,0.553115630809717
1779787784.2758834,10.0,5.700213377999991,3.230721942536199,0.2418729687120258,-0.008447789245955456,0.5622579604346509,0.24754494657087256,-0.010846458000035305,0.553115630809717
1779787784.2858403,10.0,5.720047703999988,3.1925155345751635,0.2417311888731511,-0.008395190897968554,0.5625036779327338,0.24754494657087256,-0.010846458000035305,0.553115630809717
1779787784.295845,10.0,5.740113551999989,3.134282523279559,0.24157117011553028,-0.008338533733228272,0.5627509040709302,0.24754494657087256,-0.010846458000035305,0.553115630809717
1779787784.3058586,10.0,5.760086021999989,3.1015341384341744,0.2413902349231593,-0.008274981502824446,0.5629974379624727,0.24754494657087256,-0.010846458000035305,0.553115630809717
1779787784.3159273,10.0,5.7801032759999895,3.0948362286650752,0.24118345038812294,-0.008205163275809649,0.563247585191057,0.24754494657087256,-0.010846458000035305,0.553115630809717
1779787784.325895,10.0,5.800059473999989,3.1120773364596857,0.24095905124134065,-0.008131939036274774,0.5635087312682769,0.24754494657087256,-0.010846458000035305,0.553115630809717
1779787784.3358493,10.0,5.82031321999999,3.1335847673072843,0.2407131455611853,-0.008049219790185042,0.5637872009435665,0.24754494657087256,-0.010846458000035305,0.553115630809717
1779787784.3458478,10.0,5.8400420859999915,3.175426929778494,0.24045180193797056,-0.007963714694864971,0.5640843696302376,0.24754494657087256,-0.010846458000035305,0.553115630809717
1779787784.355871,10.0,5.860074309999993,3.231171649140749,0.24017767184024916,-0.007872176977489745,0.5644025208336669,0.24754494657087256,-0.010846458000035305,0.553115630809717
1779787784.365828,10.0,5.880002633999996,3.2786770011231514,0.23990103944905114,-0.0077754858763937965,0.5647479136893454,0.24754494657087256,-0.010846458000035305,0.553115630809717
1779787784.3758874,10.0,5.900025739999996,3.3165736464401996,0.239630293953981,-0.0076799769096296345,0.5651034417082741,0.24754494657087256,-0.010846458000035305,0.553115630809717
1779787784.3858306,10.0,5.9200488079999944,3.33517736316041,0.23936203394920116,-0.00758731925466369,0.5654705005697779,0.24754494657087256,-0.010846458000035305,0.553115630809717
1779787784.3958416,10.0,5.940031615999994,3.322669697197695,0.23910535403007813,-0.007494147275934356,0.565841537119988,0.24754494657087256,-0.010846458000035305,0.553115630809717
1779787784.4058502,10.0,5.960049751999994,3.298551700953563,0.23883977265930503,-0.00739843743742794,0.5662086522235824,0.24754494657087256,-0.010846458000035305,0.553115630809717
1779787784.4158401,10.0,5.980037991999993,3.264971621403172,0.23855645636724532,-0.007298780146027125,0.5665952193958428,0.24754494657087256,-0.010846458000035305,0.553115630809717
1779787784.425834,10.0,6.000006915999993,3.2134922725177266,0.23823689374515977,-0.007198384120864417,0.5669922562685411,0.24754494657087256,-0.010846458000035305,0.553115630809717
1779787784.435921,10.0,6.0200418439999925,3.1804340848502837,0.2378859650395562,-0.0071154006779569215,0.5674104877576105,0.24754494657087256,-0.010846458000035305,0.553115630809717
1779787784.4458728,10.0,6.040022869999993,3.1758856458863884,0.23750691003379987,-0.007012036660065148,0.5678523860000855,0.24754494657087256,-0.010846458000035305,0.553115630809717
1779787784.455864,10.0,6.060098575999992,3.180485127792689,0.23710340323573176,-0.0069063932824763655,0.5683277650442148,0.24754494657087256,-0.010846458000035305,0.553115630809717
1779787784.465878,10.0,6.080100281999991,3.191535147929653,0.23668057414459603,-0.00681174511814169,0.568831533258636,0.24754494657087256,-0.010846458000035305,0.553115630809717
1779787784.475861,10.0,6.100122765999993,3.237791319857551,0.23624657067744642,-0.006714151044117146,0.5693824374926287,0.24754494657087256,-0.010846458000035305,0.553115630809717
1779787784.4858744,10.0,6.120060129999994,3.298815596051123,0.2358063145743576,-0.006612716717809864,0.5699587697290405,0.24754494657087256,-0.010846458000035305,0.553115630809717
1779787784.4959176,10.0,6.140079827999996,3.3927506037636013,0.2353620204153956,-0.006510560899525,0.5705510844762812,0.24754494657087256,-0.010846458000035305,0.553115630809717
1779787784.5059078,10.0,6.160146517999996,3.4960261108710657,0.23491768693635992,-0.006419593954400298,0.5711585128762756,0.24754494657087256,-0.010846458000035305,0.553115630809717
1779787784.5159166,10.0,6.179976275999998,3.575762677738645,0.23446973376738425,-0.006321937163832415,0.5717757053103744,0.24754494657087256,-0.010846458000035305,0.553115630809717
1779787784.5258992,10.0,6.200042463999997,3.6070204388226497,0.23401620258692835,-0.0062147067072627635,0.5723983549753681,0.24754494657087256,-0.010846458000035305,0.553115630809717
1779787784.53584,10.0,6.220045231999999,3.6110714527992274,0.23355857704824395,-0.006100124363207811,0.5730169777945011,0.24754494657087256,-0.010846458000035305,0.553115630809717
1779787784.545895,10.0,6.240025596,3.6133860800586883,0.23310281114428286,-0.00598960308891652,0.573623602046848,0.24754494657087256,-0.010846458000035305,0.553115630809717
1779787784.5559206,10.0,6.260044494,3.575154404372488,0.23263930725333978,-0.005871609216003113,0.5742246640703168,0.24754494657087256,-0.010846458000035305,0.553115630809717
1779787784.565917,10.0,6.280089120000001,3.4783938451284127,0.23214852178880047,-0.005747373661806811,0.5748273890394199,0.24754494657087256,-0.010846458000035305,0.553115630809717
1779787784.5758853,10.0,6.300096818,3.388533511661241,0.2316350009975348,-0.00561947461990767,0.5754208222909531,0.24754494657087256,-0.010846458000035305,0.553115630809717
1779787784.5859241,10.0,6.320024582000001,3.354189665667114,0.23110460349416476,-0.005487190508328833,0.576026467944489,0.24754494657087256,-0.010846458000035305,0.553115630809717
1779787784.595854,10.0,6.340182546,3.333948747886919,0.23053736381212045,-0.005346369472102668,0.576648995070643,0.24754494657087256,-0.010846458000035305,0.553115630809717
1779787784.6059086,10.0,6.359991584000001,3.2569067377571255,0.2299447417398335,-0.0051954986186074905,0.5772930105133514,0.24754494657087256,-0.010846458000035305,0.553115630809717
1779787784.6158795,10.0,6.380006094000001,3.21172567239954,0.2293555464684741,-0.005047230517170905,0.5779485244152445,0.24754494657087256,-0.010846458000035305,0.553115630809717
1779787784.6258967,10.0,6.4000040720000015,3.251629576689102,0.22876085040192262,-0.004902782238446286,0.578627679845782,0.24754494657087256,-0.010846458000035305,0.553115630809717
1779787784.6358569,10.0,6.420134742000001,3.2682796090446335,0.22814638878232654,-0.0047549371158524855,0.5793429682202117,0.24754494657087256,-0.010846458000035305,0.553115630809717
1779787784.6458595,10.0,6.440388668000001,3.2176629568163055,0.22750810307082045,-0.004604926950200332,0.5800978223194769,0.24754494657087256,-0.010846458000035305,0.553115630809717
1779787784.6559057,10.0,6.460282688000001,3.200235039207576,0.22685181289722825,-0.004457327499262134,0.5808838674283546,0.24754494657087256,-0.010846458000035305,0.553115630809717
1779787784.665918,10.0,6.4801211420000016,3.222712284483406,0.2261542589600461,-0.004303813030148325,0.5817210027220566,0.24754494657087256,-0.010846458000035305,0.553115630809717
1779787784.675882,10.0,6.5001077600000015,3.18740342859512,0.2254135360294238,-0.00414657692267649,0.5826111172496019,0.24754494657087256,-0.010846458000035305,0.553115630809717
1779787784.6858428,10.0,6.519988834,3.195231537567117,0.22464688875494587,-0.003990425639231293,0.5835337932193808,0.24754494657087256,-0.010846458000035305,0.553115630809717
1779787784.6958578,10.0,6.540053179999999,3.269964634791392,0.22383066056346607,-0.0038226064667336236,0.5845122247564002,0.24754494657087256,-0.010846458000035305,0.553115630809717
1779787784.7058353,10.0,6.560050835999998,3.321425133107694,0.22298880149213918,-0.003659837556566118,0.5855067497101007,0.24754494657087256,-0.010846458000035305,0.553115630809717
1779787784.7158322,10.0,6.580063523999997,3.4550348972214446,0.22213414321691205,-0.003505253674803601,0.586509626634723,0.24754494657087256,-0.010846458000035305,0.553115630809717
1779787784.7258317,10.0,6.599999223999998,3.600886073243727,0.2212455939919622,-0.003344374651911529,0.5875317970989129,0.24754494657087256,-0.010846458000035305,0.553115630809717
1779787784.7358358,10.0,6.620106889999997,3.700797401384219,0.22035780379104786,-0.003190424997899103,0.5885591828763481,0.24754494657087256,-0.010846458000035305,0.553115630809717
1779787784.7458403,10.0,6.639988425999997,3.7958037036737347,0.21947785747296839,-0.0030383034501420625,0.5896279939810005,0.24754494657087256,-0.010846458000035305,0.553115630809717
1779787784.7558692,10.0,6.660060285999998,3.7903283515435104,0.218589098913437,-0.0028831689555754666,0.5907359937997122,0.24754494657087256,-0.010846458000035305,0.553115630809717
1779787784.7658587,10.0,6.68004616,3.6822654136304163,0.2176997732893283,-0.0027267105075599748,0.5918670243852789,0.24754494657087256,-0.010846458000035305,0.553115630809717
1779787784.7759163,10.0,6.700097319999999,3.5374606914167934,0.21677940602864898,-0.0025729798357737887,0.5930110732021653,0.24754494657087256,-0.010846458000035305,0.553115630809717
1779787784.7858684,10.0,6.720073155999998,3.32908633938201,0.2158252236253478,-0.002414793369136296,0.5941665265697773,0.24754494657087256,-0.010846458000035305,0.553115630809717
1779787784.79586,10.0,6.740019436,3.1225528483647014,0.21482356629409877,-0.0022474638458637296,0.5953365401639226,0.24754494657087256,-0.010846458000035305,0.553115630809717
1779787784.8058565,10.0,6.760056327999998,2.9409713197238325,0.21378997891397275,-0.0020791000513752846,0.5965276003915299,0.24754494657087256,-0.010846458000035305,0.553115630809717
1779787784.8159301,10.0,6.779975615999999,2.8847017845112837,0.21271758110641348,-0.0019051296826351745,0.5977300223509993,0.24754494657087256,-0.010846458000035305,0.553115630809717
1779787784.8259006,10.0,6.800025213999998,2.8927812566880693,0.21162249724649554,-0.0017361161933491687,0.5989257041144439,0.24754494657087256,-0.010846458000035305,0.553115630809717
1779787784.8358355,10.0,6.820009323999998,3.0122674475604456,0.21051815119476566,-0.0015649964043890324,0.6001346350388382,0.24754494657087256,-0.010846458000035305,0.553115630809717
1779787784.8458588,10.0,6.840037219999998,3.1736697603240875,0.20941959083054784,-0.001400501392425035,0.6013510092000683,0.24754494657087256,-0.010846458000035305,0.553115630809717
1779787784.855842,10.0,6.8600777799999975,3.4235423349776215,0.2083250870459458,-0.0012478366330927802,0.6025905028740784,0.24754494657087256,-0.010846458000035305,0.553115630809717
1779787784.865831,10.0,6.880005863999999,3.634974556242505,0.20722825298272796,-0.0010906212455300084,0.6038611726799751,0.24754494657087256,-0.010846458000035305,0.553115630809717
1779787784.8758419,10.0,6.900013501999998,3.7323884751568883,0.20609256346898958,-0.0009221815682265139,0.6051803195664387,0.24754494657087256,-0.010846458000035305,0.553115630809717
1779787784.8858817,10.0,6.9200785259999975,3.6586402156503364,0.20492215756848728,-0.0007460364575983126,0.6065197546446195,0.24754494657087256,-0.010846458000035305,0.553115630809717
1779787784.895892,10.0,6.939990881999998,3.5066741984765635,0.20371920877577862,-0.0005581318535743128,0.6078686829591333,0.24754494657087256,-0.010846458000035305,0.553115630809717
1779787784.9059484,10.0,6.960408799999998,3.3156152488698383,0.20248123886402042,-0.0003641335676186189,0.6092355672229313,0.24754494657087256,-0.010846458000035305,0.553115630809717
1779787784.9158463,10.0,6.980057451999999,3.130875644776941,0.20120245872901216,-0.0001634795607885623,0.6106083562407593,0.24754494657087256,-0.010846458000035305,0.553115630809717
1779787784.9258492,10.0,7.000003851999997,3.022374475371556,0.19991983990012946,3.8757278503654615e-05,0.6119750561740414,0.24754494657087256,-0.010846458000035305,0.553115630809717
1779787784.9358375,10.0,7.020020425999995,3.054179813862481,0.19862195170125024,0.00023925253668135088,0.6133383964950843,0.24754494657087256,-0.010846458000035305,0.553115630809717
1779787784.9458458,10.0,7.040044413999994,3.169918285835296,0.1973155478431249,0.0004401072328681308,0.6146833625036005,0.24754494657087256,-0.010846458000035305,0.553115630809717
1779787784.955872,10.0,7.060172219999993,3.356887092705202,0.1959642501119592,0.000649048459301836,0.616036891992443,0.24754494657087256,-0.010846458000035305,0.553115630809717
1779787784.9658678,10.0,7.080131865999992,3.5401361347651923,0.19458881257688546,0.0008669502560398783,0.617428738687796,0.24754494657087256,-0.010846458000035305,0.553115630809717
1779787784.9758549,10.0,7.099985889999992,3.6651151667136648,0.19319769570799902,0.001086183121318636,0.6188526262523312,0.24754494657087256,-0.010846458000035305,0.553115630809717
1779787784.9858644,10.0,7.120038911999992,3.6829708468976636,0.191800361832183,0.0013112243944643127,0.6203219151198586,0.24754494657087256,-0.010846458000035305,0.553115630809717
1779787784.9958477,10.0,7.140040737999993,3.539750031270783,0.1903992475101805,0.001540754892475382,0.6218413078873619,0.24754494657087256,-0.010846458000035305,0.553115630809717
1779787785.0059044,10.0,7.160103739999993,3.3618241983054893,0.18899350161584488,0.001765187666898728,0.6233687502193025,0.24754494657087256,-0.010846458000035305,0.553115630809717
1779787785.015848,10.0,7.180219561999994,3.2794242319411913,0.1875792184798442,0.001988657761288039,0.6248720871740728,0.24754494657087256,-0.010846458000035305,0.553115630809717
1779787785.0258772,10.0,7.200074647999993,3.2985087467118013,0.1861297170502674,0.0022137327976286063,0.6263506243250482,0.24754494657087256,-0.010846458000035305,0.553115630809717
1779787785.0358403,10.0,7.220295931999995,3.385707472391889,0.18465882555007695,0.0024358024941529715,0.6277993602119081,0.24754494657087256,-0.010846458000035305,0.553115630809717
1779787785.0458434,10.0,7.2399799119999955,3.5240063790801623,0.1831429305984177,0.0026629173168389877,0.6292678362622609,0.24754494657087256,-0.010846458000035305,0.553115630809717
1779787785.055837,10.0,7.260076297999997,3.615607999489069,0.18158887934628162,0.002896818056156564,0.6307719508142333,0.24754494657087256,-0.010846458000035305,0.553115630809717
1779787785.0658493,10.0,7.280057141999996,3.632821148331122,0.1800334698107479,0.003123387270902365,0.6323012300128128,0.24754494657087256,-0.010846458000035305,0.553115630809717
1779787785.0759833,10.0,7.300074957999997,3.5996722496142817,0.17848126398298428,0.0033492722383895463,0.6338687109775357,0.24754494657087256,-0.010846458000035305,0.553115630809717
1779787785.0859067,10.0,7.320057185999998,3.504621852335444,0.17692125244688672,0.0035794728513801333,0.6354411486581379,0.24754494657087256,-0.010846458000035305,0.553115630809717
1779787785.0959163,10.0,7.340123393999996,3.487227784999204,0.17534355284776634,0.0038210934970220466,0.6369820075818654,0.24754494657087256,-0.010846458000035305,0.553115630809717
1779787785.1058733,10.0,7.360126001999998,3.5994198937277093,0.1737486947673436,0.004072031331873696,0.6384728116193915,0.24754494657087256,-0.010846458000035305,0.553115630809717
1779787785.1158772,10.0,7.380106505999998,3.7868479955985466,0.17213755583023463,0.004332802153176618,0.6399492614012473,0.24754494657087256,-0.010846458000035305,0.553115630809717
1779787785.1258593,10.0,7.400260441999999,3.984188176986027,0.17050985711822625,0.004592419911924045,0.6414545154159002,0.24754494657087256,-0.010846458000035305,0.553115630809717
1779787785.1359017,10.0,7.42014879,4.060198994725317,0.16889453425330642,0.004840992870367571,0.6430041035135731,0.24754494657087256,-0.010846458000035305,0.553115630809717
1779787785.145926,10.0,7.440061725999999,4.006202201102443,0.16728221855163855,0.00509031393689807,0.6445917166748559,0.24754494657087256,-0.010846458000035305,0.553115630809717
1779787785.155842,10.0,7.460039928,3.8832082538481,0.16570247368752983,0.005336198079893211,0.6461883030738171,0.24754494657087256,-0.010846458000035305,0.553115630809717
1779787785.165846,10.0,7.480068164,3.8535724484534017,0.16412061916620577,0.005580975954423529,0.6477524764039484,0.24754494657087256,-0.010846458000035305,0.553115630809717
1779787785.1758845,10.0,7.500087541999999,3.9625850573001062,0.16252654563385943,0.0058238759724069875,0.6492523990242133,0.24754494657087256,-0.010846458000035305,0.553115630809717
1779787785.1858757,10.0,7.520122689999997,4.190652720611173,0.16092775583596006,0.006062645023331707,0.6507030029213147,0.24754494657087256,-0.010846458000035305,0.553115630809717
1779787785.1958437,10.0,7.540049473999998,4.471401459118679,0.15933570414193463,0.0063089523066883505,0.6521623027967675,0.24754494657087256,-0.010846458000035305,0.553115630809717
1779787785.205915,10.0,7.560170465999997,4.627135287092994,0.15777473821370816,0.006559190860056394,0.6536578839468873,0.24754494657087256,-0.010846458000035305,0.553115630809717
1779787785.215835,10.0,7.580062061999998,4.695613380275458,0.15625073217605492,0.006791120320497013,0.6551656184582235,0.24754494657087256,-0.010846458000035305,0.553115630809717
1779787785.2258434,10.0,7.600214813999999,4.71697619683706,0.1547937325137772,0.0070082476775358655,0.6566852792511085,0.24754494657087256,-0.010846458000035305,0.553115630809717
1779787785.235859,10.0,7.620153137999997,4.775931251545214,0.1533858618754274,0.007218428799560534,0.6581871567275848,0.24754494657087256,-0.010846458000035305,0.553115630809717
1779787785.245908,10.0,7.640025757999997,4.974914435101191,0.15207403329197838,0.00741041772159953,0.6596226610450469,0.24754494657087256,-0.010846458000035305,0.553115630809717
1779787785.2558396,10.0,7.660042351999996,5.397605640436132,0.1508511472364937,0.0075801955037800165,0.6609926940188303,0.24754494657087256,-0.010846458000035305,0.553115630809717
1779787785.2658956,10.0,7.680136631999996,5.937830745153688,0.1497319373461391,0.007736920825333915,0.6622983851996989,0.24754494657087256,-0.010846458000035305,0.553115630809717
1779787785.2759037,10.0,7.700223019999997,6.531478748692833,0.1487044529127497,0.007879623243508741,0.6635753194935481,0.24754494657087256,-0.010846458000035305,0.553115630809717
1779787785.2858715,10.0,7.720110887999997,7.034081406757241,0.14776703108830258,0.007997862813303565,0.6648394511537098,0.24754494657087256,-0.010846458000035305,0.553115630809717
1779787785.2958512,10.0,7.740137319999997,7.526379282247913,0.14694596262168566,0.00811054375916372,0.6660230051154848,0.24754494657087256,-0.010846458000035305,0.553115630809717
1779787785.3058512,10.0,7.760131711999998,8.01668273434996,0.14619751457003174,0.008215910723765263,0.6671323051985242,0.24754494657087256,-0.010846458000035305,0.553115630809717
1779787785.315841,10.0,7.780041319999999,8.483955980922993,0.14552952613141193,0.0083097038460943,0.6681364966353287,0.24754494657087256,-0.010846458000035305,0.553115630809717
1779787785.3258362,10.0,7.800130371999998,9.028835380848514,0.1449604603156275,0.008391163661904113,0.669041871711024,0.24754494657087256,-0.010846458000035305,0.553115630809717
1779787785.335855,10.0,7.820011867999998,9.660354935470076,0.14448655413611883,0.008474636946464987,0.6698436112563777,0.24754494657087256,-0.010846458000035305,0.553115630809717
1779787785.345861,10.0,7.840052027999999,10.289213769005345,0.14411445657132194,0.008545598934971763,0.6705307239939157,0.24754494657087256,-0.010846458000035305,0.553115630809717
1779787785.3558474,10.0,7.860047679999999,10.94127241858311,0.14385158708405738,0.008599836278603447,0.6710918317801783,0.24754494657087256,-0.010846458000035305,0.553115630809717
1779787785.3658466,10.0,7.880212055999999,11.605333572363405,0.14370383001674722,0.008641723522100428,0.6715338041753969,0.24754494657087256,-0.010846458000035305,0.553115630809717
1779787785.3758879,10.0,7.900047683999998,12.199923740076207,0.14365461881273495,0.008667670195723506,0.6718624658778585,0.24754494657087256,-0.010846458000035305,0.553115630809717
1779787785.3858795,10.0,7.9200586679999985,12.681284493841249,0.14367685096886137,0.008674874566890213,0.6720753470272031,0.24754494657087256,-0.010846458000035305,0.553115630809717
1779787785.3958902,10.0,7.940115055999999,13.043971000602916,0.14376643934418348,0.008658528659685017,0.6721485933323686,0.24754494657087256,-0.010846458000035305,0.553115630809717
1779787785.405903,10.0,7.960116079999999,13.407759567924435,0.14391771154260852,0.00862311448068286,0.6720841926999218,0.24754494657087256,-0.010846458000035305,0.553115630809717
1779787785.415884,10.0,7.980051239999998,13.718658571836512,0.14411080249524794,0.008575154385946788,0.6719327571533296,0.24754494657087256,-0.010846458000035305,0.553115630809717
1779787785.4258466,10.0,8.000034187999999,13.890238976621234,0.144368688697426,0.008504603206506062,0.6717126950620885,0.24754494657087256,-0.010846458000035305,0.553115630809717
1779787785.435891,10.0,8.020125524,13.96966609804861,0.14469216235677243,0.008409446875105035,0.6714124148138697,0.24754494657087256,-0.010846458000035305,0.553115630809717
1779787785.44592,10.0,8.040067456,13.976109185919707,0.14506124048115368,0.008298672152323008,0.671043363828194,0.24754494657087256,-0.010846458000035305,0.553115630809717
1779787785.4558656,10.0,8.060063709999998,13.830639374363129,0.14546140105341046,0.008182632779422338,0.6706142720922857,0.24754494657087256,-0.010846458000035305,0.553115630809717
1779787785.4658556,10.0,8.08004656,13.524336873435068,0.14587291014025489,0.008052611134722113,0.6701206483803956,0.24754494657087256,-0.010846458000035305,0.553115630809717
1779787785.475869,10.0,8.100075878,13.125706807547763,0.14630127700937348,0.007914351145195161,0.6695598121424211,0.24754494657087256,-0.010846458000035305,0.553115630809717
1779787785.4858825,10.0,8.120106798,12.668852683972563,0.14674388712497421,0.007762617560594234,0.6689583373169364,0.24754494657087256,-0.010846458000035305,0.553115630809717
1779787785.4959114,10.0,8.140162828000003,12.12500751863797,0.1471806081617652,0.007609795339386732,0.6683335303005234,0.24754494657087256,-0.010846458000035305,0.553115630809717
1779787785.5058696,10.0,8.160121290000003,11.476693770219624,0.14761225241890577,0.007454950884779589,0.6676948501694236,0.24754494657087256,-0.010846458000035305,0.553115630809717
1779787785.5158334,10.0,8.180059634000004,10.826066750636466,0.1480327978343371,0.007300885973437646,0.6670404376911038,0.24754494657087256,-0.010846458000035305,0.553115630809717
1779787785.5258777,10.0,8.200109812000004,10.196427864124868,0.14841914717336827,0.007160480029174007,0.6663999151237898,0.24754494657087256,-0.010846458000035305,0.553115630809717
1779787785.5358543,10.0,8.220027398000004,9.516080249872584,0.1487807482536125,0.00702496743190665,0.6657664756091547,0.24754494657087256,-0.010846458000035305,0.553115630809717
1779787785.5459402,10.0,8.240104766000005,8.90365769100611,0.14915191783519743,0.006888958315471238,0.6651428541554777,0.24754494657087256,-0.010846458000035305,0.553115630809717
1779787785.5558424,10.0,8.260076134000006,8.423623436264846,0.14950742572404394,0.006758276485862236,0.6645464640809882,0.24754494657087256,-0.010846458000035305,0.553115630809717
1779787785.5659287,10.0,8.280032092000004,7.924725914546195,0.14983964195518154,0.006634993785154319,0.6639864328475769,0.24754494657087256,-0.010846458000035305,0.553115630809717
1779787785.575916,10.0,8.300080346000003,7.405784383880647,0.15016605518689716,0.006513979556097612,0.663460150947653,0.24754494657087256,-0.010846458000035305,0.553115630809717
1779787785.5858555,10.0,8.320010696000002,6.926605034797465,0.15046943146059302,0.006399178811915513,0.6629733773481412,0.24754494657087256,-0.010846458000035305,0.553115630809717
1779787785.5958652,10.0,8.34009091,6.475385270988071,0.15075282907944862,0.006296205729341787,0.6625233834176517,0.24754494657087256,-0.010846458000035305,0.553115630809717
1779787785.6058705,10.0,8.360093336,6.0716578128757055,0.15100940232355473,0.006199123617125111,0.6621176102174979,0.24754494657087256,-0.010846458000035305,0.553115630809717
1779787785.6158957,10.0,8.380100072000001,5.663606359585251,0.15122006685430123,0.006119530883937563,0.6617496994676705,0.24754494657087256,-0.010846458000035305,0.553115630809717
1779787785.6258676,10.0,8.400187058,5.28188872999354,0.15141408745666848,0.006042175637115549,0.6614075495858205,0.24754494657087256,-0.010846458000035305,0.553115630809717
1779787785.6358526,10.0,8.420086770000001,4.97971784264302,0.1515907751830704,0.005974351467444347,0.6610741038542439,0.24754494657087256,-0.010846458000035305,0.553115630809717
1779787785.645847,10.0,8.440125686,4.6721824238864835,0.15172188551544677,0.005923673498565948,0.660772309127533,0.24754494657087256,-0.010846458000035305,0.553115630809717
1779787785.6558511,10.0,8.460059882000001,4.346131317776891,0.15182029281202317,0.0058775012803313365,0.6604849776884938,0.24754494657087256,-0.010846458000035305,0.553115630809717
1779787785.6658962,10.0,8.480019388000002,4.126086753147082,0.15188404064224045,0.005846487314048475,0.6602131069969928,0.24754494657087256,-0.010846458000035305,0.553115630809717
1779787785.6758654,10.0,8.500136132000002,3.994084766649144,0.15190649854839597,0.0058280013047369,0.6599655570071564,0.24754494657087256,-0.010846458000035305,0.553115630809717
1779787785.685879,10.0,8.520031414000002,3.871693998604019,0.15187867088164483,0.005822770945180396,0.6597600056709773,0.24754494657087256,-0.010846458000035305,0.553115630809717
1779787785.6958828,10.0,8.540048348000003,3.7501518063991277,0.15181254852695975,0.005823476241478954,0.6595822397626041,0.24754494657087256,-0.010846458000035305,0.553115630809717
1779787785.7058854,10.0,8.560163328000003,3.6867688013756386,0.1516996619123519,0.005837202401942065,0.6594364185102511,0.24754494657087256,-0.010846458000035305,0.553115630809717
1779787785.7158601,10.0,8.580134256000004,3.6451861054864105,0.15152728778077967,0.005848473099622304,0.6593368348294969,0.24754494657087256,-0.010846458000035305,0.553115630809717
1779787785.7258525,10.0,8.600050818000005,3.6161400007094446,0.151316181108716,0.005880650228745899,0.6592847420743252,0.24754494657087256,-0.010846458000035305,0.553115630809717
1779787785.7359006,10.0,8.620125622000005,3.6233565713969393,0.15107927165124552,0.005924533540241559,0.6592856765610315,0.24754494657087256,-0.010846458000035305,0.553115630809717
1779787785.74584,10.0,8.640200308000004,3.684993620355207,0.15081496985191628,0.005972600072341596,0.6593538649598122,0.24754494657087256,-0.010846458000035305,0.553115630809717
1779787785.755851,10.0,8.660025756000007,3.7752839755141694,0.1505331940538957,0.006019757809724562,0.6594841320705436,0.24754494657087256,-0.010846458000035305,0.553115630809717
1779787785.7658525,10.0,8.680386004000006,3.8786677435410635,0.1502309163032291,0.006074736009015446,0.6596761923566358,0.24754494657087256,-0.010846458000035305,0.553115630809717
1779787785.7758627,10.0,8.700026202000007,4.030222899998939,0.1499200917704374,0.006132582899690365,0.6599246496899634,0.24754494657087256,-0.010846458000035305,0.553115630809717
1779787785.7858825,10.0,8.720135332000007,4.233456621595323,0.1495898136529038,0.006190536685566944,0.6602364067376928,0.24754494657087256,-0.010846458000035305,0.553115630809717
1779787785.7958758,10.0,8.740097502000006,4.472941086232967,0.1492622618969334,0.006238687998606724,0.6605842285601653,0.24754494657087256,-0.010846458000035305,0.553115630809717
1779787785.805881,10.0,8.760093676000007,4.74646569836543,0.14895267604751705,0.00629193255926403,0.6609569891997684,0.24754494657087256,-0.010846458000035305,0.553115630809717
1779787785.8158953,10.0,8.780111612000006,5.029160074661186,0.14866546928421034,0.006347087980233195,0.661359327705199,0.24754494657087256,-0.010846458000035305,0.553115630809717
1779787785.8258777,10.0,8.800104880000006,5.312867941742972,0.1484120799678264,0.006397554417125737,0.6617786714967645,0.24754494657087256,-0.010846458000035305,0.553115630809717
1779787785.8358474,10.0,8.820127146000004,5.622739336225977,0.14819490426312265,0.006439124301623843,0.6621994442726032,0.24754494657087256,-0.010846458000035305,0.553115630809717
1779787785.8458548,10.0,8.840052424000003,5.966268172669913,0.14800995280121929,0.0064728013412259835,0.6626136611819436,0.24754494657087256,-0.010846458000035305,0.553115630809717
1779787785.8558571,10.0,8.860066694000002,6.342572732640487,0.14786115760666277,0.00649732895778056,0.663007198419993,0.24754494657087256,-0.010846458000035305,0.553115630809717
1779787785.8658466,10.0,8.880201934000002,6.7080177473023035,0.1477341883774085,0.0065219315316419795,0.6633733269616062,0.24754494657087256,-0.010846458000035305,0.553115630809717
1779787785.8758767,10.0,8.900343184000004,7.066973058311734,0.14762839439621578,0.00654200563296919,0.6637140248116193,0.24754494657087256,-0.010846458000035305,0.553115630809717
1779787785.8858597,10.0,8.920154106000004,7.406725801107188,0.14754581140773157,0.006570001577629983,0.6640123404985364,0.24754494657087256,-0.010846458000035305,0.553115630809717
1779787785.895867,10.0,8.940078804000004,7.710161637669016,0.1474775713860472,0.006599688298137499,0.664276146624302,0.24754494657087256,-0.010846458000035305,0.553115630809717
1779787785.9058743,10.0,8.960071594000004,7.990634544974452,0.1474309636117383,0.006624104905951432,0.6644789219703042,0.24754494657087256,-0.010846458000035305,0.553115630809717
1779787785.9158869,10.0,8.980011420000004,8.260842008308513,0.14739837219861426,0.006638544962229961,0.664619864525754,0.24754494657087256,-0.010846458000035305,0.553115630809717
1779787785.9259305,10.0,9.000293760000003,8.52490939528015,0.14739013052862146,0.00664678841067775,0.6646959271675109,0.24754494657087256,-0.010846458000035305,0.553115630809717
1779787785.9359128,10.0,9.020071098000003,8.770679640743166,0.1474010873367837,0.006643584548254036,0.6647154781012957,0.24754494657087256,-0.010846458000035305,0.553115630809717
1779787785.9459243,10.0,9.040042786000003,8.969041030429787,0.1474313043752536,0.006634639651260829,0.6646880017120239,0.24754494657087256,-0.010846458000035305,0.553115630809717
1779787785.955845,10.0,9.060001730000003,9.114540982382094,0.14748230033925377,0.0066194673274653955,0.6646383452773515,0.24754494657087256,-0.010846458000035305,0.553115630809717
1779787785.9658594,10.0,9.080032932000003,9.220470115890636,0.1475662859684043,0.006597503813806223,0.6645662360087357,0.24754494657087256,-0.010846458000035305,0.553115630809717
1779787785.9758637,10.0,9.100026862000005,9.296275693628502,0.14766929921203184,0.006566699186287736,0.664470111720365,0.24754494657087256,-0.010846458000035305,0.553115630809717
1779787785.985851,10.0,9.120088922000004,9.317155004550225,0.14779656989370532,0.006528403067293212,0.6643451291090079,0.24754494657087256,-0.010846458000035305,0.553115630809717
1779787785.9958665,10.0,9.140044058000004,9.277207611978612,0.14794671262777984,0.006476862404949818,0.6641942184044455,0.24754494657087256,-0.010846458000035305,0.553115630809717
1779787786.0058434,10.0,9.160015024000005,9.205495693283975,0.14812238035582279,0.0064194607035924665,0.6640122566173646,0.24754494657087256,-0.010846458000035305,0.553115630809717
1779787786.0158436,10.0,9.180112372000005,9.093285350899341,0.14831474255342386,0.006350772106646064,0.6637971053686819,0.24754494657087256,-0.010846458000035305,0.553115630809717
1779787786.0258787,10.0,9.200077066000006,8.949205410073676,0.14852498603809028,0.006279818446878596,0.6635575514759833,0.24754494657087256,-0.010846458000035305,0.553115630809717
1779787786.0358984,10.0,9.220075264000005,8.739003701698785,0.14874268638017105,0.006207983459401668,0.6633110820096155,0.24754494657087256,-0.010846458000035305,0.553115630809717
1779787786.0458677,10.0,9.240110734000005,8.50612970549311,0.14896599704121152,0.006129377167452997,0.6630534770866761,0.24754494657087256,-0.010846458000035305,0.553115630809717
1779787786.0559144,10.0,9.259994334000005,8.279564435865884,0.14917750744088035,0.006058313217713314,0.6627902849378573,0.24754494657087256,-0.010846458000035305,0.553115630809717
1779787786.0658357,10.0,9.280000508000004,8.012950902240064,0.1493588388650762,0.005991691513759992,0.6625324326302451,0.24754494657087256,-0.010846458000035305,0.553115630809717
1779787786.0758753,10.0,9.300129294000005,7.734377742421163,0.1495200345669385,0.005930808328129006,0.6622797855466215,0.24754494657087256,-0.010846458000035305,0.553115630809717
1779787786.0858803,10.0,9.320044174000005,7.477606761626999,0.14965942808570196,0.0058794642411611675,0.6620431679763915,0.24754494657087256,-0.010846458000035305,0.553115630809717
1779787786.0958793,10.0,9.340095714000006,7.216161684798518,0.14978323155894752,0.005832812138156383,0.6618276356828228,0.24754494657087256,-0.010846458000035305,0.553115630809717
1779787786.105892,10.0,9.360074956000005,6.966099544528269,0.14989263753497387,0.005792038729292831,0.6616386220772933,0.24754494657087256,-0.010846458000035305,0.553115630809717
1779787786.1158702,10.0,9.380004704000006,6.747104556310448,0.1499813983245555,0.005757932734973377,0.6614750449052773,0.24754494657087256,-0.010846458000035305,0.553115630809717
1779787786.1259265,10.0,9.400125116000005,6.5158737429226905,0.15004730667303492,0.005729563094760981,0.6613246238864001,0.24754494657087256,-0.010846458000035305,0.553115630809717
1779787786.135941,10.0,9.420187356000005,6.277661545492968,0.15009007797247637,0.005706371990708668,0.6611915309592012,0.24754494657087256,-0.010846458000035305,0.553115630809717
1779787786.145888,10.0,9.440166880000005,6.051985380753209,0.15011320958383953,0.005689683673378782,0.6610746544781159,0.24754494657087256,-0.010846458000035305,0.553115630809717
1779787786.1558497,10.0,9.460088752000003,5.870550273528163,0.15010407335695605,0.00568658317163655,0.6609769344587265,0.24754494657087256,-0.010846458000035305,0.553115630809717
1779787786.165844,10.0,9.479995978000002,5.720050993713413,0.15006804082872713,0.005689807995996607,0.6609023254955634,0.24754494657087256,-0.010846458000035305,0.553115630809717
1779787786.1758635,10.0,9.500062726000001,5.617277015659688,0.1500020686198991,0.005700682038250991,0.660851945236644,0.24754494657087256,-0.010846458000035305,0.553115630809717
1779787786.1858373,10.0,9.520190632,5.55064591636082,0.14990416935083795,0.005721595886637896,0.6608353051642559,0.24754494657087256,-0.010846458000035305,0.553115630809717
1779787786.1959288,10.0,9.540153501999999,5.4982552777714435,0.14977847141915646,0.005751063504642424,0.6608546186098424,0.24754494657087256,-0.010846458000035305,0.553115630809717
1779787786.2059124,10.0,9.560033915999998,5.466295494671946,0.14963092312655654,0.005783768321809714,0.6609037695509231,0.24754494657087256,-0.010846458000035305,0.553115630809717
1779787786.2159069,10.0,9.580172402,5.498532229781241,0.14947056909467904,0.005819781544932756,0.6609965865374244,0.24754494657087256,-0.010846458000035305,0.553115630809717
1779787786.2258883,10.0,9.600065000000003,5.577746437685793,0.1492948571323844,0.00585865168397356,0.6611366296100734,0.24754494657087256,-0.010846458000035305,0.553115630809717
1779787786.2358758,10.0,9.620217592000003,5.687336633776411,0.14912022700771604,0.005898533283401151,0.6613253376282383,0.24754494657087256,-0.010846458000035305,0.553115630809717
1779787786.2458727,10.0,9.640195172000002,5.821922925263827,0.14894061089323943,0.0059375218529400765,0.6615608127338355,0.24754494657087256,-0.010846458000035305,0.553115630809717
1779787786.2558417,10.0,9.660028536000002,5.961745020703941,0.14877652523285487,0.005976793420798864,0.6618408725989374,0.24754494657087256,-0.010846458000035305,0.553115630809717
1779787786.2658446,10.0,9.680030120000001,6.129791579351036,0.14864055590020608,0.006014476904511178,0.6621476199860769,0.24754494657087256,-0.010846458000035305,0.553115630809717
1779787786.2758467,10.0,9.700031584,6.322566496949632,0.1485223164879301,0.006043636468269362,0.6624740359041063,0.24754494657087256,-0.010846458000035305,0.553115630809717
1779787786.285877,10.0,9.720255694,6.5313946279448265,0.1484162819451186,0.0060694246746503325,0.6627864735992144,0.24754494657087256,-0.010846458000035305,0.553115630809717
1779787786.2958598,10.0,9.740253492,6.751359970408316,0.14831709349050348,0.006095158169280995,0.6630866058407391,0.24754494657087256,-0.010846458000035305,0.553115630809717
1779787786.3058903,10.0,9.760148172000001,6.981883886484632,0.1482313035676355,0.006119333297024702,0.6633571191887104,0.24754494657087256,-0.010846458000035305,0.553115630809717
1779787786.3158424,10.0,9.780089221999999,7.229870508067383,0.14816009108106568,0.006144232686465186,0.6636055854928069,0.24754494657087256,-0.010846458000035305,0.553115630809717
1779787786.325879,10.0,9.800200696,7.471693211121905,0.14810413841188547,0.006164535521719002,0.6638192848206386,0.24754494657087256,-0.010846458000035305,0.553115630809717
1779787786.335909,10.0,9.820199435999998,7.716374857232951,0.14806295919798582,0.006185625745564403,0.6639942967449912,0.24754494657087256,-0.010846458000035305,0.553115630809717
1779787786.3458955,10.0,9.840158299999997,7.952348492618837,0.14803234792039935,0.0062014700989893035,0.6641264922246631,0.24754494657087256,-0.010846458000035305,0.553115630809717
1779787786.3558671,10.0,9.860104837999998,8.169740193812256,0.14801252859977732,0.006211501168588452,0.6642083427655884,0.24754494657087256,-0.010846458000035305,0.553115630809717
1779787786.3659005,10.0,9.880075483999999,8.377784833975564,0.14800607027349627,0.006214765327674967,0.6642363954791755,0.24754494657087256,-0.010846458000035305,0.553115630809717
1779787786.375866,10.0,9.900039257999998,8.570694825538238,0.14801482837600494,0.006211418437617939,0.6642276882032264,0.24754494657087256,-0.010846458000035305,0.553115630809717
1779787786.3858588,10.0,9.920006035999997,8.725585525717426,0.14803659411852726,0.006204869831429455,0.6642030597580212,0.24754494657087256,-0.010846458000035305,0.553115630809717
1779787786.395861,10.0,9.940067895999997,8.848054202029331,0.14807837192498466,0.006191094506899699,0.6641741295799252,0.24754494657087256,-0.010846458000035305,0.553115630809717
1779787786.4059136,10.0,9.960075771999998,8.938583774195612,0.1481387505466065,0.006177652499433409,0.6641383612594058,0.24754494657087256,-0.010846458000035305,0.553115630809717
1779787786.415873,10.0,9.980049483999997,8.992300773351975,0.14821536350724357,0.006154422453269855,0.6640855799096529,0.24754494657087256,-0.010846458000035305,0.553115630809717
1779787786.42585,10.0,10.0,9.0203692179561,0.14830806141351988,0.006124427699273242,0.6640120289257715,0.24754494657087256,-0.010846458000035305,0.553115630809717
1779787786.4359272,10.0,10.0,8.997058094993644,0.14841708821430982,0.006088855972000078,0.6639122866433813,0.24754494657087256,-0.010846458000035305,0.553115630809717
1779787786.445914,10.0,10.0,8.942522651469908,0.14854301347430465,0.006048820872536962,0.6637890009460347,0.24754494657087256,-0.010846458000035305,0.553115630809717
1779787786.455866,10.0,10.0,8.84933418671614,0.1486855513285801,0.00600046362598759,0.6636389142893331,0.24754494657087256,-0.010846458000035305,0.553115630809717
1779787786.4659207,10.0,10.0,8.713517831230956,0.14883843191857124,0.005950234113239394,0.6634725688420399,0.24754494657087256,-0.010846458000035305,0.553115630809717
1779787786.475891,10.0,10.0,8.547217148269072,0.14900203220031016,0.00589375806070802,0.6633003678664179,0.24754494657087256,-0.010846458000035305,0.553115630809717
1779787786.4858594,10.0,10.0,8.372889896785999,0.1491795316699116,0.005837158542490984,0.6631228564684006,0.24754494657087256,-0.010846458000035305,0.553115630809717
1779787786.4958603,10.0,10.0,8.195194972068336,0.14935563287705905,0.005778648821279473,0.6629534579376728,0.24754494657087256,-0.010846458000035305,0.553115630809717
1779787786.5059657,10.0,10.0,7.965903096783717,0.14952505298902508,0.005720904744268321,0.6628043301123788,0.24754494657087256,-0.010846458000035305,0.553115630809717
1779787786.5158992,10.0,10.0,7.710824868187542,0.14968018196561395,0.00566757778043769,0.662665918798236,0.24754494657087256,-0.010846458000035305,0.553115630809717
1779787786.5258567,10.0,10.0,7.4835627781908425,0.14980970759832404,0.005624674343149121,0.6625382902284482,0.24754494657087256,-0.010846458000035305,0.553115630809717
1779787786.5358508,10.0,10.0,7.2540483648804575,0.14990922947954025,0.005588573234828493,0.6624267894569185,0.24754494657087256,-0.010846458000035305,0.553115630809717
1779787786.5458694,10.0,10.0,7.032875218397297,0.1499968472442547,0.005556849094817414,0.6623255375260938,0.24754494657087256,-0.010846458000035305,0.553115630809717
1779787786.5559096,10.0,10.0,6.839997406795074,0.150073310420201,0.005529132980667187,0.6622302469871207,0.24754494657087256,-0.010846458000035305,0.553115630809717
1779787786.5658927,10.0,10.0,6.677908849480897,0.15013072967007396,0.005508017389299035,0.6621408693727608,0.24754494657087256,-0.010846458000035305,0.553115630809717
1779787786.575872,10.0,10.0,6.520357648320159,0.1501655887273515,0.005493059421549913,0.6620626968528609,0.24754494657087256,-0.010846458000035305,0.553115630809717
1779787786.585849,10.0,10.0,6.362937241365651,0.15017545637602656,0.00548701204504649,0.6620032852502137,0.24754494657087256,-0.010846458000035305,0.553115630809717
1779787786.5958486,10.0,10.0,6.218784505934061,0.1501647056599538,0.005487523271159515,0.6619680755665357,0.24754494657087256,-0.010846458000035305,0.553115630809717
1779787786.6058817,10.0,10.0,6.092617944846073,0.15012576267275118,0.005494000972486836,0.6619590160091755,0.24754494657087256,-0.010846458000035305,0.553115630809717
1779787786.615911,10.0,10.0,5.9947511411374546,0.1500610105023278,0.005507363190995107,0.6619809610863946,0.24754494657087256,-0.010846458000035305,0.553115630809717
1779787786.62593,10.0,10.0,5.922304365174523,0.1499712206357977,0.00552728293294448,0.6620269896549799,0.24754494657087256,-0.010846458000035305,0.553115630809717
1779787786.6359007,10.0,10.0,5.884982007455004,0.14985845729607203,0.005550864374935637,0.6621054606777245,0.24754494657087256,-0.010846458000035305,0.553115630809717
1779787786.6458628,10.0,10.0,5.895076173833133,0.14973613220187812,0.005576082483173769,0.6622199289130644,0.24754494657087256,-0.010846458000035305,0.553115630809717
1779787786.6558442,10.0,10.0,5.952478175684523,0.14960774621569978,0.005603406916704702,0.6623835176661176,0.24754494657087256,-0.010846458000035305,0.553115630809717
1779787786.6658485,10.0,10.0,6.017091720165196,0.14947427966142865,0.005637528411363239,0.6625864529397245,0.24754494657087256,-0.010846458000035305,0.553115630809717
1779787786.675879,10.0,10.0,6.1045015678239265,0.14932708135323955,0.005666742069189134,0.6628324830351742,0.24754494657087256,-0.010846458000035305,0.553115630809717
1779787786.6859381,10.0,10.0,6.218278641313981,0.14918219078827202,0.005699666924903601,0.6631249827150472,0.24754494657087256,-0.010846458000035305,0.553115630809717
1779787786.6958544,10.0,10.0,6.36650311235856,0.1490516941586722,0.005735526997563233,0.6634538180916345,0.24754494657087256,-0.010846458000035305,0.553115630809717
1779787786.7058606,10.0,10.0,6.5427024883700025,0.14893385069605594,0.0057652977893885415,0.6638216930225861,0.24754494657087256,-0.010846458000035305,0.553115630809717
1779787786.7159128,10.0,10.0,6.742208009716841,0.1488228185031588,0.005790437973134738,0.664199620380536,0.24754494657087256,-0.010846458000035305,0.553115630809717
1779787786.7259526,10.0,10.0,6.959637730948241,0.14871315568757237,0.005810774384718987,0.6645793101376467,0.24754494657087256,-0.010846458000035305,0.553115630809717
1779787786.7359066,10.0,10.0,7.1967258880436615,0.14860937180908035,0.005843273149745127,0.6649550133318138,0.24754494657087256,-0.010846458000035305,0.553115630809717
1779787786.7458785,10.0,10.0,7.423470627207963,0.14851214473616967,0.005873376552153603,0.6653034356171132,0.24754494657087256,-0.010846458000035305,0.553115630809717
1779787786.7559173,10.0,10.0,7.6859209039746705,0.14842102659024872,0.005903864982975871,0.6656278273309789,0.24754494657087256,-0.010846458000035305,0.553115630809717
1779787786.7658741,10.0,10.0,7.9438991083565735,0.14834461191805795,0.005931439397392058,0.6659061105055215,0.24754494657087256,-0.010846458000035305,0.553115630809717
1779787786.775858,10.0,10.0,8.19260297859395,0.14828213320997077,0.005961762988310258,0.6661441201209669,0.24754494657087256,-0.010846458000035305,0.553115630809717
1779787786.7858658,10.0,10.0,8.426586188544881,0.1482337968895425,0.0059841488682547015,0.6663380794851514,0.24754494657087256,-0.010846458000035305,0.553115630809717
1779787786.7958505,10.0,10.0,8.639338611609293,0.14819922201692146,0.006001655405162243,0.6664904847823557,0.24754494657087256,-0.010846458000035305,0.553115630809717
1779787786.8058743,10.0,10.0,8.830150814291805,0.1481849999601494,0.006011388976459675,0.6665957136620884,0.24754494657087256,-0.010846458000035305,0.553115630809717
1779787786.815929,10.0,10.0,8.994876950279394,0.14819166057043892,0.006012644389108075,0.6666577699535768,0.24754494657087256,-0.010846458000035305,0.553115630809717
1779787786.8258832,10.0,10.0,9.149103985702782,0.14822184543673922,0.006005949948694508,0.6666741087494719,0.24754494657087256,-0.010846458000035305,0.553115630809717
1779787786.8359294,10.0,10.0,9.265186175649728,0.14826831268787483,0.005993084558245574,0.6666597768765998,0.24754494657087256,-0.010846458000035305,0.553115630809717
1779787786.845869,10.0,10.0,9.346214172692752,0.14832708966654828,0.00597433351117855,0.6666200140353402,0.24754494657087256,-0.010846458000035305,0.553115630809717
1779787786.8558486,10.0,10.0,9.406558735573888,0.14840455333182098,0.005949361305335873,0.6665641989626291,0.24754494657087256,-0.010846458000035305,0.553115630809717
1779787786.8659244,10.0,10.0,9.430023499850131,0.1485029870023105,0.005918437221803699,0.6664884900845538,0.24754494657087256,-0.010846458000035305,0.553115630809717
1779787786.8758676,10.0,10.0,9.420214229263445,0.148622335499971,0.0058799684935100065,0.6663832873967267,0.24754494657087256,-0.010846458000035305,0.553115630809717
1779787786.8858716,10.0,10.0,9.37337572415585,0.14876274317126548,0.005832750598933341,0.6662507332058694,0.24754494657087256,-0.010846458000035305,0.553115630809717
1779787786.895848,10.0,10.0,9.301274222960833,0.14892304027748474,0.005781617195550417,0.6660894228194124,0.24754494657087256,-0.010846458000035305,0.553115630809717
1779787786.9058688,10.0,10.0,9.193068707955732,0.14909846558813367,0.005722465427600334,0.6658988616365429,0.24754494657087256,-0.010846458000035305,0.553115630809717
1779787786.9158583,10.0,10.0,9.026040100823757,0.149280297157345,0.005664139270599925,0.6656984103146951,0.24754494657087256,-0.010846458000035305,0.553115630809717
1779787786.9258833,10.0,10.0,8.790637193689442,0.1494612177932938,0.005601885798483289,0.6655013545096176,0.24754494657087256,-0.010846458000035305,0.553115630809717
1779787786.9358802,10.0,10.0,8.52347796365454,0.1496514295006992,0.005538806126056449,0.6653068370029426,0.24754494657087256,-0.010846458000035305,0.553115630809717
1779787786.9458845,10.0,10.0,8.258800953493674,0.14983435286555097,0.00547805527221598,0.6651312313770051,0.24754494657087256,-0.010846458000035305,0.553115630809717
1779787786.9558768,10.0,10.0,7.996540391342434,0.150004292757417,0.005420195148648059,0.6649763735657226,0.24754494657087256,-0.010846458000035305,0.553115630809717
1779787786.9658794,10.0,10.0,7.7342587545120915,0.15015326860280162,0.0053677843186402275,0.6648412598965218,0.24754494657087256,-0.010846458000035305,0.553115630809717
1779787786.9759505,10.0,10.0,7.4839783089348,0.15029462300961577,0.005322872374162646,0.6647277018927744,0.24754494657087256,-0.010846458000035305,0.553115630809717
1779787786.9858513,10.0,10.0,7.27010635473969,0.1504107038502452,0.005286253123790579,0.6646419780011952,0.24754494657087256,-0.010846458000035305,0.553115630809717
1779787786.9959304,10.0,10.0,7.062138233821392,0.1505081113138997,0.005251974417209221,0.6645614825824304,0.24754494657087256,-0.010846458000035305,0.553115630809717
1779787787.0058515,10.0,10.0,6.864896498492023,0.1505836653127547,0.005225821489950696,0.6644841508874233,0.24754494657087256,-0.010846458000035305,0.553115630809717
1779787787.015866,10.0,10.0,6.672418110274352,0.15062763619557487,0.00520663663238522,0.6644117276734766,0.24754494657087256,-0.010846458000035305,0.553115630809717
1779787787.0258706,10.0,10.0,6.49550143724779,0.1506378285903589,0.005199416450564472,0.6643556881355868,0.24754494657087256,-0.010846458000035305,0.553115630809717
1779787787.0359182,10.0,10.0,6.331616451074163,0.15060958734754357,0.005203710421672938,0.6643214853222474,0.24754494657087256,-0.010846458000035305,0.553115630809717
1779787787.0458808,10.0,10.0,6.16315661456608,0.15053898960781192,0.005220646994310015,0.664313061025957,0.24754494657087256,-0.010846458000035305,0.553115630809717
1779787787.0559723,10.0,10.0,6.020875854213208,0.1504455814894084,0.005244115152059057,0.6643320762906066,0.24754494657087256,-0.010846458000035305,0.553115630809717
1779787787.0659068,10.0,10.0,5.932281090430929,0.1503286431906153,0.0052738034921793395,0.6643833922864867,0.24754494657087256,-0.010846458000035305,0.553115630809717
1779787787.0759425,10.0,10.0,5.878913679335592,0.15020247362118672,0.005303440202031784,0.6644689588514997,0.24754494657087256,-0.010846458000035305,0.553115630809717
1779787787.0858757,10.0,10.0,5.876867516192946,0.15007121870707824,0.005333603864955397,0.6645958525544869,0.24754494657087256,-0.010846458000035305,0.553115630809717
1779787787.0959508,10.0,10.0,5.912956006774889,0.14993179864099362,0.005368983268649811,0.6647676887568563,0.24754494657087256,-0.010846458000035305,0.553115630809717
1779787787.1059382,10.0,10.0,5.9788353619173895,0.14978266132873652,0.00540955189235846,0.6649914380391052,0.24754494657087256,-0.010846458000035305,0.553115630809717
1779787787.115956,10.0,10.0,6.061390784739997,0.149631330325267,0.005451519176085293,0.6652479388219881,0.24754494657087256,-0.010846458000035305,0.553115630809717
1779787787.1259482,10.0,10.0,6.209955026144925,0.14947458245093842,0.005491757819980309,0.6655453204972792,0.24754494657087256,-0.010846458000035305,0.553115630809717
1779787787.1359773,10.0,10.0,6.4067019806212,0.14933213894988762,0.005524778362829104,0.6658722183140388,0.2475173164547979,-0.010833097353523618,0.5531057346690972
1779787787.1459382,10.0,10.0,6.649462421791292,0.1492033746652517,0.005552736099185783,0.6662195505417811,0.24751558682167113,-0.01041799302675402,0.5531057346690972
1779787787.155996,10.0,10.0,6.912636963266134,0.14907807564692996,0.005580317911100941,0.6665797637617187,0.24751026716587526,-0.0099943075399574,0.5531057346690972
1779787787.1658957,10.0,10.0,7.178800308100039,0.14896135478101571,0.0056113000359876266,0.666941761481185,0.24750179106949202,-0.009587966187673143,0.5531057346690972
1779787787.175915,10.0,10.0,7.454352920602389,0.14885312360355518,0.005637216816083033,0.667298075000834,0.24748997144632656,-0.009180472048490398,0.5531057346690972
1779787787.185909,10.0,10.0,7.730308749078952,0.14875462702419157,0.005670911825260322,0.6676407661019248,0.2474747302869063,-0.00877067642512284,0.5531057346690972
1779787787.1958942,10.0,10.0,7.988644994556087,0.14866708661309097,0.005706401241966075,0.6679614457417172,0.2474561281921983,-0.008361009387231565,0.5531057346690972
1779787787.2059708,10.0,10.0,8.223895339661464,0.1485869655755202,0.005740290845177512,0.668258353887895,0.2474561281921983,-0.008361009387231565,0.5531057346690972
1779787787.2159326,10.0,10.0,8.449517908220487,0.1485193106139193,0.005769904648632115,0.6685145211418766,0.24743433079182575,-0.007954350957348304,0.5531057346690972
1779787787.2258706,10.0,10.0,8.668736543852987,0.14846268746814353,0.005795779587172054,0.6687295452665502,0.2474091807529578,-0.007547257766601239,0.5531057346690972
1779787787.23588,10.0,10.0,8.861140158347746,0.148425346171379,0.00581381189214174,0.6688971675598759,0.24738102522619268,-0.007144631103284005,0.5531057346690972
1779787787.2459114,10.0,10.0,9.04191791583399,0.14841410719125198,0.005823589665390051,0.6690118803750645,0.2473486367323548,-0.006730280324762888,0.5531057346690972
1779787787.2559347,10.0,10.0,9.225871584655426,0.14842431366131925,0.0058266189019064284,0.6690771461637669,0.24731320015754932,-0.006320568777836147,0.5531057346690972
1779787787.2659256,10.0,10.0,9.410855962975113,0.1484546511249479,0.005822445018577481,0.6690880427718207,0.2472746735957178,-0.00591397925952472,0.5531057346690972
1779787787.2758932,10.0,10.0,9.580496062220114,0.14849134932235145,0.005815474892685026,0.6690649529128884,0.2472328770262499,-0.005508182765968496,0.5531057346690972
1779787787.285907,10.0,10.0,9.706829127437427,0.148542827786818,0.00580152717277399,0.6690249004695659,0.24718830811561146,-0.005107397449762573,0.5531057346690972
1779787787.2958708,10.0,10.0,9.78878785307856,0.1486127023639947,0.005779636644042553,0.6689698285554136,0.24714003369791726,-0.004703141921320878,0.5531057346690972
1779787787.3058813,10.0,10.0,9.829149693009553,0.1487040452484789,0.005750636179712905,0.6688894136978975,0.2470890148364994,-0.004303433113662312,0.5531057346690972
1779787787.3158646,10.0,10.0,9.848131884249216,0.14881895377184043,0.0057134757672846065,0.6687815109927664,0.24703474787169205,-0.0039039446571576776,0.5531057346690972
1779787787.325858,10.0,10.0,9.8116908113226,0.14895196084263093,0.005665776096327878,0.6686510904704189,0.246977050866239,-0.0035034849945433802,0.5531057346690972
1779787787.335894,10.0,10.0,9.720633468290817,0.14911107522390066,0.005617953113420223,0.668488231168469,0.24691619540873638,-0.0031040172533887836,0.5531057346690972
1779787787.3458946,10.0,10.0,9.588215563186422,0.14928502895101609,0.005564790036378615,0.668308350650931,0.24685264389159295,-0.0027082730883189483,0.5531057346690972
1779787787.3559194,10.0,10.0,9.406346842466098,0.1494697900333577,0.005511024513903071,0.6681093472126127,0.24678487434739887,-0.002306995382298076,0.5531057346690972
1779787787.365932,10.0,10.0,9.17886894524851,0.14965940517733212,0.005454730878275036,0.6679013793365195,0.24671354422475822,-0.001904647323074866,0.5531057346690972
1779787787.375914,10.0,10.0,8.918228092024087,0.14985760906285434,0.005391564828800479,0.6676933122830652,0.246631754934898,-0.0014652111042648373,0.5531057346690972
1779787787.3858917,10.0,10.0,8.661768375218767,0.15005029828115146,0.005330647139521722,0.6674906480440458,0.246553574230489,-0.001064261355757528,0.5531057346690972
1779787787.3959072,10.0,10.0,8.40316369532247,0.15022880670697164,0.005272257834368455,0.6673020672738039,0.2464731995983782,-0.0006691600471497687,0.5531057346690972
1779787787.405901,10.0,10.0,8.118253234961049,0.15038657174070985,0.005217169266344249,0.667129621665005,0.2463886943927685,-0.000270336771949339,0.5531057346690972
1779787787.4158905,10.0,10.0,7.831869818358718,0.1505363297478183,0.005165917622407346,0.6669787364236391,0.24630142826718682,0.00012561190222980766,0.5531057346690972
1779787787.425853,10.0,10.0,7.5802271581740595,0.15066607121283404,0.005123511577256326,0.6668503225286762,0.24621079810313157,0.0005215096469376353,0.5531057346690972
1779787787.4358776,10.0,10.0,7.338804944923276,0.15078335040096838,0.005085542222922706,0.66674106134822,0.24611596432190344,0.000920755492412802,0.5531057346690972
1779787787.445868,10.0,10.0,7.1148427619572505,0.15088645603626438,0.005048085721709301,0.6666428930970514,0.2460196276121281,0.001312141712817419,0.5531057346690972
1779787787.4558659,10.0,10.0,6.8953114638772925,0.1509514742597468,0.00502287910516377,0.6665533422602541,0.2459201544497578,0.0017026787807223366,0.5531057346690972
1779787787.465908,10.0,10.0,6.66311812410416,0.1509802578519839,0.005007685477048745,0.666472859826752,0.2458130600692896,0.0021091174028444667,0.5531057346690972
1779787787.4758863,10.0,10.0,6.4551554088244565,0.15097479449511314,0.005001630952053374,0.6664129376088327,0.2458130600692896,0.0021091174028444667,0.5531057346690972
1779787787.4858966,10.0,10.0,6.266126125396699,0.15092970783450346,0.005011727453701163,0.6663772827990064,0.24570202051927514,0.002516562999612183,0.5531057346690972
1779787787.4958842,10.0,10.0,6.093132914518493,0.1508543528139069,0.0050307231784353515,0.6663710147602033,0.24559150444582545,0.002909208592225857,0.5531057346690972
1779787787.505866,10.0,10.0,5.957567242438984,0.15075397830320378,0.005060853379716213,0.6663928160684441,0.24547711365398028,0.0033032303359353463,0.5531057346690972
1779787787.515873,10.0,10.0,5.872092110946811,0.15063063247081235,0.0050976552352760005,0.6664453525182149,0.24536099584260193,0.0036913525160735296,0.5531057346690972
1779787787.5258787,10.0,10.0,5.856508239613555,0.1505002857297926,0.005136737273536511,0.666533950445492,0.24524311598162846,0.004074107707673871,0.5531057346690972
1779787787.5358956,10.0,10.0,5.890215758624674,0.15036264905176375,0.005183351463574838,0.6666602577145376,0.2451216926757354,0.004457405215524705,0.5531057346690972
1779787787.5458875,10.0,10.0,5.966264691952639,0.15022062210644516,0.005229913318053163,0.6668305055468872,0.24499429288749733,0.004848490634414622,0.5531057346690972
1779787787.5558803,10.0,10.0,6.057837942792965,0.1500673054147639,0.005281726509055112,0.6670438054242815,0.24486618069472485,0.0052311471102551195,0.5531057346690972
1779787787.565901,10.0,10.0,6.148965307568726,0.14991338891728342,0.005335289551624167,0.6672922791213362,0.24473564582142243,0.005610858174864088,0.5531057346690972
1779787787.5758653,10.0,10.0,6.302670876520094,0.14978343816775397,0.005383056019288674,0.6675657526548827,0.24459540101380303,0.006008150669269137,0.5531057346690972
1779787787.5858696,10.0,10.0,6.513149380734397,0.1496624695015683,0.005431684119090273,0.6678630334839242,0.24445717358142324,0.006389646256153948,0.5531057346690972
1779787787.5958817,10.0,10.0,6.712143098009498,0.14955080387952724,0.005476533007649593,0.6681771898609595,0.24431599840805868,0.006769625677935636,0.5531057346690972
1779787787.605861,10.0,10.0,6.932614833333789,0.14945138842965888,0.0055158174620959875,0.6684838855958182,0.24417084225503688,0.007150796145988573,0.5531057346690972
1779787787.6158617,10.0,10.0,7.179745611679497,0.14935849263173526,0.005557614782183836,0.6687852960743379,0.24402469932857182,0.007525406065625562,0.5531057346690972
1779787787.6258605,10.0,10.0,7.444015862419669,0.14928122908573235,0.005594440123356165,0.6690650853275518,0.2438735345128239,0.007903811824530975,0.5531057346690972
1779787787.6359105,10.0,10.0,7.705262178738057,0.14920824707610486,0.005629594496435423,0.6693336346969034,0.243720374072823,0.008278354700242949,0.5531057346690972
1779787787.645859,10.0,10.0,7.935700589674033,0.1491454081765632,0.0056603480759995885,0.6695755846351779,0.24356015221575916,0.008661178977569444,0.5531057346690972
1779787787.6558678,10.0,10.0,8.162594324783296,0.14909437961552607,0.005684175334007008,0.6697812867653558,0.24340186149238857,0.009030877161068748,0.5531057346690972
1779787787.6659482,10.0,10.0,8.392885763850375,0.1490502837365402,0.0057049469558458675,0.6699528725892181,0.24324091089263578,0.009398592982292332,0.5531057346690972
1779787787.6758697,10.0,10.0,8.613385063594333,0.14901342820680413,0.0057179079395873675,0.6700796853514751,0.24307723070595302,0.009764524443987996,0.5531057346690972
1779787787.6859317,10.0,10.0,8.827574418382454,0.14899651535441266,0.005725212218126385,0.6701592576863006,0.2429074958598496,0.010135899844269991,0.5531057346690972
1779787787.6959105,10.0,10.0,9.036228269280125,0.1489954065587054,0.005728328831014564,0.6701916289718028,0.24273757823385841,0.010499848663404476,0.5531057346690972
1779787787.7058666,10.0,10.0,9.236859859168717,0.1490144785556353,0.0057263912870193015,0.6701841000424695,0.24256479517989327,0.010862311266428323,0.5531057346690972
1779787787.7159252,10.0,10.0,9.402468354018616,0.149050646068723,0.005719031854632127,0.6701572171754397,0.2423894588800729,0.011222658486913423,0.5531057346690972
1779787787.7259426,10.0,10.0,9.519018867100591,0.14910818112572594,0.005709795953745867,0.6701249157121639,0.24220457071732215,0.011594881964641018,0.5531057346690972
1779787787.735917,10.0,10.0,9.587782522147208,0.1491818547630029,0.0057022391688890065,0.6700887816563245,0.2420237961401542,0.011951495215235173,0.5531057346690972
1779787787.745944,10.0,10.0,9.610055422989186,0.149279379132799,0.005689860834914634,0.6700378231819494,0.24183939584430847,0.012308145347063374,0.5531057346690972
1779787787.7559068,10.0,10.0,9.585435763424298,0.149389958464461,0.0056731631791225035,0.6699746394327296,0.24164585355652035,0.0126751028098529,0.5531057346690972
1779787787.7658608,10.0,10.0,9.519094985596226,0.14952559470111468,0.00565045736740709,0.669889488923771,0.2414563915511837,0.013027338326967404,0.5531057346690972
1779787787.775922,10.0,10.0,9.435368377824457,0.1496770980254219,0.005630711758336234,0.6697817976875906,0.2414563915511837,0.013027338326967404,0.5531057346690972
1779787787.7859144,10.0,10.0,9.319019592358632,0.14984334258282037,0.005605647888166115,0.6696489561883087,0.2412627871467037,0.013380451607537279,0.5531057346690972
1779787787.7959461,10.0,10.0,9.163112281111205,0.15001403726601303,0.005578403652803458,0.6695080774948932,0.24105978610899367,0.013743617809537846,0.5531057346690972
1779787787.8058562,10.0,10.0,8.97126035852346,0.15019135502187086,0.005548558398543772,0.6693639149712941,0.24085865427818964,0.014096593295261112,0.5531057346690972
1779787787.8158615,10.0,10.0,8.76305882161761,0.15036768663330213,0.005525665805237987,0.6692203054596658,0.24064618040696503,0.01446238767247008,0.5531057346690972
1779787787.8258834,10.0,10.0,8.548987611963792,0.15053702955652903,0.00550204899357798,0.669091205617155,0.24044157097899144,0.014808047352840626,0.5531057346690972
1779787787.8358767,10.0,10.0,8.315167640344628,0.15069509070636944,0.005472398038094839,0.6689822045366395,0.24022494374900055,0.015167247602927092,0.5531057346690972
1779787787.8458633,10.0,10.0,8.07927793716352,0.15082754195392192,0.005443447079028175,0.6688877350535091,0.2400156723443314,0.015507908345943566,0.5531057346690972
1779787787.8558674,10.0,10.0,7.852292239161462,0.15094008842439,0.005417193803101609,0.6687953733626857,0.239803102536642,0.015847805907494978,0.5531057346690972
1779787787.865971,10.0,10.0,7.627620815619348,0.15102402042984323,0.005392241682491681,0.6687029824282117,0.23955988124029953,0.016229431228240762,0.5531057346690972
1779787787.8758624,10.0,10.0,7.389783170842767,0.15108648146045137,0.005365166017072386,0.6686076210123056,0.23933647251673407,0.016573386472724994,0.5531057346690972
1779787787.8859463,10.0,10.0,7.146933960035005,0.15112127392525318,0.005347645058421512,0.6685138535477615,0.23910600342373692,0.016921861501717834,0.5531057346690972
1779787787.8958676,10.0,10.0,6.95869753015541,0.15113735063572095,0.005335735967998772,0.6684346782543137,0.23888056728220228,0.01725671543578183,0.5531057346690972
1779787787.9058897,10.0,10.0,6.805292771709014,0.15112195834426523,0.005332917817600196,0.6683726761585811,0.23864989234439515,0.01759341801573812,0.5531057346690972
1779787787.915881,10.0,10.0,6.647516425140455,0.1510823725472325,0.005336600429037847,0.6683273851062135,0.238413165198207,0.01793293470364385,0.5531057346690972
1779787787.9259315,10.0,10.0,6.507327419793353,0.15102051187682056,0.00534789464501455,0.6683083467945297,0.23818067530317982,0.018260643894098157,0.5531057346690972
1779787787.9358745,10.0,10.0,6.396761281327177,0.15093611314863487,0.005369847945265602,0.6683096572453979,0.23793143952258228,0.018605867468026557,0.5531057346690972
1779787787.945862,10.0,10.0,6.349309551898128,0.15083660791336942,0.005401091483249115,0.6683360896499017,0.23768870182314522,0.018936237109820522,0.5531057346690972
1779787787.9559076,10.0,10.0,6.366786597638123,0.15073089003408546,0.005436688224350201,0.6683993099841544,0.2374417491436942,0.019266614189297815,0.5531057346690972
1779787787.9659142,10.0,10.0,6.41219155748053,0.15062456754503223,0.0054757238289584636,0.6685022720188826,0.23719161418732293,0.019595549442941163,0.5531057346690972
1779787787.9759204,10.0,10.0,6.468477950326776,0.15050720068329326,0.005517419963536532,0.6686434719784549,0.23719161418732293,0.019595549442941163,0.5531057346690972
1779787787.985896,10.0,10.0,6.527433438437848,0.1503743479432031,0.005561312942042896,0.6688312199239979,0.2369273056341229,0.019937093831367783,0.5531057346690972
1779787787.995879,10.0,10.0,6.615654597196175,0.1502484264872632,0.00560642095349866,0.669050637203382,0.2366762014270795,0.02025601878030403,0.5531057346690972
1779787788.0059304,10.0,10.0,6.756877246649996,0.1501336625431869,0.005645780741324042,0.669303205756186,0.2364250079391862,0.020569808041079017,0.5531057346690972
1779787788.015875,10.0,10.0,6.928491735316712,0.15003801493925126,0.005681700004878776,0.6695696766428751,0.23616602438465678,0.020887996605474766,0.5531057346690972
1779787788.02603,10.0,10.0,7.12012735849559,0.1499540993063282,0.005715078359940921,0.6698414622979991,0.2359058991634101,0.02120229952299467,0.5531057346690972
1779787788.035882,10.0,10.0,7.330520689075504,0.14988182620519538,0.005747193237947234,0.6700975728128371,0.23564447876831945,0.021512983456907067,0.5531057346690972
1779787788.0458977,10.0,10.0,7.55422009271849,0.14981494855519797,0.005779789363529594,0.6703351075186789,0.23538058743294324,0.021821483926732547,0.5531057346690972
1779787788.0559187,10.0,10.0,7.776602564837217,0.14975797595835805,0.005809989405889101,0.6705471138073927,0.23511511767297627,0.02212678483966171,0.5531057346690972
1779787788.0658634,10.0,10.0,7.980127067322147,0.14970882980524425,0.005834107574189314,0.6707262632820012,0.2348470121673167,0.022430123094671642,0.5531057346690972
1779787788.075913,10.0,10.0,8.170442681141383,0.1496672448915745,0.0058577685242871625,0.6708724782414891,0.23456265744786356,0.022746513019870872,0.5531057346690972
1779787788.085888,10.0,10.0,8.364648662983306,0.14963893519492194,0.005875824476978282,0.6709800502805899,0.23427933072372337,0.023056448890799913,0.5531057346690972
1779787788.0958827,10.0,10.0,8.550764895354915,0.14962140361934323,0.005882881703417787,0.6710505089940818,0.23400498303319284,0.023351647256955724,0.5531057346690972
1779787788.1058683,10.0,10.0,8.705888889271982,0.14961715380307677,0.00588553769011422,0.6710766944686022,0.23372427645992117,0.023648813254752564,0.5531057346690972
1779787788.115903,10.0,10.0,8.83427899061518,0.14962351318213715,0.005882433871652284,0.6710662176548737,0.233438886507339,0.023946012073094956,0.5531057346690972
1779787788.1258917,10.0,10.0,8.951619328152452,0.1496445564497194,0.00587777399569067,0.6710364166001698,0.23315772576344446,0.024234072787221866,0.5531057346690972
1779787788.135898,10.0,10.0,9.051719527274374,0.14968890139386662,0.005863292782666345,0.67098904967769,0.2328642892485314,0.024529824605595496,0.5531057346690972
1779787788.1458719,10.0,10.0,9.15622487305819,0.1497476110735177,0.00585010309634938,0.6709236532031976,0.23257647847555513,0.02481517676490059,0.5531057346690972
1779787788.1559157,10.0,10.0,9.199289686995634,0.1498165761879672,0.005838249288048101,0.6708366092091526,0.23227567505835772,0.0251085266771148,0.5531057346690972
1779787788.1659207,10.0,10.0,9.185193006265758,0.14990903465322145,0.005827228884660878,0.6707133556879332,0.23198458489648144,0.025387764046376195,0.5531057346690972
1779787788.1759446,10.0,10.0,9.143861159464262,0.15001470288534582,0.005818203741839211,0.6705701924186058,0.23168286566688856,0.025672493950311674,0.5531057346690972
1779787788.185917,10.0,10.0,9.055900577653508,0.1501333596592316,0.0058057299140610655,0.6704022041473502,0.23138371859696377,0.025950177669071477,0.5531057346690972
1779787788.195962,10.0,10.0,8.926296426256261,0.1502705312711929,0.005794137907319102,0.6702082135365638,0.2310802700847556,0.026227261873678395,0.5531057346690972
1779787788.2059202,10.0,10.0,8.773166980311201,0.15041514522154822,0.005787853790922274,0.6700082952375975,0.23077838172834106,0.026498433495054617,0.5531057346690972
1779787788.2159033,10.0,10.0,8.582128776939758,0.1505657419897451,0.005776603214217696,0.6698090671620363,0.23077838172834106,0.026498433495054617,0.5531057346690972
1779787788.225902,10.0,10.0,8.392714596460822,0.1507212725301778,0.005761173574477879,0.6696224921981112,0.23047586921488805,0.026765772852799026,0.5531057346690972
1779787788.2358701,10.0,10.0,8.179048366530978,0.15086776558997828,0.005749229997161228,0.6694589707718731,0.2301528107798467,0.02704651869840905,0.5531057346690972
1779787788.2458684,10.0,10.0,7.941112305337669,0.15100651047795396,0.005744439229120695,0.6693181284545768,0.2298445417136591,0.02730993474250274,0.5531057346690972
1779787788.2558846,10.0,10.0,7.7118559209399615,0.15111520902215966,0.00574237462100947,0.6692015747674971,0.22953117551804625,0.027573318864049616,0.5531057346690972
1779787788.2659056,10.0,10.0,7.464724447247164,0.15119019743025433,0.005742334918071538,0.6690980996324505,0.22922045864782886,0.027830197286714327,0.5531057346690972
1779787788.2759113,10.0,10.0,7.241677464358102,0.1512499986457985,0.005743890953442137,0.6690020570633426,0.22890028944073015,0.028090522430322652,0.5531057346690972
1779787788.285873,10.0,10.0,7.038410248811262,0.15128653415998386,0.0057447543615387195,0.6689089090425107,0.2285763214325602,0.028349513273557995,0.5531057346690972
1779787788.295898,10.0,10.0,6.838307938783829,0.15129535991760204,0.005740746496505675,0.6688249507029904,0.2282466659676048,0.028608574003324214,0.5531057346690972
1779787788.305912,10.0,10.0,6.663694963358637,0.15128217366441885,0.0057404322345515615,0.6687542173864686,0.22792872298571787,0.028854234753763093,0.5531057346690972
1779787788.3159163,10.0,10.0,6.515317693598576,0.15123937839584256,0.0057488499900411,0.6686988203337583,0.22760662037645052,0.029098987290203444,0.5531057346690972
1779787788.3259401,10.0,10.0,6.3880279155045905,0.1511697811720429,0.005761992399810672,0.6686689940334909,0.22728221168289817,0.02934137498575789,0.5531057346690972
1779787788.3359427,10.0,10.0,6.278742841147754,0.15107693907042283,0.005781704809145564,0.6686614100911572,0.22695589696807728,0.02958109345131841,0.5531057346690972
1779787788.3459444,10.0,10.0,6.20598312111636,0.150964988157365,0.005813504367777241,0.6686744248610698,0.226627425536801,0.029818323526160435,0.5531057346690972
1779787788.3558931,10.0,10.0,6.193072400336643,0.1508425044108341,0.0058477818194481255,0.6687213329414409,0.22629438872020588,0.03005475185188275,0.5531057346690972
1779787788.36592,10.0,10.0,6.220996315095837,0.15071365922992383,0.005885609040294076,0.6688033897626512,0.22595973306237402,0.030288243498061584,0.5531057346690972
1779787788.3759153,10.0,10.0,6.286435889312945,0.15057859100554402,0.0059291897548751716,0.6689257307407538,0.22562844486396721,0.03051541943297209,0.5531057346690972
1779787788.385903,10.0,10.0,6.37752181513445,0.1504494452256998,0.0059733355504815394,0.6690917894667533,0.22529041428397198,0.030743218763293223,0.5531057346690972
1779787788.3959014,10.0,10.0,6.484958389595685,0.15032076865938906,0.00602445314987435,0.669293706534037,0.22495133322321736,0.030967732757290395,0.5531057346690972
1779787788.4058938,10.0,10.0,6.634706430316772,0.1502051265029992,0.0060677631871815674,0.6695136544194625,0.2246147323592187,0.03118671205923028,0.5531057346690972
1779787788.4158704,10.0,10.0,6.821402500996399,0.15010578493929547,0.006104236298270047,0.6697464345765093,0.2242595810999532,0.03141362155830001,0.5531057346690972
1779787788.4258823,10.0,10.0,7.049340823453109,0.15002521563915575,0.0061380939537455425,0.6699839958671464,0.2239181582391769,0.03162781638485063,0.5531057346690972
1779787788.435976,10.0,10.0,7.311300558854167,0.14995842740451654,0.006166646791968386,0.670208267672854,0.2235626219197442,0.0318468202119874,0.5531057346690972
1779787788.4458659,10.0,10.0,7.582471590484957,0.1498997182467575,0.006189560765819226,0.6704063746544643,0.22321694973653317,0.03205585020493585,0.5531057346690972
1779787788.45591,10.0,10.0,7.844296464354321,0.14985403035715814,0.006211180309732423,0.6705736449530219,0.22285866091836748,0.03226851400747355,0.5531057346690972
1779787788.4658723,10.0,10.0,8.076938389643622,0.14981711220025137,0.006233778912739776,0.6707096593920903,0.2225110810170297,0.03247099087970602,0.5531057346690972
1779787788.4759164,10.0,10.0,8.294374697068415,0.14979130611147898,0.0062467348273258835,0.6708102834332924,0.2225110810170297,0.03247099087970602,0.5531057346690972
1779787788.4859333,10.0,10.0,8.501979781724629,0.14977583218872612,0.006253821973062518,0.6708679713481283,0.22215589471061586,0.03267405687290985,0.5531057346690972
1779787788.4958713,10.0,10.0,8.692515711839626,0.14977133932968914,0.006259465988402704,0.6708843903081833,0.22179683818722593,0.03287544319712075,0.5531057346690972
1779787788.5058959,10.0,10.0,8.850451455467502,0.1497777926899598,0.006259705246985044,0.6708710422731908,0.22143461133343492,0.03307469679416823,0.5531057346690972
1779787788.5158923,10.0,10.0,8.956664320046501,0.1497966120310512,0.006258981569380803,0.670840392786632,0.22107696427765006,0.03326762910505976,0.5531057346690972
1779787788.525894,10.0,10.0,9.039570766399937,0.14983019944401924,0.00625629844995728,0.6707929313455229,0.2207230483997876,0.03345487835065844,0.5531057346690972
1779787788.5359132,10.0,10.0,9.116084951707403,0.14988623181816707,0.006253466401603896,0.6707198310672163,0.2203662323045643,0.03364001297437238,0.5531057346690972
1779787788.5458772,10.0,10.0,9.186136987255937,0.14995063778175252,0.006249609023681004,0.6706218659451543,0.22000322800138716,0.033824645436731186,0.5531057346690972
1779787788.5558832,10.0,10.0,9.205141275091954,0.15003058861031449,0.006239953063478028,0.6704948289645455,0.21963989168889642,0.03400574285440805,0.5531057346690972
1779787788.5658906,10.0,10.0,9.19599337245653,0.1501280131830123,0.006230769724728333,0.670338379561511,0.21927706403033392,0.03418293351009603,0.5531057346690972
1779787788.5758886,10.0,10.0,9.16135528390676,0.15023707489087657,0.006227286754301333,0.6701539542220307,0.2189000384590491,0.034363236205464484,0.5531057346690972
1779787788.5858927,10.0,10.0,9.056741124868095,0.15035783532360905,0.00622470058358124,0.6699440157604544,0.21853689765663503,0.03453325921025497,0.5531057346690972
1779787788.5958905,10.0,10.0,8.914237748626975,0.1504927952587824,0.006220293557932016,0.6697159617393575,0.21815271736076747,0.03470929011265167,0.5531057346690972
1779787788.605905,10.0,10.0,8.735490505845931,0.1506303645124049,0.006215870462982253,0.6694784570998548,0.21777852864883623,0.03487698736547593,0.5531057346690972
1779787788.615891,10.0,10.0,8.515623993940038,0.1507704411160296,0.006218412813865601,0.6692458928589248,0.217400692496107,0.035042600602663586,0.5531057346690972
1779787788.62588,10.0,10.0,8.305461889656458,0.1509121991596712,0.006218113705036337,0.669016048728123,0.21702971788435893,0.03520160963715443,0.5531057346690972
1779787788.6358814,10.0,10.0,8.090653194397131,0.15103468749199328,0.006220772472355873,0.6687989598879158,0.2166395831774573,0.035365027254105015,0.5531057346690972
1779787788.6459002,10.0,10.0,7.838837890700551,0.15111914749562058,0.006227744817806513,0.6685915738450254,0.21624938413780015,0.035524611744240014,0.5531057346690972
1779787788.6559017,10.0,10.0,7.5725192380483985,0.15117290417306695,0.006240896946597254,0.6683987577453059,0.21587018450576487,0.035676036696982355,0.5531057346690972
1779787788.6658661,10.0,10.0,7.347607709161375,0.15119997044170047,0.006255033784017772,0.6682202748301178,0.21548743647387597,0.03582525526551785,0.5531057346690972
1779787788.67606,10.0,10.0,7.1561208598518995,0.15120536156972825,0.006283458570632015,0.6680753266767522,0.21510178076371217,0.03597196079532879,0.5531057346690972
1779787788.6859028,10.0,10.0,6.973985913853806,0.15118750075536044,0.006313951036935017,0.6679646661436041,0.214724788349694,0.03611186558915577,0.5531057346690972
1779787788.6959038,10.0,10.0,6.811317049789029,0.15114833113576506,0.00633961004429461,0.6678801346664843,0.21433180542805125,0.03625404922666564,0.5531057346690972
1779787788.705907,10.0,10.0,6.6659528950186075,0.15109559150496057,0.006356612817935137,0.6678186533517926,0.21433180542805125,0.03625404922666564,0.5531057346690972
1779787788.7158687,10.0,10.0,6.532603787766192,0.15102141208257994,0.006379312750289358,0.6677660185371012,0.2139546189327741,0.036387039155217,0.5531057346690972
1779787788.7259057,10.0,10.0,6.423375580784396,0.1509315781227602,0.006401854985582749,0.6677323275782265,0.21356214807868729,0.03652183240209874,0.5531057346690972
1779787788.735884,10.0,10.0,6.374630699136512,0.15082983356074667,0.006428457463990517,0.667721904521237,0.21317331240812726,0.03665180110472625,0.5531057346690972
1779787788.745875,10.0,10.0,6.370010062224193,0.15071392860634605,0.006455655359446382,0.6677473736261264,0.2127859174699099,0.0367777776336397,0.5531057346690972
1779787788.755946,10.0,10.0,6.379071289878499,0.1506000840233274,0.00649057429301015,0.6678143284264098,0.2123986914808787,0.036900225178761556,0.5531057346690972
1779787788.7659385,10.0,10.0,6.417538267202398,0.1504818531724332,0.006531934507480067,0.6679179496370328,0.21201013577868463,0.03701962883920415,0.5531057346690972
1779787788.7759593,10.0,10.0,6.495922686027529,0.15036428221278725,0.0065701301278886055,0.6680610270427169,0.2116148856133785,0.03713755592064499,0.5531057346690972
1779787788.7858987,10.0,10.0,6.601903089025421,0.1502483914944176,0.006605959978767542,0.6682405762064656,0.2112243389963743,0.03725060454328018,0.5531057346690972
1779787788.7959123,10.0,10.0,6.7596757049593625,0.15015398917881234,0.0066437220437104835,0.668442377285946,0.21083683570702402,0.0373593822666889,0.5531057346690972
1779787788.805915,10.0,10.0,6.98949718856218,0.15007679696619297,0.006676075891308809,0.6686518805326587,0.21042862486564579,0.03747034586492333,0.5531057346690972
1779787788.8158786,10.0,10.0,7.246210229889495,0.15000050178345772,0.006709787785598773,0.6688659384056468,0.2100339246321528,0.03757412183109761,0.5531057346690972
1779787788.8258882,10.0,10.0,7.488561167208681,0.1499353913330723,0.006739177557878876,0.6690574235474802,0.2096405257618576,0.037674139109093764,0.5531057346690972
1779787788.8358774,10.0,10.0,7.734609355777964,0.14987819320535914,0.00676801383484165,0.669220146663206,0.2092454761504156,0.037771164925229306,0.5531057346690972
1779787788.845904,10.0,10.0,7.9791362253056795,0.14983155695836617,0.006787495927999173,0.6693536981098301,0.20885523735221062,0.037863673038943335,0.5531057346690972
1779787788.8558645,10.0,10.0,8.221819062107798,0.14979830991494106,0.006803112846793583,0.6694545655843887,0.2084417574444765,0.03795809384356823,0.5531057346690972
1779787788.8658648,10.0,10.0,8.45415108597732,0.14977883373877848,0.006811344553865102,0.669515838167734,0.20804569350957827,0.03804508683947099,0.5531057346690972
1779787788.875954,10.0,10.0,8.67543326770145,0.1497724992185562,0.0068162605218302025,0.669539109918822,0.20764221839483085,0.03813025466625439,0.5531057346690972
1779787788.8858993,10.0,10.0,8.8473859824623,0.1497759677693284,0.006817987191016801,0.6695311335575852,0.207247794000742,0.03821016071682734,0.5531057346690972
1779787788.8958757,10.0,10.0,8.97633362954496,0.14978921242294443,0.006815898344074201,0.6695061310533412,0.20684319295264908,0.03828870290078796,0.5531057346690972
1779787788.9059145,10.0,10.0,9.075900718606494,0.14981595030247058,0.006811525690530764,0.6694593774470782,0.2064342002432579,0.038364588543099605,0.5531057346690972
1779787788.9159288,10.0,10.0,9.161118480578068,0.14985161897297947,0.006805482361942063,0.6693885422114019,0.2060332924454855,0.038435565669526134,0.5531057346690972
1779787788.925921,10.0,10.0,9.25472284391224,0.14990747627119702,0.006798297351675863,0.6692775991941053,0.2056285852168958,0.038503807855143325,0.5531057346690972
1779787788.9359312,10.0,10.0,9.340739198753615,0.14997101818493777,0.0067928377621165464,0.6691418293645366,0.20522349512881802,0.03856870023853009,0.5531057346690972
1779787788.9459543,10.0,10.0,9.356931446836999,0.1500443233033622,0.006792482159178596,0.6689776925598924,0.2048149779029268,0.0386306958247182,0.5531057346690972
1779787788.9558718,10.0,10.0,9.324469642543923,0.1501332040813462,0.006791606028593744,0.6687794572110587,0.2048149779029268,0.0386306958247182,0.5531057346690972
1779787788.965921,10.0,10.0,9.266800446810283,0.15023190651133272,0.006793638324957264,0.6685539169777168,0.20440973214702415,0.03868878885171968,0.5531057346690972
1779787788.9758842,10.0,10.0,9.172243620381712,0.15034398772592172,0.006802145614283336,0.6683049534855956,0.20399403982201786,0.03874486724951803,0.5531057346690972
1779787788.985955,10.0,10.0,9.04656536042446,0.1504590883805804,0.006809633018586907,0.6680390754020117,0.20357134214569625,0.03879825573351188,0.5531057346690972
1779787788.995901,10.0,10.0,8.869274091791127,0.1505826868248752,0.006815731579688428,0.6677660130812625,0.203170364266212,0.0388455239325283,0.5531057346690972
1779787789.005878,10.0,10.0,8.663779629089289,0.15070349286226264,0.006822383453869362,0.6674946928556916,0.2027634342938045,0.03889014208566416,0.5531057346690972
1779787789.0159152,10.0,10.0,8.434544185494376,0.15080963337491443,0.006831803493556442,0.6672344624730745,0.20234496839245336,0.03893251329533893,0.5531057346690972
1779787789.0260048,10.0,10.0,8.168497010577822,0.1508927880502198,0.006851033703475671,0.6669909410793345,0.20194102487694995,0.03897004483271243,0.5531057346690972
1779787789.0359442,10.0,10.0,7.887239764561634,0.15094442026294175,0.006873595670963944,0.6667662163049418,0.20153327780801444,0.03900458084539315,0.5531057346690972
1779787789.0459127,10.0,10.0,7.632661681416688,0.15097221754514678,0.006906104307165274,0.6665647410184542,0.20111139023075134,0.03903678030039018,0.5531057346690972
1779787789.0558887,10.0,10.0,7.423901438314999,0.1509852676910809,0.006936616967967718,0.6663969509831482,0.20070552857877672,0.039064370757122296,0.5531057346690972
1779787789.065963,10.0,10.0,7.2375001748586,0.15097881408429226,0.0069688342262053385,0.666272301137803,0.20028794128524346,0.03908929861749662,0.5531057346690972
1779787789.0759444,10.0,10.0,7.067411884093159,0.15095501003479156,0.00700235267917859,0.6661832784213907,0.1998822022891936,0.03911016309087516,0.5531057346690972
1779787789.085898,10.0,10.0,6.923952496746209,0.15092101769018978,0.007033636548612186,0.6661259999461607,0.19947337311603608,0.03912784502676718,0.5531057346690972
1779787789.095905,10.0,10.0,6.798110073789938,0.150873669164168,0.007059813048975467,0.6660876668893546,0.19906777485526947,0.03914207625989972,0.5531057346690972
1779787789.105908,10.0,10.0,6.6836527794610845,0.15081111537648245,0.0070822820100899415,0.666058548586759,0.1986600849606995,0.03915306034953018,0.5531057346690972
1779787789.1159127,10.0,10.0,6.597676003613793,0.15073308167345453,0.007102361263782617,0.6660466987571007,0.19825190160136832,0.0391607248093416,0.5531057346690972
1779787789.1259096,10.0,10.0,6.558379377348072,0.1506392063781707,0.007125826670893537,0.6660587925077736,0.19784879105276781,0.03916502248772027,0.5531057346690972
1779787789.1358912,10.0,10.0,6.546896807399331,0.15053132790447946,0.007154085748338293,0.6661024178545044,0.19744696047737392,0.03916607175417497,0.5531057346690972
1779787789.1459074,10.0,10.0,6.54431198862858,0.1504229531884204,0.007183682752905548,0.6661791849930648,0.19703619886675133,0.039163806458866864,0.5531057346690972
1779787789.1559381,10.0,10.0,6.568797249651847,0.1503160825037625,0.00721519500390997,0.6662851316023045,0.19663174701252914,0.039158278306246436,0.5531057346690972
1779787789.1659477,10.0,10.0,6.645139690230915,0.1502098941636925,0.0072526392686072414,0.6664242120263311,0.19622300224457298,0.03914936595353681,0.5531057346690972
1779787789.1759524,10.0,10.0,6.765461981322043,0.15010764198252294,0.0072896938146664115,0.6665907668818539,0.19622300224457298,0.03914936595353681,0.5531057346690972
1779787789.185881,10.0,10.0,6.941688740802268,0.15001969993408654,0.007320354483104656,0.6667760118325496,0.1958049991479467,0.03913679234619289,0.5531057346690972
1779787789.1959515,10.0,10.0,7.174361387007104,0.14994767904445735,0.0073518437291685765,0.6669681955938954,0.1953833960017412,0.03912056433425411,0.5531057346690972
1779787789.2058856,10.0,10.0,7.431282756776047,0.14987822981849722,0.0073835464820011356,0.6671613967259494,0.19498079877056357,0.03910174058520463,0.5531057346690972
1779787789.2160013,10.0,10.0,7.679611254983386,0.1498141576537669,0.00741302821722359,0.6673425922743802,0.19456164246785704,0.03907868471482838,0.5531057346690972
1779787789.2258883,10.0,10.0,7.9340962122547705,0.14976464947932547,0.007438544777859162,0.6674931187429594,0.19415885208020833,0.03905320091384781,0.5531057346690972
1779787789.2358758,10.0,10.0,8.201323439611675,0.14972213135066922,0.007460717602897619,0.6676143055058054,0.19373118260744795,0.039022567080273324,0.5531057346690972
1779787789.2458882,10.0,10.0,8.452726780556773,0.14969133606369855,0.00747326473067359,0.6677076710836205,0.19332241966999303,0.038989838908326316,0.5531057346690972
1779787789.255954,10.0,10.0,8.660919156600144,0.1496703419927969,0.0074806767035968235,0.6677640547165464,0.192916080342675,0.038953957380595615,0.5531057346690972
1779787789.2659163,10.0,10.0,8.846810068090731,0.1496667756477153,0.007480921825049709,0.667779163678284,0.19251638053359962,0.03891539903604869,0.5531057346690972
1779787789.2758734,10.0,10.0,9.010719297139865,0.14966894214891155,0.007478391096770358,0.6677666633158139,0.19210856790368533,0.03887271477064772,0.5531057346690972
1779787789.285866,10.0,10.0,9.127380327423815,0.1496859931971049,0.007473741786108438,0.6677371776287859,0.19170638435415083,0.03882730396278353,0.5531057346690972
1779787789.2959628,10.0,10.0,9.212507657176976,0.1497145282288586,0.007466136401921876,0.6676849671409497,0.19130725075905763,0.03877897325792376,0.5531057346690972
1779787789.3059056,10.0,10.0,9.301990607928992,0.1497502608585397,0.007457277974067354,0.6676037802449476,0.19090066659336136,0.0387263870373355,0.5531057346690972
1779787789.3159106,10.0,10.0,9.389855883059619,0.1498045429272824,0.007444175895074393,0.6674878739193219,0.190494559188661,0.038670473388733397,0.5531057346690972
1779787789.3259075,10.0,10.0,9.448616382678495,0.14986338938130098,0.0074307287922559685,0.6673491775133032,0.19009674373489058,0.03861240625502398,0.5531057346690972
1779787789.3359199,10.0,10.0,9.451528166065982,0.14993735363254918,0.007416612255384436,0.6671806567138341,0.189680385032804,0.038548127144565264,0.5531057346690972
1779787789.3459232,10.0,10.0,9.426220732558292,0.1500313417105202,0.007402163251333684,0.6669795044106278,0.18926596766715853,0.03848057393339755,0.5531057346690972
1779787789.3558764,10.0,10.0,9.388176185731043,0.1501345809322915,0.007386814099990194,0.6667526749652357,0.1888635569271512,0.03841155196504759,0.5531057346690972
1779787789.3659132,10.0,10.0,9.303093839090405,0.15025266680821964,0.007375103584767787,0.6664960061331673,0.1884682556785104,0.038340448894967044,0.5531057346690972
1779787789.3759189,10.0,10.0,9.173100699026593,0.15037700326019604,0.007361473985770286,0.666219838070277,0.18807266087999672,0.03826600395185061,0.5531057346690972
1779787789.3859506,10.0,10.0,8.972619241647571,0.15049943871872484,0.007343953779668229,0.6659411026131912,0.1876763504600627,0.0381881100769248,0.5531057346690972
1779787789.3958936,10.0,10.0,8.721817340244522,0.15062340121373838,0.007322594696934941,0.6656660913315872,0.18727636089501953,0.03810611337784779,0.5531057346690972
1779787789.4058845,10.0,10.0,8.455056464375915,0.15074012538924975,0.007306276073718626,0.6654039131403883,0.18687151494363297,0.03801964630633989,0.5531057346690972
1779787789.4158878,10.0,10.0,8.169198982459525,0.15083505415272758,0.007294112135521072,0.6651645466453403,0.18647726905078948,0.03793206585847969,0.5531057346690972
1779787789.4259305,10.0,10.0,7.904078710970753,0.15089910822820282,0.007289850587331473,0.6649427263693038,0.18647726905078948,0.03793206585847969,0.5531057346690972
1779787789.4359345,10.0,10.0,7.662163138603663,0.15093571509912426,0.007287799481431474,0.6647467555537429,0.18608553370183206,0.03784172441342857,0.5531057346690972
1779787789.4459097,10.0,10.0,7.432444720055972,0.15094736716510251,0.007291349659151558,0.6645847683161414,0.1856883408987926,0.03774672784897562,0.5531057346690972
1779787789.455863,10.0,10.0,7.224085330051405,0.15095160602895305,0.007291039758418981,0.6644560232480555,0.18528884444134985,0.0376477102548963,0.5531057346690972
1779787789.4659479,10.0,10.0,7.047229362243785,0.1509350716388712,0.00729507683531719,0.6643658091297772,0.184883603229616,0.0375436913663409,0.5531057346690972
1779787789.4759583,10.0,10.0,6.890304266541737,0.15089699277598834,0.007302919339258721,0.6642945989629154,0.18448795755930375,0.03743863731229351,0.5531057346690972
1779787789.4859157,10.0,10.0,6.767877721803085,0.15084537448244434,0.007310994446097725,0.6642420491495217,0.18409652695889045,0.03733127887989791,0.5531057346690972
1779787789.4958835,10.0,10.0,6.661444413265769,0.15076998927036564,0.007324425435490697,0.6641949014344116,0.1837067120835547,0.037220956668527476,0.5531057346690972
1779787789.5058908,10.0,10.0,6.578252693391065,0.15067775876436035,0.007345952919088977,0.6641579358762555,0.1833152831063026,0.03710673293741314,0.5531057346690972
1779787789.5159152,10.0,10.0,6.537672848549265,0.15057131620249914,0.0073697603924947255,0.6641475168725686,0.182904719579217,0.03698318946565816,0.5531057346690972
1779787789.5259178,10.0,10.0,6.5171546643510325,0.1504564455084216,0.007400786082767996,0.6641672062202711,0.18250185379549222,0.03685821578683345,0.5531057346690972
1779787789.5358942,10.0,10.0,6.503729290342778,0.1503305201893066,0.007438292374315583,0.6642204948864218,0.18211887159441542,0.03673594252420079,0.5531057346690972
1779787789.5458956,10.0,10.0,6.529723709074909,0.1502048417840638,0.007478016251251264,0.664303544685441,0.18173054694605284,0.03660848532104605,0.5531057346690972
1779787789.5558865,10.0,10.0,6.598391900603014,0.15009170131851157,0.0075151902981613235,0.6644109805547116,0.18134150384611708,0.036477251934174164,0.5531057346690972
1779787789.5659552,10.0,10.0,6.722220963927811,0.14998012961410045,0.007553187701039296,0.664551245796071,0.1809493889309801,0.03634136664126268,0.5531057346690972
1779787789.5758755,10.0,10.0,6.877640985847274,0.14988629750331972,0.0075865052936832855,0.664707509898118,0.1805620293224642,0.036203534427327905,0.5531057346690972
1779787789.585919,10.0,10.0,7.111190403272819,0.14981417721907292,0.007613692124812287,0.6648673624392957,0.18018441735802815,0.036065701301958554,0.5531057346690972
1779787789.595962,10.0,10.0,7.382579024351838,0.14975168331610691,0.007640698040928442,0.6650223769063531,0.17979926501735144,0.035921555729887575,0.5531057346690972
1779787789.6059873,10.0,10.0,7.653250444047766,0.14969599160742633,0.007660513406698983,0.6651623302203186,0.17941325267894687,0.03577344765837838,0.5531057346690972
1779787789.615902,10.0,10.0,7.9225795566299215,0.14965197754624535,0.007678770611530863,0.6652761788783617,0.1790328244762176,0.03562388224238116,0.5531057346690972
1779787789.6259334,10.0,10.0,8.185700007568741,0.1496214004451438,0.00769470620754421,0.6653575409863383,0.17864846466832585,0.035469106384715426,0.5531057346690972
1779787789.6359246,10.0,10.0,8.447382669341508,0.14960170918235588,0.007704435071875081,0.6654095418019138,0.17864846466832585,0.035469106384715426,0.5531057346690972
1779787789.6459057,10.0,10.0,8.674438294086197,0.14959435690469344,0.007707596494570359,0.6654284773647309,0.17825585340793948,0.03530716633367789,0.5531057346690972
1779787789.6559212,10.0,10.0,8.859610509022932,0.1495970298056666,0.007707655733426379,0.665417647581698,0.17786048296828616,0.03514012365784924,0.5531057346690972
1779787789.6658778,10.0,10.0,8.992404928214826,0.14960866870264483,0.007702099447941394,0.6653940486262775,0.17748995639139464,0.03497992756423698,0.5531057346690972
1779787789.6758904,10.0,10.0,9.081942875750256,0.1496282829962386,0.007695741138448931,0.6653571506876498,0.17711162392691412,0.034812673283633196,0.5531057346690972
1779787789.685955,10.0,10.0,9.1514179546849,0.1496578517345422,0.007684073249667345,0.6652938970466367,0.17674536013786482,0.03464717038987136,0.5531057346690972
1779787789.695878,10.0,10.0,9.229881191239567,0.14969996191297502,0.00766914192080532,0.6651969865272959,0.17638043428201539,0.03447872669378493,0.5531057346690972
1779787789.7058678,10.0,10.0,9.310423176447474,0.14975334272603302,0.007647611654059445,0.6650748557063384,0.17600270259319956,0.03430060241983905,0.5531057346690972
1779787789.7159534,10.0,10.0,9.370983850858982,0.14981330443226906,0.007624481954573533,0.664930978802111,0.17563023849014386,0.03412116343936364,0.5531057346690972
1779787789.7259445,10.0,10.0,9.380944026908995,0.14988972027018516,0.007598332090943725,0.6647566595610234,0.17526409799443765,0.033941050264214366,0.5531057346690972
1779787789.7359583,10.0,10.0,9.366361986446137,0.14997806300700506,0.00757260401041406,0.6645587318375061,0.17490339734879157,0.03375996233521778,0.5531057346690972
1779787789.7459757,10.0,10.0,9.316517947286446,0.15007346935990792,0.007546592645826694,0.6643427023134183,0.1745455187943603,0.03357666630755126,0.5531057346690972
1779787789.7559018,10.0,10.0,9.214149274175474,0.15017777829835155,0.007519055723351217,0.6641068992008932,0.17418035635703422,0.033385871288306834,0.5531057346690972
1779787789.765885,10.0,10.0,9.085565433869686,0.1502857997872177,0.007490578210358389,0.6638617931333444,0.17382235385785227,0.03319507476445977,0.5531057346690972
1779787789.775899,10.0,10.0,8.894372753635876,0.15038785894834641,0.007461122862449018,0.6636244082960983,0.17345290563166893,0.03299424158134356,0.5531057346690972
1779787789.7858775,10.0,10.0,8.64154275976015,0.15048374398352368,0.007422103078361677,0.6633949318432584,0.17309968249827107,0.03279843899731095,0.5531057346690972
1779787789.7958739,10.0,10.0,8.362965177359722,0.1505595273200033,0.00738950584167575,0.6631791380496939,0.17273090220399553,0.03259000486971732,0.5531057346690972
1779787789.8058739,10.0,10.0,8.073555134494775,0.1506030593926682,0.00736661243101197,0.6629712555411732,0.17237450618205438,0.032384625291834036,0.5531057346690972
1779787789.815879,10.0,10.0,7.820982247219048,0.15062296060661226,0.007348980832977076,0.6627855644502769,0.1720194185133977,0.0321760875437464,0.5531057346690972
1779787789.8258839,10.0,10.0,7.600467071090852,0.15062572457399376,0.007337116705408425,0.662618569476891,0.17167363902233254,0.03196920918510266,0.5531057346690972
1779787789.8359156,10.0,10.0,7.4170975423747425,0.15061431835827854,0.0073335561842739734,0.6624815294161145,0.17131238456969602,0.03174899979178621,0.5531057346690972
1779787789.8458855,10.0,10.0,7.259890970804898,0.1505811749877658,0.00733580876927781,0.6623765521788811,0.17096991679676635,0.03153634158690968,0.5531057346690972
1779787789.8559244,10.0,10.0,7.1279255598727245,0.1505328535926411,0.007341848695229465,0.6622967765376117,0.17061645199113534,0.03131281140596777,0.5531057346690972
1779787789.8658788,10.0,10.0,7.0303038235928055,0.15046496880248023,0.0073532961429949055,0.6622425118648458,0.17061645199113534,0.03131281140596777,0.5531057346690972
1779787789.875902,10.0,10.0,6.947756997114815,0.15038416430576962,0.007370392433294241,0.6621946584442348,0.17027675084495247,0.03109405448364952,0.5531057346690972
1779787789.88588,10.0,10.0,6.903488958711414,0.15029934102788597,0.007387760825132249,0.6621554311383802,0.16993435713870927,0.030869602583705913,0.5531057346690972
1779787789.8958833,10.0,10.0,6.892622967591123,0.1502078880484749,0.007408882547885182,0.6621300776569239,0.16959367434765737,0.030642261517027966,0.5531057346690972
1779787789.9058862,10.0,10.0,6.8988968033544324,0.15010549045555793,0.007438784547801927,0.6621239524180114,0.16926247054537885,0.03041734768761107,0.5531057346690972
1779787789.915976,10.0,10.0,6.890366825913956,0.14999070183406163,0.007471671666736611,0.6621456820546018,0.16891763977619959,0.03017902768011871,0.5531057346690972
1779787789.9259202,10.0,10.0,6.890873371166281,0.14988083662751053,0.007502747933097469,0.6621851677529279,0.1685889517817771,0.029947853892262337,0.5531057346690972
1779787789.935901,10.0,10.0,6.974895857921502,0.14977534791244607,0.007531953477580486,0.6622500365350723,0.16825591268133153,0.029709557823143523,0.5531057346690972
1779787789.9459012,10.0,10.0,7.105261034152295,0.14967961531139276,0.007561076088418648,0.6623404185506969,0.16792504003189257,0.02946869159059755,0.5531057346690972
1779787789.9558833,10.0,10.0,7.28544659139509,0.14961045408381005,0.007582666617842509,0.6624468099805271,0.16760184385664803,0.029229377472778623,0.5531057346690972
1779787789.9658928,10.0,10.0,7.520161362636158,0.1495613263488291,0.007602491757253158,0.6625567213714174,0.16726764681220682,0.028977645793161533,0.5531057346690972
1779787789.975898,10.0,10.0,7.758991796393379,0.14951885668699405,0.007619575959701091,0.6626550284404172,0.1669435832298616,0.02872932178561402,0.5531057346690972
1779787789.9858785,10.0,10.0,7.999542744930893,0.14948908537792815,0.007632574635902672,0.6627375360373827,0.16660966942748995,0.028469013702846865,0.5531057346690972
1779787789.9959047,10.0,10.0,8.244433981627235,0.14946946912931777,0.007640529494491685,0.662792156655896,0.1662869073130767,0.028213035913766858,0.5531057346690972
1779787790.005885,10.0,10.0,8.47933582277446,0.14945953867706474,0.007647053888917095,0.662816537505199,0.16596903570963936,0.02795666110107195,0.5531057346690972
1779787790.0159032,10.0,10.0,8.697791397532239,0.14945760981582942,0.0076489781679085316,0.6628165456022215,0.16565671376834812,0.02770054736955377,0.5531057346690972
1779787790.0259466,10.0,10.0,8.865908816429576,0.14946327894361883,0.007647231043873303,0.662799663495888,0.16533392351853624,0.027431369439595357,0.5531057346690972
1779787790.0358877,10.0,10.0,8.981936320369758,0.1494734338794305,0.007641436551650794,0.6627808759775768,0.1650276847944163,0.027171697610162478,0.5531057346690972
1779787790.0459268,10.0,10.0,9.068728625503972,0.14948807025925337,0.007636986862195695,0.6627567913504426,0.16470361867694336,0.026892255931847957,0.5531057346690972
1779787790.0559087,10.0,10.0,9.128121246992723,0.1495068373068678,0.007626760333092939,0.6627142338422284,0.16440081916614757,0.026626735329515337,0.5531057346690972
1779787790.06587,10.0,10.0,9.179468155839512,0.14953692691501203,0.007613360296629101,0.6626467990013375,0.16409065136256018,0.026350231575366555,0.5531057346690972
1779787790.075889,10.0,10.0,9.239060008530311,0.14958001731699552,0.00759884024818066,0.6625562681039687,0.1637879726749031,0.026075894590533027,0.5531057346690972
1779787790.085896,10.0,10.0,9.281974426531576,0.14963188900580265,0.007579770401762994,0.662443143656537,0.1637879726749031,0.026075894590533027,0.5531057346690972
1779787790.0958827,10.0,10.0,9.282276959155567,0.14969513322296807,0.00755890735507397,0.6623018440044864,0.16347602491002056,0.025788388654262417,0.5531057346690972
1779787790.105887,10.0,10.0,9.274016274570565,0.1497658828191137,0.00753664423364036,0.6621423829565378,0.16316584531134953,0.025497601128208133,0.5531057346690972
1779787790.115871,10.0,10.0,9.221305489960393,0.14984738252026866,0.0075100870790035116,0.6619603586338269,0.16287370901359144,0.025219144192794744,0.5531057346690972
1779787790.1258926,10.0,10.0,9.12273425432538,0.1499378584766263,0.007474142658828807,0.6617589603605158,0.1625728116842304,0.02492757516602484,0.5531057346690972
1779787790.1359453,10.0,10.0,9.001852614403889,0.1500315769979244,0.0074366127158824345,0.6615474482168169,0.16228442416893607,0.024643484469598714,0.5531057346690972
1779787790.145875,10.0,10.0,8.819701112263681,0.1501266829833932,0.007396135790931835,0.6613419386987889,0.16199213659085362,0.024350799669321486,0.5531057346690972
1779787790.1558783,10.0,10.0,8.604128828046958,0.15021550528668234,0.007357656728790207,0.6611294710413047,0.16170404979460098,0.024057523213184488,0.5531057346690972
1779787790.1659489,10.0,10.0,8.37136302966066,0.150281919989116,0.007325502256367392,0.6609180516040197,0.16141989552159655,0.023763465104643416,0.5531057346690972
1779787790.1758945,10.0,10.0,8.11849083907126,0.150319383061849,0.00729863856956072,0.6607026343572058,0.16113809572935395,0.023467029390002135,0.5531057346690972
1779787790.185889,10.0,10.0,7.87928402473402,0.15034398083072237,0.007281272105277253,0.6604892252492118,0.16086402489955956,0.023174005894307556,0.5531057346690972
1779787790.1958883,10.0,10.0,7.688661154450025,0.15035906211771452,0.007265060307613155,0.6602809317092312,0.16058081763121923,0.02286619624196084,0.5531057346690972
1779787790.2058718,10.0,10.0,7.524033521835249,0.15036384075133447,0.007256369385059689,0.660091240781197,0.16031036516263225,0.022567360378883003,0.5531057346690972
1779787790.2158837,10.0,10.0,7.381176561723081,0.15034800993003497,0.007251764357091814,0.6599163694668666,0.16004223188725866,0.022266242646342416,0.5531057346690972
1779787790.225913,10.0,10.0,7.265606125540888,0.15031490963391472,0.007250187982908903,0.6597620420064145,0.15977650660072473,0.021962939256476473,0.5531057346690972
1779787790.2359164,10.0,10.0,7.1474257079802905,0.15026192680842945,0.007258403505660969,0.6596394520083058,0.15951474046282188,0.021659262337925055,0.5531057346690972
1779787790.24595,10.0,10.0,7.034034353172463,0.1501904349205796,0.007269780270841549,0.659540597494949,0.15925602662987215,0.02135421999337478,0.5531057346690972
1779787790.2559612,10.0,10.0,6.96284280034947,0.1501106757912561,0.0072804990302823515,0.6594702193811761,0.15899814170389676,0.02104516101414953,0.5531057346690972
1779787790.2658777,10.0,10.0,6.939834472075474,0.15002528546447408,0.0072951072536553635,0.6594303559689081,0.1587373476563341,0.020727395301584683,0.5531057346690972
1779787790.2759197,10.0,10.0,6.949760510418685,0.14993344593919414,0.0073103984512791365,0.6594088756092262,0.15848613925930044,0.020416196553865743,0.5531057346690972
1779787790.285899,10.0,10.0,6.9773119343307,0.14984846193273604,0.007316456665341296,0.6593971541411942,0.15823658897305232,0.020101932994044686,0.5531057346690972
1779787790.2959192,10.0,10.0,7.024061534526595,0.14976167028990414,0.007324767569422231,0.6593952204636161,0.1579756452499927,0.01976769372730023,0.5531057346690972
1779787790.305883,10.0,10.0,7.082194591841288,0.14967332776791648,0.0073364405164838544,0.6594099943271429,0.15772953328961475,0.019447011437497438,0.5531057346690972
1779787790.3158715,10.0,10.0,7.171918394784932,0.14960169551328226,0.007345845934121824,0.6594290297933977,0.15748113185068724,0.019117814392240185,0.5531057346690972
1779787790.325883,10.0,10.0,7.3342458324634014,0.14954952436446634,0.007349461898166174,0.6594561834917118,0.1572385032076911,0.018790725941718017,0.5531057346690972
1779787790.3359654,10.0,10.0,7.5072209115760735,0.1495141556197379,0.007352181758929468,0.6594806487059521,0.15700242040695292,0.018467029051001865,0.5531057346690972
1779787790.34594,10.0,10.0,7.659394146168097,0.14949107817628912,0.00735142856475233,0.659498894174189,0.15675660838963182,0.01812410249440243,0.5531057346690972
1779787790.355912,10.0,10.0,7.825201743001893,0.14948163300862372,0.007344584214850685,0.6595001546940485,0.15675660838963182,0.01812410249440243,0.5531057346690972
1779787790.3659651,10.0,10.0,7.997117266394109,0.1494816055692075,0.0073394204220565765,0.6594973665231972,0.15652406817127512,0.017793967744015912,0.5531057346690972
1779787790.3759065,10.0,10.0,8.131621262061385,0.14948939822125315,0.007336612669541521,0.6594906878251177,0.1562902942616473,0.01745627220045448,0.5531057346690972
1779787790.3859074,10.0,10.0,8.234269129971976,0.14950019875555887,0.00733698702469518,0.6594779098583002,0.15606050329903143,0.01711844928679318,0.5531057346690972
1779787790.3959336,10.0,10.0,8.324980854550168,0.14951114591559708,0.007335583182605611,0.6594595825637543,0.15582789038526595,0.016770319367245518,0.5531057346690972
1779787790.4059262,10.0,10.0,8.39808238077175,0.14952734414614946,0.007330333671860492,0.6594269027365709,0.1556070277024933,0.01643382552440263,0.5531057346690972
1779787790.4158819,10.0,10.0,8.456969950187627,0.1495464586697491,0.007319393870014661,0.6593754677008896,0.15538560407871574,0.016090437619251937,0.5531057346690972
1779787790.4258728,10.0,10.0,8.48897240564768,0.1495698575438246,0.007307462463113548,0.6593072968613561,0.1551684720590078,0.015747606874929893,0.5531057346690972
1779787790.4359035,10.0,10.0,8.489913732769331,0.14960276961906105,0.007291318260793959,0.6592201156569915,0.15495535954949305,0.01540502031365992,0.5531057346690972
1779787790.4459243,10.0,10.0,8.492444720054591,0.14965130484290357,0.007275887965378135,0.6591044806947142,0.15474012063374118,0.01505263351727137,0.5531057346690972
1779787790.4558983,10.0,10.0,8.479262049917704,0.1497054960896522,0.0072573792713781305,0.6589541225938684,0.15453351387225078,0.014708100719415963,0.5531057346690972
1779787790.465967,10.0,10.0,8.448847161212989,0.14976746486359505,0.007234186705234646,0.6587811358559662,0.154329447583523,0.014361517298164414,0.5531057346690972
1779787790.4759307,10.0,10.0,8.365583928232368,0.1498247362749876,0.007206946278171162,0.6585835947854026,0.15412653800211953,0.014010443437004846,0.5531057346690972
1779787790.4859414,10.0,10.0,8.256859643104754,0.14988213424547986,0.007177148289779902,0.658371881262613,0.1539237159621586,0.013652811425359582,0.5531057346690972
1779787790.4958792,10.0,10.0,8.136217056476436,0.14993706508230661,0.007149140942535625,0.6581514057986632,0.15372691300272062,0.013299097965587064,0.5531057346690972
1779787790.5059319,10.0,10.0,7.995698752482301,0.1499805517602165,0.007123689830492963,0.6579357529314869,0.15352263063910931,0.012924648553354644,0.5531057346690972
1779787790.5158863,10.0,10.0,7.843434272574747,0.150009185024399,0.007103218260685411,0.6577270037363631,0.15333313321882514,0.012570350598781047,0.5531057346690972
1779787790.5258918,10.0,10.0,7.709707163592183,0.1500118397744354,0.00709021432232853,0.6575192880353816,0.15314454086375903,0.012210790611537785,0.5531057346690972
1779787790.5359879,10.0,10.0,7.587631928295601,0.14999426964525428,0.007084368519314217,0.6573305659613047,0.15295926664025267,0.011850481420715996,0.5531057346690972
1779787790.5459163,10.0,10.0,7.489862353717258,0.1499601603534646,0.0070821277313852515,0.6571583309496458,0.15277747507612044,0.011489799106393802,0.5531057346690972
1779787790.5559123,10.0,10.0,7.394265397929566,0.14991419499921635,0.007085134111905037,0.6570131987759444,0.15259247094432463,0.011115113379030366,0.5531057346690972
1779787790.565954,10.0,10.0,7.324583048098733,0.14986446835462514,0.007089452025039592,0.6569015900281382,0.15241700098426203,0.010752263658344693,0.5531057346690972
1779787790.575938,10.0,10.0,7.277607898548774,0.14980979252283863,0.007097137490679171,0.6568213675588113,0.1522398641654693,0.01037820068125165,0.5531057346690972
1779787790.5859473,10.0,10.0,7.257750419942629,0.14974337800628315,0.007105329176172287,0.6567762758504609,0.15207005485160568,0.010011898097512226,0.5531057346690972
1779787790.595907,10.0,10.0,7.254966510636359,0.14967743173814643,0.007111373219357846,0.656757788564572,0.151904252068423,0.00964655964581694,0.5531057346690972
1779787790.6058981,10.0,10.0,7.26078435657218,0.14961207489606543,0.007109705376318582,0.6567493794146533,0.15174002629443806,0.009276807592584355,0.5531057346690972
1779787790.6159043,10.0,10.0,7.28661518710703,0.14953857471578524,0.00710394488508834,0.6567554735115628,0.15157802116337588,0.008903931354423245,0.5531057346690972
1779787790.625883,10.0,10.0,7.333835249529332,0.14945751522973014,0.007090352566807751,0.6567744462404201,0.15157802116337588,0.008903931354423245,0.5531057346690972
1779787790.635957,10.0,10.0,7.424279949474301,0.149390696121659,0.007076061990747944,0.6567990688089447,0.15142067232944073,0.00853360430707658,0.5531057346690972
1779787790.6459,10.0,10.0,7.568543178260627,0.14934146395581685,0.007061137823404336,0.6568292578388896,0.15126216329651565,0.00815192662888653,0.5531057346690972
1779787790.6558824,10.0,10.0,7.72242748591081,0.1493060827317325,0.007038417575810273,0.656861633447058,0.15110965429456338,0.007776035070270346,0.5531057346690972
1779787790.6659153,10.0,10.0,7.857969782667374,0.14928207955843437,0.007017859917508987,0.656885269942407,0.15096168917316324,0.007402720932648911,0.5531057346690972
1779787790.6758893,10.0,10.0,7.995688352482706,0.1492665428426974,0.006990471320007774,0.6568907509500866,0.15081406414694867,0.007021266823092242,0.5531057346690972
1779787790.6859326,10.0,10.0,8.122787333239824,0.14925939998200313,0.006967354394091123,0.6568880653478628,0.15067181355394055,0.006644646860819548,0.5531057346690972
1779787790.6959536,10.0,10.0,8.223414153786898,0.14925940648725744,0.006944134249529364,0.6568826946102381,0.1505326628514324,0.00626706640895134,0.5531057346690972
1779787790.7059462,10.0,10.0,8.296527194380468,0.1492664108241672,0.006922283626728781,0.6568735598633412,0.15039702034663174,0.005889688280747072,0.5531057346690972
1779787790.7158816,10.0,10.0,8.360507767162897,0.14927575080741065,0.006907606425898397,0.6568568067194798,0.15025625593061726,0.005487645617474838,0.5531057346690972
1779787790.7258897,10.0,10.0,8.410999787512438,0.1492871961323849,0.006896530247522117,0.6568194144312188,0.15012145376016067,0.00509195557586024,0.5531057346690972
1779787790.7359216,10.0,10.0,8.456954183699834,0.14930542882922787,0.006884542637634627,0.6567513813459278,0.1499950708013932,0.004710772021137861,0.5531057346690972
1779787790.745965,10.0,10.0,8.499170155173292,0.14932984047103487,0.0068728122468678715,0.6566657516142186,0.1498715656926055,0.004327995601206348,0.5531057346690972
1779787790.7559032,10.0,10.0,8.512172881233166,0.14936554793866957,0.00686143751710553,0.6565589908154749,0.14974676644104995,0.003930082470287425,0.5531057346690972
1779787790.7659016,10.0,10.0,8.51225398201786,0.14940842517335925,0.006845197412071887,0.65643004950951,0.1496294380799635,0.0035449634941731797,0.5531057346690972
1779787790.7760375,10.0,10.0,8.47874918117314,0.1494622500793709,0.006826934416714723,0.6562676049532304,0.14951381805409442,0.0031541211361521965,0.5531057346690972
1779787790.7859051,10.0,10.0,8.411330237394115,0.14951604349716568,0.006804972329765927,0.6560878993637311,0.14940051205331545,0.0027592494295764613,0.5531057346690972
1779787790.795964,10.0,10.0,8.305377737001537,0.14957010519971073,0.006781256512233213,0.6558927741344249,0.14929253497107567,0.0023710616269897577,0.5531057346690972
1779787790.8059611,10.0,10.0,8.16412006633311,0.14962160814189027,0.006752153996748211,0.6556933001393945,0.14918676261955896,0.001978520146669372,0.5531057346690972
1779787790.8158817,10.0,10.0,8.030220453496964,0.1496704665573212,0.006723067905652584,0.6554871282516084,0.1490852474931103,0.0015892728466926718,0.5531057346690972
1779787790.8258839,10.0,10.0,7.892504047840285,0.14971429499137104,0.006694658228420849,0.6552836961435232,0.1489873750022832,0.0012012690312028108,0.5531057346690972
1779787790.8359227,10.0,10.0,7.762971865103841,0.1497521181665639,0.0066667256405304265,0.6550921204483922,0.14889195221787682,0.0008097440677691178,0.5531057346690972
1779787790.8459044,10.0,10.0,7.65454630245024,0.14977702502777387,0.006639867670158449,0.654906564569209,0.14879798492916033,0.0004100856392408557,0.5531057346690972
1779787790.8559449,10.0,10.0,7.562299985713927,0.14978117318338205,0.0066191483221884504,0.654719890263018,0.14870929027583218,1.861312978519193e-05,0.5531057346690972
1779787790.8659184,10.0,10.0,7.4925786016014015,0.14976023130299115,0.006607379964452765,0.6545530391695784,0.1486237644438363,-0.00037344992347762215,0.5531057346690972
1779787790.8759015,10.0,10.0,7.434226075062316,0.14972626283956594,0.006601623559459072,0.6544015629305442,0.1485378084213388,-0.0007836154559633917,0.5531057346690972
1779787790.8859327,10.0,10.0,7.389245760834599,0.14967654571722874,0.006597023336417712,0.6542772118602287,0.14845834755487164,-0.001178954102380829,0.5531057346690972
1779787790.8959012,10.0,10.0,7.337437704614143,0.14961650609372287,0.006595107418252391,0.6541896242942702,0.1483789139894497,-0.0015917251792972268,0.5531057346690972
1779787790.9059865,10.0,10.0,7.291117415210995,0.14954221516819552,0.0065971184660411734,0.6541378348646265,0.14830642764000418,-0.0019858042970419838,0.5531057346690972
1779787790.9158897,10.0,10.0,7.265831881776016,0.14945932616221572,0.0065936281773757155,0.654110194831126,0.14830642764000418,-0.0019858042970419838,0.5531057346690972
1779787790.9259539,10.0,10.0,7.257475331143584,0.14938279956784176,0.006581611583021031,0.6541019134385972,0.1482368079523803,-0.002382164059694415,0.5531057346690972
1779787790.9359136,10.0,10.0,7.269068178679017,0.14930476374157695,0.00655918410094769,0.6541053084909992,0.14816808954036093,-0.0027931199296775087,0.5531057346690972
1779787790.9458816,10.0,10.0,7.2989238480592995,0.1492187687395257,0.0065323701924882354,0.6541283284736417,0.14810383382761094,-0.0031979286383256736,0.5531057346690972
1779787790.955904,10.0,10.0,7.365063497680549,0.1491441525543359,0.006503272979331204,0.6541616465338272,0.1480428438276138,-0.0036036258005220506,0.5531057346690972
1779787790.9659562,10.0,10.0,7.508523746151003,0.14908796549770348,0.006473980277227909,0.654197267082846,0.147985811892471,-0.004005258447198628,0.5531057346690972
1779787790.9759316,10.0,10.0,7.680316858644608,0.14904095212164378,0.006434321803401713,0.6542358594409371,0.1479327656347651,-0.00440174695567817,0.5531057346690972
1779787790.9858904,10.0,10.0,7.835043895605574,0.14899946317363377,0.006392964693090618,0.6542709316114268,0.14788064503306242,-0.004817164562772813,0.5531057346690972
1779787790.9959004,10.0,10.0,7.976036275064657,0.1489699253904033,0.006344238574565914,0.6542879368356599,0.14783358349280795,-0.005219016472248061,0.5531057346690972
1779787791.0059009,10.0,10.0,8.138532527696565,0.14895275420215814,0.006298670572435213,0.6542946380896706,0.14778936262897063,-0.005625173754592806,0.5531057346690972
1779787791.01589,10.0,10.0,8.289266627963642,0.14894433368068322,0.006250533145721911,0.6542976988645166,0.14774851761693827,-0.006031102296131935,0.5531057346690972
1779787791.0258818,10.0,10.0,8.378074963001692,0.14893739883493326,0.0062024194024884235,0.6542984329168909,0.14771149769832576,-0.00643155919968507,0.5531057346690972
1779787791.0359213,10.0,10.0,8.431532093869752,0.1489380342125745,0.006154338027835382,0.6542895655411365,0.1476770103693958,-0.006840898818232455,0.5531057346690972
1779787791.04596,10.0,10.0,8.478712652120297,0.14894242559858542,0.006124495032506941,0.6542701919314825,0.14764633129256294,-0.007244333045215691,0.5531057346690972
1779787791.0559068,10.0,10.0,8.517968450509574,0.14894720861976093,0.006086476592109528,0.6542332417092049,0.14761905141579099,-0.00764590988061093,0.5531057346690972
1779787791.0659013,10.0,10.0,8.543716655490863,0.14895743030010433,0.0060432509736853615,0.6541716772894041,0.14759471409550756,-0.00805291253518784,0.5531057346690972
1779787791.0759177,10.0,10.0,8.558055512396649,0.14897978919868932,0.006005158485401694,0.6540945846167167,0.14757380286870042,-0.0084578631600523,0.5531057346690972
1779787791.085913,10.0,10.0,8.578802158612381,0.14901816471384471,0.005970611289931314,0.6539873542838215,0.14755637540490732,-0.00885793117618905,0.5531057346690972
1779787791.0959153,10.0,10.0,8.608387266703676,0.14906435690634903,0.0059371061367130395,0.6538608108381273,0.14754161780343883,-0.009275179385064782,0.5531057346690972
1779787791.1059048,10.0,10.0,8.59761436857116,0.14911835200399426,0.005905471021980965,0.6537110527989687,0.1475305517894731,-0.009683505900935118,0.5531057346690972
1779787791.1159163,10.0,10.0,8.554490656021931,0.1491872797268403,0.005878180291077785,0.6535299086298234,0.1475226817972368,-0.010101413834724494,0.5531057346690972
1779787791.1258821,10.0,10.0,8.50193531512746,0.14925848482342344,0.005853846517364591,0.6533219950946934,0.1475184159016703,-0.010502302408196756,0.5531057346690972
1779787791.1359432,10.0,10.0,8.40692903009266,0.14932378257036377,0.00582152878197779,0.6531030188811454,0.1475173641811021,-0.010902958537451015,0.5531057346690972
1779787791.1458862,10.0,10.0,8.245998077398971,0.14938743110440048,0.0057859017154642065,0.6528706522489857,0.1475195849623027,-0.01131016121886015,0.5531057346690972
1779787791.1559567,10.0,10.0,8.078130110153518,0.1494484379941562,0.005755350571748731,0.6526335350810302,0.1475250589838887,-0.011713760756338691,0.5531057346690972
1779787791.1659439,10.0,10.0,7.912300010681884,0.14949967274260406,0.005723663116139075,0.6524091343664117,0.14753376726743375,-0.012116380217490213,0.5531057346690972
1779787791.1759117,10.0,10.0,7.752213481791995,0.14954480417918414,0.005694344954899127,0.6521995379006431,0.14754631209810956,-0.012536442393604892,0.5531057346690972
1779787791.1859233,10.0,10.0,7.620761528872186,0.1495786157233001,0.005665057625540054,0.6520084760826208,0.14756154212750958,-0.012936403597616025,0.5531057346690972
1779787791.1959178,10.0,10.0,7.520252996433277,0.1495870078226983,0.005644460411307673,0.6518399482512967,0.14756154212750958,-0.012936403597616025,0.5531057346690972
1779787791.2059147,10.0,10.0,7.424399545812883,0.14956760157599233,0.005626639609574386,0.6517005211097825,0.14757996637040804,-0.013336090955238241,0.5531057346690972
1779787791.2159142,10.0,10.0,7.346201208698593,0.14952821896226595,0.005608828019343841,0.6515926957558607,0.14760202727688942,-0.013743157982707959,0.5531057346690972
1779787791.2258914,10.0,10.0,7.277324114501706,0.14947425799374295,0.005590533607198669,0.6515212965472674,0.14762713385799509,-0.014145929447525204,0.5531057346690972
1779787791.235889,10.0,10.0,7.222945635364229,0.14940482904658897,0.005569589385036984,0.6514878428328744,0.14765533951970117,-0.014546459454368988,0.5531057346690972
1779787791.2459166,10.0,10.0,7.175718370836303,0.14933041438181738,0.005543400210952399,0.6514843536710583,0.14768725082591555,-0.014952684254162001,0.5531057346690972
1779787791.2559059,10.0,10.0,7.155020575365606,0.1492554023268155,0.005508966688882784,0.6514919246501707,0.14772218634328338,-0.0153554953341993,0.5531057346690972
1779787791.26594,10.0,10.0,7.155309393370779,0.1491763823428335,0.0054657679380443365,0.6515118019854568,0.14776037347657947,-0.015757964941046972,0.5531057346690972
1779787791.275919,10.0,10.0,7.162281982865621,0.14908307035477555,0.0054191104645096265,0.6515502934168087,0.1478038999678687,-0.016179551817906902,0.5531057346690972
1779787791.28599,10.0,10.0,7.188414473982324,0.1489775360449478,0.0053692797171061,0.6516074731857894,0.14784884293912226,-0.016582160055913064,0.5531057346690972
1779787791.2959146,10.0,10.0,7.263557985253851,0.14887398529711549,0.005310028176335222,0.6516790084921308,0.14789851176067395,-0.016996201370010365,0.5531057346690972
1779787791.305903,10.0,10.0,7.388381271930579,0.148790944254672,0.005243573890543704,0.6517656356248668,0.14794965136516947,-0.017394867768943573,0.5531057346690972
1779787791.3159375,10.0,10.0,7.550593136452528,0.14872027088255052,0.005166180960054431,0.6518588928782956,0.14800592377690835,-0.017806826077896118,0.5531057346690972
1779787791.3259091,10.0,10.0,7.71356130312311,0.14865628293460295,0.0050837972038113525,0.6519433832193704,0.1480644926905064,-0.018210749433245264,0.5531057346690972
1779787791.3358905,10.0,10.0,7.900724620166868,0.14860023279147347,0.004997168930666768,0.6520129137961905,0.14812658937554007,-0.018615657333287364,0.5531057346690972
1779787791.3459444,10.0,10.0,8.100582567879211,0.14855617762551715,0.004909386609139468,0.652060551897378,0.1481912013447538,-0.019015221395644412,0.5531057346690972
1779787791.355885,10.0,10.0,8.288577748379867,0.14852308133784076,0.004820928743081212,0.65208184143639,0.14825863434408906,-0.019411887612706326,0.5531057346690972
1779787791.3659396,10.0,10.0,8.463273417687274,0.14850203245419935,0.004730312373341623,0.6520856388172236,0.14832950186977772,-0.019809339500291418,0.5531057346690972
1779787791.3759096,10.0,10.0,8.605769433304886,0.14848609831110263,0.004632939675460512,0.6520830373894904,0.1484066538500145,-0.020222319400461715,0.5531057346690972
1779787791.385888,10.0,10.0,8.707053622068228,0.148481295748311,0.004540828209460874,0.6520783903656222,0.1484838600746896,-0.020617546505296735,0.5531057346690972
1779787791.3959258,10.0,10.0,8.775641768716621,0.14848078721596858,0.004443293704001314,0.6520653804939607,0.14856706411168868,-0.02102567912431196,0.5531057346690972
1779787791.4059865,10.0,10.0,8.837738813884998,0.14848806215597685,0.004343284536108731,0.6520333707384026,0.1486509874608933,-0.021420752225269395,0.5531057346690972
1779787791.4159462,10.0,10.0,8.905642473253337,0.1485044760337099,0.004240150258079614,0.6519806163435063,0.1487376532592785,-0.021813152762958157,0.5531057346690972
1779787791.4259286,10.0,10.0,8.95551001078225,0.1485266297901475,0.004144353000197304,0.6519144075151673,0.14883045263060413,-0.022217607940487646,0.5531057346690972
1779787791.435896,10.0,10.0,8.962200478989672,0.14856774908178857,0.004049755375418737,0.651823897981284,0.14892497725456472,-0.022614565078288955,0.5531057346690972
1779787791.4459155,10.0,10.0,8.97702007959589,0.14862069605721087,0.003963186517507563,0.6517117883281711,0.14902308693633373,-0.02301212586215507,0.5531057346690972
1779787791.4559293,10.0,10.0,8.973371867100676,0.14868057201190743,0.003877401279531823,0.6515829701431922,0.14902308693633373,-0.02301212586215507,0.5531057346690972
1779787791.4659102,10.0,10.0,8.90798922135953,0.14875577469236692,0.003797948309087795,0.6514307983820735,0.14912337289695815,-0.023404727020225162,0.5531057346690972
1779787791.4759362,10.0,10.0,8.83249434859538,0.14883818736394694,0.0037227143768882314,0.6512557374402344,0.14922877694704634,-0.023803726533183023,0.5531057346690972
1779787791.485898,10.0,10.0,8.718449400421537,0.14891862557302735,0.0036452221726576703,0.6510763387350065,0.14933675359339904,-0.024199257969000507,0.5531057346690972
1779787791.4959059,10.0,10.0,8.538745197482282,0.1489987694405593,0.0035674908023189734,0.6508891185821439,0.14944611064817406,-0.02458739363182075,0.5531057346690972
1779787791.5059018,10.0,10.0,8.353164147575162,0.14907398500746052,0.0034951602627589684,0.6507025173489408,0.1495594588699639,-0.024977566217503473,0.5531057346690972
1779787791.5159028,10.0,10.0,8.168704334659477,0.14914287388015757,0.003422803530493524,0.6505246192046261,0.14967623761232798,-0.025367672972178863,0.5531057346690972
1779787791.5259225,10.0,10.0,7.9644580286586155,0.14920304826848854,0.003355896818168673,0.6503670003626322,0.14979703407957343,-0.025759516067426873,0.5531057346690972
1779787791.535914,10.0,10.0,7.7845704073988715,0.14925339369705717,0.0032904806359523677,0.6502215883911548,0.14992107036758406,-0.026150450093039415,0.5531057346690972
1779787791.545895,10.0,10.0,7.620722503390639,0.1492927880813385,0.0032276330565049953,0.6500959526994403,0.1500461470105915,-0.026533817313544074,0.5531057346690972
1779787791.5559278,10.0,10.0,7.479003102681484,0.1493129435841791,0.003159330979978529,0.6499947067627794,0.1501805927560682,-0.026934642358236033,0.5531057346690972
1779787791.5659158,10.0,10.0,7.3491939561206365,0.1493077001785551,0.003098465914914215,0.6499264619123585,0.1503116262593913,-0.027314862108772747,0.5531057346690972
1779787791.57589,10.0,10.0,7.2222180440269375,0.14927523228267117,0.0030363272433270305,0.6498867145206657,0.15045174599027908,-0.02771084755796234,0.5531057346690972
1779787791.5859082,10.0,10.0,7.100391412546372,0.14921826078447262,0.00295414686688888,0.6498733177690893,0.1505904517156987,-0.028092771097209517,0.5531057346690972
1779787791.5958967,10.0,10.0,7.008698156656721,0.1491372785269495,0.002799525458562856,0.6498752861035709,0.1507331676259289,-0.02847597096298056,0.5531057346690972
1779787791.6059613,10.0,10.0,6.950944764290897,0.14905513679755308,0.00264658296211119,0.6498847338384319,0.15087834393014102,-0.028856260422138225,0.5531057346690972
1779787791.615908,10.0,10.0,6.923941320770972,0.14896830024096389,0.0025093667860978516,0.6499063534429634,0.15102433405397253,-0.02922960071918019,0.5531057346690972
1779787791.625914,10.0,10.0,6.889924801401346,0.14886930422487002,0.002387021390500383,0.6499423782206423,0.15117965908637537,-0.029617422316016256,0.5531057346690972
1779787791.6359088,10.0,10.0,6.867657878694388,0.1487605646916475,0.002258607331687218,0.6499962602142775,0.15133284267426603,-0.02999097615289783,0.5531057346690972
1779787791.6458917,10.0,10.0,6.9028605713009625,0.14864315490524901,0.002119271357542072,0.6500651084270914,0.1514915661313418,-0.030369239162612326,0.5531057346690972
1779787791.6558845,10.0,10.0,6.982080346992462,0.1485160191543124,0.0019759479232134267,0.650161230586618,0.15165199711601643,-0.030742984235643134,0.5531057346690972
1779787791.665967,10.0,10.0,7.08697448122909,0.14839436619737267,0.0018179851038163536,0.6502792226284624,0.1518126428927982,-0.031109056033492732,0.5531057346690972
1779787791.6759362,10.0,10.0,7.253307973804967,0.14828867040540686,0.0016509981579482472,0.6504005079521559,0.151976174686159,-0.03147375291855885,0.5531057346690972
1779787791.6859243,10.0,10.0,7.468725856267951,0.14818616380884844,0.0014875666509823813,0.6505274807212243,0.15214608867934942,-0.03184463050791679,0.5531057346690972
1779787791.6959107,10.0,10.0,7.651189904500633,0.1480854512692936,0.0013301702713447968,0.6506559437309322,0.15231769008427043,-0.03221129148513766,0.5531057346690972
1779787791.7059639,10.0,10.0,7.835998219504365,0.14800136923685958,0.0011714571524585459,0.6507669881097554,0.1524914223836992,-0.032574827726096586,0.5531057346690972
1779787791.7159476,10.0,10.0,8.049356018770409,0.14792452250159324,0.0010147662235938995,0.6508564040119742,0.15267371767638985,-0.03294839090567621,0.5531057346690972
1779787791.725932,10.0,10.0,8.264654704730763,0.1478659575718821,0.0008554326801383936,0.6509217135079127,0.1528526465229511,-0.033307580251110046,0.5531057346690972
1779787791.7359016,10.0,10.0,8.472804764760676,0.1478247072794032,0.00070171707585442,0.6509586885267665,0.1528526465229511,-0.033307580251110046,0.5531057346690972
1779787791.745899,10.0,10.0,8.661487138993115,0.14779377505334348,0.000545612964035588,0.6509660528777051,0.15303436665958606,-0.03366515503491118,0.5531057346690972
1779787791.7559378,10.0,10.0,8.796206357774729,0.14777244560606104,0.00039198793542292857,0.6509574122638287,0.1532258091195413,-0.03403436101334305,0.5531057346690972
1779787791.7659109,10.0,10.0,8.897881612334594,0.14776119391582665,0.00024180733408754877,0.6509454616212568,0.1534141739691068,-0.03439046640965854,0.5531057346690972
1779787791.7759101,10.0,10.0,8.964655208219508,0.14776440400081828,9.825438728947515e-05,0.650923766961947,0.15361308992407857,-0.034759156011073114,0.5531057346690972
1779787791.785908,10.0,10.0,9.0463396053771,0.14778802275766229,-3.7167176665571615e-05,0.6508848980912169,0.15380642415494108,-0.035110573204351056,0.5531057346690972
1779787791.7959309,10.0,10.0,9.140998789126494,0.1478194637715146,-0.00017022932734137507,0.6508266029622496,0.15400257500054737,-0.03546043505511576,0.5531057346690972
1779787791.8060396,10.0,10.0,9.202846633312092,0.1478600532174221,-0.00030083329217652535,0.6507509618424787,0.15420837093530598,-0.035820579958217386,0.5531057346690972
1779787791.8159153,10.0,10.0,9.22127177774093,0.14791609517354637,-0.0004256295542311131,0.6506449761782644,0.15441341584925256,-0.03617265835490831,0.5531057346690972
1779787791.8259497,10.0,10.0,9.221429947921338,0.1479805350645235,-0.000541871244345736,0.6505198220399006,0.15462647205687338,-0.03653165036762705,0.5531057346690972
1779787791.8358924,10.0,10.0,9.170718779010876,0.14805699804693626,-0.0006488116462841152,0.6503732976108973,0.15483369169379396,-0.036874389047234946,0.5531057346690972
1779787791.8459034,10.0,10.0,9.080823885144884,0.14814461492709607,-0.0007505206845323436,0.6501978927031961,0.15504364034064788,-0.037215441187217625,0.5531057346690972
1779787791.8558848,10.0,10.0,8.953392127835954,0.1482353259638116,-0.0008474364603832982,0.6500060421248571,0.15526125071122787,-0.03756260687450314,0.5531057346690972
1779787791.8659685,10.0,10.0,8.78857119430405,0.1483237256997695,-0.0009484944100329553,0.649809573169619,0.15547877357503675,-0.03790343566962906,0.5531057346690972
1779787791.8758879,10.0,10.0,8.586563677428364,0.14840624756897938,-0.001053594764422073,0.6496141696537431,0.15569686116589798,-0.038239161428851545,0.5531057346690972
1779787791.8859313,10.0,10.0,8.363052015606863,0.14848065213053396,-0.0011652075168114132,0.6494216989995304,0.15591775165705463,-0.03857331291721262,0.5531057346690972
1779787791.8959074,10.0,10.0,8.119802081253582,0.148547388930373,-0.0012713832941341362,0.6492385861155372,0.15614780390843913,-0.03891525035032628,0.5531057346690972
1779787791.9059834,10.0,10.0,7.879185821744965,0.14860390119716824,-0.0013738223024182636,0.6490706557679667,0.15637548059930845,-0.03924777221286656,0.5531057346690972
1779787791.915909,10.0,10.0,7.638533341383166,0.14864945452893877,-0.0014797674053456643,0.6489183345184893,0.15660536111258835,-0.03957778087473754,0.5531057346690972
1779787791.9259129,10.0,10.0,7.436629372538891,0.14867901328840444,-0.0015766028550387747,0.6487817577466864,0.1568415066617118,-0.039910991690531805,0.5531057346690972
1779787791.935981,10.0,10.0,7.260066293301087,0.14867834318778322,-0.001690239108265952,0.6486638579996044,0.15707527527622686,-0.040235261448623,0.5531057346690972
1779787791.9459648,10.0,10.0,7.091864972527066,0.14865669708490606,-0.001805560513869301,0.6485781811736255,0.15731160882399936,-0.04055762469810152,0.5531057346690972
1779787791.9559252,10.0,10.0,6.941100822127615,0.14862500330663184,-0.0019240591839689012,0.6485276547579081,0.15756590713633029,-0.04089855724070196,0.5531057346690972
1779787791.9659755,10.0,10.0,6.792880275713126,0.14857841943091826,-0.00205174358931519,0.6485106657351379,0.15781073745700766,-0.04122117187679511,0.5531057346690972
1779787791.9759152,10.0,10.0,6.688469355897339,0.1485222061080416,-0.0021846710578647074,0.6485182360487285,0.15806520197748314,-0.04155082297547513,0.5531057346690972
1779787791.9858904,10.0,10.0,6.627221319805722,0.14846086923338062,-0.0023224761125817707,0.6485407461495828,0.15831362807312094,-0.04186726104318661,0.5531057346690972
1779787791.9958975,10.0,10.0,6.5930907139720345,0.14838639942415016,-0.0024597038994930193,0.6485714697834911,0.1585632098384987,-0.042179972238811946,0.5531057346690972
1779787792.005917,10.0,10.0,6.545386539439411,0.1482911898973085,-0.002605107419861729,0.6486155291400569,0.1585632098384987,-0.042179972238811946,0.5531057346690972
1779787792.0159197,10.0,10.0,6.50820567795055,0.14817828957971654,-0.0027679019359734313,0.6486709781625715,0.15883119972584128,-0.042510121767719476,0.5531057346690972
1779787792.0259218,10.0,10.0,6.525180117852483,0.14805036420757775,-0.002939666331871654,0.6487489690947736,0.15909312538940917,-0.04282733964836703,0.5531057346690972
1779787792.0359273,10.0,10.0,6.593551384535447,0.14791676428149353,-0.0031218391873656594,0.648846164513172,0.15935341053078556,-0.04313738140696847,0.5531057346690972
1779787792.0459123,10.0,10.0,6.68227617846766,0.1477747854198024,-0.0033203697263976943,0.6489714056819759,0.15961410465065268,-0.04344287343270333,0.5531057346690972
1779787792.0559783,10.0,10.0,6.813427507914421,0.14763882838780268,-0.003527503073706488,0.6491093180825165,0.15987643374656174,-0.04374533493522758,0.5531057346690972
1779787792.065968,10.0,10.0,6.993246316588602,0.14750207478587463,-0.003736149570392441,0.6492608336430864,0.160150548031757,-0.044056229914647256,0.5531057346690972
1779787792.0759623,10.0,10.0,7.177457493023529,0.14736622466163876,-0.003942427115252585,0.6494186642361501,0.16042255626257912,-0.044359671292027635,0.5531057346690972
1779787792.0859063,10.0,10.0,7.346707228816859,0.14723707563029828,-0.004146692922586339,0.6495719774904336,0.16069774323064234,-0.04466166358556644,0.5531057346690972
1779787792.095939,10.0,10.0,7.539032601460968,0.14712538728753102,-0.004346457491909955,0.6497124423839048,0.1609736426492307,-0.04495952752161625,0.5531057346690972
1779787792.1059074,10.0,10.0,7.7879476109531325,0.14702985303633379,-0.004537938144369991,0.6498364502153415,0.161249071462669,-0.04525210654405475,0.5531057346690972
1779787792.1159337,10.0,10.0,8.035891307933204,0.14695161570659865,-0.004733868039660835,0.6499430952865175,0.16153200452002592,-0.04554781434150078,0.5531057346690972
1779787792.1259167,10.0,10.0,8.25559551729165,0.14689395449575726,-0.004941658741450893,0.6500299613407263,0.16181342381343564,-0.04583719358658366,0.5531057346690972
1779787792.1359305,10.0,10.0,8.454353186552574,0.14685927549215425,-0.005159064841963804,0.6500910969807869,0.16209629505996254,-0.04612341321338999,0.5531057346690972
1779787792.1459398,10.0,10.0,8.633084418121376,0.14684496108149186,-0.005370570578050954,0.6501236884307567,0.16238451346097835,-0.04641036189680574,0.5531057346690972
1779787792.155895,10.0,10.0,8.76508502065402,0.14684064502529237,-0.005571588103847002,0.6501313792194933,0.16267556713196973,-0.04669545294054625,0.5531057346690972
1779787792.165967,10.0,10.0,8.891934361518526,0.14683626478530298,-0.005767619954790436,0.6501290863653004,0.16296563589770494,-0.046975010026993086,0.5531057346690972
1779787792.1759639,10.0,10.0,8.997336168860567,0.14684093831430833,-0.005962458939512803,0.6501184177622604,0.16327356655043948,-0.047266907608297146,0.5531057346690972
1779787792.1859062,10.0,10.0,9.100184796213297,0.14686300748213382,-0.006149713307036097,0.6500920413681129,0.1635674425630441,-0.04754090889460931,0.5531057346690972
1779787792.1959012,10.0,10.0,9.186848248446669,0.1468917376758454,-0.006324556124271679,0.6500544749038476,0.16386599771368415,-0.04781480283646314,0.5531057346690972
1779787792.2059026,10.0,10.0,9.212349314859948,0.14694486275213875,-0.006495420545469783,0.6499968424466859,0.1641665971440909,-0.048086120572000506,0.5531057346690972
1779787792.2159324,10.0,10.0,9.216374887190677,0.1470183569346415,-0.006660205279052272,0.6499149463195961,0.1644686202253431,-0.04835432220208641,0.5531057346690972
1779787792.2259042,10.0,10.0,9.187419162131203,0.1471033607193731,-0.006816317702430964,0.6498060563436393,0.16477144567780744,-0.048618901528427697,0.5531057346690972
1779787792.235925,10.0,10.0,9.116734223466784,0.14718962808633712,-0.006960415168389755,0.64966717558,0.16507885329674776,-0.04888313770802971,0.5531057346690972
1779787792.245929,10.0,10.0,8.99930843059906,0.14728057279962184,-0.0070855313711541525,0.6494965701941149,0.1653889103332536,-0.049145306802243965,0.5531057346690972
1779787792.2559695,10.0,10.0,8.831248034880126,0.1473630245554013,-0.007205938541131467,0.6493131720287053,0.16569657948848826,-0.049401231501204956,0.5531057346690972
1779787792.2658997,10.0,10.0,8.588647158910304,0.14744574792567783,-0.007324491836912309,0.6491209927276854,0.16601986218361825,-0.04966570041409146,0.5531057346690972
1779787792.2759194,10.0,10.0,8.331750706683366,0.14752328139481716,-0.007443995579938759,0.6489248238690046,0.16633561204239466,-0.04991969854767435,0.5531057346690972
1779787792.2859569,10.0,10.0,8.084614403563933,0.14759419547637817,-0.007565592478591926,0.6487398209678287,0.1666650422490069,-0.0501802531147552,0.5531057346690972
1779787792.2959235,10.0,10.0,7.843414783925223,0.14766192536645392,-0.007693389522367314,0.648571119389516,0.16698013409922327,-0.05042529818786715,0.5531057346690972
1779787792.3060064,10.0,10.0,7.615627266993954,0.14771612697257036,-0.007823939004964258,0.6484275536622793,0.16698013409922327,-0.05042529818786715,0.5531057346690972
1779787792.316041,10.0,10.0,7.39367375856938,0.14775670415816336,-0.00795282805503438,0.648301722167813,0.1672974900376526,-0.05066806118973835,0.5531057346690972
1779787792.325952,10.0,10.0,7.193793488246534,0.14776852186565662,-0.008073549797622443,0.6481971689602671,0.16762004347125614,-0.05091071828949475,0.5531057346690972
1779787792.3359897,10.0,10.0,7.001739178211791,0.1477524957370915,-0.00820207454061756,0.6481184509556576,0.1679449881542215,-0.0511510884527048,0.5531057346690972
1779787792.3459015,10.0,10.0,6.822534720742401,0.14772160294628472,-0.008344601560974645,0.6480688826991906,0.1682728048323709,-0.051389501532751694,0.5531057346690972
1779787792.355903,10.0,10.0,6.669025482911254,0.1476864591407244,-0.008494301432533335,0.6480549312860592,0.16859873063636355,-0.05162254621530406,0.5531057346690972
1779787792.3659036,10.0,10.0,6.53153532995028,0.14763634758747396,-0.0086561180694249,0.6480644200829772,0.16893583053185302,-0.05185946420313041,0.5531057346690972
1779787792.3759253,10.0,10.0,6.430426904332176,0.1475715365873147,-0.00882583792342143,0.6480857839812518,0.1692652049552563,-0.05208697796879014,0.5531057346690972
1779787792.3859003,10.0,10.0,6.378237466348899,0.14748889020126885,-0.009004648713687557,0.648116545711649,0.16959816791367038,-0.052313043930589886,0.5531057346690972
1779787792.3958967,10.0,10.0,6.339914772605263,0.14738777663539623,-0.009182050769752951,0.6481640078660841,0.1699392254967641,-0.05254057963190904,0.5531057346690972
1779787792.405915,10.0,10.0,6.3023432813743385,0.14727653207254773,-0.009362847247725887,0.6482366044057307,0.17027529505362066,-0.05276086611282909,0.5531057346690972
1779787792.4159997,10.0,10.0,6.3014457411416185,0.14715856275524763,-0.009566776607344106,0.6483340930612407,0.17061806467080098,-0.05298159817595063,0.5531057346690972
1779787792.4259317,10.0,10.0,6.350798081340323,0.1470300981120872,-0.009788764992272525,0.6484552867212366,0.17096773515950348,-0.05320273207876781,0.5531057346690972
1779787792.435961,10.0,10.0,6.407825502775017,0.1468895877491028,-0.010028400234006658,0.6486129504962015,0.1713095268618265,-0.053414998556824814,0.5531057346690972
1779787792.4459047,10.0,10.0,6.469411925324175,0.14673573505234797,-0.010290139307877524,0.6487984889004705,0.1716589507874146,-0.05362809476533498,0.5531057346690972
1779787792.4559207,10.0,10.0,6.581586354248672,0.1465825890720181,-0.010559265672039053,0.6490010752914634,0.17200697582465463,-0.05383646611741276,0.5531057346690972
1779787792.4659493,10.0,10.0,6.77198100196461,0.14642477729654435,-0.010838046991857185,0.6492092846118795,0.1723560304624447,-0.05404162905676328,0.5531057346690972
1779787792.4759467,10.0,10.0,6.976685322648886,0.14626341039176596,-0.01111228525402288,0.6494274497746331,0.17270411499428712,-0.05424246122677991,0.5531057346690972
1779787792.485964,10.0,10.0,7.1789530607049,0.14611708734167084,-0.011387199442168993,0.6496361679616297,0.17307118023066434,-0.05445023374531442,0.5531057346690972
1779787792.495919,10.0,10.0,7.416014349489085,0.1459838572340648,-0.011661943607340006,0.649833866073261,0.17342244056176628,-0.054645258037445146,0.5531057346690972
1779787792.5059664,10.0,10.0,7.683965511974184,0.14587267357099754,-0.011933783213345293,0.6500165837205447,0.1737858297728137,-0.054843156626769314,0.5531057346690972
1779787792.5159419,10.0,10.0,7.963415241707973,0.14579788381988598,-0.012220695573342733,0.6501892081065503,0.17414096025451278,-0.05503281505136545,0.5531057346690972
1779787792.5259557,10.0,10.0,8.22659165935658,0.14574592815970044,-0.01250018633106094,0.6503357576040223,0.17449735169137204,-0.05521947575700575,0.5531057346690972
1779787792.5359328,10.0,10.0,8.466801901898837,0.14570208183003425,-0.01276811382178362,0.6504515568925713,0.17488338678321602,-0.0554175666526709,0.5531057346690972
1779787792.545905,10.0,10.0,8.653154259688687,0.1456700621474949,-0.013030448410081358,0.6505298051120152,0.1752496592638011,-0.05560162877843211,0.5531057346690972
1779787792.5558953,10.0,10.0,8.811930215166187,0.14563942540280483,-0.013281113594023515,0.6505708030126247,0.17561065529672815,-0.0557793812646287,0.5531057346690972
1779787792.565896,10.0,10.0,8.948774454774545,0.14562116694498545,-0.013520369746787157,0.650582696334942,0.17597074351225372,-0.055953111831044955,0.5531057346690972
1779787792.5758977,10.0,10.0,9.051044881453993,0.1456146093426483,-0.013750502965795287,0.6505815541288659,0.1763506195587098,-0.056132564623901815,0.5531057346690972
1779787792.5859113,10.0,10.0,9.139160019358592,0.1456252015225006,-0.01397065849477602,0.6505744160629572,0.1763506195587098,-0.056132564623901815,0.5531057346690972
1779787792.595905,10.0,10.0,9.232291275982549,0.1456598411850066,-0.014182914139054599,0.6505597194763056,0.17671483556005935,-0.05630097441291307,0.5531057346690972
1779787792.6059022,10.0,10.0,9.30542952306748,0.14571480517670443,-0.014384990752077198,0.6505322785649562,0.17709970709094752,-0.056475101644057314,0.5531057346690972
1779787792.6159425,10.0,10.0,9.308874339308183,0.1457875029209681,-0.0145692701433481,0.6504881980886728,0.17746796314318564,-0.05663806448874224,0.5531057346690972
1779787792.6259143,10.0,10.0,9.292716176473979,0.14586967042967436,-0.014730559901354226,0.6504206916013167,0.17785069004996984,-0.05680369281596482,0.5531057346690972
1779787792.6359534,10.0,10.0,9.233041723212756,0.14595926478977875,-0.014877979282438086,0.6503275153113709,0.17821980201233079,-0.05695985771795836,0.5531057346690972
1779787792.6459198,10.0,10.0,9.117354950583078,0.14605184415480518,-0.015010220777602138,0.6502091761365575,0.17859366340982438,-0.05711449407484853,0.5531057346690972
1779787792.6559098,10.0,10.0,8.963114013832588,0.14614231912439077,-0.015134358399972006,0.6500714899438687,0.17897191999613138,-0.05726736095419683,0.5531057346690972
1779787792.665917,10.0,10.0,8.765440587730302,0.1462249689630101,-0.01526024482373511,0.6499219134537475,0.1793466977546309,-0.057415297958447964,0.5531057346690972
1779787792.6758974,10.0,10.0,8.529508434917965,0.14630795144936942,-0.015385042783421296,0.6497654857674297,0.17972304300717865,-0.05756035766607987,0.5531057346690972
1779787792.6859794,10.0,10.0,8.3031668250784,0.14638431588851547,-0.015512873500131107,0.649612127213192,0.18011315406348044,-0.05770706011081433,0.5531057346690972
1779787792.695942,10.0,10.0,8.073446342532224,0.146451571879791,-0.0156334063860192,0.6494709454695533,0.18048772060375562,-0.05784443995257259,0.5531057346690972
1779787792.705893,10.0,10.0,7.823911364700473,0.1465082615444575,-0.015759568076184855,0.6493411003396266,0.18087245738958366,-0.05798203530074389,0.5531057346690972
1779787792.7159333,10.0,10.0,7.599143592979963,0.14655010219598041,-0.0158901562321583,0.6492337507264991,0.18125933864695068,-0.05811683717095262,0.5531057346690972
1779787792.725932,10.0,10.0,7.397767652264456,0.14657948640769664,-0.016017338208474386,0.6491480067464881,0.18163896499073365,-0.058245670049478254,0.5531057346690972
1779787792.7360015,10.0,10.0,7.199041455989602,0.14658664500041893,-0.016138720324180365,0.6490934540643981,0.18201801964114006,-0.0583709358499871,0.5531057346690972
1779787792.745916,10.0,10.0,7.009306171862919,0.14657226675367438,-0.016266057709026,0.6490574452128302,0.18241565942913296,-0.05849875003408464,0.5531057346690972
1779787792.755936,10.0,10.0,6.856893739586336,0.14653949814078213,-0.016401963505677446,0.6490430628208518,0.18280098790516777,-0.05861912410327085,0.5531057346690972
1779787792.7659457,10.0,10.0,6.719524173967258,0.14649066439532005,-0.016547684312389892,0.6490459196521537,0.18320056543215482,-0.05874035680477405,0.5531057346690972
1779787792.7759168,10.0,10.0,6.602301972174773,0.1464348306873736,-0.016689823389623867,0.6490543059632006,0.18358512744573885,-0.05885360499741398,0.5531057346690972
1779787792.785913,10.0,10.0,6.532808743538255,0.14636557593773997,-0.016837303494203325,0.6490740538505765,0.18397100476201927,-0.05896388434927952,0.5531057346690972
1779787792.7959013,10.0,10.0,6.480201210382685,0.14627495746036315,-0.016993403268884735,0.6491178557972047,0.18437498159910162,-0.05907575924827052,0.5531057346690972
1779787792.8059428,10.0,10.0,6.423086877816726,0.1461716136667557,-0.01715364488858786,0.649192010618642,0.184770375646569,-0.05918173805632487,0.5531057346690972
1779787792.8159764,10.0,10.0,6.376370306299141,0.1460633590490525,-0.01731672479766044,0.6492940215467832,0.1851691045491935,-0.059285108478573864,0.5531057346690972
1779787792.825932,10.0,10.0,6.375512807979461,0.14594830366438236,-0.017488830595902845,0.6494244479737572,0.1855603139965094,-0.05938313303565569,0.5531057346690972
1779787792.8359993,10.0,10.0,6.41209501116481,0.14582038723621296,-0.017681953934371282,0.6495893116263607,0.1859490600206855,-0.05947722816756597,0.5531057346690972
1779787792.8459468,10.0,10.0,6.470199504020373,0.14568264564407923,-0.017879869912213086,0.6497887410314961,0.18634954274847412,-0.05957073164319893,0.5531057346690972
1779787792.8559175,10.0,10.0,6.580083117068517,0.1455365134563935,-0.01808183736575139,0.6500169452469877,0.18634954274847412,-0.05957073164319893,0.5531057346690972
1779787792.865894,10.0,10.0,6.75066737627292,0.14538836748912756,-0.01829264200793369,0.6502602325104929,0.18674276672601056,-0.0596591701227607,0.5531057346690972
1779787792.8759782,10.0,10.0,6.987814678305098,0.14524146616845646,-0.018498269928465406,0.6505080694053051,0.18714712160219632,-0.05974664863902216,0.5531057346690972
1779787792.8859565,10.0,10.0,7.2425036198651815,0.14509572452361055,-0.018696323065986307,0.6507641667311787,0.18754285729993525,-0.059828880169221686,0.5531057346690972
1779787792.8959146,10.0,10.0,7.496541695380434,0.14496795059258769,-0.018894281710310195,0.6510110025516888,0.1879355898304008,-0.059907196493974385,0.5531057346690972
1779787792.9059162,10.0,10.0,7.782490185657915,0.14485852174606326,-0.019091597431622274,0.6512495402562681,0.18832925262126637,-0.05998242382003163,0.5531057346690972
1779787792.915928,10.0,10.0,8.076381505182198,0.14478634377671815,-0.019291334362016556,0.6514843103854753,0.1887437731573612,-0.060058109952960036,0.5531057346690972
1779787792.9259157,10.0,10.0,8.35235644919182,0.14473150983959504,-0.01948747334173901,0.6516996332404478,0.18914105632462266,-0.0601272684260044,0.5531057346690972
1779787792.9359493,10.0,10.0,8.601632989939725,0.14468514179818004,-0.01967828140233544,0.6518812139175029,0.189538798937055,-0.06019320672093373,0.5531057346690972
1779787792.9459405,10.0,10.0,8.822053929007302,0.14465224900486767,-0.019865076584492727,0.6520291759599818,0.1899383141010867,-0.06025612801943295,0.5531057346690972
1779787792.9558997,10.0,10.0,9.000854453641386,0.14463284212090133,-0.02004484892480535,0.6521477675086103,0.19033607727982907,-0.060315489510400874,0.5531057346690972
1779787792.9660168,10.0,10.0,9.14035479829762,0.14463604850434933,-0.02021627719665339,0.6522234871498124,0.19073483874009473,-0.060371722824867836,0.5531057346690972
1779787792.976002,10.0,10.0,9.273115696668803,0.14465866313340708,-0.020386424049349667,0.6522597723629162,0.19114282664383897,-0.06042587285379573,0.5531057346690972
1779787792.985969,10.0,10.0,9.376507946587266,0.14468980407942889,-0.020546587882678505,0.6522733528384811,0.19154424164177364,-0.060475820460850344,0.5531057346690972
1779787792.9959004,10.0,10.0,9.444681482404395,0.1447305320858438,-0.020702494693385327,0.6522771582317503,0.19194342473833806,-0.060522224774829055,0.5531057346690972
1779787793.0058987,10.0,10.0,9.508188313823467,0.1447893519105412,-0.020848497074265848,0.6522662858516963,0.19235294002590064,-0.06056645575597543,0.5531057346690972
1779787793.0159109,10.0,10.0,9.574633372642703,0.1448656387098936,-0.020983124387276557,0.652240283459412,0.19275378269735816,-0.06060644896393355,0.5531057346690972
1779787793.0259252,10.0,10.0,9.588428539603429,0.14494948356019224,-0.02110077269702724,0.6522000647175613,0.19315428748229369,-0.060643154771127944,0.5531057346690972
1779787793.0359616,10.0,10.0,9.526810244074321,0.14503812494920043,-0.021208509150764453,0.6521354513315325,0.19357024777265694,-0.06067784175844363,0.5531057346690972
1779787793.045893,10.0,10.0,9.427026285225839,0.14513475735086614,-0.021305829093716783,0.6520510223358649,0.19397786424101401,-0.06070844418770299,0.5531057346690972
1779787793.0559373,10.0,10.0,9.295530577379031,0.145228242673885,-0.021382597202594483,0.6519470380257086,0.19438459149548123,-0.0607356425856342,0.5531057346690972
1779787793.0659149,10.0,10.0,9.099623407135379,0.14531313733577422,-0.021453336438946497,0.6518280989511918,0.19479010951613265,-0.060759446767766206,0.5531057346690972
1779787793.0759106,10.0,10.0,8.862883333909162,0.1453986453134821,-0.021525217506847577,0.6517058017560317,0.1951905877820273,-0.060779712743146475,0.5531057346690972
1779787793.085966,10.0,10.0,8.637641994061228,0.1454824101601148,-0.02159242231893907,0.6515948615674756,0.1955979992650475,-0.06079702738094208,0.5531057346690972
1779787793.0959237,10.0,10.0,8.40147367799293,0.1455656149339426,-0.021656877969446483,0.6514923528489187,0.19600081487456367,-0.060810875684134014,0.5531057346690972
1779787793.1059024,10.0,10.0,8.160325762646407,0.1456451522309757,-0.021725945044943958,0.6514156689267947,0.19640405508339603,-0.06082148370083837,0.5531057346690972
1779787793.1159968,10.0,10.0,7.934602432754773,0.14571752755492276,-0.02179399605342766,0.6513577582194139,0.19681092026007055,-0.06082888854120938,0.5531057346690972
1779787793.1259623,10.0,10.0,7.717535128119044,0.14578491927196652,-0.021860583165906156,0.65132075223753,0.19722231233360593,-0.060833008464231224,0.5531057346690972
1779787793.135922,10.0,10.0,7.51506797458414,0.1458444962257954,-0.02192138146621279,0.6512887429819891,0.1976341724878524,-0.060833742192659544,0.5531057346690972
1779787793.1459033,10.0,10.0,7.3398320014649645,0.14588350628917227,-0.021977449075894058,0.6512612146582767,0.1980401642783552,-0.06083114497301906,0.5531057346690972
1779787793.1558924,10.0,10.0,7.179661248119088,0.14590053502525602,-0.022042276265360684,0.6512343977336329,0.19844165470346736,-0.06082533400416354,0.5531057346690972
1779787793.1659262,10.0,10.0,7.041455779702938,0.14589257456546922,-0.022122668530974256,0.6512194493298055,0.19844165470346736,-0.06082533400416354,0.5531057346690972
1779787793.176015,10.0,10.0,6.9113902769249,0.14585949569111553,-0.02220097266016134,0.6512222555699547,0.19884148559444065,-0.060816341431640226,0.5531057346690972
1779787793.1859019,10.0,10.0,6.782790752350738,0.14580766165116124,-0.022282170617757495,0.6512418287043802,0.19924504236789015,-0.0608040194622913,0.5531057346690972
1779787793.195907,10.0,10.0,6.702179118198435,0.14573716118567892,-0.0223708669309912,0.6512887484617429,0.19965505776859507,-0.060788158463727995,0.5531057346690972
1779787793.2059627,10.0,10.0,6.647547155214784,0.14565944695642422,-0.022467563599316696,0.6513686157189399,0.20005684250561756,-0.060769345175020514,0.5531057346690972
1779787793.2158968,10.0,10.0,6.615445055589133,0.14557970654886523,-0.022570175680436493,0.651480853244935,0.20046983619902448,-0.06074662889274722,0.5531057346690972
1779787793.225924,10.0,10.0,6.609040204890554,0.14549282939588445,-0.022673152498166545,0.6516244580136801,0.20087363942806713,-0.0607211025227917,0.5531057346690972
1779787793.2359498,10.0,10.0,6.621639385014741,0.1453954599462658,-0.022781261615886738,0.6518025976945664,0.20127298369351793,-0.06069262886725212,0.5531057346690972
1779787793.2459195,10.0,10.0,6.651011401656346,0.14528720948733737,-0.022906334108880665,0.6519999388798084,0.201687480325119,-0.060659672601804986,0.5531057346690972
1779787793.2559187,10.0,10.0,6.716766856628211,0.14516501864734013,-0.023036338960883498,0.6522198484181773,0.20208886662908965,-0.06062444943037083,0.5531057346690972
1779787793.2659295,10.0,10.0,6.831673790694538,0.14504326840668832,-0.02316667409516402,0.6524595886155733,0.2024944989959765,-0.06058553855779044,0.5531057346690972
1779787793.275915,10.0,10.0,7.0003713421868685,0.1449233087053084,-0.023289252714466743,0.652707310338652,0.20290567713891608,-0.06054268650900307,0.5531057346690972
1779787793.2860236,10.0,10.0,7.189677476875658,0.1448005057637873,-0.023412168790162564,0.6529598086463461,0.20330488574041478,-0.060497789605399595,0.5531057346690972
1779787793.2959085,10.0,10.0,7.388752567438424,0.14469094237589689,-0.023532348928352067,0.6532190732340958,0.20371858038255658,-0.06044783168052761,0.5531057346690972
1779787793.3059275,10.0,10.0,7.612731675790216,0.14459325253764538,-0.023647808145971068,0.6534677522678636,0.20411877629937325,-0.06039617013790975,0.5531057346690972
1779787793.3159647,10.0,10.0,7.849613128137195,0.14451777508855881,-0.023763457547966892,0.6537096988054875,0.20453392882920746,-0.06033910221674546,0.5531057346690972
1779787793.3259318,10.0,10.0,8.08017352355064,0.14448165424831047,-0.023887481260788802,0.6539465294309516,0.2049312861185841,-0.06028115424152611,0.5531057346690972
1779787793.3359983,10.0,10.0,8.287751657598301,0.14445410375154025,-0.024008878504137108,0.6541592277899745,0.20532887249900234,-0.06021990503157077,0.5531057346690972
1779787793.3459632,10.0,10.0,8.47033932923635,0.14442469380110506,-0.024125012348451557,0.6543387636990797,0.2057350507674033,-0.060153944063101934,0.5531057346690972
1779787793.3559132,10.0,10.0,8.62513179376224,0.1444043092364742,-0.024235705119236665,0.654489399634192,0.20613242909369522,-0.06008608513657419,0.5531057346690972
1779787793.3659399,10.0,10.0,8.737023709866628,0.14439889100358386,-0.024344602828994647,0.6546135203589587,0.20652676120246985,-0.06001548003615773,0.5531057346690972
1779787793.3759491,10.0,10.0,8.825141119687672,0.14442223205186303,-0.024455178924427886,0.6546998114409436,0.20693724485525197,-0.05993851140994227,0.5531057346690972
1779787793.3859746,10.0,10.0,8.92093676944553,0.1444632559572969,-0.024557283983779116,0.6547539050727267,0.20733194012658543,-0.05986114832443329,0.5531057346690972
1779787793.3958983,10.0,10.0,9.003184892170488,0.1445218972493052,-0.024651430009395844,0.6547788167705406,0.20773281525715775,-0.059779190925605484,0.5531057346690972
1779787793.4059005,10.0,10.0,9.068026324602322,0.1445986244272499,-0.02473974028837793,0.6547861308614757,0.20813214930131677,-0.05969414198501014,0.5531057346690972
1779787793.4159017,10.0,10.0,9.11207545797064,0.144675713866061,-0.024813895111669378,0.6547831970108998,0.20852456197339062,-0.05960723772652427,0.5531057346690972
1779787793.4258902,10.0,10.0,9.120462187522968,0.14476358275153206,-0.024883090308527214,0.6547585317277483,0.20891478462711438,-0.05951752815127195,0.5531057346690972
1779787793.4359546,10.0,10.0,9.09716919416499,0.14486176657871994,-0.02494198491366054,0.6547081659977252,0.20931687401457516,-0.05942163894908806,0.5531057346690972
1779787793.445937,10.0,10.0,9.035847976172052,0.14497114484678017,-0.024991680541356143,0.6546346843429832,0.20931687401457516,-0.05942163894908806,0.5531057346690972
1779787793.4559314,10.0,10.0,8.916882200862707,0.14508494129771488,-0.025036452388839357,0.6545422101162316,0.20970701631041608,-0.059325230733689116,0.5531057346690972
1779787793.4659517,10.0,10.0,8.731578968869782,0.14518948435991905,-0.025070879488391734,0.6544297373843523,0.21011570343931193,-0.05922066046949762,0.5531057346690972
1779787793.475931,10.0,10.0,8.502002920347072,0.1452838142041983,-0.025099514016018665,0.6543015519901021,0.2105044013861535,-0.05911778522796816,0.5531057346690972
1779787793.485973,10.0,10.0,8.270059821162876,0.14537401938342331,-0.025126036450677326,0.6541720621045392,0.21089200702632482,-0.05901185766058607,0.5531057346690972
1779787793.495967,10.0,10.0,8.048589443942953,0.145459969866852,-0.025149198434551687,0.654055290936636,0.21129293916513997,-0.05889875385377032,0.5531057346690972
1779787793.505955,10.0,10.0,7.819355090688763,0.14554201388002833,-0.02517702397550264,0.6539528105838324,0.21168353124201142,-0.058785086851641286,0.5531057346690972
1779787793.51598,10.0,10.0,7.611535518831729,0.1456168867188737,-0.025203724484190723,0.6538719010542834,0.21207457190630735,-0.058667823951389676,0.5531057346690972
1779787793.5259023,10.0,10.0,7.41632718205917,0.1456810104103941,-0.02522567740711688,0.653816620002264,0.21245979756595704,-0.05854888957529819,0.5531057346690972
1779787793.535951,10.0,10.0,7.2330214382914,0.14573403844391522,-0.025250748724917883,0.653787770991075,0.2128416446692796,-0.05842762796768726,0.5531057346690972
1779787793.545928,10.0,10.0,7.062109930804228,0.14577307104070406,-0.025269546065264707,0.653776654868691,0.21322203834432912,-0.058303465963281564,0.5531057346690972
1779787793.5559382,10.0,10.0,6.9030720809592045,0.14579136568692644,-0.02529207766661928,0.6537722783036651,0.21361180020281778,-0.05817273797492592,0.5531057346690972
1779787793.5659916,10.0,10.0,6.747498734320061,0.14578713791854384,-0.02530908454151485,0.6537764653584651,0.21399593703347983,-0.05804039380525672,0.5531057346690972
1779787793.575915,10.0,10.0,6.601461718352846,0.1457564734517989,-0.025327978707909597,0.6537985918632704,0.21438028287983002,-0.05790446790280662,0.5531057346690972
1779787793.5859175,10.0,10.0,6.504907141531808,0.14571097035680822,-0.025345979410729073,0.6538419541525127,0.21476203641948716,-0.05776595342382251,0.5531057346690972
1779787793.5959268,10.0,10.0,6.448640699079174,0.1456544011240186,-0.02536269246730536,0.6539160341066621,0.21513534386488323,-0.05762709524590795,0.5531057346690972
1779787793.6059148,10.0,10.0,6.403400559854732,0.1455847863190478,-0.025398478115082126,0.6540240863530413,0.2155101698100842,-0.05748425096712457,0.5531057346690972
1779787793.6159134,10.0,10.0,6.371647413057524,0.14550763965770766,-0.02544178317884721,0.654160086376262,0.215899620521234,-0.0573321679344003,0.5531057346690972
1779787793.625912,10.0,10.0,6.369522305423184,0.1454244352742045,-0.02548308876582255,0.6543333411183614,0.21627396111734026,-0.05718243084039301,0.5531057346690972
1779787793.6359136,10.0,10.0,6.398659056908426,0.14533574892811826,-0.02552333070451423,0.6545394756512636,0.21666160139988733,-0.057023664999991765,0.5531057346690972
1779787793.6459405,10.0,10.0,6.466823536013156,0.1452362091809037,-0.025572653420962644,0.6547745485651543,0.2170316129944201,-0.056868563830362026,0.5531057346690972
1779787793.655937,10.0,10.0,6.561173308540345,0.14512549679696682,-0.025629088105774057,0.6550447687296419,0.2174004406730334,-0.05671046723707424,0.5531057346690972
1779787793.6659372,10.0,10.0,6.692038080061416,0.14501263194900446,-0.025691100717957965,0.6553390347563076,0.21778443268843695,-0.056542127452704455,0.5531057346690972
1779787793.675931,10.0,10.0,6.875774879740625,0.14490292230542917,-0.025743909954707364,0.6556484282254892,0.21815214586950302,-0.056377306540713094,0.5531057346690972
1779787793.6859195,10.0,10.0,7.0786525774091915,0.1447965758358559,-0.0257851507629313,0.6559683813075785,0.21853382508866143,-0.05620244016372153,0.5531057346690972
1779787793.696002,10.0,10.0,7.286761127962435,0.1446991023690025,-0.025823933991404056,0.6562903133376286,0.21889796544005957,-0.05603197438336344,0.5531057346690972
1779787793.7059743,10.0,10.0,7.494965779770797,0.1446109955999486,-0.025859471791945213,0.6566054839287525,0.21926620196114932,-0.05585593977735753,0.5531057346690972
1779787793.715974,10.0,10.0,7.707754629482305,0.14455126895167156,-0.025897149060339766,0.6569123928453776,0.2196311574640999,-0.0556778085035422,0.5531057346690972
1779787793.725907,10.0,10.0,7.924505557480828,0.144525468252629,-0.0259376309331676,0.6572042297771098,0.2196311574640999,-0.0556778085035422,0.5531057346690972
1779787793.7359552,10.0,10.0,8.129710479044817,0.144510149905502,-0.02597505642315533,0.6574645514671711,0.2199923025696733,-0.05549790229319711,0.5531057346690972
1779787793.7458913,10.0,10.0,8.304058618963667,0.14450077260743308,-0.02600798537097266,0.657684606179695,0.22035051338044453,-0.055315842713965474,0.5531057346690972
1779787793.7559278,10.0,10.0,8.460898014059822,0.14450519375248813,-0.026036807821213894,0.6578663937636262,0.22071321861761523,-0.05512778490870047,0.5531057346690972
1779787793.7659392,10.0,10.0,8.602069926358219,0.1445332448101129,-0.026056458518235886,0.6580042140749816,0.22106911371963392,-0.05493957957817654,0.5531057346690972
1779787793.7759557,10.0,10.0,8.735559266593684,0.14458468107308273,-0.026077261582855234,0.6581000742335604,0.2214218421935015,-0.05474940731521228,0.5531057346690972
1779787793.7859437,10.0,10.0,8.864075167823794,0.14465624133404514,-0.026097416792614927,0.6581478662965534,0.22178339629120342,-0.05455066464893652,0.5531057346690972
1779787793.7959676,10.0,10.0,8.957763827972627,0.14473314855840702,-0.02611924412385869,0.6581641513342097,0.22213863943337198,-0.05435158152428338,0.5531057346690972
1779787793.8059578,10.0,10.0,9.027012165301882,0.14481004748620113,-0.02613729344224312,0.6581662586928373,0.22248559907165974,-0.054153445496868624,0.5531057346690972
1779787793.8159063,10.0,10.0,9.065824664299372,0.14489358029124882,-0.02616137821605856,0.6581560217140782,0.22284019849998563,-0.05394712085614781,0.5531057346690972
1779787793.8259087,10.0,10.0,9.073808198955081,0.14498627660068172,-0.026187902205366355,0.6581316338609094,0.22319119873005255,-0.05373902726273746,0.5531057346690972
1779787793.8359315,10.0,10.0,9.005996784678093,0.1450847102180485,-0.026215312487828015,0.6580936368669341,0.22354255916844942,-0.053526814250913296,0.5531057346690972
1779787793.8459277,10.0,10.0,8.894688172964822,0.1451900316895939,-0.026248512426500475,0.6580285003458829,0.2238854013075759,-0.0533159232063597,0.5531057346690972
1779787793.8559182,10.0,10.0,8.753902500099858,0.1452979150652551,-0.0262815189314323,0.6579440657181127,0.22422496466599762,-0.053103271069123825,0.5531057346690972
1779787793.8659415,10.0,10.0,8.576317827965749,0.14538956138244608,-0.026309432043790448,0.6578505179652444,0.2245627750852145,-0.05288792929780584,0.5531057346690972
1779787793.8759015,10.0,10.0,8.365811731823683,0.14547923754270814,-0.02633838166924204,0.6577462476834609,0.2249069709834536,-0.05266457112789155,0.5531057346690972
1779787793.8859596,10.0,10.0,8.16495057318501,0.14556986783751752,-0.02637048854602535,0.6576539204947746,0.22524920086631173,-0.05243847689738339,0.5531057346690972
1779787793.895904,10.0,10.0,7.959493511101593,0.14566080752989985,-0.026398430646793494,0.6575811752205001,0.22558211373029297,-0.052214637006827214,0.5531057346690972
1779787793.9059067,10.0,10.0,7.7465934362890625,0.145745016012345,-0.026423629078616253,0.6575282909436663,0.22592461324330182,-0.05198026971203271,0.5531057346690972
1779787793.9159858,10.0,10.0,7.540084705362408,0.14582323600154193,-0.02644852517005089,0.6574902011497993,0.2262537996975738,-0.05175104545144737,0.5531057346690972
1779787793.9259064,10.0,10.0,7.332301895577131,0.1458893746791204,-0.026468158236372896,0.6574628079818343,0.22658085679439458,-0.05151938750890316,0.5531057346690972
1779787793.9359744,10.0,10.0,7.1273772622603735,0.14593682815152925,-0.02648108802163478,0.6574367633697838,0.22691027854002302,-0.05128204038813275,0.5531057346690972
1779787793.945914,10.0,10.0,6.945887210894249,0.14596574701606116,-0.026493706417989524,0.6574182518314717,0.22724132810519174,-0.05103938995755903,0.5531057346690972
1779787793.9559317,10.0,10.0,6.789015299665025,0.1459768491543912,-0.026500036656058216,0.6574062067303734,0.2275629792314976,-0.05079959090890587,0.5531057346690972
1779787793.9659417,10.0,10.0,6.665518525623721,0.14597247888907441,-0.02650124984077605,0.657407593672929,0.22789514265807237,-0.050547700968836096,0.5531057346690972
1779787793.975984,10.0,10.0,6.57688112252258,0.1459495365529051,-0.026498862226214573,0.6574259797669387,0.22821328339428099,-0.05030231694714177,0.5531057346690972
1779787793.9859705,10.0,10.0,6.521585259777468,0.1459141130556625,-0.026492924179095184,0.6574688824082773,0.22853495008334618,-0.05005002853758696,0.5531057346690972
1779787793.995935,10.0,10.0,6.489870917060757,0.14586509071320633,-0.026484011913055713,0.6575398896452093,0.2288515043599987,-0.0497975627185967,0.5531057346690972
1779787794.0059063,10.0,10.0,6.466029104497731,0.1458149057089524,-0.026473118593513856,0.6576466829334814,0.22916198293771314,-0.04954582888524764,0.5531057346690972
1779787794.0159068,10.0,10.0,6.4546827344278,0.14575752568792696,-0.026461327721794888,0.657782740746365,0.22947048433341105,-0.04929158360371853,0.5531057346690972
1779787794.0259144,10.0,10.0,6.467460411325335,0.14568559241816073,-0.02644497654547173,0.6579486417458075,0.22979083086088056,-0.04902314776605884,0.5531057346690972
1779787794.035916,10.0,10.0,6.501122507856044,0.1455999467604275,-0.026428502143142477,0.6581529517000494,0.22979083086088056,-0.04902314776605884,0.5531057346690972
1779787794.0459056,10.0,10.0,6.545259104922402,0.1455041639159925,-0.026415674603604982,0.6583865758957589,0.23010028862804557,-0.0487594627858947,0.5531057346690972
1779787794.0559056,10.0,10.0,6.62509455564279,0.14540464093056701,-0.026407294085552372,0.6586550566827978,0.23041587459355617,-0.04848603502959494,0.5531057346690972
1779787794.0659375,10.0,10.0,6.770327546999933,0.14530779017745796,-0.026397475775849027,0.6589459772653457,0.23071477072233887,-0.04822276787862345,0.5531057346690972
1779787794.0759375,10.0,10.0,6.956208342354859,0.1452104900891313,-0.02638651285600389,0.6592501191104102,0.23101246575265652,-0.04795631096608488,0.5531057346690972
1779787794.085999,10.0,10.0,7.140924923841918,0.1451152724963393,-0.026374018243861836,0.6595696308505828,0.2313234303501868,-0.04767335029102,0.5531057346690972
1779787794.0959272,10.0,10.0,7.322874160140396,0.1450307595716304,-0.026356797316896923,0.6598975991677857,0.23161940307857512,-0.047399541441106,0.5531057346690972
1779787794.1059308,10.0,10.0,7.517567964972493,0.14495449300828012,-0.02633657998860122,0.6602318795116848,0.23192567081896578,-0.04711149099351943,0.5531057346690972
1779787794.115919,10.0,10.0,7.7177055551275515,0.14488965247118146,-0.026318955742204487,0.660560081441422,0.2322169410449979,-0.04683299059246337,0.5531057346690972
1779787794.1259127,10.0,10.0,7.9197085284733015,0.14485565885794635,-0.02631022796705255,0.6608771369970764,0.23250850099144918,-0.04654965964409153,0.5531057346690972
1779787794.1360085,10.0,10.0,8.116598211585819,0.14483030733750166,-0.026304883448250795,0.661173632088049,0.2327987584527079,-0.046262960740740315,0.5531057346690972
1779787794.145919,10.0,10.0,8.299954924030155,0.14480848250825595,-0.026300375533979008,0.661445764491295,0.2330840103573072,-0.0459765918639498,0.5531057346690972
1779787794.1559062,10.0,10.0,8.465065681128777,0.14479075589907991,-0.026294863170648854,0.6616796690241693,0.2333794144652932,-0.045675088924959834,0.5531057346690972
1779787794.1659262,10.0,10.0,8.61181924692549,0.1447905492006444,-0.026295570290981583,0.6618742097927619,0.23365723416056916,-0.045386828673208944,0.5531057346690972
1779787794.1759336,10.0,10.0,8.767349633614124,0.14480579813610936,-0.026299766046850106,0.662031018551046,0.2339322300110812,-0.04509689191098317,0.5531057346690972
1779787794.185917,10.0,10.0,8.92174469744446,0.14484845428645923,-0.026309103141999267,0.6621427373514549,0.23421620666379359,-0.044792551539365295,0.5531057346690972
1779787794.1959438,10.0,10.0,9.061085805802986,0.14491282824076723,-0.026327382358768546,0.6622146005401515,0.23448950363397233,-0.04449479637535322,0.5531057346690972
1779787794.2059464,10.0,10.0,9.153737347347173,0.14498728686998844,-0.026350229360253875,0.6622486414696588,0.23476401182830697,-0.04419079233551375,0.5531057346690972
1779787794.2159042,10.0,10.0,9.186172215538141,0.14506941522745428,-0.026374045966068564,0.6622527029729858,0.23503545866254,-0.04388518743034911,0.5531057346690972
1779787794.2259064,10.0,10.0,9.189315075199442,0.14515413611267639,-0.02640102484551981,0.66224393767521,0.23529883448901537,-0.043583793181028854,0.5531057346690972
1779787794.2359078,10.0,10.0,9.162032833124824,0.14524074549560828,-0.026425876663980826,0.6622262786548442,0.23556458597113777,-0.04327467532724556,0.5531057346690972
1779787794.2459023,10.0,10.0,9.088825542930525,0.1453376900719048,-0.026453816119154167,0.6621903425783123,0.23582785342845164,-0.042963347419916566,0.5531057346690972
1779787794.2559154,10.0,10.0,8.971804569381124,0.14544616219140896,-0.0264821341193456,0.6621380264822475,0.23608635441892628,-0.04265257310957437,0.5531057346690972
1779787794.2658951,10.0,10.0,8.81514809864053,0.1455534104426311,-0.026512376588875564,0.6620751852140924,0.23634373793619762,-0.042337989516384913,0.5531057346690972
1779787794.275936,10.0,10.0,8.63580135384542,0.14566209462591256,-0.026542453519155074,0.6620053838063811,0.23659895910868683,-0.04202081844775221,0.5531057346690972
1779787794.285909,10.0,10.0,8.449690997373121,0.1457720910687043,-0.02657418768945463,0.6619387939382302,0.23684794276490806,-0.041706226155039244,0.5531057346690972
1779787794.2959645,10.0,10.0,8.267416052337383,0.14587899299964016,-0.02660430776520321,0.6618784515109486,0.2370985413780471,-0.0413842737363771,0.5531057346690972
1779787794.3059843,10.0,10.0,8.08397601261212,0.14598132122532817,-0.02663767610887142,0.6618291185576586,0.23734358746364725,-0.041064130779773694,0.5531057346690972
1779787794.3159873,10.0,10.0,7.891688791467911,0.14607480204287684,-0.026669027990803024,0.6617844162638518,0.23758514235665235,-0.040743230594499226,0.5531057346690972
1779787794.3259377,10.0,10.0,7.702362083220875,0.1461576506697307,-0.02669471815171349,0.661739390888526,0.23758514235665235,-0.040743230594499226,0.5531057346690972
1779787794.3359115,10.0,10.0,7.522203984214112,0.14622544038834387,-0.026716467612738992,0.6617026199931129,0.23782332867015052,-0.04042146701874193,0.5531057346690972
1779787794.345973,10.0,10.0,7.349443064050555,0.1462777596480769,-0.026735692036579207,0.6616708235580075,0.23806136135108524,-0.04009443964206093,0.5531057346690972
1779787794.3559577,10.0,10.0,7.194818271214931,0.1463111372221602,-0.026745540497065182,0.661648185266328,0.2382965333097867,-0.03976578973025442,0.5531057346690972
1779787794.3659396,10.0,10.0,7.040150352299878,0.14632155519209764,-0.026748697560462234,0.6616298370474228,0.23852767378876732,-0.03943721057727244,0.5531057346690972
1779787794.3759568,10.0,10.0,6.917751157366835,0.14631252279232035,-0.026745783612697083,0.6616199162413575,0.2387558299399658,-0.03910727624340117,0.5531057346690972
1779787794.3859107,10.0,10.0,6.815682051441893,0.14628926456026964,-0.026738272622378798,0.6616256248183624,0.2389884505735768,-0.038764955263338424,0.5531057346690972
1779787794.3959193,10.0,10.0,6.7457187748383065,0.14625322295176077,-0.026727522387435337,0.661663570843439,0.23921011058387345,-0.03843298956914585,0.5531057346690972
1779787794.405917,10.0,10.0,6.7102415216191185,0.14621086158459368,-0.02671579273666928,0.6617340261184977,0.23942949546651798,-0.038098677498418276,0.5531057346690972
1779787794.4159262,10.0,10.0,6.689606738662628,0.14615694104503044,-0.02669943195814236,0.6618381716380436,0.239656526408753,-0.03774645916816483,0.5531057346690972
1779787794.425909,10.0,10.0,6.684510228268522,0.14609332159033986,-0.02668173326047096,0.6619752478726777,0.23987220450881494,-0.037405733375611594,0.5531057346690972
1779787794.4359086,10.0,10.0,6.702732689057484,0.14602088143503464,-0.026660931759944727,0.6621486481164258,0.24008684315865397,-0.03706049493524037,0.5531057346690972
1779787794.4459097,10.0,10.0,6.737630108551289,0.14593999784166023,-0.026639749009401765,0.6623682036661666,0.240297611435138,-0.03671526900861134,0.5531057346690972
1779787794.455948,10.0,10.0,6.784029966848997,0.14584881181169462,-0.02661837993190485,0.6626253598895386,0.24050450370172305,-0.036370161426349565,0.5531057346690972
1779787794.4659753,10.0,10.0,6.867334437223991,0.14575805224940266,-0.026596160149273736,0.6629151377011752,0.2407089801283026,-0.03602276894882886,0.5531057346690972
1779787794.4759955,10.0,10.0,6.995952646896419,0.14566785212357383,-0.026573407942203347,0.6632195452429979,0.24091979771245223,-0.03565775074890756,0.5531057346690972
1779787794.4859457,10.0,10.0,7.161362906338592,0.14557962178561865,-0.026545015252698825,0.6635347936339484,0.2411181277824389,-0.03530772707664746,0.5531057346690972
1779787794.4959316,10.0,10.0,7.324766482342058,0.14549304860254145,-0.026519457103826617,0.6638539752110572,0.24131670105935832,-0.03495055158460263,0.5531057346690972
1779787794.5059268,10.0,10.0,7.506223650528461,0.1454146803865266,-0.026496029299862944,0.6641577074297719,0.24150924769198517,-0.0345975061325592,0.5531057346690972
1779787794.5159452,10.0,10.0,7.696141978434152,0.14534400387368063,-0.026473610680989957,0.6644477209482814,0.24169894424482136,-0.034242931831733145,0.5531057346690972
1779787794.525978,10.0,10.0,7.878454590947987,0.14528548043598521,-0.026457716123330834,0.6647195992595758,0.24189020296968314,-0.03387833454096689,0.5531057346690972
1779787794.5359702,10.0,10.0,8.050846722148776,0.1452575652048856,-0.026450215728307774,0.6649897987712594,0.2420736812041544,-0.033521548544229535,0.5531057346690972
1779787794.5459218,10.0,10.0,8.21268212872479,0.14524896057513095,-0.02644794385483424,0.6652424161440694,0.24226010448602553,-0.03315165013442471,0.5531057346690972
1779787794.5559134,10.0,10.0,8.356344721940962,0.14524228268003497,-0.026449692435731528,0.6654576409010906,0.24243830721195303,-0.032790758987760314,0.5531057346690972
1779787794.5659533,10.0,10.0,8.473314124771747,0.14523718656666215,-0.02644867515684877,0.665635478862848,0.24261701066687613,-0.03242131913467332,0.5531057346690972
1779787794.5759323,10.0,10.0,8.596023673398928,0.145246085315126,-0.026451438785474905,0.6657668329988414,0.24279821175019223,-0.03203860750651745,0.5531057346690972
1779787794.58594,10.0,10.0,8.723719414162877,0.14526660605184197,-0.02645902577417773,0.6658559331763046,0.24296791221820815,-0.03167238505793634,0.5531057346690972
1779787794.5960023,10.0,10.0,8.827360084643292,0.14531029056535522,-0.02646614208153646,0.6659023419194805,0.2431356688216726,-0.03130253595391494,0.5531057346690972
1779787794.6060226,10.0,10.0,8.905178127851919,0.14536734536037685,-0.026477398985628293,0.6659120422616678,0.24330080491170902,-0.030930450226758974,0.5531057346690972
1779787794.6159544,10.0,10.0,8.962906100508704,0.1454285349501961,-0.026486162083379238,0.6659009079532742,0.24330080491170902,-0.030930450226758974,0.5531057346690972
1779787794.6259274,10.0,10.0,8.983124406280194,0.1454987153709402,-0.02648677295995987,0.6658840497819013,0.243462364937785,-0.03055829307097283,0.5531057346690972
1779787794.6359973,10.0,10.0,8.977567944512026,0.14558789727340626,-0.026490583623604156,0.6658525414203553,0.24362380504375564,-0.030177914275469793,0.5531057346690972
1779787794.6459067,10.0,10.0,8.945177808321274,0.1456947472716814,-0.02649608190202275,0.6658049591999319,0.24378038496503718,-0.02980038850894213,0.5531057346690972
1779787794.6559381,10.0,10.0,8.861482197815478,0.14580819215716195,-0.02650482634555429,0.6657354501211705,0.24393122731039832,-0.029428202601977586,0.5531057346690972
1779787794.6659203,10.0,10.0,8.734801596774691,0.14592240055193575,-0.026509095676842967,0.6656450338304241,0.24408327727723023,-0.02904407625338676,0.5531057346690972
1779787794.6759303,10.0,10.0,8.572930710227686,0.14604319593761625,-0.02651738907613332,0.6655425972355259,0.244230264948116,-0.028663641605797662,0.5531057346690972
1779787794.6859288,10.0,10.0,8.396797469258601,0.14616474693383819,-0.026528928314515726,0.6654358569818167,0.24437708817036335,-0.02827411370263909,0.5531057346690972
1779787794.695909,10.0,10.0,8.215662482170504,0.1462841571765446,-0.026534964579210764,0.665330795714174,0.24451608625732474,-0.02789598991749205,0.5531057346690972
1779787794.705938,10.0,10.0,8.035148654980546,0.14639887390135073,-0.026543688366514898,0.6652399846191612,0.24465345858323617,-0.02751273079967828,0.5531057346690972
1779787794.7159562,10.0,10.0,7.8320682386205815,0.14650246604384623,-0.026555356711291427,0.6651701060029251,0.24478741020259415,-0.027129222794435758,0.5531057346690972
1779787794.725911,10.0,10.0,7.640354880142633,0.14659485510901674,-0.026571790173967585,0.665116665560505,0.24491679367515273,-0.02674895209866977,0.5531057346690972
1779787794.7359345,10.0,10.0,7.459610739012827,0.14667205295151,-0.026590441728328286,0.6650761361491504,0.24504543755979286,-0.02636055594410578,0.5531057346690972
1779787794.7459927,10.0,10.0,7.272266074280688,0.1467260134847027,-0.026608761724845297,0.6650453200991923,0.245169487947074,-0.025975561369055787,0.5531057346690972
1779787794.7559566,10.0,10.0,7.084572049183187,0.14675429789880923,-0.026619925580195204,0.6650139912038909,0.24528950706578154,-0.02559253060908808,0.5531057346690972
1779787794.7659829,10.0,10.0,6.915729487351556,0.1467542796952429,-0.02662467545822563,0.664988967803543,0.2454059927961521,-0.025210063179371467,0.5531057346690972
1779787794.7759693,10.0,10.0,6.76235708539716,0.14674305963651219,-0.026621582880911654,0.6649769701355858,0.2455193714716527,-0.024826831070273767,0.5531057346690972
1779787794.7859335,10.0,10.0,6.654081240454798,0.14671613917441528,-0.026615419336671386,0.6649831065307016,0.24563173140925643,-0.024435462263443095,0.5531057346690972
1779787794.7959442,10.0,10.0,6.579308509789237,0.14667889093856532,-0.02660910033941573,0.6650201463444155,0.24573980590894168,-0.024047186864635375,0.5531057346690972
1779787794.8059275,10.0,10.0,6.531108511401017,0.14663389792401402,-0.026595225922297152,0.6650878651048412,0.24584415090603934,-0.02366029962309807,0.5531057346690972
1779787794.8159585,10.0,10.0,6.508623543516118,0.14657458838553622,-0.0265793683619952,0.6651873559664827,0.2459493304761209,-0.023257244571479374,0.5531057346690972
1779787794.8259084,10.0,10.0,6.496721309845105,0.1465166295339292,-0.026558877053460078,0.6653224594970089,0.24604716470812027,-0.022869402378393015,0.5531057346690972
1779787794.8359396,10.0,10.0,6.519330865506417,0.14645080121023618,-0.026536831848868597,0.6654876813495503,0.24614192909470456,-0.022480639935981192,0.5531057346690972
1779787794.845913,10.0,10.0,6.548974542615931,0.14636472267427708,-0.026511875561178837,0.665686862804931,0.24623750376860498,-0.022074134468447474,0.5531057346690972
1779787794.8559077,10.0,10.0,6.588836996773106,0.14626352900354422,-0.026483955378903516,0.6659148195522875,0.2463257923735414,-0.021684347818296056,0.5531057346690972
1779787794.865989,10.0,10.0,6.678667295172333,0.14615598746426467,-0.026454020914716245,0.6661698753728199,0.24641090771534024,-0.02129412416603462,0.5531057346690972
1779787794.8759396,10.0,10.0,6.813753429213675,0.14604504617973707,-0.026425735242321363,0.6664430842355386,0.2464943043968172,-0.02089641583803245,0.5531057346690972
1779787794.8859859,10.0,10.0,6.98955570196747,0.14593378400589813,-0.02639414532855423,0.666722926907856,0.24657464921578706,-0.020497113348329918,0.5531057346690972
1779787794.895971,10.0,10.0,7.184941377461234,0.14582967215615442,-0.02636271319823005,0.6670025165177383,0.24665094422285483,-0.020101382344754073,0.5531057346690972
1779787794.9059393,10.0,10.0,7.401003004889033,0.14573363456328686,-0.02632840544531755,0.6672679565785368,0.24672377854126185,-0.01970653841134541,0.5531057346690972
1779787794.9159102,10.0,10.0,7.620356926736807,0.1456452893992157,-0.026299475019215292,0.6675204737168507,0.2467948252040847,-0.01930306596015256,0.5531057346690972
1779787794.9259126,10.0,10.0,7.851968842086643,0.1455739608332581,-0.02627486793346806,0.667765351595612,0.2467948252040847,-0.01930306596015256,0.5531057346690972
1779787794.9359097,10.0,10.0,8.070031671428051,0.1455340097052575,-0.026261093206189745,0.667996055812437,0.24686188031970316,-0.01890320446673914,0.5531057346690972
1779787794.9459116,10.0,10.0,8.27485108412528,0.14550733448920422,-0.02625551902502013,0.6682005915590866,0.24692532348970098,-0.018505178599656745,0.5531057346690972
1779787794.9559095,10.0,10.0,8.483479379178993,0.14549001091481176,-0.026251033910055586,0.6683754931090798,0.2469865256194713,-0.018100056918062764,0.5531057346690972
1779787794.965934,10.0,10.0,8.679482499692506,0.14548434234212165,-0.02625006518441221,0.6685149753440719,0.24704344208724324,-0.01770140234961274,0.5531057346690972
1779787794.975987,10.0,10.0,8.844440550803272,0.1454971065835161,-0.026252707674344157,0.6686148721560482,0.2470967594280307,-0.017305264615458074,0.5531057346690972
1779787794.9859746,10.0,10.0,8.990451787539312,0.14552329814768092,-0.02625828029402308,0.668659631923534,0.24714972781415723,-0.01688563413293678,0.5531057346690972
1779787794.9959202,10.0,10.0,9.138934508914152,0.14556407515285036,-0.02626633739651685,0.6686694060192507,0.247196743336552,-0.016486713902704564,0.5531057346690972
1779787795.006,10.0,10.0,9.248127153293412,0.1456137292450476,-0.026275877950836215,0.6686552660782794,0.2472422755229142,-0.016071096163962892,0.5531057346690972
1779787795.0159214,10.0,10.0,9.343852736295908,0.14567764329408597,-0.026282247139168075,0.6686401365428023,0.24728361534039406,-0.015662490952290952,0.5531057346690972
1779787795.025892,10.0,10.0,9.421636420697991,0.14575942372112385,-0.026288714098024534,0.6686186008893,0.24732113580172438,-0.015258760560046198,0.5531057346690972
1779787795.0359516,10.0,10.0,9.4552760773853,0.14585457580329408,-0.02628439316790341,0.6685797908264192,0.24735509834211242,-0.014858241697116498,0.5531057346690972
1779787795.046024,10.0,10.0,9.435008346767223,0.1459553276387428,-0.026275718762414642,0.6685266694849985,0.24738574853068343,-0.014458721211941705,0.5531057346690972
1779787795.0559237,10.0,10.0,9.353307782715788,0.14607151081629094,-0.026267716640618884,0.6684611286875181,0.24741445624798894,-0.014039411629792371,0.5531057346690972
1779787795.0659397,10.0,10.0,9.248539444307628,0.1462065864524889,-0.02625717732435405,0.6683734228492796,0.24743868079972545,-0.013636981054423573,0.5531057346690972
1779787795.075988,10.0,10.0,9.09641797380637,0.1463442079639531,-0.02624616793303548,0.668275378983902,0.24745950489206903,-0.01323758727798232,0.5531057346690972
1779787795.085954,10.0,10.0,8.886450974503434,0.14648824955027215,-0.026237830130458793,0.66817386810715,0.24747772743618346,-0.012823183946758717,0.5531057346690972
1779787795.095959,10.0,10.0,8.656212211233353,0.14663350530134453,-0.026234356633238972,0.6680757225235672,0.24749214608113196,-0.012420196630173283,0.5531057346690972
1779787795.1059403,10.0,10.0,8.409736428799981,0.14677607372248705,-0.026223701916438278,0.6679883866064998,0.24750326702130343,-0.012019098798834414,0.5531057346690972
1779787795.115946,10.0,10.0,8.150921117126714,0.14691319268199549,-0.026212777591604328,0.6679121579049976,0.24751125695171494,-0.011612283654427824,0.5531057346690972
1779787795.1259604,10.0,10.0,7.880540511444297,0.14703843004062658,-0.026206523060156812,0.6678486110626864,0.24751591001915338,-0.011208901674722457,0.5531057346690972
1779787795.1359768,10.0,10.0,7.638874443762108,0.14715055283883932,-0.026205265885574848,0.667783583152188,0.2475173090599254,-0.010806674008105158,0.5531057346690972
1779787795.1459198,10.0,10.0,7.423817506289812,0.14723077866939915,-0.026199484203424054,0.6677182198272895,0.24751532753467353,-0.010387909389378929,0.5531057346690972
1779787795.1559446,10.0,10.0,7.205696812479058,0.1472938485308184,-0.026193257845700504,0.6676555781434126,0.24751011836729692,-0.009985493486899923,0.5531057346690972
1779787795.1659374,10.0,10.0,7.002619541211117,0.1473295172859013,-0.026190414289582072,0.6676015933163578,0.24750151317527053,-0.009576866884845086,0.5531057346690972
1779787795.1759665,10.0,10.0,6.817187728016453,0.1473489134455672,-0.026190809903454085,0.6675664630039114,0.24748956394180674,-0.009168201194114394,0.5531057346690972
1779787795.1859212,10.0,10.0,6.6531963147822255,0.14735058009344154,-0.026187573980477392,0.6675407008812807,0.24747450358376658,-0.00876519443692489,0.5531057346690972
1779787795.1959357,10.0,10.0,6.511477582088424,0.14733169810077992,-0.026183478151170905,0.6675280377395001,0.24745608860597168,-0.008360210085446481,0.5531057346690972
1779787795.2059543,10.0,10.0,6.408082917142558,0.14729633611884602,-0.026179724281982248,0.6675288203753218,0.24743421158665296,-0.007952285262518202,0.5531057346690972
1779787795.2159078,10.0,10.0,6.344448941582253,0.1472499304832079,-0.026170892798214322,0.667551636854767,0.24743421158665296,-0.007952285262518202,0.5531057346690972
1779787795.2259712,10.0,10.0,6.298339826261408,0.1471873405203945,-0.02615816756990743,0.6676141019643418,0.24740925806733466,-0.007548431631914272,0.5531057346690972
1779787795.235984,10.0,10.0,6.256876530364619,0.1471203897681235,-0.026138716129060147,0.6677090716963078,0.2473801475927373,-0.0071327881611745764,0.5531057346690972
1779787795.2460022,10.0,10.0,6.239530727679234,0.14704019700684479,-0.026116103464458175,0.6678351045278349,0.2473490250076975,-0.006734998007784694,0.5531057346690972
1779787795.2559373,10.0,10.0,6.256644050468323,0.14695267065052262,-0.02608743989561405,0.6679889273239632,0.2473146224759802,-0.006336288987094131,0.5531057346690972
1779787795.265916,10.0,10.0,6.2920291034005364,0.14685679511462282,-0.026059047479826264,0.6681839852626806,0.2472742955651086,-0.005910157549366855,0.5531057346690972
1779787795.2759435,10.0,10.0,6.347240665019416,0.14675240085496016,-0.026029685634941974,0.6684212768757876,0.2472309355999152,-0.005490090567223285,0.5531057346690972
1779787795.2859178,10.0,10.0,6.450098582495644,0.1466401906983183,-0.025998860415858513,0.6686935969927956,0.24718621098414778,-0.005089236299593544,0.5531057346690972
1779787795.2959342,10.0,10.0,6.605170038220061,0.14652630779318385,-0.02596587168345005,0.6690008647678234,0.24713783274323042,-0.004685353404633726,0.5531057346690972
1779787795.3059275,10.0,10.0,6.818815943327046,0.14641544227199166,-0.02593069681866967,0.6693272869875776,0.24708580888160836,-0.004279143119257083,0.5531057346690972
1779787795.3159897,10.0,10.0,7.048880672658952,0.146304154040641,-0.025896303844644107,0.6696748771457023,0.24703114795035222,-0.0038782701290408193,0.5531057346690972
1779787795.3259645,10.0,10.0,7.281569938366678,0.14620208854244557,-0.025864340117612464,0.6700241613974512,0.24697190043761807,-0.0034688177355399405,0.5531057346690972
1779787795.3359928,10.0,10.0,7.5340120011240375,0.1461086241645674,-0.025836454242771062,0.6703735677916411,0.24691084765673482,-0.003069918673715588,0.5531057346690972
1779787795.3459446,10.0,10.0,7.806058867595685,0.14602768720268572,-0.025807898010672754,0.6707109226437422,0.24684654582395238,-0.0026713343850069283,0.5531057346690972
1779787795.3559408,10.0,10.0,8.068678473358172,0.1459564533591464,-0.025785903084917645,0.6710283129770369,0.24677802702850096,-0.002267526291616081,0.5531057346690972
1779787795.3659847,10.0,10.0,8.302630095766574,0.145910820570324,-0.02577389505991678,0.6713231941164295,0.24670685455356678,-0.0018678683607929389,0.5531057346690972
1779787795.3759918,10.0,10.0,8.50242209727779,0.14589898183296393,-0.02577051085804275,0.6715931929639333,0.24663304392388002,-0.0014719710461931108,0.5531057346690972
1779787795.3859985,10.0,10.0,8.686351439422179,0.14589318230439094,-0.025766082513328806,0.6718233862705267,0.24655561061699094,-0.0010744880755735806,0.5531057346690972
1779787795.3959146,10.0,10.0,8.860180323075877,0.14588385177559476,-0.025760844276108537,0.6720067702848834,0.2464747953455897,-0.0006768486066164973,0.5531057346690972
1779787795.4059486,10.0,10.0,9.02193687129846,0.145882489842215,-0.025754989949173083,0.6721447136620621,0.24638979577264736,-0.000275433504399172,0.5531057346690972
1779787795.4159174,10.0,10.0,9.181799063072596,0.14589918992823878,-0.025750230699882807,0.6722354266213802,0.2463020315404461,0.00012292619907572876,0.5531057346690972
1779787795.4259512,10.0,10.0,9.334750223196373,0.1459364538094278,-0.025743636382372183,0.6722769416285225,0.246212272509306,0.0005151853317385529,0.5531057346690972
1779787795.4359424,10.0,10.0,9.471539999552798,0.14599196666992575,-0.025735805088070926,0.6722819637764372,0.24611939796009663,0.0009065502896925329,0.5531057346690972
1779787795.445948,10.0,10.0,9.57470508656399,0.14606131575977654,-0.02572289012875764,0.6722628228380723,0.24601965497118256,0.001312032460266949,0.5531057346690972
1779787795.4559617,10.0,10.0,9.625512968174188,0.14613773555744228,-0.025708519296419242,0.6722294847174218,0.2459206581417266,0.00170073389761965,0.5531057346690972
1779787795.465922,10.0,10.0,9.64111938599128,0.14623552744170001,-0.0256885715735584,0.6721790154737195,0.24581888173168323,0.002087374768600679,0.5531057346690972
1779787795.4759302,10.0,10.0,9.617700780007121,0.14634057675827875,-0.025666561306828917,0.6721151482396197,0.2457092023216737,0.0024906151347576407,0.5531057346690972
1779787795.4859648,10.0,10.0,9.524191287171245,0.14645831177741447,-0.025638739854454435,0.6720299568962055,0.2457092023216737,0.0024906151347576407,0.5531057346690972
1779787795.4959812,10.0,10.0,9.389463492084165,0.14659738376954368,-0.02561206867928949,0.6719151923054127,0.24560001190740963,0.002879414023946484,0.5531057346690972
1779787795.5059745,10.0,10.0,9.23791477672367,0.14674086135179815,-0.025581284064468555,0.671783350808761,0.24548406400663175,0.0032796300268025224,0.5531057346690972
1779787795.5159388,10.0,10.0,9.032226050929976,0.14689310760760566,-0.025552062475273224,0.6716480473377413,0.2453691814298687,0.00366436318146845,0.5531057346690972
1779787795.5259535,10.0,10.0,8.799475416897987,0.14704948494340256,-0.025523418653967973,0.671511396244128,0.2452512791949935,0.004047949155701787,0.5531057346690972
1779787795.5359561,10.0,10.0,8.55717334118624,0.14720862430260656,-0.025498968632252934,0.6713796457968745,0.24512564546102233,0.004445094053625011,0.5531057346690972
1779787795.5459366,10.0,10.0,8.32954260667127,0.14736214264750525,-0.025472311508017764,0.6712578355907082,0.24500085106628322,0.00482862237530322,0.5531057346690972
1779787795.5559292,10.0,10.0,8.074898537351801,0.14749399025127022,-0.025446122068779685,0.6711476745600312,0.2448676692486032,0.00522675918888205,0.5531057346690972
1779787795.56591,10.0,10.0,7.826688163743994,0.14760769803554852,-0.025425319426039168,0.6710521876635819,0.24473713878111375,0.005606570762533774,0.5531057346690972
1779787795.575933,10.0,10.0,7.56879523382698,0.1476945356189409,-0.025399522427449202,0.6709746612238087,0.24460176673148634,0.005990346130997023,0.5531057346690972
1779787795.5859356,10.0,10.0,7.328759031184168,0.14777051054681958,-0.025379765023819098,0.6709029080669491,0.2444628622348709,0.0063741348517098485,0.5531057346690972
1779787795.59594,10.0,10.0,7.1001035986332655,0.1478258734778355,-0.025359741517835113,0.6708458626412866,0.24432226989690264,0.006752943987184911,0.5531057346690972
1779787795.605985,10.0,10.0,6.887748952219738,0.14786132754994388,-0.02534802739862163,0.6708001940399081,0.24418005888415883,0.0071268692767112105,0.5531057346690972
1779787795.615943,10.0,10.0,6.683253590122355,0.14786891179201336,-0.025338038904971282,0.6707725309944008,0.24403274509317874,0.007505011600746472,0.5531057346690972
1779787795.6259623,10.0,10.0,6.505893642168455,0.14785304133478602,-0.025323541103262893,0.6707616624627833,0.24388120609779537,0.007884821468819206,0.5531057346690972
1779787795.635993,10.0,10.0,6.355803895251465,0.14780408644882773,-0.025309448970989554,0.6707736834606419,0.2437285449503625,0.008258589965223707,0.5531057346690972
1779787795.645926,10.0,10.0,6.244085965668615,0.14773514598968646,-0.025291745072439628,0.6708151051808238,0.24357042466802864,0.008636899986673996,0.5531057346690972
1779787795.6559246,10.0,10.0,6.175169980053564,0.1476604706539381,-0.025275678853660274,0.6708991120184302,0.24341206175253532,0.009007299510596763,0.5531057346690972
1779787795.6659088,10.0,10.0,6.131642228667152,0.14757937543577843,-0.025249794892937442,0.671024188830618,0.24325132302207653,0.009375046110515182,0.5531057346690972
1779787795.675952,10.0,10.0,6.1067812783607485,0.14749185706661902,-0.025226186235723237,0.6711923752125326,0.24308086424342493,0.009756485832206542,0.5531057346690972
1779787795.6859756,10.0,10.0,6.135382960474783,0.14740696483562873,-0.02520517961536695,0.6713932608664853,0.24291293431564737,0.010124124011407984,0.5531057346690972
1779787795.6959283,10.0,10.0,6.220851009896854,0.14731763415209168,-0.025180260485225963,0.6716335322008742,0.24273747372944746,0.01050007017588257,0.5531057346690972
1779787795.7059555,10.0,10.0,6.318040992443783,0.1472129398978698,-0.02515047008677564,0.6719090238797245,0.2425635255095165,0.010864947266987095,0.5531057346690972
1779787795.715944,10.0,10.0,6.443958811786771,0.14711015493978816,-0.025121323224578735,0.6721982017052129,0.24238761507095952,0.01122640916321645,0.5531057346690972
1779787795.7259169,10.0,10.0,6.638850919084429,0.14700450252114675,-0.025089094593388005,0.6725075771832262,0.2422063449523159,0.01159134661489062,0.5531057346690972
1779787795.736041,10.0,10.0,6.864129456863538,0.14689984073379828,-0.025054121020758,0.6728271641334648,0.24201851315027706,0.0119618114871685,0.5531057346690972
1779787795.7459702,10.0,10.0,7.093040295339599,0.14680232707433538,-0.02501887538808587,0.6731595542398265,0.24183064527575032,0.01232489689823555,0.5531057346690972
1779787795.755961,10.0,10.0,7.339183382807805,0.14671272450689354,-0.024991339959265817,0.6734836267979654,0.2416418768698886,0.012682565898258714,0.5531057346690972
1779787795.76594,10.0,10.0,7.599127276937545,0.1466344795754002,-0.024963586887058797,0.6737993794888391,0.2416418768698886,0.012682565898258714,0.5531057346690972
1779787795.7759404,10.0,10.0,7.845626793141799,0.14656643643443196,-0.024940689996545678,0.6740962248179521,0.2414520147800047,0.013035396140391453,0.5531057346690972
1779787795.785965,10.0,10.0,8.064607385154666,0.14651644634292152,-0.024923340124620268,0.6743803451550996,0.2412571158013606,0.013390694596971151,0.5531057346690972
1779787795.795942,10.0,10.0,8.256908808148454,0.14648804849797986,-0.024914843047907056,0.6746340924627611,0.24105844190967696,0.013745999094349457,0.5531057346690972
1779787795.805938,10.0,10.0,8.445448613739938,0.14647595567965255,-0.02490816076566941,0.6748506833557926,0.2408587476565602,0.014096430957338493,0.5531057346690972
1779787795.815937,10.0,10.0,8.612914665485249,0.14647808328969888,-0.024902141938705373,0.6750215160066116,0.2406510932781659,0.014454009609311598,0.5531057346690972
1779787795.8259506,10.0,10.0,8.780537131238045,0.14648730780154803,-0.024896307651997983,0.6751377132246978,0.24044529108888796,0.014801818910414974,0.5531057346690972
1779787795.8360198,10.0,10.0,8.948150976798221,0.14651532406882933,-0.024888006679413672,0.6751973572629888,0.240238491643445,0.01514498171812527,0.5531057346690972
1779787795.8460171,10.0,10.0,9.119480640653855,0.1465567505308904,-0.02487185184003255,0.6752091440984282,0.2400254357946619,0.015492150022098264,0.5531057346690972
1779787795.855948,10.0,10.0,9.255636647585069,0.14660235894884596,-0.024849691172167603,0.6751913284642199,0.23980948388120785,0.015837689915865795,0.5531057346690972
1779787795.8659534,10.0,10.0,9.368438535018093,0.14666380705853133,-0.02482413243208143,0.6751545832642314,0.23959208813834537,0.01617933261960223,0.5531057346690972
1779787795.8759665,10.0,10.0,9.455846563838104,0.14674267302270572,-0.02479985148323396,0.6751106082873904,0.23936983215841998,0.016522417234643955,0.5531057346690972
1779787795.885975,10.0,10.0,9.484142902689236,0.1468376258425876,-0.02476273432632407,0.6750486371313954,0.23914513525809708,0.016863137378112892,0.5531057346690972
1779787795.895919,10.0,10.0,9.467687520974955,0.14694979633164387,-0.02472576636264197,0.6749604032413486,0.23892241693203864,0.01719499306444673,0.5531057346690972
1779787795.9059598,10.0,10.0,9.396264129695426,0.14707453401254625,-0.024682386806961342,0.6748475966282625,0.238690994180289,0.017533854033538805,0.5531057346690972
1779787795.9159927,10.0,10.0,9.270356828245063,0.14721427443572097,-0.024636973341095394,0.6747056857969804,0.23846012625296115,0.017866057252577217,0.5531057346690972
1779787795.9259155,10.0,10.0,9.110692690106541,0.14736424200874013,-0.024584786896679273,0.6745481240632777,0.23822832485735418,0.018193931976392755,0.5531057346690972
1779787795.9359384,10.0,10.0,8.890946684441136,0.147512516853748,-0.024534938137226077,0.674384911431846,0.2379892682181607,0.018526317454793335,0.5531057346690972
1779787795.9459643,10.0,10.0,8.634931780384262,0.1476684536047295,-0.024487868023131455,0.6742207655842137,0.23774754412450805,0.018856671638344133,0.5531057346690972
1779787795.9559631,10.0,10.0,8.40072521366967,0.1478236999409538,-0.024432903322671083,0.6740617842833468,0.23750740911712356,0.01917932650331587,0.5531057346690972
1779787795.9659126,10.0,10.0,8.160603259740052,0.14796219177564957,-0.024372936697878933,0.673920116347457,0.23725725364322708,0.019509776154744897,0.5531057346690972
1779787795.9759173,10.0,10.0,7.914082403924223,0.14807881566792702,-0.024308534764347852,0.6737860781138727,0.23701083510258417,0.019829812898836986,0.5531057346690972
1779787795.985918,10.0,10.0,7.6790620979746045,0.14817446825072914,-0.024243585525310488,0.673670453591652,0.23675932054387355,0.02015103880338981,0.5531057346690972
1779787795.9959369,10.0,10.0,7.439535558732469,0.14824684842623168,-0.024175654758684616,0.6735774471303758,0.23650600669174732,0.020469188740646252,0.5531057346690972
1779787796.0060399,10.0,10.0,7.199027980324741,0.14830977096070957,-0.024107449538442377,0.6735132455358662,0.23625193053324856,0.02078304192405602,0.5531057346690972
1779787796.0159354,10.0,10.0,6.97970968439687,0.14835680371876017,-0.02404289211192754,0.6734690951766581,0.23598537752935478,0.02110682064559015,0.5531057346690972
1779787796.0259223,10.0,10.0,6.779325219418081,0.14838527263177084,-0.02398478506302296,0.6734352896629814,0.23572527601367216,0.021417506135953862,0.5531057346690972
1779787796.0359972,10.0,10.0,6.59834531337676,0.14838778318227205,-0.02391735963965934,0.6734171554474376,0.23546498090432544,0.021723374874035,0.5531057346690972
1779787796.0459461,10.0,10.0,6.439914623006503,0.14836338609070648,-0.02385281761860537,0.6734159239009034,0.23520022902982068,0.02202944580148119,0.5531057346690972
1779787796.0559564,10.0,10.0,6.311711642749337,0.1483102153704323,-0.023793430355139176,0.6734365122456422,0.23520022902982068,0.02202944580148119,0.5531057346690972
1779787796.0659454,10.0,10.0,6.220508259463232,0.14824053138055085,-0.023739641152684652,0.6734958596493438,0.23493398729354886,0.022332259765908587,0.5531057346690972
1779787796.0759242,10.0,10.0,6.157898301397527,0.1481627044239712,-0.02369293834922379,0.6735911246588312,0.23466243531035008,0.02263610998495169,0.5531057346690972
1779787796.0859885,10.0,10.0,6.116333966379187,0.14807962462314683,-0.023649857305219235,0.6737221438654023,0.2343790056772754,0.022948007940581897,0.5531057346690972
1779787796.095998,10.0,10.0,6.119328500009333,0.1479856827129405,-0.023612989638149406,0.6738871205286053,0.23410651182807654,0.023242957703004455,0.5531057346690972
1779787796.1060135,10.0,10.0,6.152158549351214,0.14788503042988801,-0.023583648155945932,0.6740787613949317,0.2338172085427334,0.023550970167973168,0.5531057346690972
1779787796.1159396,10.0,10.0,6.220996347539372,0.14777622365671514,-0.023550515552838984,0.6742996901885006,0.23353978914420545,0.02384149380816203,0.5531057346690972
1779787796.12593,10.0,10.0,6.338958162768658,0.14766683595528185,-0.023521003048042628,0.6745331902123386,0.2332477100836019,0.024142384226995113,0.5531057346690972
1779787796.136006,10.0,10.0,6.524902462384272,0.14754932665985696,-0.023491794314124768,0.6747861647662693,0.23296471994733248,0.024429155525872964,0.5531057346690972
1779787796.145956,10.0,10.0,6.75407433555879,0.14743199399785162,-0.023458385175358195,0.6750464877322896,0.2326730097387974,0.024719985040367,0.5531057346690972
1779787796.1559505,10.0,10.0,7.012047519715187,0.14732017916361664,-0.02341845882682424,0.6753097561107643,0.23238289087929623,0.025004532497585046,0.5531057346690972
1779787796.1659248,10.0,10.0,7.277710847920199,0.14721664159126308,-0.023380905329544174,0.6755706763485977,0.23209402346635874,0.025283310134747897,0.5531057346690972
1779787796.175943,10.0,10.0,7.540307168751433,0.1471237355487253,-0.02334629496073042,0.6758187604258243,0.2317962950843414,0.025566006206050554,0.5531057346690972
1779787796.1859317,10.0,10.0,7.81369126235615,0.14704898090804172,-0.023315042132449493,0.6760574853408013,0.23149997780252943,0.02584279951320042,0.5531057346690972
1779787796.1959267,10.0,10.0,8.08734938775582,0.14699267177414216,-0.02328685126981348,0.6762738899319864,0.2312032762736162,0.02611549352857001,0.5531057346690972
1779787796.2059991,10.0,10.0,8.341210608560324,0.1469592545526268,-0.02325982459732402,0.6764669565074193,0.23088994772659466,0.02639873440957346,0.5531057346690972
1779787796.2159166,10.0,10.0,8.580711826588722,0.14695111487727486,-0.023240132088472663,0.6766394803552066,0.23058372287408058,0.02667095783419169,0.5531057346690972
1779787796.225948,10.0,10.0,8.797889776582114,0.14695923561867474,-0.023224258544318782,0.6767785790627702,0.23027991226082525,0.026936643045989445,0.5531057346690972
1779787796.23593,10.0,10.0,8.990157588899738,0.1469795912202128,-0.023204339373582815,0.676872185947017,0.22997527156882316,0.027198753955410368,0.5531057346690972
1779787796.2459583,10.0,10.0,9.17242339989286,0.14700790631860994,-0.023183973503337965,0.6769182847857884,0.22967021952303002,0.02745699255076644,0.5531057346690972
1779787796.2560174,10.0,10.0,9.359205402371314,0.14704605645871435,-0.023164795977178573,0.6769200834811558,0.22934548785262496,0.02772733889358131,0.5531057346690972
1779787796.2659929,10.0,10.0,9.523743214643995,0.14709805700079942,-0.02314118820660481,0.6768984558719181,0.22903620073117212,0.02798055071451489,0.5531057346690972
1779787796.27593,10.0,10.0,9.662800929510567,0.14716134128619074,-0.023109633281800903,0.6768713475787127,0.22872420362040746,0.028231837602248122,0.5531057346690972
1779787796.2859297,10.0,10.0,9.755381256659998,0.14724598968084726,-0.02306829721155273,0.676837963639946,0.228403570252487,0.02848582784890745,0.5531057346690972
1779787796.295917,10.0,10.0,9.79160389817878,0.14734795360347924,-0.02301142277770915,0.6767931225506579,0.22808654038564719,0.02873280608640054,0.5531057346690972
1779787796.3059344,10.0,10.0,9.750584452592108,0.14746542789093756,-0.022935619238316714,0.6767386013198945,0.22776909883888768,0.02897604040667659,0.5531057346690972
1779787796.3159378,10.0,10.0,9.6575956645604,0.1475918768999205,-0.022864765270837303,0.6766644911021814,0.22744459765742106,0.029220557215227205,0.5531057346690972
1779787796.3259573,10.0,10.0,9.541874765498859,0.14773035493144826,-0.022785474047969906,0.6765657578336249,0.22711808244731338,0.029462456732616528,0.5531057346690972
1779787796.335949,10.0,10.0,9.387286445747947,0.14787746656390266,-0.02270519781284507,0.6764465718976141,0.22711808244731338,0.029462456732616528,0.5531057346690972
1779787796.3459437,10.0,10.0,9.195843803863992,0.1480183548441009,-0.022627903453802212,0.6763163161728213,0.22678468120362286,0.02970525495224225,0.5531057346690972
1779787796.35592,10.0,10.0,8.958662618254591,0.1481605502965342,-0.022546622900344614,0.6761873768299695,0.22645587118932659,0.029940623706112418,0.5531057346690972
1779787796.366034,10.0,10.0,8.712095969324553,0.1482972963010135,-0.02246745003192375,0.6760614720665564,0.22612643527401005,0.030172441751268958,0.5531057346690972
1779787796.3760195,10.0,10.0,8.466443183719699,0.1484190099440122,-0.022383177567440276,0.675946756641151,0.22579114530867908,0.03040433899281368,0.5531057346690972
1779787796.3859403,10.0,10.0,8.20010596959204,0.1485081269152374,-0.022296987946704896,0.6758371124809499,0.22543698403323276,0.030644937083742115,0.5531057346690972
1779787796.3959596,10.0,10.0,7.951120672028848,0.14858005655679984,-0.022210186901887963,0.6757380198055954,0.2250873499253518,0.030878148952928355,0.5531057346690972
1779787796.4059806,10.0,10.0,7.733593207768568,0.148643231026227,-0.022129449249937438,0.6756676888144892,0.22475088213647235,0.031098601511926248,0.5531057346690972
1779787796.4159355,10.0,10.0,7.5304586640780435,0.1487007787003222,-0.022054622337356538,0.6756173968929778,0.2244115998722946,0.03131701115889528,0.5531057346690972
1779787796.4259233,10.0,10.0,7.333029074757163,0.14874706233402643,-0.021985263975190256,0.675575872840283,0.224066453420813,0.03153525302077954,0.5531057346690972
1779787796.4359465,10.0,10.0,7.127665579395619,0.1487636361729696,-0.021911539979383568,0.6755448570330752,0.22372354739175332,0.03174820035290807,0.5531057346690972
1779787796.445945,10.0,10.0,6.940519017820394,0.14875565190392465,-0.021844915204903084,0.6755197870974043,0.22336267892134656,0.03196819175619586,0.5531057346690972
1779787796.4559457,10.0,10.0,6.793259326593648,0.14872411891329396,-0.021778828901578784,0.6755050639714493,0.22301692584931457,0.0321750728922929,0.5531057346690972
1779787796.4659572,10.0,10.0,6.690153197322629,0.14867714119364903,-0.021719016140468214,0.6755085241777143,0.22267175366291392,0.03237785911579643,0.5531057346690972
1779787796.475962,10.0,10.0,6.630059046907892,0.1486132119545756,-0.02166712543867268,0.6755370215320036,0.22230434542454108,0.032589653988477296,0.5531057346690972
1779787796.4859326,10.0,10.0,6.583715160591112,0.14853580038620645,-0.02161736003118377,0.6755968803028238,0.22194895062025805,0.032790601219838296,0.5531057346690972
1779787796.4959552,10.0,10.0,6.554126446566985,0.14845326789073482,-0.02157840503388797,0.6756890413152099,0.22159495625015974,0.03298697544655461,0.5531057346690972
1779787796.505916,10.0,10.0,6.571933638625535,0.14836897583419262,-0.02153967403498471,0.67581177935983,0.22123652197184884,0.033182019403597995,0.5531057346690972
1779787796.5159936,10.0,10.0,6.62147343019057,0.14826866156512236,-0.021504845924162026,0.6759736801191497,0.22087008800417135,0.03337752319099044,0.5531057346690972
1779787796.5260062,10.0,10.0,6.69811462474654,0.14817005492979482,-0.02147652460790193,0.6761631471140094,0.22051619170232103,0.03356264969503733,0.5531057346690972
1779787796.535997,10.0,10.0,6.834286596585449,0.14806878597293516,-0.02145076969172222,0.6763849050534114,0.22015977522374114,0.03374547814885959,0.5531057346690972
1779787796.5459406,10.0,10.0,7.017616101065625,0.1479753815282171,-0.021424397803214236,0.6766227580268139,0.21979633368798196,0.03392821896379853,0.5531057346690972
1779787796.5559716,10.0,10.0,7.232078122087301,0.14788721632733823,-0.02139777109625278,0.6768657441270879,0.21942950030389174,0.03410893157130258,0.5531057346690972
1779787796.565973,10.0,10.0,7.452628551460921,0.14780141495667815,-0.02137045672045015,0.6771167638893367,0.21906774812438143,0.0342835114168149,0.5531057346690972
1779787796.575971,10.0,10.0,7.694076099588523,0.14772698325765515,-0.0213382295719514,0.6773493394518992,0.21867951683147513,0.034466907952043324,0.5531057346690972
1779787796.5859597,10.0,10.0,7.958284234010863,0.14766389866839333,-0.0213099428536008,0.6775637909211232,0.21867951683147513,0.034466907952043324,0.5531057346690972
1779787796.5959902,10.0,10.0,8.212291283422516,0.14761112587907893,-0.02128016035120668,0.6777619182727421,0.21831439679027545,0.0346356874467782,0.5531057346690972
1779787796.6060038,10.0,10.0,8.44695062472029,0.14757215959188902,-0.021253146905955613,0.6779320667455391,0.21794298865202022,0.034803736392466395,0.5531057346690972
1779787796.6159203,10.0,10.0,8.665762161326812,0.14754849956457886,-0.021217324485648538,0.678065237000753,0.2175708567336478,0.03496847405945211,0.5531057346690972
1779787796.6259272,10.0,10.0,8.845967937494802,0.1475450107231293,-0.02119009257762056,0.6781703565391639,0.2172009856744838,0.03512864040032166,0.5531057346690972
1779787796.635957,10.0,10.0,8.999102086541576,0.14756457821002122,-0.021170463495117597,0.6782326746004035,0.21682571376540888,0.03528754570638387,0.5531057346690972
1779787796.6459472,10.0,10.0,9.147082133964311,0.14759952471951795,-0.021144691457842278,0.6782521285154646,0.21645315425215378,0.03544175249906239,0.5531057346690972
1779787796.6559258,10.0,10.0,9.295824135549033,0.14764234019499112,-0.021108371051173885,0.6782388506364243,0.21608146358227892,0.035592110114135406,0.5531057346690972
1779787796.6659257,10.0,10.0,9.416110875256388,0.1476905906500359,-0.02105809674458086,0.6782093577388112,0.21569305567145725,0.03574554272030182,0.5531057346690972
1779787796.6759748,10.0,10.0,9.505924214844619,0.1477598021414715,-0.0210161349968783,0.6781692423045177,0.21531881622716253,0.03588984762569766,0.5531057346690972
1779787796.6859365,10.0,10.0,9.578611498420376,0.14784266063312526,-0.020970590174894943,0.6781168778943248,0.21494395709796835,0.036030950242186346,0.5531057346690972
1779787796.6959374,10.0,10.0,9.585608381379885,0.14793797794735516,-0.020910679502900695,0.6780485520133165,0.21454924872171197,0.03617583603135786,0.5531057346690972
1779787796.7059326,10.0,10.0,9.538422303351236,0.14805347168604033,-0.020845202732351104,0.677957823778667,0.21416974719036447,0.036311604078823924,0.5531057346690972
1779787796.7159164,10.0,10.0,9.46199596613466,0.14818338775700196,-0.020774577037422606,0.6778397073479572,0.2137766069129704,0.03644862831507436,0.5531057346690972
1779787796.725919,10.0,10.0,9.347672103672322,0.14832219223554693,-0.02069426404973252,0.6777024263112353,0.2133976691522107,0.036577242295216396,0.5531057346690972
1779787796.735997,10.0,10.0,9.181339228020901,0.148468202901881,-0.020613672973110526,0.6775475303168765,0.21301809049026266,0.0367026966930857,0.5531057346690972
1779787796.745958,10.0,10.0,8.970376999369915,0.14861342919817838,-0.020532644474866864,0.677388305036559,0.21263200451546296,0.03682686196371263,0.5531057346690972
1779787796.7559695,10.0,10.0,8.733527449369696,0.14875649752700226,-0.020458696841244742,0.6772268536796487,0.21224162475957364,0.036948908375627566,0.5531057346690972
1779787796.765964,10.0,10.0,8.50286344641575,0.14889262995998526,-0.020379232870988338,0.6770813582147128,0.21185572102329614,0.03706612286767622,0.5531057346690972
1779787796.7759485,10.0,10.0,8.26204332602348,0.14900050983159518,-0.02029218901737976,0.6769480606799868,0.21145345380865924,0.037184701780807294,0.5531057346690972
1779787796.7859173,10.0,10.0,7.998191245914432,0.14908190971555282,-0.020200341590824455,0.6768253843879034,0.21106727726142968,0.03729509965879432,0.5531057346690972
1779787796.7959461,10.0,10.0,7.746359946616827,0.14914993513181235,-0.020104418206831932,0.6767282560918627,0.21068162399826498,0.0374020104553684,0.5531057346690972
1779787796.8059974,10.0,10.0,7.51788081060237,0.14920103611286978,-0.02001072585721211,0.6766533040979946,0.21028406393397991,0.03750875418750482,0.5531057346690972
1779787796.815997,10.0,10.0,7.319629876793882,0.1492375901796063,-0.019919136094822303,0.6765967908877983,0.20989161332599587,0.03761069553306061,0.5531057346690972
1779787796.8259187,10.0,10.0,7.140512911823094,0.14925683677391147,-0.0198227371329188,0.6765428156321763,0.2094953102459351,0.037710200860792104,0.5531057346690972
1779787796.8359528,10.0,10.0,6.968476461222734,0.14924497968846293,-0.01972749798844787,0.6764969006225805,0.2091053683151301,0.037804758716500436,0.5531057346690972
1779787796.8459322,10.0,10.0,6.801570471549236,0.1492099314247238,-0.01963297628187023,0.6764585775230411,0.20871161555487824,0.03789688841171466,0.5531057346690972
1779787796.85593,10.0,10.0,6.683667002057481,0.14915696365922926,-0.019541711030677828,0.6764400284110655,0.20831907169671288,0.037985401091072596,0.5531057346690972
1779787796.8659525,10.0,10.0,6.607078856679516,0.14909211176714404,-0.019455073463578054,0.6764478244300177,0.20792606646277334,0.038070701033232186,0.5531057346690972
1779787796.875994,10.0,10.0,6.546272137008778,0.14901371221139895,-0.019371449192934345,0.6764906242184989,0.20752020805227112,0.03815532577699702,0.5531057346690972
1779787796.8859372,10.0,10.0,6.510977985828142,0.14892871311373135,-0.019288659647980898,0.6765741083273333,0.20752020805227112,0.03815532577699702,0.5531057346690972
1779787796.8959641,10.0,10.0,6.502816688100011,0.1488435408329315,-0.019218173782669302,0.6766870446290104,0.20712643142074155,0.038234083405217126,0.5531057346690972
1779787796.905974,10.0,10.0,6.539709120318099,0.14875704828887742,-0.019147318896244207,0.6768300730012509,0.20671925200076854,0.03831207105970427,0.5531057346690972
1779787796.915954,10.0,10.0,6.63386295026825,0.14866199997689647,-0.019084823732312548,0.6769893169967672,0.20632627521958288,0.03838402699543214,0.5531057346690972
1779787796.9259226,10.0,10.0,6.771059964379151,0.14856059695894658,-0.019032349671680802,0.6771760268651845,0.2059313790344513,0.03845307237691907,0.5531057346690972
1779787796.9359968,10.0,10.0,6.942704352666956,0.1484774098959463,-0.01898756373300484,0.6773652539490811,0.20551974397630918,0.03852157843803637,0.5531057346690972
1779787796.9459567,10.0,10.0,7.180723293705705,0.14839868555712618,-0.018946135519702985,0.6775541218876273,0.2051264711472764,0.03858373719147112,0.5531057346690972
1779787796.955993,10.0,10.0,7.442386933710596,0.14831976702468497,-0.018906108162277262,0.6777310972298554,0.20472858384918086,0.03864336473662844,0.5531057346690972
1779787796.9659708,10.0,10.0,7.694924651295825,0.14824918856574876,-0.018868313280339766,0.6778956441022068,0.20431641717518734,0.03870168655269764,0.5531057346690972
1779787796.975973,10.0,10.0,7.955131340661739,0.1481897078155931,-0.01882600913796318,0.6780350982464881,0.20391920998831045,0.0387545852274711,0.5531057346690972
1779787796.9859755,10.0,10.0,8.206362263455523,0.1481453943867381,-0.018783628659445654,0.6781512727766545,0.2035199784221184,0.0388044940049662,0.5531057346690972
1779787796.995936,10.0,10.0,8.45726779514754,0.14811721807654257,-0.018746477892007493,0.6782374439395735,0.20311505267914876,0.03885178668393473,0.5531057346690972
1779787797.0059297,10.0,10.0,8.684404836541017,0.14810870975733983,-0.018711001430390076,0.6782903757272565,0.2027149409888328,0.038895234449904864,0.5531057346690972
1779787797.0160012,10.0,10.0,8.8775897397481,0.14811730086690547,-0.01867559488330118,0.6783143450872715,0.20231262284376222,0.03893564040657926,0.5531057346690972
1779787797.0259979,10.0,10.0,9.032971065602071,0.14813846300348907,-0.018636429418537846,0.6783125330668027,0.20189332573620805,0.03897425856917045,0.5531057346690972
1779787797.035953,10.0,10.0,9.15033660551152,0.14816966790876315,-0.01858755076323977,0.6782882065496746,0.20149187832332618,0.039007899492604116,0.5531057346690972
1779787797.0459552,10.0,10.0,9.241981331172566,0.14821718359131292,-0.018540747063594265,0.6782485595694496,0.20107670769361036,0.03903926767606702,0.5531057346690972
1779787797.0559464,10.0,10.0,9.327842142529239,0.1482825307184553,-0.018488336740531956,0.6781893320882765,0.20067733772938975,0.03906616399513513,0.5531057346690972
1779787797.0659354,10.0,10.0,9.416568952623779,0.14836339906331636,-0.01843145136563737,0.6781027874575412,0.20027804022579399,0.03908984711934742,0.5531057346690972
1779787797.0759785,10.0,10.0,9.473873355960343,0.1484546722870556,-0.01836747637980243,0.6779909556476188,0.19985899317245934,0.0391112566543865,0.5531057346690972
1779787797.0860467,10.0,10.0,9.47942529888324,0.1485665752924708,-0.018295974269913157,0.6778518751827484,0.19945595329185994,0.039128523990678274,0.5531057346690972
1779787797.0959692,10.0,10.0,9.459471334991356,0.1486927359176337,-0.018210207160659495,0.6776848998369696,0.1990492155696957,0.03914264859539152,0.5531057346690972
1779787797.105914,10.0,10.0,9.387203404501262,0.1488265245001358,-0.018117119851143188,0.6774936944425168,0.19864436510496886,0.0391534172534665,0.5531057346690972
1779787797.1160016,10.0,10.0,9.245106613067694,0.14897358799524227,-0.0180179574290801,0.6772814719852873,0.19824344600376784,0.03916084833467669,0.5531057346690972
1779787797.1259634,10.0,10.0,9.061885873649194,0.14912763654004788,-0.01791801575884165,0.6770546308769473,0.19784099182369932,0.039165073585462756,0.5531057346690972
1779787797.1359532,10.0,10.0,8.831451183286923,0.1492797294243276,-0.017820346610819618,0.6768261850892761,0.19741498967597784,0.03916601654602488,0.5531057346690972
1779787797.1459942,10.0,10.0,8.56156238740047,0.1494271128707661,-0.017719029398911828,0.6766118410256148,0.1969943671755586,0.03916338641950003,0.5531057346690972
1779787797.1559608,10.0,10.0,8.271241396512355,0.14956550783406597,-0.01761095906116847,0.6764106719683777,0.19659506121027673,0.039157614982804095,0.5531057346690972
1779787797.1659524,10.0,10.0,7.964381491436979,0.14967770031895858,-0.017498578749047512,0.6762266737341374,0.19659506121027673,0.039157614982804095,0.5531057346690972
1779787797.17599,10.0,10.0,7.6540042690739565,0.14975475335677618,-0.01737453409602043,0.6760587529024751,0.19619423138582934,0.03914861264717173,0.5531057346690972
1779787797.1859481,10.0,10.0,7.364284919901282,0.14980957928406058,-0.01724440619524018,0.6759146073064837,0.1957883527996946,0.039136219159073116,0.5531057346690972
1779787797.195969,10.0,10.0,7.115086160003613,0.14984352595123487,-0.01710814705420204,0.6758012341603439,0.19537868567954747,0.03912036289938398,0.5531057346690972
1779787797.2059543,10.0,10.0,6.8998386547214166,0.14985847009449502,-0.01697001576639743,0.6757122960875787,0.19497688868821433,0.03910154181612338,0.5531057346690972
1779787797.2160084,10.0,10.0,6.71907919884682,0.14986043421148584,-0.01684145610319306,0.6756411936172891,0.19457207315790745,0.03907930129565381,0.5531057346690972
1779787797.2259476,10.0,10.0,6.554275569956405,0.14984418133289307,-0.01671375944652582,0.6755757124531706,0.1941661416646117,0.039053691123348194,0.5531057346690972
1779787797.2359393,10.0,10.0,6.400097660686109,0.14979944602367978,-0.016586482386004197,0.6755186879175509,0.19376386449413133,0.03902503819287406,0.5531057346690972
1779787797.2459311,10.0,10.0,6.286427231441657,0.14973685229738803,-0.01645982268615773,0.675479930824189,0.19334742210631942,0.03899193766533465,0.5531057346690972
1779787797.2559807,10.0,10.0,6.215070497870839,0.14965717320817987,-0.016343212901087364,0.6754678278803631,0.19294646893940917,0.03895675644697257,0.5531057346690972
1779787797.265957,10.0,10.0,6.167512908950034,0.14956426816663357,-0.016234877398221922,0.6754866742383431,0.1925487670054081,0.038918643966850824,0.5531057346690972
1779787797.2759912,10.0,10.0,6.145152198801747,0.14946201211937366,-0.0161295056027088,0.675544760430358,0.1921263340172178,0.0388746447512467,0.5531057346690972
1779787797.285946,10.0,10.0,6.146854648133397,0.1493601909062246,-0.016035145142220156,0.6756363943501404,0.19172668113016605,0.03882967471577802,0.5531057346690972
1779787797.295976,10.0,10.0,6.2084740684911335,0.1492562512014744,-0.015950272115991072,0.6757574526101743,0.19131393906859578,0.038779809979119895,0.5531057346690972
1779787797.3059428,10.0,10.0,6.308988038182578,0.14914859187664953,-0.015874392387372382,0.6759121610429057,0.19091428626770526,0.03872820345654888,0.5531057346690972
1779787797.3159437,10.0,10.0,6.446435422906006,0.14904226018199837,-0.015811608753314423,0.676088225782361,0.19049928477208541,0.03867114353658526,0.5531057346690972
1779787797.3259778,10.0,10.0,6.655017034907807,0.14896184574529803,-0.01575729505877627,0.6762759827105829,0.19010308551606867,0.038613357571929734,0.5531057346690972
1779787797.3360064,10.0,10.0,6.914130285261611,0.14888808937644527,-0.0157136652402806,0.6764684481339543,0.18970682041471515,0.03855231519012987,0.5531057346690972
1779787797.3459513,10.0,10.0,7.16712480936907,0.1488147594690351,-0.015676888893959746,0.6766524981946251,0.18930104436034267,0.03848643018200775,0.5531057346690972
1779787797.3559265,10.0,10.0,7.436833593964031,0.14875164766511292,-0.015642223149164455,0.6768114870401483,0.1889026404775542,0.03841840402024852,0.5531057346690972
1779787797.3659244,10.0,10.0,7.725902728302599,0.1487054374683964,-0.015606840085399852,0.6769411438747505,0.18850955196652852,0.03834803031412592,0.5531057346690972
1779787797.3760052,10.0,10.0,8.014878616780383,0.14866863704240685,-0.015574478908826123,0.6770472013832805,0.18810475521990816,0.038272166613702446,0.5531057346690972
1779787797.3859437,10.0,10.0,8.287121805070935,0.148646223799053,-0.0155484420319189,0.6771239064282867,0.1877031999958239,0.038193492364375886,0.5531057346690972
1779787797.3959363,10.0,10.0,8.526017463235348,0.1486378484074333,-0.015526985333408502,0.677169814224446,0.18730868600309936,0.03811286643854404,0.5531057346690972
1779787797.405933,10.0,10.0,8.716283823058582,0.14864582961416065,-0.015502112564246301,0.6771771188871835,0.1868952885062979,0.038024820808084496,0.5531057346690972
1779787797.4159677,10.0,10.0,8.872203445226582,0.14866340831813987,-0.01547727567218966,0.677156344426763,0.1865027401267816,0.0379378252242792,0.5531057346690972
1779787797.425975,10.0,10.0,8.998170237452669,0.148694084844878,-0.01545348189148628,0.6771206978982716,0.18609107479285794,0.037843025442004755,0.5531057346690972
1779787797.4359848,10.0,10.0,9.114871140836268,0.14874150108586187,-0.01542606331822353,0.6770692508121492,0.18609107479285794,0.037843025442004755,0.5531057346690972
1779787797.4459212,10.0,10.0,9.231566365631485,0.1488063132069232,-0.0153922230401812,0.6769917117795542,0.18569692113935654,0.03774881626392257,0.5531057346690972
1779787797.4559329,10.0,10.0,9.328897398350634,0.1488841007048157,-0.015357221541285472,0.6768854146965859,0.18530017472902402,0.03765056667609392,0.5531057346690972
1779787797.4659936,10.0,10.0,9.381414820751218,0.14897505727691426,-0.015326082974960986,0.6767500830317084,0.1849091199796004,0.03755034783119893,0.5531057346690972
1779787797.4759963,10.0,10.0,9.38041017816554,0.14907674729486967,-0.015289753933502764,0.676582872540061,0.18451651184746623,0.03744633541454539,0.5531057346690972
1779787797.4860725,10.0,10.0,9.353376491224804,0.14919430685146792,-0.015245075087338378,0.6763811150961906,0.18412755459892927,0.03733991368582493,0.5531057346690972
1779787797.4959621,10.0,10.0,9.277083285025201,0.14931833802074979,-0.015195815266988886,0.676157666556824,0.18373979660015055,0.03723045258682439,0.5531057346690972
1779787797.5059767,10.0,10.0,9.135780534663082,0.14945055279992514,-0.01514531553530507,0.6759098083481708,0.18335246007254258,0.037117730648076774,0.5531057346690972
1779787797.5159628,10.0,10.0,8.957820965334978,0.14958774697491242,-0.015090262420801153,0.6756473980648751,0.18295285005822265,0.03699787136195883,0.5531057346690972
1779787797.5259445,10.0,10.0,8.725321343102529,0.1497140442457774,-0.015033416628901737,0.6753931631448375,0.18256579553678992,0.03687830022374387,0.5531057346690972
1779787797.5359423,10.0,10.0,8.44696917575966,0.14983687941557397,-0.014977243386126458,0.6751451375409893,0.18216451189038893,0.03675069219674049,0.5531057346690972
1779787797.5459335,10.0,10.0,8.166288632495775,0.14994301836328425,-0.014920158631611023,0.6749148546346316,0.18177911396903268,0.036624618726107415,0.5531057346690972
1779787797.5559418,10.0,10.0,7.865532502532226,0.15001481351339876,-0.014850423413831462,0.6747045667432118,0.18138080274725465,0.03649067011771786,0.5531057346690972
1779787797.5659485,10.0,10.0,7.564633863011538,0.1500499030647081,-0.01477258896830643,0.6745140295777411,0.18097496031537968,0.036350339517524206,0.5531057346690972
1779787797.575976,10.0,10.0,7.309055509941035,0.15006409605344162,-0.014690178396848795,0.6743529204526534,0.18059474531406028,0.036215314507076206,0.5531057346690972
1779787797.5859308,10.0,10.0,7.080872403459726,0.15005583541971898,-0.014605241228511135,0.6742306185445419,0.18021288478480266,0.036076212325671174,0.5531057346690972
1779787797.5960052,10.0,10.0,6.878549925358821,0.15003277028119386,-0.014519136431101858,0.6741398847101939,0.1798381041033808,0.035936255425316914,0.5531057346690972
1779787797.6059628,10.0,10.0,6.709844045256777,0.15000038989275413,-0.014439173110779989,0.6740855113012952,0.1794530911690701,0.035788902859040496,0.5531057346690972
1779787797.615929,10.0,10.0,6.573280578490354,0.14995480615283563,-0.014364611431008967,0.6740470283682083,0.17906555066019714,0.03563688990291892,0.5531057346690972
1779787797.6259334,10.0,10.0,6.467789973070049,0.14989647229243724,-0.014294804642584005,0.6740152695240478,0.17869239212354074,0.035486982900541905,0.5531057346690972
1779787797.636013,10.0,10.0,6.4067101622644955,0.14982842993671713,-0.014232171139054848,0.6740020948313896,0.17832132175931692,0.03533444142489443,0.5531057346690972
1779787797.6459985,10.0,10.0,6.372760218929596,0.14973879500941578,-0.01417199481391069,0.6740159007228436,0.1779342482385674,0.03517159309143406,0.5531057346690972
1779787797.6559355,10.0,10.0,6.328210511019031,0.14963239644941131,-0.014117012374534017,0.6740574962199534,0.1775657517498127,0.0350129866382857,0.5531057346690972
1779787797.6660104,10.0,10.0,6.31005244048818,0.14952351080668427,-0.014062885993919784,0.6741227787150765,0.1771814812141424,0.03484383797454438,0.5531057346690972
1779787797.676012,10.0,10.0,6.348302649362495,0.1494150557781246,-0.014016244962338172,0.6742222729629255,0.1771814812141424,0.03484383797454438,0.5531057346690972
1779787797.6859567,10.0,10.0,6.431891632652356,0.14930198936656894,-0.013977726183663438,0.6743582701327282,0.17681024487542052,0.034676748434247104,0.5531057346690972
1779787797.6959877,10.0,10.0,6.553496853439408,0.14919654960483109,-0.013949504269393617,0.6745188174363745,0.1764302409874371,0.034501926617555065,0.5531057346690972
1779787797.7059624,10.0,10.0,6.740428380934354,0.14910847591055743,-0.013919776200958299,0.674691635474205,0.17606787752131242,0.03433161216423614,0.5531057346690972
1779787797.7160325,10.0,10.0,6.989610125659863,0.14902948548749623,-0.013894626461633527,0.6748626086482643,0.17570168984342727,0.034155880480659435,0.5531057346690972
1779787797.725934,10.0,10.0,7.256010105615894,0.1489484545636216,-0.013868446951331085,0.6750324491174592,0.17533801792842305,0.03397771257358037,0.5531057346690972
1779787797.7360108,10.0,10.0,7.518155253281228,0.1488810822061559,-0.013841373070021064,0.6751773701266887,0.1749750224327607,0.033796211775248046,0.5531057346690972
1779787797.7459102,10.0,10.0,7.801627083680759,0.14882409767820295,-0.013815015312689829,0.6752971237112977,0.17461881677466334,0.03361450381293404,0.5531057346690972
1779787797.755922,10.0,10.0,8.096148458975735,0.14878229360847137,-0.013793188222773487,0.6753838476241218,0.17424871172243506,0.033421878320296784,0.5531057346690972
1779787797.7659552,10.0,10.0,8.382308828589121,0.14875064965172777,-0.013777656680787245,0.6754420093576875,0.17389598558087838,0.03323462165329409,0.5531057346690972
1779787797.7759855,10.0,10.0,8.623289004132666,0.14873381154490672,-0.01376432301470806,0.6754667405084914,0.1735435678557566,0.03304389897579772,0.5531057346690972
1779787797.785954,10.0,10.0,8.8300619669655,0.1487324906869813,-0.013757919218525387,0.67545980031545,0.17317837615738885,0.032842384657458465,0.5531057346690972
1779787797.7959597,10.0,10.0,9.001557493328757,0.14874607712341067,-0.013750879201060022,0.6754381366546407,0.1728298030993955,0.032646308512241644,0.5531057346690972
1779787797.8060515,10.0,10.0,9.131314664801973,0.1487749541062098,-0.013744437083855475,0.675407094259704,0.17248197443569216,0.03244696747570811,0.5531057346690972
1779787797.8159597,10.0,10.0,9.235332018374917,0.14881573429121583,-0.013740368823623887,0.6753539509927654,0.17212130441586573,0.03223632641017288,0.5531057346690972
1779787797.8259888,10.0,10.0,9.342380198720976,0.148879667686326,-0.013733385633807157,0.675265345525503,0.171770228837487,0.03202737973877506,0.5531057346690972
1779787797.8359349,10.0,10.0,9.455740410330142,0.14895049057326298,-0.013732033344509748,0.675149164045842,0.1714136466776591,0.031811149379609084,0.5531057346690972
1779787797.845925,10.0,10.0,9.506067374168643,0.14903201248100292,-0.013731129791097686,0.6750085485868321,0.1710724122288668,0.031600388540535415,0.5531057346690972
1779787797.8559456,10.0,10.0,9.52646654733608,0.14913294378807382,-0.013727843864799315,0.6748379298234387,0.1707336590940482,0.03138739193646155,0.5531057346690972
1779787797.865924,10.0,10.0,9.517929492841548,0.1492470098020634,-0.013718111720787313,0.6746455128449467,0.1703822798829756,0.031162428114263008,0.5531057346690972
1779787797.8760166,10.0,10.0,9.463184442993246,0.14936586226485613,-0.01370205890150073,0.6744306525691652,0.17004002098975451,0.03093929725939973,0.5531057346690972
1779787797.885955,10.0,10.0,9.3503861692211,0.1494972675843205,-0.013684993533315058,0.6741913023982127,0.16969004192545664,0.030706978153152584,0.5531057346690972
1779787797.8959467,10.0,10.0,9.182320820242184,0.14962719588143936,-0.013666363368626894,0.6739404840420725,0.16935813934705912,0.030482712888090714,0.5531057346690972
1779787797.9059432,10.0,10.0,8.936166305856435,0.1497574599312483,-0.013651706594646946,0.67368574351847,0.16902001369346195,0.030250226878534563,0.5531057346690972
1779787797.9159417,10.0,10.0,8.637841869246495,0.1498817880524008,-0.013632590346674208,0.6734376112761031,0.16868872973140495,0.03001844783605645,0.5531057346690972
1779787797.925966,10.0,10.0,8.331798355550642,0.14999635871056802,-0.013614700515548115,0.6732091137961621,0.16835669529925357,0.029782105465317885,0.5531057346690972
1779787797.935955,10.0,10.0,8.026536591546506,0.15009284402640513,-0.01359058552812645,0.6729930478551741,0.16802367474378804,0.029540928971805824,0.5531057346690972
1779787797.9459345,10.0,10.0,7.724011751976051,0.150148390277123,-0.01355461289800913,0.6727935284723121,0.16802367474378804,0.029540928971805824,0.5531057346690972
1779787797.9559588,10.0,10.0,7.433969671342012,0.15018186576853557,-0.013514286475117727,0.672610166932448,0.16770106423469786,0.02930327490458573,0.5531057346690972
1779787797.9659643,10.0,10.0,7.1917088786545085,0.15019711837276542,-0.013467263759244646,0.6724601424497684,0.16737936903270909,0.02906228804735128,0.5531057346690972
1779787797.9760067,10.0,10.0,6.979860838207914,0.15019117064061802,-0.013421173552087128,0.6723444811301877,0.16704005464467686,0.028803685661677327,0.5531057346690972
1779787797.986005,10.0,10.0,6.7847039633592745,0.15016677024089817,-0.013376498817880668,0.6722591084214652,0.16671668701523895,0.028552936633496423,0.5531057346690972
1779787797.9959943,10.0,10.0,6.607758549261958,0.15011852990658528,-0.013336356960583814,0.6722046259272603,0.16639374657226608,0.02829824868626281,0.5531057346690972
1779787798.0059803,10.0,10.0,6.460937187704737,0.15005556420485502,-0.013299528056221527,0.6721663466085047,0.16608071260004165,0.02804722126008364,0.5531057346690972
1779787798.0159419,10.0,10.0,6.373208720764464,0.1499817662296465,-0.013262200096775997,0.6721394946889714,0.16576734576059968,0.027791752129336655,0.5531057346690972
1779787798.0259597,10.0,10.0,6.31713852592284,0.14990112047741272,-0.013230032509899844,0.6721326844432638,0.1654542796902643,0.02753227395442894,0.5531057346690972
1779787798.0359652,10.0,10.0,6.263224239166671,0.1498044430152208,-0.013201319849508963,0.6721454593606672,0.16514747270690538,0.027273774229876424,0.5531057346690972
1779787798.045983,10.0,10.0,6.2174908136077045,0.1496995222192693,-0.013172796187093317,0.6721827985184107,0.16482843286283846,0.027000456045301845,0.5531057346690972
1779787798.0559454,10.0,10.0,6.208536732232206,0.14958992357944537,-0.013142486893934366,0.6722473603429651,0.16452584221480243,0.026736889506154375,0.5531057346690972
1779787798.0659232,10.0,10.0,6.241981860970907,0.14948444180057627,-0.013111796658762146,0.6723388203644706,0.16422635768487875,0.02647177851615455,0.5531057346690972
1779787798.0759733,10.0,10.0,6.325088070027295,0.14937680928353633,-0.01308166671857613,0.6724547717900281,0.1639279282706915,0.026203305285668145,0.5531057346690972
1779787798.0859437,10.0,10.0,6.449038298918148,0.149271386066181,-0.013053400748615225,0.6725991827665322,0.1636268311786701,0.025927990185315435,0.5531057346690972
1779787798.095962,10.0,10.0,6.636970689678847,0.14918204866142104,-0.013025073636151506,0.6727556250936365,0.16333322409658443,0.02565513095851627,0.5531057346690972
1779787798.1059892,10.0,10.0,6.890410813905788,0.14909285888802484,-0.012990207825883516,0.6729264045068264,0.16304048785732617,0.025378664514978187,0.5531057346690972
1779787798.1159813,10.0,10.0,7.143472295949632,0.14900662096498046,-0.012960576234556856,0.6730876474160218,0.16274155085496309,0.025091684944907433,0.5531057346690972
1779787798.1260076,10.0,10.0,7.420428865828859,0.1489282664826951,-0.012929987076770035,0.6732358602883016,0.16245370051830446,0.024810795989768847,0.5531057346690972
1779787798.1360333,10.0,10.0,7.725073295942975,0.14886288508601045,-0.012901563435026322,0.6733578673710038,0.16216935910561764,0.024528840476336737,0.5531057346690972
1779787798.145932,10.0,10.0,8.02883143806827,0.1488098834427694,-0.012876462221738908,0.6734542726569379,0.16188082552154306,0.024238054669737205,0.5531057346690972
1779787798.1559546,10.0,10.0,8.299658977380371,0.1487634896696022,-0.012860532457188288,0.6735271821338937,0.16159783438242217,0.02394816845083375,0.5531057346690972
1779787798.1659348,10.0,10.0,8.55308131684847,0.1487349898590676,-0.01285091194976775,0.6735675839684276,0.1613213148434521,0.02366031593801398,0.5531057346690972
1779787798.175981,10.0,10.0,8.77169547992328,0.14871770009173962,-0.012844567191876207,0.6735753815506477,0.1610423131004995,0.023365158226520293,0.5531057346690972
1779787798.1860075,10.0,10.0,8.95520016780847,0.1487203768316528,-0.012846151126155428,0.6735632215651884,0.16076447182714473,0.023066392806248323,0.5531057346690972
1779787798.1959586,10.0,10.0,9.12119576046821,0.1487396223554671,-0.012854155696382765,0.6735452318191825,0.16049297024922138,0.02276965957345352,0.5531057346690972
1779787798.2059724,10.0,10.0,9.236068301884437,0.14876850864189245,-0.012862753178418099,0.6735155194811582,0.16021899910584325,0.022465303263034204,0.5531057346690972
1779787798.215929,10.0,10.0,9.345661261580037,0.14881542380523685,-0.01287295313045482,0.6734597824116343,0.15995200987091257,0.02216381421562466,0.5531057346690972
1779787798.2259486,10.0,10.0,9.473495687245892,0.14887853867685555,-0.012888677544442664,0.673375743606107,0.15968660704111598,0.02185920041129818,0.5531057346690972
1779787798.236062,10.0,10.0,9.576637827118445,0.14894769739854394,-0.012903772450679736,0.673261205301814,0.159425410554589,0.02155449423589495,0.5531057346690972
1779787798.245979,10.0,10.0,9.617938387566484,0.1490336996075153,-0.012919134057574664,0.6731218726807554,0.15915505560711496,0.021233814376141552,0.5531057346690972
1779787798.255999,10.0,10.0,9.6342455282579,0.14913654127567078,-0.012932879226626457,0.6729528270652257,0.15915505560711496,0.021233814376141552,0.5531057346690972
1779787798.265941,10.0,10.0,9.626276604636248,0.1492535701134145,-0.012945727258640145,0.6727570168748541,0.15889625582441116,0.020921651092162673,0.5531057346690972
1779787798.2759576,10.0,10.0,9.547184859486617,0.1493766005343834,-0.012955948542202429,0.6725437317727095,0.15863759539320024,0.02060443052291184,0.5531057346690972
1779787798.2859318,10.0,10.0,9.385152891466056,0.14950985252017518,-0.01296487192697008,0.6723086983147851,0.15838487704664184,0.020289298879033663,0.5531057346690972
1779787798.295944,10.0,10.0,9.185146300418968,0.1496459993384467,-0.01297592823847196,0.6720543845563478,0.15813678801505318,0.019974788529880796,0.5531057346690972
1779787798.3059433,10.0,10.0,8.930685034067483,0.14977824679605956,-0.012987773044732727,0.6718050826164355,0.15788013916196164,0.019643886522515103,0.5531057346690972
1779787798.315969,10.0,10.0,8.614858424948471,0.149900624732152,-0.01300038062773974,0.671551573154278,0.15763361439550613,0.01932056221298938,0.5531057346690972
1779787798.3259583,10.0,10.0,8.300662858485888,0.15001727755179112,-0.013007153567860379,0.6712963692027489,0.157385230098272,0.01898919360030507,0.5531057346690972
1779787798.3359885,10.0,10.0,7.9856811794186635,0.1501134910873419,-0.01301382537958926,0.6710506683151809,0.1571479095859324,0.018667154940191368,0.5531057346690972
1779787798.3459706,10.0,10.0,7.682505369336799,0.15019084799199783,-0.013011570427133561,0.6708036382324976,0.1569132767549012,0.01834337197342612,0.5531057346690972
1779787798.3559353,10.0,10.0,7.413949274083464,0.1502341371399382,-0.013008785610963131,0.6705636417507915,0.15666898604904236,0.01800037003135488,0.5531057346690972
1779787798.3659391,10.0,10.0,7.17162563558328,0.15024677140998052,-0.013004011011801514,0.670333303177353,0.15643774090238954,0.01766995383706534,0.5531057346690972
1779787798.375949,10.0,10.0,6.964772438188559,0.15023477702463703,-0.012996339274212476,0.6701210091039734,0.1561968333510883,0.017319587746825744,0.5531057346690972
1779787798.385946,10.0,10.0,6.778443147834371,0.15020799073882354,-0.012988374912022264,0.6699311702655135,0.15597158985483517,0.016986124862287233,0.5531057346690972
1779787798.3959723,10.0,10.0,6.620834853509694,0.1501552445024597,-0.012977747285583464,0.6697741139515864,0.15574065409764215,0.01663811575344362,0.5531057346690972
1779787798.40596,10.0,10.0,6.463902131244762,0.1500763294324535,-0.012961607712360705,0.6696478417647698,0.15551991258818337,0.01629945993436029,0.5531057346690972
1779787798.415938,10.0,10.0,6.320485348321116,0.14998924425658589,-0.012942213513300292,0.6695598320420458,0.15529394867701535,0.01594647250222166,0.5531057346690972
1779787798.4259853,10.0,10.0,6.197497591999848,0.14988994721437207,-0.012917830557096032,0.6695149330127171,0.15507972254449112,0.015605686730334845,0.5531057346690972
1779787798.435984,10.0,10.0,6.081708818284769,0.14978583826902672,-0.012890044458119263,0.6694949347188929,0.1548698201736764,0.015265758424328146,0.5531057346690972
1779787798.4459522,10.0,10.0,6.014329882740241,0.1496831407558036,-0.012865191924596795,0.6694895293701103,0.15465423084971258,0.014910167009856885,0.5531057346690972
1779787798.455942,10.0,10.0,5.987126653480123,0.1495810071689779,-0.012840758113994806,0.6694923976424616,0.15444921521482685,0.014565701074338272,0.5531057346690972
1779787798.4659438,10.0,10.0,6.023219027686704,0.14947461450928004,-0.012814396703893128,0.6695102838967653,0.15424702399155907,0.014219699633336299,0.5531057346690972
1779787798.4759622,10.0,10.0,6.107490297627653,0.1493618470269448,-0.012781235780695805,0.669546161860086,0.15404292693904006,0.013863842924096498,0.5531057346690972
1779787798.486066,10.0,10.0,6.252305284513074,0.14925296060427126,-0.012749183535579592,0.6695989885280703,0.15384585752610241,0.013513681183043278,0.5531057346690972
1779787798.4960036,10.0,10.0,6.438767762442848,0.14914504477380658,-0.012714013274014455,0.6696718104942528,0.15365257333614793,0.013163710936959658,0.5531057346690972
1779787798.5059645,10.0,10.0,6.664761965119129,0.1490544771156309,-0.012684238947032389,0.6697575043093248,0.15346218370043074,0.012812374180197691,0.5531057346690972
1779787798.5160358,10.0,10.0,6.921848388395516,0.14897664520787923,-0.012659268192770256,0.6698436578552555,0.15326618944935055,0.012443530005837394,0.5531057346690972
1779787798.5259998,10.0,10.0,7.191453585306318,0.14889646384217864,-0.012636151101883588,0.669924227725952,0.15326618944935055,0.012443530005837394,0.5531057346690972
1779787798.5359411,10.0,10.0,7.437467410105402,0.14882031493171224,-0.012611290597288428,0.6699895002465619,0.15308028871123663,0.012086648402566087,0.5531057346690972
1779787798.545945,10.0,10.0,7.681305843829005,0.14875570122540155,-0.01259236282411492,0.6700321019845566,0.15289457934709866,0.011722967941096979,0.5531057346690972
1779787798.555941,10.0,10.0,7.912337191391361,0.14870147557801183,-0.012574501426893635,0.6700564955591004,0.15271386644625082,0.011361861087976335,0.5531057346690972
1779787798.5659604,10.0,10.0,8.118668050438169,0.14866186882161325,-0.01256155704723743,0.6700704156024271,0.1525367682730126,0.011000733334593085,0.5531057346690972
1779787798.5759535,10.0,10.0,8.29543222069526,0.14863930543421436,-0.012553348912318312,0.6700779169337393,0.15236311595692847,0.010639317961525736,0.5531057346690972
1779787798.585954,10.0,10.0,8.473095285388949,0.14863911595749205,-0.012550890090969083,0.6700800899698817,0.15218949677768212,0.010270356913193064,0.5531057346690972
1779787798.5959392,10.0,10.0,8.630786113963222,0.14865219034809635,-0.012552090644211224,0.6700679845206843,0.15202027292484754,0.009903021443558948,0.5531057346690972
1779787798.6059484,10.0,10.0,8.752724208611818,0.14867098896038752,-0.0125541551492422,0.6700455024019184,0.1518557987235249,0.00953830321648684,0.5531057346690972
1779787798.615989,10.0,10.0,8.861091244841932,0.1487052164687027,-0.012566150342765947,0.6699925009784292,0.15169139145758237,0.009165736189886128,0.5531057346690972
1779787798.625976,10.0,10.0,8.973369393488152,0.14875498653543484,-0.012578469646290627,0.6699098077007772,0.1515277314600547,0.008786469656705594,0.5531057346690972
1779787798.6360025,10.0,10.0,9.074754825062108,0.14881263031174072,-0.012596709382701287,0.669803199134151,0.1513688944624147,0.008409903289851573,0.5531057346690972
1779787798.6459436,10.0,10.0,9.116770986938512,0.1488826103796982,-0.012624474094452992,0.6696665128547822,0.15121376044243748,0.008033572063234,0.5531057346690972
1779787798.6559544,10.0,10.0,9.130925338086769,0.14896770995909828,-0.012654327718800056,0.6695018263961731,0.15106410012738908,0.0076620314037036084,0.5531057346690972
1779787798.6659431,10.0,10.0,9.120121747435455,0.1490634696769881,-0.012682858968399628,0.6693064062638897,0.1509179157377161,0.0072905757901817435,0.5531057346690972
1779787798.6760285,10.0,10.0,9.037875426540737,0.1491625820277895,-0.012715082708571714,0.669089397724604,0.15077396449070066,0.006916023974414244,0.5531057346690972
1779787798.685957,10.0,10.0,8.88815325722622,0.14927332588194578,-0.012751690032592744,0.6688429966931981,0.15063071635213485,0.006534101281480728,0.5531057346690972
1779787798.695968,10.0,10.0,8.70187652580093,0.14938475935834283,-0.01278914361991562,0.6685741387021906,0.1504925610731016,0.0061564826601640255,0.5531057346690972
1779787798.7059455,10.0,10.0,8.469460167142929,0.14949264256703906,-0.012829950081805255,0.6683049305226955,0.1503582027467415,0.00577991051742591,0.5531057346690972
1779787798.7159455,10.0,10.0,8.227560930202962,0.14960178443915254,-0.012869684552958609,0.6680255079886416,0.1502211715806935,0.005385698297347953,0.5531057346690972
1779787798.7260118,10.0,10.0,7.99218040240692,0.14969985623030477,-0.012906258415036634,0.6677498779180694,0.15009172150338662,0.005003196202379247,0.5531057346690972
1779787798.736001,10.0,10.0,7.716533284434351,0.14978681846687347,-0.012939484606725714,0.6674851997177994,0.1499630145228671,0.0046124271936485335,0.5531057346690972
1779787798.7460048,10.0,10.0,7.459843510692504,0.14985824611836623,-0.012969801722418758,0.6672272164909332,0.14983943740639669,0.004226660715091533,0.5531057346690972
1779787798.755942,10.0,10.0,7.246150357149235,0.1498998149811526,-0.0129904204810001,0.6669846652394323,0.14971995456449366,0.0038430485802159586,0.5531057346690972
1779787798.765943,10.0,10.0,7.049367528305199,0.1499093027381392,-0.013001366140309873,0.6667484796677636,0.14960383395672616,0.003459413188239875,0.5531057346690972
1779787798.775963,10.0,10.0,6.868503618833465,0.1498919100440747,-0.013003302445368623,0.6665309611538358,0.14948870091621397,0.0030676351591847877,0.5531057346690972
1779787798.7859502,10.0,10.0,6.719972138082933,0.14984759706931153,-0.013003498542060047,0.6663462767008737,0.14937795195126602,0.002679136631924206,0.5531057346690972
1779787798.7959397,10.0,10.0,6.579254307159531,0.14977646808145062,-0.012996372961275591,0.6661922167609395,0.14926902973684,0.0022849180047862638,0.5531057346690972
1779787798.806053,10.0,10.0,6.457331016071207,0.14968396949101123,-0.012985574631148269,0.6660723115626798,0.14916459283162245,0.001894597896016906,0.5531057346690972
1779787798.8159583,10.0,10.0,6.360300524287124,0.14958773795953714,-0.01297110865983451,0.6659974338346321,0.1490636058246834,0.0015045946432640425,0.5531057346690972
1779787798.8259528,10.0,10.0,6.2802432913655055,0.14948102035834993,-0.012955611733032715,0.6659588467796634,0.14896529911306372,0.001111899229975991,0.5531057346690972
1779787798.8359993,10.0,10.0,6.227268340366744,0.14937722165792017,-0.012940601979124354,0.6659439912251881,0.14886898472536103,0.0007134074869200088,0.5531057346690972
1779787798.8459623,10.0,10.0,6.198924816481922,0.14927911424362791,-0.012925348792600681,0.6659480044005303,0.14877747171296946,0.000320830301921593,0.5531057346690972
1779787798.8559468,10.0,10.0,6.197586023725077,0.14917679999089178,-0.012914168985134282,0.6659718240656675,0.14877747171296946,0.000320830301921593,0.5531057346690972
1779787798.8659134,10.0,10.0,6.248746290278074,0.14906282018725509,-0.012902788788639314,0.666014315455974,0.1486897009050846,-6.986652333093764e-05,0.5531057346690972
1779787798.8759546,10.0,10.0,6.361039002934945,0.14894804139764595,-0.012889408796173637,0.66607500654095,0.14860027449805313,-0.00048385432083629387,0.5531057346690972
1779787798.8860004,10.0,10.0,6.52421322586485,0.14883201716164263,-0.012881913856919575,0.6661594251231585,0.14851892754260776,-0.0008760735958525823,0.5531057346690972
1779787798.8959444,10.0,10.0,6.7285472269278745,0.14873556761106535,-0.012875709851141632,0.6662594629022599,0.1484394863797825,-0.0012752912705615155,0.5531057346690972
1779787798.905952,10.0,10.0,6.969875855632857,0.1486443366290177,-0.01286796501391787,0.6663674904233304,0.14836336908608688,-0.0016747599308039336,0.5531057346690972
1779787798.9159691,10.0,10.0,7.205111131199505,0.14855854679717367,-0.012857474093093403,0.6664725513142351,0.14829135624633083,-0.0020700416325802936,0.5531057346690972
1779787798.9259765,10.0,10.0,7.4676121375066105,0.14847964069197475,-0.012850057160504655,0.6665645975290334,0.14822155762838757,-0.0024715727767235327,0.5531057346690972
1779787798.9360237,10.0,10.0,7.73287603548779,0.1484101987861038,-0.012840180328109326,0.6666394544655393,0.14815534141644632,-0.0028717546758864187,0.5531057346690972
1779787798.9460027,10.0,10.0,7.966419286468857,0.1483483499454957,-0.012830350179252051,0.6666936391004081,0.14809293373117183,-0.0032688016292336418,0.5531057346690972
1779787798.9559376,10.0,10.0,8.187258202533862,0.14830179045375075,-0.0128262928701013,0.6667263756346806,0.1480311399984392,-0.003684169722298912,0.5531057346690972
1779787798.965951,10.0,10.0,8.395860208254808,0.14827220673355987,-0.012820654752069928,0.6667366391510148,0.14797522410937278,-0.004082502187825077,0.5531057346690972
1779787798.9759457,10.0,10.0,8.572930023034758,0.14826263257084735,-0.012817067678578127,0.666733605978115,0.14792222775625194,-0.0044835105381130416,0.5531057346690972
1779787798.9859862,10.0,10.0,8.743263978886592,0.14827190336410853,-0.01281736829232143,0.6667247240842784,0.14787233619616982,-0.004886111558867643,0.5531057346690972
1779787798.9959612,10.0,10.0,8.89136499540237,0.14829642668044574,-0.012820485961880283,0.6667039203641824,0.14782497277378642,-0.0052957401706583175,0.5531057346690972
1779787799.005964,10.0,10.0,8.997518120437853,0.14832887981022494,-0.012830897848465753,0.6666562265765642,0.14777971719005067,-0.005718097400942,0.5531057346690972
1779787799.0159464,10.0,10.0,9.102755589456757,0.14837618943436431,-0.012845481690103105,0.6665762766211011,0.14774017060917188,-0.006118398828330095,0.5531057346690972
1779787799.0259542,10.0,10.0,9.219227387408074,0.14843270201924474,-0.012863772167703387,0.6664709399602841,0.14770385066599298,-0.00651894821377649,0.5531057346690972
1779787799.035977,10.0,10.0,9.285207900896213,0.14850160406709265,-0.012889200996404221,0.666340446001777,0.1476708801035151,-0.0069181690443513855,0.5531057346690972
1779787799.0459778,10.0,10.0,9.306087836023465,0.14858147643807165,-0.012921085097812226,0.6661868160807264,0.14764035517208257,-0.007328349885421847,0.5531057346690972
1779787799.0559819,10.0,10.0,9.300566170481872,0.14867486182723738,-0.012948903463682833,0.6660016943309194,0.147612647590769,-0.007747776842101293,0.5531057346690972
1779787799.065952,10.0,10.0,9.239658578083496,0.14877765637576432,-0.012983491907441264,0.665787847088619,0.1475893913407252,-0.00815016989573033,0.5531057346690972
1779787799.0760202,10.0,10.0,9.131233686821663,0.14888972077317886,-0.013024506956981798,0.6655481316696733,0.14756897552772963,-0.008561602789452828,0.5531057346690972
1779787799.0860114,10.0,10.0,8.952878428497549,0.1490025065992519,-0.013064510433870706,0.6652799103416523,0.14755223886126767,-0.00896545147640359,0.5531057346690972
1779787799.0959506,10.0,10.0,8.727912603903697,0.14911435917412305,-0.01310492996271791,0.6649987869745949,0.14753885816747175,-0.009366327516492731,0.5531057346690972
1779787799.1060002,10.0,10.0,8.467929186226028,0.14922534071201252,-0.013146897815117645,0.6647108782704488,0.14752852855174442,-0.009775066499771876,0.5531057346690972
1779787799.1160374,10.0,10.0,8.213998601674541,0.14933137170788477,-0.013187053533562,0.6644148633789022,0.14752160304111206,-0.010179172975547286,0.5531057346690972
1779787799.1260242,10.0,10.0,7.97959021960707,0.1494351244284681,-0.01322617135253405,0.6641232332887964,0.14752160304111206,-0.010179172975547286,0.5531057346690972
1779787799.1360216,10.0,10.0,7.750836846843782,0.14952343297479204,-0.013259701888651674,0.6638402688813457,0.14751791918433493,-0.010588375223058959,0.5531057346690972
1779787799.1459548,10.0,10.0,7.514248436080601,0.1495972897774279,-0.013291700334079245,0.6635640316836414,0.14751756319069453,-0.010990954900333763,0.5531057346690972
1779787799.1559556,10.0,10.0,7.308456212698217,0.14964245202664717,-0.013316508577275028,0.6633087631619691,0.14752043836113857,-0.011392609698610803,0.5531057346690972
1779787799.1660242,10.0,10.0,7.125538375104845,0.14965834842140935,-0.01333563474460153,0.6630771403051804,0.14752662280147,-0.01179852761940527,0.5531057346690972
1779787799.1759799,10.0,10.0,6.945409502224039,0.14963511807598764,-0.013351865014816642,0.6628758276666058,0.14753603415761624,-0.012201877035295761,0.5531057346690972
1779787799.1860018,10.0,10.0,6.7589418973464115,0.149581636342226,-0.013369998831176549,0.6627140752499149,0.14754881882821724,-0.012608489783035344,0.5531057346690972
1779787799.1959534,10.0,10.0,6.5866371529993835,0.1495070605645415,-0.013383536134072562,0.662600066422749,0.14756511399872493,-0.013019620994800044,0.5531057346690972
1779787799.2060142,10.0,10.0,6.448621484949929,0.14941804620956928,-0.013388595430733794,0.6625286813019475,0.1475853329769948,-0.013440989285173267,0.5531057346690972
1779787799.216009,10.0,10.0,6.335891424043335,0.1493195583478998,-0.013395553023111219,0.662503567548113,0.14760801736095078,-0.01384417164742723,0.5531057346690972
1779787799.2259812,10.0,10.0,6.247613435417326,0.14922203423211805,-0.013403127803708309,0.6625027520007334,0.14763423778664161,-0.0142512552219611,0.5531057346690972
1779787799.2359805,10.0,10.0,6.180868685435353,0.14911633828399978,-0.013410424862805848,0.662517336304236,0.14766347489350362,-0.014654151115055792,0.5531057346690972
1779787799.2459867,10.0,10.0,6.131651671622816,0.14899972132342704,-0.01342309452534882,0.6625501738926224,0.14769567850248755,-0.01505340373607065,0.5531057346690972
1779787799.2559803,10.0,10.0,6.135244362410611,0.14887916412362437,-0.013448301171563948,0.6626015781174055,0.1477312012220933,-0.015453697944771675,0.5531057346690972
1779787799.2659564,10.0,10.0,6.214046578605614,0.14875209625342964,-0.01348366221679651,0.6626757477623638,0.14777178284497103,-0.015871922539744898,0.5531057346690972
1779787799.2760313,10.0,10.0,6.335867692011752,0.14861652245321438,-0.013521752195873413,0.6627749099581791,0.1478139579031193,-0.01627227447250087,0.5531057346690972
1779787799.2859414,10.0,10.0,6.498019722675228,0.14847675146315184,-0.01356430619442513,0.6628936003484963,0.14786159789951908,-0.016691319667972545,0.5531057346690972
1779787799.29596,10.0,10.0,6.705266539776354,0.14835561164845973,-0.013610354677371095,0.6630238990206783,0.1479100701078542,-0.017088565730159783,0.5531057346690972
1779787799.3059638,10.0,10.0,6.968378685860916,0.1482360968154758,-0.013657234592692304,0.6631547676423962,0.14796245529206165,-0.01749088517072836,0.5531057346690972
1779787799.3159654,10.0,10.0,7.239762536399832,0.1481196329870818,-0.013709649856617592,0.6632752026639077,0.14801792931889418,-0.017891546389611015,0.5531057346690972
1779787799.3259482,10.0,10.0,7.5035154391244125,0.14801186438290814,-0.013762615485461113,0.6633826741150671,0.14807651419838597,-0.018290893674304625,0.5531057346690972
1779787799.3359587,10.0,10.0,7.787893854628206,0.14791994397709543,-0.013819146374086882,0.6634690858119925,0.14813785953414105,-0.01868685484557222,0.5531057346690972
1779787799.3459427,10.0,10.0,8.072505985863657,0.14784240320422448,-0.013876403867718119,0.6635322144016916,0.1482032052212615,-0.019087267907234383,0.5531057346690972
1779787799.3559995,10.0,10.0,8.326721664395441,0.14777652674401487,-0.013938864437718057,0.663570557256841,0.14827100932331608,-0.019482649370377504,0.5531057346690972
1779787799.3659909,10.0,10.0,8.56762300420686,0.14773230770193047,-0.01400683683297252,0.6635851521112094,0.1483421338330455,-0.01987829213325871,0.5531057346690972
1779787799.376,10.0,10.0,8.794001327557623,0.1477132281191617,-0.014077883130253448,0.6635902345748226,0.14842079654617557,-0.020295999663937348,0.5531057346690972
1779787799.386025,10.0,10.0,8.985320887654566,0.14771926860534923,-0.014145583781284731,0.6635892182972983,0.14849879562143348,-0.020692104484615975,0.5531057346690972
1779787799.3960462,10.0,10.0,9.14925434049256,0.14774429153197746,-0.01421534486365408,0.6635753229961777,0.14858291269535967,-0.021101503988183598,0.5531057346690972
1779787799.4059644,10.0,10.0,9.285050607035094,0.14779075620964385,-0.014277438261044035,0.6635362811335268,0.14858291269535967,-0.021101503988183598,0.5531057346690972
1779787799.4160397,10.0,10.0,9.419571711186288,0.1478500399085243,-0.0143390148543839,0.6634656791368607,0.14866788997524338,-0.02149847119134956,0.5531057346690972
1779787799.4259546,10.0,10.0,9.530662807352156,0.1479164001483371,-0.014398325198256547,0.6633700902905139,0.14875706406589725,-0.021899039674731755,0.5531057346690972
1779787799.4359658,10.0,10.0,9.59689693583234,0.1479887560141819,-0.01445050354467356,0.6632447432341212,0.14884994188272221,-0.022300641657587703,0.5531057346690972
1779787799.4459546,10.0,10.0,9.63233378486615,0.14807825443519002,-0.014500714727573947,0.6630917390203311,0.14894539696939363,-0.02269847468998308,0.5531057346690972
1779787799.4559453,10.0,10.0,9.63301300712315,0.14818064954742644,-0.014546872372250882,0.662926668355804,0.14904326882303343,-0.02309221083504535,0.5531057346690972
1779787799.4660072,10.0,10.0,9.565136774832123,0.14829281221149737,-0.014591978349872142,0.6627388484085751,0.14914289592062557,-0.02347964631449011,0.5531057346690972
1779787799.4760144,10.0,10.0,9.45463643205239,0.1484180720398544,-0.014632384837310134,0.6625344292083125,0.14924837900284812,-0.023876488786724284,0.5531057346690972
1779787799.4859455,10.0,10.0,9.28823107352356,0.14854692554549334,-0.014672774186444804,0.6623129746165048,0.14935523370268933,-0.024265698592733854,0.5531057346690972
1779787799.4959776,10.0,10.0,9.047453580187463,0.14867327830839344,-0.014715596659494444,0.6620881500016845,0.14946511631013795,-0.024653649390807157,0.5531057346690972
1779787799.505983,10.0,10.0,8.75689413031936,0.1487958767790045,-0.014761545732745596,0.661858839004604,0.14957771012966947,-0.025039305343280804,0.5531057346690972
1779787799.515949,10.0,10.0,8.467692310768662,0.14891640281328092,-0.014803948999982197,0.6616309937953717,0.14969499980272483,-0.02542928999232786,0.5531057346690972
1779787799.5259955,10.0,10.0,8.187540806519529,0.1490303689316065,-0.014845349579040509,0.6614090760635559,0.14981514096440463,-0.0258172846640779,0.5531057346690972
1779787799.536011,10.0,10.0,7.908812584794813,0.1491272062981704,-0.014883427714720981,0.6612056645007678,0.149937099462578,-0.026200171415250058,0.5531057346690972
1779787799.5459707,10.0,10.0,7.639092861012869,0.14920073235435738,-0.014923726255235458,0.6610097023957531,0.15006687596775428,-0.026596356248316008,0.5531057346690972
1779787799.5559587,10.0,10.0,7.3991900811400475,0.14924245947330714,-0.014954541711015843,0.6608301920436345,0.15019504727452376,-0.026977076665150004,0.5531057346690972
1779787799.5659907,10.0,10.0,7.187511698065258,0.14925834305328764,-0.014981146275807045,0.660673751892422,0.15032578882570483,-0.027355371398343205,0.5531057346690972
1779787799.575981,10.0,10.0,6.9934482309757815,0.14926090172253698,-0.015016580335565848,0.6605517334090456,0.15046481894992603,-0.027747260370758906,0.5531057346690972
1779787799.5859559,10.0,10.0,6.796619063377734,0.14923047156663122,-0.015067020237672955,0.6604591873682079,0.15060233891076447,-0.028125058042836413,0.5531057346690972
1779787799.5959983,10.0,10.0,6.604126506418806,0.14917680019993707,-0.015123255674275452,0.6603984132337645,0.15074298818690274,-0.028501991676404385,0.5531057346690972
1779787799.6060145,10.0,10.0,6.455506933495894,0.1491081954862021,-0.01517567625511825,0.6603726102278891,0.15089238060023585,-0.02889254303753224,0.5531057346690972
1779787799.6159437,10.0,10.0,6.3373001029042575,0.1490272965768211,-0.015226182358318147,0.6603765453240659,0.1510382992908224,-0.02926485709521023,0.5531057346690972
1779787799.6260393,10.0,10.0,6.246370797165686,0.14893515353579145,-0.015275473956119341,0.6603938304659206,0.1511872840287865,-0.029636221548024727,0.5531057346690972
1779787799.635956,10.0,10.0,6.1527636846959375,0.14882961833164057,-0.01533641332114337,0.6604201641678774,0.15134650573940195,-0.030023882324041976,0.5531057346690972
1779787799.6459572,10.0,10.0,6.091625757337081,0.1487117655212993,-0.015403325901496059,0.6604632622769122,0.15150276861170553,-0.030395611446350793,0.5531057346690972
1779787799.6559575,10.0,10.0,6.100070559881205,0.14859157420940408,-0.015468002587590138,0.6605269809562433,0.15166371430930328,-0.030769955835763255,0.5531057346690972
1779787799.6659865,10.0,10.0,6.158258551981474,0.14846189418234249,-0.015543738302861971,0.660614755051154,0.1518249081406706,-0.031136682047599618,0.5531057346690972
1779787799.6759593,10.0,10.0,6.260155545153862,0.14832283874511815,-0.015645195497377393,0.6607282570191044,0.1519927821639367,-0.03151035758188361,0.5531057346690972
1779787799.6859784,10.0,10.0,6.402189525521221,0.14818101544842166,-0.01575211530828656,0.6608696848409689,0.15216310752458806,-0.031881342530684684,0.5531057346690972
1779787799.695957,10.0,10.0,6.579766623334722,0.14803930530676523,-0.015851387866584823,0.6610301917743644,0.1523341342992641,-0.03224602599364407,0.5531057346690972
1779787799.7059948,10.0,10.0,6.810610035613927,0.14790471806388125,-0.01594321192191621,0.6611945771405273,0.1523341342992641,-0.03224602599364407,0.5531057346690972
1779787799.715943,10.0,10.0,7.069774454836331,0.14776734807622927,-0.01603345182653011,0.6613606903488984,0.1525077194715338,-0.03260854702961154,0.5531057346690972
1779787799.7260132,10.0,10.0,7.333914928818963,0.14764359946637448,-0.01612684257923289,0.6615111358949697,0.1526907765831486,-0.032982949213966856,0.5531057346690972
1779787799.7360723,10.0,10.0,7.616675471919658,0.14753543406789915,-0.016222170907456698,0.6616505266773877,0.15287064253927257,-0.033343310274641214,0.5531057346690972
1779787799.745943,10.0,10.0,7.908825453062221,0.14744051689779958,-0.016317370549015855,0.6617717900940312,0.15305493828920264,-0.033705191067854134,0.5531057346690972
1779787799.7560008,10.0,10.0,8.184996039494518,0.1473706954666571,-0.016412511714233264,0.6618723963845864,0.15324615252899437,-0.034073156792472956,0.5531057346690972
1779787799.766055,10.0,10.0,8.456892633228144,0.1473308013984433,-0.016513293345571084,0.661944720014082,0.15343434081277804,-0.03442818437286986,0.5531057346690972
1779787799.7759795,10.0,10.0,8.708045715934794,0.1473124064743953,-0.016618725382060027,0.6619909638784892,0.1536274761357082,-0.03478553664762213,0.5531057346690972
1779787799.7860272,10.0,10.0,8.937683207733837,0.14731722683532375,-0.016716048008586674,0.6620072048199546,0.15382249086162664,-0.03513947924992431,0.5531057346690972
1779787799.7959898,10.0,10.0,9.127182136628054,0.1473306726401669,-0.01681095957471604,0.6620066862318902,0.15401931289792942,-0.0354899872394989,0.5531057346690972
1779787799.8060255,10.0,10.0,9.269864624684034,0.14735262245344546,-0.016899297101846646,0.6619954230051732,0.15423106518221127,-0.03585987423560495,0.5531057346690972
1779787799.8160098,10.0,10.0,9.385570622094384,0.14739114164809747,-0.016983430858849687,0.6619641191901803,0.15443367175562672,-0.03620708427698083,0.5531057346690972
1779787799.8259265,10.0,10.0,9.520506033586871,0.14744731869137118,-0.017063423636631214,0.6619085940335009,0.15464306267737044,-0.03655932067637763,0.5531057346690972
1779787799.8359663,10.0,10.0,9.63387798588958,0.14751627532473738,-0.0171396856194363,0.6618329014987107,0.15485209468798042,-0.03690452989006291,0.5531057346690972
1779787799.8459613,10.0,10.0,9.673383030667386,0.14760039192038513,-0.017209960077883047,0.6617328900101472,0.15506299328081538,-0.03724657348411557,0.5531057346690972
1779787799.8559468,10.0,10.0,9.686224015776306,0.1477017538885604,-0.017272909758124472,0.6616075458548372,0.15528020407885187,-0.037592547203796914,0.5531057346690972
1779787799.8659804,10.0,10.0,9.663313347079317,0.14780982654936875,-0.01732744606841337,0.6614491283443155,0.15549769760082693,-0.03793280180324264,0.5531057346690972
1779787799.8760064,10.0,10.0,9.57288718560484,0.1479259112712311,-0.017376018324489047,0.6612702776372307,0.15571681395337522,-0.03826958522727522,0.5531057346690972
1779787799.8859732,10.0,10.0,9.42891595038371,0.148056897748111,-0.017421754310853313,0.6610658635284753,0.15593758566212,-0.03860303405741276,0.5531057346690972
1779787799.896007,10.0,10.0,9.240785658018948,0.14818768989734665,-0.017461334489526564,0.6608524126088631,0.15617311174728682,-0.038952497784056184,0.5531057346690972
1779787799.9060152,10.0,10.0,8.981057552150718,0.14831761963789478,-0.017504502264358037,0.6606291385898792,0.15640352352692902,-0.03928833411930059,0.5531057346690972
1779787799.9159565,10.0,10.0,8.684019978557508,0.14844396746128977,-0.017549119703755212,0.6604010630263027,0.1566370565281479,-0.03962284100307566,0.5531057346690972
1779787799.9260132,10.0,10.0,8.390307841475702,0.14856047965420247,-0.017587953999674253,0.6601749984914177,0.1568719047442087,-0.039953468481940015,0.5531057346690972
1779787799.9360394,10.0,10.0,8.088944204944598,0.14866213678488005,-0.01762214602222282,0.6599600160917042,0.1571056505448338,-0.04027699777060684,0.5531057346690972
1779787799.94598,10.0,10.0,7.787357706007544,0.14875000301875663,-0.01766024588023428,0.6597503111813731,0.15735529808279144,-0.04061663012671515,0.5531057346690972
1779787799.955957,10.0,10.0,7.517733559588671,0.14881551423798753,-0.017697651551353475,0.6595509959496476,0.1575969668766417,-0.04093978662268978,0.5531057346690972
1779787799.9659536,10.0,10.0,7.289465047007665,0.14884516597813158,-0.017726956860690795,0.6593665857014535,0.15784506846913363,-0.04126597922048278,0.5531057346690972
1779787799.9759796,10.0,10.0,7.071698320868572,0.1488530055066068,-0.017761320208909158,0.6592071840309438,0.1580952157477696,-0.041589333146368285,0.5531057346690972
1779787799.9859717,10.0,10.0,6.875426505198372,0.14884882027321106,-0.01780143548073796,0.6590773396077784,0.1580952157477696,-0.041589333146368285,0.5531057346690972
1779787799.9959676,10.0,10.0,6.688210125640678,0.14883080074999702,-0.01784842445373437,0.6589802160817716,0.15834393064117458,-0.041905503155231706,0.5531057346690972
1779787800.0059474,10.0,10.0,6.532296512485787,0.14879943828632894,-0.01789648309901516,0.6589217061411567,0.15860539835057375,-0.042232328213844685,0.5531057346690972
1779787800.0159576,10.0,10.0,6.392724151639521,0.1487491679914817,-0.017948022261425584,0.6589059728829417,0.15885860562304344,-0.042543563013816725,0.5531057346690972
1779787800.025953,10.0,10.0,6.255269795753604,0.14868556653852485,-0.01799899458850276,0.6589200247973326,0.15912577547341766,-0.0428665118038084,0.5531057346690972
1779787800.0359616,10.0,10.0,6.139994255668162,0.1486088866896091,-0.018056589710590484,0.6589497988355834,0.15938360352750214,-0.04317301815822058,0.5531057346690972
1779787800.0459795,10.0,10.0,6.038244494635122,0.14851385217000573,-0.018120245874972445,0.6589885257292717,0.1596434179813072,-0.0434769149707054,0.5531057346690972
1779787800.055956,10.0,10.0,5.959291996134706,0.14840672731555835,-0.018189675767480512,0.6590456394117161,0.15991744641430716,-0.043792182289862244,0.5531057346690972
1779787800.066009,10.0,10.0,5.937274231650508,0.14829211565147304,-0.018263144083220967,0.6591204002005464,0.1601844511187734,-0.04409432320118987,0.5531057346690972
1779787800.0760427,10.0,10.0,5.981564958203599,0.1481644471160785,-0.018347911074365376,0.65922412366296,0.16045990407258565,-0.044400948726750926,0.5531057346690972
1779787800.0860035,10.0,10.0,6.07515953567735,0.1480295224926323,-0.01844328378923808,0.6593514833650186,0.16073330308225658,-0.04470032762642002,0.5531057346690972
1779787800.0959673,10.0,10.0,6.208955933478841,0.14788589677151448,-0.018538701107872493,0.659500939702255,0.1610053131036695,-0.04499341051755687,0.5531057346690972
1779787800.105946,10.0,10.0,6.390561771112622,0.14773645700088897,-0.01863919769423713,0.659672827075186,0.161279492084949,-0.04528413396288102,0.5531057346690972
1779787800.1160269,10.0,10.0,6.628122695865794,0.14759006415917342,-0.01874034904068657,0.6598559487550192,0.1615687986584251,-0.045585915633292666,0.5531057346690972
1779787800.1259544,10.0,10.0,6.890383054476074,0.14744576456106528,-0.018841994735194885,0.6600392616883964,0.16185949578380057,-0.04588412588593496,0.5531057346690972
1779787800.1359499,10.0,10.0,7.155701334262502,0.14730710044071801,-0.018941817246151554,0.6602155073680575,0.1621424752237911,-0.04616970486426319,0.5531057346690972
1779787800.1460187,10.0,10.0,7.425846132375589,0.14718197792781462,-0.019043670509399698,0.6603763585694187,0.1624262576470359,-0.046451537166126544,0.5531057346690972
1779787800.1559658,10.0,10.0,7.7021801917560735,0.14707478025495305,-0.01915025367655501,0.6605252854439381,0.1627135336562664,-0.04673230075169352,0.5531057346690972
1779787800.1659899,10.0,10.0,7.961422280310796,0.1469939673179347,-0.019259893510220814,0.6606617828746753,0.16300712079888136,-0.047014624943117755,0.5531057346690972
1779787800.1759546,10.0,10.0,8.209309665641985,0.14694725644100073,-0.019377016012042964,0.6607802935288755,0.1633056445423008,-0.0472970314421847,0.5531057346690972
1779787800.186003,10.0,10.0,8.456292299375788,0.14691772943752646,-0.019497477822587306,0.6608644057179511,0.16360059672238214,-0.04757154500544105,0.5531057346690972
1779787800.1960075,10.0,10.0,8.702495989528579,0.14690201455560647,-0.01961351147473,0.6609125652940476,0.16390704220311084,-0.047852110258695534,0.5531057346690972
1779787800.2059815,10.0,10.0,8.93158856986977,0.14690107119643278,-0.019728146084664968,0.6609349933611982,0.1642101713358481,-0.048125085264831585,0.5531057346690972
1779787800.2159753,10.0,10.0,9.106877981890674,0.14690936085310122,-0.019844299731308468,0.6609352823814,0.16451739466896503,-0.04839722739515107,0.5531057346690972
1779787800.225959,10.0,10.0,9.243708818401323,0.1469402759911272,-0.01995837269089259,0.6609340934318935,0.16482831427036596,-0.048668111073336205,0.5531057346690972
1779787800.2359815,10.0,10.0,9.353119703996343,0.14698762802490067,-0.02007502912876433,0.6609166928307317,0.16482831427036596,-0.048668111073336205,0.5531057346690972
1779787800.2459502,10.0,10.0,9.477764917117431,0.14704561570166122,-0.0201885383217797,0.6608768725458828,0.16515596955998374,-0.048948747587047314,0.5531057346690972
1779787800.255957,10.0,10.0,9.566964068794853,0.14710955695285677,-0.02030009825554927,0.660816281053188,0.16547559183167665,-0.04921783220049437,0.5531057346690972
1779787800.2659585,10.0,10.0,9.595467875738048,0.14718701655245456,-0.020403834059077863,0.6607306524980315,0.16578405394765164,-0.049473237569317915,0.5531057346690972
1779787800.2759593,10.0,10.0,9.58588234164596,0.14727887680976667,-0.020506428254245753,0.6606169689767457,0.16609706206407238,-0.04972819213048549,0.5531057346690972
1779787800.2859993,10.0,10.0,9.52399617836012,0.14737711351270025,-0.020599632745173214,0.6604787850461394,0.16641208364335722,-0.04998058347805214,0.5531057346690972
1779787800.2959888,10.0,10.0,9.405409202338273,0.14748202490812581,-0.020688106426586795,0.6603078956014825,0.16673023309328117,-0.050231283454018304,0.5531057346690972
1779787800.3059676,10.0,10.0,9.242839559448216,0.1476007982053712,-0.020776899733836257,0.6601147433931642,0.16704659247026948,-0.050476469220122486,0.5531057346690972
1779787800.315949,10.0,10.0,9.034400897480058,0.14771686617787244,-0.020861585310207178,0.6599050864225803,0.1673661881181146,-0.05072008512952481,0.5531057346690972
1779787800.3259609,10.0,10.0,8.780841894410635,0.14783130320481525,-0.020945840348480124,0.6596971960004253,0.16769358144903057,-0.05096547265845412,0.5531057346690972
1779787800.3359609,10.0,10.0,8.508224279367973,0.1479421854395539,-0.021026966137892004,0.6594820152823903,0.1680191791988817,-0.05120540210199361,0.5531057346690972
1779787800.3460243,10.0,10.0,8.226346799337076,0.14804211531249176,-0.021105192266795768,0.6592782751410355,0.1683463894389271,-0.0514424617881503,0.5531057346690972
1779787800.355971,10.0,10.0,7.938443385343158,0.14813060433397085,-0.02118589899073277,0.6590842083180004,0.1686786695408351,-0.05167910421768019,0.5531057346690972
1779787800.3659482,10.0,10.0,7.652073292345555,0.14820358965999483,-0.02126470457091877,0.6589074688244365,0.1690094215500348,-0.051910635284992984,0.5531057346690972
1779787800.3759782,10.0,10.0,7.4044400326134845,0.1482631316312215,-0.021339277896714484,0.6587390502247932,0.16934036588987655,-0.052138351343175376,0.5531057346690972
1779787800.3859482,10.0,10.0,7.185063209709842,0.14828693519914815,-0.021407795747259793,0.6585915511164661,0.16967901625861195,-0.05236734768202885,0.5531057346690972
1779787800.3959763,10.0,10.0,6.964395473106767,0.14827350634767408,-0.021480978350386464,0.6584566651980284,0.17001726126693134,-0.052592075119185636,0.5531057346690972
1779787800.405998,10.0,10.0,6.768091050484472,0.14824173920371703,-0.021571805282484514,0.658358362791633,0.17036703236057818,-0.05282032981399029,0.5531057346690972
1779787800.4159942,10.0,10.0,6.585800335103499,0.14820189661865948,-0.02166498533880951,0.6583029035446778,0.17071297632007906,-0.05304202191326309,0.5531057346690972
1779787800.4259586,10.0,10.0,6.42504908910338,0.1481433701997385,-0.021756735588142274,0.658284699484737,0.1710528958705521,-0.05325597726587809,0.5531057346690972
1779787800.4360335,10.0,10.0,6.30805952027192,0.14807729304344783,-0.021860695897193968,0.6582973222311568,0.17140811510594944,-0.053475520419601075,0.5531057346690972
1779787800.4459643,10.0,10.0,6.201966610028296,0.14800609475504994,-0.021969370560913994,0.6583304071953998,0.17175380085508732,-0.05368526453038575,0.5531057346690972
1779787800.4560218,10.0,10.0,6.10204497507432,0.14791172075061876,-0.02208029708083655,0.6583797970877454,0.1721041914853606,-0.053893988813101486,0.5531057346690972
1779787800.465972,10.0,10.0,6.013198946726899,0.1478046317329063,-0.02219051986501736,0.6584501659266487,0.17245484781335846,-0.05409902251444648,0.5531057346690972
1779787800.4759808,10.0,10.0,5.964752375520407,0.14768254303823347,-0.022314548013717603,0.6585448485265161,0.17280648683923386,-0.054300819050355435,0.5531057346690972
1779787800.4859567,10.0,10.0,5.961441466536125,0.14754800722218353,-0.022452011162201652,0.6586665263242673,0.173172350576002,-0.05450678380252941,0.5531057346690972
1779787800.4959545,10.0,10.0,6.017012394055605,0.14739749309013989,-0.022604745617271414,0.6588106381899878,0.17353296598481818,-0.05470586220075182,0.5531057346690972
1779787800.5059686,10.0,10.0,6.124194427860369,0.14724274318909586,-0.022760139543457184,0.6589831457427041,0.1738903920282101,-0.05489938046634319,0.5531057346690972
1779787800.5159564,10.0,10.0,6.293509026652724,0.14708076304855447,-0.02291769794470703,0.6591799009420113,0.17424520568187063,-0.055087792244155775,0.5531057346690972
1779787800.5259538,10.0,10.0,6.508609131463908,0.14691950477197177,-0.023075630950803297,0.6594102170747782,0.17424520568187063,-0.055087792244155775,0.5531057346690972
1779787800.5359888,10.0,10.0,6.749584059625445,0.14676161845764119,-0.02323888096769834,0.6596482464143724,0.1746014332277491,-0.05527330151068409,0.5531057346690972
1779787800.546055,10.0,10.0,7.022135400286039,0.1466107123418842,-0.02339839706278212,0.6598882515412676,0.17498685880536458,-0.05546994575291626,0.5531057346690972
1779787800.5559502,10.0,10.0,7.314223279986865,0.14647402740225113,-0.02355662547816322,0.6601275718460068,0.17535183257419318,-0.05565230491294604,0.5531057346690972
1779787800.565976,10.0,10.0,7.608774252476787,0.14636088042271364,-0.023721749213562043,0.6603559004387659,0.17571341264564277,-0.05582932049768105,0.5531057346690972
1779787800.5759692,10.0,10.0,7.89340572709219,0.14627461769063504,-0.023882259572750933,0.6605740601205629,0.17607455549247703,-0.05600254047141581,0.5531057346690972
1779787800.5859764,10.0,10.0,8.153197933910938,0.14621808469328135,-0.02404240330481167,0.6607692136498419,0.1764423564783794,-0.05617531742795162,0.5531057346690972
1779787800.5960276,10.0,10.0,8.406818649673514,0.14617235382379323,-0.024200054153699586,0.6609326375543815,0.17681561647941962,-0.05634694959263543,0.5531057346690972
1779787800.6059654,10.0,10.0,8.655329808112347,0.14614301203095045,-0.024354414990782572,0.6610635204683519,0.17718744657142815,-0.05651425079233169,0.5531057346690972
1779787800.6159625,10.0,10.0,8.911098266833335,0.14613104597358706,-0.02450516061249196,0.6611537807655453,0.17756901312083884,-0.05668216327080087,0.5531057346690972
1779787800.6259809,10.0,10.0,9.135860980869813,0.1461467700119276,-0.024648314294516263,0.6612120473867714,0.17793859504319146,-0.056841200637868516,0.5531057346690972
1779787800.635984,10.0,10.0,9.332371141019323,0.14618537454867148,-0.024790399319937227,0.6612388820265376,0.17832575331765882,-0.057004041233620545,0.5531057346690972
1779787800.6459653,10.0,10.0,9.479265331391344,0.14622878292749045,-0.024927685984545207,0.6612444472464584,0.17869889998450164,-0.057157384672636924,0.5531057346690972
1779787800.6559677,10.0,10.0,9.596718782346265,0.14628045422540123,-0.025058533290096663,0.6612395932728086,0.17907859064550263,-0.05730982295716151,0.5531057346690972
1779787800.6659513,10.0,10.0,9.70793774875609,0.1463457451757815,-0.025182651741752278,0.6612265127546904,0.17945746871801124,-0.057458356217797185,0.5531057346690972
1779787800.6759696,10.0,10.0,9.763823471974927,0.1464237267178415,-0.025300749085429106,0.6611931336820834,0.17983292556840488,-0.05760205509248513,0.5531057346690972
1779787800.6859705,10.0,10.0,9.758042314861578,0.14651240691764786,-0.025412769227889646,0.6611470327356068,0.1802289792370626,-0.057749903684707476,0.5531057346690972
1779787800.696034,10.0,10.0,9.703065123632243,0.14661965618931375,-0.025517249634075315,0.6610755772838017,0.18060746799846328,-0.05788764612962208,0.5531057346690972
1779787800.7059808,10.0,10.0,9.60564430170279,0.14672454281577046,-0.025608151624069687,0.6609785788381175,0.1810035671374457,-0.05802811656479256,0.5531057346690972
1779787800.7159529,10.0,10.0,9.447415054360702,0.14683509033106368,-0.025693549193435253,0.6608572314553309,0.1813853183612522,-0.058159967083487196,0.5531057346690972
1779787800.7259645,10.0,10.0,9.246347633553816,0.14694431825237064,-0.025769317595786767,0.6607144662073793,0.18178205851902468,-0.05829335258966345,0.5531057346690972
1779787800.7359762,10.0,10.0,9.012108143637672,0.14704973462321722,-0.025844310878475902,0.6605554725098494,0.18216635927854685,-0.05841904569537959,0.5531057346690972
1779787800.7459774,10.0,10.0,8.766964260430768,0.1471490641160371,-0.02591710338928533,0.6603908203325891,0.18256786189016055,-0.05854670519814186,0.5531057346690972
1779787800.755969,10.0,10.0,8.50997926682833,0.1472395879853469,-0.025987675781196946,0.6602352696262297,0.18256786189016055,-0.05854670519814186,0.5531057346690972
1779787800.7659466,10.0,10.0,8.239764579677548,0.1473228376908103,-0.026056192226154,0.6600834897406029,0.18295244189363818,-0.05866550456882543,0.5531057346690972
1779787800.7759614,10.0,10.0,7.966287314794003,0.14739101884494427,-0.026121667382394152,0.6599538509732571,0.1833562095049037,-0.05878659555949999,0.5531057346690972
1779787800.7859304,10.0,10.0,7.716034279335662,0.14744673091001192,-0.026184302198069928,0.6598486557930275,0.1837425930033678,-0.058899011573065416,0.5531057346690972
1779787800.7959907,10.0,10.0,7.492017668814819,0.14748535216390038,-0.026244636645451687,0.6597694507914085,0.1841281526295827,-0.05900783739497457,0.5531057346690972
1779787800.80598,10.0,10.0,7.292414815921671,0.14750356701223127,-0.02631104032385657,0.6597124958709317,0.18452708391589376,-0.05911693849206067,0.5531057346690972
1779787800.8159559,10.0,10.0,7.096023830259012,0.1474892170705585,-0.0263798631761845,0.659685905894767,0.18491598952621513,-0.05921989490253249,0.5531057346690972
1779787800.8259678,10.0,10.0,6.899195419079293,0.14745376013782305,-0.02646202021604905,0.659683480726052,0.18531196510373726,-0.05932129359009412,0.5531057346690972
1779787800.836028,10.0,10.0,6.723006444802819,0.1474038196108962,-0.026534731562878795,0.6596933402854931,0.1857108323953494,-0.059419956319982106,0.5531057346690972
1779787800.8459864,10.0,10.0,6.595359641966967,0.14734363753700952,-0.02661129362585598,0.659716455544956,0.18610288969302216,-0.05951355480876661,0.5531057346690972
1779787800.8560123,10.0,10.0,6.500917330484816,0.14727028798283426,-0.026693128574395947,0.6597604910496014,0.18651193977772582,-0.05960765944912591,0.5531057346690972
1779787800.865973,10.0,10.0,6.404152990526353,0.1471734920392571,-0.026783635031721327,0.6598339123724665,0.18692876557250654,-0.05969984430587721,0.5531057346690972
1779787800.8759925,10.0,10.0,6.318738970528002,0.14707437121336464,-0.02688159082436541,0.6599327869078542,0.18733416319747156,-0.059785930691028416,0.5531057346690972
1779787800.8859894,10.0,10.0,6.308764533611499,0.1469645926993191,-0.026987426140852783,0.6600632796490572,0.18774579056684432,-0.05986975624112659,0.5531057346690972
1779787800.896002,10.0,10.0,6.322818708938618,0.1468383521051548,-0.027099940561867392,0.6602212671719307,0.18814911213642455,-0.059948405596517144,0.5531057346690972
1779787800.9060543,10.0,10.0,6.373728452721178,0.14669908314373073,-0.027222661037367892,0.6604078208135945,0.1885683737186556,-0.06002652477984685,0.5531057346690972
1779787800.9160094,10.0,10.0,6.477335144389672,0.14655230857993928,-0.02734813733076499,0.660608806580768,0.1890053200529207,-0.060104010846146555,0.5531057346690972
1779787800.9260273,10.0,10.0,6.649040603816249,0.14640135895294226,-0.027472872801390213,0.660838364049616,0.18941975100655206,-0.060173816258403894,0.5531057346690972
1779787800.9360468,10.0,10.0,6.870063636618688,0.14625009790517124,-0.027588041220094044,0.6610821667748481,0.18982341247531642,-0.06023837086438953,0.5531057346690972
1779787800.9460294,10.0,10.0,7.10073306209331,0.14610170195889477,-0.027700586293681564,0.6613350444133897,0.18982341247531642,-0.06023837086438953,0.5531057346690972
1779787800.956019,10.0,10.0,7.349865119093531,0.14596614444265543,-0.027809901459910087,0.6615903203161784,0.19022856213587724,-0.060299766592119546,0.5531057346690972
1779787800.9660683,10.0,10.0,7.63554127169768,0.14584893628478907,-0.02791594920911095,0.6618395214274048,0.190628057741344,-0.06035698561855453,0.5531057346690972
1779787800.9759786,10.0,10.0,7.959601101877556,0.145770259259126,-0.028027585478691042,0.6620789196278235,0.19103989052305154,-0.06041253295560056,0.5531057346690972
1779787800.9860117,10.0,10.0,8.28575427825414,0.14573181012875333,-0.028146696690421278,0.6623194742616648,0.191457785606495,-0.06046534140669528,0.5531057346690972
1779787800.995988,10.0,10.0,8.569433470047645,0.1457084391149928,-0.028260024642110068,0.6625324627745725,0.19186626705079135,-0.06051350878266598,0.5531057346690972
1779787801.0059588,10.0,10.0,8.81370496908301,0.14569481078601332,-0.028370201669660918,0.6627203740251448,0.19228227106932363,-0.060559066526074255,0.5531057346690972
1779787801.0159647,10.0,10.0,9.028325714429602,0.1457015055370174,-0.02847159079147787,0.6628750775219162,0.19269059764061536,-0.060600361296461985,0.5531057346690972
1779787801.0260103,10.0,10.0,9.220132273535842,0.1457342654404643,-0.028568129776751276,0.6629968283291892,0.19310933024011026,-0.060639196308413655,0.5531057346690972
1779787801.0359895,10.0,10.0,9.388323203897853,0.14578905801297176,-0.02865843647117277,0.6630815935781721,0.19353230205602212,-0.06067482235874144,0.5531057346690972
1779787801.04596,10.0,10.0,9.54105166495204,0.14586340597067854,-0.02874081080388433,0.6631273172655311,0.1939342381102407,-0.060705328991091184,0.5531057346690972
1779787801.055976,10.0,10.0,9.666699403126806,0.14594319293583513,-0.02881392351102714,0.6631459303169179,0.19434566777723228,-0.060733183797703566,0.5531057346690972
1779787801.0659707,10.0,10.0,9.749756495148201,0.14602269514375293,-0.02887706620206948,0.6631506423910122,0.1947512715614615,-0.060757310074684545,0.5531057346690972
1779787801.0759695,10.0,10.0,9.811829247578036,0.14611536696514615,-0.028928255740426664,0.663142691949937,0.1951557135758845,-0.06077807592474227,0.5531057346690972
1779787801.085974,10.0,10.0,9.813192672521835,0.1462168986685418,-0.028970618085670405,0.6631222276538553,0.19557655264618254,-0.06079619890660796,0.5531057346690972
1779787801.0960233,10.0,10.0,9.772997393395043,0.14632334455452306,-0.029004237350965294,0.6630871815882806,0.19597983847133768,-0.06081023477009631,0.5531057346690972
1779787801.1059842,10.0,10.0,9.664993649339209,0.14643531286162664,-0.029036386821225606,0.6630323410846906,0.1964035098381779,-0.06082147155484411,0.5531057346690972
1779787801.1160445,10.0,10.0,9.516137524747228,0.14655214411919965,-0.029070086431723683,0.6629529189744221,0.19682797014290976,-0.0608291265368601,0.5531057346690972
1779787801.1260042,10.0,10.0,9.301056209751353,0.14665350362081728,-0.02910055737609384,0.6628588487816212,0.19723612670815352,-0.06083308806313404,0.5531057346690972
1779787801.1360223,10.0,10.0,9.035275353460666,0.1467396030699302,-0.029127515293763846,0.6627591662390871,0.19765124164945902,-0.06083369938627336,0.5531057346690972
1779787801.1460004,10.0,10.0,8.771088512129806,0.14682636585055994,-0.029155443086984686,0.6626559230036304,0.19765124164945902,-0.06083369938627336,0.5531057346690972
1779787801.1559741,10.0,10.0,8.525787529415386,0.14690680437510706,-0.029180200273169477,0.6625683421745157,0.19805617301064787,-0.060830974998026796,0.5531057346690972
1779787801.1659913,10.0,10.0,8.282000926342091,0.14698453417218094,-0.029204892017769428,0.662494009925105,0.19847601653317637,-0.06082468684295975,0.5531057346690972
1779787801.1759706,10.0,10.0,8.046578252698826,0.14705163704279095,-0.029225900173610934,0.6624380289658596,0.19888090249867024,-0.060815281618800975,0.5531057346690972
1779787801.1859887,10.0,10.0,7.8272128852090885,0.147109048298477,-0.029246426213600567,0.6624062612070507,0.19929615972938786,-0.06080222589338716,0.5531057346690972
1779787801.19597,10.0,10.0,7.61683699067541,0.14715429847112133,-0.02926624028868305,0.6623891454238129,0.19970288440012268,-0.06078608883523107,0.5531057346690972
1779787801.2060597,10.0,10.0,7.421043580259767,0.147181751471546,-0.029282454238259887,0.6623762278442271,0.20012359345310227,-0.06076590574526722,0.5531057346690972
1779787801.2159948,10.0,10.0,7.245620974570716,0.14718735605957547,-0.029296373600524263,0.6623680978491886,0.20053323858588196,-0.060742837999341215,0.5531057346690972
1779787801.2259789,10.0,10.0,7.082236315666996,0.14717622990108695,-0.029304842198442437,0.6623669529406458,0.2009464889294881,-0.060716147902447774,0.5531057346690972
1779787801.2360072,10.0,10.0,6.959980740949268,0.14715122464458952,-0.02930967059347656,0.6623831246684031,0.2013490903083119,-0.06068683762707252,0.5531057346690972
1779787801.2459974,10.0,10.0,6.862286384938075,0.14711688550915009,-0.02931719501284406,0.6624203321591251,0.20176975403042224,-0.06065271830226551,0.5531057346690972
1779787801.2559583,10.0,10.0,6.762003418425159,0.14706794603010076,-0.0293274568035772,0.6624885851559761,0.20217196812251179,-0.06061674947403914,0.5531057346690972
1779787801.2659376,10.0,10.0,6.695041182005837,0.1470032722420038,-0.02934087183064712,0.6625805714219754,0.2025776281150897,-0.06057715212017657,0.5531057346690972
1779787801.2760422,10.0,10.0,6.66776430459734,0.14693038999422303,-0.02935845110737961,0.6627045916140535,0.20297955793061656,-0.060534622383717235,0.5531057346690972
1779787801.2859821,10.0,10.0,6.660353203801873,0.14684477014792793,-0.02938555513864204,0.6628569180975871,0.2033795292577294,-0.060489034179653206,0.5531057346690972
1779787801.2959573,10.0,10.0,6.67621539239444,0.14674599681846529,-0.02943078894976931,0.6630372915375383,0.20378568541266315,-0.060439398103226065,0.5531057346690972
1779787801.305996,10.0,10.0,6.747135953632207,0.14663663865509385,-0.02947547963506945,0.6632422367499023,0.20419953568083565,-0.06038534639643662,0.5531057346690972
1779787801.315976,10.0,10.0,6.869860554997965,0.14651705831623554,-0.029511347390038398,0.6634677516223706,0.2046049264444404,-0.060328987441069536,0.5531057346690972
1779787801.3260176,10.0,10.0,7.031231547900046,0.14640011591679927,-0.0295485799787304,0.6637107575010242,0.20500911095039206,-0.06026942279421221,0.5531057346690972
1779787801.3359852,10.0,10.0,7.227255604361236,0.14627609406087363,-0.029587565708265928,0.663954144048775,0.20541032786118882,-0.06020695208613559,0.5531057346690972
1779787801.345979,10.0,10.0,7.425745484240452,0.1461560852806526,-0.029626789830583936,0.6641962958159859,0.20581679869781538,-0.060140253532781934,0.5531057346690972
1779787801.3559818,10.0,10.0,7.644642571620471,0.14605504597757857,-0.029657902966979836,0.6644276137778479,0.2062151205237009,-0.06007154932961499,0.5531057346690972
1779787801.3659642,10.0,10.0,7.911704867854228,0.1459653884087164,-0.02969255641926756,0.6646508703552557,0.20661848987392356,-0.05999858806601443,0.5531057346690972
1779787801.3760142,10.0,10.0,8.15922148429339,0.14590775399253267,-0.029727418414019293,0.6648617179278312,0.20661848987392356,-0.05999858806601443,0.5531057346690972
1779787801.3860574,10.0,10.0,8.376943003971451,0.14586595212995854,-0.029768014944946863,0.6650697220834272,0.20702883227935753,-0.0599208532591094,0.5531057346690972
1779787801.3959904,10.0,10.0,8.573743077629674,0.1458563770603039,-0.029816599507417545,0.6652588974512786,0.20743276750953948,-0.05984085611165102,0.5531057346690972
1779787801.4059591,10.0,10.0,8.768961367704781,0.14587691542423237,-0.029863953261269602,0.6654247461156797,0.20783004913260347,-0.05975879616910205,0.5531057346690972
1779787801.415967,10.0,10.0,8.962095954814712,0.1459201075378203,-0.02990780288059629,0.6655666523834701,0.20822502545615867,-0.05967387227679613,0.5531057346690972
1779787801.4260309,10.0,10.0,9.109449706871448,0.14597566447666105,-0.0299549173231405,0.665674300172756,0.208623254002811,-0.059584859775416193,0.5531057346690972
1779787801.4360292,10.0,10.0,9.225796716816486,0.1460429860520299,-0.029993104707232012,0.665742143790288,0.20901541678405272,-0.0594938591094775,0.5531057346690972
1779787801.4459624,10.0,10.0,9.319508411463133,0.14612629083095754,-0.03002329473841538,0.6657775896628915,0.20940742263091217,-0.05939955979013972,0.5531057346690972
1779787801.4559622,10.0,10.0,9.382189430398487,0.14620710460485445,-0.030049382481339117,0.6657878931546215,0.20981361231680046,-0.05929831011829004,0.5531057346690972
1779787801.4659579,10.0,10.0,9.419501975601449,0.14629162497811793,-0.03007422758104659,0.6657759560275048,0.21020456644551955,-0.05919743618176963,0.5531057346690972
1779787801.4760215,10.0,10.0,9.436304233294193,0.14638200383872804,-0.0301025047490287,0.665746908853658,0.21059809657149003,-0.059092486182534876,0.5531057346690972
1779787801.4860544,10.0,10.0,9.406105585496983,0.14648017654022516,-0.030128307217082536,0.665698910313758,0.2109857754662732,-0.058985728264328345,0.5531057346690972
1779787801.496031,10.0,10.0,9.315103366141377,0.14658868946493162,-0.03016035552866523,0.6656337814736444,0.21137508590018295,-0.0588751342061022,0.5531057346690972
1779787801.5060394,10.0,10.0,9.187841238557757,0.14670728066876842,-0.03019557272001822,0.6655429083178505,0.21176437164190845,-0.058761130061763894,0.5531057346690972
1779787801.516008,10.0,10.0,9.019716195923003,0.14680719385714086,-0.030226964368551917,0.6654384020644906,0.21215277992767156,-0.058643953093650336,0.5531057346690972
1779787801.5260007,10.0,10.0,8.792657613380522,0.14689943396515903,-0.03025314881683336,0.665324913831447,0.21254090421719812,-0.05852341440052102,0.5531057346690972
1779787801.5359685,10.0,10.0,8.542681006265736,0.14698096176209516,-0.030281769919459658,0.6652094995351759,0.21292239078224334,-0.05840155353854032,0.5531057346690972
1779787801.5459766,10.0,10.0,8.313193391351211,0.14706038209512623,-0.03030829211830667,0.6651009944892652,0.21332466527357397,-0.05826938995363224,0.5531057346690972
1779787801.5559742,10.0,10.0,8.07608092676787,0.1471350615294639,-0.03033636812733158,0.6650062760481223,0.21370661338117633,-0.05814039695694048,0.5531057346690972
1779787801.5659626,10.0,10.0,7.845230909817109,0.1472035137294472,-0.030359953238778308,0.664931089189465,0.21409552142003016,-0.058005513446823594,0.5531057346690972
1779787801.5759656,10.0,10.0,7.633345847846558,0.1472637856943729,-0.03037846936023026,0.6648774702727387,0.2144724561224129,-0.05787134507948171,0.5531057346690972
1779787801.5860348,10.0,10.0,7.428852355972534,0.14731508374696994,-0.030394510118089493,0.6648511680749385,0.2148492853332185,-0.05773380257348371,0.5531057346690972
1779787801.5961301,10.0,10.0,7.250062421354173,0.14735469144436222,-0.0304045195701158,0.664839892717877,0.2152389923130521,-0.05758793958573882,0.5531057346690972
1779787801.6059747,10.0,10.0,7.0883211389904055,0.14737402408787117,-0.030411270866319694,0.6648414305322207,0.21564565387750695,-0.05743176906867826,0.5531057346690972
1779787801.6159854,10.0,10.0,6.909261213813011,0.1473703699702925,-0.030411693128646635,0.6648502995296771,0.21602122948938451,-0.05728390783801394,0.5531057346690972
1779787801.6259584,10.0,10.0,6.741223668933587,0.14735075738635814,-0.030412665238381216,0.6648763247231619,0.21641268850227582,-0.05712604779685143,0.5531057346690972
1779787801.6359982,10.0,10.0,6.621292159820897,0.14732158311207566,-0.030412897668666075,0.6649302180853642,0.21641268850227582,-0.05712604779685143,0.5531057346690972
1779787801.6459644,10.0,10.0,6.534687944335854,0.14727572762655422,-0.030415602157555763,0.665016602857363,0.21678680770318556,-0.05697157165839051,0.5531057346690972
1779787801.6560357,10.0,10.0,6.454329501660534,0.14721482350951787,-0.030423508952917545,0.6651361730007543,0.21717118953461523,-0.05680914680630404,0.5531057346690972
1779787801.6659582,10.0,10.0,6.407550672056376,0.1471528543004442,-0.030428982065789926,0.6652908082133628,0.2175540885518591,-0.056643569469573274,0.5531057346690972
1779787801.6759694,10.0,10.0,6.404438114037464,0.14708264221465145,-0.030435246449135343,0.6654706823728878,0.21792798860990517,-0.05647820437844031,0.5531057346690972
1779787801.685969,10.0,10.0,6.428838900502463,0.14699446310355563,-0.030442879580755627,0.665682851571309,0.21829433774781934,-0.05631261428753934,0.5531057346690972
1779787801.6959784,10.0,10.0,6.477240051147838,0.14689198537789547,-0.030454888993368352,0.6659229544085609,0.21866470655382678,-0.05614158109639408,0.5531057346690972
1779787801.7060094,10.0,10.0,6.565560512677154,0.14677705601877622,-0.03046684700650433,0.6661826520159522,0.2190368422697317,-0.05596601816988836,0.5531057346690972
1779787801.716004,10.0,10.0,6.69889731329432,0.1466603048931472,-0.03047744741831306,0.6664621460231265,0.2194662938021389,-0.05575873148574742,0.5531057346690972
1779787801.7259953,10.0,10.0,6.890118783327345,0.1465366297291276,-0.0304929284181779,0.6667594564326519,0.21983723820070628,-0.05557559410809892,0.5531057346690972
1779787801.7359724,10.0,10.0,7.114651279969561,0.146414740497316,-0.03050862054196656,0.6670722907758457,0.22019873059587522,-0.05539342825956495,0.5531057346690972
1779787801.7460034,10.0,10.0,7.328390599692779,0.1463027592454815,-0.030520858509177864,0.6673844483745416,0.22055458834874636,-0.05521049538110964,0.5531057346690972
1779787801.7559662,10.0,10.0,7.576395111961887,0.14620542726836186,-0.030531888032140728,0.6676945851373026,0.22091547010107765,-0.055021279735927325,0.5531057346690972
1779787801.7660215,10.0,10.0,7.830325244650159,0.14612492228781476,-0.030541791323608708,0.6679952606845282,0.22127645473037774,-0.054828234619290955,0.5531057346690972
1779787801.7759845,10.0,10.0,8.06842479337408,0.14607723767772865,-0.030558305960962255,0.6682905479226305,0.22162981554637579,-0.054635561223580736,0.5531057346690972
1779787801.7860353,10.0,10.0,8.28856634911585,0.14606263310973783,-0.030574429786999962,0.6685770857248354,0.22199440091868272,-0.05443287341858832,0.5531057346690972
1779787801.7959409,10.0,10.0,8.495244446719907,0.1460730415817546,-0.030593247947511816,0.6688387628400632,0.22234343276537874,-0.05423507630148513,0.5531057346690972
1779787801.8059812,10.0,10.0,8.690916950238032,0.14610530086495715,-0.030615789465202266,0.6690659631247251,0.22270166590940238,-0.05402819021023578,0.5531057346690972
1779787801.8160107,10.0,10.0,8.866408931612975,0.1461609516563939,-0.030633643221805524,0.6692599582534391,0.22305339592698503,-0.053821186704459324,0.5531057346690972
1779787801.8259866,10.0,10.0,9.003307273484351,0.14623461811594407,-0.03065636591937557,0.6694028902714451,0.22340399714654868,-0.05361097265258545,0.5531057346690972
1779787801.8359816,10.0,10.0,9.125225999350077,0.1463131626500304,-0.030679246110963725,0.6695002698702083,0.22340399714654868,-0.05361097265258545,0.5531057346690972
1779787801.8459852,10.0,10.0,9.232450691894844,0.1464027406333112,-0.03070418948822528,0.6695519845475002,0.2237631524353173,-0.05339155835870307,0.5531057346690972
1779787801.856007,10.0,10.0,9.306282385348874,0.1464841530965578,-0.030728506697464367,0.6695667395385484,0.22410426210459988,-0.05317929551514261,0.5531057346690972
1779787801.865955,10.0,10.0,9.335538337365614,0.14656417902066413,-0.03075483159953449,0.6695669580788418,0.2244545690188404,-0.052957321442948485,0.5531057346690972
1779787801.8759978,10.0,10.0,9.332483026777115,0.14665227532122152,-0.030781276630344315,0.6695544974645284,0.2247921777778547,-0.052739510111655286,0.5531057346690972
1779787801.8860962,10.0,10.0,9.315449246572324,0.1467552789391799,-0.030815655575372962,0.6695222209628415,0.22513706793748492,-0.05251300215790636,0.5531057346690972
1779787801.8960514,10.0,10.0,9.240893926468432,0.14686338506549332,-0.030847823821409454,0.6694708732153694,0.2254814082131651,-0.05228275777166324,0.5531057346690972
1779787801.9059908,10.0,10.0,9.106010650176957,0.1469809021581179,-0.030884012590330145,0.6693929069667993,0.22582077625873512,-0.0520517651969745,0.5531057346690972
1779787801.9160464,10.0,10.0,8.93542605076037,0.14708637400616947,-0.030917346020495704,0.6693008854074364,0.22615868266028039,-0.05181768215961715,0.5531057346690972
1779787801.9259825,10.0,10.0,8.719080263425692,0.14718296947831871,-0.030946101399140516,0.6691976871856944,0.22650942431108606,-0.05157032044647418,0.5531057346690972
1779787801.9360092,10.0,10.0,8.487615444204854,0.14728144181719477,-0.03097616588878832,0.669098305888106,0.22683858190555511,-0.05133404408809401,0.5531057346690972
1779787801.9460185,10.0,10.0,8.247226556566586,0.1473757727259506,-0.031001945721466483,0.6690110570146685,0.22717073707304933,-0.0510914823260911,0.5531057346690972
1779787801.9559953,10.0,10.0,7.984920557043355,0.1474663784736379,-0.031030993726438364,0.6689391191696893,0.22749483611909166,-0.05085072913624766,0.5531057346690972
1779787801.9659612,10.0,10.0,7.716042275353306,0.1475473220169446,-0.031056917259155572,0.6688892798193748,0.2278232725619334,-0.05060257277553653,0.5531057346690972
1779787801.9759648,10.0,10.0,7.469321855072404,0.1476177882675399,-0.0310786261169071,0.6688526408224357,0.2281466412229962,-0.05035405668880061,0.5531057346690972
1779787801.98597,10.0,10.0,7.272290648311541,0.14768056842473565,-0.03109826692217534,0.668826621302479,0.22846490137718992,-0.05010533132750673,0.5531057346690972
1779787801.995998,10.0,10.0,7.08069697704984,0.1477250965879245,-0.031113489523038784,0.6688067720969546,0.22879644950370762,-0.04984177328162916,0.5531057346690972
1779787802.0059783,10.0,10.0,6.903872854891128,0.14774575949758978,-0.03112268025966455,0.668793955444481,0.22911513231920477,-0.04958407917124957,0.5531057346690972
1779787802.0159984,10.0,10.0,6.74778799183522,0.14775258894244336,-0.031123102289483704,0.6687897692074108,0.22943003669447593,-0.04932515421597869,0.5531057346690972
1779787802.0259945,10.0,10.0,6.626459182290482,0.14774204965238197,-0.031121690898356435,0.6688035365840099,0.22974605138543258,-0.049060945664302844,0.5531057346690972
1779787802.0360727,10.0,10.0,6.541178284771989,0.14771353662213252,-0.031114908145839965,0.6688465333166147,0.2300747110241092,-0.048781422266860754,0.5531057346690972
1779787802.0460095,10.0,10.0,6.484429030437683,0.1476748869570211,-0.031104261448641132,0.668914296485392,0.23038891948478493,-0.048509570042274075,0.5531057346690972
1779787802.0560143,10.0,10.0,6.430168409650112,0.14761660689052616,-0.031088577172725857,0.6690136540976488,0.23038891948478493,-0.048509570042274075,0.5531057346690972
1779787802.0659592,10.0,10.0,6.383110634421894,0.14755316842082639,-0.03107041836660821,0.6691421140914963,0.23069305966232817,-0.04824203377996062,0.5531057346690972
1779787802.0760012,10.0,10.0,6.371532239292364,0.14748438352143142,-0.031052945580519756,0.6692962176891937,0.23099820100673968,-0.047969176914185084,0.5531057346690972
1779787802.086019,10.0,10.0,6.39294319924331,0.14740536648594965,-0.031033016143941727,0.6694748745160647,0.23132279863676433,-0.04767392997925816,0.5531057346690972
1779787802.0959725,10.0,10.0,6.4373972037142995,0.14731427504971437,-0.03101333149581176,0.6696833789176267,0.23162373288702653,-0.04739550286992712,0.5531057346690972
1779787802.1059754,10.0,10.0,6.520680235140188,0.14721269230455739,-0.030996145885582964,0.6699201310810956,0.2319288752785575,-0.04710845137960239,0.5531057346690972
1779787802.11603,10.0,10.0,6.6369055308367635,0.1471007773153591,-0.030977467213441714,0.6701801728535358,0.23222912889445269,-0.04682123871570831,0.5531057346690972
1779787802.1260366,10.0,10.0,6.788985009143751,0.14699150121192686,-0.030957620267592016,0.670465866741127,0.23252017144141335,-0.04653822222441411,0.5531057346690972
1779787802.1360877,10.0,10.0,6.973522499715454,0.14688431470658458,-0.03093454743792058,0.6707542105275065,0.2328201451554781,-0.046241650296502894,0.5531057346690972
1779787802.1460829,10.0,10.0,7.18699292609003,0.14678646842325285,-0.03091043211886129,0.6710488134390465,0.23311178386266504,-0.04594846105016428,0.5531057346690972
1779787802.156025,10.0,10.0,7.422286477174014,0.14669833341976246,-0.030886742411890176,0.671338271240539,0.23341182145908274,-0.04564170129994013,0.5531057346690972
1779787802.1659966,10.0,10.0,7.651575072230458,0.1466260850934733,-0.030865562218679195,0.6716208522568758,0.23371126793303643,-0.04533022459369356,0.5531057346690972
1779787802.1760123,10.0,10.0,7.863966605878071,0.1465771023158856,-0.03085317571471392,0.671904343014363,0.23400330147426596,-0.04502119946019741,0.5531057346690972
1779787802.1859758,10.0,10.0,8.06470145340283,0.14654567626359538,-0.03084573031640961,0.6721796645800288,0.23429590779265813,-0.044706215831922885,0.5531057346690972
1779787802.1959515,10.0,10.0,8.25238200430516,0.14652153265769732,-0.03084277796188822,0.6724421661325729,0.23457209681287294,-0.044403854216318844,0.5531057346690972
1779787802.2059817,10.0,10.0,8.420381918284304,0.14651549955358323,-0.03084331659206032,0.6726768991650325,0.23457209681287294,-0.044403854216318844,0.5531057346690972
1779787802.2159755,10.0,10.0,8.586725859758076,0.14652758658871307,-0.030848399330202118,0.6728744117598708,0.23485620398655002,-0.0440875624270229,0.5531057346690972
1779787802.2260067,10.0,10.0,8.743878884578335,0.14654874438917012,-0.030855724786233368,0.6730428046617754,0.23512808246028047,-0.043779747697211845,0.5531057346690972
1779787802.2360256,10.0,10.0,8.898180391985093,0.14658971290813336,-0.030869757616130755,0.6731675877726919,0.23539840575204918,-0.04346857001352183,0.5531057346690972
1779787802.2460678,10.0,10.0,9.055124443148145,0.14664815814113122,-0.03088772289939256,0.6732513737917253,0.235671875446621,-0.043148420807052355,0.5531057346690972
1779787802.2560117,10.0,10.0,9.18790924760822,0.14672074868208065,-0.030909485620503382,0.6732958543339466,0.2359339974913111,-0.042836357065935464,0.5531057346690972
1779787802.2660239,10.0,10.0,9.271850426772234,0.14680639034266707,-0.030933976310058005,0.6733067974071864,0.2361950104691393,-0.042520405633862,0.5531057346690972
1779787802.2760663,10.0,10.0,9.30089843136205,0.14689591443932323,-0.030956024903133258,0.6732997604240769,0.2364573445039338,-0.042197459791821816,0.5531057346690972
1779787802.285979,10.0,10.0,9.290861087397321,0.14698671709702565,-0.0309778964849041,0.6732852329306319,0.23672211479559876,-0.04186585882374548,0.5531057346690972
1779787802.2960205,10.0,10.0,9.249295389161,0.14708430553499494,-0.03100130173669029,0.6732616626930201,0.23697664133556498,-0.04154155987703848,0.5531057346690972
1779787802.3059905,10.0,10.0,9.15143893912768,0.14718508692605325,-0.031025608535290343,0.6732228123051297,0.237230550607178,-0.04121247373741939,0.5531057346690972
1779787802.3160136,10.0,10.0,9.004259928011516,0.14729177889576292,-0.031053790638876266,0.6731671517385572,0.23748947575719553,-0.04087096384427908,0.5531057346690972
1779787802.3259833,10.0,10.0,8.80513084693105,0.14739504644607979,-0.03108048904552022,0.6731072033711266,0.2377335884733129,-0.040543329522364044,0.5531057346690972
1779787802.3360298,10.0,10.0,8.586639970857593,0.1475030178480247,-0.031109222515572087,0.673049446778627,0.23797381562622177,-0.04021536399259371,0.5531057346690972
1779787802.346061,10.0,10.0,8.37087903705549,0.14761173873514435,-0.031138826585582296,0.6729934052097962,0.23822018740244036,-0.03987309872735777,0.5531057346690972
1779787802.3560584,10.0,10.0,8.160523990023654,0.14771406838077314,-0.031169554605311525,0.6729436210598193,0.23846074816868595,-0.03953292751070894,0.5531057346690972
1779787802.3659618,10.0,10.0,7.953584295901243,0.14781280244656805,-0.03119977397341798,0.6728963178913532,0.2386955317481359,-0.0391950244521809,0.5531057346690972
1779787802.3759747,10.0,10.0,7.75466623931535,0.1478973186747795,-0.031226616664238024,0.6728534007771844,0.23894066412470982,-0.038835776330488805,0.5531057346690972
1779787802.3859813,10.0,10.0,7.554574901754023,0.1479674827782847,-0.031249664711695303,0.6728151648536496,0.239166631361932,-0.03849855962765178,0.5531057346690972
1779787802.396021,10.0,10.0,7.366290824231064,0.14802588231950908,-0.031270115148387165,0.6727833346219086,0.239166631361932,-0.03849855962765178,0.5531057346690972
1779787802.405994,10.0,10.0,7.198541180825346,0.14806750766920548,-0.03128439724780023,0.6727583836003849,0.23939591141185845,-0.03815023437669142,0.5531057346690972
1779787802.4159875,10.0,10.0,7.0476852534736905,0.14808738607266336,-0.031292604262112965,0.6727407430511917,0.23962097355657497,-0.037802046262139455,0.5531057346690972
1779787802.4260194,10.0,10.0,6.905492016476775,0.14809178182520094,-0.031292607067585076,0.6727345490600648,0.23986136603092628,-0.03742300182329954,0.5531057346690972
1779787802.4359915,10.0,10.0,6.786428033933932,0.14807624653014181,-0.03128683570268557,0.6727406143198886,0.24007750999535055,-0.03707563795377096,0.5531057346690972
1779787802.4460135,10.0,10.0,6.707636564038418,0.1480418929483596,-0.03127912751857358,0.6727697127466703,0.24028719996383205,-0.036732470699116546,0.5531057346690972
1779787802.4560518,10.0,10.0,6.654970747225606,0.148001782312104,-0.03126714223687948,0.6728266566198181,0.24050236891537388,-0.03637375473423515,0.5531057346690972
1779787802.465983,10.0,10.0,6.630861152032979,0.14795250725627684,-0.03125165069572193,0.6729202095504992,0.24071069175952228,-0.036019833767014356,0.5531057346690972
1779787802.4760146,10.0,10.0,6.624413885092248,0.14789576195901885,-0.03123496974599867,0.6730465744888205,0.24091409989023144,-0.035667710266645156,0.5531057346690972
1779787802.4860573,10.0,10.0,6.619795875675231,0.14782858887575515,-0.031218108520836403,0.6732194717883709,0.24111559889459902,-0.03531223181231933,0.5531057346690972
1779787802.495984,10.0,10.0,6.621623440416405,0.14775619572477747,-0.031196790905933566,0.6734252894704961,0.24131281750970934,-0.03495760333180149,0.5531057346690972
1779787802.506021,10.0,10.0,6.66784722226975,0.14767258055912824,-0.031176206863652387,0.6736642471667114,0.24151813339437678,-0.03458104929733959,0.5531057346690972
1779787802.5160387,10.0,10.0,6.735968172999609,0.14757861884501183,-0.031153895814348572,0.6739427668207855,0.24171060495485885,-0.034220910453708495,0.5531057346690972
1779787802.5259778,10.0,10.0,6.8478623311912115,0.1474843595959684,-0.03113446375138018,0.6742327491135718,0.24190852753186887,-0.033843015619429484,0.5531057346690972
1779787802.5359905,10.0,10.0,7.016664318622458,0.14739009469366254,-0.031109070278652503,0.674544381682993,0.24209492874855046,-0.03347977203240676,0.5531057346690972
1779787802.5459802,10.0,10.0,7.174866219665332,0.14729398132368915,-0.031080097086663705,0.6748633550080666,0.2422801934124179,-0.03311133028405884,0.5531057346690972
1779787802.5560844,10.0,10.0,7.343893336696015,0.14720590854754548,-0.031055855302058434,0.6751866629932974,0.24246477490517415,-0.032736526517614876,0.5531057346690972
1779787802.5659833,10.0,10.0,7.5449120547884005,0.14712946015701484,-0.031031713671633772,0.6754991481537386,0.24246477490517415,-0.032736526517614876,0.5531057346690972
1779787802.5760794,10.0,10.0,7.762742599862726,0.14706231443732515,-0.031006394889480773,0.675798311460185,0.2426520740162072,-0.03234791278033902,0.5531057346690972
1779787802.5859904,10.0,10.0,7.966468223633539,0.1470179069553242,-0.030996471347050678,0.6760775402609228,0.24282623369359274,-0.031978665791698585,0.5531057346690972
1779787802.5959895,10.0,10.0,8.156064531611946,0.14699787434911965,-0.030993683576886054,0.676336993481599,0.24299670663463716,-0.03160946705131183,0.5531057346690972
1779787802.606009,10.0,10.0,8.330376102655766,0.14698385046622947,-0.030991645255311676,0.6765647741264417,0.24316405978210678,-0.031239143365077587,0.5531057346690972
1779787802.6159782,10.0,10.0,8.479459050884161,0.14697391163319456,-0.030993365029191745,0.6767555427348527,0.24333069855343376,-0.030862209211870224,0.5531057346690972
1779787802.62604,10.0,10.0,8.620579866321082,0.1469731091288131,-0.03099346110100976,0.6769126105713293,0.24349380189473296,-0.030484903837812098,0.5531057346690972
1779787802.635998,10.0,10.0,8.738634249075451,0.14699009565281124,-0.030998458431417835,0.6770328407811592,0.24365783392217033,-0.03009660566646922,0.5531057346690972
1779787802.6459887,10.0,10.0,8.845102772480578,0.1470270471754069,-0.031007037397145665,0.6771132285378502,0.2438125835329822,-0.0297216591007909,0.5531057346690972
1779787802.6559856,10.0,10.0,8.947729901799566,0.1470868853520492,-0.03102239895079998,0.6771530126445676,0.24396994840752878,-0.02933125653954596,0.5531057346690972
1779787802.666034,10.0,10.0,9.02841047639221,0.14715623370511272,-0.031036509360003624,0.677161960373249,0.24411727193953714,-0.028956906897913373,0.5531057346690972
1779787802.6760044,10.0,10.0,9.087472946566741,0.1472319156792669,-0.031048639126645693,0.6771526805033445,0.2442733325473154,-0.028550395326094033,0.5531057346690972
1779787802.6859758,10.0,10.0,9.093131570270813,0.1473111915957541,-0.031052028637234195,0.6771287451896411,0.24442079445005027,-0.028156227100858158,0.5531057346690972
1779787802.6959944,10.0,10.0,9.048417966353814,0.14740326549406582,-0.03105737367916017,0.6770814172831493,0.2445608828881351,-0.02777208578842218,0.5531057346690972
1779787802.7060597,10.0,10.0,8.986252659743258,0.14751264520213087,-0.031064310085811772,0.6770129906635526,0.24469687472470258,-0.027389520746175688,0.5531057346690972
1779787802.7160218,10.0,10.0,8.900836010639235,0.14763009420353676,-0.031072231312382573,0.6769264284385148,0.24482992962843803,-0.027005354722679186,0.5531057346690972
1779787802.726011,10.0,10.0,8.761561641324318,0.14774790673901178,-0.031083180068171148,0.6768211697901299,0.24495991223363495,-0.026619951923017637,0.5531057346690972
1779787802.7360237,10.0,10.0,8.567265257571915,0.14786965132224392,-0.031096969550304714,0.6767122015853257,0.24508959000251748,-0.026224745845896694,0.5531057346690972
1779787802.7460403,10.0,10.0,8.361299886773743,0.14799220092051482,-0.031111306040501815,0.6766032575007087,0.24521474533322704,-0.02583238797106443,0.5531057346690972
1779787802.7560234,10.0,10.0,8.152648816547364,0.148113047123267,-0.031124712152523288,0.6765073949371584,0.24533558656971627,-0.0254425420594318,0.5531057346690972
1779787802.7660007,10.0,10.0,7.933991768701674,0.14822584921070156,-0.031139775969314207,0.676420720522947,0.24545277765481963,-0.025053286614509278,0.5531057346690972
1779787802.7759984,10.0,10.0,7.732879518651601,0.14832867739949862,-0.03116008947373023,0.6763554385551634,0.24556823294884916,-0.02465811198595986,0.5531057346690972
1779787802.785998,10.0,10.0,7.536977397263291,0.14841775908339996,-0.031180164155599634,0.6763039658838097,0.24556823294884916,-0.02465811198595986,0.5531057346690972
1779787802.7959929,10.0,10.0,7.3430810403675855,0.14848562715157154,-0.031196707729912693,0.676265076306814,0.24567925280215225,-0.02426622358469884,0.5531057346690972
1779787802.8060253,10.0,10.0,7.149385404005085,0.14852582613637277,-0.03121528919554333,0.6762307770720402,0.2457912312061284,-0.023858054542373747,0.5531057346690972
1779787802.8159547,10.0,10.0,6.954699702071647,0.1485489794164628,-0.031225262896797747,0.6762022725698086,0.24589491098264873,-0.02346749850810981,0.5531057346690972
1779787802.8259885,10.0,10.0,6.777555086114983,0.14855223854860383,-0.031226516884234598,0.6761900686009418,0.24600013589151096,-0.023057471510116053,0.5531057346690972
1779787802.835999,10.0,10.0,6.631884498129726,0.14853436760438582,-0.0312223271537317,0.6761993185840016,0.24609702294899272,-0.02266655036042498,0.5531057346690972
1779787802.8460066,10.0,10.0,6.515824120039823,0.14849877748345683,-0.031215020650983253,0.6762312749625317,0.24619520473520426,-0.022255927299489886,0.5531057346690972
1779787802.8560429,10.0,10.0,6.4559934421354805,0.1484492125288456,-0.03120236749356473,0.6762897901972748,0.24629100220343908,-0.021839676267844492,0.5531057346690972
1779787802.8659904,10.0,10.0,6.426728810124984,0.1483921647127943,-0.031185047470710776,0.6763844400666869,0.24637856625726837,-0.021444169427247563,0.5531057346690972
1779787802.875981,10.0,10.0,6.410195182659385,0.14832924525689092,-0.03116523742064441,0.6765217365314902,0.246466458735208,-0.021031009254780436,0.5531057346690972
1779787802.886075,10.0,10.0,6.401895680710761,0.14825791524311166,-0.031145359747455928,0.676695225465724,0.24654748758134845,-0.020633997107681497,0.5531057346690972
1779787802.8959827,10.0,10.0,6.420911518424585,0.14818106802602465,-0.031121570070454296,0.6768975527523796,0.24662714990354223,-0.02022665571765403,0.5531057346690972
1779787802.9060025,10.0,10.0,6.47622558231751,0.14809229159097834,-0.031094086824934083,0.6771443147828367,0.24670199019367664,-0.019826535183531925,0.5531057346690972
1779787802.915966,10.0,10.0,6.563113270832409,0.14799314359947585,-0.031066940746079845,0.677427712020258,0.24677682865383319,-0.019407119586971864,0.5531057346690972
1779787802.9260068,10.0,10.0,6.688572956041368,0.14788863511821743,-0.031043124914475473,0.6777325270796423,0.2468456538256133,-0.01900181195066957,0.5531057346690972
1779787802.9359975,10.0,10.0,6.844183226991852,0.1477878160729762,-0.031018395219115712,0.678057077038557,0.24691092868161107,-0.018597323328967814,0.5531057346690972
1779787802.9460044,10.0,10.0,7.039362913337488,0.14768437367438023,-0.03098991731851312,0.6783833791515766,0.24697357767212635,-0.01818766872189745,0.5531057346690972
1779787802.9560044,10.0,10.0,7.223327726966706,0.14758930969062753,-0.03096141228203891,0.6787031547145379,0.24703197260711426,-0.017783614476565745,0.5531057346690972
1779787802.9659965,10.0,10.0,7.440030333186303,0.14750657657324415,-0.03093430428156115,0.6790003676675326,0.2470882524424236,-0.017370108998836415,0.5531057346690972
1779787802.9760711,10.0,10.0,7.687161375203413,0.14743848996711134,-0.030911932590845587,0.6792788503763257,0.2470882524424236,-0.017370108998836415,0.5531057346690972
1779787802.9860444,10.0,10.0,7.923657977508861,0.14740537410077947,-0.030898715591452675,0.6795404466427005,0.24714178188611063,-0.01695044896666688,0.5531057346690972
1779787802.9960585,10.0,10.0,8.146942920027788,0.14738527331177256,-0.030893985496847,0.6797825973815034,0.24719055314127053,-0.01654085322448161,0.5531057346690972
1779787803.006041,10.0,10.0,8.340450377213134,0.14737490917815194,-0.030894788570410534,0.6799910659771273,0.24723529223946092,-0.016136980148429816,0.5531057346690972
1779787803.0159795,10.0,10.0,8.50458489074777,0.14736776003705296,-0.03089103495070585,0.6801547521712263,0.24727711717302747,-0.015729002144981415,0.5531057346690972
1779787803.0260081,10.0,10.0,8.673517855114518,0.14736946578944385,-0.030893684017914227,0.6802755691200126,0.24731503658679566,-0.015326881112428832,0.5531057346690972
1779787803.036008,10.0,10.0,8.832119582649431,0.14739288891167723,-0.030901188694965318,0.680348376063985,0.24734990521965955,-0.014922044300621731,0.5531057346690972
1779787803.0460782,10.0,10.0,8.993066678261917,0.14743364827887334,-0.030910147328776786,0.6803800517185259,0.2473825654211876,-0.014502249791852422,0.5531057346690972
1779787803.056009,10.0,10.0,9.1270838559024,0.1474845228120927,-0.030920247233189816,0.68038467726526,0.24741082493355354,-0.01409544467215214,0.5531057346690972
1779787803.0659912,10.0,10.0,9.22417493420481,0.1475491146580554,-0.030930237929265365,0.6803741469195488,0.2474361358227285,-0.013681943619276687,0.5531057346690972
1779787803.0760386,10.0,10.0,9.301876041766498,0.14762870544223763,-0.030940843691671535,0.6803552170014324,0.24745757786693895,-0.013277296577159094,0.5531057346690972
1779787803.0860012,10.0,10.0,9.333088783805088,0.14771666419240145,-0.0309379087985147,0.6803260872611832,0.24747705513884866,-0.012839997195163388,0.5531057346690972
1779787803.0960305,10.0,10.0,9.303954436200849,0.14781363640507858,-0.0309303544490651,0.6802777483144775,0.24749188921926463,-0.012428268165114355,0.5531057346690972
1779787803.105993,10.0,10.0,9.225249195912092,0.14792555819722247,-0.03092416052933446,0.6802046382994636,0.2475031795775553,-0.012022780963903525,0.5531057346690972
1779787803.1160097,10.0,10.0,9.122493990979468,0.14804660963061686,-0.030911447650606615,0.6801072027611575,0.24751144246781623,-0.01160027603539296,0.5531057346690972
1779787803.126073,10.0,10.0,8.967063168518033,0.14817087504725757,-0.030900361500047234,0.6799991887612403,0.24751603559446017,-0.011191768399167194,0.5531057346690972
1779787803.1360738,10.0,10.0,8.733687080260667,0.1482977422023257,-0.03088678900338291,0.67988754212511,0.247517261200035,-0.010759541112266489,0.5531057346690972
1779787803.1460545,10.0,10.0,8.502535318494086,0.14842974364100506,-0.030875708668621184,0.6797737533960491,0.2475149952301316,-0.010352092809152877,0.5531057346690972
1779787803.156052,10.0,10.0,8.272841153400568,0.14855245723971033,-0.0308670694019128,0.6796706029522387,0.24750928201499156,-0.009937564047578052,0.5531057346690972
1779787803.1659992,10.0,10.0,8.014482525121007,0.14866802773267362,-0.030844074258958562,0.6795816474610391,0.2475000382045749,-0.009519524496063574,0.5531057346690972
1779787803.176096,10.0,10.0,7.782716104611345,0.1487708832542381,-0.03081755170998088,0.6795071726618478,0.2475000382045749,-0.009519524496063574,0.5531057346690972
1779787803.1860547,10.0,10.0,7.554852650033961,0.14885014385779888,-0.030796006852831508,0.6794478946419787,0.24748750496742303,-0.009107535610241607,0.5531057346690972
1779787803.196012,10.0,10.0,7.335912892275132,0.14891118528841066,-0.030779491734323913,0.6794037426370252,0.2474716201897471,-0.008696698602495173,0.5531057346690972
1779787803.206058,10.0,10.0,7.139317550277293,0.14894990029018662,-0.030758669209627186,0.6793656801481331,0.24745230024427328,-0.008284880010453877,0.5531057346690972
1779787803.2159913,10.0,10.0,6.953147697892454,0.1489643349198641,-0.030740038234543295,0.6793329505560849,0.24743003651249032,-0.007880850291850743,0.5531057346690972
1779787803.2260153,10.0,10.0,6.779734829469053,0.14895764337906686,-0.030722525947602376,0.6793170583638465,0.24740385740975024,-0.007467421831378984,0.5531057346690972
1779787803.2360213,10.0,10.0,6.650791265040201,0.1489384465472244,-0.030707500610411446,0.6793154781184976,0.2473740596740535,-0.0070516629699162135,0.5531057346690972
1779787803.2460217,10.0,10.0,6.570992542817668,0.14890042101777692,-0.030690099114680115,0.6793342170537272,0.24734178790599173,-0.006647944535301685,0.5531057346690972
1779787803.2560143,10.0,10.0,6.51768516965145,0.1488545436652853,-0.03067606077892792,0.6793815031812792,0.2473053690173821,-0.006234985114711637,0.5531057346690972
1779787803.2659945,10.0,10.0,6.47387253021515,0.1487914423657221,-0.03066372184531889,0.6794634699322516,0.24726594081885783,-0.005826446820391372,0.5531057346690972
1779787803.27599,10.0,10.0,6.425198833635378,0.14871774803725582,-0.030648436997435812,0.6795712765796942,0.24722218740648946,-0.005409323070097644,0.5531057346690972
1779787803.2860503,10.0,10.0,6.409305080126846,0.14864169125223417,-0.030625993690755256,0.6797068056987867,0.24717683716811664,-0.0050087604529466916,0.5531057346690972
1779787803.295997,10.0,10.0,6.433702489442244,0.14855693832127112,-0.03060356109593653,0.6798738392224117,0.2471271036552624,-0.004599376798892154,0.5531057346690972
1779787803.306031,10.0,10.0,6.484702867254623,0.1484657596033897,-0.03057862648026314,0.6800723286543278,0.2470746527704767,-0.0041953233385488365,0.5531057346690972
1779787803.3160028,10.0,10.0,6.571965819538001,0.14836878975754628,-0.030552309333277884,0.6802891728178327,0.24701931075755335,-0.003794520774404741,0.5531057346690972
1779787803.3260593,10.0,10.0,6.713311159012854,0.14826562921326042,-0.03052509555266174,0.6805365435029621,0.24695963196052162,-0.003386903653124401,0.5531057346690972
1779787803.3359795,10.0,10.0,6.892052747029713,0.1481634120597348,-0.030494132006486954,0.6808025337726027,0.24689593627199968,-0.002975640677019215,0.5531057346690972
1779787803.3460367,10.0,10.0,7.110689542137837,0.14806040591440253,-0.030460719828221725,0.6810856720640069,0.2468301760116505,-0.002573014207361569,0.5531057346690972
1779787803.3560362,10.0,10.0,7.325191048184236,0.14796972862115096,-0.030428591002115996,0.6813724440852077,0.24676122378423299,-0.002171454632124932,0.5531057346690972
1779787803.3660185,10.0,10.0,7.575690842259272,0.1478921907748129,-0.030399588210180774,0.6816538374091635,0.2466852621958439,-0.001750205909359032,0.5531057346690972
1779787803.3760896,10.0,10.0,7.844253465065207,0.14782368137923615,-0.030374145828186584,0.6819328899028708,0.2466852621958439,-0.001750205909359032,0.5531057346690972
1779787803.385993,10.0,10.0,8.096877608875223,0.14776601138339654,-0.030357587831056878,0.6821910188646169,0.24660463921506792,-0.0013241603050821414,0.5531057346690972
1779787803.3959932,10.0,10.0,8.31861755327414,0.14773430795077325,-0.030350838386382153,0.6824419739270029,0.246524673940954,-0.0009203065936699163,0.5531057346690972
1779787803.4060168,10.0,10.0,8.531416357555953,0.14772619952922514,-0.030347335191246376,0.6826666080672282,0.2464424233009716,-0.0005220447343068056,0.5531057346690972
1779787803.415984,10.0,10.0,8.728022638248051,0.1477260055740661,-0.0303455377144374,0.6828487330970057,0.24635694135200384,-0.0001244884508767672,0.5531057346690972
1779787803.4260118,10.0,10.0,8.90889072017578,0.1477267031786654,-0.030338753255507334,0.6829918847035656,0.24626695332343823,0.0002779575454298286,0.5531057346690972
1779787803.4359794,10.0,10.0,9.059193866031011,0.14773954388146737,-0.03033057497364372,0.6830865254475572,0.24617455796724363,0.0006758062622923035,0.5531057346690972
1779787803.4460306,10.0,10.0,9.194335079063771,0.14776732620688218,-0.03031769509967855,0.6831338344078561,0.24607416128184217,0.0010922614943110545,0.5531057346690972
1779787803.4560122,10.0,10.0,9.324483349511311,0.14780926331360758,-0.030299421584948194,0.6831396742526638,0.24597128892661274,0.0015035663820825301,0.5531057346690972
1779787803.4659944,10.0,10.0,9.42444857282104,0.1478643174759079,-0.03027664922421795,0.6831280818881615,0.245869885024337,0.0018951869429851675,0.5531057346690972
1779787803.4760659,10.0,10.0,9.49464964018784,0.1479302124457213,-0.030247663617341516,0.6831022588556104,0.24576284717693386,0.002295049844120359,0.5531057346690972
1779787803.4860513,10.0,10.0,9.537608725905285,0.148015830401789,-0.030217423718759878,0.6830636688963422,0.2456538310057454,0.0026892853611907783,0.5531057346690972
1779787803.4960177,10.0,10.0,9.529330324051589,0.1481149340558385,-0.030179522404814998,0.6830072599253952,0.24554099382202926,0.0030846848548231453,0.5531057346690972
1779787803.5060213,10.0,10.0,9.474211585854974,0.14822612740567648,-0.030133414616731278,0.682929612539762,0.24542569705638131,0.0034765045023405494,0.5531057346690972
1779787803.5160482,10.0,10.0,9.369304454813719,0.14834936417237315,-0.03008419107102004,0.6828356569701768,0.24530905200447506,0.0038613590448198596,0.5531057346690972
1779787803.526017,10.0,10.0,9.22210524026374,0.1484829018423688,-0.030031990541201887,0.6827215974069841,0.24518193600829985,0.0042685728231081025,0.5531057346690972
1779787803.5359838,10.0,10.0,9.044917080157875,0.14862227526044186,-0.029975162088201543,0.6825994072900418,0.24505379892431836,0.004667180411380811,0.5531057346690972
1779787803.546015,10.0,10.0,8.825193861411204,0.14877019742280195,-0.029913767734275398,0.6824770601373394,0.24492507994587526,0.005056494482720105,0.5531057346690972
1779787803.556017,10.0,10.0,8.597868635473956,0.14891485778886954,-0.0298492984006959,0.6823614103726467,0.24478874886389776,0.005457581549629276,0.5531057346690972
1779787803.5660036,10.0,10.0,8.368847050490627,0.14904947927837972,-0.029781585892245364,0.6822596007372946,0.2446563658860026,0.005836754694060656,0.5531057346690972
1779787803.5760672,10.0,10.0,8.117206138888156,0.1491697683108747,-0.029709898799021396,0.682174619236536,0.24451663753144984,0.006226713825841702,0.5531057346690972
1779787803.5860112,10.0,10.0,7.859976359544028,0.14927570807813512,-0.029640216396610113,0.6821072252524015,0.24451663753144984,0.006226713825841702,0.5531057346690972
1779787803.5960402,10.0,10.0,7.634273432173057,0.149365142546175,-0.029571039840756454,0.6820453499785674,0.24437655501326422,0.006607788671065137,0.5531057346690972
1779787803.6060596,10.0,10.0,7.413784824261351,0.14944716930624943,-0.029502479561152532,0.681989466159997,0.24423161792621526,0.006992338985263493,0.5531057346690972
1779787803.6159978,10.0,10.0,7.193996595099193,0.1495063875733353,-0.02943769135038617,0.6819394464531976,0.24408265297070908,0.007377915117397674,0.5531057346690972
1779787803.626015,10.0,10.0,6.9923629807921515,0.1495431436225628,-0.029373224863491327,0.6818962913122415,0.2439240026402837,0.0077784687105331846,0.5531057346690972
1779787803.6359882,10.0,10.0,6.814484062312954,0.14955731437965894,-0.02930970499411205,0.6818684946592025,0.24377251262969868,0.008151821856831484,0.5531057346690972
1779787803.645981,10.0,10.0,6.661771583095009,0.14954648684805422,-0.02924818510384452,0.6818604368167757,0.2436162852899209,0.008528070352560323,0.5531057346690972
1779787803.6560056,10.0,10.0,6.525801513575812,0.1495175135783917,-0.029195829600352188,0.6818761633332858,0.24345643267697686,0.008904348157142788,0.5531057346690972
1779787803.6659946,10.0,10.0,6.417202361703195,0.14946239878099374,-0.029149457415371633,0.6819187807154478,0.2432879656965929,0.00929191735097978,0.5531057346690972
1779787803.676019,10.0,10.0,6.349597308779195,0.14940095537878703,-0.02910947485062696,0.681996191276277,0.24312062037997229,0.009668283863311464,0.5531057346690972
1779787803.6860251,10.0,10.0,6.319716947500721,0.1493318805840748,-0.029075691849018714,0.682112500996449,0.2429531528305629,0.010036789029206076,0.5531057346690972
1779787803.6960282,10.0,10.0,6.2998388586655,0.14925370833301563,-0.029046102223156626,0.6822606581187276,0.24278145778475432,0.010406589944870107,0.5531057346690972
1779787803.706017,10.0,10.0,6.3111796389754495,0.14917106181707596,-0.029023780612159166,0.6824380597502017,0.24259740597895793,0.01079447137687,0.5531057346690972
1779787803.716061,10.0,10.0,6.370315585903608,0.1490811071983178,-0.029001815568970076,0.6826440363169811,0.24242079210260348,0.011158799019301634,0.5531057346690972
1779787803.7260475,10.0,10.0,6.458433393048877,0.14898339708175906,-0.02897622302312542,0.6828786106765682,0.24223334990880416,0.011537450062974419,0.5531057346690972
1779787803.736066,10.0,10.0,6.572576857799171,0.14888275701193399,-0.028952239236699068,0.6831336751640543,0.24203815996759317,0.011923416643517318,0.5531057346690972
1779787803.7460177,10.0,10.0,6.758839032929602,0.14878600775751225,-0.02893046870452832,0.6834012314908169,0.2418463277037616,0.012294864458578632,0.5531057346690972
1779787803.7560647,10.0,10.0,6.97362841856505,0.14868580453424338,-0.02890204877636565,0.683689711070304,0.24165612384345458,0.012655814373296482,0.5531057346690972
1779787803.7660437,10.0,10.0,7.205857483336423,0.14860184787599653,-0.028870647024131585,0.6839719275447249,0.24145529600693041,0.013029355599022747,0.5531057346690972
1779787803.7760017,10.0,10.0,7.467713940033266,0.14852593134865524,-0.028839679896897164,0.684252461390784,0.24145529600693041,0.013029355599022747,0.5531057346690972
1779787803.7860227,10.0,10.0,7.717326403309,0.14845922144532508,-0.028812823012782318,0.6845107987355258,0.24125762947275695,0.013389767090610214,0.5531057346690972
1779787803.7960217,10.0,10.0,7.957126327578871,0.14840341633796192,-0.028783593912179134,0.684754769161031,0.2410572167222591,0.013748169281443411,0.5531057346690972
1779787803.8060076,10.0,10.0,8.16209091125393,0.14836434612793015,-0.028755754422139807,0.68497702042844,0.24085617297905815,0.014100906508559986,0.5531057346690972
1779787803.815983,10.0,10.0,8.347572122255858,0.14835678623285586,-0.02873870751057427,0.6851785356173412,0.24064430259738273,0.014465588971247174,0.5531057346690972
1779787803.8259683,10.0,10.0,8.527165435941107,0.14836041171709097,-0.02872544783578255,0.6853546548290516,0.24043908937641179,0.014812201067131922,0.5531057346690972
1779787803.836006,10.0,10.0,8.687697851761026,0.14836300080340928,-0.028711965778463435,0.6854880650732696,0.2402206619190329,0.015174279333255443,0.5531057346690972
1779787803.8460126,10.0,10.0,8.84258073490588,0.14838582841659562,-0.028698893789725805,0.6855760545476515,0.2400106133169017,0.015516068546163348,0.5531057346690972
1779787803.856079,10.0,10.0,8.986248310223987,0.1484180891352075,-0.028680183380585884,0.6856203218510858,0.2397855305340537,0.01587563414843538,0.5531057346690972
1779787803.8660119,10.0,10.0,9.115315266281764,0.14846432937485013,-0.02866230128831059,0.6856229591504303,0.23956828764263657,0.016216367512853342,0.5531057346690972
1779787803.8760133,10.0,10.0,9.223735771305543,0.1485191804323706,-0.028635659958990704,0.6856024628045417,0.23934004351964427,0.016567936912118643,0.5531057346690972
1779787803.885996,10.0,10.0,9.282782680506825,0.14858683289776545,-0.02858300931180076,0.6855676690877982,0.23911878787744245,0.016902695951864766,0.5531057346690972
1779787803.8960047,10.0,10.0,9.302778824976949,0.14867657638446402,-0.028525898555721692,0.6855134157413119,0.23889054742004448,0.01724201411589867,0.5531057346690972
1779787803.906016,10.0,10.0,9.291973591149631,0.14877779219532616,-0.028469673100939258,0.685439113425665,0.23866056071553085,0.01757797533280315,0.5531057346690972
1779787803.9159844,10.0,10.0,9.228994896630754,0.14889437805756245,-0.028411362491091528,0.6853401571328576,0.23843008547825487,0.017908865230939288,0.5531057346690972
1779787803.926013,10.0,10.0,9.132107128794202,0.149026458423498,-0.02835507618830399,0.6852186354769275,0.23818598935160457,0.01825321539040478,0.5531057346690972
1779787803.9360514,10.0,10.0,9.004092015984625,0.1491646754529878,-0.028295926484993628,0.6850805361714644,0.237951881964518,0.01857778411968519,0.5531057346690972
1779787803.946042,10.0,10.0,8.814094138472242,0.1493039674886776,-0.028241071416885,0.6849324475138306,0.23771004508346233,0.018907415204735475,0.5531057346690972
1779787803.9559782,10.0,10.0,8.587591571572725,0.1494403252723688,-0.028183022706722998,0.6847799181903605,0.23746423313317702,0.019236768875377338,0.5531057346690972
1779787803.9660475,10.0,10.0,8.3515295833214,0.149574609660068,-0.02812161538598561,0.6846295711532797,0.23722085319417785,0.019557389257491443,0.5531057346690972
1779787803.9760032,10.0,10.0,8.120747772068365,0.14969823940881116,-0.02806375553663548,0.6844848297764645,0.23696624929243204,0.01988715148483627,0.5531057346690972
1779787803.98599,10.0,10.0,7.893688123449941,0.14979774309904928,-0.027998047495461892,0.6843483923975495,0.23671803445818276,0.02020325560123143,0.5531057346690972
1779787803.9959905,10.0,10.0,7.6700385137595655,0.14987713713278164,-0.027935021495608676,0.6842267968666913,0.2364678154038382,0.020516697518028246,0.5531057346690972
1779787804.006006,10.0,10.0,7.450162907653398,0.1499377592957243,-0.027873261544618246,0.6841309422661213,0.23620884906984135,0.020835748728310614,0.5531057346690972
1779787804.0160027,10.0,10.0,7.231515062645388,0.14998978873846694,-0.027816930746103002,0.6840686778075693,0.23595211695721086,0.021146835923923545,0.5531057346690972
1779787804.0259984,10.0,10.0,7.01884489472958,0.15003454009487383,-0.027761516267709754,0.6840325048670746,0.23595211695721086,0.021146835923923545,0.5531057346690972
1779787804.0359886,10.0,10.0,6.831228913138018,0.15005202544595597,-0.02770820781027478,0.6840097140589542,0.23569482461943406,0.021453547146988876,0.5531057346690972
1779787804.0460143,10.0,10.0,6.655759856512087,0.15005162269482628,-0.02765685409861413,0.6839994414690498,0.2354252757984684,0.02176959681798466,0.5531057346690972
1779787804.0559998,10.0,10.0,6.502603070936311,0.1500204578667716,-0.02761176345607797,0.6840042413312485,0.23516280952353627,0.02207230383510459,0.5531057346690972
1779787804.0660505,10.0,10.0,6.377252561066125,0.14996572772106856,-0.027569311074889344,0.6840364591835811,0.2348973906671494,0.02237350073996936,0.5531057346690972
1779787804.0760057,10.0,10.0,6.299235855287636,0.14989655461101126,-0.027529884744116564,0.6840985060213861,0.23462314309788584,0.022679665226187466,0.5531057346690972
1779787804.0859914,10.0,10.0,6.240798047709762,0.14981833490767293,-0.02749571436124176,0.6841999447612856,0.23435245352847345,0.022976957936974483,0.5531057346690972
1779787804.096003,10.0,10.0,6.207335217094944,0.1497313122700338,-0.027467898921604655,0.6843412227963976,0.23407972107132374,0.02327170098948124,0.5531057346690972
1779787804.106032,10.0,10.0,6.228252187826741,0.14964872176424898,-0.027442038159095385,0.6845195360038425,0.23379850668605018,0.023570702865116498,0.5531057346690972
1779787804.115992,10.0,10.0,6.29609980455531,0.14956207383057632,-0.027416139737903217,0.6847331714756172,0.23349387043971653,0.023889133274830013,0.5531057346690972
1779787804.1259768,10.0,10.0,6.406940858620388,0.14946496464637626,-0.027394394385600634,0.6849736853842361,0.23321124857839237,0.02417959308958293,0.5531057346690972
1779787804.1360462,10.0,10.0,6.552244537998321,0.1493613888828818,-0.027367355804687674,0.685241724378129,0.2329174344780855,0.02447662456899901,0.5531057346690972
1779787804.1459823,10.0,10.0,6.741930370966221,0.14926008568251978,-0.027341241179371863,0.6855141614827949,0.23263258951888607,0.02475990720115944,0.5531057346690972
1779787804.1560605,10.0,10.0,6.973752019923842,0.1491572647046799,-0.02730747728085307,0.6857908263977696,0.23234661702483936,0.025039785998709457,0.5531057346690972
1779787804.166014,10.0,10.0,7.2113576329385785,0.1490597150284094,-0.02727202982700749,0.6860698367678335,0.2320396718912166,0.025335265224127816,0.5531057346690972
1779787804.1760232,10.0,10.0,7.457541167083523,0.14897793649351995,-0.027239142271593964,0.686326149991354,0.231734842366624,0.025623780543646633,0.5531057346690972
1779787804.1860518,10.0,10.0,7.713968832430029,0.1489028651394034,-0.027206632161967,0.6865736943625893,0.23144005655801766,0.025898228521241948,0.5531057346690972
1779787804.1959634,10.0,10.0,7.957324646218151,0.1488534892577341,-0.027178286002301936,0.686787921627117,0.2311438688196483,0.026169566721321487,0.5531057346690972
1779787804.2060494,10.0,10.0,8.20381724510057,0.1488233578348338,-0.027150259973913595,0.6869720232288007,0.23083579370924517,0.02644720323722697,0.5531057346690972
1779787804.216043,10.0,10.0,8.447594708656343,0.14881839643049913,-0.027126705552688157,0.6871231697299118,0.23053516822046638,0.026713710593021488,0.5531057346690972
1779787804.2259817,10.0,10.0,8.657472661190827,0.1488306362963356,-0.027107269936318033,0.6872362249732249,0.2302184531141604,0.026989865933410073,0.5531057346690972
1779787804.2359862,10.0,10.0,8.84854402226345,0.14885606404938373,-0.02708594792672751,0.6872992500820458,0.22990009988208288,0.02726277908490543,0.5531057346690972
1779787804.24599,10.0,10.0,9.017490444823279,0.1488926464154044,-0.02706034041699605,0.68731607939365,0.22958987529369768,0.02752431424982519,0.5531057346690972
1779787804.2559824,10.0,10.0,9.158609862368202,0.1489368220930433,-0.02702970602255549,0.6872959258995286,0.2292824999991658,0.027779242272229603,0.5531057346690972
1779787804.2659922,10.0,10.0,9.28192413075449,0.14898723140067038,-0.026992712807188245,0.6872568670961465,0.2292824999991658,0.027779242272229603,0.5531057346690972
1779787804.2759862,10.0,10.0,9.379028210905355,0.14905770501311816,-0.02695470995035058,0.6872030723423851,0.22897248191656913,0.028032206291530554,0.5531057346690972
1779787804.2859952,10.0,10.0,9.458666357373275,0.1491474654986038,-0.026903828381875917,0.6871256794010866,0.228653620534301,0.028288117223488916,0.5531057346690972
1779787804.2959702,10.0,10.0,9.483632174242702,0.14924862778633996,-0.026849156009833335,0.6870277027656463,0.2283379690892655,0.028537270228211314,0.5531057346690972
1779787804.3060436,10.0,10.0,9.449191571048875,0.14936927229648195,-0.02678818155876859,0.6869077109783508,0.2280228322732485,0.028781945175892526,0.5531057346690972
1779787804.3160365,10.0,10.0,9.369985084964872,0.14950222650316192,-0.026730485934642452,0.6867597934932442,0.22770522685421857,0.029024496359775775,0.5531057346690972
1779787804.3259838,10.0,10.0,9.253141640355931,0.14964789935244122,-0.026666424632373526,0.6865909339536039,0.22736721350861697,0.029278259644122923,0.5531057346690972
1779787804.3360715,10.0,10.0,9.07259603775435,0.14980486264748838,-0.026592804214691453,0.6864029707864717,0.22704386382299746,0.02951687094792036,0.5531057346690972
1779787804.346044,10.0,10.0,8.84496949680761,0.14996214094699595,-0.02651618862210723,0.6862100479386481,0.22671172961115144,0.02975782287883888,0.5531057346690972
1779787804.3559887,10.0,10.0,8.566362709533994,0.15011641889631178,-0.02644005521524389,0.6860218942905858,0.22638303948316252,0.02999221627164121,0.5531057346690972
1779787804.365994,10.0,10.0,8.264550102011937,0.15026094182778765,-0.026356706950739845,0.6858409630850208,0.22605428419476978,0.030222685559156443,0.5531057346690972
1779787804.376035,10.0,10.0,7.962286070884691,0.15037353282319163,-0.026269025922301226,0.6856635044995973,0.22571639915192016,0.030455487141263296,0.5531057346690972
1779787804.3860703,10.0,10.0,7.675747156501956,0.15045544119680185,-0.026177162385429345,0.6855032947788101,0.22537519707330278,0.03068645949650875,0.5531057346690972
1779787804.396,10.0,10.0,7.39976206235524,0.1505344993658164,-0.02608674506443182,0.6853661404824785,0.22503933646394697,0.03090984431434801,0.5531057346690972
1779787804.406007,10.0,10.0,7.170978048310995,0.15060992024250397,-0.025997512767085295,0.685263323001874,0.2246851027626439,0.031141249454517156,0.5531057346690972
1779787804.4160192,10.0,10.0,6.967537505864756,0.15067369241912243,-0.025907421887260924,0.685193768432141,0.2243458659563169,0.03135888049014108,0.5531057346690972
1779787804.4260209,10.0,10.0,6.769799645887612,0.15071080874035592,-0.025814844134715666,0.6851486480556264,0.22399924975985275,0.03157728969742713,0.5531057346690972
1779787804.4360316,10.0,10.0,6.585852259414013,0.15071714105285583,-0.02572136427440265,0.6851169318517348,0.22365282250973795,0.03179164557403643,0.5531057346690972
1779787804.4459941,10.0,10.0,6.411826685186575,0.15069405535919106,-0.025629979020627747,0.6850993267358844,0.22330277362339745,0.0320043074773662,0.5531057346690972
1779787804.4560783,10.0,10.0,6.262678696050274,0.15064816804297912,-0.025539096571104872,0.6851013337734796,0.22295246656828793,0.03221322497772768,0.5531057346690972
1779787804.4660592,10.0,10.0,6.1518313205495945,0.15058778184063099,-0.02545527430872096,0.6851284732128602,0.22260584169866648,0.03241616057630136,0.5531057346690972
1779787804.476003,10.0,10.0,6.075672039973024,0.15051000557919203,-0.025376582338806544,0.6851971929623207,0.22224075934879242,0.032625888530824126,0.5531057346690972
1779787804.4860888,10.0,10.0,6.016622342180345,0.15042352222917516,-0.025303702665158686,0.6853012009569845,0.22188851116890612,0.03282439502302322,0.5531057346690972
1779787804.49602,10.0,10.0,5.991787434382099,0.15032936909850897,-0.025237992740654046,0.6854417369239795,0.22152862591897504,0.03302335575522018,0.5531057346690972
1779787804.5059843,10.0,10.0,6.011235986500399,0.1502310120524739,-0.025172130577261947,0.6856170695555801,0.22117085786480412,0.03321734120351095,0.5531057346690972
1779787804.5159707,10.0,10.0,6.058889146270512,0.1501244636252938,-0.0251147670015961,0.6858196170897283,0.22081672939110586,0.03340566642677605,0.5531057346690972
1779787804.5260322,10.0,10.0,6.168034952256013,0.15001372843866156,-0.025067913034021363,0.6860411521675946,0.22044390373891753,0.03360002267813469,0.5531057346690972
1779787804.5360131,10.0,10.0,6.3391815521648445,0.14989670234292016,-0.02503169947951222,0.6862863964073533,0.22044390373891753,0.03360002267813469,0.5531057346690972
1779787804.5460286,10.0,10.0,6.557227581395436,0.14977903605140705,-0.024993602081167087,0.6865349116104766,0.22008593609818547,0.033782905177247385,0.5531057346690972
1779787804.555987,10.0,10.0,6.819895292799714,0.14966400870732616,-0.024955672119803794,0.6867843423218559,0.21971212150644487,0.0339700343529293,0.5531057346690972
1779787804.5659902,10.0,10.0,7.105681898712903,0.14955064870020143,-0.024919238922139215,0.687032642350998,0.21935103220443752,0.03414710453378721,0.5531057346690972
1779787804.575997,10.0,10.0,7.3947806851385085,0.14945208536934054,-0.02488500699920921,0.6872633478392763,0.21898866678704149,0.03432119976304637,0.5531057346690972
1779787804.5859954,10.0,10.0,7.706723828130238,0.14936842510210174,-0.02484996697030178,0.6874751219978021,0.21861235094370512,0.03449822378802375,0.5531057346690972
1779787804.5959892,10.0,10.0,8.016319347610047,0.1493033146479818,-0.02481693832519489,0.6876664973685543,0.21824652179660395,0.034666671208216454,0.5531057346690972
1779787804.606011,10.0,10.0,8.305039257338107,0.14926449316565205,-0.024789976896257244,0.6878311227329018,0.21787119024991547,0.034835802901310595,0.5531057346690972
1779787804.6160085,10.0,10.0,8.582692079176187,0.14925313813395452,-0.02476967963838128,0.6879668626991283,0.2174937142154575,0.03500217183362045,0.5531057346690972
1779787804.626041,10.0,10.0,8.831675155884447,0.1492620798357797,-0.024748358500432593,0.6880660832359238,0.21711899181005395,0.03516366818307145,0.5531057346690972
1779787804.6360574,10.0,10.0,9.06018642035879,0.14928633197964378,-0.024722074060718614,0.6881223241931328,0.21670867508650127,0.035336368752678884,0.5531057346690972
1779787804.645999,10.0,10.0,9.24572458040144,0.14931675927162158,-0.024690058729906258,0.6881361585714924,0.21632095810799443,0.0354956265480705,0.5531057346690972
1779787804.6560078,10.0,10.0,9.40732565251628,0.1493609092832799,-0.0246547066133286,0.6881181879715236,0.21594268885704165,0.03564736104005886,0.5531057346690972
1779787804.6660562,10.0,10.0,9.545535346360573,0.14941841519530205,-0.024610275761259025,0.6880860653440077,0.2155547252383728,0.03579928418104042,0.5531057346690972
1779787804.6759658,10.0,10.0,9.656771344897484,0.14949842512674585,-0.024564935491403376,0.6880504615511156,0.21517155247712855,0.03594568891626896,0.5531057346690972
1779787804.6860092,10.0,10.0,9.74115846694047,0.14959839548700327,-0.024513855483592202,0.6880026636161892,0.21477953969103952,0.03609176082490287,0.5531057346690972
1779787804.6960204,10.0,10.0,9.775706968210251,0.14971470538077086,-0.02445410576529783,0.6879338163470864,0.21439513210603336,0.03623138805484049,0.5531057346690972
1779787804.7060163,10.0,10.0,9.759024495109655,0.1498443201513271,-0.024377246778431113,0.6878385346756717,0.21399409876028128,0.036373277968254195,0.5531057346690972
1779787804.7160017,10.0,10.0,9.692398495410863,0.14998355033934496,-0.024303663515387222,0.6877183695856847,0.2135842555375555,0.036514336306865014,0.5531057346690972
1779787804.7260547,10.0,10.0,9.573353209747602,0.15013031732085858,-0.024227907316102998,0.68757186189341,0.2135842555375555,0.036514336306865014,0.5531057346690972
1779787804.7360318,10.0,10.0,9.39268360731848,0.1502799408633722,-0.024146995282638296,0.6873986518963018,0.2131981066720207,0.036643619275063516,0.5531057346690972
1779787804.7460616,10.0,10.0,9.16092695492855,0.15042650712222982,-0.024065579644035585,0.6872142024719351,0.21279260805980643,0.0367756315072425,0.5531057346690972
1779787804.756001,10.0,10.0,8.885574184355725,0.15056828608021994,-0.023981056687623674,0.6870216923122995,0.21238922320606374,0.036903175936377874,0.5531057346690972
1779787804.7659888,10.0,10.0,8.591509847449785,0.15069950731976098,-0.023903705987943405,0.686828066591177,0.2120018989803773,0.03702212264590063,0.5531057346690972
1779787804.7760227,10.0,10.0,8.303057294823764,0.15079861997200267,-0.02381995559852711,0.6866340574482298,0.2115898933271061,0.03714489343847572,0.5531057346690972
1779787804.7860014,10.0,10.0,8.006284134876168,0.15087685323376468,-0.02373004730959595,0.6864458625926627,0.21120368670810152,0.037256486915341974,0.5531057346690972
1779787804.7960105,10.0,10.0,7.732692258551841,0.15094558880676007,-0.02363882401438569,0.6862815542176101,0.2108073889709969,0.03736751099186328,0.5531057346690972
1779787804.8059943,10.0,10.0,7.47823084148681,0.1510040024246463,-0.023548325825434646,0.6861452337938777,0.2104015880012697,0.03747756448289771,0.5531057346690972
1779787804.8160295,10.0,10.0,7.239882971059741,0.15104713794066726,-0.023452281065140135,0.6860317815947998,0.21000927333632985,0.037580489094625094,0.5531057346690972
1779787804.8260522,10.0,10.0,7.02545697869428,0.15106041687395327,-0.02335438766662493,0.6859510049767988,0.2096185608081602,0.03767962334602405,0.5531057346690972
1779787804.836014,10.0,10.0,6.82367263111235,0.15104510341857677,-0.023255307325785377,0.6859016351674628,0.20920600409596835,0.03778067238177124,0.5531057346690972
1779787804.8460217,10.0,10.0,6.628992434215806,0.15101107303646188,-0.023157318762410367,0.6858766935453378,0.20881124359447772,0.03787389486239118,0.5531057346690972
1779787804.8560061,10.0,10.0,6.483406844289073,0.1509649896447112,-0.023063591469467334,0.6858683664441798,0.20841156735222927,0.03796484354774035,0.5531057346690972
1779787804.8660657,10.0,10.0,6.3706865280295055,0.1509033380631983,-0.022973722452625116,0.6858812991943369,0.2080159224983411,0.03805148993682161,0.5531057346690972
1779787804.876073,10.0,10.0,6.286330894388937,0.15082876278594168,-0.022890347659218727,0.685919887740214,0.20760741265971006,0.03813743896838787,0.5531057346690972
1779787804.8860054,10.0,10.0,6.225491660069636,0.15074394120959364,-0.022810556356572354,0.6859846250042069,0.20719978438134257,0.03821966154371133,0.5531057346690972
1779787804.8959768,10.0,10.0,6.202623568123469,0.1506582262015953,-0.022733509694254295,0.6860823218028742,0.20679619270413416,0.038297602563313785,0.5531057346690972
1779787804.9060342,10.0,10.0,6.227408731223729,0.15055607918529332,-0.022661480522164604,0.6862150394618647,0.2063944693822408,0.03837177292122019,0.5531057346690972
1779787804.9160025,10.0,10.0,6.284804155661445,0.15045018772299174,-0.02260512582974404,0.6863738119059835,0.2063944693822408,0.03837177292122019,0.5531057346690972
1779787804.9260745,10.0,10.0,6.389115917450476,0.15034292346758704,-0.022559299615596242,0.686562238496303,0.20597522400677293,0.03844556727290446,0.5531057346690972
1779787804.9360168,10.0,10.0,6.551106329104348,0.15023080386349133,-0.02251723404084903,0.6867697711381568,0.20557560583645818,0.03851248862105545,0.5531057346690972
1779787804.945978,10.0,10.0,6.770512128184364,0.15011582897547257,-0.022479477348204813,0.6869892893789492,0.20516068196179127,0.03857845740403838,0.5531057346690972
1779787804.956072,10.0,10.0,7.017447685255033,0.1500006761026891,-0.0224432789981095,0.6872049094153501,0.2047625900076729,0.03863839643128506,0.5531057346690972
1779787804.9659917,10.0,10.0,7.289167508579248,0.1498943208869835,-0.022408699451335536,0.6874064192037137,0.20434138987086248,0.03869825246274171,0.5531057346690972
1779787804.9760468,10.0,10.0,7.589971529303324,0.14979839549384524,-0.022369811044590366,0.6875948587352775,0.20390676744938804,0.038756189977991996,0.5531057346690972
1779787804.9859884,10.0,10.0,7.907449066258585,0.14971697292030867,-0.02233827036224153,0.6877642736053391,0.20349907120171354,0.038807017803168774,0.5531057346690972
1779787804.9960818,10.0,10.0,8.21741902244374,0.14965203448991005,-0.02231261734387268,0.687914152448963,0.20309571033438936,0.038853962038005896,0.5531057346690972
1779787805.006008,10.0,10.0,8.505175813013093,0.14961143183266665,-0.02229029705597867,0.6880385693558958,0.20269407784068896,0.03889741061594207,0.5531057346690972
1779787805.0160234,10.0,10.0,8.782757283352575,0.14959325214170255,-0.02226842211493311,0.6881358227442862,0.20226375669303537,0.038940324463164866,0.5531057346690972
1779787805.026008,10.0,10.0,9.030340986619061,0.14960280538986068,-0.022249849211711175,0.6882032311650924,0.2018538107046663,0.03897771445937979,0.5531057346690972
1779787805.036059,10.0,10.0,9.268271058335777,0.14963506602850915,-0.02222967537829318,0.6882353405014405,0.2014511918819591,0.03901112726419153,0.5531057346690972
1779787805.0460045,10.0,10.0,9.467008909038828,0.14967283238264387,-0.02220662057769118,0.6882336505364124,0.20100299943325933,0.039044473414036655,0.5531057346690972
1779787805.0560083,10.0,10.0,9.62705019151498,0.14971755777332627,-0.022181017033013884,0.6882033902744086,0.2005961673292726,0.03907123799882626,0.5531057346690972
1779787805.066009,10.0,10.0,9.76920115918815,0.1497807340730246,-0.02215313212662696,0.6881670719612308,0.2001922865862087,0.03909451532804481,0.5531057346690972
1779787805.0760705,10.0,10.0,9.908556517157658,0.14986795971515787,-0.022122442019673387,0.6881224444652589,0.19975321951638064,0.03911610361146325,0.5531057346690972
1779787805.0859947,10.0,10.0,9.998047605737055,0.14996558588110423,-0.022089658415926774,0.6880716117079833,0.19975321951638064,0.03911610361146325,0.5531057346690972
1779787805.0960073,10.0,10.0,10.007612682554113,0.15008194437328914,-0.022052313642500047,0.6879975992426905,0.19933734067633568,0.03913298539254302,0.5531057346690972
1779787805.106026,10.0,10.0,9.97427522694733,0.15021343552153213,-0.02200004729354849,0.6878982736455866,0.19892629436676823,0.039146265123792504,0.5531057346690972
1779787805.1160374,10.0,10.0,9.894371057316603,0.15035276880869392,-0.021934733422299974,0.6877728832481058,0.19851627496196456,0.03915614107693592,0.5531057346690972
1779787805.1260467,10.0,10.0,9.756716371385203,0.1505070972396612,-0.02186391112343731,0.6876196402033111,0.1981003995695792,0.03916272127912915,0.5531057346690972
1779787805.1360543,10.0,10.0,9.568197158105617,0.15066490911218963,-0.021785653978667895,0.6874426230704418,0.19766352970525608,0.03916590747025838,0.5531057346690972
1779787805.146041,10.0,10.0,9.315826154719888,0.15081018938002272,-0.021713291323274493,0.687244845366448,0.19725701489058428,0.039165443680177485,0.5531057346690972
1779787805.1560304,10.0,10.0,9.025849039149888,0.1509557210239639,-0.021639815204082466,0.6870481376568824,0.19684500008007877,0.0391616009563535,0.5531057346690972
1779787805.1660497,10.0,10.0,8.74043782366598,0.15108715653332533,-0.021566640621166918,0.686836542087806,0.19641398628017445,0.03915394639669511,0.5531057346690972
1779787805.1760724,10.0,10.0,8.439544091601864,0.1511824466933911,-0.021476064397278866,0.6866255279835562,0.19600569875293708,0.03914326614933525,0.5531057346690972
1779787805.1860309,10.0,10.0,8.135477399758274,0.15125964136786785,-0.02137805597524863,0.6864209530238542,0.19560034713259414,0.03912936002590806,0.5531057346690972
1779787805.196034,10.0,10.0,7.845658319289572,0.151332300704307,-0.021276017182512562,0.686237677890023,0.19518615957070687,0.039111748765701865,0.5531057346690972
1779787805.2060122,10.0,10.0,7.581043564136383,0.1513780020136771,-0.02117251215647206,0.6860743577528932,0.1947781641791434,0.039091035322646295,0.5531057346690972
1779787805.2160082,10.0,10.0,7.3339535076097535,0.15139863774451925,-0.021067280710401697,0.6859368285853944,0.19436200711036886,0.0390664621635251,0.5531057346690972
1779787805.2260208,10.0,10.0,7.113999214125105,0.1513959156834819,-0.020959821696606904,0.6858302781827887,0.19395729611465157,0.039039222772941806,0.5531057346690972
1779787805.2360466,10.0,10.0,6.912851978475085,0.1513640385856494,-0.020847933029853886,0.6857528068306454,0.19352813383360884,0.03900673142232061,0.5531057346690972
1779787805.246038,10.0,10.0,6.735769617315355,0.15130586009628133,-0.02073437735384897,0.685709087454782,0.19310552201698364,0.03897110162513379,0.5531057346690972
1779787805.2560315,10.0,10.0,6.60562468516307,0.1512423677069474,-0.020622756356681714,0.6856895583494363,0.19270422630821027,0.03893392372875755,0.5531057346690972
1779787805.2660863,10.0,10.0,6.500470798050696,0.15117017915922568,-0.020517263191309924,0.6856855558746973,0.19228438678931256,0.03889153173030108,0.5531057346690972
1779787805.2760985,10.0,10.0,6.402541695898881,0.1510831492860797,-0.020411974637260674,0.6857057951152226,0.19228438678931256,0.03889153173030108,0.5531057346690972
1779787805.2860136,10.0,10.0,6.325750243580888,0.15098551694310142,-0.020314525686638215,0.6857516568207,0.191860736282207,0.03884512185451975,0.5531057346690972
1779787805.2959971,10.0,10.0,6.3060059553639585,0.1508860712560689,-0.020225813339009763,0.6858159839517369,0.19145692020223215,0.038797478249072787,0.5531057346690972
1779787805.3060076,10.0,10.0,6.3653619114746665,0.15078020989063182,-0.020141121620671155,0.6859115459541082,0.1910371514869283,0.038744417532659677,0.5531057346690972
1779787805.3160203,10.0,10.0,6.464295091745485,0.1506713732352722,-0.020060910796367373,0.6860388681766565,0.19063149186788597,0.03868970573310154,0.5531057346690972
1779787805.3260539,10.0,10.0,6.579362582825467,0.1505659524626263,-0.01999517488089156,0.6861902752801556,0.1902172065841171,0.03863033453765969,0.5531057346690972
1779787805.3360512,10.0,10.0,6.774041829263316,0.15047749341726754,-0.019938607484204042,0.6863552509926227,0.18981832799253423,0.03856982128292968,0.5531057346690972
1779787805.3460562,10.0,10.0,7.016495340811291,0.15039086617755987,-0.019881642641137724,0.6865214678276705,0.18939346899307896,0.03850173822900185,0.5531057346690972
1779787805.3560007,10.0,10.0,7.276134294731013,0.15030425594477326,-0.01982989361749336,0.686683442990565,0.18897827712303678,0.03843157372498576,0.5531057346690972
1779787805.3660014,10.0,10.0,7.535490781361993,0.15022783609766494,-0.019779473761237426,0.6868323038553955,0.18857289128755406,0.03835958889252867,0.5531057346690972
1779787805.376049,10.0,10.0,7.8174875160346335,0.15016260816007423,-0.019728497195699572,0.6869597299107227,0.18817192955335002,0.03828499485196401,0.5531057346690972
1779787805.386035,10.0,10.0,8.109134271856579,0.1501117226929428,-0.01968081501386782,0.687063889233274,0.187774537536875,0.03820771848351698,0.5531057346690972
1779787805.3960075,10.0,10.0,8.393858816094614,0.15007705070385524,-0.01963468494558287,0.6871427530688102,0.18736117492828136,0.03812378448616454,0.5531057346690972
1779787805.4060152,10.0,10.0,8.651127892405084,0.15005969088053622,-0.019590787270015658,0.6871860477834738,0.18695771811766215,0.03803835143448316,0.5531057346690972
1779787805.4160457,10.0,10.0,8.891219969847628,0.15006068104975537,-0.019549393494724565,0.6871993403166327,0.18655841268342746,0.037950364898651945,0.5531057346690972
1779787805.4260347,10.0,10.0,9.098830867664912,0.1500797244624639,-0.01950478339197605,0.6871920938070674,0.18615819218197205,0.037858731531130965,0.5531057346690972
1779787805.4360585,10.0,10.0,9.259386864753177,0.15011244981102811,-0.019462990784856995,0.6871667003597329,0.18576289291691891,0.03776482007540283,0.5531057346690972
1779787805.4461098,10.0,10.0,9.383840334728571,0.15015955959327218,-0.019411033552836264,0.6871382713791774,0.1853421563816118,0.0376611259145674,0.5531057346690972
1779787805.456043,10.0,10.0,9.49593582469356,0.15023138859559207,-0.019356086729564546,0.6870891239246888,0.1853421563816118,0.0376611259145674,0.5531057346690972
1779787805.4660711,10.0,10.0,9.63572889893797,0.15031895465414802,-0.019298471627660383,0.6870225938439646,0.18493985923156692,0.03755834758870249,0.5531057346690972
1779787805.4759996,10.0,10.0,9.7196248621007,0.15041927949800896,-0.019239651676301733,0.6869301149274434,0.18452336424172638,0.03744818009277199,0.5531057346690972
1779787805.4860814,10.0,10.0,9.730387730936757,0.15053367960753244,-0.019179751947107537,0.6868161625390358,0.1841120420509378,0.03733559932859048,0.5531057346690972
1779787805.4960077,10.0,10.0,9.71998478445682,0.150668365038199,-0.019115313093180382,0.6866656101083893,0.18372285881619793,0.03722559418362535,0.5531057346690972
1779787805.5059853,10.0,10.0,9.69155563637357,0.15081450199379026,-0.019045356752419616,0.6864817220368213,0.18332942892831308,0.03711092125720753,0.5531057346690972
1779787805.5159967,10.0,10.0,9.579213830198762,0.15095963919486916,-0.018972314815257615,0.6862763564419788,0.18293319504841146,0.03699188212207958,0.5531057346690972
1779787805.5260172,10.0,10.0,9.37774240652642,0.1511147664444688,-0.018892266007117353,0.6860290600784111,0.1825371207826584,0.03686930497821872,0.5531057346690972
1779787805.5360825,10.0,10.0,9.136587904003656,0.15126409753745432,-0.01881480351944811,0.6857572673345933,0.18215029303471109,0.03674610224394965,0.5531057346690972
1779787805.5460432,10.0,10.0,8.849348529013017,0.1514068127676819,-0.01873351064448092,0.6854803056881495,0.18174279975679614,0.03661256076991096,0.5531057346690972
1779787805.5560458,10.0,10.0,8.51976176682994,0.1515367230282906,-0.018655500257691433,0.6851981768769331,0.18134841062703883,0.036479612819523,0.5531057346690972
1779787805.5660043,10.0,10.0,8.198036551534631,0.15164743725043,-0.018574357162899603,0.6849206507381655,0.18096106202156273,0.036345464603871364,0.5531057346690972
1779787805.5760407,10.0,10.0,7.86389590530522,0.15172794789058508,-0.01848525979696687,0.684640892224688,0.1805603636796393,0.03620293398997588,0.5531057346690972
1779787805.586046,10.0,10.0,7.531830304793907,0.15176928546612695,-0.018387398064643592,0.6843690719294211,0.18018164766582798,0.03606467760078721,0.5531057346690972
1779787805.5959926,10.0,10.0,7.24040892160253,0.15177950165749046,-0.01828054997091559,0.6841176153911808,0.17980262788338192,0.03592282995539172,0.5531057346690972
1779787805.6059933,10.0,10.0,6.992992825965119,0.15176741765819046,-0.018171102428254017,0.6838845772976732,0.17938804089747054,0.03576364659098046,0.5531057346690972
1779787805.6159813,10.0,10.0,6.790534044390762,0.15174118202019368,-0.01806631273674365,0.6836848412723351,0.17901222814172318,0.03561568213765966,0.5531057346690972
1779787805.6260343,10.0,10.0,6.62779592343232,0.15169604179507143,-0.017965794694175283,0.683526503847595,0.17863134831399102,0.03546212763834514,0.5531057346690972
1779787805.6360364,10.0,10.0,6.474025640626768,0.15162666158362204,-0.017869491034690634,0.6834159488346252,0.17863134831399102,0.03546212763834514,0.5531057346690972
1779787805.6460447,10.0,10.0,6.3296810161317545,0.1515465459929583,-0.01777896714010321,0.6833518657534113,0.17824991485004502,0.03530468684886277,0.5531057346690972
1779787805.6560287,10.0,10.0,6.216882529426384,0.15146126520416472,-0.017694673469211438,0.6833178697235279,0.1778705462405769,0.035144425049326175,0.5531057346690972
1779787805.6660194,10.0,10.0,6.131192424403536,0.15137070400737654,-0.01761754444167915,0.6833034026033089,0.17749466572378697,0.03498198594566673,0.5531057346690972
1779787805.676038,10.0,10.0,6.074273013566084,0.15126997417577204,-0.01754803365482752,0.6833139159084413,0.1771177928387476,0.034815430514653904,0.5531057346690972
1779787805.686002,10.0,10.0,6.034413742332743,0.15115598659738833,-0.01748717018036502,0.6833511655586867,0.17674062039524369,0.03464500537158766,0.5531057346690972
1779787805.695996,10.0,10.0,6.042553720041824,0.15104086525924157,-0.017435473062614264,0.6834070816343278,0.17636833261861717,0.03447307968672353,0.5531057346690972
1779787805.7060087,10.0,10.0,6.125409233755665,0.15092487878404817,-0.01739465877931502,0.683482595138462,0.17599727242274887,0.034298013576190146,0.5531057346690972
1779787805.7160745,10.0,10.0,6.270309984064074,0.15080810225332048,-0.017359112330589916,0.6835859576499251,0.17561893912314364,0.034115660405798026,0.5531057346690972
1779787805.7260897,10.0,10.0,6.454240146151897,0.15069872746164117,-0.017330352768661537,0.6837073248056844,0.175247687308277,0.03393289037340913,0.5531057346690972
1779787805.7360227,10.0,10.0,6.698254373012138,0.15061251103403037,-0.017300609971950612,0.6838369458495974,0.174873941704643,0.033745012891563154,0.5531057346690972
1779787805.7460434,10.0,10.0,6.979289279711386,0.15053139791511982,-0.01727685323905637,0.6839674172370844,0.17451614383964675,0.03356145950063642,0.5531057346690972
1779787805.7559972,10.0,10.0,7.236913161339682,0.1504516512434534,-0.01725150901186551,0.6840899334009655,0.1741594378984309,0.033374825250463765,0.5531057346690972
1779787805.7660189,10.0,10.0,7.489693296174266,0.15038654880316427,-0.017228702589895003,0.6841892256070073,0.17378915214045687,0.03317719052035746,0.5531057346690972
1779787805.7760468,10.0,10.0,7.756287536743555,0.150327346880543,-0.017206054374913283,0.6842653183460801,0.17341585529218795,0.03297387821003679,0.5531057346690972
1779787805.7859905,10.0,10.0,8.007166875399252,0.15028121833562033,-0.017187407057485806,0.6843139767028321,0.17306349488805972,0.03277816787497245,0.5531057346690972
1779787805.7959695,10.0,10.0,8.246666691908343,0.15024942518995318,-0.017174988501517528,0.6843388576216167,0.17271539850848708,0.03258115166822429,0.5531057346690972
1779787805.8060052,10.0,10.0,8.471468469194091,0.1502329883840844,-0.017164854335335735,0.6843421890862734,0.17235100637747247,0.03237094548429956,0.5531057346690972
1779787805.8159854,10.0,10.0,8.68157250648921,0.15023929049177723,-0.017154091987385565,0.6843312721913466,0.17200439160761916,0.03216717549011394,0.5531057346690972
1779787805.8260746,10.0,10.0,8.855262420004374,0.15026245566186833,-0.017141547738859488,0.6843119684634401,0.1716510057448857,0.031955535481458575,0.5531057346690972
1779787805.8360531,10.0,10.0,8.982629249285564,0.15029597010644774,-0.01713298662369294,0.6842732557092596,0.1713072880140527,0.03174586301932721,0.5531057346690972
1779787805.8459878,10.0,10.0,9.101351998849346,0.15034420909733245,-0.017126677068381915,0.6842012875805028,0.17096635363650575,0.03153410885176292,0.5531057346690972
1779787805.8560588,10.0,10.0,9.22841324849621,0.15040853382117644,-0.017123590346471818,0.6840950123097918,0.170621974485111,0.03131633572548265,0.5531057346690972
1779787805.8660948,10.0,10.0,9.329865803236615,0.15048149578910316,-0.0171235532375508,0.6839633423266803,0.17027463534981666,0.03109267997119635,0.5531057346690972
1779787805.8760757,10.0,10.0,9.360919279724499,0.1505671611131158,-0.01712291466106023,0.6838066414079003,0.17027463534981666,0.03109267997119635,0.5531057346690972
1779787805.8860192,10.0,10.0,9.349433342383714,0.15067451096989323,-0.017115278786037184,0.6836162181444879,0.16993776457974777,0.03087185608773227,0.5531057346690972
1779787805.8959928,10.0,10.0,9.308065892621716,0.15079166871839686,-0.017102981182489565,0.683404051853711,0.16959672900779846,0.03064431789103491,0.5531057346690972
1779787805.9060066,10.0,10.0,9.201884725786723,0.15091533754770728,-0.017090262237958863,0.6831759927271764,0.16926525582344787,0.030419255313421732,0.5531057346690972
1779787805.9159975,10.0,10.0,9.032954955325904,0.15104679225392978,-0.01707481656602002,0.682935215499287,0.16893633405812775,0.03019205750022582,0.5531057346690972
1779787805.9260633,10.0,10.0,8.801901362478675,0.15117578339715193,-0.017055850284635448,0.6826811030872237,0.16859386848522506,0.029951341091405084,0.5531057346690972
1779787805.9359984,10.0,10.0,8.523761298916934,0.1512993573271468,-0.01704225304743394,0.6824261792722957,0.16826746405852352,0.029717892293330654,0.5531057346690972
1779787805.946005,10.0,10.0,8.224743120528675,0.15141052027685198,-0.01702740653359164,0.6821720723217377,0.16794234611657696,0.029481392915240108,0.5531057346690972
1779787805.9560199,10.0,10.0,7.927413240648972,0.15149344702608977,-0.017006268051677955,0.6819218160629689,0.16761571874205342,0.02923973419128728,0.5531057346690972
1779787805.9660747,10.0,10.0,7.623430235063659,0.15154357200641247,-0.01697680752547293,0.6816817905845418,0.16729323573110397,0.02899707584996839,0.5531057346690972
1779787805.976098,10.0,10.0,7.335674414727511,0.15156528511230116,-0.016944337442233642,0.6814504315879857,0.16696621691927083,0.028746802359621043,0.5531057346690972
1779787805.9860485,10.0,10.0,7.100201948732084,0.15155930036116366,-0.01690836771083745,0.6812389625584432,0.1666211813086576,0.02847806387506431,0.5531057346690972
1779787805.996085,10.0,10.0,6.893735756999467,0.1515298112746718,-0.01686791240408973,0.6810522198387615,0.1662862919454071,0.028212543723929853,0.5531057346690972
1779787806.0059948,10.0,10.0,6.718663066317453,0.15148015118390742,-0.016829431132157048,0.6808974083604844,0.1659663781414711,0.027954499554094403,0.5531057346690972
1779787806.0159981,10.0,10.0,6.585810600450828,0.15141599932665042,-0.01679864556178536,0.680776418727393,0.1656524534566366,0.02769702450979253,0.5531057346690972
1779787806.0260289,10.0,10.0,6.4696234350168265,0.15133295299801217,-0.01676702061658823,0.6806954474285798,0.16533004889150846,0.027428110308467556,0.5531057346690972
1779787806.0360613,10.0,10.0,6.385192474110751,0.15124016117738012,-0.01673809696271594,0.680650915557882,0.1650210178392463,0.027165997252221213,0.5531057346690972
1779787806.0459926,10.0,10.0,6.32830133677537,0.15114827318808505,-0.01671278482196108,0.6806348815646981,0.16470448011956001,0.026893005186076874,0.5531057346690972
1779787806.0560024,10.0,10.0,6.288291877802712,0.1510558943475398,-0.016691028911863793,0.6806366737973963,0.16440087103627934,0.026626781184467922,0.5531057346690972
1779787806.0661032,10.0,10.0,6.254079864530031,0.1509534591347358,-0.016662647145770097,0.6806642053355554,0.16409553134379187,0.02635461785676651,0.5531057346690972
1779787806.0760536,10.0,10.0,6.226716156669874,0.1508486956584118,-0.01663652954768535,0.6807126708051299,0.1637832137948335,0.026071545209070568,0.5531057346690972
1779787806.0860338,10.0,10.0,6.269684709077736,0.15074243572870366,-0.016609363075249413,0.680782065665638,0.1637832137948335,0.026071545209070568,0.5531057346690972
1779787806.0960922,10.0,10.0,6.391755608515466,0.15063782004113613,-0.01658118207672651,0.6808826758613984,0.1634632100022432,0.025776472703976157,0.5531057346690972
1779787806.1060472,10.0,10.0,6.5433890401715775,0.1505434592149067,-0.01655009990927866,0.6810079889188987,0.1631634937263952,0.025495377556801042,0.5531057346690972
1779787806.116012,10.0,10.0,6.755341584996896,0.15046372959763124,-0.016522894989677,0.6811449036018101,0.16286975908597418,0.0252153482629068,0.5531057346690972
1779787806.1260145,10.0,10.0,7.018594412675508,0.15038932255708445,-0.016490937913565238,0.6812816288356855,0.1625652968294705,0.02492023043983667,0.5531057346690972
1779787806.1360903,10.0,10.0,7.284731020865991,0.15031804563162504,-0.016462450593274953,0.6814102175095545,0.1622769366818705,0.024636047008340364,0.5531057346690972
1779787806.1460083,10.0,10.0,7.546370370884072,0.15025331433552408,-0.01643871543626297,0.6815269703617503,0.16197675247566876,0.02433525987865822,0.5531057346690972
1779787806.156019,10.0,10.0,7.812386242276865,0.15020132706583444,-0.01641672489896406,0.68162001998307,0.16167980438902707,0.02403261990940269,0.5531057346690972
1779787806.1660364,10.0,10.0,8.063383820021516,0.1501535157153317,-0.016404498419535587,0.6816914362875892,0.16139962706266053,0.023742305435040335,0.5531057346690972
1779787806.1760993,10.0,10.0,8.291120957253487,0.1501212383570874,-0.016393614906085024,0.68173165798071,0.16112260134000153,0.023450588746694957,0.5531057346690972
1779787806.1860003,10.0,10.0,8.495501042089488,0.15010079306881952,-0.01639022461923166,0.6817424488442556,0.16084507792893077,0.023153573659902026,0.5531057346690972
1779787806.1960654,10.0,10.0,8.684061401565758,0.15010124409809827,-0.016390586625845412,0.681733764112916,0.16057142947079317,0.02285590359974172,0.5531057346690972
1779787806.206034,10.0,10.0,8.854635213683133,0.15011600665398556,-0.016395776631258855,0.6817125186681644,0.16029454057842746,0.022549724348820493,0.5531057346690972
1779787806.2160296,10.0,10.0,8.989018358807492,0.1501443026136567,-0.01640139525007369,0.6816728529398819,0.16002537576200093,0.022247148786705466,0.5531057346690972
1779787806.2259862,10.0,10.0,9.09615610515673,0.1501860516425772,-0.0164136215858874,0.6816035044881686,0.1597609979875771,0.021945084253620482,0.5531057346690972
1779787806.236033,10.0,10.0,9.20157183635741,0.15023875378997512,-0.016423859874867323,0.6815054255165844,0.15949471602607074,0.021635827999871432,0.5531057346690972
1779787806.2460914,10.0,10.0,9.282879379467726,0.15030070445649396,-0.016437975565016923,0.6813852691170472,0.1592156073605661,0.02130611316412765,0.5531057346690972
1779787806.2560341,10.0,10.0,9.305785228141058,0.1503783931817458,-0.016457508249565992,0.6812313844733308,0.15895039784457965,0.02098738440353399,0.5531057346690972
1779787806.2660582,10.0,10.0,9.314112852377372,0.15047233787870307,-0.016479666707051647,0.6810514459140571,0.15868982387186115,0.020668911911940112,0.5531057346690972
1779787806.2760155,10.0,10.0,9.281410279399378,0.15057642303397129,-0.016495298674379114,0.6808483132522224,0.158430393994682,0.020346443447810444,0.5531057346690972
1779787806.286005,10.0,10.0,9.185800771735225,0.15068970685440342,-0.01651380912758032,0.6806287175081939,0.1581752945256575,0.020023945383983017,0.5531057346690972
1779787806.2960129,10.0,10.0,9.038322464183418,0.15080735385312716,-0.01653697731304545,0.6803796003851525,0.15792524130994492,0.01970245347041537,0.5531057346690972
1779787806.3059998,10.0,10.0,8.829418349446318,0.15092218148078285,-0.016559280935985896,0.6801133005051496,0.15792524130994492,0.01970245347041537,0.5531057346690972
1779787806.316004,10.0,10.0,8.549836672621177,0.15102970387884548,-0.016583689337303305,0.6798431970108709,0.15767958831915582,0.019381273355135356,0.5531057346690972
1779787806.326006,10.0,10.0,8.255289044062577,0.15113048007173505,-0.016612371991336455,0.6795637392958763,0.15742748643049448,0.01904597279519006,0.5531057346690972
1779787806.3360803,10.0,10.0,7.98403633850665,0.15120883227183876,-0.01663793552669524,0.6792992430444702,0.15718628332312268,0.018719594248387168,0.5531057346690972
1779787806.3460317,10.0,10.0,7.696653236415437,0.15127139364270034,-0.016658761608160936,0.6790383248430886,0.15694058615156264,0.01838133916169106,0.5531057346690972
1779787806.3560328,10.0,10.0,7.457428876286943,0.15130868418337834,-0.016674640869734213,0.6787831035282033,0.15669803551352587,0.018041479311174138,0.5531057346690972
1779787806.3660345,10.0,10.0,7.247515037065794,0.15131332592465183,-0.016682932882433547,0.6785467390964769,0.15645885902979773,0.017700365126391962,0.5531057346690972
1779787806.3760536,10.0,10.0,7.0479523140073965,0.1513023880651845,-0.01668586774484899,0.6783282568016572,0.15622590657773627,0.017362210873864817,0.5531057346690972
1779787806.386,10.0,10.0,6.867482266097287,0.1512738804539382,-0.016685489138691036,0.6781369765910463,0.1559981872325516,0.017025803738024998,0.5531057346690972
1779787806.3960555,10.0,10.0,6.724585441594856,0.1512302571883946,-0.01667855834760301,0.677984695795079,0.15577537760838328,0.01669084724398655,0.5531057346690972
1779787806.406059,10.0,10.0,6.582977414485649,0.15116401282772646,-0.016667506224318514,0.6778764768638856,0.1555502559095252,0.01634636828504143,0.5531057346690972
1779787806.4160318,10.0,10.0,6.453385052450409,0.15108787795410322,-0.016650746779537724,0.6778131255420451,0.1553299997655962,0.016003228215098492,0.5531057346690972
1779787806.4260514,10.0,10.0,6.364249622711939,0.1510005628257614,-0.01662547930661059,0.6777863941109165,0.15511507099279453,0.015662339460640967,0.5531057346690972
1779787806.4360158,10.0,10.0,6.298617863283029,0.1509084027435851,-0.016601457597458742,0.6777775706437947,0.15489544034915248,0.015307576391508315,0.5531057346690972
1779787806.4460177,10.0,10.0,6.233551590641051,0.15080241133090105,-0.01657501542828148,0.6777829370597624,0.15468073509724348,0.014954244432441217,0.5531057346690972
1779787806.4560566,10.0,10.0,6.177219307681661,0.15068921726585038,-0.016546490976931182,0.67780205389153,0.1544706691121212,0.014602043726393368,0.5531057346690972
1779787806.4660127,10.0,10.0,6.194287286407737,0.15057323967812883,-0.016519535104079157,0.6778400859367184,0.1542671221832272,0.01425437936283247,0.5531057346690972
1779787806.4760578,10.0,10.0,6.2744403836415,0.15046087407116662,-0.016488079200702374,0.6779018960650697,0.15406061814400698,0.013894958092527141,0.5531057346690972
1779787806.4860306,10.0,10.0,6.4052971234443845,0.15035290395095088,-0.01646203741101953,0.6779836600019533,0.15386124488024136,0.013541260517939972,0.5531057346690972
1779787806.4960341,10.0,10.0,6.582763031248294,0.1502499384661392,-0.01643386569962853,0.6780867605611802,0.1536673903145648,0.013190774778101353,0.5531057346690972
1779787806.5060294,10.0,10.0,6.804208160568357,0.1501631627337944,-0.016411965136643926,0.6781955957532226,0.15346572541355713,0.012818971530234022,0.5531057346690972
1779787806.5159938,10.0,10.0,7.067736318509933,0.15007593976263098,-0.016383680050863995,0.6783048497176837,0.153276281942128,0.012462706083137827,0.5531057346690972
1779787806.5259957,10.0,10.0,7.3322003569382765,0.14999204353073015,-0.016361398816826418,0.6783996945305962,0.15308765218430848,0.01210091866452603,0.5531057346690972
1779787806.536013,10.0,10.0,7.593253813780375,0.14991579526829873,-0.01633754402660636,0.6784836192730218,0.15290212692019317,0.011737892612035245,0.5531057346690972
1779787806.546055,10.0,10.0,7.839793012584594,0.14985160941150227,-0.016316591308129052,0.6785474722036777,0.15290212692019317,0.011737892612035245,0.5531057346690972
1779787806.5560548,10.0,10.0,8.091936638270582,0.14980143036793386,-0.016297675575494858,0.6785838482826893,0.15272306579171427,0.011380420859859287,0.5531057346690972
1779787806.5660117,10.0,10.0,8.344751827721126,0.14976402105895223,-0.01628479734887188,0.67859958306554,0.15254347342047486,0.011014540926096245,0.5531057346690972
1779787806.5760236,10.0,10.0,8.557184229486824,0.1497454031887122,-0.016278458033183865,0.6786057666867266,0.15236613184893216,0.010645658682188499,0.5531057346690972
1779787806.586053,10.0,10.0,8.740013725576814,0.1497481349257885,-0.016275479355288704,0.6786050825914456,0.1521915735084969,0.010274816756227267,0.5531057346690972
1779787806.5960145,10.0,10.0,8.919977719786356,0.14976575324740427,-0.016279784618382673,0.6785887071315341,0.15201783731498036,0.009897676850317654,0.5531057346690972
1779787806.606016,10.0,10.0,9.070610493425894,0.1497949102674911,-0.016289682257813454,0.6785530604996882,0.15183939832298604,0.009501504077525515,0.5531057346690972
1779787806.616069,10.0,10.0,9.180057426568586,0.14983950946638158,-0.01630356698471649,0.6784849685905116,0.15167478253933703,0.009127636317836505,0.5531057346690972
1779787806.6260698,10.0,10.0,9.28342536771243,0.14989671215614392,-0.016322439124818042,0.678388327174875,0.15151137886846805,0.008748095266718894,0.5531057346690972
1779787806.6360312,10.0,10.0,9.365056500587485,0.14996059672557388,-0.01634541697466361,0.6782638825257415,0.1513479561395158,0.00835961409683228,0.5531057346690972
1779787806.6460073,10.0,10.0,9.400657895850923,0.15003739176374487,-0.016372315136750977,0.6781114205359076,0.15119466700658185,0.007986645888720844,0.5531057346690972
1779787806.656034,10.0,10.0,9.410872889872543,0.15012896877132517,-0.016402840006991135,0.6779421311166434,0.15104495832969073,0.007613883441282183,0.5531057346690972
1779787806.6660385,10.0,10.0,9.372020386270677,0.15023270613486864,-0.016432822830742697,0.677752687534637,0.1508984035517253,0.007240328267332327,0.5531057346690972
1779787806.6759994,10.0,10.0,9.283545937370086,0.15034458458322708,-0.016467544567722817,0.6775494037825711,0.15075108480037538,0.006855654211889876,0.5531057346690972
1779787806.6860192,10.0,10.0,9.1486752848521,0.15046854000444468,-0.016504844499879746,0.6773305460618054,0.15061002940676507,0.00647815236577973,0.5531057346690972
1779787806.6961288,10.0,10.0,8.944622382537705,0.15058985603236577,-0.016545423007475062,0.677111875724481,0.15046606150497138,0.006082959228827581,0.5531057346690972
1779787806.7060223,10.0,10.0,8.680892586168975,0.15070926091493939,-0.016585209482397792,0.6768937168951047,0.15033125590382723,0.005703221637644761,0.5531057346690972
1779787806.7160223,10.0,10.0,8.393158627907884,0.15082041504769045,-0.0166282261578699,0.676674320336241,0.1501939116593673,0.005305989840357107,0.5531057346690972
1779787806.7260277,10.0,10.0,8.114714927246553,0.15091607038100704,-0.016661612199833843,0.6764675928408422,0.15006527237045444,0.004923770559436918,0.5531057346690972
1779787806.7360008,10.0,10.0,7.842850936184595,0.15099009060572766,-0.01669233799951086,0.676266407924853,0.14993669737531995,0.004531168843505982,0.5531057346690972
1779787806.7459917,10.0,10.0,7.593670024785741,0.15104301577288812,-0.016715016750439085,0.6760728973148501,0.1498143734160793,0.004147083334506056,0.5531057346690972
1779787806.7560346,10.0,10.0,7.377080893823236,0.15107367732663715,-0.016732070639316157,0.6758924343857388,0.14969593450767749,0.003764594738549343,0.5531057346690972
1779787806.766039,10.0,10.0,7.178173432820467,0.1510729518672666,-0.016737462359434584,0.6757412676515071,0.14957899688604623,0.003375889596038446,0.5531057346690972
1779787806.7760224,10.0,10.0,6.968061603358195,0.15104833956258457,-0.016734858995876692,0.6756164781534978,0.14957899688604623,0.003375889596038446,0.5531057346690972
1779787806.786098,10.0,10.0,6.789052678180041,0.15100191782988454,-0.0167255851398493,0.6755182458778711,0.14946273172422225,0.002977597850685333,0.5531057346690972
1779787806.796063,10.0,10.0,6.6527427700638695,0.1509323993335807,-0.016714528747321173,0.6754591692749482,0.1493525820031819,0.002588429349590521,0.5531057346690972
1779787806.8060124,10.0,10.0,6.548953117905817,0.15084312788030105,-0.01669573492137983,0.6754306927513041,0.14924552348549508,0.0021981588128478207,0.5531057346690972
1779787806.8160286,10.0,10.0,6.457052804897173,0.1507544854916997,-0.01667794504612385,0.6754198627450678,0.14914153190803586,0.00180666985327229,0.5531057346690972
1779787806.8260686,10.0,10.0,6.390770867659867,0.1506577761592676,-0.016668634167366914,0.6754231133425794,0.14904169015230326,0.0014182089938546798,0.5531057346690972
1779787806.8360257,10.0,10.0,6.318870841222169,0.15054864507718507,-0.016657923924716864,0.6754403822921748,0.1489411198390605,0.0010131935401104849,0.5531057346690972
1779787806.846083,10.0,10.0,6.2669620914177715,0.15043077966910634,-0.016649854993544808,0.675477416166276,0.14884689494534953,0.0006199446110587269,0.5531057346690972
1779787806.8560092,10.0,10.0,6.289671134706756,0.15031292383127226,-0.016641862795006932,0.6755326436466338,0.14875515393067418,0.00022286152281454814,0.5531057346690972
1779787806.8660045,10.0,10.0,6.381703453054975,0.1501965357619052,-0.01663754353589078,0.675610848580605,0.14866764293129123,-0.00017041795473018984,0.5531057346690972
1779787806.8760638,10.0,10.0,6.5235838522117895,0.15007996720972347,-0.01664119499221046,0.6757173362027277,0.148582565875092,-0.0005679065513563425,0.5531057346690972
1779787806.8860564,10.0,10.0,6.714591950893416,0.149980420684868,-0.016652014021680508,0.6758411433772568,0.14849819149395832,-0.0009786574155622348,0.5531057346690972
1779787806.8960223,10.0,10.0,6.968843226056925,0.1498836753906226,-0.01665595904971688,0.6759719609914815,0.14842030632416706,-0.0013743018194020216,0.5531057346690972
1779787806.906026,10.0,10.0,7.250823494649534,0.14979056604322932,-0.016656086608776603,0.6760934048731196,0.14834463315845292,-0.0017758868695380101,0.5531057346690972
1779787806.9160378,10.0,10.0,7.530968151744291,0.14970735242849728,-0.01665940315958736,0.6762034585779925,0.14827270619704058,-0.0021754516395607135,0.5531057346690972
1779787806.926008,10.0,10.0,7.816319967738617,0.14963201736086362,-0.01666767855302119,0.6762921260674867,0.1482049228188545,-0.0025702334674920987,0.5531057346690972
1779787806.936009,10.0,10.0,8.105477740921831,0.14957252465690826,-0.016668387076958915,0.6763591355239373,0.14814023163379644,-0.0029660013972992935,0.5531057346690972
1779787806.9460042,10.0,10.0,8.384163419581617,0.1495325319252868,-0.01667038699476228,0.676399580693884,0.14807629865639238,-0.0033782930244306243,0.5531057346690972
1779787806.956052,10.0,10.0,8.638797479636736,0.14950685990881982,-0.01667211208681343,0.6764162547968244,0.14801776829978486,-0.0037773405123564885,0.5531057346690972
1779787806.9660227,10.0,10.0,8.84830862897737,0.14949938036897914,-0.01667819044118554,0.676413633917258,0.14796219967027238,-0.004178775451173268,0.5531057346690972
1779787806.9760246,10.0,10.0,9.035079002573807,0.14951612559399682,-0.01668227603982986,0.6764106677486664,0.14790969680323207,-0.004582153232364409,0.5531057346690972
1779787806.9860175,10.0,10.0,9.181063232456346,0.14954745186693402,-0.016686290871592842,0.6764012227294834,0.14786105489966472,-0.004981042872682342,0.5531057346690972
1779787806.996015,10.0,10.0,9.286679902237475,0.14959279837602865,-0.016697493877005143,0.676369168551103,0.1478156420465811,-0.005380113036788605,0.5531057346690972
1779787807.0060391,10.0,10.0,9.405912615886237,0.14964483332408798,-0.01671155218382816,0.6763112504476297,0.1477732293530069,-0.005781572559672694,0.5531057346690972
1779787807.0161448,10.0,10.0,9.52854227734752,0.14971106526738043,-0.016727928077008593,0.6762246326589825,0.14773334977219194,-0.0061909636341561354,0.5531057346690972
1779787807.0260067,10.0,10.0,9.603456765801928,0.1497789710390198,-0.016752248947916774,0.6761164683690252,0.14769584684065779,-0.006612366590670268,0.5531057346690972
1779787807.0361311,10.0,10.0,9.624592599650134,0.1498659983578052,-0.016781341109580003,0.6759785366715428,0.14766271007020837,-0.007023600327346896,0.5531057346690972
1779787807.0460463,10.0,10.0,9.626161587752167,0.14996700883249656,-0.01681440634636319,0.6758196415781325,0.14763314319420107,-0.007432517621901182,0.5531057346690972
1779787807.0560057,10.0,10.0,9.557242250390502,0.15007621330553458,-0.01684780860417379,0.6756449159027992,0.14763314319420107,-0.007432517621901182,0.5531057346690972
1779787807.0660787,10.0,10.0,9.448912067068742,0.15019577214578608,-0.0168888336517279,0.6754426238671035,0.14760711454729114,-0.007838591624288396,0.5531057346690972
1779787807.0760636,10.0,10.0,9.29129248870566,0.15032161793928528,-0.016933809822159685,0.6752263271683658,0.1475845428403676,-0.008241945382758258,0.5531057346690972
1779787807.0860374,10.0,10.0,9.06103137663143,0.15043922722374328,-0.01697647964078231,0.6750009683762573,0.14756488855624106,-0.008653294780911354,0.5531057346690972
1779787807.0961163,10.0,10.0,8.775456581805757,0.15055397466481849,-0.017018238218290068,0.6747680219947259,0.14754890611109042,-0.009056811748916864,0.5531057346690972
1779787807.1060076,10.0,10.0,8.480289526737124,0.15065851691920618,-0.01705703830254423,0.6745237284986239,0.14753598598571532,-0.009467641603487235,0.5531057346690972
1779787807.1161344,10.0,10.0,8.191878032386835,0.15074674485565295,-0.017091628484500774,0.6742824633881378,0.14752626387170156,-0.009888013521279652,0.5531057346690972
1779787807.1260583,10.0,10.0,7.894750516563111,0.15081875487629717,-0.0171183225186992,0.6740402947844918,0.14752016908083193,-0.010299787129119773,0.5531057346690972
1779787807.1360488,10.0,10.0,7.618494020922362,0.1508689055959976,-0.01713661403639661,0.6738032343457087,0.14751745771094465,-0.010715030169602258,0.5531057346690972
1779787807.1460218,10.0,10.0,7.387587111502861,0.15089943045159807,-0.017153656740550534,0.6735781842637494,0.14751820643286523,-0.011132201397169621,0.5531057346690972
1779787807.1560917,10.0,10.0,7.181028584249684,0.15090685971408296,-0.01717027383777925,0.6733672306316377,0.1475222733613414,-0.01153791388229184,0.5531057346690972
1779787807.1660485,10.0,10.0,6.9944077144549945,0.1508956907865986,-0.017183895841844012,0.6731773181741306,0.14752976093100062,-0.011949357183804847,0.5531057346690972
1779787807.176034,10.0,10.0,6.845922779875933,0.1508651739016089,-0.017192878198495718,0.6730118568832286,0.14754041785427932,-0.012353617428690272,0.5531057346690972
1779787807.1860244,10.0,10.0,6.702898886136269,0.15081119954675498,-0.017196835891989396,0.6728813230256171,0.14755452495547028,-0.012762470197084992,0.5531057346690972
1779787807.196087,10.0,10.0,6.558653488680007,0.15074198220221216,-0.017196070887120857,0.6727801769180785,0.1475722662827741,-0.013177372442353964,0.5531057346690972
1779787807.206045,10.0,10.0,6.415625360982035,0.1506563991647092,-0.017191650451248645,0.6727161406645092,0.1475933438814585,-0.013590137421754328,0.5531057346690972
1779787807.2160876,10.0,10.0,6.270364525659138,0.1505524625361641,-0.017197033849418498,0.672689385485703,0.147618027631447,-0.014005782640422593,0.5531057346690972
1779787807.226113,10.0,10.0,6.163788393400124,0.15044202666284978,-0.017213661003258884,0.6726885135121248,0.14764610889250004,-0.014420333216688794,0.5531057346690972
1779787807.2360754,10.0,10.0,6.121550727297547,0.1503340719405288,-0.017231763730263628,0.6726992229088091,0.14767695729566038,-0.014826196153321095,0.5531057346690972
1779787807.2460759,10.0,10.0,6.127373236812581,0.15022497952874464,-0.017251585150668214,0.6727231800797727,0.14771157480985803,-0.015237070609940805,0.5531057346690972
1779787807.2560434,10.0,10.0,6.199292313570434,0.1501176835369711,-0.017282507199123824,0.6727586224022005,0.14774987676864626,-0.015650718631135166,0.5531057346690972
1779787807.2660253,10.0,10.0,6.313110643786976,0.15000276105314936,-0.017323552571465447,0.6728120678919628,0.14779194687158098,-0.016067196929227704,0.5531057346690972
1779787807.2760952,10.0,10.0,6.475573905941898,0.14988937897015797,-0.017357020765429013,0.6728840276903656,0.14779194687158098,-0.016067196929227704,0.5531057346690972
1779787807.2860374,10.0,10.0,6.698039866786766,0.1497911080440535,-0.01739044887043313,0.672965260494689,0.1478380049263663,-0.016487727475507346,0.5531057346690972
1779787807.2960622,10.0,10.0,6.970649587662592,0.14968767145885462,-0.017433375925570354,0.6730496493670579,0.14788544221561384,-0.016890037503961394,0.5531057346690972
1779787807.3060904,10.0,10.0,7.229455541587027,0.1495856951821712,-0.0174773296182398,0.6731337636720212,0.1479361905157475,-0.017292357670064217,0.5531057346690972
1779787807.3160303,10.0,10.0,7.475743689055143,0.14949325337926309,-0.01752290648180513,0.6732028905289837,0.14799009868436444,-0.01769352154409102,0.5531057346690972
1779787807.3260288,10.0,10.0,7.7233087258212425,0.14940584205595023,-0.017559650848754528,0.6732592627047963,0.1480487233625314,-0.018104249910524492,0.5531057346690972
1779787807.3360784,10.0,10.0,7.9559208237767125,0.14933339098241932,-0.017604171500599286,0.6732980205495547,0.1481092311575561,-0.018504674445243313,0.5531057346690972
1779787807.346081,10.0,10.0,8.162216397542736,0.14927403246958101,-0.017647305716391667,0.6733267899195807,0.14817392593406964,-0.018910376212035063,0.5531057346690972
1779787807.356109,10.0,10.0,8.344845607342023,0.14923848115974964,-0.017689860428710236,0.6733452788345943,0.1482407971858312,-0.019308821113713303,0.5531057346690972
1779787807.366083,10.0,10.0,8.535439661704716,0.14923216716466453,-0.017732071223919864,0.6733567372838656,0.14831463561541622,-0.019727483055833203,0.5531057346690972
1779787807.3761134,10.0,10.0,8.710697478784827,0.14925145906585224,-0.017771584722720498,0.6733619071461934,0.14838815269235855,-0.020125017933762722,0.5531057346690972
1779787807.3860216,10.0,10.0,8.860324414169902,0.14928023011205693,-0.017810656973274514,0.6733540582636149,0.14846581487738103,-0.02052666948988322,0.5531057346690972
1779787807.3960118,10.0,10.0,8.982843515498525,0.14931867693944217,-0.017840248670849955,0.6733224512855093,0.14854616815256783,-0.0209247971068892,0.5531057346690972
1779787807.4060261,10.0,10.0,9.100082719435328,0.14937399329532206,-0.01786802070331288,0.6732646490503261,0.1486304903389959,-0.021325696116200256,0.5531057346690972
1779787807.41602,10.0,10.0,9.203025907799187,0.14944012698440592,-0.017890512549307,0.67317677660765,0.14871833267411583,-0.021726958263759186,0.5531057346690972
1779787807.4260454,10.0,10.0,9.255161351499313,0.14951089608439622,-0.0179113716533415,0.6730538833801709,0.14880788028336547,-0.022120633251608037,0.5531057346690972
1779787807.4360516,10.0,10.0,9.25849486440776,0.1495944847574849,-0.01793814153823077,0.6729018334261944,0.14890204850011746,-0.0225195845913741,0.5531057346690972
1779787807.4460378,10.0,10.0,9.227797455077763,0.14968867256354854,-0.017962856838889624,0.6727186533144442,0.1489999867293266,-0.022919767861874267,0.5531057346690972
1779787807.456021,10.0,10.0,9.150731968303923,0.1497862650173606,-0.017990877115329967,0.6725151047062394,0.14910117249509858,-0.023318949970720412,0.5531057346690972
1779787807.4660265,10.0,10.0,9.002880799337316,0.1498909301644192,-0.01802228207923249,0.6722814920924282,0.14920409339743673,-0.02371147468715747,0.5531057346690972
1779787807.4760194,10.0,10.0,8.816682688806118,0.1499989259907314,-0.01806014994144784,0.6720236106563682,0.1493095455803434,-0.02410078594894504,0.5531057346690972
1779787807.4860163,10.0,10.0,8.59356334579336,0.150103231072897,-0.0181012503193581,0.6717655311385847,0.1494192686134541,-0.024493226946727675,0.5531057346690972
1779787807.496038,10.0,10.0,8.35509470636243,0.15021073612337296,-0.018141045679060604,0.6714998406152737,0.14953227673843544,-0.02488506954384851,0.5531057346690972
1779787807.5060225,10.0,10.0,8.127666009654877,0.15030796251417192,-0.018181345650706063,0.6712371819318689,0.1496489151744148,-0.02527742949642795,0.5531057346690972
1779787807.5160244,10.0,10.0,7.8715626345978125,0.1503958071700021,-0.018221942409011992,0.6709874934591793,0.1497684150829236,-0.025667705534815184,0.5531057346690972
1779787807.5260339,10.0,10.0,7.62220909128259,0.1504662068051756,-0.018255779202226177,0.6707477876307333,0.1497684150829236,-0.025667705534815184,0.5531057346690972
1779787807.5360353,10.0,10.0,7.39836002277868,0.1505008850354685,-0.018282656695042716,0.6705168255444767,0.14989074015825696,-0.026055876962165037,0.5531057346690972
1779787807.5460768,10.0,10.0,7.181799407214834,0.15052303515414187,-0.018306669492825015,0.6703060908512525,0.15001583746413866,-0.026441873272036197,0.5531057346690972
1779787807.556096,10.0,10.0,6.996464530369584,0.15053302761541418,-0.018330371747857416,0.6701233512084204,0.15014561098086032,-0.026831426055416968,0.5531057346690972
1779787807.5660894,10.0,10.0,6.82863558505951,0.15052283735866967,-0.018350206813549187,0.6699711659645552,0.15027894903839137,-0.02722096644518723,0.5531057346690972
1779787807.5760148,10.0,10.0,6.678008089230726,0.15048571774623723,-0.018378133883908764,0.6698566664210103,0.15041366647757592,-0.02760427403810307,0.5531057346690972
1779787807.5861084,10.0,10.0,6.541908110274326,0.15043019179401007,-0.01841846899108545,0.6697771413567748,0.15054955865105177,-0.02798117376067968,0.5531057346690972
1779787807.59602,10.0,10.0,6.428846551473794,0.15035390124370465,-0.018461253559129927,0.6697375913420798,0.15069124875093265,-0.02836440591510399,0.5531057346690972
1779787807.6060448,10.0,10.0,6.340274838799534,0.15026284430654846,-0.018502616234395357,0.6697286729975991,0.15083345368106982,-0.028739658705533796,0.5531057346690972
1779787807.6160536,10.0,10.0,6.273494135139204,0.15017193923933425,-0.01853857020338955,0.669740188211382,0.15097897832805518,-0.029114553893225228,0.5531057346690972
1779787807.6260448,10.0,10.0,6.22783901082403,0.1500757695853635,-0.01858063470928918,0.6697705213690884,0.1511268814515344,-0.029486694609759594,0.5531057346690972
1779787807.63603,10.0,10.0,6.206990158554408,0.14996505097129811,-0.018629083179731516,0.6698230952111962,0.15128568496864428,-0.029876889263507095,0.5531057346690972
1779787807.6460235,10.0,10.0,6.221115055753026,0.14984488668747348,-0.018687115919466306,0.6699050950039841,0.15144106992462741,-0.03024983880813345,0.5531057346690972
1779787807.6560047,10.0,10.0,6.287765664213413,0.14971947051789672,-0.01874940188941938,0.6700126673948327,0.15160517481230196,-0.03063476885844003,0.5531057346690972
1779787807.6660144,10.0,10.0,6.419661475569678,0.14958859283611356,-0.018817894121654802,0.6701427950388896,0.15176633937473633,-0.031004354587370223,0.5531057346690972
1779787807.676025,10.0,10.0,6.599874255483541,0.14945702509356773,-0.01890121660906877,0.6702913293448832,0.15192918499382047,-0.03136975635924952,0.5531057346690972
1779787807.6861055,10.0,10.0,6.8306893070494725,0.14932260648258186,-0.018982981091716155,0.6704514983516774,0.1520999996932292,-0.03174481697533959,0.5531057346690972
1779787807.6960108,10.0,10.0,7.0918725318017675,0.14919208904958745,-0.019061569060899442,0.6706105366238676,0.1522712783470088,-0.03211288330454613,0.5531057346690972
1779787807.7060413,10.0,10.0,7.352428867985726,0.14906710150763203,-0.019137893477048765,0.6707711037237475,0.15244659740503158,-0.0324817489367005,0.5531057346690972
1779787807.7160056,10.0,10.0,7.624880042582336,0.14895170370395175,-0.019217329901263215,0.6709150906511392,0.1526222797759864,-0.03284377836110089,0.5531057346690972
1779787807.7261517,10.0,10.0,7.906237517983085,0.1488480425248278,-0.01929747935687956,0.67104566869549,0.1528021843932749,-0.03320700915239406,0.5531057346690972
1779787807.736052,10.0,10.0,8.170620101553627,0.14876915381004882,-0.01937918209694843,0.6711533196870787,0.15299118730610423,-0.03358083068460557,0.5531057346690972
1779787807.7460783,10.0,10.0,8.430697612789878,0.14872400719337459,-0.019466270676602636,0.671242254914223,0.15317850255355556,-0.03394382425214046,0.5531057346690972
1779787807.7560158,10.0,10.0,8.682341325271029,0.14870844413749842,-0.01955568400917199,0.6713054221996311,0.15337325446307015,-0.03431369540496851,0.5531057346690972
1779787807.7660313,10.0,10.0,8.907773532016702,0.14870845105754307,-0.019643473326430988,0.6713424038475776,0.15356273026275638,-0.03466651083221939,0.5531057346690972
1779787807.7760146,10.0,10.0,9.107648166150037,0.14872258497311522,-0.019722649394580797,0.6713509896545592,0.15375553852964052,-0.035018725082133134,0.5531057346690972
1779787807.7860408,10.0,10.0,9.283234041022872,0.14873750441599817,-0.019796489778004182,0.6713412762848818,0.15395950407608844,-0.03538417365781141,0.5531057346690972
1779787807.796028,10.0,10.0,9.418368515894526,0.14877413998725475,-0.019860655768291928,0.6713138039072817,0.15395950407608844,-0.03538417365781141,0.5531057346690972
1779787807.8060246,10.0,10.0,9.541691936310375,0.14882931407571737,-0.019921607225223414,0.671251567269223,0.15415818272645665,-0.03573338721115099,0.5531057346690972
1779787807.8159978,10.0,10.0,9.656929148730583,0.1489001523954049,-0.019976310552412117,0.6711602946162292,0.15436222133618663,-0.03608536909378979,0.5531057346690972
1779787807.826025,10.0,10.0,9.718038257214832,0.14897436725484287,-0.020024813395208056,0.6710414607953841,0.15456810792217654,-0.03643398589235653,0.5531057346690972
1779787807.8361113,10.0,10.0,9.717055266490307,0.14905982454120278,-0.020067267409936477,0.6708913472441904,0.15477703502446374,-0.03678129369897794,0.5531057346690972
1779787807.8460553,10.0,10.0,9.683233372011012,0.1491572697295402,-0.020104053632492087,0.6707180758782287,0.15498632585067165,-0.037122941827832684,0.5531057346690972
1779787807.8560522,10.0,10.0,9.615034538569871,0.14926269749681711,-0.02014088411432674,0.6705159734080611,0.15520194876434967,-0.03746862403694966,0.5531057346690972
1779787807.8660421,10.0,10.0,9.469173361270174,0.14937430892438258,-0.020176901314758366,0.6702925202057035,0.1554187173694737,-0.03780994136728498,0.5531057346690972
1779787807.876055,10.0,10.0,9.267920197807145,0.14949317232600717,-0.02021278212102204,0.6700530952551754,0.15563768959206511,-0.03814865228222758,0.5531057346690972
1779787807.8860393,10.0,10.0,9.033558316409898,0.1496133766046623,-0.020250752293182087,0.6697988456086289,0.1558673491728474,-0.038497577430602795,0.5531057346690972
1779787807.8960867,10.0,10.0,8.757848191582838,0.14973187506085495,-0.02029113128009093,0.6695363424310167,0.15609097390055077,-0.03883134545427645,0.5531057346690972
1779787807.9060178,10.0,10.0,8.46408312713737,0.14983914106700508,-0.0203319143133884,0.6692768334130306,0.15633020195012487,-0.03918209911844772,0.5531057346690972
1779787807.916039,10.0,10.0,8.17469092965135,0.14993894199798663,-0.020368672171363227,0.6690254750617431,0.15656119703542365,-0.03951481808931277,0.5531057346690972
1779787807.9260342,10.0,10.0,7.899994729141683,0.1500217514874389,-0.02040456225724275,0.6687801162935597,0.15679328981283497,-0.039843422926777144,0.5531057346690972
1779787807.9360557,10.0,10.0,7.629792819963347,0.15007612381971133,-0.020434423685518822,0.6685569336171817,0.1570278396636242,-0.040169902142018474,0.5531057346690972
1779787807.9460099,10.0,10.0,7.389411056280599,0.15011218059602974,-0.020464099998504764,0.6683506655827829,0.15726493492546711,-0.04049438752004031,0.5531057346690972
1779787807.9560297,10.0,10.0,7.18303408361703,0.1501396476986007,-0.020493462224209162,0.6681749853862379,0.15750515646513913,-0.04081765856914302,0.5531057346690972
1779787807.9660916,10.0,10.0,7.000368673981603,0.15015475996621075,-0.020525027112180464,0.6680343244883549,0.15774788973872292,-0.04113887335412645,0.5531057346690972
1779787807.9760976,10.0,10.0,6.8106399823595,0.15014310366862813,-0.020561195323397737,0.6679338432589413,0.157994258610698,-0.04145948728164993,0.5531057346690972
1779787807.9860098,10.0,10.0,6.610705200279175,0.15010721255256398,-0.020603861538192374,0.6678719630101393,0.15824181791744202,-0.04177632878106056,0.5531057346690972
1779787807.996083,10.0,10.0,6.4447175816461435,0.1500511773451687,-0.020649444521881045,0.6678447058435831,0.15849120314760548,-0.042090277765518935,0.5531057346690972
1779787808.0060449,10.0,10.0,6.320475273619572,0.14998415778733673,-0.020691333684582296,0.6678519875050923,0.15874849535435673,-0.0424088452545877,0.5531057346690972
1779787808.0160408,10.0,10.0,6.216023468264936,0.14990640186675908,-0.02074192174391336,0.6678754451138834,0.15900444052361862,-0.042720527786770386,0.5531057346690972
1779787808.0260482,10.0,10.0,6.130002175753663,0.14981272040523588,-0.02080829811071135,0.6679237544599748,0.1592613698057934,-0.04302832773229925,0.5531057346690972
1779787808.0360446,10.0,10.0,6.058334668676841,0.14970518564046517,-0.020877932547571334,0.6679975539590925,0.15952366413987065,-0.043337453677361436,0.5531057346690972
1779787808.0460477,10.0,10.0,6.042421191588961,0.1495916897594837,-0.02094282484320485,0.6681003322122196,0.15978625275567443,-0.043641908733827554,0.5531057346690972
1779787808.0560179,10.0,10.0,6.086949891582014,0.14946675602007412,-0.021012543564897915,0.6682294140551474,0.16005661405664084,-0.04395027612538918,0.5531057346690972
1779787808.066017,10.0,10.0,6.1731669220023555,0.1493323468037723,-0.021097817167045303,0.6683876295247602,0.16033568215832264,-0.04426329798414388,0.5531057346690972
1779787808.076013,10.0,10.0,6.295668168264234,0.14918258822916483,-0.021202255609029365,0.6685750717095977,0.16060608835424078,-0.044561630519108865,0.5531057346690972
1779787808.0860033,10.0,10.0,6.466650964099552,0.1490314565445839,-0.021301267678105553,0.6687744054821033,0.16088614007258203,-0.04486558332303096,0.5531057346690972
1779787808.0960104,10.0,10.0,6.706714405389007,0.14887921744713498,-0.021399614962872637,0.6689833303233093,0.16116465643227595,-0.04516293508103123,0.5531057346690972
1779787808.106036,10.0,10.0,6.961648679695633,0.14872819137256743,-0.021499234104859773,0.6691907231777688,0.16116465643227595,-0.04516293508103123,0.5531057346690972
1779787808.116034,10.0,10.0,7.230680657398596,0.1485870976886321,-0.021602692138000045,0.6693882604932776,0.16144210847762913,-0.04545438378238431,0.5531057346690972
1779787808.1259995,10.0,10.0,7.529014049824651,0.1484654048340196,-0.021707684813502222,0.6695714001034406,0.16173908186719912,-0.04576120228171864,0.5531057346690972
1779787808.1360607,10.0,10.0,7.843296652215951,0.1483734442336508,-0.02181999534850259,0.6697418628885415,0.16202590748317738,-0.04605262217598034,0.5531057346690972
1779787808.146041,10.0,10.0,8.134828547774722,0.1483090780565208,-0.021941067313709636,0.66989167823126,0.16231125801874907,-0.04633787076068332,0.5531057346690972
1779787808.1560357,10.0,10.0,8.415026408348488,0.14826293630193113,-0.022072148532735654,0.6700175285889329,0.16259903003892126,-0.046620933295984844,0.5531057346690972
1779787808.1660273,10.0,10.0,8.66077055677596,0.14823196170183436,-0.022207725230843016,0.670117891188337,0.16288887293221,-0.0469014666718837,0.5531057346690972
1779787808.1760166,10.0,10.0,8.893260448703334,0.14822354435311333,-0.02233924082908862,0.6701836157344464,0.1631928931692872,-0.04719091335705299,0.5531057346690972
1779787808.1860313,10.0,10.0,9.104756318564856,0.14823015125296443,-0.022474603845400204,0.6702175488036142,0.1634870143054779,-0.04746635798535644,0.5531057346690972
1779787808.1960204,10.0,10.0,9.281952583499113,0.14824451013937587,-0.0226082535377031,0.6702254403937746,0.16378226369187532,-0.047738434219307256,0.5531057346690972
1779787808.2061207,10.0,10.0,9.424187894507272,0.14827107271383322,-0.022734493999273617,0.6702141887702578,0.16408485923495045,-0.04801278141735967,0.5531057346690972
1779787808.2160323,10.0,10.0,9.536982117128357,0.14832082939475733,-0.022857397260584177,0.6701753539276687,0.16438516035051073,-0.048280644046734086,0.5531057346690972
1779787808.226017,10.0,10.0,9.661143038961729,0.14838750936572867,-0.022977851071479732,0.6701053268318617,0.1646989593372699,-0.0485559602860931,0.5531057346690972
1779787808.2360618,10.0,10.0,9.753506426678765,0.14846345043358755,-0.023095558327755245,0.6700013656966863,0.16500403594955715,-0.048819225794597215,0.5531057346690972
1779787808.246158,10.0,10.0,9.772310023087984,0.14854047368075102,-0.023201668607006225,0.6698730607723752,0.16530940723069892,-0.04907849383140584,0.5531057346690972
1779787808.2560334,10.0,10.0,9.740591078455447,0.14863219049561632,-0.023301215145357355,0.6697093839545158,0.16562816580126977,-0.04934468333664979,0.5531057346690972
1779787808.2660947,10.0,10.0,9.661051779222861,0.14872849009374411,-0.02339163593201816,0.6695201864269702,0.16593789617820418,-0.04959907208513801,0.5531057346690972
1779787808.2760568,10.0,10.0,9.51461242657795,0.14883301876627159,-0.023473486183413373,0.6693067687595029,0.16624942766131642,-0.049850787004200675,0.5531057346690972
1779787808.286019,10.0,10.0,9.313693449632371,0.1489478239949207,-0.023545519226568962,0.6690758918964265,0.16657681296536214,-0.050110910755237485,0.5531057346690972
1779787808.296025,10.0,10.0,9.084417378848956,0.14906243383396883,-0.023616341860156723,0.6688360120499273,0.16689361197447922,-0.05035841193161154,0.5531057346690972
1779787808.306028,10.0,10.0,8.831358848309751,0.1491832391898865,-0.023686864111526578,0.6686001499726811,0.16721336588772626,-0.05060410101933985,0.5531057346690972
1779787808.3160808,10.0,10.0,8.578688998452291,0.14930093332495034,-0.02375379131489855,0.6683702770452465,0.16753996168034763,-0.050850852649247456,0.5531057346690972
1779787808.3260493,10.0,10.0,8.303329309655075,0.14940758737419244,-0.023818917745424585,0.668154808794757,0.16786330708853486,-0.051091048643498414,0.5531057346690972
1779787808.336112,10.0,10.0,8.01090246016593,0.1494913287209687,-0.023877147948437875,0.6679597879535563,0.16819799936826121,-0.051335454582425784,0.5531057346690972
1779787808.34602,10.0,10.0,7.722848754695505,0.14955965083944223,-0.02393404180509067,0.6677810199112254,0.16852439551268308,-0.05156974175272874,0.5531057346690972
1779787808.356004,10.0,10.0,7.446657229411741,0.1496111570651172,-0.02398578677346445,0.6676270371779875,0.1688524419094501,-0.05180124340327617,0.5531057346690972
1779787808.3660827,10.0,10.0,7.207223158855303,0.1496389051433105,-0.024036820141339683,0.6675069721994827,0.16918015899482858,-0.05202860543226104,0.5531057346690972
1779787808.3761008,10.0,10.0,6.980682097946793,0.14963943808605096,-0.024090737840025096,0.6674218959850351,0.16918015899482858,-0.05202860543226104,0.5531057346690972
1779787808.386041,10.0,10.0,6.766005334085726,0.14962214676254276,-0.02414884336547992,0.6673726446042708,0.1695373816752909,-0.05227206463058977,0.5531057346690972
1779787808.3960087,10.0,10.0,6.570298234747697,0.14958275052433456,-0.02422019129285308,0.6673620045602948,0.16988489220132297,-0.05250460143653618,0.5531057346690972
1779787808.406033,10.0,10.0,6.389688166826688,0.14952831134413644,-0.02429840460588515,0.6673717465037458,0.17022082367842878,-0.05272542302153842,0.5531057346690972
1779787808.4160223,10.0,10.0,6.259433877929847,0.14946385693079942,-0.024382673923072588,0.6673953606617102,0.17056255613360552,-0.0529461203832138,0.5531057346690972
1779787808.4260082,10.0,10.0,6.158131072755588,0.14937867162137153,-0.024470429318719907,0.6674401708499152,0.17090530479031474,-0.053163547240540274,0.5531057346690972
1779787808.436057,10.0,10.0,6.070142011132726,0.14926753778189875,-0.024563319930115495,0.6675164521778187,0.17124928322370314,-0.05337786104505884,0.5531057346690972
1779787808.446023,10.0,10.0,5.992355249580035,0.1491510872631678,-0.02466045568901275,0.667618383288535,0.17160380485698384,-0.05359472434529662,0.5531057346690972
1779787808.4560227,10.0,10.0,5.98551765671483,0.14902661222614472,-0.02476836460195024,0.667753493779199,0.17195254252886522,-0.05380412814971192,0.5531057346690972
1779787808.4660175,10.0,10.0,6.027523081218751,0.1488837220853144,-0.024894914525771708,0.6679178542504145,0.17230285299586032,-0.05401061822669141,0.5531057346690972
1779787808.4760199,10.0,10.0,6.09566572216166,0.14873123789351164,-0.02503116683054723,0.6681125635371328,0.17266910612968955,-0.054222430730933906,0.5531057346690972
1779787808.486082,10.0,10.0,6.209842065280801,0.1485728020551569,-0.025173946702518168,0.6683392878437707,0.17302705438894506,-0.05442547270240881,0.5531057346690972
1779787808.4960306,10.0,10.0,6.38614798321988,0.14841033934197775,-0.02531884334974975,0.6685962625029285,0.17338610061648985,-0.05462525257560263,0.5531057346690972
1779787808.5060797,10.0,10.0,6.619382631436955,0.14824879593635307,-0.025462166068829246,0.6688617926497333,0.1737625748447626,-0.05483060874680954,0.5531057346690972
1779787808.5160873,10.0,10.0,6.903434302285291,0.1480916373609728,-0.02560057210107592,0.6691315253750187,0.1741193309998928,-0.05502136878990431,0.5531057346690972
1779787808.5260437,10.0,10.0,7.193712775154169,0.14795365134060362,-0.025731314597458206,0.6693995047875047,0.1744787272673855,-0.055209811502238325,0.5531057346690972
1779787808.53606,10.0,10.0,7.5150388035477915,0.1478475711025221,-0.025866961587948625,0.669652962448431,0.17483952045934475,-0.05539526975352593,0.5531057346690972
1779787808.5460095,10.0,10.0,7.861145536815169,0.1477731384681247,-0.02601277748186375,0.6698903632791674,0.1752079294865892,-0.05558084794888883,0.5531057346690972
1779787808.5560553,10.0,10.0,8.174532960749767,0.14771086282778353,-0.02615852034380509,0.6701029720313911,0.17557727509479365,-0.05576309624271845,0.5531057346690972
1779787808.566026,10.0,10.0,8.457692481392373,0.1476560730015913,-0.026299582271121162,0.6702890473579732,0.1759394995874342,-0.055938178086407914,0.5531057346690972
1779787808.5760329,10.0,10.0,8.711987888035624,0.14761960327349014,-0.026448272230308167,0.6704440675469164,0.17631417246007808,-0.05611551613351519,0.5531057346690972
1779787808.5860174,10.0,10.0,8.953722578046932,0.14759780920740165,-0.02659233933449495,0.6705646699942113,0.17667957570596207,-0.05628482549349976,0.5531057346690972
1779787808.5960867,10.0,10.0,9.166178761641493,0.14759968703053797,-0.026732619546731173,0.6706492536765202,0.17705163063154294,-0.0564535642287844,0.5531057346690972
1779787808.6060133,10.0,10.0,9.36531820679978,0.14763054740386028,-0.026877482465542592,0.6706964515273403,0.1774265574725894,-0.0566199181388956,0.5531057346690972
1779787808.61603,10.0,10.0,9.525981118471872,0.1476759379766087,-0.02701527787826783,0.6707197408222555,0.1774265574725894,-0.0566199181388956,0.5531057346690972
1779787808.6260092,10.0,10.0,9.638661494081859,0.14772829529796763,-0.027148726367432874,0.6707185423622093,0.17779554659729438,-0.05678006241190636,0.5531057346690972
1779787808.6360445,10.0,10.0,9.733079233071047,0.1477911262674671,-0.027276531249712986,0.670696832131088,0.1781855435616868,-0.05694551021342397,0.5531057346690972
1779787808.6460211,10.0,10.0,9.810209723414255,0.14786658896294835,-0.02739600855600476,0.670650383712987,0.1785560392308713,-0.05709909209058886,0.5531057346690972
1779787808.6560478,10.0,10.0,9.845981266238304,0.14794700637670674,-0.027512941232882525,0.6705753174212675,0.17894534021965924,-0.05725673624647243,0.5531057346690972
1779787808.666022,10.0,10.0,9.813216842843921,0.1480410878163239,-0.027618402037649634,0.6704746904136524,0.17931950622677972,-0.05740468186015488,0.5531057346690972
1779787808.6760516,10.0,10.0,9.75862593302909,0.14814652134106387,-0.027717071149131342,0.6703417038000853,0.17969236635227992,-0.057548663917717124,0.5531057346690972
1779787808.6860418,10.0,10.0,9.661859814729247,0.14825921923339505,-0.027812042563988473,0.67017801748619,0.18007459574165235,-0.05769272523121402,0.5531057346690972
1779787808.6960928,10.0,10.0,9.48812610928963,0.14837122137056646,-0.0278972614487527,0.6699923160995466,0.1804536817987058,-0.057832095436952606,0.5531057346690972
1779787808.706017,10.0,10.0,9.241576530775198,0.14848104878756832,-0.027977802751972855,0.6697813687116848,0.18083091489128805,-0.05796734883544142,0.5531057346690972
1779787808.7160223,10.0,10.0,8.967160544945227,0.14859309602382137,-0.028050768615993454,0.6695638133412386,0.18123069692950589,-0.05810697917588798,0.5531057346690972
1779787808.7260327,10.0,10.0,8.687268439953371,0.14870597619386985,-0.028124878945815935,0.6693475410782659,0.1816102518188955,-0.0582360442502235,0.5531057346690972
1779787808.7360404,10.0,10.0,8.410851518317552,0.14880901977405764,-0.028194265408372148,0.6691472366888201,0.18200391948237155,-0.058366336227192096,0.5531057346690972
1779787808.7460454,10.0,10.0,8.128399189834763,0.1488991752455298,-0.028263493516261666,0.6689635774305008,0.18238762902807104,-0.058489860093567374,0.5531057346690972
1779787808.756083,10.0,10.0,7.846998079196813,0.1489769222339572,-0.028327578232431403,0.6687976414326288,0.18277173470825478,-0.05861010524821434,0.5531057346690972
1779787808.766043,10.0,10.0,7.59921320369819,0.14903674938179154,-0.028389709339784075,0.6686563452623604,0.1831582381715815,-0.05872768701696644,0.5531057346690972
1779787808.7760532,10.0,10.0,7.347281136652691,0.1490621103225077,-0.028448131659382227,0.6685461251059781,0.18354628238370835,-0.058842317658641806,0.5531057346690972
1779787808.7860055,10.0,10.0,7.10521769224881,0.14906337721714724,-0.028503003727207932,0.6684666739428023,0.18393158978388835,-0.0589527734826051,0.5531057346690972
1779787808.796079,10.0,10.0,6.901879857341563,0.14904520080058412,-0.028559939934081447,0.668419022086018,0.1843179240116642,-0.05906017902899953,0.5531057346690972
1779787808.8060246,10.0,10.0,6.702461349432656,0.14900850656798315,-0.028618147194390663,0.6684081981318228,0.18471512598069817,-0.05916713767733681,0.5531057346690972
1779787808.8160648,10.0,10.0,6.525210994864628,0.14896103405279096,-0.028685343503094374,0.6684213047773524,0.18510635179414953,-0.05926907210842735,0.5531057346690972
1779787808.8260207,10.0,10.0,6.401538135578815,0.1489027027948122,-0.0287526335823102,0.6684546563620294,0.18549520200545142,-0.059367050536386655,0.5531057346690972
1779787808.8360305,10.0,10.0,6.279961928203131,0.1488270975511872,-0.028823680043562835,0.6685183222799173,0.18589437981135734,-0.05946419175811046,0.5531057346690972
1779787808.8460507,10.0,10.0,6.1680553929048205,0.14872994136586842,-0.028897964758891063,0.6686195978178563,0.18629230255747128,-0.05955757998967592,0.5531057346690972
1779787808.8560667,10.0,10.0,6.073651002543139,0.14862156449218514,-0.028978209923508864,0.6687484890822171,0.18668953114579045,-0.05964739188718954,0.5531057346690972
1779787808.8661363,10.0,10.0,6.053294583032238,0.14850267048373447,-0.02906690843031123,0.6689099252463343,0.18708340665216716,-0.059733096798218824,0.5531057346690972
1779787808.8760276,10.0,10.0,6.077207487246687,0.14837186715300066,-0.029164009040443094,0.6691057039017748,0.18747950352870868,-0.05981593986589956,0.5531057346690972
1779787808.886019,10.0,10.0,6.134586393676568,0.14822833490677914,-0.02926587987608833,0.6693317118468638,0.18787278687949943,-0.05989489228188978,0.5531057346690972
1779787808.8961053,10.0,10.0,6.235845691849589,0.1480744728154345,-0.02937847566731736,0.6695844597858044,0.1882849169698471,-0.059974114802137386,0.5531057346690972
1779787808.9060879,10.0,10.0,6.416110952692032,0.14792116636277156,-0.029495964809316048,0.6698511702547052,0.1882849169698471,-0.059974114802137386,0.5531057346690972
1779787808.916032,10.0,10.0,6.652578712266112,0.14776636590465075,-0.02960591491145716,0.670130658783098,0.18868079911184482,-0.06004684412256689,0.5531057346690972
1779787808.9260798,10.0,10.0,6.912087821397614,0.1476209382212951,-0.029713598637969834,0.6704095488878437,0.18909650273082712,-0.06011967686410666,0.5531057346690972
1779787808.9360468,10.0,10.0,7.208284205942616,0.1474895279114307,-0.029819107690884677,0.6706904699435996,0.18949328957917502,-0.060185828987269374,0.5531057346690972
1779787808.9460669,10.0,10.0,7.523466766633581,0.14739826509427478,-0.02993022525719239,0.6709743086677276,0.18989275117400206,-0.06024911935252976,0.5531057346690972
1779787808.9560473,10.0,10.0,7.849231959411459,0.14733853522701892,-0.030046172563231503,0.6712460816066339,0.19029371495494302,-0.06030932297137866,0.5531057346690972
1779787808.9660757,10.0,10.0,8.168908321766223,0.1472922283115742,-0.030156230324155726,0.6715051321301541,0.190695992102721,-0.06036638861594252,0.5531057346690972
1779787808.976061,10.0,10.0,8.438199162168731,0.1472575274804867,-0.030265121041360213,0.6717319892422796,0.19110145768398928,-0.06042053780032828,0.5531057346690972
1779787808.9860177,10.0,10.0,8.687560876345477,0.14723737891384425,-0.03037349088997118,0.6719302520776439,0.19150502942599368,-0.060471086610921,0.5531057346690972
1779787808.9960923,10.0,10.0,8.922135323571561,0.14723945165885635,-0.030480172505724254,0.672089738409814,0.19190501903947926,-0.060517901506531475,0.5531057346690972
1779787809.0061011,10.0,10.0,9.133648169238146,0.14726888545346684,-0.03057985660510415,0.6722193085517614,0.19231380187719765,-0.06056237596834435,0.5531057346690972
1779787809.016058,10.0,10.0,9.305620029436394,0.14732200374117452,-0.03067593172873006,0.6723104164052027,0.19271691295117438,-0.06060290652592897,0.5531057346690972
1779787809.026012,10.0,10.0,9.45887139649886,0.1473952247252753,-0.03076011445702784,0.6723574942096798,0.19311662729084625,-0.060639841590263074,0.5531057346690972
1779787809.0360496,10.0,10.0,9.579888835770742,0.14747636562150573,-0.030841906634299372,0.6723755411121481,0.19353446689491782,-0.0606749954003278,0.5531057346690972
1779787809.0460236,10.0,10.0,9.658417161183527,0.1475565177855494,-0.030912445747727984,0.6723724818878688,0.19393530699241537,-0.06070540577478924,0.5531057346690972
1779787809.0560338,10.0,10.0,9.717510023426083,0.14764717266275118,-0.030973553820123796,0.6723483374955659,0.1943416688342709,-0.06073292946008739,0.5531057346690972
1779787809.0661035,10.0,10.0,9.745431331574157,0.1477471435280745,-0.031027660878637883,0.672302704160574,0.19474718779462238,-0.060757083643000136,0.5531057346690972
1779787809.076032,10.0,10.0,9.708647587441837,0.147856232326627,-0.031077395130615724,0.6722365270336949,0.19515240187998645,-0.06077791922172226,0.5531057346690972
1779787809.086046,10.0,10.0,9.611964478227026,0.1479699686887981,-0.031116699716867424,0.6721497848992637,0.19557031706141853,-0.060795956298419974,0.5531057346690972
1779787809.0960886,10.0,10.0,9.46811461597404,0.14808750271772808,-0.031151436592540428,0.6720303340247862,0.19597086560099491,-0.0608099579214767,0.5531057346690972
1779787809.1060336,10.0,10.0,9.27170443012758,0.14820014423610942,-0.031180837713315954,0.6718898397432751,0.19637335160211591,-0.060820790477147085,0.5531057346690972
1779787809.1160784,10.0,10.0,9.016886517700282,0.1482957625328365,-0.03121217466202442,0.6717367443499134,0.19679154219471612,-0.06082861098580876,0.5531057346690972
1779787809.1260242,10.0,10.0,8.74305805386929,0.14838633156901765,-0.031238940401825663,0.671575023360937,0.19719167430622014,-0.06083281830678197,0.5531057346690972
1779787809.1361184,10.0,10.0,8.478753729695775,0.14847297906743273,-0.03126632180799116,0.6714267568923692,0.19759947943907327,-0.060833811238560964,0.5531057346690972
1779787809.1460629,10.0,10.0,8.201661807509966,0.14854987053752003,-0.03128770737839673,0.6712894971309254,0.19800148938644474,-0.06083153445698117,0.5531057346690972
1779787809.1560264,10.0,10.0,7.942694424324059,0.14861632022783375,-0.03131317815159579,0.6711667000937678,0.19840243896999554,-0.06082604371371801,0.5531057346690972
1779787809.166072,10.0,10.0,7.705084752125627,0.14866835416114701,-0.031329892967478803,0.671067005368964,0.19880357937613943,-0.06081733128510057,0.5531057346690972
1779787809.176056,10.0,10.0,7.479892914567714,0.14870645044111624,-0.03134503690831106,0.670993533290465,0.19920573525512053,-0.06080536303445157,0.5531057346690972
1779787809.186031,10.0,10.0,7.2843763938558626,0.14872437345177367,-0.0313583647804536,0.6709518996145651,0.19961649921635422,-0.06078979362877279,0.5531057346690972
1779787809.1960492,10.0,10.0,7.0988958291747,0.14871705286070075,-0.031371371910828366,0.6709396059733317,0.20001855885918943,-0.0607712774215481,0.5531057346690972
1779787809.2060244,10.0,10.0,6.919147079892263,0.14868772990462076,-0.03138026960313036,0.6709474845588385,0.20001855885918943,-0.0607712774215481,0.5531057346690972
1779787809.2160406,10.0,10.0,6.78703520323435,0.14864689290529165,-0.03139162152826334,0.6709751624751208,0.2004171951466857,-0.06074971494678257,0.5531057346690972
1779787809.2260523,10.0,10.0,6.679826727678631,0.14859709191445844,-0.031407713718372685,0.67102357686965,0.20083067910835717,-0.060723974235807,0.5531057346690972
1779787809.2360163,10.0,10.0,6.583715116588944,0.14853669036568193,-0.03142256817321246,0.6711074923090247,0.20123661736713888,-0.06069535486518915,0.5531057346690972
1779787809.246036,10.0,10.0,6.499301506417769,0.14846378426950838,-0.03144221361830066,0.6712213101482254,0.20165461932834244,-0.06066241198749392,0.5531057346690972
1779787809.256099,10.0,10.0,6.450592598820509,0.14838178335575597,-0.03146511739438893,0.6713620059112418,0.20205474200981743,-0.06062757081039341,0.5531057346690972
1779787809.266079,10.0,10.0,6.453338345477542,0.1482802476322983,-0.031497143792482606,0.6715391524989194,0.20245247568895125,-0.0605897246679555,0.5531057346690972
1779787809.2760396,10.0,10.0,6.4821155926675775,0.14817121866149247,-0.03154005254323228,0.671740302341151,0.20286990115702289,-0.06054655154767519,0.5531057346690972
1779787809.2860994,10.0,10.0,6.568229431407687,0.14804809933881038,-0.031592199874394086,0.6719682028230911,0.20326944401485134,-0.06050190697964994,0.5531057346690972
1779787809.2960567,10.0,10.0,6.709084259833506,0.14791712416302807,-0.03164582294665814,0.6722161155312316,0.20367629719297606,-0.060453098372647465,0.5531057346690972
1779787809.3060997,10.0,10.0,6.888462939599061,0.1477868212350092,-0.03169493182992324,0.6724797417403235,0.20407816035130627,-0.06040156305202005,0.5531057346690972
1779787809.3160203,10.0,10.0,7.098150763355971,0.14765741213667835,-0.03173818403502732,0.6727424540380542,0.2044782033165426,-0.06034696847183388,0.5531057346690972
1779787809.326021,10.0,10.0,7.341385153064279,0.14753731866281655,-0.03178090939668038,0.67300112579183,0.20488213385729534,-0.06028849900268857,0.5531057346690972
1779787809.336058,10.0,10.0,7.597975672095497,0.14744589400452401,-0.03183004070153512,0.6732426355665921,0.20528421955637297,-0.06022694725081183,0.5531057346690972
1779787809.346026,10.0,10.0,7.876342453274159,0.1473834768190838,-0.031881425693157744,0.6734640759954897,0.20568040035778246,-0.0601630188287943,0.5531057346690972
1779787809.3560314,10.0,10.0,8.159183926666893,0.14734145108314095,-0.03193467155313667,0.6736635342294766,0.20609038212090497,-0.06009342142764403,0.5531057346690972
1779787809.366066,10.0,10.0,8.424325751006673,0.14732250078049725,-0.03199627877907167,0.6738352595685263,0.20648588447933047,-0.06002295057820917,0.5531057346690972
1779787809.3760426,10.0,10.0,8.656144300309707,0.14732764839612794,-0.032057918743461755,0.6739750178642864,0.2068792533624448,-0.05994960064303538,0.5531057346690972
1779787809.3860483,10.0,10.0,8.87027438424836,0.1473588267671624,-0.03211837052972854,0.6740891219969718,0.20728792189999531,-0.05986993965395759,0.5531057346690972
1779787809.3960867,10.0,10.0,9.048618095621396,0.14741170315984428,-0.032171171709007636,0.6741653074168685,0.20768117280485737,-0.05978994092664092,0.5531057346690972
1779787809.4060168,10.0,10.0,9.18489925126367,0.14747784320983098,-0.03222156503241641,0.6742045249675954,0.20807403355560733,-0.059706731376040684,0.5531057346690972
1779787809.416027,10.0,10.0,9.283503545329323,0.14755167755586943,-0.03226611795357578,0.6742177038891706,0.20847750003408783,-0.05961783487972658,0.5531057346690972
1779787809.4260395,10.0,10.0,9.353530289862887,0.14762866640987254,-0.03230372782984105,0.6742171219623776,0.20887514177111127,-0.05952679203159048,0.5531057346690972
1779787809.436039,10.0,10.0,9.403060613481719,0.14771820161521376,-0.032334867979202146,0.6742011178798151,0.20927052995718343,-0.059432870222429476,0.5531057346690972
1779787809.446066,10.0,10.0,9.439357309244038,0.1478155086087926,-0.032362826224365426,0.6741709320405164,0.20966212729109707,-0.05933649279837849,0.5531057346690972
1779787809.4560506,10.0,10.0,9.422821939636139,0.14792387291803916,-0.032395266977168186,0.6741218750273463,0.21005244554990868,-0.05923708668449428,0.5531057346690972
1779787809.4660628,10.0,10.0,9.358460733959037,0.14803839227620907,-0.03242816095694699,0.6740480928359373,0.21043956078436235,-0.059135178952722633,0.5531057346690972
1779787809.4760082,10.0,10.0,9.248735692942038,0.14815094663638387,-0.03245797697549432,0.6739451269947756,0.21084657431982678,-0.0590244471691407,0.5531057346690972
1779787809.4860551,10.0,10.0,9.085407673506417,0.14825888418064498,-0.03248748313297903,0.6738196762245794,0.21084657431982678,-0.0590244471691407,0.5531057346690972
1779787809.4960296,10.0,10.0,8.857241744744798,0.14834463270523876,-0.03251675908712861,0.673682552844482,0.21123326855518512,-0.05891581566790874,0.5531057346690972
1779787809.506021,10.0,10.0,8.57832669272057,0.14842914348736577,-0.032540937412449275,0.6735392586479688,0.2116405372310695,-0.05879776761139701,0.5531057346690972
1779787809.5160654,10.0,10.0,8.321728374986826,0.14850686199604643,-0.03256736716431104,0.6734005848887632,0.2120350536583375,-0.05867983266773938,0.5531057346690972
1779787809.5260208,10.0,10.0,8.077532722324507,0.1485762349135543,-0.0325915803093529,0.673277527084094,0.212423300744311,-0.05856030363366299,0.5531057346690972
1779787809.5360632,10.0,10.0,7.8269979697854035,0.14863341814265374,-0.03261614378736042,0.6731732881026583,0.2128042724663532,-0.05843964495244118,0.5531057346690972
1779787809.5460773,10.0,10.0,7.597127583276799,0.14868113597763302,-0.032631455650418,0.6730903835507084,0.21318639253391553,-0.058315244091080534,0.5531057346690972
1779787809.5560565,10.0,10.0,7.381028442420606,0.14871483454545664,-0.032643122490523306,0.6730388328187304,0.2135811732423474,-0.05818313962006297,0.5531057346690972
1779787809.5660586,10.0,10.0,7.17359106726509,0.14873314549111233,-0.032647864128216623,0.6730189718928867,0.21396167963687263,-0.05805233826927967,0.5531057346690972
1779787809.5760245,10.0,10.0,6.989299933223105,0.14873505427994346,-0.03264964522013169,0.6730212651058902,0.2143428339690417,-0.057917867113576334,0.5531057346690972
1779787809.5860004,10.0,10.0,6.8408936931723305,0.1487221209364783,-0.03264358491106006,0.6730413982054819,0.21472485858912294,-0.05777959733588037,0.5531057346690972
1779787809.5960305,10.0,10.0,6.712494743179042,0.14869613952527225,-0.03263647189892105,0.673071113512687,0.21510215719804054,-0.05763957686347462,0.5531057346690972
1779787809.606089,10.0,10.0,6.603067528685708,0.14865477951430398,-0.032627734328674704,0.6731263846629087,0.2154767733018884,-0.05749711813195988,0.5531057346690972
1779787809.6160533,10.0,10.0,6.5157976958684864,0.1485987969437133,-0.03262028740328617,0.6732020719681507,0.21586392005156238,-0.0573462656628394,0.5531057346690972
1779787809.6260362,10.0,10.0,6.451384102056478,0.1485291401784729,-0.03261381008660897,0.6733002073222496,0.2162397103549294,-0.05719627694638913,0.5531057346690972
1779787809.636059,10.0,10.0,6.433570924068365,0.14845199464696607,-0.03261440264969206,0.673424131210013,0.21661140852810581,-0.057044436502249364,0.5531057346690972
1779787809.646091,10.0,10.0,6.450424622658047,0.14836101861812748,-0.032613878257514405,0.6735755797592089,0.2169947826093143,-0.056884159010640284,0.5531057346690972
1779787809.65602,10.0,10.0,6.5004387174296765,0.14825734607630855,-0.03261842267460108,0.673750789414862,0.21736498612420557,-0.056725817133376884,0.5531057346690972
1779787809.6660497,10.0,10.0,6.586852383951233,0.14814073884496592,-0.032627618456961306,0.6739450014588123,0.21775041268370443,-0.05655719683702642,0.5531057346690972
1779787809.676057,10.0,10.0,6.7039567743028465,0.14802297506706316,-0.03264120265801334,0.6741590206404922,0.21812253487470157,-0.05639071110003807,0.5531057346690972
1779787809.6860752,10.0,10.0,6.8605652618857285,0.1479014691122494,-0.032650383018782606,0.6743799057471707,0.2185026442153808,-0.056216871364946616,0.5531057346690972
1779787809.6960497,10.0,10.0,7.054295381168828,0.14778137198295477,-0.032657671458087636,0.6746145282115485,0.21886648139312162,-0.056046854280807405,0.5531057346690972
1779787809.7060258,10.0,10.0,7.256417451253607,0.14767486562584087,-0.03266938641902535,0.6748430410580303,0.2192297245212745,-0.05587354277931653,0.5531057346690972
1779787809.7160554,10.0,10.0,7.513973052774306,0.14759137953639964,-0.03268761055104714,0.6750599510607128,0.2196049477842988,-0.05569072373687961,0.5531057346690972
1779787809.7260249,10.0,10.0,7.805383345559932,0.14753651051584693,-0.03270884368568981,0.6752711228731736,0.2199664640439845,-0.055510894904277915,0.5531057346690972
1779787809.736088,10.0,10.0,8.074241537538422,0.14750669056574292,-0.03273417614771496,0.6754687056376536,0.2199664640439845,-0.055510894904277915,0.5531057346690972
1779787809.7460759,10.0,10.0,8.323976914619829,0.147498025373817,-0.03275870524877361,0.6756438241513796,0.22034890389648198,-0.05531666884717791,0.5531057346690972
1779787809.756048,10.0,10.0,8.552631162270018,0.1475181641653599,-0.03278568277160868,0.6757833355043031,0.22071453183294082,-0.05512709717723588,0.5531057346690972
1779787809.7661004,10.0,10.0,8.760521822900927,0.14755102791755653,-0.03280843157676927,0.6758961080197051,0.2210761073824417,-0.05493584435218413,0.5531057346690972
1779787809.7760813,10.0,10.0,8.91738956303948,0.14759752993373243,-0.032831113135291363,0.6759753399109224,0.22142957343386946,-0.05474519808933765,0.5531057346690972
1779787809.7860851,10.0,10.0,9.0485806009017,0.14765350218682985,-0.03284702222206685,0.6760158177706429,0.22178541400086488,-0.054549544608532605,0.5531057346690972
1779787809.7961044,10.0,10.0,9.149322787482722,0.14771442216929478,-0.03286563596825785,0.676026990170621,0.2221385388453219,-0.0543516384345528,0.5531057346690972
1779787809.8060222,10.0,10.0,9.214722420065687,0.1477797650470889,-0.032884006222154295,0.6760263737212393,0.22248631535674263,-0.054153032640705034,0.5531057346690972
1779787809.816034,10.0,10.0,9.255892754103462,0.14785024893663234,-0.032904104722052324,0.6760150619907409,0.22283608189535614,-0.053949538510042305,0.5531057346690972
1779787809.8260868,10.0,10.0,9.27225012289633,0.1479312167988156,-0.03292741980076867,0.6759934560890939,0.22318579561782464,-0.053742259952754126,0.5531057346690972
1779787809.8360257,10.0,10.0,9.249968171859088,0.1480302872472638,-0.03295698093690382,0.6759628152693162,0.22353179550916333,-0.05353337382335439,0.5531057346690972
1779787809.846018,10.0,10.0,9.180613759682966,0.14813171749743156,-0.03298758307695737,0.675918598281543,0.22387238776299062,-0.05332399779355269,0.5531057346690972
1779787809.8560266,10.0,10.0,9.049588651313238,0.1482429990659174,-0.033021050275705184,0.6758564571694924,0.22422440776214528,-0.053103622940167565,0.5531057346690972
1779787809.8660955,10.0,10.0,8.894498242508629,0.14834537054157876,-0.03305315782236799,0.6757770990461651,0.2245617993961339,-0.05288855675902479,0.5531057346690972
1779787809.8760526,10.0,10.0,8.685657940011327,0.1484356205253467,-0.033083750990724074,0.6756876272832552,0.2249027079687474,-0.05266736212923264,0.5531057346690972
1779787809.8861916,10.0,10.0,8.4583344236692,0.14852253424331852,-0.03310987409549159,0.6756004668648372,0.2252419008761095,-0.05244334184055501,0.5531057346690972
1779787809.8961208,10.0,10.0,8.237516019668611,0.14860697681158783,-0.033138663168636125,0.6755189647373261,0.22557410784366086,-0.0522200655396318,0.5531057346690972
1779787809.906014,10.0,10.0,8.034972524096306,0.14868392031236927,-0.033161652246952444,0.6754532919045676,0.22590732678468375,-0.05199219885054909,0.5531057346690972
1779787809.9161074,10.0,10.0,7.812902832028225,0.14874445354812696,-0.03317962244759133,0.6754110908274578,0.2262481062546728,-0.05175504341465342,0.5531057346690972
1779787809.9260323,10.0,10.0,7.581553112102374,0.14879546657556447,-0.033194125573323394,0.675385254307066,0.22657967635748452,-0.05152023072371277,0.5531057346690972
1779787809.9360487,10.0,10.0,7.384366648740449,0.14883337459319868,-0.03320479809485033,0.6753697994976527,0.22691806831276742,-0.0512763785519934,0.5531057346690972
1779787809.9460375,10.0,10.0,7.207845719631652,0.14884737570640835,-0.03321156537728929,0.6753621312235062,0.22724401902749455,-0.051037400414257,0.5531057346690972
1779787809.9560926,10.0,10.0,7.043855389083119,0.1488451262067687,-0.03320795220899568,0.6753581387978289,0.22756586103996707,-0.05079742424302185,0.5531057346690972
1779787809.9660478,10.0,10.0,6.919064808635711,0.14882986943645232,-0.033208045352222035,0.6753672651395697,0.2278955459582441,-0.050547392473940696,0.5531057346690972
1779787809.9760509,10.0,10.0,6.832132531387721,0.14880982516562177,-0.03320260089149552,0.6753903325547591,0.2282209296370085,-0.050296369011370516,0.5531057346690972
1779787809.9860544,10.0,10.0,6.7601984673938755,0.1487764787365017,-0.033199067878533835,0.6754261112262553,0.22854313640218488,-0.050043552258839386,0.5531057346690972
1779787809.9960403,10.0,10.0,6.6948623419155755,0.14872718312093508,-0.033192315441338834,0.6754862912586884,0.22885901809977993,-0.049791519054312346,0.5531057346690972
1779787810.0060563,10.0,10.0,6.658741235177915,0.14867285062244992,-0.033181837441019206,0.6755696432409344,0.22916895194046008,-0.04954013110245256,0.5531057346690972
1779787810.0160997,10.0,10.0,6.667856787220651,0.1486051182168189,-0.03316965810048347,0.6756757685727676,0.22948196652048652,-0.04928204055616241,0.5531057346690972
1779787810.0260217,10.0,10.0,6.6803526904226,0.14852144254423932,-0.03315448921182585,0.6758114869959164,0.22978945748473317,-0.04902430835539301,0.5531057346690972
1779787810.0360942,10.0,10.0,6.704888229657394,0.14842373444790155,-0.033138602861687655,0.6759812439054701,0.2300970796813122,-0.04876221944941035,0.5531057346690972
1779787810.0461643,10.0,10.0,6.763680955513584,0.14831717647149292,-0.03312053790643889,0.6761805013943181,0.2300970796813122,-0.04876221944941035,0.5531057346690972
1779787810.0560389,10.0,10.0,6.886311192974175,0.14820770790539436,-0.03310474165534645,0.6764022449216861,0.23040064966343737,-0.04849933238063611,0.5531057346690972
1779787810.0660317,10.0,10.0,7.053648147654551,0.1480960452172025,-0.03308829110694675,0.6766526561006648,0.23071536697778983,-0.04822223845714494,0.5531057346690972
1779787810.0760522,10.0,10.0,7.262659545131062,0.14799101534153938,-0.0330709801508178,0.6769095531071954,0.23101466807133347,-0.04795432372041866,0.5531057346690972
1779787810.086033,10.0,10.0,7.488701731361349,0.14789049081487177,-0.03305292803530767,0.6771783771673755,0.23132523527770255,-0.04767169389956542,0.5531057346690972
1779787810.0960753,10.0,10.0,7.717939934800875,0.1478040062980081,-0.03303480956318029,0.6774420819754665,0.23162025282414983,-0.04739874892785372,0.5531057346690972
1779787810.1060429,10.0,10.0,7.964177451006986,0.147732339521395,-0.03301735295521002,0.6776978013049276,0.23191387897329271,-0.04712267160746977,0.5531057346690972
1779787810.1160886,10.0,10.0,8.187072813697839,0.1476762122017227,-0.033002939725143766,0.6779532769390624,0.23221266817350705,-0.04683710873373869,0.5531057346690972
1779787810.1260264,10.0,10.0,8.384530849529565,0.14764465870052915,-0.03299624944578724,0.6781904935819232,0.2325006389890194,-0.046557360447886234,0.5531057346690972
1779787810.1360676,10.0,10.0,8.572675709402441,0.1476377899928247,-0.032996440273948185,0.6784090230690832,0.23278634842620374,-0.04627531472483309,0.5531057346690972
1779787810.146026,10.0,10.0,8.744792064002022,0.1476508267234326,-0.033003533525145796,0.6785980347344684,0.2330814917830934,-0.04597914064093457,0.5531057346690972
1779787810.1560178,10.0,10.0,8.908324754035968,0.1476819279757195,-0.03301367832657643,0.678743076561045,0.23336325044782924,-0.04569171884856336,0.5531057346690972
1779787810.1660178,10.0,10.0,9.06425494961704,0.14772364048888129,-0.033026899745291424,0.6788464535972787,0.233653636927667,-0.045390590729841696,0.5531057346690972
1779787810.176049,10.0,10.0,9.18998105090881,0.1477704420078102,-0.03304194931851056,0.6789056148687432,0.23393300716562143,-0.04509606592821365,0.5531057346690972
1779787810.1860406,10.0,10.0,9.290239198561695,0.14783085410348215,-0.03305873336329119,0.6789259535331429,0.23421883554876627,-0.04478971030191796,0.5531057346690972
1779787810.1960492,10.0,10.0,9.366117951167562,0.1478975095022406,-0.03307886959631471,0.6789214061080396,0.23449132626766367,-0.044492794337862726,0.5531057346690972
1779787810.2060304,10.0,10.0,9.403099197628888,0.14797521270703126,-0.033102008457365675,0.6789157175293988,0.2347637567328258,-0.04419107717573281,0.5531057346690972
1779787810.2161016,10.0,10.0,9.399256036089628,0.14807369308612392,-0.03313040474538485,0.6788994175097338,0.23503437749951936,-0.043886414670420676,0.5531057346690972
1779787810.226094,10.0,10.0,9.365311341923734,0.1481757739922851,-0.03315881940982134,0.678872994949475,0.23529982560685214,-0.043582649755712126,0.5531057346690972
1779787810.2360551,10.0,10.0,9.267112476265085,0.14828677175016158,-0.03319000426500948,0.6788255465273006,0.2355602459044307,-0.0432797647620263,0.5531057346690972
1779787810.2460418,10.0,10.0,9.138768295728974,0.1483977372087241,-0.033222962688583456,0.6787557370998011,0.23582872433011084,-0.042962308945580195,0.5531057346690972
1779787810.2560234,10.0,10.0,8.960089393656531,0.14849845520489846,-0.033251662972964696,0.67866680112182,0.23608585833091758,-0.04265317443322308,0.5531057346690972
1779787810.2660894,10.0,10.0,8.727661909820391,0.1485919490954945,-0.033277939367200235,0.6785764616063927,0.23633876932633757,-0.04234411196358738,0.5531057346690972
1779787810.2760413,10.0,10.0,8.510410293453976,0.14869024941845352,-0.03330891217643406,0.678487292087216,0.23659954402247724,-0.04202008545401646,0.5531057346690972
1779787810.286026,10.0,10.0,8.308065706378212,0.14878400818432158,-0.03333737074238126,0.678412314978669,0.23684815686572233,-0.04170595339381622,0.5531057346690972
1779787810.2960355,10.0,10.0,8.09653612339332,0.14887283410505925,-0.033364631813932455,0.6783572845595784,0.2370942253819927,-0.041389864743204816,0.5531057346690972
1779787810.3060505,10.0,10.0,7.892468474531145,0.14895862629374595,-0.03339130640831928,0.6783200035268021,0.23734178355844388,-0.04106650715317607,0.5531057346690972
1779787810.3160236,10.0,10.0,7.700015170703366,0.14903242992718746,-0.03341381401533375,0.678288985389168,0.23758442425636733,-0.04074419256775802,0.5531057346690972
1779787810.3260498,10.0,10.0,7.494279811122352,0.14908724512387703,-0.033430121460126416,0.6782607232498931,0.23782252889512784,-0.04042255649005123,0.5531057346690972
1779787810.3360736,10.0,10.0,7.28426325725165,0.14911974521348798,-0.03344458578556568,0.6782390809109773,0.23782252889512784,-0.04042255649005123,0.5531057346690972
1779787810.3460367,10.0,10.0,7.081568143205123,0.14913416128665488,-0.03344783869572828,0.6782268930170924,0.23805869414653613,-0.04009813502153266,0.5531057346690972
1779787810.356108,10.0,10.0,6.908678691520279,0.1491297577166182,-0.03344951489040655,0.6782268671673987,0.23829614644587865,-0.039766335003040304,0.5531057346690972
1779787810.3661127,10.0,10.0,6.777491201177213,0.14911477721407965,-0.03344480054315684,0.6782398462543254,0.23852984850728515,-0.03943409229683689,0.5531057346690972
1779787810.376074,10.0,10.0,6.691869628505408,0.1490843061266247,-0.03343801574572574,0.6782807133500655,0.23876210816683557,-0.03909811687730522,0.5531057346690972
1779787810.3860905,10.0,10.0,6.622582247831687,0.1490509689935947,-0.03342896137678688,0.6783549636204754,0.23899464086070688,-0.038755761931813605,0.5531057346690972
1779787810.396055,10.0,10.0,6.578128482061953,0.14900737133707298,-0.033415830334193715,0.6784580148458356,0.23921665560754057,-0.03842309973432048,0.5531057346690972
1779787810.4060416,10.0,10.0,6.561326921884339,0.14894923321385808,-0.0333962139810997,0.678586891092304,0.23944556198624703,-0.03807396367933018,0.5531057346690972
1779787810.4160368,10.0,10.0,6.5665317882328775,0.14887653781098864,-0.03337714538412384,0.6787405754015249,0.23966489368680982,-0.037733353350435844,0.5531057346690972
1779787810.4261005,10.0,10.0,6.597736250185845,0.14879871115306326,-0.033356447206745306,0.6789295533112609,0.23988495553768974,-0.03738539770570347,0.5531057346690972
1779787810.436091,10.0,10.0,6.657137017402255,0.1487134425008684,-0.03333557581715717,0.6791482393119362,0.24009756142639876,-0.0370430896972405,0.5531057346690972
1779787810.4460595,10.0,10.0,6.7377305551967135,0.1486183153261422,-0.03331491692800286,0.6793977338420906,0.24030537195900156,-0.036702437010808345,0.5531057346690972
1779787810.456045,10.0,10.0,6.863426736189407,0.14851905256640152,-0.03329217642380779,0.6796731068988157,0.24051099031812748,-0.03635923884662644,0.5531057346690972
1779787810.4660895,10.0,10.0,7.037209239751277,0.14842051385714197,-0.03326632199792009,0.6799577597760327,0.2407216150758004,-0.03600109117015819,0.5531057346690972
1779787810.4760575,10.0,10.0,7.21451520568726,0.14832361681849465,-0.03323928180580063,0.6802556036631039,0.2409267421142675,-0.035645605095708806,0.5531057346690972
1779787810.4860687,10.0,10.0,7.389698379958786,0.14823870991242785,-0.03321574561586191,0.6805384067920542,0.2411293639847138,-0.03528769870911769,0.5531057346690972
1779787810.4960527,10.0,10.0,7.6059575252981695,0.1481585314643598,-0.03318968656614006,0.6808182669251466,0.241325630171242,-0.034934327909119725,0.5531057346690972
1779787810.506065,10.0,10.0,7.810869990889063,0.14809234657150913,-0.03317022819327552,0.6810849393079417,0.241519170514987,-0.03457912752992673,0.5531057346690972
1779787810.5160449,10.0,10.0,8.005379551631131,0.14805487519013205,-0.03315980762064516,0.681341036032239,0.24171293115193124,-0.03421651422811663,0.5531057346690972
1779787810.5260289,10.0,10.0,8.194178102552197,0.14804080879124049,-0.033158500614134494,0.6815860139205976,0.24190004978828947,-0.03385936424353854,0.5531057346690972
1779787810.5360441,10.0,10.0,8.364111408584998,0.148036635626544,-0.03315994598404621,0.6818008106779565,0.2420826726418541,-0.03350388157952676,0.5531057346690972
1779787810.5460048,10.0,10.0,8.52185654067612,0.14804759347716392,-0.03316609977904746,0.681978500756901,0.24226769995358904,-0.03313641620846297,0.5531057346690972
1779787810.5560377,10.0,10.0,8.668240418089198,0.14807736187573542,-0.03317515119321258,0.6821251518680699,0.24244592274999355,-0.03277517170988007,0.5531057346690972
1779787810.5660434,10.0,10.0,8.811816160212144,0.148117937921319,-0.03318839473740912,0.6822264573618209,0.2426199169949283,-0.03241524629013279,0.5531057346690972
1779787810.5760345,10.0,10.0,8.932618092020014,0.14817549336870092,-0.03320597289092596,0.6822832001773221,0.24280018823510896,-0.03203438637877877,0.5531057346690972
1779787810.5860567,10.0,10.0,9.02771342590433,0.148240831320812,-0.03322181302779977,0.6823058971300704,0.24297102832168174,-0.031665587223315916,0.5531057346690972
1779787810.5960226,10.0,10.0,9.074831349531618,0.14831327203899689,-0.03323803667757375,0.6823079790452693,0.24314258504007208,-0.03128711484900196,0.5531057346690972
1779787810.6060493,10.0,10.0,9.095108391675138,0.14839719498294016,-0.03325316754333758,0.6822968079125767,0.2433052209682152,-0.030920386676339735,0.5531057346690972
1779787810.6160936,10.0,10.0,9.08610600741618,0.1484954110516746,-0.03326247303845672,0.6822671574397903,0.2433052209682152,-0.030920386676339735,0.5531057346690972
1779787810.6260517,10.0,10.0,9.03586187825123,0.1486066513685726,-0.03327271295884133,0.6822227013379001,0.24346561629294583,-0.03055071780683632,0.5531057346690972
1779787810.6360555,10.0,10.0,8.934256852678974,0.1487214039149103,-0.033288259049012565,0.6821512727228236,0.2436243899747048,-0.030176520034070904,0.5531057346690972
1779787810.6460824,10.0,10.0,8.787653505819318,0.14883713832065384,-0.03330156565296501,0.6820604851288887,0.24377862600917904,-0.029804678383458003,0.5531057346690972
1779787810.656031,10.0,10.0,8.59961184812785,0.148944321737626,-0.033318469091566334,0.6819545558871375,0.24392890702442388,-0.029433993298603658,0.5531057346690972
1779787810.6661005,10.0,10.0,8.382817580174866,0.14904951176765563,-0.03333510171697676,0.6818512465529929,0.2440761525952458,-0.02906228454083513,0.5531057346690972
1779787810.6760283,10.0,10.0,8.171573015730974,0.1491583233175211,-0.033356397796806846,0.6817494957640811,0.2442284982380118,-0.028668269596027276,0.5531057346690972
1779787810.6860402,10.0,10.0,7.978351429180902,0.14926287760729118,-0.033379062465421695,0.6816578531416061,0.24437899661292034,-0.028268985093124404,0.5531057346690972
1779787810.6960328,10.0,10.0,7.776121044109365,0.14935743509444743,-0.03339594887952158,0.681585382328108,0.2445174884796092,-0.027892126903927165,0.5531057346690972
1779787810.7060165,10.0,10.0,7.560165592601621,0.14943837742015242,-0.03341797625432657,0.6815352529352743,0.2446520563467523,-0.027516693133824585,0.5531057346690972
1779787810.7160745,10.0,10.0,7.361066545345928,0.14950938541752845,-0.03344110718929629,0.6815041901079244,0.24478381265574198,-0.02713965494550776,0.5531057346690972
1779787810.7260456,10.0,10.0,7.172156847726923,0.1495584578128175,-0.033459596123170274,0.6814862323141184,0.24491420367879735,-0.02675666374295473,0.5531057346690972
1779787810.7360847,10.0,10.0,6.984872232487044,0.14958606895380985,-0.033469170540354226,0.6814719721006676,0.24504183026681525,-0.026371593749068473,0.5531057346690972
1779787810.7460287,10.0,10.0,6.806543834373329,0.14958569543954228,-0.03347058479654288,0.681466947357836,0.24516530120874375,-0.025988731086895235,0.5531057346690972
1779787810.7560265,10.0,10.0,6.634505577403447,0.14956479760177543,-0.03346905565548233,0.6814779742429669,0.24528704022031483,-0.02560051316126756,0.5531057346690972
1779787810.766025,10.0,10.0,6.515987601808914,0.14953422357629353,-0.033459086910955206,0.6815145421403944,0.24540473153947853,-0.025214263897197362,0.5531057346690972
1779787810.776054,10.0,10.0,6.441014534933975,0.1495004922926593,-0.03344873318895507,0.6815794070956525,0.24551918322992042,-0.024827476807039922,0.5531057346690972
1779787810.7860203,10.0,10.0,6.392844864833972,0.14945573240878374,-0.03343612620354937,0.6816786775975714,0.24563405276556977,-0.02442724798954951,0.5531057346690972
1779787810.7960222,10.0,10.0,6.363470383991947,0.14939806470745584,-0.033418414250326406,0.6818143708578065,0.2457420662667726,-0.02403893482938988,0.5531057346690972
1779787810.8060343,10.0,10.0,6.361779592982037,0.1493327252871842,-0.033398411572563395,0.6819721132194747,0.24584821790507957,-0.023644966349999966,0.5531057346690972
1779787810.816083,10.0,10.0,6.4036676548361715,0.14925424251912295,-0.03337500600626466,0.6821628643725449,0.2459519583272823,-0.0232469954891682,0.5531057346690972
1779787810.8260746,10.0,10.0,6.4521018982505325,0.1491651911612523,-0.033352345500659464,0.6823930548437616,0.24605000900475288,-0.022857927749890594,0.5531057346690972
1779787810.8360436,10.0,10.0,6.500929292767715,0.1490692637950941,-0.033327487762572966,0.6826556899489606,0.24614841047278851,-0.022453547209895622,0.5531057346690972
1779787810.846035,10.0,10.0,6.606709377644604,0.14896767947593031,-0.033303042345809455,0.6829373698458895,0.24624046456691331,-0.022061293347917923,0.5531057346690972
1779787810.8560312,10.0,10.0,6.77543207766152,0.1488635978071433,-0.03327626111451566,0.6832337594936819,0.24632922855876355,-0.021668879316105512,0.5531057346690972
1779787810.8660464,10.0,10.0,6.963527644402158,0.14875931753756774,-0.033247242808136714,0.6835251355977839,0.24641774565770425,-0.021262110828762303,0.5531057346690972
1779787810.8761082,10.0,10.0,7.168578057767285,0.1486642333238001,-0.03321940610621051,0.6838140503118779,0.2464999562716959,-0.020868867394191408,0.5531057346690972
1779787810.8860643,10.0,10.0,7.380341084895777,0.14857780332409895,-0.03319064471715493,0.6840838643085765,0.24658292216359962,-0.020455018856744542,0.5531057346690972
1779787810.8960285,10.0,10.0,7.612248183748842,0.14850305310287892,-0.03316312721061882,0.6843401634566274,0.24658292216359962,-0.020455018856744542,0.5531057346690972
1779787810.906036,10.0,10.0,7.830626928500787,0.1484574607424862,-0.03315038176087783,0.6845822354557034,0.24665896202351104,-0.02005877285931941,0.5531057346690972
1779787810.916109,10.0,10.0,8.043017587325144,0.1484417830093984,-0.033148299420272365,0.6848059857952818,0.2467350104255975,-0.019644020674510286,0.5531057346690972
1779787810.9260404,10.0,10.0,8.256031707169749,0.1484397480083215,-0.03314795093190911,0.6849997915866458,0.24680503362234354,-0.019243452874131206,0.5531057346690972
1779787810.9360964,10.0,10.0,8.444019688870345,0.14844310585076714,-0.03315216461480779,0.6851560250966291,0.24687421675353438,-0.018827400717309515,0.5531057346690972
1779787810.946136,10.0,10.0,8.610606805780941,0.14845961803091362,-0.03315656368529122,0.6852702413215327,0.24693683513637507,-0.018430665822594217,0.5531057346690972
1779787810.9560673,10.0,10.0,8.774603142764217,0.14849495280261135,-0.03316975944249246,0.6853371492231466,0.24699953865033275,-0.018010903700548857,0.5531057346690972
1779787810.9660819,10.0,10.0,8.934821012777926,0.1485417541589089,-0.0331810084505226,0.6853628234356589,0.2470553373400849,-0.01761506502687477,0.5531057346690972
1779787810.9761074,10.0,10.0,9.059364056775557,0.1485983517499964,-0.03319446568814941,0.6853644928540369,0.24710845653355346,-0.017215009233368432,0.5531057346690972
1779787810.9860454,10.0,10.0,9.143676625310215,0.14865875669302614,-0.03320693332596269,0.6853582817501596,0.24715884470670846,-0.016810388883432618,0.5531057346690972
1779787810.9961302,10.0,10.0,9.195386506605285,0.1487366054407395,-0.03321663848325538,0.6853431424461973,0.24720527730199493,-0.016411203145380443,0.5531057346690972
1779787811.0060437,10.0,10.0,9.203336598259744,0.14882506973103493,-0.0332195779903229,0.6853182907030985,0.24724860509928584,-0.016010647078419284,0.5531057346690972
1779787811.0160434,10.0,10.0,9.142702382074807,0.14892711760111282,-0.033216047266915356,0.685278770970954,0.24728905664187611,-0.015606077333576284,0.5531057346690972
1779787811.0260623,10.0,10.0,9.042214360209604,0.14903495060028485,-0.03320934010599846,0.6852218266244657,0.24732567089664556,-0.01520741603346859,0.5531057346690972
1779787811.0361164,10.0,10.0,8.922975825250301,0.14915321012497648,-0.03320268989546632,0.6851405130540669,0.24735910211028814,-0.014808347676820134,0.5531057346690972
1779787811.046049,10.0,10.0,8.770456211712927,0.14926742105724114,-0.03319998132325941,0.6850534976209041,0.24738952127855196,-0.014406438980293566,0.5531057346690972
1779787811.0560522,10.0,10.0,8.565247622904035,0.14938216765620949,-0.033197873362604345,0.6849606658390692,0.24741715026331507,-0.013997197650680299,0.5531057346690972
1779787811.0660362,10.0,10.0,8.355056094511761,0.14950454799700036,-0.03319174483636949,0.6848736570829365,0.24744099130505795,-0.013595525004306698,0.5531057346690972
1779787811.0760095,10.0,10.0,8.153817693706658,0.14962183913927188,-0.03318799282204011,0.6848051309738684,0.24746146095635296,-0.013196595533602733,0.5531057346690972
1779787811.0860903,10.0,10.0,7.930185761451384,0.1497338817649058,-0.033184662113139175,0.6847532322661463,0.24747912064518693,-0.012787880448134843,0.5531057346690972
1779787811.0960524,10.0,10.0,7.72124335333494,0.1498395388747789,-0.03317752738293296,0.6847071853694585,0.24749318203568182,-0.012387217103276883,0.5531057346690972
1779787811.1060574,10.0,10.0,7.510591025715772,0.14992275753978357,-0.03316915083756566,0.6846631783994065,0.2475040703956659,-0.011984718033603462,0.5531057346690972
1779787811.1160624,10.0,10.0,7.289276178968083,0.14998390721875804,-0.033158033296995244,0.6846212600594006,0.24751179731629036,-0.011576767701770681,0.5531057346690972
1779787811.126069,10.0,10.0,7.082768755208768,0.15002201195712928,-0.03315607113062765,0.6845887460025135,0.24751617244051008,-0.011172110516656657,0.5531057346690972
1779787811.1361053,10.0,10.0,6.909250230712818,0.15003611064436864,-0.03315505442302754,0.684564791748326,0.2475172775624056,-0.010771510097825107,0.5531057346690972
1779787811.1460493,10.0,10.0,6.740735478201276,0.15002901984765651,-0.0331511341386725,0.684550844030709,0.24751514012447118,-0.010367371611366515,0.5531057346690972
1779787811.156055,10.0,10.0,6.606962449932687,0.1500098002444792,-0.033146034023804435,0.6845486027390589,0.24750950123116594,-0.009949875411345862,0.5531057346690972
1779787811.1660516,10.0,10.0,6.521543056827041,0.14997764323157114,-0.03314041337434296,0.6845664636483285,0.2475007185662343,-0.009545657500861799,0.5531057346690972
1779787811.1761034,10.0,10.0,6.472447406382402,0.14993761710892065,-0.03313222859637227,0.6846219178564898,0.24748811300371945,-0.00912522638932384,0.5531057346690972
1779787811.1860373,10.0,10.0,6.438868549821778,0.1498893302182001,-0.03311915758609649,0.6847107103505423,0.24748811300371945,-0.00912522638932384,0.5531057346690972
1779787811.1960347,10.0,10.0,6.42223625928229,0.14983363127133317,-0.03310614830745812,0.6848247794579685,0.24747284071292214,-0.008725420374266261,0.5531057346690972
1779787811.206081,10.0,10.0,6.435046132688506,0.14976863002171809,-0.033087329660649825,0.6849652323314286,0.2474539848377459,-0.008318098266606249,0.5531057346690972
1779787811.2160535,10.0,10.0,6.469591385274045,0.14968906672811888,-0.03306937192971817,0.6851494735928102,0.2474316683971509,-0.007908563244462092,0.5531057346690972
1779787811.2260895,10.0,10.0,6.5145721885444425,0.14959891575845727,-0.033045542531188035,0.6853678534970412,0.24740641280257608,-0.00750550583866413,0.5531057346690972
1779787811.2360778,10.0,10.0,6.573064513728765,0.1495012285636396,-0.033019366346466794,0.6856283060693581,0.24737781786209856,-0.007101533635982258,0.5531057346690972
1779787811.2460325,10.0,10.0,6.681082182668865,0.14940497477445794,-0.032990755897415756,0.6859255534123087,0.24734587350024273,-0.006696862505272728,0.5531057346690972
1779787811.256083,10.0,10.0,6.848734480402969,0.14930815987944354,-0.03296066624779126,0.6862401263323493,0.2473110237738706,-0.006296620539862156,0.5531057346690972
1779787811.2660408,10.0,10.0,7.035500177169882,0.14921139351647067,-0.03293253390187217,0.686571483659131,0.24727292660305383,-0.005896342986046524,0.5531057346690972
1779787811.2760468,10.0,10.0,7.228091553845743,0.1491253094436522,-0.03290457719149508,0.6868996103653963,0.24723057855083225,-0.005486769959338069,0.5531057346690972
1779787811.2860672,10.0,10.0,7.435941919368305,0.14903902569278518,-0.032879686954883434,0.6872241538828376,0.24718572362698332,-0.005085024113751261,0.5531057346690972
1779787811.2960384,10.0,10.0,7.652494011582868,0.14896146828350634,-0.03285529529409865,0.6875253914914987,0.24713674344194062,-0.004676568775597557,0.5531057346690972
1779787811.3061464,10.0,10.0,7.885172778424415,0.14889720215822946,-0.032838287467474324,0.6878025558770281,0.24708451002297951,-0.004269328313742369,0.5531057346690972
1779787811.3160512,10.0,10.0,8.125459363657491,0.14886834996834006,-0.03282999329758422,0.6880547501287673,0.24702923857257866,-0.0038646916481206092,0.5531057346690972
1779787811.3260498,10.0,10.0,8.354356881996463,0.14885601662334508,-0.03282850833945854,0.6882786796076016,0.24696944933215498,-0.003452377917455899,0.5531057346690972
1779787811.3361163,10.0,10.0,8.562127553340325,0.14884920286120945,-0.03282628779908204,0.6884625493073647,0.2469072305549033,-0.0030469418780844706,0.5531057346690972
1779787811.3460484,10.0,10.0,8.724436736056406,0.14884986503129005,-0.03281907416018817,0.6886025076400094,0.24684178169268314,-0.0026425949884675403,0.5531057346690972
1779787811.356071,10.0,10.0,8.86144220947761,0.14885790995217052,-0.03281379883672654,0.6886961409672713,0.24677383768558875,-0.0022434703250073865,0.5531057346690972
1779787811.3660314,10.0,10.0,8.998249785523077,0.14888715480017306,-0.03280693293880854,0.6887462533968683,0.24669949222219967,-0.0018275705466227043,0.5531057346690972
1779787811.376047,10.0,10.0,9.11658835375109,0.1489363952975743,-0.03278908663802943,0.6887623197879224,0.24662369575832538,-0.001423059849920423,0.5531057346690972
1779787811.3860555,10.0,10.0,9.202446560095792,0.14900523399774468,-0.032768351418793966,0.6887543484728855,0.24654539330372555,-0.0010232884940689566,0.5531057346690972
1779787811.3960342,10.0,10.0,9.26509560830875,0.14908756615568403,-0.03274804445648975,0.688735613221751,0.2464653655241221,-0.0006315019199084511,0.5531057346690972
1779787811.4060302,10.0,10.0,9.285043881681474,0.14918597589140417,-0.032718902662347865,0.688695954263702,0.2463807116246508,-0.00023347247698475397,0.5531057346690972
1779787811.4160767,10.0,10.0,9.267407243658814,0.14930313722777752,-0.03268025955062459,0.688631181873223,0.2462927468780693,0.00016418415692946373,0.5531057346690972
1779787811.4260492,10.0,10.0,9.216436903270656,0.14942594065297526,-0.03263839169614049,0.6885370862703899,0.24620175931192279,0.0005601997284659585,0.5531057346690972
1779787811.4360814,10.0,10.0,9.103613129194336,0.14955909090806008,-0.032597317938345305,0.6884190694229233,0.2461070343434181,0.0009576146324474025,0.5531057346690972
1779787811.4461052,10.0,10.0,8.956946307086067,0.14969662277253903,-0.032553539740328256,0.6882804936410601,0.2460093973084178,0.0013529212882313745,0.5531057346690972
1779787811.4560468,10.0,10.0,8.764487450137675,0.14983992798628556,-0.03250464347033568,0.6881280820686697,0.2460093973084178,0.0013529212882313745,0.5531057346690972
1779787811.4660594,10.0,10.0,8.54033372464033,0.1499807309204776,-0.03245429580956839,0.6879831307793122,0.2459100013543428,0.0017418140301605073,0.5531057346690972
1779787811.476062,10.0,10.0,8.301243815841755,0.15012053700939573,-0.032405672642856376,0.6878468493167108,0.24580405635110741,0.0021426674343881964,0.5531057346690972
1779787811.4861426,10.0,10.0,8.048447269279258,0.15024859648810657,-0.03235614877583205,0.687728427562833,0.245694816782422,0.0025425356751338155,0.5531057346690972
1779787811.496034,10.0,10.0,7.790070143377784,0.15036544340724758,-0.03230833565128571,0.6876306022021829,0.24558129369852463,0.0029448763536867803,0.5531057346690972
1779787811.5060365,10.0,10.0,7.525900830314953,0.15046208001184053,-0.03225347736617723,0.6875558138848207,0.24546951256037564,0.0033289913456641534,0.5531057346690972
1779787811.5160391,10.0,10.0,7.283727300015299,0.1505338152070205,-0.032195164717346986,0.6875020726607547,0.2453547854635416,0.0037117927550722723,0.5531057346690972
1779787811.526056,10.0,10.0,7.050215757291412,0.1505865145432477,-0.032141284731581406,0.6874625553057147,0.24523577133486735,0.004097600230873719,0.5531057346690972
1779787811.53607,10.0,10.0,6.824022025763808,0.15062745720360296,-0.03208984155184411,0.687431531084944,0.24511179342749084,0.004488189073723701,0.5531057346690972
1779787811.546049,10.0,10.0,6.6207903486812345,0.150647656136127,-0.03203795654854424,0.6874109474742092,0.2449869394601733,0.004870734980618737,0.5531057346690972
1779787811.556041,10.0,10.0,6.442921847806784,0.15064435281063465,-0.03198840230285893,0.6874077953437475,0.2448560453258397,0.005260988431054808,0.5531057346690972
1779787811.5660548,10.0,10.0,6.293803387426954,0.15061216732254262,-0.0319462117205691,0.6874247234193099,0.24472394767577932,0.005644409069716059,0.5531057346690972
1779787811.5760567,10.0,10.0,6.185874356571944,0.15056282508311622,-0.03190309328645955,0.6874715156576334,0.24458780130578425,0.006029378841506432,0.5531057346690972
1779787811.586057,10.0,10.0,6.118100433648396,0.1505030273741735,-0.031865951699997355,0.6875465070345469,0.24444865059220913,0.006412856500137721,0.5531057346690972
1779787811.5960348,10.0,10.0,6.074143769232904,0.15043150601614869,-0.03183232782456679,0.6876630737670488,0.24430777328354938,0.0067914765787194,0.5531057346690972
1779787811.6060324,10.0,10.0,6.040476393261746,0.1503525478148604,-0.031805478364112044,0.6878176987615624,0.24416546661985783,0.0071647347212100455,0.5531057346690972
1779787811.61613,10.0,10.0,6.039537407091695,0.15027116063588325,-0.03178130290674049,0.6880034787237721,0.24401436682670402,0.007551558623681315,0.5531057346690972
1779787811.6260505,10.0,10.0,6.0924580440626706,0.1501807333489528,-0.031758054774272966,0.6882304555389904,0.2438655095268654,0.007923653061635873,0.5531057346690972
1779787811.6360753,10.0,10.0,6.173321069431166,0.150080850960908,-0.03173438487232714,0.6884860014658956,0.24371329886765358,0.008295449769901223,0.5531057346690972
1779787811.6460686,10.0,10.0,6.300470042740283,0.14997218021609773,-0.03170877022875861,0.6887705034608711,0.24355119438197742,0.008682321794616869,0.5531057346690972
1779787811.6560354,10.0,10.0,6.486842887548978,0.14986271283274347,-0.03168074696422541,0.6890746447919758,0.2433932433942686,0.009050771816641157,0.5531057346690972
1779787811.6660264,10.0,10.0,6.70880890596536,0.14975691233382,-0.03164961519954872,0.6893802700353955,0.24322891540540856,0.009425680033262798,0.5531057346690972
1779787811.6760492,10.0,10.0,6.9553473064385924,0.14964993316498856,-0.031616955168231584,0.6896911822902255,0.24306329125506954,0.009795328219919897,0.5531057346690972
1779787811.6860492,10.0,10.0,7.192177308085507,0.1495512624876083,-0.031584638527375336,0.6899945978609713,0.24289360561330187,0.01016593989015454,0.5531057346690972
1779787811.6960323,10.0,10.0,7.4611082507974285,0.14946943738848917,-0.03154778777509934,0.6902908920256641,0.24271994378360295,0.010537187748643585,0.5531057346690972
1779787811.7060397,10.0,10.0,7.743873635000581,0.1494020936376385,-0.031518801552425334,0.6905695114984022,0.2425460925557078,0.010901100513184894,0.5531057346690972
1779787811.7160196,10.0,10.0,8.013666769338027,0.14936174711522332,-0.03149107522646607,0.6908437935318337,0.24236970371836486,0.011262803296782427,0.5531057346690972
1779787811.7260334,10.0,10.0,8.251512059304217,0.1493451126066754,-0.0314695388793784,0.6910943471421858,0.24219073994241166,0.01162241735186145,0.5531057346690972
1779787811.736114,10.0,10.0,8.466303091323564,0.1493414736425649,-0.03144836076611495,0.6913102470931305,0.24200643263972513,0.011985379384364156,0.5531057346690972
1779787811.7460713,10.0,10.0,8.651338186580103,0.14934017181569717,-0.03142474102629171,0.6914896633370169,0.2418210873334471,0.01234317642643128,0.5531057346690972
1779787811.7560346,10.0,10.0,8.821689399055339,0.14935549439439216,-0.03140318799707999,0.691617508844452,0.2418210873334471,0.01234317642643128,0.5531057346690972
1779787811.7661233,10.0,10.0,8.978679561220591,0.149385357612636,-0.03137841275982015,0.6916928589472121,0.24163393322019563,0.012697464728319521,0.5531057346690972
1779787811.7760653,10.0,10.0,9.130420063413078,0.14942936336872575,-0.031350866165312755,0.6917197600176757,0.24144029015125873,0.013056964315493372,0.5531057346690972
1779787811.7860646,10.0,10.0,9.252155329884626,0.1494835958539627,-0.0313141938373231,0.6917100780541356,0.24124559225144468,0.013411489809227253,0.5531057346690972
1779787811.7960598,10.0,10.0,9.350904875328466,0.14955464813808234,-0.03126452380128067,0.6916847755335603,0.24104552636801618,0.013768863830279105,0.5531057346690972
1779787811.8060913,10.0,10.0,9.438003531850383,0.14964493809549578,-0.031204802908668155,0.6916402876596623,0.2408428939832296,0.014123972370414638,0.5531057346690972
1779787811.816033,10.0,10.0,9.481635579639407,0.14974305074502853,-0.03114060313023139,0.6915775759787285,0.24064106660843493,0.01447110442343489,0.5531057346690972
1779787811.8260846,10.0,10.0,9.45928475685305,0.1498591244025745,-0.03106793500807567,0.6914902033738464,0.24043705222158637,0.014815610181172681,0.5531057346690972
1779787811.8361015,10.0,10.0,9.414785487721302,0.14999347096010138,-0.030988801149605037,0.691377378405455,0.24022228870432805,0.015171608091977491,0.5531057346690972
1779787811.8460472,10.0,10.0,9.312923106841762,0.15013914512106047,-0.030904312592580266,0.6912395265524559,0.24001076265278398,0.015515827717821049,0.5531057346690972
1779787811.8560889,10.0,10.0,9.144015713595406,0.15029664393963157,-0.030816599215104757,0.6910788115528436,0.23978631075696155,0.015874399393772966,0.5531057346690972
1779787811.8660738,10.0,10.0,8.934634066739438,0.1504543727688989,-0.030722127628315964,0.6909026682269603,0.23956997026718221,0.016213751609371763,0.5531057346690972
1779787811.8760715,10.0,10.0,8.674650548237418,0.15061280661213916,-0.030622583314883513,0.6907229922190641,0.23934839471687525,0.01655518644312641,0.5531057346690972
1779787811.886088,10.0,10.0,8.408450949573172,0.1507660931095704,-0.03052677073534474,0.6905422209217276,0.2391230690552488,0.016896273634567124,0.5531057346690972
1779787811.8960576,10.0,10.0,8.145339175717458,0.15090767693730076,-0.030428993030876803,0.6903724407092102,0.2388997633094092,0.017228428586467122,0.5531057346690972
1779787811.9061127,10.0,10.0,7.8763084811886515,0.1510269457526735,-0.03032661374228402,0.690222089507483,0.23866910011102294,0.017565605446585184,0.5531057346690972
1779787811.9160872,10.0,10.0,7.5963754876591105,0.15111943110105347,-0.030225334415312482,0.6900829332408962,0.23843674471462356,0.017899384058277623,0.5531057346690972
1779787811.9260843,10.0,10.0,7.3127640509165825,0.15118843585478406,-0.030125609658247645,0.6899683098024173,0.23820495543856368,0.018226679308079294,0.5531057346690972
1779787811.9361253,10.0,10.0,7.08084941096036,0.15124494626759147,-0.03002802918894208,0.689882829449885,0.23796601122533736,0.01855834967997144,0.5531057346690972
1779787811.9460657,10.0,10.0,6.875766243564482,0.1512818539479724,-0.029926259429351128,0.6898327258348995,0.2377182519835076,0.018896321103616623,0.5531057346690972
1779787811.9560876,10.0,10.0,6.6797742322595335,0.15130500725003793,-0.029833411227931518,0.6898041225162058,0.23747350428744463,0.0192244487916522,0.5531057346690972
1779787811.9660633,10.0,10.0,6.498113699211538,0.151303200488516,-0.029741825958101813,0.6897967166830913,0.23722996075025748,0.019545487335894354,0.5531057346690972
1779787811.976088,10.0,10.0,6.332274780834809,0.15128144860841605,-0.029659180884628794,0.6898045654931358,0.23698530455090439,0.019862666924774775,0.5531057346690972
1779787811.98613,10.0,10.0,6.211000115938743,0.15123671782884868,-0.02958370670442879,0.6898412500401051,0.23673839456238924,0.020177522908028347,0.5531057346690972
1779787811.9960494,10.0,10.0,6.121511480827806,0.15117951299535315,-0.029513792775950103,0.6899063665016795,0.23647669123113474,0.020505666839456115,0.5531057346690972
1779787812.0061114,10.0,10.0,6.057684257286658,0.15109815164952234,-0.029451548815072753,0.6900129997172024,0.2362240402912861,0.02081718016691169,0.5531057346690972
1779787812.01608,10.0,10.0,6.009217759759931,0.15101009336780527,-0.02939866298282196,0.6901628141132001,0.23595859454880236,0.021139049473961967,0.5531057346690972
1779787812.0260391,10.0,10.0,6.005208303082039,0.1509204165444197,-0.029352032944492998,0.6903449281669457,0.23570125183301635,0.02144594590482838,0.5531057346690972
1779787812.036085,10.0,10.0,6.046290513370382,0.15082024290497656,-0.02930949502557468,0.6905586131297472,0.23570125183301635,0.02144594590482838,0.5531057346690972
1779787812.0460505,10.0,10.0,6.112565962239251,0.1507085584049305,-0.029279350285613508,0.6908076610883245,0.23543550107394973,0.021757704149599995,0.5531057346690972
1779787812.0560575,10.0,10.0,6.221967643348526,0.15059604248743166,-0.029251756767093223,0.6910718366077533,0.23517086865947157,0.022063081703552728,0.5531057346690972
1779787812.0660615,10.0,10.0,6.401519192789096,0.1504716496257218,-0.029221170092007535,0.6913493614196575,0.23489097758763672,0.022380718255525338,0.5531057346690972
1779787812.076091,10.0,10.0,6.627229403505673,0.15035550941001474,-0.029186223367832047,0.6916236784756687,0.234620350839592,0.022682756524912716,0.5531057346690972
1779787812.086068,10.0,10.0,6.8992998851076495,0.15023586253735294,-0.02915074946764873,0.6918875110789312,0.23435009495928474,0.0229795272947795,0.5531057346690972
1779787812.0961058,10.0,10.0,7.1853975265568035,0.15012673267666246,-0.02911086851188254,0.6921398441015917,0.23407766538521124,0.02327390462557393,0.5531057346690972
1779787812.1060445,10.0,10.0,7.481221172986461,0.15003650154020862,-0.029074604936903302,0.6923761309076093,0.2337906877861472,0.023578946373281305,0.5531057346690972
1779787812.1160536,10.0,10.0,7.806421656034754,0.1499678259815762,-0.02904809386857551,0.6925899091155259,0.23350573916401776,0.023876831868032772,0.5531057346690972
1779787812.1261063,10.0,10.0,8.11993965581297,0.14992427498910588,-0.02902053958081595,0.6927898154478488,0.23321956433264235,0.02417111371070515,0.5531057346690972
1779787812.136069,10.0,10.0,8.409641569413271,0.14990349434288347,-0.02900124131194721,0.6929588376778446,0.23293676600560415,0.024457233363699538,0.5531057346690972
1779787812.1460636,10.0,10.0,8.671727520217745,0.14990173378434785,-0.028977192213553417,0.6930984182971629,0.23265356179816937,0.024739204668125778,0.5531057346690972
1779787812.1560392,10.0,10.0,8.908437999354831,0.14992249355857643,-0.02895346115701352,0.6931954753273736,0.2323569633921697,0.025029737938510647,0.5531057346690972
1779787812.1660523,10.0,10.0,9.110234246554066,0.1499584640995212,-0.028934936085155585,0.6932491067721449,0.2320640977939587,0.025311935666111077,0.5531057346690972
1779787812.1760714,10.0,10.0,9.28154671511107,0.15000165966372997,-0.02891170546777976,0.6932604423909339,0.23175433781873545,0.02560547317650235,0.5531057346690972
1779787812.1860423,10.0,10.0,9.424813760525293,0.15004882936796463,-0.028885444326144746,0.693238480862801,0.2314549614529612,0.025884457986232158,0.5531057346690972
1779787812.196039,10.0,10.0,9.557857235532499,0.15010642993015297,-0.028857895488725232,0.6932029483406927,0.2311557710540816,0.026158747175541952,0.5531057346690972
1779787812.2060785,10.0,10.0,9.67518450151636,0.15018762082015358,-0.02882430588959431,0.6931576348592896,0.23085360237159366,0.02643127980282517,0.5531057346690972
1779787812.2160633,10.0,10.0,9.755921719225933,0.1502845047540227,-0.028780035362004505,0.6930970049971122,0.23054021766805077,0.02670926970816221,0.5531057346690972
1779787812.2261117,10.0,10.0,9.763111299019918,0.15039692490570436,-0.028730521133198537,0.693011605401103,0.23023404073853312,0.026976383783235997,0.5531057346690972
1779787812.2361329,10.0,10.0,9.711127845996476,0.1505178009158528,-0.028674152970662288,0.6929115788467414,0.22991866754756526,0.027246988467693883,0.5531057346690972
1779787812.2460546,10.0,10.0,9.634500809901084,0.15065267643527597,-0.02861460087542285,0.6927856929146551,0.2296113082082096,0.02750638329942516,0.5531057346690972
1779787812.2561023,10.0,10.0,9.502732085513077,0.15079677535712785,-0.028555128614588185,0.6926330984871425,0.22930334895739835,0.027762081380931884,0.5531057346690972
1779787812.266117,10.0,10.0,9.313374382775846,0.150944284166009,-0.02848883714481777,0.6924579271222195,0.22897880323975373,0.028027089456710688,0.5531057346690972
1779787812.27604,10.0,10.0,9.070595489193893,0.151088639712496,-0.0284191943498275,0.6922762361443647,0.22897880323975373,0.028027089456710688,0.5531057346690972
1779787812.2860587,10.0,10.0,8.787264458609988,0.1512293740915542,-0.028348107601554352,0.6920841533867155,0.22866242410302115,0.028281109045749132,0.5531057346690972
1779787812.2961106,10.0,10.0,8.501121079343518,0.15136552294779082,-0.02827468173019702,0.691887490427924,0.22833286239724887,0.02854126733160442,0.5531057346690972
1779787812.3060393,10.0,10.0,8.206793473018358,0.1514741237587124,-0.028195973857324322,0.6917011168802583,0.22801739456248793,0.028786131801510836,0.5531057346690972
1779787812.316051,10.0,10.0,7.910902774302826,0.1515674664816044,-0.02811069751973224,0.6915237467541151,0.2276995560789729,0.029028790653138174,0.5531057346690972
1779787812.3260512,10.0,10.0,7.637398674738147,0.15164404975828574,-0.028027714250387258,0.6913675590533628,0.22736651203599256,0.0292787816433029,0.5531057346690972
1779787812.3360443,10.0,10.0,7.3820582621790045,0.15170244704999594,-0.02794084563270692,0.6912420144138991,0.22704202905029117,0.029518213473629026,0.5531057346690972
1779787812.3460412,10.0,10.0,7.148477538200986,0.15175016901546026,-0.02785551580646751,0.6911455079212528,0.22671654704962865,0.029754357641083577,0.5531057346690972
1779787812.3560846,10.0,10.0,6.929372858000569,0.15177934252823472,-0.027766831384271405,0.6910884991170628,0.2263798267312933,0.029994487629338658,0.5531057346690972
1779787812.3660758,10.0,10.0,6.715646375229566,0.15179004876821478,-0.02768059254652351,0.6910578851574045,0.22605183359590675,0.030224388775406417,0.5531057346690972
1779787812.3761215,10.0,10.0,6.516456927396038,0.15177909680895674,-0.027593938464188696,0.6910392127912973,0.22571567264980558,0.030455983305487967,0.5531057346690972
1779787812.3861072,10.0,10.0,6.345946705947546,0.1517522070626625,-0.027513349867021756,0.6910329291034994,0.22538200886156504,0.03068188834800349,0.5531057346690972
1779787812.396052,10.0,10.0,6.221945552845327,0.15169634689349074,-0.027433727133742803,0.6910488827151855,0.2250474540126698,0.030904491207410796,0.5531057346690972
1779787812.4060745,10.0,10.0,6.1303197559654174,0.15162281615755957,-0.027359324142918383,0.6910906207368214,0.22470580535631612,0.031127842757900585,0.5531057346690972
1779787812.4160686,10.0,10.0,6.0629097474852545,0.15153875977402376,-0.027288512431435784,0.6911655519297518,0.22436570615851884,0.031346258411574554,0.5531057346690972
1779787812.4261403,10.0,10.0,6.022471563770037,0.15145271420280823,-0.02722573958705466,0.6912770195169681,0.224022223038029,0.03156293631509393,0.5531057346690972
1779787812.4361274,10.0,10.0,6.027061333692555,0.1513637868706281,-0.027172176286158572,0.6914185219680062,0.22368181748635024,0.031773853956833194,0.5531057346690972
1779787812.4460926,10.0,10.0,6.072275596989061,0.1512690532165618,-0.02712229397870941,0.6915924338771064,0.22332208375581514,0.03199267825829437,0.5531057346690972
1779787812.4560506,10.0,10.0,6.162305939473218,0.1511653354254924,-0.02708126496931565,0.6917948630923081,0.2229781119460324,0.032198061638451556,0.5531057346690972
1779787812.4660673,10.0,10.0,6.285847236542396,0.15105778725251068,-0.02704820948246859,0.6920332837390234,0.2226245924661378,0.03240527817898495,0.5531057346690972
1779787812.4761114,10.0,10.0,6.478676956987858,0.15095077475511634,-0.027018988841744886,0.6922796082783537,0.22227584917704576,0.032605907829559244,0.5531057346690972
1779787812.4860833,10.0,10.0,6.730825185942398,0.150839662051924,-0.02698299267810395,0.6925302970782684,0.22191899573277005,0.032807363774113016,0.5531057346690972
1779787812.4960716,10.0,10.0,6.991194268084898,0.1507283847041315,-0.02695021833646496,0.6927788195077966,0.22156675766501677,0.03300245752604947,0.5531057346690972
1779787812.5060456,10.0,10.0,7.269558344434602,0.15062983129821295,-0.026918830641036003,0.6930057867277316,0.22120903582090387,0.03319682001921634,0.5531057346690972
1779787812.516027,10.0,10.0,7.5932285504053105,0.15053721699306125,-0.026884322599605822,0.6932134880701285,0.22085068699205399,0.03338776549799231,0.5531057346690972
1779787812.5261211,10.0,10.0,7.902335285168375,0.15046243857559255,-0.026851621468542145,0.6933976179434862,0.22047211844093817,0.03358545337463767,0.5531057346690972
1779787812.5360491,10.0,10.0,8.205107974541786,0.15040250012348394,-0.02681920374520029,0.6935594197624527,0.22010606788213777,0.0337727161612079,0.5531057346690972
1779787812.5460756,10.0,10.0,8.48776263513549,0.15036748166593208,-0.026789761769309996,0.6936961497337383,0.21973906572126217,0.03395667672940966,0.5531057346690972
1779787812.5560544,10.0,10.0,8.748282356409915,0.15036545046861896,-0.026764392791651524,0.6938052125449241,0.21973906572126217,0.03395667672940966,0.5531057346690972
1779787812.5660644,10.0,10.0,8.99194668489048,0.1503883204120008,-0.026737285524998034,0.6938798828361573,0.21937688733522204,0.0341345452999524,0.5531057346690972
1779787812.5761116,10.0,10.0,9.22438650244844,0.15042469905486044,-0.026705753217214672,0.6939190338516016,0.21900789490768152,0.03431205172407415,0.5531057346690972
1779787812.5860958,10.0,10.0,9.420772731612763,0.1504653250263759,-0.026674433554402237,0.6939178776602437,0.21864462701407014,0.034483190320477475,0.5531057346690972
1779787812.5960476,10.0,10.0,9.581029358214343,0.15051159375953885,-0.026633092567257956,0.6938910684789783,0.21827974400138417,0.034651521138051526,0.5531057346690972
1779787812.606047,10.0,10.0,9.719954466958749,0.15057771042137832,-0.026585578295189767,0.6938576787834609,0.2178996727107032,0.03482309830780833,0.5531057346690972
1779787812.616024,10.0,10.0,9.83668129263717,0.15066672876233705,-0.02653205978782328,0.6938229403411785,0.21753262468367868,0.03498519410290199,0.5531057346690972
1779787812.6260576,10.0,10.0,9.89692938877927,0.15077244158787909,-0.02646515044898243,0.6937779233153583,0.21716530972706422,0.03514390241619325,0.5531057346690972
1779787812.636051,10.0,10.0,9.90219410815356,0.15089816073723528,-0.02639932977187786,0.6937106442656381,0.21677921699132144,0.03530698370738142,0.5531057346690972
1779787812.646066,10.0,10.0,9.86515803751043,0.15104165655209623,-0.026310884024916617,0.6936217299684733,0.21640593178850612,0.03546104766058786,0.5531057346690972
1779787812.656055,10.0,10.0,9.780040315797276,0.15119465640654056,-0.0262185906877721,0.6935138604733939,0.21601793802138358,0.03561746140540339,0.5531057346690972
1779787812.6660419,10.0,10.0,9.634752246162753,0.1513579387030405,-0.026117560393986893,0.6933807085781221,0.21564008179122315,0.03576617894460376,0.5531057346690972
1779787812.6761045,10.0,10.0,9.446707016330063,0.15152458210763262,-0.026019178137772565,0.6932275156768488,0.21526715497191964,0.0359094976063586,0.5531057346690972
1779787812.686073,10.0,10.0,9.19908619791089,0.15169128630108497,-0.025924657514650173,0.693060552324475,0.2148807035244461,0.03605442245661284,0.5531057346690972
1779787812.69606,10.0,10.0,8.918494233200144,0.15184862522744674,-0.02583012970391617,0.6928867361200952,0.2145041305000021,0.03619215817809539,0.5531057346690972
1779787812.7060993,10.0,10.0,8.621518456277853,0.15198755006000997,-0.025733898874024972,0.6927152094756576,0.21412545335424826,0.03632722587334897,0.5531057346690972
1779787812.7161152,10.0,10.0,8.300664095023448,0.1520923273018052,-0.025631558357705128,0.6925433170265752,0.21373786736565625,0.03646193215022569,0.5531057346690972
1779787812.72604,10.0,10.0,7.993719308471003,0.1521746320328821,-0.025527164164175924,0.692380465112357,0.21335671629727543,0.036590939786164324,0.5531057346690972
1779787812.7361002,10.0,10.0,7.7213744375289215,0.1522453081626965,-0.02542370856040043,0.6922409489557101,0.21297679597958158,0.03671614221084826,0.5531057346690972
1779787812.7460432,10.0,10.0,7.4617356254967655,0.15230519834673029,-0.025322828815945907,0.6921277546177153,0.21258823705208738,0.03684071986289578,0.5531057346690972
1779787812.7560887,10.0,10.0,7.2289592878506586,0.15234431741493376,-0.025221921636511716,0.692043525716933,0.2122037442230312,0.03696056485964169,0.5531057346690972
1779787812.7660606,10.0,10.0,7.012765869111964,0.1523497371901279,-0.02511736883860304,0.6919848316760409,0.21181862427228243,0.03707721177455917,0.5531057346690972
1779787812.776031,10.0,10.0,6.821533836837093,0.1523272784402092,-0.025013265336898637,0.6919429003547282,0.2114355963490406,0.03718988084173392,0.5531057346690972
1779787812.7860565,10.0,10.0,6.6391816169195925,0.1522823700534793,-0.0249115812387525,0.6919068427014561,0.21103160137039717,0.03730512938015465,0.5531057346690972
1779787812.7960901,10.0,10.0,6.489502405240823,0.15222664300657676,-0.02482521241625213,0.6918818388782715,0.21064437431567956,0.03741216100922012,0.5531057346690972
1779787812.8060896,10.0,10.0,6.380571832583976,0.15215856786586013,-0.024737952606287056,0.6918792972006114,0.21025412768935886,0.03751665010028645,0.5531057346690972
1779787812.8160434,10.0,10.0,6.298765239640992,0.15207191626393868,-0.02465607214671613,0.6919023079397659,0.20986053165318946,0.03761862416872851,0.5531057346690972
1779787812.8260534,10.0,10.0,6.23929070589688,0.15197541886532268,-0.02457802066256073,0.6919568845666887,0.20946752380144826,0.03771704858296883,0.5531057346690972
1779787812.83607,10.0,10.0,6.234589664768012,0.15188564692684633,-0.024508269778155546,0.692033279412279,0.20907898704470373,0.037811036438389845,0.5531057346690972
1779787812.846058,10.0,10.0,6.288602326515714,0.15179281077665732,-0.02444184643483646,0.6921487468475735,0.2086888434350217,0.0379021139601234,0.5531057346690972
1779787812.8560765,10.0,10.0,6.375776060473018,0.15169088982114173,-0.024387558156071607,0.692298746048336,0.2086888434350217,0.0379021139601234,0.5531057346690972
1779787812.8661056,10.0,10.0,6.4899925237764835,0.15158820081494653,-0.024344411900002992,0.6924689609913665,0.20827753523303788,0.03799457291858324,0.5531057346690972
1779787812.876035,10.0,10.0,6.6646913276694555,0.1514964500240759,-0.02430807853245135,0.6926527335734548,0.20787507514925355,0.03808152613772367,0.5531057346690972
1779787812.886065,10.0,10.0,6.909694514351459,0.15140386652920956,-0.024271216743105607,0.6928445720880384,0.20748170015514528,0.03816317277323542,0.5531057346690972
1779787812.8960435,10.0,10.0,7.168124032194209,0.15131311935988853,-0.024235702894128578,0.6930352141914413,0.2070896439636823,0.03824127327785218,0.5531057346690972
1779787812.906129,10.0,10.0,7.439542965741808,0.15123272715445338,-0.02420293594158377,0.6932146929127001,0.20669695619215622,0.03831624042363214,0.5531057346690972
1779787812.9161084,10.0,10.0,7.728376659467751,0.15116391547351882,-0.024168410683855,0.693370149256249,0.20629395599888506,0.03838980049890153,0.5531057346690972
1779787812.926047,10.0,10.0,8.024960482909727,0.15111014329487168,-0.024132077526140234,0.6935071872291176,0.20589184646017378,0.03845980489882321,0.5531057346690972
1779787812.9360328,10.0,10.0,8.319721079241372,0.15107114401432872,-0.024100194628543566,0.6936210824287714,0.20547415656888943,0.0385289483152666,0.5531057346690972
1779787812.9460557,10.0,10.0,8.581618265318836,0.15104893283926352,-0.02407189273496587,0.6937025153358899,0.20507641848970445,0.03859141818282709,0.5531057346690972
1779787812.9560628,10.0,10.0,8.81576410965478,0.15104763213410113,-0.02404005080035697,0.6937496522879079,0.20466126493768866,0.03865312965161449,0.5531057346690972
1779787812.9661522,10.0,10.0,9.0212039977916,0.151062315167194,-0.024006071666798842,0.6937623425544739,0.20426238915093398,0.03870907226007871,0.5531057346690972
1779787812.9760487,10.0,10.0,9.184637458132364,0.1510945093990565,-0.023970087366378137,0.693752456681788,0.2038433944046175,0.03876431414279937,0.5531057346690972
1779787812.9860477,10.0,10.0,9.313863286535383,0.1511392248451531,-0.023926693716677033,0.6937289016331062,0.20344397100282408,0.038813626386939054,0.5531057346690972
1779787812.996061,10.0,10.0,9.420346317372765,0.15120176833653878,-0.023875728523259605,0.6936938820447415,0.20304021766920755,0.038860160758026806,0.5531057346690972
1779787813.0060518,10.0,10.0,9.523737534809976,0.15128518622800258,-0.02382272183375791,0.6936433458296772,0.20262676805877758,0.038904371166450985,0.5531057346690972
1779787813.0160494,10.0,10.0,9.6100822878346,0.1513809705917974,-0.023762066438842714,0.6935782114328609,0.20222596141570975,0.03894391412063897,0.5531057346690972
1779787813.026082,10.0,10.0,9.632086019688996,0.15149430744149658,-0.02369622039265428,0.6934969378756438,0.20182048097859095,0.03898060484178941,0.5531057346690972
1779787813.0360456,10.0,10.0,9.59999422136008,0.1516241080007434,-0.023618883313046235,0.6933880313464492,0.20141391541886228,0.039014055178539425,0.5531057346690972
1779787813.046051,10.0,10.0,9.550445319448782,0.15176190424943975,-0.02354068330798443,0.6932617045477778,0.20101178188033342,0.039043858887305036,0.5531057346690972
1779787813.0560846,10.0,10.0,9.43951261451176,0.15190911548957114,-0.023457935319382513,0.6931123651140308,0.20060622409748485,0.039070616538463755,0.5531057346690972
1779787813.0661166,10.0,10.0,9.25990133284374,0.15205985543231154,-0.023378552409954442,0.6929381374815119,0.20019821536037982,0.03909419733424943,0.5531057346690972
1779787813.0760567,10.0,10.0,9.032501244336181,0.15220542224268382,-0.023296970178549776,0.6927537623314343,0.19979492594660217,0.03911421926598678,0.5531057346690972
1779787813.0860708,10.0,10.0,8.752297027378559,0.15235164965010417,-0.023208668595039804,0.6925681420079988,0.19938977377031916,0.03913104798874857,0.5531057346690972
1779787813.0960464,10.0,10.0,8.468753697343868,0.15248893257369414,-0.02311708007395152,0.6923865580443586,0.19898457396042252,0.03914458817140832,0.5531057346690972
1779787813.1060777,10.0,10.0,8.16879146075892,0.15260873804202507,-0.02302818032086543,0.6922172931123449,0.198582767122139,0.03915476811379049,0.5531057346690972
1779787813.1160758,10.0,10.0,7.848301051062916,0.15269699031011066,-0.022934428776463765,0.6920597850803538,0.19816094025511233,0.03916197856634034,0.5531057346690972
1779787813.1260726,10.0,10.0,7.559285170555498,0.1527685501377843,-0.022834848724584314,0.6919129951720193,0.19816094025511233,0.03916197856634034,0.5531057346690972
1779787813.136064,10.0,10.0,7.300489127767058,0.15281881934666608,-0.02272226162191099,0.6917866781174677,0.19775720139027153,0.03916554580273884,0.5531057346690972
1779787813.146051,10.0,10.0,7.059988932562429,0.1528499993106779,-0.022611791261429717,0.6916842802609493,0.19734831437393563,0.03916583563597388,0.5531057346690972
1779787813.1560585,10.0,10.0,6.824290001579635,0.15285843741777008,-0.022500898574990363,0.6916083851114756,0.19694482735186905,0.039162843708621,0.5531057346690972
1779787813.1661024,10.0,10.0,6.63099270661047,0.15285106926604616,-0.02239291081566909,0.6915487846913737,0.19654422249125575,0.03915665123829406,0.5531057346690972
1779787813.1760652,10.0,10.0,6.472906776177637,0.1528218536618326,-0.022282978114383595,0.6915002683230664,0.19613969482235993,0.039147139236884135,0.5531057346690972
1779787813.1860647,10.0,10.0,6.331147685673011,0.15277567430190594,-0.022180970279737814,0.6914587371352375,0.19573733147594513,0.03913442774359095,0.5531057346690972
1779787813.1960554,10.0,10.0,6.2385634418878615,0.15271445687309526,-0.02208185686943455,0.6914313212346396,0.1953334259423019,0.039118404707183016,0.5531057346690972
1779787813.2061188,10.0,10.0,6.177968904373729,0.15264158375379516,-0.021982709545897147,0.6914267987600701,0.19493365680568725,0.03909932366252166,0.5531057346690972
1779787813.216054,10.0,10.0,6.124774802616652,0.15255780040432837,-0.021885375818517426,0.6914544859937626,0.19453502446638393,0.03907710135301044,0.5531057346690972
1779787813.226101,10.0,10.0,6.085728980726405,0.15246689646755876,-0.02179529248475113,0.6915132870614347,0.19413229999241782,0.039051406293703655,0.5531057346690972
1779787813.2360885,10.0,10.0,6.0959429761142525,0.15237558100628149,-0.021711164176691288,0.6916016659030131,0.19372532636689827,0.0390221220072832,0.5531057346690972
1779787813.2460952,10.0,10.0,6.164826488239729,0.15227741020950972,-0.021633791679563023,0.691724130185195,0.19331594121895623,0.0389892930324082,0.5531057346690972
1779787813.2560804,10.0,10.0,6.251623783331659,0.15216784380683865,-0.021570839173306128,0.6918762601143958,0.19291273651469512,0.038953648241222466,0.5531057346690972
1779787813.26604,10.0,10.0,6.383457923921934,0.15206328731319713,-0.021518850902525904,0.6920562243716604,0.1925144878024429,0.03891520873707377,0.5531057346690972
1779787813.276069,10.0,10.0,6.59110658088533,0.1519751737915858,-0.021475509993297868,0.6922452134598603,0.19211687901335672,0.038873618428567035,0.5531057346690972
1779787813.2860754,10.0,10.0,6.8457903243844695,0.15189380293704158,-0.021429986635014504,0.6924514164325084,0.19168924986225502,0.03882529603274746,0.5531057346690972
1779787813.2960742,10.0,10.0,7.102025418940159,0.1518166814983143,-0.021387293219904378,0.6926379515766439,0.19127233344967987,0.03877459015976259,0.5531057346690972
1779787813.3060932,10.0,10.0,7.389831735054297,0.1517525836991642,-0.021353486249836663,0.6928018701661783,0.19087224253060164,0.038722583924829565,0.5531057346690972
1779787813.316056,10.0,10.0,7.706867282822483,0.15169671330149243,-0.02131596199630244,0.6929469261222947,0.1904683903208122,0.0386667539798153,0.5531057346690972
1779787813.3260634,10.0,10.0,8.01155167488348,0.15165867459706983,-0.021284267628661868,0.6930682191183667,0.19006904473433317,0.03860824143782414,0.5531057346690972
1779787813.3360515,10.0,10.0,8.291631847431493,0.15163381703842332,-0.021255167726120572,0.6931551746651753,0.18966698658267564,0.03854599894509558,0.5531057346690972
1779787813.3460417,10.0,10.0,8.543826285108896,0.15162410077832802,-0.021231045973705395,0.693208432140332,0.1892471000758951,0.038477413276514646,0.5531057346690972
1779787813.3561387,10.0,10.0,8.765794640049004,0.15163173327390617,-0.02120580290011628,0.6932280966274285,0.1888504758834322,0.038409251479334945,0.5531057346690972
1779787813.3660386,10.0,10.0,8.936059521390913,0.15165097016961276,-0.021175675369742686,0.6932182393192985,0.18845700016433173,0.03833837632320236,0.5531057346690972
1779787813.3760889,10.0,10.0,9.071769844890746,0.15168460313499177,-0.021138872460306105,0.6931911082235325,0.18805699496665013,0.03826298792805582,0.5531057346690972
1779787813.3861032,10.0,10.0,9.180812428247984,0.15173349716235437,-0.021104784072746508,0.6931566541017854,0.18766140880014126,0.03818510823014218,0.5531057346690972
1779787813.3960683,10.0,10.0,9.285662645352687,0.15180776282518235,-0.021069338500215595,0.6931080462987562,0.18726420957909928,0.03810356907522371,0.5531057346690972
1779787813.4060674,10.0,10.0,9.394593110355943,0.1518943310608466,-0.021026723721499864,0.6930405151915483,0.18686950186011902,0.03801920758651375,0.5531057346690972
1779787813.4160554,10.0,10.0,9.443801367232442,0.15199125196492777,-0.020977889128267136,0.6929521616857217,0.18647496454930224,0.03793154408867974,0.5531057346690972
1779787813.4260628,10.0,10.0,9.43996449886271,0.15210271113682633,-0.02092642789007187,0.692835950430459,0.18608584688001126,0.037841797964302766,0.5531057346690972
1779787813.436077,10.0,10.0,9.407488588231583,0.15222870296114832,-0.020868529378236154,0.6926916577661999,0.18608584688001126,0.037841797964302766,0.5531057346690972
1779787813.4460661,10.0,10.0,9.321514129617146,0.15236150955694636,-0.02079365576668284,0.692529327802146,0.18568714466308173,0.03774643655988113,0.5531057346690972
1779787813.456055,10.0,10.0,9.169537784969153,0.15250334527670037,-0.020715807029061204,0.6923359316318626,0.18529244350817647,0.0376486179025279,0.5531057346690972
1779787813.466066,10.0,10.0,8.975408175506947,0.15264217844987357,-0.020640453842780213,0.6921271812922456,0.18490197777509432,0.03754848611793769,0.5531057346690972
1779787813.4761176,10.0,10.0,8.724003380748176,0.15277334435265186,-0.02055950681071088,0.691914681779745,0.18451310203451435,0.037445417097429524,0.5531057346690972
1779787813.4861474,10.0,10.0,8.432127996993287,0.1528992472940671,-0.020476490531811196,0.691709655808061,0.18412143971583766,0.037338213654226265,0.5531057346690972
1779787813.496089,10.0,10.0,8.14057154232383,0.15300504599903977,-0.020383634662897027,0.691508643939986,0.1837282174875216,0.03722713195380994,0.5531057346690972
1779787813.50608,10.0,10.0,7.8550564747435345,0.15308098480793067,-0.020289345103289714,0.6913199171320686,0.1833351087211234,0.03711260166300109,0.5531057346690972
1779787813.516086,10.0,10.0,7.571030066347273,0.153123437291672,-0.020189634373071492,0.6911487541996987,0.1829391931055224,0.03699371077532474,0.5531057346690972
1779787813.5260608,10.0,10.0,7.296389330585367,0.1531444916443814,-0.020084879589863717,0.6910021323853012,0.18254866872751435,0.0368729298353627,0.5531057346690972
1779787813.5361142,10.0,10.0,7.057968179688691,0.15314254966144442,-0.019972309542569563,0.6908795154463395,0.1821645602882178,0.03675070781190946,0.5531057346690972
1779787813.5460675,10.0,10.0,6.849402532023367,0.15311884280785143,-0.019863322106614494,0.6907861182514984,0.18178184068652398,0.036625522874111784,0.5531057346690972
1779787813.55605,10.0,10.0,6.678209129907844,0.15308366684733046,-0.01975777682513064,0.6907262644168134,0.181400275708605,0.03649730544977038,0.5531057346690972
1779787813.566056,10.0,10.0,6.5467989906567325,0.15303379495840058,-0.019664988529519745,0.6906912738746458,0.18101400036083193,0.03636400847034005,0.5531057346690972
1779787813.5760698,10.0,10.0,6.466396314669183,0.1529707804163153,-0.01957579568469939,0.6906696985264452,0.1806316292127833,0.03622856451977138,0.5531057346690972
1779787813.5861003,10.0,10.0,6.404529078380501,0.1529052910093316,-0.019492046167467636,0.6906569670613651,0.18025500356182725,0.03609172783888824,0.5531057346690972
1779787813.5960743,10.0,10.0,6.362043021223638,0.15282297958326085,-0.019419489815594503,0.6906691157142687,0.17986179879268457,0.03594520521096282,0.5531057346690972
1779787813.6060803,10.0,10.0,6.315345016303488,0.15272254885493375,-0.019347335252051748,0.6907029449855252,0.179483769695105,0.035800777798582484,0.5531057346690972
1779787813.6160815,10.0,10.0,6.299900818168591,0.15261273375738676,-0.01928223850422693,0.690756344681843,0.17909356780234542,0.03564800466411732,0.5531057346690972
1779787813.6260574,10.0,10.0,6.341356021382035,0.15249695901227503,-0.01921703340137457,0.6908410288090416,0.17872044407187404,0.03549837339412425,0.5531057346690972
1779787813.6361158,10.0,10.0,6.401513293867674,0.15237699054257228,-0.019170931166462523,0.6909589094564023,0.17834955691231258,0.035346170992744924,0.5531057346690972
1779787813.6460617,10.0,10.0,6.497697612096517,0.15226636271707916,-0.01913406519103994,0.691102651367445,0.17797510557035745,0.03518896333806763,0.5531057346690972
1779787813.6560857,10.0,10.0,6.689761866857839,0.1521710081116543,-0.0191068070317303,0.6912649060339393,0.17760228341301557,0.035028867123465604,0.5531057346690972
1779787813.6660419,10.0,10.0,6.9546277864427415,0.15208796891765308,-0.0190797074340367,0.6914392394135933,0.1772246847162953,0.034863047812177014,0.5531057346690972
1779787813.6760561,10.0,10.0,7.224831766056406,0.1520080883388829,-0.019054288314731598,0.6916132320232644,0.17685108363968233,0.034695307727786645,0.5531057346690972
1779787813.6860845,10.0,10.0,7.517736605672984,0.15193932576996297,-0.01903175599919006,0.6917664318654237,0.17648617189177054,0.03452789985777653,0.5531057346690972
1779787813.6960697,10.0,10.0,7.828321061412289,0.15188614983374618,-0.01900935204478378,0.6918983282206994,0.17611716975489355,0.03435498847754428,0.5531057346690972
1779787813.7061589,10.0,10.0,8.144726430371808,0.15184728398256897,-0.018990161219566055,0.6919972995075999,0.17574985121744743,0.03417920220677249,0.5531057346690972
1779787813.7161005,10.0,10.0,8.441414483678694,0.15181776108087403,-0.018975461981282762,0.6920692466944445,0.17574985121744743,0.03417920220677249,0.5531057346690972
1779787813.7260885,10.0,10.0,8.702784544978233,0.15180660839913102,-0.018968026676618135,0.692107434897686,0.17538740365368888,0.03400212195802188,0.5531057346690972
1779787813.7361386,10.0,10.0,8.927747184583849,0.15181193875880067,-0.018961368766690283,0.6921145783085076,0.17501146416679086,0.03381459953155855,0.5531057346690972
1779787813.7460914,10.0,10.0,9.104213384697564,0.151829059658982,-0.01895256175171677,0.6920984983394031,0.17465426913943455,0.03363274994521472,0.5531057346690972
1779787813.7561288,10.0,10.0,9.247235586068118,0.15185655517435626,-0.018942145243752956,0.6920706646970858,0.17429922596964442,0.03344840071120332,0.5531057346690972
1779787813.7661576,10.0,10.0,9.358386698878338,0.15190294056013554,-0.018932262823305065,0.6920294318005235,0.1739329133103814,0.033254395523014554,0.5531057346690972
1779787813.7760475,10.0,10.0,9.489499740429482,0.15197026670235406,-0.018925962469376195,0.6919610472851807,0.17357612942793482,0.0330616741430875,0.5531057346690972
1779787813.7860982,10.0,10.0,9.607572713877788,0.15204599210476724,-0.01891622745213618,0.6918735685193258,0.17320901796954175,0.032859445966605574,0.5531057346690972
1779787813.796068,10.0,10.0,9.647323282125862,0.1521311303215247,-0.01890790937273166,0.6917641829109694,0.17285873988310457,0.03266272573231781,0.5531057346690972
1779787813.8060844,10.0,10.0,9.65152718492989,0.15223587254283727,-0.018897419130660828,0.6916245608586316,0.17251173334084982,0.03246416754725138,0.5531057346690972
1779787813.8160615,10.0,10.0,9.642309744483285,0.15235311258145348,-0.01887787465707494,0.6914538816115656,0.17216238434568643,0.03226052248454561,0.5531057346690972
1779787813.8260458,10.0,10.0,9.587399136317027,0.15247684023067348,-0.0188522556860633,0.6912593329352582,0.17181270666040632,0.032052867866336626,0.5531057346690972
1779787813.8360531,10.0,10.0,9.4632601557658,0.1526065769301004,-0.018821813873356394,0.6910499668116624,0.1714681787795717,0.03184448141515975,0.5531057346690972
1779787813.8460412,10.0,10.0,9.271946622000721,0.15274214723732576,-0.018798769531654356,0.690812493229293,0.1711217472496269,0.03163109418463331,0.5531057346690972
1779787813.8561075,10.0,10.0,9.025709273737572,0.15286582674036156,-0.018772529373612123,0.6905678265137478,0.17077503171410502,0.03141360883027997,0.5531057346690972
1779787813.866125,10.0,10.0,8.729167504181595,0.1529836304762533,-0.01874230924890755,0.6903267749972183,0.1704367569571708,0.0311975772952989,0.5531057346690972
1779787813.876123,10.0,10.0,8.412417556909691,0.15308884211395268,-0.0187133461243415,0.6900863074181289,0.17009641338476972,0.030976336207719085,0.5531057346690972
1779787813.8860795,10.0,10.0,8.089522578843322,0.1531636866129478,-0.018678699863225307,0.6898427657924211,0.16975698445699292,0.030751743372944493,0.5531057346690972
1779787813.8960412,10.0,10.0,7.777647434043218,0.15320988274755418,-0.018634568184227106,0.6896112746755726,0.16942261666070635,0.030526583571578864,0.5531057346690972
1779787813.90609,10.0,10.0,7.482967037690698,0.1532297673893051,-0.018588253123283213,0.6893891197385539,0.16908942634777488,0.03029828705769934,0.5531057346690972
1779787813.9161136,10.0,10.0,7.224377446865984,0.15322794356380143,-0.0185415376327271,0.6891859881900987,0.16875760899072254,0.030066967531513854,0.5531057346690972
1779787813.92611,10.0,10.0,7.002932346203178,0.15320513237479022,-0.018495810068378273,0.6890094129560506,0.1684267415855252,0.02983230442143389,0.5531057346690972
1779787813.9360635,10.0,10.0,6.796687557985252,0.15316194972313468,-0.018456454562115455,0.6888634300349314,0.16809920261449307,0.02959599359744159,0.5531057346690972
1779787813.9460835,10.0,10.0,6.612237463779811,0.15310225656890625,-0.018414543057331766,0.6887450976043468,0.16777217172061407,0.02935600013372113,0.5531057346690972
1779787813.956059,10.0,10.0,6.493618541613783,0.15302521560383656,-0.01837654907206068,0.6886663774722537,0.16744789580576144,0.029113961514164448,0.5531057346690972
1779787813.9660506,10.0,10.0,6.399325031247207,0.152934200921451,-0.018343410706512027,0.6886279456855837,0.16712981279755557,0.028872539136976925,0.5531057346690972
1779787813.9761288,10.0,10.0,6.330199851886361,0.15284480577401832,-0.018314882283502146,0.6886107226331007,0.16681293393234642,0.02862801291580061,0.5531057346690972
1779787813.9860573,10.0,10.0,6.274715944611357,0.15275095331153388,-0.01828964905518927,0.6886061550060506,0.1664909073184574,0.02837532853638798,0.5531057346690972
1779787813.9960663,10.0,10.0,6.238573538170159,0.15264706027906347,-0.01826403679443174,0.6886187098547815,0.1661753730736863,0.028123567072486103,0.5531057346690972
1779787814.0060825,10.0,10.0,6.231184306322873,0.15254724335627926,-0.018239270211313188,0.6886488197501608,0.1658645012094551,0.027871408833936184,0.5531057346690972
1779787814.0161188,10.0,10.0,6.287374502155968,0.1524495952664456,-0.01821610138524861,0.6886978483920826,0.16553919912077406,0.02760308278022998,0.5531057346690972
1779787814.0261023,10.0,10.0,6.403883127057018,0.15234801733897657,-0.018184682922039567,0.6887728076048415,0.16553919912077406,0.02760308278022998,0.5531057346690972
1779787814.0360656,10.0,10.0,6.5416801474994175,0.15224931777076914,-0.018154538362580068,0.6888688340800029,0.1652144336338365,0.027330551828146338,0.5531057346690972
1779787814.0460753,10.0,10.0,6.709267872766365,0.15216791034739974,-0.01812712724696014,0.6889765011158359,0.1648963554724484,0.027059034894650974,0.5531057346690972
1779787814.056125,10.0,10.0,6.927982214392933,0.15209499802941323,-0.018100420241476265,0.6890839203133788,0.1645879354166985,0.026791323765531762,0.5531057346690972
1779787814.066063,10.0,10.0,7.173990125978465,0.15202576495553272,-0.018073490848821948,0.6891822997202087,0.16428179339802643,0.026521174549709196,0.5531057346690972
1779787814.0760553,10.0,10.0,7.426176717531416,0.15196540854892296,-0.01805050041992328,0.689263048386719,0.1639636920612909,0.026235708379271853,0.5531057346690972
1779787814.086088,10.0,10.0,7.672930829230272,0.15191691224397183,-0.01803075349269959,0.6893205338541235,0.1636596819966339,0.025958247972530255,0.5531057346690972
1779787814.0960562,10.0,10.0,7.920940108876883,0.15187944855016677,-0.01801584816334015,0.6893536151200393,0.16335878536741685,0.025679060789510932,0.5531057346690972
1779787814.1061094,10.0,10.0,8.16663929957425,0.15185787038354456,-0.018009838706430366,0.6893612827260911,0.16306558843809799,0.025402545418523936,0.5531057346690972
1779787814.11608,10.0,10.0,8.386921575033552,0.1518511011004879,-0.018007874143129998,0.6893570736464603,0.162765782253518,0.025115124998494276,0.5531057346690972
1779787814.1261098,10.0,10.0,8.568365116317326,0.15186034314060637,-0.018013275398886714,0.6893497291125283,0.16247798762533114,0.024834670912508162,0.5531057346690972
1779787814.1360857,10.0,10.0,8.699430225268461,0.15188041997967944,-0.018020516692458372,0.6893314136655149,0.16219270633358945,0.024552162560455663,0.5531057346690972
1779787814.146099,10.0,10.0,8.792773307767733,0.15191257539587175,-0.018029708463949665,0.6892980530745788,0.1618950100349689,0.02425246168565281,0.5531057346690972
1779787814.1560726,10.0,10.0,8.900559467648966,0.15196261490266724,-0.01804308680478343,0.6892373677648224,0.16161378451443645,0.02396463262673154,0.5531057346690972
1779787814.1660328,10.0,10.0,9.009529338619346,0.15201856119413845,-0.018056569152900107,0.6891531893032505,0.16133639633646618,0.02367613456808442,0.5531057346690972
1779787814.1760614,10.0,10.0,9.069320177923048,0.15208629645030997,-0.018072877210679517,0.6890468585101323,0.1610607955094729,0.023384859981591753,0.5531057346690972
1779787814.186066,10.0,10.0,9.099362842252845,0.15217314626253045,-0.01809255400926558,0.6889046990255602,0.16078725950842623,0.023091081331458554,0.5531057346690972
1779787814.1960537,10.0,10.0,9.108274458193485,0.1522679070413931,-0.01811026691457736,0.6887426674795726,0.16051572824381868,0.022794717261011087,0.5531057346690972
1779787814.2060797,10.0,10.0,9.045866165978637,0.15237173520947808,-0.018122100163738122,0.6885587984217383,0.1602429488612055,0.022492109911985088,0.5531057346690972
1779787814.2160587,10.0,10.0,8.93922783920464,0.15248225762022596,-0.018133032430753995,0.6883497328524595,0.15997397488683313,0.022188802905288442,0.5531057346690972
1779787814.2260728,10.0,10.0,8.786387361677956,0.15259742840992685,-0.018149304865556746,0.6881123654841086,0.15971072810898143,0.021887091245399497,0.5531057346690972
1779787814.2361302,10.0,10.0,8.55977288891718,0.15270206351549528,-0.018168701211100823,0.6878698077308878,0.15944685321626886,0.021579696007932574,0.5531057346690972
1779787814.2461255,10.0,10.0,8.282631365523109,0.15279782112649176,-0.01819011274720232,0.687614362901392,0.15917760667156897,0.021260772728343168,0.5531057346690972
1779787814.256124,10.0,10.0,8.002572916224203,0.15288190987949238,-0.018208817657514576,0.6873582048281337,0.15892040459721685,0.02095099807579772,0.5531057346690972
1779787814.2660472,10.0,10.0,7.722949625789416,0.15294429085060365,-0.01822654938626794,0.6871067697251788,0.1586580218332274,0.020629675106507053,0.5531057346690972
1779787814.2760751,10.0,10.0,7.457435398463993,0.152978900060131,-0.018238055423537295,0.6868594604683832,0.1586580218332274,0.020629675106507053,0.5531057346690972
1779787814.2860448,10.0,10.0,7.212798658136785,0.15297954553916582,-0.018242160572400325,0.6866296570942108,0.15840198868357633,0.020310801905156245,0.5531057346690972
1779787814.296048,10.0,10.0,6.995535982348771,0.1529662843013618,-0.018240672986367258,0.6864205109911222,0.15814327803476322,0.01998308246056901,0.5531057346690972
1779787814.3060663,10.0,10.0,6.825208959156775,0.15293859625072959,-0.01824236326405186,0.6862386395072251,0.15789593909753702,0.019664423761191457,0.5531057346690972
1779787814.3160577,10.0,10.0,6.695486480685652,0.15289944496093802,-0.018237509093821998,0.6860874799030254,0.15764825265900084,0.019339913716174315,0.5531057346690972
1779787814.3260584,10.0,10.0,6.578603664481345,0.15284911044931296,-0.018232270646943424,0.6859761654920673,0.15740494353754306,0.019015703134621278,0.5531057346690972
1779787814.336063,10.0,10.0,6.474715038281968,0.15279114730475113,-0.018216403616040128,0.6859095945907608,0.15716709664382933,0.01869339272808898,0.5531057346690972
1779787814.3460996,10.0,10.0,6.384934523586939,0.1527192105605469,-0.01819789803115969,0.6858739156086247,0.15693248342632626,0.01837008207349064,0.5531057346690972
1779787814.356063,10.0,10.0,6.313261348943422,0.15263111446266356,-0.0181746556462924,0.685860748395706,0.1566859934350353,0.018024448647460802,0.5531057346690972
1779787814.3660738,10.0,10.0,6.27074585085508,0.15254113766792854,-0.018150409236507698,0.6858616413930816,0.1564536443772329,0.017692860201798402,0.5531057346690972
1779787814.3760738,10.0,10.0,6.235599012446135,0.15243956338120374,-0.018121102922655577,0.6858854886171342,0.15621082678668652,0.017340114772579924,0.5531057346690972
1779787814.3860512,10.0,10.0,6.223537859987803,0.15233413591645328,-0.01809458979042141,0.6859326679418417,0.15597670261808708,0.016993758623228696,0.5531057346690972
1779787814.396053,10.0,10.0,6.283723712932951,0.15222487218345485,-0.018068846755247763,0.6860038610812655,0.15575500608558254,0.016659928413190403,0.5531057346690972
1779787814.4060833,10.0,10.0,6.3848948580442295,0.15211595331446784,-0.018037510551729856,0.6860963246884495,0.1555328681090638,0.016319502196033755,0.5531057346690972
1779787814.416062,10.0,10.0,6.527201991533068,0.15201375736972972,-0.018008197303910716,0.686216348121449,0.1553116411974294,0.01597434714729203,0.5531057346690972
1779787814.4260645,10.0,10.0,6.735570293474131,0.15192762150949812,-0.017982853500039905,0.6863385323395735,0.1550974546117874,0.01563412685876013,0.5531057346690972
1779787814.4360783,10.0,10.0,7.0055302983413625,0.15184369818642016,-0.017956644152458956,0.6864603106342924,0.15488719759285574,0.015294132377848203,0.5531057346690972
1779787814.4460382,10.0,10.0,7.261201756861264,0.1517607688176209,-0.017929877183832127,0.6865716750527276,0.15467759376502366,0.014949025654630327,0.5531057346690972
1779787814.4560673,10.0,10.0,7.512428072179629,0.15168832265856347,-0.01790543854210071,0.6866652487877978,0.15447035471224052,0.014601511642220517,0.5531057346690972
1779787814.466069,10.0,10.0,7.786812712905054,0.15163278895589102,-0.017886863880967562,0.6867336717343238,0.15426655467185552,0.01425340099212959,0.5531057346690972
1779787814.4760554,10.0,10.0,8.041405140443333,0.1515846839149232,-0.017868564119928272,0.6867813335226838,0.15406240037917304,0.013898089803268694,0.5531057346690972
1779787814.486128,10.0,10.0,8.258410426469384,0.15155338788017042,-0.01785923678443348,0.6867999196492659,0.1538621575909392,0.013542895118286095,0.5531057346690972
1779787814.4961083,10.0,10.0,8.460714023775026,0.15153990843282958,-0.017853101555244173,0.6867986235158076,0.15366651776920814,0.013189182135013557,0.5531057346690972
1779787814.5060854,10.0,10.0,8.643665040606022,0.1515460486708441,-0.01785411501331695,0.6867896618472465,0.1534702738727032,0.012827440727475214,0.5531057346690972
1779787814.5160542,10.0,10.0,8.800806794803371,0.15156572477217403,-0.01785870990652026,0.6867718656820018,0.1532807837250718,0.012471253124564284,0.5531057346690972
1779787814.5260751,10.0,10.0,8.922094314616906,0.1515970032272276,-0.017868991175587073,0.6867317495187,0.1530947843783237,0.012114729999738335,0.5531057346690972
1779787814.5361352,10.0,10.0,9.03202886725522,0.15164469380364248,-0.01788311186926632,0.686663552426858,0.15291257957683457,0.01175854138766214,0.5531057346690972
1779787814.5460775,10.0,10.0,9.154777684014373,0.15170454227253155,-0.01790206303708975,0.6865690002585665,0.15273179555674507,0.011398015400388477,0.5531057346690972
1779787814.556107,10.0,10.0,9.241347497853928,0.1517743471597324,-0.017927169989096915,0.6864453350253104,0.15255524726458203,0.011038760179798268,0.5531057346690972
1779787814.5660524,10.0,10.0,9.278389686348,0.15185972154379568,-0.01795832698038666,0.6862944743881052,0.15255524726458203,0.011038760179798268,0.5531057346690972
1779787814.5760772,10.0,10.0,9.293537681135557,0.15195855997942073,-0.017987224272451894,0.686115536111962,0.1523811445145563,0.010677187755292812,0.5531057346690972
1779787814.5861378,10.0,10.0,9.260413498729323,0.15206565593443977,-0.018017758090207087,0.6859161098870917,0.15220433701049035,0.01030220162193514,0.5531057346690972
1779787814.59612,10.0,10.0,9.143852764609791,0.15217738363956232,-0.018049630176123328,0.6856979167535381,0.15203662242762517,0.009938855071309927,0.5531057346690972
1779787814.6061282,10.0,10.0,8.953082821178322,0.15229245205026415,-0.018086297185605824,0.6854560959127203,0.1518667032992791,0.009562726803976528,0.5531057346690972
1779787814.6160853,10.0,10.0,8.724609915615893,0.15239947018750358,-0.018124200790896557,0.6852119735688607,0.1517030186032115,0.009192356841358912,0.5531057346690972
1779787814.6260762,10.0,10.0,8.437385302271712,0.15250507143439124,-0.01816337548116324,0.6849608110769995,0.15154205568660575,0.00882001137095037,0.5531057346690972
1779787814.6360552,10.0,10.0,8.137418127408953,0.15260168912224947,-0.018201108125723352,0.6847051089178348,0.15138526014365702,0.008449102868272083,0.5531057346690972
1779787814.646131,10.0,10.0,7.8489665459818445,0.15268431846267858,-0.018231214668737616,0.6844602939220574,0.15122490747450723,0.00806090546103171,0.5531057346690972
1779787814.6561053,10.0,10.0,7.576232937891616,0.15275504077570368,-0.018258688794191125,0.684221294646767,0.15107515539506533,0.007689773041078592,0.5531057346690972
1779787814.666072,10.0,10.0,7.335177726946585,0.1528083858739075,-0.01828229152432432,0.6839816784793058,0.15092588583918373,0.007311054227582062,0.5531057346690972
1779787814.676148,10.0,10.0,7.107848780651604,0.15282813685671756,-0.018293719789818846,0.6837568511618539,0.1507780013760732,0.00692665124033167,0.5531057346690972
1779787814.6861255,10.0,10.0,6.910685775393735,0.1528255152686824,-0.018298109257445544,0.6835487366424436,0.15063568762091736,0.006547515827058006,0.5531057346690972
1779787814.6960578,10.0,10.0,6.74743792767305,0.15280373800114086,-0.01829455329963953,0.6833664255218844,0.15049311057176065,0.006158003447864654,0.5531057346690972
1779787814.7060676,10.0,10.0,6.614028715029803,0.15276239113892479,-0.018287467681873462,0.6832225344787415,0.1503586063358429,0.005781056081897922,0.5531057346690972
1779787814.716122,10.0,10.0,6.478232901110686,0.15270631966524653,-0.018276662838685682,0.6831218298384826,0.1502259710658875,0.00539968681194837,0.5531057346690972
1779787814.726094,10.0,10.0,6.352266606263579,0.15263491842888374,-0.01826086173365704,0.6830657977676555,0.15009562174752206,0.005014871062924309,0.5531057346690972
1779787814.736149,10.0,10.0,6.2488286564792235,0.15254995714941982,-0.018246717231123723,0.6830400872417018,0.14996862596496247,0.004629692384769169,0.5531057346690972
1779787814.7460577,10.0,10.0,6.159660916000667,0.15246081783098536,-0.01823130406326679,0.6830390163346151,0.1498452225107723,0.0042449626685495765,0.5531057346690972
1779787814.756133,10.0,10.0,6.0873150273525996,0.1523585342697023,-0.018219538024127596,0.6830535850761362,0.14972369165037291,0.0038552133793026064,0.5531057346690972
1779787814.766122,10.0,10.0,6.047270213808927,0.1522491587981761,-0.018208342403276224,0.6830862567923447,0.1496070012135305,0.003470026066772278,0.5531057346690972
1779787814.776105,10.0,10.0,6.064275197018213,0.15213042700075088,-0.018201472199171998,0.6831430431968575,0.14949293553685764,0.003082257099045929,0.5531057346690972
1779787814.7861307,10.0,10.0,6.13822203513707,0.15201110331677153,-0.01819292882571262,0.683227296176284,0.14937945131565594,0.0026844768956347104,0.5531057346690972
1779787814.796119,10.0,10.0,6.249721477424126,0.15189339721624284,-0.018188773545631712,0.6833383351585677,0.14927143231725074,0.0022937510169509234,0.5531057346690972
1779787814.806122,10.0,10.0,6.407887120350134,0.15177938861780005,-0.018188212232171416,0.6834678788369808,0.14916808232294465,0.00190784634398828,0.5531057346690972
1779787814.8161528,10.0,10.0,6.646994733020551,0.15166968440309078,-0.018191833673871928,0.6836038618808822,0.14906204704016063,0.0014984716122792095,0.5531057346690972
1779787814.8261085,10.0,10.0,6.909026133151566,0.15156382132981702,-0.018189058638218875,0.68373529235463,0.14896439385221777,0.0011082193172058698,0.5531057346690972
1779787814.8360674,10.0,10.0,7.174893746340053,0.15146584723457207,-0.018185609930085854,0.6838567882095965,0.148865999922571,0.0007008253717202088,0.5531057346690972
1779787814.846048,10.0,10.0,7.445671310301095,0.151380253795411,-0.01818110769323502,0.6839647369938026,0.148865999922571,0.0007008253717202088,0.5531057346690972
1779787814.8560882,10.0,10.0,7.725315000365089,0.1513070528501669,-0.018174491788083114,0.6840515332295058,0.1487747579299647,0.00030896594709815123,0.5531057346690972
1779787814.866066,10.0,10.0,7.995885141137872,0.151253706717752,-0.01816918669324705,0.6841159829948595,0.14868377366987146,-9.678889478471377e-05,0.5531057346690972
1779787814.876082,10.0,10.0,8.25191618859681,0.1512200734644264,-0.01816284478788791,0.6841577195696507,0.14859893683462777,-0.0004901785020678222,0.5531057346690972
1779787814.8860736,10.0,10.0,8.476187247014982,0.1512083112714959,-0.018158756643449746,0.6841713739759159,0.14851744186249863,-0.0008833868316537197,0.5531057346690972
1779787814.8960626,10.0,10.0,8.678454584305006,0.15121654111994387,-0.018156501232506717,0.6841643318505408,0.14843653984903915,-0.001290432451643314,0.5531057346690972
1779787814.9060633,10.0,10.0,8.851229843572776,0.15123870881476068,-0.018161957145713475,0.6841418006023343,0.1483612683734137,-0.0016860409458685239,0.5531057346690972
1779787814.916057,10.0,10.0,8.998976658740448,0.15127484535932906,-0.018173007701276684,0.6841015584972335,0.1482897509425659,-0.0020790633204739607,0.5531057346690972
1779787814.9260843,10.0,10.0,9.12865092426885,0.15132732521626913,-0.018187574712293982,0.6840307511861563,0.1482184417560305,-0.002489961630483633,0.5531057346690972
1779787814.936121,10.0,10.0,9.251195907041506,0.1513937781276385,-0.018205976865794688,0.6839333164734855,0.14815329685917406,-0.0028844404792058246,0.5531057346690972
1779787814.9460971,10.0,10.0,9.334380306204295,0.15146624019863522,-0.018229113630462798,0.6838056307836797,0.1480912344886191,-0.0032799115189963103,0.5531057346690972
1779787814.9560823,10.0,10.0,9.370505468797747,0.15154925843594444,-0.01825954818713395,0.6836488643063628,0.14803068784690446,-0.0036872999548663533,0.5531057346690972
1779787814.9660683,10.0,10.0,9.373905985380196,0.15165217726507108,-0.01829394469465883,0.683465697252994,0.14797491552803507,-0.004084766967047803,0.5531057346690972
1779787814.9760933,10.0,10.0,9.35160001244307,0.15176118998500288,-0.018326929160238044,0.6832682545822926,0.14792234612981953,-0.004482586132925122,0.5531057346690972
1779787814.98613,10.0,10.0,9.243963800288354,0.15187741525686427,-0.018366846304111027,0.6830496530304256,0.14787057778025575,-0.0049008071659831925,0.5531057346690972
1779787814.9960606,10.0,10.0,9.088337931865638,0.15200161778657278,-0.018411517217441192,0.6828103960023558,0.14782432939262025,-0.005301516119627129,0.5531057346690972
1779787815.0060923,10.0,10.0,8.897898113996563,0.15212709473471436,-0.018453067189725305,0.6825587071853708,0.1477791808135418,-0.005723314949016827,0.5531057346690972
1779787815.016064,10.0,10.0,8.640156071072386,0.15224503162822756,-0.018494918319729103,0.6823043059475039,0.1477397318270422,-0.006123032960232201,0.5531057346690972
1779787815.0261543,10.0,10.0,8.332833975689004,0.15235019334781885,-0.018535752387652725,0.6820492986774391,0.14770237858495866,-0.006535976418771457,0.5531057346690972
1779787815.0361412,10.0,10.0,8.01725788169333,0.1524470183932233,-0.018571531346234578,0.6818047234137408,0.14766933957147993,-0.006937829461114153,0.5531057346690972
1779787815.0461185,10.0,10.0,7.716501253262222,0.1525278124047176,-0.018600422640061686,0.681571666043633,0.14763950945238868,-0.007340403682364853,0.5531057346690972
1779787815.056091,10.0,10.0,7.455403244149303,0.15258921764252648,-0.018624779590379798,0.6813539828201574,0.14761261715488028,-0.007748269053504391,0.5531057346690972
1779787815.0660672,10.0,10.0,7.2259356854589445,0.1526304749278039,-0.0186439027487647,0.6811669558718586,0.14758951596008998,-0.008147852470977733,0.5531057346690972
1779787815.076111,10.0,10.0,7.006667191673034,0.15265185910345208,-0.018658728043705126,0.6810073208367636,0.14756963444819976,-0.008547164606213348,0.5531057346690972
1779787815.0861049,10.0,10.0,6.812298563239389,0.1526467230805596,-0.01866492870171501,0.6808791522224874,0.1475529313074127,-0.008947025218822843,0.5531057346690972
1779787815.096079,10.0,10.0,6.629369184383309,0.15261312003344477,-0.01866535094505604,0.6807897214808806,0.14753888762446526,-0.00936532468141635,0.5531057346690972
1779787815.1060665,10.0,10.0,6.461087524937902,0.15254874717510478,-0.01866156061187097,0.6807337110306362,0.14752864825578557,-0.009769430025636237,0.5531057346690972
1779787815.1160874,10.0,10.0,6.326766560974129,0.15246710973120747,-0.018655244846093474,0.6807114437173204,0.14752166030937666,-0.01017481427413503,0.5531057346690972
1779787815.1260598,10.0,10.0,6.227039655114524,0.15237931396976187,-0.018650329478692242,0.680711230798744,0.14751795202151988,-0.010581776271585564,0.5531057346690972
1779787815.1361272,10.0,10.0,6.152117582126022,0.15228400473253464,-0.018647751008688266,0.6807297922855041,0.14751795202151988,-0.010581776271585564,0.5531057346690972
1779787815.1460826,10.0,10.0,6.070379860183756,0.15217510372439275,-0.01864309860637998,0.680762862032646,0.1475175647413833,-0.010991447735241702,0.5531057346690972
1779787815.1560917,10.0,10.0,6.023314002065308,0.15205768421465662,-0.018645353331775746,0.6808167110066158,0.14752055759634758,-0.0114031792287067,0.5531057346690972
1779787815.1661673,10.0,10.0,6.033211794854436,0.1519369647998275,-0.01865048029431783,0.6808975840879081,0.147526833673519,-0.011809394345313072,0.5531057346690972
1779787815.176086,10.0,10.0,6.0914613934866715,0.15180895194173738,-0.018665051464189092,0.6810074223133138,0.14753677701704293,-0.01222875397379519,0.5531057346690972
1779787815.1861503,10.0,10.0,6.196195032286937,0.1516761385673301,-0.018689970146888026,0.6811408488826793,0.14754959464650952,-0.012630201846080632,0.5531057346690972
1779787815.1960628,10.0,10.0,6.351360102898338,0.15154374982137117,-0.018723970611864236,0.6812976600185381,0.1475659669802486,-0.013039028414877413,0.5531057346690972
1779787815.2060635,10.0,10.0,6.587214797002886,0.15141790529467153,-0.018752943214700862,0.6814622925530816,0.1475855733418776,-0.013445588740698886,0.5531057346690972
1779787815.2160592,10.0,10.0,6.866072139110101,0.15129059098280834,-0.01877756110764601,0.6816293647650794,0.14760884901703852,-0.013857928581171436,0.5531057346690972
1779787815.2260537,10.0,10.0,7.139557327922759,0.1511737008454154,-0.018804056849370587,0.6817909705652557,0.14763531722454157,-0.014266975334307047,0.5531057346690972
1779787815.2360942,10.0,10.0,7.454170053360009,0.15107901737673649,-0.01883389220217423,0.6819313327526909,0.14766448721124908,-0.01466733877657072,0.5531057346690972
1779787815.246078,10.0,10.0,7.7889077258397235,0.15099589722007445,-0.01885814211944882,0.6820500013690354,0.14769669818511935,-0.015065426290328247,0.5531057346690972
1779787815.256093,10.0,10.0,8.09291985186795,0.1509292866881145,-0.018881507426585516,0.682149171806165,0.14773416229599828,-0.01548549796888558,0.5531057346690972
1779787815.2660882,10.0,10.0,8.363555057522836,0.150885119238041,-0.01891197533720852,0.6822176161766215,0.14777312928798952,-0.015885199613621254,0.5531057346690972
1779787815.2761056,10.0,10.0,8.61376439730375,0.15086953025105057,-0.018947570320191922,0.6822593544793396,0.14781684345249738,-0.01629858209955792,0.5531057346690972
1779787815.2860959,10.0,10.0,8.848782021376461,0.15088141890425802,-0.018983400181349246,0.6822729603977336,0.14786233074875305,-0.016697528968169693,0.5531057346690972
1779787815.296059,10.0,10.0,9.053276728437002,0.15090682643120482,-0.019013435019847643,0.6822667739662722,0.14791090622689584,-0.017095193599709374,0.5531057346690972
1779787815.3061306,10.0,10.0,9.206136903179164,0.150942891527098,-0.019043822762878904,0.682239393016129,0.1479638347280275,-0.017501145663680127,0.5531057346690972
1779787815.3160622,10.0,10.0,9.34097138399651,0.15099071728309507,-0.019068065906550826,0.6821877234800572,0.14801975333944856,-0.01790432746158946,0.5531057346690972
1779787815.3260574,10.0,10.0,9.48273062146521,0.15106037466521666,-0.01909368085002061,0.6821050596198773,0.1480782855169716,-0.018302628261632724,0.5531057346690972
1779787815.336099,10.0,10.0,9.609832745572799,0.15114161692679318,-0.019116522817545896,0.6819951594470354,0.1481408690728025,-0.01870575548109571,0.5531057346690972
1779787815.3460934,10.0,10.0,9.669593735500564,0.15122731062165873,-0.01914444978067103,0.6818644110072292,0.14820565620371773,-0.01910189922749713,0.5531057346690972
1779787815.3560789,10.0,10.0,9.69257670877404,0.15133537625158158,-0.019178120207809807,0.6817029872194652,0.14827329478944407,-0.019495652791975016,0.5531057346690972
1779787815.366054,10.0,10.0,9.680317655078065,0.15144961535314816,-0.01921211606773336,0.6815210746477486,0.1483442560099044,-0.019889822975355895,0.5531057346690972
1779787815.3760889,10.0,10.0,9.61132025676736,0.15157207506153317,-0.01924621136948153,0.6813176209389002,0.1484224882712929,-0.02030477337299073,0.5531057346690972
1779787815.3860538,10.0,10.0,9.473386284466336,0.1517002977086368,-0.019286555439330676,0.6811045663292643,0.14849999164571773,-0.020698049667351823,0.5531057346690972
1779787815.3961213,10.0,10.0,9.272602048143458,0.1518295344823852,-0.019330187426690734,0.6808756627369908,0.14858561013043003,-0.021114351283364304,0.5531057346690972
1779787815.406085,10.0,10.0,9.014300336014871,0.1519575596291949,-0.01937733725762201,0.6806448822683315,0.14858561013043003,-0.021114351283364304,0.5531057346690972
1779787815.4160616,10.0,10.0,8.700121147183838,0.15207598925591861,-0.01942400639501443,0.6804263301984947,0.14866963379728007,-0.02150645567930274,0.5531057346690972
1779787815.4260595,10.0,10.0,8.369979056100917,0.15218883031300873,-0.019468435597827582,0.6802157814228811,0.14875898489168238,-0.021907500673325492,0.5531057346690972
1779787815.4361339,10.0,10.0,8.04871939424343,0.15228777944419858,-0.019507981122073314,0.6800191655765316,0.1488500510463448,-0.022301104961282837,0.5531057346690972
1779787815.4460628,10.0,10.0,7.745665494369345,0.15236378154056515,-0.019540946711398374,0.6798375071339543,0.14894319247112014,-0.02268944615666594,0.5531057346690972
1779787815.456077,10.0,10.0,7.462036726250135,0.15241008629181685,-0.01956337698094154,0.6796800856074622,0.1490413306281021,-0.023084543933729804,0.5531057346690972
1779787815.466123,10.0,10.0,7.2096064428339774,0.1524495838739982,-0.019585203326558744,0.6795492539928573,0.14914346729621333,-0.023481831821329808,0.5531057346690972
1779787815.476116,10.0,10.0,6.985836779597858,0.15247470595709273,-0.01960840594479133,0.6794532254403358,0.14924730054314356,-0.023872496897601174,0.5531057346690972
1779787815.4860823,10.0,10.0,6.773512293166358,0.15247620935304387,-0.01962358389246912,0.6793905111968881,0.14935671819202773,-0.024271020346360785,0.5531057346690972
1779787815.496084,10.0,10.0,6.572905407938044,0.15244218551075508,-0.019632266499065406,0.6793610590371284,0.14946657098269098,-0.024658706375751738,0.5531057346690972
1779787815.5060825,10.0,10.0,6.3946279175317695,0.15238506577287667,-0.019644854368869966,0.6793536279511927,0.1495790338380476,-0.02504377174966546,0.5531057346690972
1779787815.516116,10.0,10.0,6.268049182149436,0.15231542425295186,-0.019666307335381227,0.6793583902686998,0.14969447978167089,-0.025427586018519594,0.5531057346690972
1779787815.526082,10.0,10.0,6.170931734053851,0.15223210100229495,-0.01968978650519887,0.6793714967076864,0.14981485597707514,-0.025816377329129035,0.5531057346690972
1779787815.5360606,10.0,10.0,6.087163333778685,0.152131804691575,-0.01971217824078612,0.6794075561686423,0.14993880452574748,-0.02620544997476535,0.5531057346690972
1779787815.5461047,10.0,10.0,6.003927666911376,0.15201605430086731,-0.019744095040830786,0.6794664848723819,0.15006377510999097,-0.02658701853659872,0.5531057346690972
1779787815.5561087,10.0,10.0,5.979808638396146,0.1518979397076626,-0.019781415059357082,0.6795446268039319,0.15019289371335137,-0.02697076232418822,0.5531057346690972
1779787815.5661175,10.0,10.0,6.019529414229266,0.15176996877048035,-0.01982058164890437,0.6796526237982571,0.15032342597281126,-0.02734862066354466,0.5531057346690972
1779787815.5761054,10.0,10.0,6.085200378093549,0.15163160517360227,-0.019867094389098162,0.6797907103166967,0.15045714263987459,-0.027725889873743564,0.5531057346690972
1779787815.5861182,10.0,10.0,6.194859082023059,0.1514858595725037,-0.01993551306485582,0.6799585470804943,0.15060056831907614,-0.0281202532589431,0.5531057346690972
1779787815.5961168,10.0,10.0,6.354263873728684,0.15133300521202428,-0.02001415755864823,0.6801411262941713,0.1507411919071904,-0.028497235497790617,0.5531057346690972
1779787815.606085,10.0,10.0,6.5743886127145705,0.1511808035033061,-0.020089815712949082,0.6803354576042778,0.15088714877206158,-0.02887902937757165,0.5531057346690972
1779787815.6160803,10.0,10.0,6.8437582047857095,0.15104144440750622,-0.020153761995189663,0.6805302096239462,0.15103510114580943,-0.029256790009070763,0.5531057346690972
1779787815.6261175,10.0,10.0,7.149633453419684,0.15091194458246465,-0.0202191048665652,0.6807235513618692,0.15118569276437333,-0.02963230010655547,0.5531057346690972
1779787815.6360989,10.0,10.0,7.465348948200227,0.15079490782184266,-0.020285999287264003,0.6809017377965697,0.15134926821422065,-0.030030527440445418,0.5531057346690972
1779787815.6461294,10.0,10.0,7.79092500200824,0.15069867534594672,-0.02035444784038973,0.6810588951509496,0.1515129703985419,-0.03041959148208863,0.5531057346690972
1779787815.6560705,10.0,10.0,8.117348995192103,0.15063354819597014,-0.020429590564964933,0.6811901779671924,0.1516715516918623,-0.030787972379837766,0.5531057346690972
1779787815.6660786,10.0,10.0,8.4324967769885,0.1505938623270105,-0.020511480956699107,0.681297456926316,0.15183267933013575,-0.0311541624604666,0.5531057346690972
1779787815.6761093,10.0,10.0,8.70558241685788,0.15058301538565835,-0.020598989930408082,0.6813740877773314,0.15200041149690457,-0.031527147277209566,0.5531057346690972
1779787815.6861026,10.0,10.0,8.950600975589696,0.15059193904213616,-0.020686418894853422,0.6814135222451047,0.15217022144549647,-0.03189666521100073,0.5531057346690972
1779787815.6960623,10.0,10.0,9.155833986329354,0.1506142037466364,-0.02076169627818925,0.6814163613974272,0.15217022144549647,-0.03189666521100073,0.5531057346690972
1779787815.7061622,10.0,10.0,9.315388704436597,0.15064449743448843,-0.0208326132095319,0.6813973374935561,0.15234464266179137,-0.03226818633560267,0.5531057346690972
1779787815.7160788,10.0,10.0,9.464504802126752,0.15068633487372898,-0.02089451304786336,0.6813601435930019,0.15251927335266197,-0.03263241347739056,0.5531057346690972
1779787815.726102,10.0,10.0,9.613556485179723,0.15075059714122102,-0.02095296342439393,0.6813037178931346,0.1526963535263893,-0.032994232570562915,0.5531057346690972
1779787815.7360668,10.0,10.0,9.749234671055898,0.1508293891039763,-0.021008950091417646,0.6812245262283226,0.15287547392847545,-0.03335289060968813,0.5531057346690972
1779787815.7460651,10.0,10.0,9.818956155486639,0.1509228708526789,-0.02106298193309052,0.6811180080782022,0.15306024738103946,-0.03371550912574653,0.5531057346690972
1779787815.7560697,10.0,10.0,9.83221511584193,0.15103057708510792,-0.02111254294932345,0.6809811775233275,0.1532468144588614,-0.03407441773489694,0.5531057346690972
1779787815.7660744,10.0,10.0,9.829820108723087,0.15114967795014378,-0.021149552094249287,0.6808194442632162,0.1534347268919566,-0.034428905698795344,0.5531057346690972
1779787815.7761164,10.0,10.0,9.77088480910899,0.1512752560342897,-0.021188290563237053,0.6806360895044605,0.1536252870452392,-0.03478152484706669,0.5531057346690972
1779787815.7860808,10.0,10.0,9.619776542739647,0.1514077762885882,-0.021224015459284797,0.6804348133026357,0.1538272257902339,-0.035147989406196026,0.5531057346690972
1779787815.7960873,10.0,10.0,9.397894341462987,0.15153952854974836,-0.021267350098227333,0.6802118616561393,0.1540252693652932,-0.03550049260848458,0.5531057346690972
1779787815.8060691,10.0,10.0,9.108116690028544,0.15166748661523421,-0.02130820945695841,0.6799858479497788,0.15423013529684204,-0.0358582657889934,0.5531057346690972
1779787815.81606,10.0,10.0,8.801327465450633,0.15178977303483082,-0.02135244369483395,0.679760977738169,0.1544341690887931,-0.036207928728628685,0.5531057346690972
1779787815.826067,10.0,10.0,8.483922473829193,0.15190859174247154,-0.02139732778923654,0.6795499671478471,0.15463859882861924,-0.03655187972233685,0.5531057346690972
1779787815.8360946,10.0,10.0,8.170694684659468,0.1520140926144711,-0.021435067518244776,0.6793549674555867,0.15486004633495204,-0.03691753848557164,0.5531057346690972
1779787815.8461325,10.0,10.0,7.864028384933402,0.15210462548374337,-0.021469830652494564,0.6791775212782832,0.15507637358284462,-0.037268068115632574,0.5531057346690972
1779787815.8560822,10.0,10.0,7.580254371349485,0.15215599943174934,-0.02149829056469704,0.6790230783155559,0.15529252470231814,-0.037611984746097546,0.5531057346690972
1779787815.8660738,10.0,10.0,7.311137598591745,0.15219971034029886,-0.021525953964899223,0.6788973904317188,0.15550849353357918,-0.03794953467148292,0.5531057346690972
1779787815.8761034,10.0,10.0,7.064896038856472,0.15222941472745644,-0.02155528625417897,0.6788030017793774,0.1557261899896586,-0.03828386505333693,0.5531057346690972
1779787815.8860722,10.0,10.0,6.8339726406925605,0.15224449978185162,-0.021589819547641456,0.6787445542365442,0.15595535243559827,-0.038629618462149164,0.5531057346690972
1779787815.8961008,10.0,10.0,6.611950811117366,0.1522296356031393,-0.02162849557567452,0.6787168809395627,0.15618076593406136,-0.038963748823030386,0.5531057346690972
1779787815.9061403,10.0,10.0,6.407213791092057,0.15219409000751524,-0.02166419551162216,0.6787148913183776,0.15641288776381163,-0.039301859733322925,0.5531057346690972
1779787815.9160712,10.0,10.0,6.2399755210835295,0.15214369024661414,-0.021698264411015623,0.6787243064295049,0.1566466397783698,-0.03963644438728948,0.5531057346690972
1779787815.9260707,10.0,10.0,6.126023916243857,0.15207466146825768,-0.02173043633738715,0.6787452564553124,0.15687921831025353,-0.0399636741230231,0.5531057346690972
1779787815.9360824,10.0,10.0,6.025798536493459,0.1519887867460134,-0.021776283968564427,0.6787851326126715,0.1571250859686672,-0.040303655057863305,0.5531057346690972
1779787815.9460807,10.0,10.0,5.923437650664313,0.15188712606904603,-0.02182922647949311,0.6788481150702614,0.1573634340987638,-0.040627598407310346,0.5531057346690972
1779787815.9561455,10.0,10.0,5.871938070715552,0.15177868412379,-0.021881656558518276,0.6789340973063142,0.15761535163496235,-0.04096414928973664,0.5531057346690972
1779787815.9660559,10.0,10.0,5.886190401232726,0.15166288034497064,-0.02193858517810044,0.679049282658059,0.15785882842200583,-0.04128390873741575,0.5531057346690972
1779787815.9761002,10.0,10.0,5.923650375136753,0.15152911713978576,-0.022005698769575168,0.6791988127591956,0.15785882842200583,-0.04128390873741575,0.5531057346690972
1779787815.986082,10.0,10.0,6.001525391872202,0.1513816815441112,-0.022081568147061904,0.6793723556775972,0.15810311449453987,-0.041599455018260956,0.5531057346690972
1779787815.9961433,10.0,10.0,6.129528277279502,0.15122319960181815,-0.02217193762454951,0.6795690344412036,0.15836170159203175,-0.04192789463733029,0.5531057346690972
1779787816.006089,10.0,10.0,6.325399138978243,0.15106183267904766,-0.022262388186922947,0.6797846937064604,0.15861182652372113,-0.04224029294370188,0.5531057346690972
1779787816.0161057,10.0,10.0,6.583243576556472,0.15090105346294833,-0.022357677641378276,0.6800170582615002,0.1588651177043759,-0.042551500524686245,0.5531057346690972
1779787816.0261526,10.0,10.0,6.873771523849892,0.15074422420354633,-0.022448285635525023,0.680246083475887,0.15912722911331528,-0.04286825393039453,0.5531057346690972
1779787816.0361469,10.0,10.0,7.181624065750293,0.15060220245722017,-0.022536895457235494,0.6804635582027416,0.15938480460107596,-0.04317443438857071,0.5531057346690972
1779787816.0460844,10.0,10.0,7.515728818791844,0.15047665562728535,-0.022631286370503836,0.6806746658123237,0.15964939734698586,-0.04348385121140936,0.5531057346690972
1779787816.0561237,10.0,10.0,7.849243721641244,0.1503779184191028,-0.022728810875575288,0.680866497761012,0.1599182736197066,-0.04379312596792747,0.5531057346690972
1779787816.0660846,10.0,10.0,8.163529620244907,0.15030988297595663,-0.022841214303438266,0.6810385846163878,0.1601885263037912,-0.044098896789233746,0.5531057346690972
1779787816.0760863,10.0,10.0,8.441661236297314,0.15027130715037204,-0.022961489086032592,0.6811834358246258,0.16046131073047093,-0.044402501585142994,0.5531057346690972
1779787816.0861118,10.0,10.0,8.728643001534687,0.15025254484338393,-0.023084461867946576,0.6812909342837216,0.16073383479373865,-0.04470090513527612,0.5531057346690972
1779787816.0961285,10.0,10.0,8.991111029365852,0.15024442187860243,-0.02321173594366578,0.6813574761826379,0.16100721146099106,-0.044995439496440526,0.5531057346690972
1779787816.106085,10.0,10.0,9.228171849549677,0.1502530209353489,-0.02333882418251107,0.6813832874022889,0.16129312981404023,-0.045298473648362904,0.5531057346690972
1779787816.1160593,10.0,10.0,9.427298842904236,0.1502785472639746,-0.02345743799554533,0.6813807227447202,0.1615747997664772,-0.045592122281623966,0.5531057346690972
1779787816.126149,10.0,10.0,9.588226777494185,0.15030895458336493,-0.023570329355777134,0.6813644036985744,0.16186122535398045,-0.04588588535026949,0.5531057346690972
1779787816.1360843,10.0,10.0,9.721710984518968,0.15036578112082055,-0.0236852778465501,0.6813298460445961,0.16214527694157282,-0.04617250945311637,0.5531057346690972
1779787816.1461442,10.0,10.0,9.873120247149433,0.1504375704750874,-0.023801676806204923,0.6812713400950479,0.16243060932731784,-0.04645582398391643,0.5531057346690972
1779787816.1560922,10.0,10.0,9.968577568294988,0.15051680279270468,-0.023913311536439046,0.681187294278702,0.16271712209471548,-0.04673577942112792,0.5531057346690972
1779787816.1661065,10.0,10.0,9.99182894627418,0.15060718290876257,-0.02401717482769642,0.681076597789142,0.1630103174253703,-0.04701767370414409,0.5531057346690972
1779787816.1761134,10.0,10.0,9.965720984570348,0.1507063234584262,-0.0241195913912546,0.680941026117313,0.16330492702150065,-0.047296358212679544,0.5531057346690972
1779787816.186116,10.0,10.0,9.88576962157244,0.15081864729646197,-0.024208475666357723,0.6807803501434688,0.16359999896486005,-0.047570993138451416,0.5531057346690972
1779787816.1960578,10.0,10.0,9.741107011421635,0.1509401047685493,-0.0242887547160398,0.6805985786399166,0.16390149400155846,-0.04784707207477611,0.5531057346690972
1779787816.2060924,10.0,10.0,9.533256115583141,0.15106643358363606,-0.024363780186858506,0.6803986564128324,0.16420652282865472,-0.048121826230426976,0.5531057346690972
1779787816.216106,10.0,10.0,9.28154850158943,0.151190789003,-0.024433693602197173,0.6801937634477486,0.16451138195645654,-0.04839194429123132,0.5531057346690972
1779787816.2261405,10.0,10.0,9.008978169918057,0.15132048184971628,-0.02450846036912083,0.6799866148092519,0.16482690155592528,-0.04866689043357514,0.5531057346690972
1779787816.2360754,10.0,10.0,8.727772098080566,0.15144224939222126,-0.024577108234574215,0.6797899612893503,0.16513225858935557,-0.04892860314017816,0.5531057346690972
1779787816.2460697,10.0,10.0,8.425787014762081,0.1515521272509651,-0.024639353683657245,0.6796128765882088,0.16544365341646855,-0.04919114844711445,0.5531057346690972
1779787816.256075,10.0,10.0,8.111937116520984,0.15164367303917772,-0.024695277323421052,0.6794542340733094,0.16575523456442087,-0.04944955112928494,0.5531057346690972
1779787816.2661545,10.0,10.0,7.808566074294151,0.15171048618878205,-0.02474721015485133,0.6793141771899142,0.16575523456442087,-0.04944955112928494,0.5531057346690972
1779787816.2760932,10.0,10.0,7.547858417651242,0.151752580451576,-0.024789508205923835,0.6792014912268558,0.16606643124711212,-0.049703427486383685,0.5531057346690972
1779787816.286076,10.0,10.0,7.3016055722011295,0.1517709654241432,-0.024834058275426122,0.6791239752687299,0.16638982580005282,-0.04996288748850304,0.5531057346690972
1779787816.2960904,10.0,10.0,7.0540991674728994,0.1517672372746146,-0.024877684006141376,0.67908177655437,0.16670855989178324,-0.050214337334962555,0.5531057346690972
1779787816.3061707,10.0,10.0,6.856691875816997,0.15175245932706527,-0.024932355516846062,0.6790684080008974,0.16702440138668007,-0.05045940246857782,0.5531057346690972
1779787816.316087,10.0,10.0,6.65021359707718,0.15171309230917743,-0.02498668172996428,0.679071496131139,0.1673565028370111,-0.05071276189933425,0.5531057346690972
1779787816.3260872,10.0,10.0,6.474221313949466,0.15166389565384666,-0.0250507719175716,0.6790832688313136,0.1676784165647217,-0.05095419844809334,0.5531057346690972
1779787816.336078,10.0,10.0,6.346518328661218,0.15159900681857094,-0.025124013926233812,0.6791146048528238,0.16800591209431787,-0.0511957049227785,0.5531057346690972
1779787816.346071,10.0,10.0,6.2351641313303645,0.15151298886256037,-0.025204474433471,0.6791755481283768,0.1683335807348929,-0.05143325767089316,0.5531057346690972
1779787816.356097,10.0,10.0,6.12632715785272,0.15140686899855035,-0.025283126160364128,0.679269379323402,0.1686602725729717,-0.05166610888424664,0.5531057346690972
1779787816.3660872,10.0,10.0,6.07123161996,0.15129068007995272,-0.025374353831461666,0.6793845149277046,0.16898715909954953,-0.05189517586322721,0.5531057346690972
1779787816.376111,10.0,10.0,6.068053919792618,0.15115839351889723,-0.025480193034308984,0.6795313664953563,0.16932027054678095,-0.05212463560186023,0.5531057346690972
1779787816.3860939,10.0,10.0,6.099369859984163,0.1510115914831179,-0.025596063870890803,0.6797118951365353,0.16965796026371527,-0.05235322691394653,0.5531057346690972
1779787816.3961024,10.0,10.0,6.159697576645172,0.1508557372807003,-0.025716319745154006,0.6799241336234089,0.1699935895395438,-0.05257647636966812,0.5531057346690972
1779787816.4060793,10.0,10.0,6.30885590108448,0.15069823028263077,-0.025840275424821084,0.6801578374493141,0.17032845232205895,-0.05279535711429115,0.5531057346690972
1779787816.4160986,10.0,10.0,6.534769524660358,0.15053545850990038,-0.025966483187226965,0.6804101283773396,0.1706709174999906,-0.053015282976355785,0.5531057346690972
1779787816.426104,10.0,10.0,6.785966622012074,0.15037168759300856,-0.02609450469857965,0.6806776853361112,0.1710132898324948,-0.053231243905805074,0.5531057346690972
1779787816.4361067,10.0,10.0,7.059950806008717,0.15021843073462196,-0.026221879242887366,0.6809364436382013,0.1713544276175367,-0.05344260141381707,0.5531057346690972
1779787816.446095,10.0,10.0,7.37942456134638,0.15008225898836186,-0.02634902248676846,0.6811826682179558,0.1717066449991415,-0.05365687769173439,0.5531057346690972
1779787816.4560952,10.0,10.0,7.7144704709650105,0.14997683715758015,-0.026486375605512955,0.681416240554455,0.17205141294392745,-0.053862796441864876,0.5531057346690972
1779787816.466089,10.0,10.0,8.043817359006237,0.1498937637151184,-0.026625852957328514,0.6816249803355875,0.17239691500372833,-0.05406541157383139,0.5531057346690972
1779787816.4761055,10.0,10.0,8.355327036765216,0.14982973530715046,-0.02677064441685537,0.681805838795351,0.17275000731125068,-0.05426866201355064,0.5531057346690972
1779787816.486145,10.0,10.0,8.653458927976773,0.14978557364854728,-0.02691861887895081,0.6819536311871782,0.1731169051964962,-0.05447583023927566,0.5531057346690972
1779787816.4960713,10.0,10.0,8.926822743565259,0.14975942769020306,-0.027063338098791086,0.6820637512532722,0.17347576263627823,-0.054674541260512105,0.5531057346690972
1779787816.5061386,10.0,10.0,9.166377129006067,0.1497445193866031,-0.027202558728187616,0.6821339121899693,0.1738342654800511,-0.05486924062996898,0.5531057346690972
1779787816.5160935,10.0,10.0,9.394996448475421,0.14975973074194654,-0.027339429488024373,0.6821687033956816,0.1741948165480961,-0.05506125711993169,0.5531057346690972
1779787816.5261524,10.0,10.0,9.596905355748811,0.14979401299932613,-0.02746935777615088,0.6821744988938323,0.1745492259514707,-0.05524634116776157,0.5531057346690972
1779787816.5360925,10.0,10.0,9.74762485668165,0.14983234650164,-0.027595054425129755,0.6821682168835953,0.174907344002799,-0.05542972099006682,0.5531057346690972
1779787816.5461085,10.0,10.0,9.867051420878065,0.14988872837812184,-0.027719056168920883,0.6821347223665807,0.1752675553150162,-0.05561052588449128,0.5531057346690972
1779787816.5560694,10.0,10.0,9.968757148199296,0.149960213745818,-0.027836647308652297,0.6820751509618695,0.17564354515585637,-0.0557953970578692,0.5531057346690972
1779787816.566075,10.0,10.0,10.019625255591253,0.15003958726708064,-0.027947614953073165,0.6819943048805479,0.17600424546796406,-0.05596909533423468,0.5531057346690972
1779787816.5761116,10.0,10.0,10.013402941583935,0.15013010834760815,-0.02805211843021436,0.681887057489727,0.17600424546796406,-0.05596909533423468,0.5531057346690972
1779787816.586106,10.0,10.0,9.975685860437693,0.1502298256459525,-0.02814652952506892,0.6817543289161268,0.17636864131032498,-0.05614098127297102,0.5531057346690972
1779787816.5960758,10.0,10.0,9.89953809903906,0.15034081991616344,-0.028226549456914198,0.6816003314050391,0.17675497808794016,-0.056319319331980824,0.5531057346690972
1779787816.6061285,10.0,10.0,9.756111521480165,0.15046140747808176,-0.028299747809591606,0.6814222418372646,0.17713780142340102,-0.05649212407858459,0.5531057346690972
1779787816.6160517,10.0,10.0,9.55560059048298,0.15058314833955058,-0.028370343348473697,0.6812318640231795,0.17750484690521579,-0.056654191515523894,0.5531057346690972
1779787816.6261702,10.0,10.0,9.290576238778147,0.1507074328367624,-0.02843720735067411,0.6810374615928092,0.1778736851506337,-0.05681352368765391,0.5531057346690972
1779787816.6361058,10.0,10.0,9.016435455774607,0.15083091859136294,-0.028505427926325277,0.6808419114513328,0.17825204659311933,-0.056973334496321436,0.5531057346690972
1779787816.6460779,10.0,10.0,8.730828223719115,0.15094350786026975,-0.02856720347773538,0.6806561664366149,0.17862726946929547,-0.05712822099933923,0.5531057346690972
1779787816.6560726,10.0,10.0,8.449052793552271,0.15104405284716896,-0.028626461638457692,0.6804909650282288,0.17902064955675337,-0.05728679376165255,0.5531057346690972
1779787816.6660793,10.0,10.0,8.155830579587674,0.1511259464815867,-0.028681915988512347,0.6803504323140686,0.17939542937779754,-0.05743427797778474,0.5531057346690972
1779787816.6761477,10.0,10.0,7.862328007339619,0.1511840762247364,-0.028732203790786143,0.6802309947995394,0.17977009426991003,-0.05757824850876524,0.5531057346690972
1779787816.6860905,10.0,10.0,7.599564729205763,0.15121206463417952,-0.028774396828708786,0.6801418374697805,0.1801454062362614,-0.05771902282343279,0.5531057346690972
1779787816.6960742,10.0,10.0,7.362364369876609,0.151219985905255,-0.028817289303375328,0.6800811895844525,0.18052617883274752,-0.05785835367252907,0.5531057346690972
1779787816.7061226,10.0,10.0,7.144091823794884,0.15121264120937783,-0.02886525602665103,0.680055082946882,0.18090506731158773,-0.057993535002336304,0.5531057346690972
1779787816.7160811,10.0,10.0,6.938692494891614,0.1511901684115927,-0.02892066548288551,0.6800510660274455,0.18130003388947175,-0.05813081042251703,0.5531057346690972
1779787816.7260656,10.0,10.0,6.754428724923625,0.15115596337576237,-0.028981303995824215,0.6800608800892041,0.18168103191660076,-0.05825973764013816,0.5531057346690972
1779787816.7361445,10.0,10.0,6.603600785471497,0.15110100414971706,-0.029043736925520862,0.6800880919111592,0.18206092042237615,-0.05838490209476781,0.5531057346690972
1779787816.7460964,10.0,10.0,6.48298345543147,0.15102660517706806,-0.02911271936979731,0.6801431817327122,0.1824462449723204,-0.05850842965317605,0.5531057346690972
1779787816.756095,10.0,10.0,6.363819204790872,0.15093257301091723,-0.02918791029432595,0.6802286401492528,0.18283800217446178,-0.05863050762393248,0.5531057346690972
1779787816.7661743,10.0,10.0,6.275175020323103,0.15083428727740578,-0.02926922519162356,0.6803488020990727,0.18322344034142404,-0.05874718697550919,0.5531057346690972
1779787816.776163,10.0,10.0,6.233915561051068,0.1507188886427936,-0.029359165013579745,0.680501250250953,0.18362441495668472,-0.05886498624737967,0.5531057346690972
1779787816.7860756,10.0,10.0,6.220481048608023,0.15058294085417004,-0.02946306484788232,0.6806829198362904,0.1840107466952565,-0.058975052113303374,0.5531057346690972
1779787816.796114,10.0,10.0,6.256984049583763,0.1504352739162315,-0.029574574216880613,0.6808889229789469,0.1844045982954844,-0.059083817837457635,0.5531057346690972
1779787816.8061,10.0,10.0,6.373104989388025,0.15027953901265528,-0.029694350363063234,0.681113899799658,0.18480033844237725,-0.059189627836376386,0.5531057346690972
1779787816.8161292,10.0,10.0,6.5534991343073115,0.15011593045031812,-0.02981816879493014,0.6813628793751972,0.18518949060069081,-0.059290299472003066,0.5531057346690972
1779787816.8261147,10.0,10.0,6.7806268788508355,0.14995534746327163,-0.029946492303439542,0.6816147253763086,0.1855870618734824,-0.05938971284958119,0.5531057346690972
1779787816.8361092,10.0,10.0,7.064163195430915,0.14979968954381523,-0.03007051076706155,0.6818634812671645,0.1855870618734824,-0.05938971284958119,0.5531057346690972
1779787816.8460846,10.0,10.0,7.357885760994679,0.14965506067872555,-0.030188258658640693,0.6821049952644077,0.1859951628633488,-0.05948816916821835,0.5531057346690972
1779787816.85605,10.0,10.0,7.657073451303738,0.14953785748874077,-0.030310516557358204,0.6823428959707791,0.1863929993372015,-0.059580669086970656,0.5531057346690972
1779787816.8660448,10.0,10.0,7.987048607897875,0.1494596456203469,-0.03044177156817691,0.6825696822827138,0.18678922481744623,-0.05966939911493689,0.5531057346690972
1779787816.8761508,10.0,10.0,8.31702586790515,0.14940136831925566,-0.030578663009371065,0.6827825950874294,0.1871844524464052,-0.05975454841918804,0.5531057346690972
1779787816.8861258,10.0,10.0,8.61197983817,0.1493576239034714,-0.030713611045870743,0.6829667387474208,0.1875818640686188,-0.059836805044089225,0.5531057346690972
1779787816.8961132,10.0,10.0,8.882012884285567,0.14933766584355476,-0.030844375810410645,0.6831237275212292,0.18797859164077377,-0.05991557318314414,0.5531057346690972
1779787816.906135,10.0,10.0,9.122928082437676,0.14933625523925373,-0.030973480060485167,0.6832466419005586,0.1883709454244873,-0.05999019977269579,0.5531057346690972
1779787816.9160995,10.0,10.0,9.33307108223549,0.14935839728200695,-0.031097085067227553,0.6833309216380831,0.18877398363680728,-0.060063484992063695,0.5531057346690972
1779787816.926087,10.0,10.0,9.50905074647487,0.14940119234515287,-0.03121214327586583,0.6833778175212655,0.189176848824529,-0.060133337157041424,0.5531057346690972
1779787816.9361444,10.0,10.0,9.646410404123134,0.14945852395534454,-0.03131390344686945,0.6833919920496861,0.1895713648755511,-0.06019845970663077,0.5531057346690972
1779787816.9460683,10.0,10.0,9.769970512057181,0.14952826012242887,-0.03140930578247761,0.6833821430375268,0.18997319318338635,-0.06026146420178651,0.5531057346690972
1779787816.9560914,10.0,10.0,9.877742264883713,0.14960736750393025,-0.03149824780051576,0.683356599979678,0.19037251411593825,-0.060320763871928584,0.5531057346690972
1779787816.9660861,10.0,10.0,9.944062780053239,0.14969533628113527,-0.031574099750033315,0.6833019817713836,0.19077653185984336,-0.06037741336937544,0.5531057346690972
1779787816.9761002,10.0,10.0,9.959765193225492,0.14979370058071448,-0.031640515093646904,0.6832215275277042,0.19118657314094428,-0.06043147635951651,0.5531057346690972
1779787816.9860888,10.0,10.0,9.923104786181012,0.1498990302618681,-0.031693803712484675,0.6831175021952655,0.19158681971663905,-0.060480925066821456,0.5531057346690972
1779787816.9960878,10.0,10.0,9.826579964147578,0.15000574979727643,-0.03173736497609486,0.6829898719880455,0.19198575774992488,-0.06052695530846023,0.5531057346690972
1779787817.0060818,10.0,10.0,9.675479717475147,0.15012154501699193,-0.031769589622506735,0.6828311181425836,0.1924054097542353,-0.06057187639204394,0.5531057346690972
1779787817.0160866,10.0,10.0,9.493894548390783,0.15023470523108334,-0.03180120747869794,0.6826532847424547,0.1928113828954628,-0.060611928017674184,0.5531057346690972
1779787817.0260937,10.0,10.0,9.241503840789015,0.15033526021775956,-0.03183135890935674,0.6824709730010564,0.19321583518629798,-0.06064850771038951,0.5531057346690972
1779787817.0360813,10.0,10.0,8.950119684006513,0.15043818335070577,-0.031862266845298394,0.6822820206675874,0.1936180188272125,-0.06068160164263268,0.5531057346690972
1779787817.046079,10.0,10.0,8.673649472295981,0.15053654665851193,-0.031889638142272164,0.6820941671104073,0.1940184477538925,-0.06071130768722245,0.5531057346690972
1779787817.0561965,10.0,10.0,8.410577268204722,0.15062733514580334,-0.03191717576713196,0.6819269063383223,0.19442472651117387,-0.060738145972545225,0.5531057346690972
1779787817.0660906,10.0,10.0,8.12033694795403,0.15070115659166905,-0.031939939111375076,0.6817867518572002,0.194827983577504,-0.06076150124755597,0.5531057346690972
1779787817.0761614,10.0,10.0,7.838792247259778,0.1507630126372109,-0.031959587648027546,0.6816721253862653,0.19522918416089322,-0.06078149581221516,0.5531057346690972
1779787817.0860684,10.0,10.0,7.6030771344376715,0.15080914957444913,-0.03197503141981049,0.6815882109737448,0.19564927957540088,-0.06079897094255284,0.5531057346690972
1779787817.0960805,10.0,10.0,7.381104470421953,0.15082733087509972,-0.03199084243776216,0.6815408862802771,0.19605107278807046,-0.06081237541714354,0.5531057346690972
1779787817.1060793,10.0,10.0,7.173024883696384,0.15082523434305817,-0.032007348762207635,0.6815241060569791,0.19644999842987632,-0.06082248577036382,0.5531057346690972
1779787817.1160817,10.0,10.0,6.963361623869694,0.1508057886886111,-0.03202673979092094,0.681526590812569,0.19686837635798976,-0.06082966733622491,0.5531057346690972
1779787817.12613,10.0,10.0,6.775954425632626,0.15077168368653765,-0.03204670796568799,0.6815409143424781,0.19727008861707102,-0.06083326752635279,0.5531057346690972
1779787817.1361222,10.0,10.0,6.64815069133881,0.1507240073265908,-0.032067361977648846,0.6815764445432642,0.19727008861707102,-0.06083326752635279,0.5531057346690972
1779787817.1461122,10.0,10.0,6.546964495705708,0.15066228026644815,-0.03208544846595282,0.681646328331035,0.197673782481517,-0.060833633929400936,0.5531057346690972
1779787817.1561093,10.0,10.0,6.448456017219782,0.1505899495940585,-0.03211206427079302,0.6817500548937854,0.19808313616525514,-0.0608306771242742,0.5531057346690972
1779787817.1661434,10.0,10.0,6.376606854250422,0.15050419530039003,-0.032140833891076456,0.6818821102162606,0.1984849046484315,-0.06082451560046495,0.5531057346690972
1779787817.1761587,10.0,10.0,6.343246900485787,0.15041064240176952,-0.03217055832628087,0.6820407229827129,0.19889083665393203,-0.06081500960850623,0.5531057346690972
1779787817.1861491,10.0,10.0,6.361751482826398,0.1503002861105976,-0.03220388186300431,0.682228597172257,0.19929800393147518,-0.06080216020682047,0.5531057346690972
1779787817.1961806,10.0,10.0,6.417728252743384,0.15017182234581072,-0.032251636666156026,0.6824450872769497,0.19970032475947366,-0.0607862007619383,0.5531057346690972
1779787817.2061174,10.0,10.0,6.518358103157205,0.1500311065333538,-0.032318481053098924,0.6826954789282249,0.20009904355690797,-0.06076718111243048,0.5531057346690972
1779787817.216081,10.0,10.0,6.672450843037731,0.1498891682202367,-0.03238416132986672,0.682961883763517,0.20049746977951702,-0.06074498658997763,0.5531057346690972
1779787817.2261186,10.0,10.0,6.907195565261189,0.1497464857730518,-0.0324486656068043,0.6832317294769157,0.20090848389892935,-0.06071874602479381,0.5531057346690972
1779787817.2360811,10.0,10.0,7.18535116902269,0.14960736761257998,-0.032507308093202375,0.6835075020506157,0.20131190898974277,-0.060689681493079184,0.5531057346690972
1779787817.2460847,10.0,10.0,7.4676082528518695,0.14948655995228285,-0.032565526995673146,0.6837728572218166,0.20171929764650284,-0.060656999424370306,0.5531057346690972
1779787817.256109,10.0,10.0,7.773949456612788,0.14939995354789787,-0.03263536301894706,0.6840290103680835,0.2021224262529383,-0.06062135672810787,0.5531057346690972
1779787817.2660801,10.0,10.0,8.08263541505068,0.14933984976406822,-0.03271100076378212,0.6842742996972295,0.20252169435512118,-0.06058281041199082,0.5531057346690972
1779787817.2761593,10.0,10.0,8.373288250646915,0.1492911064200251,-0.03278634779785976,0.684501118631292,0.20292834386325928,-0.06054022424098182,0.5531057346690972
1779787817.2861404,10.0,10.0,8.646141511646183,0.14926184977601772,-0.03286373427054018,0.6846965377218122,0.20333454478763205,-0.06049432432002036,0.5531057346690972
1779787817.2961428,10.0,10.0,8.898033445773063,0.14925133610534408,-0.03294057628236006,0.6848764005042433,0.20373861768729148,-0.060445323101773994,0.5531057346690972
1779787817.3061066,10.0,10.0,9.10512491155129,0.14926814807811956,-0.03301471089662888,0.685022602372894,0.20414622330845292,-0.06039250659244075,0.5531057346690972
1779787817.316082,10.0,10.0,9.284224381297781,0.14930773119573015,-0.03308190737464619,0.6851375903905779,0.20454313805744587,-0.06033779607492501,0.5531057346690972
1779787817.3261123,10.0,10.0,9.43168369059375,0.14936866241539776,-0.03314647154958665,0.6852132904174796,0.20493937718623748,-0.060279940415307084,0.5531057346690972
1779787817.3361063,10.0,10.0,9.565310434411241,0.14943675676000193,-0.03320613599804829,0.685244608982198,0.20533577519712418,-0.06021881271381513,0.5531057346690972
1779787817.3460839,10.0,10.0,9.67030165704345,0.1495060405239541,-0.033258513103343004,0.6852490449243309,0.2057414287951626,-0.06015288092902183,0.5531057346690972
1779787817.3560798,10.0,10.0,9.75927798226948,0.14958554387925066,-0.03330049814992844,0.6852320416416864,0.2061382397780306,-0.060085068388237246,0.5531057346690972
1779787817.366089,10.0,10.0,9.820994030173642,0.14967775176895548,-0.033333018947465334,0.6851955436883526,0.20653159835828927,-0.060014593684783124,0.5531057346690972
1779787817.3761024,10.0,10.0,9.85399554952265,0.14978092874405,-0.03336390435533351,0.6851338021444876,0.2069360457755376,-0.05993874141878436,0.5531057346690972
1779787817.3860981,10.0,10.0,9.817067180024438,0.1498887148694477,-0.03339507208112483,0.6850559483597688,0.20732985941144985,-0.059861564810702435,0.5531057346690972
1779787817.3960736,10.0,10.0,9.70457322164625,0.14999703021320887,-0.03342334372629059,0.6849504931062006,0.2077232732148227,-0.059781181498577085,0.5531057346690972
1779787817.4060965,10.0,10.0,9.540813977282761,0.1501116080166717,-0.03345437961835463,0.6848221051020017,0.20812280753929663,-0.059696170536310114,0.5531057346690972
1779787817.4160972,10.0,10.0,9.332073795111146,0.15021860268961562,-0.033486860061544534,0.6846730856057431,0.20851752656252087,-0.0596088249554581,0.5531057346690972
1779787817.4260972,10.0,10.0,9.078252178045101,0.15031560897030777,-0.033517898485702614,0.6845124393455034,0.20891095601630486,-0.059518424319485855,0.5531057346690972
1779787817.4361446,10.0,10.0,8.797471319376712,0.1504147886622576,-0.03354909466770477,0.6843484426681249,0.20930037782179506,-0.059425642091042986,0.5531057346690972
1779787817.4460862,10.0,10.0,8.541961583049575,0.15050834942439528,-0.03357789736968946,0.6841825344354633,0.20970786636616248,-0.05932501703973938,0.5531057346690972
1779787817.4560804,10.0,10.0,8.289671579198945,0.15059612560572333,-0.03360467180550526,0.6840329425157301,0.20970786636616248,-0.05932501703973938,0.5531057346690972
1779787817.466184,10.0,10.0,8.01720623060257,0.15067199723271346,-0.03363204787305704,0.6839016350688133,0.21009841546322972,-0.05922515841402286,0.5531057346690972
1779787817.476106,10.0,10.0,7.765301594210289,0.1507373501262147,-0.03365479407144999,0.6837892279100548,0.2104864459710903,-0.05912261117669346,0.5531057346690972
1779787817.4861064,10.0,10.0,7.546190886847926,0.15078752238218704,-0.03367166582418027,0.6837041396389459,0.2108774880888752,-0.05901588590724445,0.5531057346690972
1779787817.496129,10.0,10.0,7.339530420322303,0.15081107898732474,-0.033682501798345386,0.6836470837532973,0.21126544444709192,-0.058906625462725265,0.5531057346690972
1779787817.5060976,10.0,10.0,7.131352830238548,0.15081435820216227,-0.03368656071136505,0.6836260372626134,0.2116506786346522,-0.05879478025629953,0.5531057346690972
1779787817.5161226,10.0,10.0,6.919192092652674,0.1508060769229267,-0.03368574432838429,0.6836246886582744,0.21204756442256972,-0.058676034782151415,0.5531057346690972
1779787817.5260892,10.0,10.0,6.740583287278593,0.1507787010363631,-0.033682956396235614,0.68364084355126,0.21243331185876818,-0.0585571757958247,0.5531057346690972
1779787817.5361018,10.0,10.0,6.600453235089005,0.15073943034151338,-0.0336865756335334,0.6836755364579625,0.21281529395218524,-0.05843610437349695,0.5531057346690972
1779787817.5461187,10.0,10.0,6.494888690631146,0.15069315997446414,-0.033693046331724555,0.6837429058991522,0.2132114072482449,-0.05830698180840299,0.5531057346690972
1779787817.556103,10.0,10.0,6.414120615987695,0.15063852075366055,-0.03370449966830233,0.6838425370199026,0.21359295309245113,-0.05817914151753032,0.5531057346690972
1779787817.5660782,10.0,10.0,6.371654155796559,0.1505680328280625,-0.033714930414073876,0.6839720498293802,0.2139890089997696,-0.05804281163925475,0.5531057346690972
1779787817.5761404,10.0,10.0,6.361836289006746,0.15048209004112748,-0.033726764104827334,0.6841380938299182,0.21436799508944987,-0.05790886817533686,0.5531057346690972
1779787817.5860908,10.0,10.0,6.366474704228563,0.15038845871367762,-0.033739875916482226,0.6843296331594596,0.2147444734601544,-0.05777240302763719,0.5531057346690972
1779787817.5960786,10.0,10.0,6.416426053542512,0.15027825412023868,-0.03376291826394812,0.6845556113906994,0.21513068569653068,-0.05762884881954638,0.5531057346690972
1779787817.6061397,10.0,10.0,6.509416491126176,0.15015694497846505,-0.03378765575304089,0.6848138491692244,0.21551157516851732,-0.057483708901940093,0.5531057346690972
1779787817.6161094,10.0,10.0,6.661350279528777,0.15002898329797784,-0.03382211141565486,0.6850912905150524,0.21589792391464568,-0.057332838623033636,0.5531057346690972
1779787817.6261642,10.0,10.0,6.880107468395079,0.14989842323331726,-0.033854575262883504,0.6853799954677252,0.21627540539667112,-0.05718184633350412,0.5531057346690972
1779787817.636076,10.0,10.0,7.129878718454491,0.1497689974930946,-0.03389168947494414,0.6856743974471057,0.2166462685843712,-0.057030017011795914,0.5531057346690972
1779787817.6461203,10.0,10.0,7.380708773831247,0.14964742048085547,-0.03392484920594157,0.6859657477458005,0.2170196045278393,-0.05687365242234051,0.5531057346690972
1779787817.6561007,10.0,10.0,7.626801368001805,0.14955848110137182,-0.033961772723961295,0.6862600943760893,0.2173987867833569,-0.05671118400504674,0.5531057346690972
1779787817.666114,10.0,10.0,7.912171748527425,0.14950447094698358,-0.034001988591691346,0.686534766680059,0.21777636101747552,-0.05654570559277052,0.5531057346690972
1779787817.6760843,10.0,10.0,8.194305079095848,0.14945631824012034,-0.034042397345948654,0.6867927311403622,0.21814653108212867,-0.05637985007306337,0.5531057346690972
1779787817.6861398,10.0,10.0,8.43800728220332,0.14942587075829825,-0.034089916100229975,0.6870138859994752,0.21851339740746112,-0.05621189748745451,0.5531057346690972
1779787817.696149,10.0,10.0,8.673464260628526,0.1494164382996957,-0.034137295104814114,0.6871980308766942,0.21888345794754036,-0.056038834204303,0.5531057346690972
1779787817.7060988,10.0,10.0,8.896037070759338,0.14942671342339497,-0.03418187758092287,0.6873428488656539,0.21925093590616554,-0.05586331118549023,0.5531057346690972
1779787817.7161086,10.0,10.0,9.099410006808627,0.14946171165558453,-0.03422295163881139,0.6874479486594072,0.2196137225704698,-0.055686401942082894,0.5531057346690972
1779787817.726101,10.0,10.0,9.292744734112508,0.1495250040323642,-0.03426624338173287,0.6875103145311737,0.2199816563892471,-0.05550325787306873,0.5531057346690972
1779787817.736116,10.0,10.0,9.438098690070394,0.14960526813892294,-0.03430050036346289,0.6875422288600079,0.2203461520634914,-0.0553180811671285,0.5531057346690972
1779787817.7461333,10.0,10.0,9.551301084452213,0.1496868761149562,-0.03432774227181032,0.6875461300736067,0.2203461520634914,-0.0553180811671285,0.5531057346690972
1779787817.7561142,10.0,10.0,9.617311414932027,0.14977350201500647,-0.03435277241182204,0.6875370274271015,0.22070239245062126,-0.055133452687121304,0.5531057346690972
1779787817.7660844,10.0,10.0,9.672017203327103,0.1498730809198869,-0.03438268878870857,0.6875062778838786,0.22108100544444959,-0.054933227511038546,0.5531057346690972
1779787817.7760885,10.0,10.0,9.690061072964017,0.14997359874332092,-0.03441312030900118,0.6874553155489485,0.22145243237305579,-0.05473274235641217,0.5531057346690972
1779787817.786145,10.0,10.0,9.625035819368192,0.15008135461821173,-0.03444504150039606,0.687384955288299,0.22180513677009864,-0.05453858998680243,0.5531057346690972
1779787817.7961602,10.0,10.0,9.513091206518482,0.1501925480562298,-0.03447410026955748,0.6872833957623334,0.22216849145125947,-0.05433467841231027,0.5531057346690972
1779787817.8060665,10.0,10.0,9.373324901483842,0.15029675299425363,-0.034505023072801545,0.6871595718039211,0.2225181898455571,-0.0541346446747693,0.5531057346690972
1779787817.8161778,10.0,10.0,9.176938326533302,0.1503981334799327,-0.034534835082865784,0.6870202832589599,0.22286496046997045,-0.05393256716227431,0.5531057346690972
1779787817.8260841,10.0,10.0,8.924954647899636,0.1505020968714651,-0.03456507963415265,0.6868723607724824,0.22321879412942178,-0.05372250247850133,0.5531057346690972
1779787817.8361106,10.0,10.0,8.66107025539188,0.15060580960646916,-0.0345989502919682,0.6867338259942624,0.22356730315264073,-0.053511720694412374,0.5531057346690972
1779787817.8461068,10.0,10.0,8.404419139606293,0.15070997447226706,-0.03463415219729909,0.6866092028664886,0.22390881121445017,-0.05330138402576428,0.5531057346690972
1779787817.8561237,10.0,10.0,8.140044165606046,0.15080281339859036,-0.034665824264377594,0.6865029480814155,0.22425334266038674,-0.053085327278254685,0.5531057346690972
1779787817.866096,10.0,10.0,7.8698800970375435,0.15088796602071472,-0.03469523233112463,0.6864195784022944,0.22459590171930213,-0.052866606713820374,0.5531057346690972
1779787817.8761172,10.0,10.0,7.6070900464864515,0.1509593066086835,-0.03471577162093145,0.6863616295456514,0.22493486330787968,-0.052646294664085276,0.5531057346690972
1779787817.886104,10.0,10.0,7.360408698733822,0.15101458506713283,-0.03473329024427151,0.6863257531898342,0.22527359255411747,-0.05242220808789942,0.5531057346690972
1779787817.896093,10.0,10.0,7.137003666516502,0.15105134532188966,-0.03474484692666652,0.6863026387340457,0.2256084031705149,-0.05219679507797588,0.5531057346690972
1779787817.9060946,10.0,10.0,6.933725995060082,0.1510661091289048,-0.034748703339736474,0.6862871521883839,0.22594121620784108,-0.051968802146790644,0.5531057346690972
1779787817.9161065,10.0,10.0,6.7571335693709615,0.15105446656338659,-0.034746086187383826,0.6862786077833734,0.22628436284102882,-0.05172956363544177,0.5531057346690972
1779787817.9261072,10.0,10.0,6.612906770735074,0.1510285173910568,-0.03474139945763988,0.6862887762390742,0.22661121536954426,-0.051497683859473044,0.5531057346690972
1779787817.93613,10.0,10.0,6.509154522490203,0.15098791299575334,-0.03473472652312495,0.6863252480665056,0.22693844678068437,-0.0512615560317299,0.5531057346690972
1779787817.9461045,10.0,10.0,6.4400369549499645,0.15093824768804112,-0.034728573497659496,0.6863948368440761,0.22726476243447868,-0.05102205434606677,0.5531057346690972
1779787817.9561143,10.0,10.0,6.388921409942051,0.15088229562475183,-0.03472225887646251,0.6864980580644571,0.22758799159763438,-0.05078077470593283,0.5531057346690972
1779787817.9661272,10.0,10.0,6.345902575038725,0.1508145990783166,-0.03471970180870425,0.6866380227199628,0.22790588736942838,-0.05053947983891863,0.5531057346690972
1779787817.976148,10.0,10.0,6.3301781592539905,0.1507357081036367,-0.034718054848702995,0.6868024379720313,0.228228321328748,-0.05029061682734142,0.5531057346690972
1779787817.986102,10.0,10.0,6.351466585641255,0.15064503010085226,-0.03471588009155386,0.6869892776533659,0.22855320651947686,-0.05003558187589495,0.5531057346690972
1779787817.9961023,10.0,10.0,6.403784977570388,0.15053823615693968,-0.03471735146954027,0.6872032504817565,0.2288666370133259,-0.04978538835620197,0.5531057346690972
1779787818.0060954,10.0,10.0,6.4763135356343495,0.1504170157224333,-0.03471668294385163,0.6874410101513136,0.22918990171436962,-0.04952299017769392,0.5531057346690972
1779787818.0161119,10.0,10.0,6.605239735734343,0.15029987325516117,-0.03471902819850846,0.6876894441975415,0.22950146584839515,-0.04926582103325171,0.5531057346690972
1779787818.0261059,10.0,10.0,6.81023210974147,0.15018069674219856,-0.034726290976028015,0.6879544020613602,0.22950146584839515,-0.04926582103325171,0.5531057346690972
1779787818.036091,10.0,10.0,7.054042219820289,0.1500667285675221,-0.03472957626245317,0.6882223093054743,0.2298107256432228,-0.0490063259218786,0.5531057346690972
1779787818.0460854,10.0,10.0,7.30949930999779,0.14996943706661467,-0.03473028074642304,0.6884849975535084,0.2301335783791732,-0.04873083717923961,0.5531057346690972
1779787818.0560822,10.0,10.0,7.578146218828171,0.1498966494923784,-0.034734136586364664,0.6887522878635781,0.23044105122434505,-0.048464022105258256,0.5531057346690972
1779787818.0661294,10.0,10.0,7.847200695933535,0.1498592095033966,-0.03473970372021525,0.689003841677329,0.23074759386694435,-0.04819359854592977,0.5531057346690972
1779787818.076117,10.0,10.0,8.108218635437646,0.14983531733250932,-0.03474665252016588,0.6892387717436624,0.23104609879068394,-0.047925936595272965,0.5531057346690972
1779787818.0860887,10.0,10.0,8.344202314704868,0.14981620842076102,-0.03474970341716464,0.6894440426829752,0.23135899235448096,-0.04764068481125889,0.5531057346690972
1779787818.0960746,10.0,10.0,8.56097927307046,0.14980609879498366,-0.034749197236835935,0.6896225071781694,0.23166266901944463,-0.04735914258713278,0.5531057346690972
1779787818.1060994,10.0,10.0,8.752531444186287,0.14981501939456507,-0.0347502996732503,0.6897722227364042,0.23195884168098851,-0.04708000047682236,0.5531057346690972
1779787818.116058,10.0,10.0,8.906422386765934,0.14984202483774595,-0.03476153696224501,0.6898887113721476,0.23225049998750272,-0.0468006128501529,0.5531057346690972
1779787818.1261387,10.0,10.0,9.04443961296895,0.14989315930071415,-0.0347729854260206,0.6899711911505036,0.23254545177734945,-0.046513421011336306,0.5531057346690972
1779787818.1361787,10.0,10.0,9.174058110672348,0.1499579980162016,-0.034790113339609297,0.6900110743627829,0.23283514463164542,-0.046226688938368544,0.5531057346690972
1779787818.1460783,10.0,10.0,9.286580278923156,0.1500288994421625,-0.0348106324506855,0.6900232865544194,0.23311920593592028,-0.04594093595419787,0.5531057346690972
1779787818.1561177,10.0,10.0,9.370210667467648,0.15010460797632288,-0.03483366205049375,0.6900249093763724,0.23341066848658396,-0.04564289022825093,0.5531057346690972
1779787818.1661015,10.0,10.0,9.427064684781907,0.15019204776623413,-0.03486017856890111,0.6900131475851844,0.23368737634955125,-0.04535527454139683,0.5531057346690972
1779787818.1761067,10.0,10.0,9.44936541952676,0.15028193056406072,-0.034889805322884375,0.6899924847841397,0.23396177693896808,-0.0450654621226641,0.5531057346690972
1779787818.1860812,10.0,10.0,9.41501801182749,0.15038293810401399,-0.03491884174165511,0.6899534687479634,0.2342478764061278,-0.04475829423279806,0.5531057346690972
1779787818.1961226,10.0,10.0,9.320209337336463,0.15048969812079416,-0.03495222408855409,0.6899101441215238,0.23451886236619554,-0.044462521308986286,0.5531057346690972
1779787818.206084,10.0,10.0,9.18543692980588,0.15060377535021874,-0.03499018982909223,0.6898509228100357,0.2347882970613594,-0.04416365529926952,0.5531057346690972
1779787818.2161598,10.0,10.0,9.018099918363394,0.15071642329387241,-0.035022109138145165,0.6897817204340897,0.23505697154993438,-0.04386075107455902,0.5531057346690972
1779787818.2261598,10.0,10.0,8.781252309111963,0.15081803549753378,-0.03505568491885183,0.6897122467131747,0.2353229621838941,-0.043555937841936614,0.5531057346690972
1779787818.236102,10.0,10.0,8.519810813002119,0.15091797655344355,-0.035083407667369906,0.6896473581436309,0.23558407675657791,-0.043251802192788125,0.5531057346690972
1779787818.246147,10.0,10.0,8.27158400311935,0.1510158328295471,-0.035113765579439474,0.6895895738547292,0.23584686923037163,-0.0429406597198474,0.5531057346690972
1779787818.2560968,10.0,10.0,8.039314334040577,0.15110135549816228,-0.03513936813434179,0.6895456637904547,0.2361088481013223,-0.04262528773736917,0.5531057346690972
1779787818.266102,10.0,10.0,7.80901777839831,0.1511786830486546,-0.035163036224348375,0.6895074797719098,0.2363625785547569,-0.042314755685337206,0.5531057346690972
1779787818.2761474,10.0,10.0,7.599782126427863,0.15124018126296257,-0.03518325200266205,0.6894732580038475,0.23662676610761302,-0.041985940448899334,0.5531057346690972
1779787818.2861373,10.0,10.0,7.417974581349496,0.15128359759401142,-0.035196707543931234,0.6894407736845611,0.23662676610761302,-0.041985940448899334,0.5531057346690972
1779787818.2960799,10.0,10.0,7.242804054163185,0.151296520497243,-0.035202043543006635,0.6894162229431394,0.236875387438615,-0.04167123026851373,0.5531057346690972
1779787818.3060803,10.0,10.0,7.0682356912445075,0.15129059992054258,-0.03520047419080586,0.6894009442637279,0.23713351689524437,-0.04133890559659765,0.5531057346690972
1779787818.316098,10.0,10.0,6.916346225377282,0.15127147613405045,-0.035196484904350935,0.6893940455490813,0.2373781658305532,-0.04101852198622311,0.5531057346690972
1779787818.326091,10.0,10.0,6.82273224348854,0.15124770789836212,-0.03518936240311192,0.6894011690546855,0.23762279700832678,-0.04069272048625512,0.5531057346690972
1779787818.3361094,10.0,10.0,6.7719839424470365,0.151219833736052,-0.035184149670027004,0.6894230274536589,0.2378636631130855,-0.040366442329800384,0.5531057346690972
1779787818.3461068,10.0,10.0,6.723514734789495,0.15117609537390403,-0.03516973075258559,0.6894762432813326,0.23809849225861057,-0.04004292136784471,0.5531057346690972
1779787818.3561091,10.0,10.0,6.672629736836655,0.1511167124880614,-0.03515416194676525,0.689561089310158,0.2383315650530965,-0.03971634941358168,0.5531057346690972
1779787818.3661487,10.0,10.0,6.640071441268562,0.15105074504660265,-0.03513376965602147,0.6896673089275119,0.23857205795483602,-0.03937346880744469,0.5531057346690972
1779787818.3761044,10.0,10.0,6.656818957703112,0.15096816293775894,-0.03510769869655045,0.6898079659117856,0.23880125839100594,-0.039040901607705264,0.5531057346690972
1779787818.3860793,10.0,10.0,6.693788016827122,0.15088444266907924,-0.03508599271547534,0.689977451359842,0.23902561645469067,-0.03870969320288179,0.5531057346690972
1779787818.3960814,10.0,10.0,6.783984178605749,0.15079328639954426,-0.035064365615089216,0.6901907398225662,0.23924965645321983,-0.03837315612893688,0.5531057346690972
1779787818.4060926,10.0,10.0,6.910659001757421,0.15070067083445793,-0.03504410996058041,0.6904223847077652,0.23947095212083824,-0.03803484297379848,0.5531057346690972
1779787818.4160821,10.0,10.0,7.103067746422367,0.15061352162531777,-0.03502308348526692,0.6906662678701633,0.23968967582156409,-0.03769448383903014,0.5531057346690972
1779787818.4260812,10.0,10.0,7.307081078966721,0.15051685884241786,-0.03499663431062948,0.6909317456012473,0.23990697649852338,-0.0373502269467481,0.5531057346690972
1779787818.436108,10.0,10.0,7.486261077147061,0.15043583109763675,-0.03497218532127691,0.6911954072251764,0.24012095796733604,-0.037005040936464076,0.5531057346690972
1779787818.446093,10.0,10.0,7.693187031183757,0.15036264172141378,-0.03495060289649976,0.6914511144390636,0.2403302421020708,-0.03666125565601489,0.5531057346690972
1779787818.4561596,10.0,10.0,7.913631294227324,0.1503092147245535,-0.034932636122062106,0.6916909988149381,0.2405484567298186,-0.036296026478760686,0.5531057346690972
1779787818.4661422,10.0,10.0,8.143727565607952,0.15028876956271586,-0.034928034251400855,0.6919173285622668,0.24075584103647396,-0.03594224373728634,0.5531057346690972
1779787818.4761093,10.0,10.0,8.350058700324125,0.15028247650173687,-0.034929677736890076,0.6921180445577991,0.24095995759100267,-0.03558740236687408,0.5531057346690972
1779787818.4861288,10.0,10.0,8.510935881996355,0.15028025339072038,-0.03493252977645616,0.6922834552776078,0.2411579086960708,-0.03523672098561422,0.5531057346690972
1779787818.4961495,10.0,10.0,8.645061940159207,0.15028435152786251,-0.03493389073059858,0.6924123672104243,0.2413648494145803,-0.03486289982226845,0.5531057346690972
1779787818.5061698,10.0,10.0,8.75123458204291,0.1503019273617665,-0.034940098600673576,0.6924992067284439,0.24155885526688142,-0.03450544100135096,0.5531057346690972
1779787818.5161011,10.0,10.0,8.847485096126363,0.1503359238765066,-0.03495318443414153,0.6925482554143798,0.24175053464372692,-0.03414530103632887,0.5531057346690972
1779787818.5260913,10.0,10.0,8.94702079405657,0.15038252344460207,-0.034962967233616846,0.6925601334729271,0.24193694756521583,-0.03378810216052661,0.5531057346690972
1779787818.5360844,10.0,10.0,9.017289601078234,0.15043727047731706,-0.0349765757219932,0.6925585847112794,0.24212201998611899,-0.03342636474100967,0.5531057346690972
1779787818.5461168,10.0,10.0,9.058894070049888,0.15050447800223019,-0.03499488381386259,0.6925462679073704,0.2423056112896761,-0.03306018402460866,0.5531057346690972
1779787818.5560822,10.0,10.0,9.081250332071265,0.15058327858688084,-0.03501173577003334,0.6925198158003435,0.24248259294084457,-0.03269992345210339,0.5531057346690972
1779787818.5662155,10.0,10.0,9.064692198431434,0.15066598065445616,-0.03502358471003741,0.6924791118176988,0.24248259294084457,-0.03269992345210339,0.5531057346690972
1779787818.5761116,10.0,10.0,9.005724680867708,0.1507692862839012,-0.03503720843646605,0.6924140613259598,0.24265664788088137,-0.032338314543391644,0.5531057346690972
1779787818.5860956,10.0,10.0,8.933426569823585,0.15087397144942227,-0.035051779557734634,0.692321725111711,0.24283531866020036,-0.03195918765903473,0.5531057346690972
1779787818.596101,10.0,10.0,8.807146377999208,0.15096996533135015,-0.03506341770340485,0.6922073820642014,0.24300418517794609,-0.03159308813183742,0.5531057346690972
1779787818.606102,10.0,10.0,8.613134098187837,0.15106257509672683,-0.03507861141541916,0.6920883575046433,0.24317529860231263,-0.031213983426328668,0.5531057346690972
1779787818.6164396,10.0,10.0,8.395979792105587,0.15116304096232216,-0.0351010994565929,0.6919690396066213,0.24333747236565045,-0.030846707453380546,0.5531057346690972
1779787818.6261036,10.0,10.0,8.187705008528221,0.1512538466193227,-0.03512218018109462,0.6918659239348433,0.24349663010887335,-0.030478285493666685,0.5531057346690972
1779787818.6361587,10.0,10.0,7.959229570798788,0.1513423808674571,-0.03514364438483136,0.6917858277787207,0.24365871150236995,-0.030094503440785306,0.5531057346690972
1779787818.6462295,10.0,10.0,7.720326925410602,0.15142235258116632,-0.03516713693752394,0.6917280840454492,0.24381092047352493,-0.02972573486255256,0.5531057346690972
1779787818.656136,10.0,10.0,7.512663669779872,0.15149616557810056,-0.035191242698866795,0.6916890679665038,0.24396059631905576,-0.029354725271554787,0.5531057346690972
1779787818.6661348,10.0,10.0,7.315448181641724,0.1515511480296661,-0.03520746087893776,0.6916577430002792,0.24411364695603857,-0.028966225102548294,0.5531057346690972
1779787818.6760929,10.0,10.0,7.105719301218402,0.15158677728177797,-0.03521848775759366,0.6916300958274163,0.24426036257825084,-0.028584586891792524,0.5531057346690972
1779787818.686098,10.0,10.0,6.907940029972152,0.15159511089445274,-0.0352253020626548,0.6916085454734084,0.24440367674665633,-0.028202506186302413,0.5531057346690972
1779787818.696096,10.0,10.0,6.7386234779770975,0.15158658174100767,-0.035227423289992156,0.6915996664762581,0.24454291984063953,-0.02782189295535029,0.5531057346690972
1779787818.7061038,10.0,10.0,6.610090314177773,0.15156804469004556,-0.03522152851887431,0.691607290936896,0.24467725464788415,-0.027445327515007886,0.5531057346690972
1779787818.716082,10.0,10.0,6.524151166834867,0.15153841709845872,-0.03521319163695937,0.6916375492748509,0.24480840200868142,-0.027068201267061397,0.5531057346690972
1779787818.7260954,10.0,10.0,6.470522369052859,0.15149824132949888,-0.03520000623593096,0.6916963826142344,0.24494369157254792,-0.026668617258983503,0.5531057346690972
1779787818.736133,10.0,10.0,6.4250400567876005,0.151446872754932,-0.03518461239172215,0.6917868960099177,0.24507330172606717,-0.026275001291475128,0.5531057346690972
1779787818.7461588,10.0,10.0,6.397317380859959,0.15138608560062672,-0.03516647539976093,0.6919063094480259,0.24519663893175414,-0.025889847951778802,0.5531057346690972
1779787818.7560863,10.0,10.0,6.3908968731415365,0.1513217270061475,-0.03514847827497039,0.692062221298603,0.2453160752873459,-0.025506256012694017,0.5531057346690972
1779787818.7660887,10.0,10.0,6.413561853924354,0.15124795566397223,-0.03512914267507899,0.692249418068352,0.24543174433013204,-0.025124001277629253,0.5531057346690972
1779787818.7761216,10.0,10.0,6.468022738247173,0.1511612595271559,-0.03510508983705549,0.6924728629903505,0.24554910789965384,-0.024724415495483452,0.5531057346690972
1779787818.7861195,10.0,10.0,6.563541747091566,0.15106596387156368,-0.03508371998599235,0.6927268764306184,0.24565989788908804,-0.02433542878423106,0.5531057346690972
1779787818.7961283,10.0,10.0,6.700604302205371,0.1509744355336652,-0.03506061713527143,0.6930081583447838,0.24577028369031445,-0.02393544939846404,0.5531057346690972
1779787818.8061173,10.0,10.0,6.890447877106646,0.1508853088083224,-0.03503929188200204,0.6932980453572716,0.24587392600709668,-0.023547584468605505,0.5531057346690972
1779787818.8160949,10.0,10.0,7.11532174510818,0.1507991217650717,-0.03501372563296417,0.693586415139829,0.24597444851919759,-0.02315890826681321,0.5531057346690972
1779787818.8260958,10.0,10.0,7.328912281813444,0.1507206928539332,-0.0349878944062149,0.6938767922463612,0.24607358469112825,-0.022762366309736368,0.5531057346690972
1779787818.8361168,10.0,10.0,7.559220419134269,0.15064907789017282,-0.034967027207095526,0.6941596249591413,0.24607358469112825,-0.022762366309736368,0.5531057346690972
1779787818.8460884,10.0,10.0,7.783083254926316,0.15060721262101004,-0.03495055811482634,0.6944386431677395,0.24617151227807982,-0.022356431821923824,0.5531057346690972
1779787818.856104,10.0,10.0,8.006923469795817,0.1505905472077037,-0.03494756916339416,0.6947046344426202,0.24626430223255596,-0.021957339456669486,0.5531057346690972
1779787818.866086,10.0,10.0,8.213594171888653,0.1505748780074097,-0.03494497703739235,0.6949471571033883,0.2463525343906246,-0.021563347034783853,0.5531057346690972
1779787818.8761675,10.0,10.0,8.389253132099533,0.15055864703745972,-0.03494415895624401,0.6951523337949915,0.2464372467108794,-0.021170242920154285,0.5531057346690972
1779787818.8860936,10.0,10.0,8.546875705252381,0.15054736901451826,-0.03494189532629121,0.695321654646252,0.24651927757336756,-0.020774090370290814,0.5531057346690972
1779787818.8960893,10.0,10.0,8.694039147282568,0.15055033847182303,-0.03494400093920818,0.6954529112894354,0.24659914934677254,-0.02037189114726174,0.5531057346690972
1779787818.9061587,10.0,10.0,8.82676399386039,0.15057737524247336,-0.0349528782510707,0.6955470209207125,0.24667434486188855,-0.01997644724657059,0.5531057346690972
1779787818.91614,10.0,10.0,8.952239998970937,0.15062734872022648,-0.034964780310122866,0.6955998318540845,0.24674965112508013,-0.019561835180197905,0.5531057346690972
1779787818.9261591,10.0,10.0,9.046541245859773,0.15068823386225413,-0.034977145865490535,0.6956203094422397,0.24681792972600575,-0.0191675173083235,0.5531057346690972
1779787818.9361172,10.0,10.0,9.110592845735713,0.15075462062995373,-0.034985127954753704,0.6956211115182102,0.24688420515055082,-0.01876548016730633,0.5531057346690972
1779787818.9460807,10.0,10.0,9.164563612472357,0.15083601381187345,-0.03499696907091257,0.6956108935780175,0.24694663289941515,-0.018366652234155106,0.5531057346690972
1779787818.956074,10.0,10.0,9.17294857120508,0.1509226957461841,-0.03499385684594762,0.6955852623495942,0.2470057190009351,-0.017968163155668584,0.5531057346690972
1779787818.966183,10.0,10.0,9.121700252628774,0.1510224888004622,-0.034991852859053485,0.6955395990322902,0.24706122546114148,-0.01757191117232901,0.5531057346690972
1779787818.9761086,10.0,10.0,9.031469313399521,0.15113561687259386,-0.034991687196246804,0.6954688890549846,0.2471137380760091,-0.017173828507526964,0.5531057346690972
1779787818.9862006,10.0,10.0,8.917823593901058,0.15124544407612042,-0.03498578093137103,0.6953747497486458,0.24716379463753793,-0.016769129765024725,0.5531057346690972
1779787818.9960828,10.0,10.0,8.751546967700309,0.15135567209226108,-0.034980387667768745,0.695265757215745,0.24720991944974455,-0.016369690176601018,0.5531057346690972
1779787819.0061188,10.0,10.0,8.54469435752721,0.15146966425315084,-0.03497821453209305,0.6951560866414008,0.24725350755859565,-0.01596333242991895,0.5531057346690972
1779787819.0160625,10.0,10.0,8.344433646489854,0.15158080188830295,-0.03497630940722275,0.6950509800546201,0.24729323085931632,-0.015562339997123479,0.5531057346690972
1779787819.0260825,10.0,10.0,8.139181175106149,0.15168262303804902,-0.034977200645295456,0.6949572569371013,0.24732962283222465,-0.01516217332597133,0.5531057346690972
1779787819.0361667,10.0,10.0,7.899182897289673,0.15177257210040093,-0.03497459281116982,0.6948817044838786,0.24736261282813546,-0.014764073405817375,0.5531057346690972
1779787819.0461555,10.0,10.0,7.657574426300985,0.15185103345197304,-0.03497480590704287,0.6948262271253534,0.24739325033341267,-0.0143539952705215,0.5531057346690972
1779787819.0561287,10.0,10.0,7.444215041597157,0.15191151394233707,-0.0349776055740138,0.6947880568025684,0.247420158434773,-0.013949382386183797,0.5531057346690972
1779787819.066117,10.0,10.0,7.25329519464856,0.1519441120811767,-0.034981948309047856,0.6947616350466714,0.24744347295406555,-0.013550291421047616,0.5531057346690972
1779787819.0761282,10.0,10.0,7.062503904040694,0.15195206725952304,-0.034984315071635234,0.6947389504052168,0.24746390851835343,-0.013144277379876525,0.5531057346690972
1779787819.0861263,10.0,10.0,6.897801926749294,0.15194847422749894,-0.03498438906552776,0.694725791763079,0.247481082175659,-0.01273706439160394,0.5531057346690972
1779787819.0960922,10.0,10.0,6.763321290420845,0.15193138035869844,-0.034982548629460514,0.6947296844384039,0.2474947665345203,-0.012335372715227607,0.5531057346690972
1779787819.1061506,10.0,10.0,6.686082953601325,0.1519005672406729,-0.03497954288445593,0.6947582192354766,0.24750572520486158,-0.011910443303900824,0.5531057346690972
1779787819.1160843,10.0,10.0,6.636652768084815,0.15185900627722057,-0.03496866876407554,0.6948105217342282,0.24751278793498294,-0.011506806739722084,0.5531057346690972
1779787819.1261084,10.0,10.0,6.594826968933514,0.15180313855657293,-0.03495371157218832,0.6948967232337351,0.24751661786516,-0.011098187441301645,0.5531057346690972
1779787819.1361475,10.0,10.0,6.565270521745656,0.15174638631831566,-0.034939338800555796,0.6950136658758824,0.24751661786516,-0.011098187441301645,0.5531057346690972
1779787819.1461189,10.0,10.0,6.5643007509867175,0.15167864326113506,-0.03492208580562428,0.6951656498384952,0.2475170959787374,-0.010685392490849835,0.5531057346690972
1779787819.1560826,10.0,10.0,6.586664135417729,0.1516039114648318,-0.03489904799400866,0.695347201038542,0.24751421204178664,-0.01027671425134002,0.5531057346690972
1779787819.1661105,10.0,10.0,6.633271438097927,0.15152022317067126,-0.0348742141689973,0.6955517343012259,0.24750798787127226,-0.009868077555146034,0.5531057346690972
1779787819.1761343,10.0,10.0,6.716665099508896,0.1514245598600093,-0.0348471288827976,0.6957835315737012,0.24749850908237078,-0.009462607753317365,0.5531057346690972
1779787819.186144,10.0,10.0,6.845000721541389,0.15132885934694792,-0.03482179070587409,0.6960261908069901,0.24748568707087892,-0.009055694676899416,0.5531057346690972
1779787819.1961546,10.0,10.0,7.032343531275987,0.1512358623596059,-0.03479108383114799,0.6962669513172216,0.24746970046596517,-0.008652289368918738,0.5531057346690972
1779787819.2061205,10.0,10.0,7.237887999219505,0.15114136974401768,-0.034764590086511366,0.6965140063413406,0.24745053682478022,-0.008250566126177104,0.5531057346690972
1779787819.2161152,10.0,10.0,7.454674600175381,0.15106126079937449,-0.034742734197332883,0.6967406653337925,0.24742753643605003,-0.007838892597189687,0.5531057346690972
1779787819.2261813,10.0,10.0,7.705831370050798,0.15099527809189958,-0.034719172505619185,0.6969547907340157,0.24740156571179017,-0.007433632185180265,0.5531057346690972
1779787819.2361655,10.0,10.0,7.954968938156294,0.15096404271278663,-0.03470631303071224,0.6971590547767282,0.24737262508392927,-0.007032799675304131,0.5531057346690972
1779787819.2461596,10.0,10.0,8.1851354312141,0.15095787076002443,-0.03470562524933366,0.6973433408403477,0.24733889663161907,-0.006613671489044727,0.5531057346690972
1779787819.2561078,10.0,10.0,8.395477718819533,0.15096043141647025,-0.03470690551812727,0.6974955154338353,0.24730342423966384,-0.0062139791539923455,0.5531057346690972
1779787819.2661233,10.0,10.0,8.581912048275933,0.15096829791385577,-0.03470392855530621,0.6976105796286824,0.24726269595720832,-0.005794313410868671,0.5531057346690972
1779787819.276087,10.0,10.0,8.726739776205642,0.15097665741992966,-0.03470248798043371,0.6976807583260949,0.24722050412055718,-0.00539392135025089,0.5531057346690972
1779787819.2861018,10.0,10.0,8.846070693154747,0.15099424226877198,-0.03470255113663404,0.6977072023405775,0.24717339349084774,-0.0049794774961342755,0.5531057346690972
1779787819.2960944,10.0,10.0,8.95260269920848,0.15102300380066264,-0.03470688324527216,0.6977069016164273,0.24712479997937642,-0.0045810730587505745,0.5531057346690972
1779787819.3061533,10.0,10.0,9.03320450610511,0.15105898736380857,-0.0347075304020904,0.6976943535787731,0.24707218965498626,-0.00417696183827823,0.5531057346690972
1779787819.3161108,10.0,10.0,9.09326330525815,0.1511104292813604,-0.03470638641620734,0.6976742297086163,0.24701636842362773,-0.003773860701452576,0.5531057346690972
1779787819.3260806,10.0,10.0,9.151323668984032,0.15118466289646718,-0.03470164322373982,0.6976461960565518,0.2469577266058653,-0.0033742645002334424,0.5531057346690972
1779787819.3360982,10.0,10.0,9.16155898510682,0.1512692920946735,-0.03468882926873014,0.697606979908177,0.24689644545666495,-0.002978840896472339,0.5531057346690972
1779787819.3461235,10.0,10.0,9.108887788760114,0.15136334451422398,-0.03467646238899795,0.6975478665785829,0.24683109215426452,-0.0025784849418068224,0.5531057346690972
1779787819.3561053,10.0,10.0,9.034109607330814,0.15147342849794262,-0.034658353881861996,0.6974651517823245,0.24676213679913248,-0.0021766465178072493,0.5531057346690972
1779787819.3660989,10.0,10.0,8.952892927720049,0.15158837886825974,-0.034631739540991,0.697363485176044,0.2466911000985236,-0.001781862243711057,0.5531057346690972
1779787819.37611,10.0,10.0,8.805211433999743,0.15170334668448232,-0.0346059340751136,0.6972533613525941,0.2466166984467491,-0.0013866204873789513,0.5531057346690972
1779787819.3860884,10.0,10.0,8.592843976007803,0.15181644195720634,-0.034583432027843856,0.6971462089160864,0.24653881240113118,-0.0009904578071607932,0.5531057346690972
1779787819.3961034,10.0,10.0,8.357860375165846,0.1519301694361997,-0.03455552909948213,0.6970436195679425,0.2464583638457713,-0.0005979674104646324,0.5531057346690972
1779787819.4060984,10.0,10.0,8.124998428445494,0.15203405295232403,-0.03452199612870734,0.6969556469265797,0.246374489931048,-0.00020483360991638278,0.5531057346690972
1779787819.4161258,10.0,10.0,7.88677055657296,0.15212626087861525,-0.03448203537602088,0.6968826585956128,0.24628700898466602,0.00018960033885477914,0.5531057346690972
1779787819.4261355,10.0,10.0,7.652805449977265,0.15218801872200827,-0.034445568955064884,0.6968257265674813,0.24619467289907682,0.0005904361213113166,0.5531057346690972
1779787819.4361217,10.0,10.0,7.413097255308092,0.15223585191366026,-0.034406018373085136,0.6967814227290258,0.24619467289907682,0.0005904361213113166,0.5531057346690972
1779787819.4460878,10.0,10.0,7.224189415285406,0.15226386131635053,-0.03436143193353055,0.6967477926513341,0.24609889940100468,0.0009910863292290836,0.5531057346690972
1779787819.4561005,10.0,10.0,7.067151374137719,0.1522761644662222,-0.03432375404693473,0.6967241331060589,0.24600152918783375,0.0013841864136711658,0.5531057346690972
1779787819.4661155,10.0,10.0,6.914120712229808,0.1522744182664875,-0.03429035993953171,0.6967177549287746,0.24590102656487148,0.0017762995466039638,0.5531057346690972
1779787819.4761546,10.0,10.0,6.797501038697422,0.15226417245268703,-0.03425912054747082,0.6967257381277946,0.24579756866686953,0.0021667845803177797,0.5531057346690972
1779787819.4861631,10.0,10.0,6.72384895660478,0.15224030149085016,-0.03423292102080934,0.6967471028176938,0.2456892326392648,0.002562631683987366,0.5531057346690972
1779787819.4961095,10.0,10.0,6.667230236448733,0.15219706440145886,-0.034205464854731714,0.6967898073639613,0.24557905140048586,0.002952695686868824,0.5531057346690972
1779787819.5060947,10.0,10.0,6.617045440248922,0.15213708037137041,-0.03418200188650113,0.6968637652965829,0.24546714433294176,0.003337007148589883,0.5531057346690972
1779787819.5160956,10.0,10.0,6.580229058946677,0.15207601433793763,-0.03416327874645258,0.6969651399254,0.2453463108246423,0.003739634836828985,0.5531057346690972
1779787819.52611,10.0,10.0,6.572621872438179,0.15200400028393057,-0.03414398608891353,0.6970875249629293,0.245225781020013,0.004129490173047926,0.5531057346690972
1779787819.536101,10.0,10.0,6.613046776145477,0.15192276867585686,-0.03412560118953852,0.697233341515862,0.24510194101366525,0.004518759664641945,0.5531057346690972
1779787819.546114,10.0,10.0,6.6885978988859796,0.1518317838606198,-0.03410360020147741,0.6974080040870545,0.24497661833384649,0.004901897870613632,0.5531057346690972
1779787819.5560906,10.0,10.0,6.794875992085021,0.15173829535401664,-0.034080937534151416,0.6975994655295539,0.24484899797867446,0.005281701438879304,0.5531057346690972
1779787819.5660894,10.0,10.0,6.966774104362241,0.1516520656615566,-0.034056053360855265,0.6977973880231477,0.24471154822260813,0.005679887887247593,0.5531057346690972
1779787819.5761101,10.0,10.0,7.174988049190694,0.15156451534333742,-0.034028464358635546,0.6980109285015342,0.244575651043965,0.006063255515861413,0.5531057346690972
1779787819.5861204,10.0,10.0,7.366147426894345,0.15148485805477638,-0.0340013846196666,0.698232052176666,0.2444349962075663,0.006449967098724391,0.5531057346690972
1779787819.596137,10.0,10.0,7.556999239522216,0.15141710072623316,-0.03397315368733344,0.6984483810718741,0.2442941992015246,0.006827470043508612,0.5531057346690972
1779787819.606132,10.0,10.0,7.779139063286321,0.15136226291689492,-0.03394759977923222,0.6986627061745603,0.24414827464002548,0.00720922905978973,0.5531057346690972
1779787819.6161118,10.0,10.0,8.005157029052135,0.1513180770388856,-0.033922978927587215,0.6988642848057787,0.24400229788724873,0.007582051906198834,0.5531057346690972
1779787819.6260955,10.0,10.0,8.216779186735781,0.1513066621949676,-0.03390741406870823,0.6990507735670856,0.24385009836884208,0.007961687770217003,0.5531057346690972
1779787819.6360915,10.0,10.0,8.417576811160913,0.15130652373749948,-0.03389084549460784,0.69921874673378,0.24369739195771012,0.008333818744915858,0.5531057346690972
1779787819.646107,10.0,10.0,8.597286877391513,0.15130634737164408,-0.03387732575868315,0.6993496664857254,0.2435352959093784,0.008719779926321208,0.5531057346690972
1779787819.6561477,10.0,10.0,8.770829093438762,0.15131312213561696,-0.033858910694073256,0.6994304165086072,0.24337717884273768,0.009087793430627517,0.5531057346690972
1779787819.6661117,10.0,10.0,8.932894987526456,0.15132637384898145,-0.03383434072195983,0.6994736149861678,0.24321394886647876,0.009459415387368234,0.5531057346690972
1779787819.6760988,10.0,10.0,9.068908529139238,0.15135898905309886,-0.033809066703795486,0.6994788407263804,0.2430461425461176,0.00983314801877391,0.5531057346690972
1779787819.686127,10.0,10.0,9.177740728371193,0.15139917964401772,-0.03377284360069549,0.6994627198105903,0.2428782387598486,0.01019911267658426,0.5531057346690972
1779787819.6961312,10.0,10.0,9.237010201414867,0.15145902619381252,-0.03372398888252972,0.6994453984495845,0.24270021950594112,0.010578857473737269,0.5531057346690972
1779787819.7061317,10.0,10.0,9.272799010620306,0.1515338489411125,-0.033666217907214344,0.6994228741052166,0.24252755247327065,0.01093946858747663,0.5531057346690972
1779787819.7161007,10.0,10.0,9.258940478481483,0.15162028944413697,-0.033611852160745914,0.6993885996160112,0.24252755247327065,0.01093946858747663,0.5531057346690972
1779787819.7261152,10.0,10.0,9.206779831933167,0.15172091634370513,-0.03355841808170248,0.6993372916952467,0.24235181198901112,0.011299083340742724,0.5531057346690972
1779787819.7360935,10.0,10.0,9.129166965805183,0.15183394761476213,-0.033499016211540875,0.6992691758798397,0.24216481040479254,0.01167392622301833,0.5531057346690972
1779787819.7460897,10.0,10.0,9.020759596959142,0.15195817925963276,-0.03342722469279395,0.6991848716160028,0.24198133262632582,0.012034248996207659,0.5531057346690972
1779787819.7561681,10.0,10.0,8.867241025559856,0.1520787377615569,-0.03335055369908737,0.6990941394449358,0.24178891671938463,0.012404568072709787,0.5531057346690972
1779787819.76609,10.0,10.0,8.675069235364646,0.1522019387613433,-0.03328415086293562,0.6990018558302222,0.24160174338614882,0.012757715152364398,0.5531057346690972
1779787819.776091,10.0,10.0,8.468146336103656,0.15231944173453235,-0.033211777601750855,0.698919367678622,0.241411674003177,0.013109499794706898,0.5531057346690972
1779787819.786137,10.0,10.0,8.247891768209243,0.15242442553180272,-0.033128627199537346,0.6988514321176736,0.24121478605120786,0.013466967975808711,0.5531057346690972
1779787819.7960954,10.0,10.0,8.02856461887495,0.1525177073858012,-0.033045952889077634,0.6987959698568373,0.24101268377213927,0.013826880010635718,0.5531057346690972
1779787819.806113,10.0,10.0,7.834465268865905,0.1525851075431391,-0.03296029126289442,0.6987449140395716,0.2408124984065775,0.014176663436911138,0.5531057346690972
1779787819.8160975,10.0,10.0,7.644251969139539,0.15263521425612542,-0.032873332423295376,0.6986978817416601,0.24059996100271155,0.014541024983399556,0.5531057346690972
1779787819.8260987,10.0,10.0,7.442641329676491,0.15266892298628804,-0.03278678248090489,0.6986665799425449,0.24039484485903362,0.014886104894343097,0.5531057346690972
1779787819.8361018,10.0,10.0,7.244412295933154,0.1526857759407565,-0.03269575882139242,0.6986453800964901,0.24017954321719315,0.015241673178873674,0.5531057346690972
1779787819.8460777,10.0,10.0,7.0840823027700806,0.15269124421842298,-0.03260597216609012,0.6986400970213508,0.23996647237413032,0.015587119763638344,0.5531057346690972
1779787819.856165,10.0,10.0,6.975928454883993,0.1526850199455647,-0.03251907047930871,0.698642975086317,0.23974289604027793,0.015942984945955398,0.5531057346690972
1779787819.8660927,10.0,10.0,6.90689107577349,0.15266437767850363,-0.03243734016629546,0.6986557365364695,0.2395269561145551,0.016280511827307692,0.5531057346690972
1779787819.8760877,10.0,10.0,6.8540619261454045,0.15263122959147502,-0.03235337474305121,0.6987030726972024,0.23930900018493292,0.016615259154890885,0.5531057346690972
1779787819.886155,10.0,10.0,6.807290810588863,0.15259124707695088,-0.032277490680820434,0.698775637464766,0.2390781936118968,0.016963486064919844,0.5531057346690972
1779787819.896109,10.0,10.0,6.793092528569716,0.1525400347698137,-0.03220779723001869,0.6988677811050521,0.23885335651874856,0.017296741444949304,0.5531057346690972
1779787819.9061728,10.0,10.0,6.811663428876763,0.15247392323282005,-0.03213766804930362,0.6989830622905793,0.23861597910198587,0.017642425949406123,0.5531057346690972
1779787819.9161022,10.0,10.0,6.861509783811557,0.1523998320806848,-0.032076089491043035,0.699126435225395,0.23838595253794212,0.01797158228474179,0.5531057346690972
1779787819.9260938,10.0,10.0,6.927668203931512,0.15231836118994213,-0.03202503716537079,0.6992971738989333,0.23815356013626188,0.018298503579305986,0.5531057346690972
1779787819.9361255,10.0,10.0,7.035046668874568,0.15223854635495201,-0.03197783937180642,0.6994850559367624,0.23790808829688437,0.018637896743178325,0.5531057346690972
1779787819.9461043,10.0,10.0,7.198566823041318,0.15215512738720935,-0.031932724744494476,0.6996786424582034,0.2376701236401906,0.01896128991627956,0.5531057346690972
1779787819.956096,10.0,10.0,7.373197697629922,0.15207325367086255,-0.03189317757768119,0.6998716435529947,0.23742186120739645,0.019292974866113824,0.5531057346690972
1779787819.9661107,10.0,10.0,7.5576077606359595,0.15199896666070314,-0.03185316937354281,0.7000606004613928,0.23717730110139615,0.01961420195387958,0.5531057346690972
1779787819.9761257,10.0,10.0,7.75225436107595,0.1519393646962863,-0.03181328482888704,0.7002255185065035,0.23717730110139615,0.01961420195387958,0.5531057346690972
1779787819.9861038,10.0,10.0,7.973658007069939,0.15189777990871534,-0.03177109620308063,0.7003683075489895,0.23693053433551806,0.019932958217824467,0.5531057346690972
1779787819.9961193,10.0,10.0,8.205426776330647,0.15187509827530862,-0.031736527287165035,0.7004868421714373,0.2366770570415801,0.02025494107149067,0.5531057346690972
1779787820.006112,10.0,10.0,8.400892476320468,0.15187894440850977,-0.03170462881267215,0.700580948216098,0.2364244140135259,0.02057054387281146,0.5531057346690972
1779787820.0161054,10.0,10.0,8.56790607755399,0.1519126220516224,-0.03167743201954291,0.7006474881756521,0.23616938473348598,0.020883902043987795,0.5531057346690972
1779787820.0260878,10.0,10.0,8.70748194347772,0.15194430725066665,-0.03164036181507256,0.7006763977447267,0.2359096263274696,0.021197832777107364,0.5531057346690972
1779787820.0361886,10.0,10.0,8.796693295641914,0.15198266210564254,-0.03159816666278906,0.7006687443928857,0.23565127612005937,0.02150496972922824,0.5531057346690972
1779787820.0461388,10.0,10.0,8.864508063490542,0.15202337025192172,-0.03154804093476886,0.7006429333631884,0.2353882404417933,0.021812608305801902,0.5531057346690972
1779787820.056181,10.0,10.0,8.916627661448617,0.1520733813992088,-0.031487786605865056,0.7006094007097047,0.23511489659506124,0.022127037018664253,0.5531057346690972
1779787820.0660737,10.0,10.0,8.951371865444337,0.15214273274780446,-0.03142235305059647,0.7005574312483082,0.23484836300703607,0.022428607086542554,0.5531057346690972
1779787820.0761218,10.0,10.0,8.969574515390708,0.15222899067275877,-0.03134828631456927,0.7004874908150586,0.23457807266631314,0.022729499353838334,0.5531057346690972
1779787820.0861297,10.0,10.0,8.946499386737996,0.15232341914341022,-0.03126953912186752,0.7004003995411879,0.23430332826482697,0.023030399417738066,0.5531057346690972
1779787820.0961509,10.0,10.0,8.878517688974435,0.1524364459365209,-0.031189142975666398,0.7002955595684942,0.2340288537979019,0.02332615113218222,0.5531057346690972
1779787820.106173,10.0,10.0,8.803926743229466,0.1525595752968504,-0.03110211286429522,0.7001679237442976,0.2337501034873018,0.023621674424554394,0.5531057346690972
1779787820.1161342,10.0,10.0,8.69276024980127,0.1526770926230179,-0.031009242890476903,0.7000337062127329,0.2334572632873271,0.02392702202056509,0.5531057346690972
1779787820.1261802,10.0,10.0,8.513100266355673,0.1527903117827781,-0.03091593308249533,0.6999021397812178,0.2331721041181352,0.02421945372192335,0.5531057346690972
1779787820.1361148,10.0,10.0,8.296666554425304,0.15289944683907356,-0.0308224423800428,0.6997756015724331,0.23288961612591308,0.024504491567268902,0.5531057346690972
1779787820.1460938,10.0,10.0,8.064784399148454,0.15299916761967008,-0.030729471036809848,0.6996685194278977,0.23260372969059936,0.024788355977047552,0.5531057346690972
1779787820.1560981,10.0,10.0,7.832857321406075,0.15306870421178587,-0.030633275784335803,0.6995854295726003,0.23231789521051172,0.02506764933681427,0.5531057346690972
1779787820.1661258,10.0,10.0,7.5914877777611105,0.15310103897230068,-0.030534767761858414,0.6995128159681231,0.23202418070636951,0.025350044755103017,0.5531057346690972
1779787820.1761231,10.0,10.0,7.370133383788866,0.15311866250367784,-0.0304337062260438,0.6994662798174391,0.2317265569866218,0.02563155505975858,0.5531057346690972
1779787820.1861045,10.0,10.0,7.1801062051287765,0.15313532219532058,-0.03033627747736565,0.6994330997222797,0.23143284873671932,0.025904883759514767,0.5531057346690972
1779787820.1961365,10.0,10.0,7.009307535767874,0.1531427494581327,-0.030243031756853046,0.6994151957280402,0.231125815999998,0.026185964024048596,0.5531057346690972
1779787820.2061105,10.0,10.0,6.86990751750418,0.15314367188956637,-0.03015731994341559,0.6994039526459819,0.23082517074105813,0.026456694368935288,0.5531057346690972
1779787820.2161865,10.0,10.0,6.7801417480620865,0.15312946447882486,-0.030074703650678693,0.6994105738474246,0.2305184379718673,0.02672841589912075,0.5531057346690972
1779787820.22613,10.0,10.0,6.707055120852255,0.15309416189195796,-0.03000024345252195,0.6994403619910293,0.23021057549546403,0.026996675224135125,0.5531057346690972
1779787820.2361372,10.0,10.0,6.643339793233823,0.15305265514072344,-0.029933375704578567,0.6995005317022626,0.22990585291085464,0.027257888167839618,0.5531057346690972
1779787820.2461197,10.0,10.0,6.592414859926363,0.1529961840709222,-0.02987246879486038,0.6995869115889,0.22959403056783834,0.027520839504692245,0.5531057346690972
1779787820.256128,10.0,10.0,6.56145897357109,0.15293284123966375,-0.029819436561152338,0.6997028390929878,0.2292846837418553,0.027777445707132274,0.5531057346690972
1779787820.2661214,10.0,10.0,6.570193496452616,0.15286085089054388,-0.029773432418980957,0.699839976871054,0.2292846837418553,0.027777445707132274,0.5531057346690972
1779787820.2761211,10.0,10.0,6.605019432661703,0.1527785339698046,-0.02973570049051062,0.6999942595492211,0.2289735597546455,0.028031333949066622,0.5531057346690972
