t_sec,T_des_target_N,T_des_active_N,T_meas_N,ee_x_m,ee_y_m,ee_z_m,ee_des_x_m,ee_des_y_m,ee_des_z_m
1779790117.5383246,10.0,0.01985415,0.001310288701584551,0.2481728300715399,-0.01381766965390917,0.5540163244690147,0.2481719842338694,-0.013816764032240159,0.5540204274547593
1779790117.548328,10.0,0.039883089999999996,0.00677160998699976,0.24817772769727434,-0.013816449824613641,0.5540200425683791,0.2481719842338694,-0.013816764032240159,0.5540204274547593
1779790117.5583339,10.0,0.060035244,0.024803435722044676,0.2481832937475422,-0.013817762369464701,0.5540270257299562,0.2481719842338694,-0.013816764032240159,0.5540204274547593
1779790117.5683508,10.0,0.079932236,0.05855064224562759,0.2481905076301827,-0.013816375449417424,0.5540263882429964,0.2481719842338694,-0.013816764032240159,0.5540204274547593
1779790117.578327,10.0,0.09987671599999999,0.08911894727363308,0.24819532139913658,-0.013816217278161288,0.5540294839183467,0.2481719842338694,-0.013816764032240159,0.5540204274547593
1779790117.588304,10.0,0.11983934999999998,0.11979386920434729,0.24819875538799405,-0.01381601004793826,0.5540305391948234,0.2481719842338694,-0.013816764032240159,0.5540204274547593
1779790117.598383,10.0,0.14004372399999998,0.15350861473360317,0.24820286109195958,-0.013814650909914832,0.5540338273580163,0.2481719842338694,-0.013816764032240159,0.5540204274547593
1779790117.6084168,10.0,0.15992576599999997,0.18531091380850095,0.24820778236995084,-0.013813869792423515,0.5540351490724656,0.2481719842338694,-0.013816764032240159,0.5540204274547593
1779790117.6183355,10.0,0.17989549399999996,0.22153044749825385,0.24821067353948634,-0.013814165415798536,0.5540364609035366,0.2481719842338694,-0.013816764032240159,0.5540204274547593
1779790117.6283426,10.0,0.1999034959999999,0.25904912860729107,0.248214516422577,-0.013816455164315178,0.5540378298731278,0.2481719842338694,-0.013816764032240159,0.5540204274547593
1779790117.6383483,10.0,0.21994966799999993,0.28476635493679625,0.24821598200609307,-0.013818424543938584,0.5540399136195576,0.2481719842338694,-0.013816764032240159,0.5540204274547593
1779790117.6483378,10.0,0.23989761599999995,0.3057687755823562,0.24821936429359148,-0.013816157888075003,0.5540401292197492,0.2481719842338694,-0.013816764032240159,0.5540204274547593
1779790117.6583924,10.0,0.25999967399999996,0.3249906045536127,0.24822156295794887,-0.013817530165248051,0.5540420841036363,0.2481719842338694,-0.013816764032240159,0.5540204274547593
1779790117.6684158,10.0,0.27999360799999995,0.34029102655081606,0.24822252147519322,-0.01381549886732382,0.554039815381207,0.2481719842338694,-0.013816764032240159,0.5540204274547593
1779790117.6783698,10.0,0.299957446,0.3537208649637881,0.2482240731852686,-0.013816342473632176,0.5540431732038065,0.2481719842338694,-0.013816764032240159,0.5540204274547593
1779790117.6883447,10.0,0.31986093,0.3696829242172451,0.24822406308394585,-0.013816737148634947,0.5540429011274834,0.2481719842338694,-0.013816764032240159,0.5540204274547593
1779790117.6983612,10.0,0.339982946,0.3841586968508653,0.24822498005453175,-0.013816105342603,0.554044231621263,0.2481719842338694,-0.013816764032240159,0.5540204274547593
1779790117.7083511,10.0,0.35987240200000004,0.40268199419472417,0.24822602280481915,-0.013815766559455756,0.5540454750808416,0.2481719842338694,-0.013816764032240159,0.5540204274547593
1779790117.7183611,10.0,0.37996031400000013,0.41670017443171603,0.24822752255593222,-0.013815574967465705,0.5540429282612866,0.2481719842338694,-0.013816764032240159,0.5540204274547593
1779790117.7284198,10.0,0.40003115400000006,0.4268125007501001,0.24822688408407387,-0.013817374084785164,0.5540446417716368,0.2481719842338694,-0.013816764032240159,0.5540204274547593
1779790117.7383325,10.0,0.4200706940000001,0.4330102776648387,0.24822748179930207,-0.013817770482331453,0.5540454115172548,0.2481719842338694,-0.013816764032240159,0.5540204274547593
1779790117.7483177,10.0,0.4399114600000001,0.4367159175245819,0.2482289864736338,-0.013817760246562796,0.5540474493496669,0.2481719842338694,-0.013816764032240159,0.5540204274547593
1779790117.758406,10.0,0.46007411200000004,0.436240459752637,0.24823045207871847,-0.013816972960511877,0.5540452683051719,0.2481719842338694,-0.013816764032240159,0.5540204274547593
1779790117.768367,10.0,0.47986277800000005,0.44485830081168803,0.24823144912530762,-0.01381892163473452,0.554045702277442,0.2481719842338694,-0.013816764032240159,0.5540204274547593
1779790117.7783775,10.0,0.4999349000000002,0.4498808060175493,0.2482298376692366,-0.013817378543978468,0.5540441557256374,0.2481719842338694,-0.013816764032240159,0.5540204274547593
1779790117.788417,10.0,0.5199211600000001,0.445927581425001,0.24823074979013782,-0.013815691759687903,0.5540447583593378,0.2481719842338694,-0.013816764032240159,0.5540204274547593
1779790117.7983232,10.0,0.5400205740000001,0.4518997206341793,0.24823068629825842,-0.013817573936251352,0.5540473399099349,0.2481719842338694,-0.013816764032240159,0.5540204274547593
1779790117.8083246,10.0,0.5598475920000001,0.4528134288781914,0.2482314647894106,-0.01381812708107434,0.5540476468228338,0.2481719842338694,-0.013816764032240159,0.5540204274547593
1779790117.8183217,10.0,0.5799031840000003,0.45097113871653455,0.24823068344423305,-0.013816879692399123,0.5540439587386427,0.2481719842338694,-0.013816764032240159,0.5540204274547593
1779790117.8283734,10.0,0.5998850360000002,0.44404154545856206,0.24823222338236775,-0.01381941586538783,0.5540467662410941,0.2481719842338694,-0.013816764032240159,0.5540204274547593
1779790117.838366,10.0,0.6200222400000002,0.44602362438202714,0.24823239856034848,-0.013818137825095684,0.5540463992732394,0.2481719842338694,-0.013816764032240159,0.5540204274547593
1779790117.8483512,10.0,0.6398679540000002,0.4536968261740504,0.2482324335139036,-0.013818889939925635,0.5540471167308462,0.2481719842338694,-0.013816764032240159,0.5540204274547593
1779790117.858351,10.0,0.6600973340000003,0.4585106887350595,0.24823298009414038,-0.013816923794725959,0.5540456287049073,0.2481719842338694,-0.013816764032240159,0.5540204274547593
1779790117.8683708,10.0,0.6799133720000005,0.4634384487468299,0.24823279286023742,-0.01381818922740454,0.554047099082955,0.2481719842338694,-0.013816764032240159,0.5540204274547593
1779790117.8783472,10.0,0.6999210720000006,0.4669352314470777,0.24823314748883174,-0.013818880912129263,0.5540469050348401,0.2481719842338694,-0.013816764032240159,0.5540204274547593
1779790117.8884256,10.0,0.7198827260000007,0.46603889573137336,0.24823257939201407,-0.013819002421736679,0.5540450695828837,0.2481719842338694,-0.013816764032240159,0.5540204274547593
1779790117.898371,10.0,0.7399924380000007,0.4596147107162474,0.24823305652554373,-0.013817115860431599,0.5540466537682163,0.2481719842338694,-0.013816764032240159,0.5540204274547593
1779790117.9083285,10.0,0.7598812340000006,0.4597097084163897,0.2482343858763231,-0.013818204921048342,0.5540474926958304,0.2481719842338694,-0.013816764032240159,0.5540204274547593
1779790117.9183285,10.0,0.7798614620000006,0.4613945718070724,0.2482333609295415,-0.013818117919753806,0.5540469398642468,0.2481719842338694,-0.013816764032240159,0.5540204274547593
1779790117.9283435,10.0,0.7999490140000007,0.4672541066743345,0.24823320863637113,-0.013819350206558964,0.5540483905942521,0.2481719842338694,-0.013816764032240159,0.5540204274547593
1779790117.9383497,10.0,0.8199911180000007,0.47310441139478854,0.24823440124781465,-0.013820984882613605,0.5540480749058659,0.2481719842338694,-0.013816764032240159,0.5540204274547593
1779790117.9483166,10.0,0.8399121760000005,0.46931508069513633,0.24823439311506168,-0.013819281322846799,0.5540472147986709,0.2481719842338694,-0.013816764032240159,0.5540204274547593
1779790117.9583468,10.0,0.8598622060000004,0.464607058390892,0.2482342315305093,-0.013818137850095011,0.5540473701673672,0.2481719842338694,-0.013816764032240159,0.5540204274547593
1779790117.9683878,10.0,0.8800260020000005,0.46321050658800705,0.24823549901115488,-0.013817903077184784,0.5540468211704395,0.2481719842338694,-0.013816764032240159,0.5540204274547593
1779790117.9783201,10.0,0.8999194860000005,0.4612594445595508,0.24823389493591677,-0.013818884695667307,0.5540480400097428,0.2481719842338694,-0.013816764032240159,0.5540204274547593
1779790117.9884138,10.0,0.9200056360000006,0.4621170477669293,0.24823482566390995,-0.013817860276883663,0.5540499915223106,0.2481719842338694,-0.013816764032240159,0.5540204274547593
1779790117.9983497,10.0,0.9399969840000005,0.4618759018974922,0.24823398790732568,-0.013818508857256237,0.5540486820366612,0.2481719842338694,-0.013816764032240159,0.5540204274547593
1779790118.008335,10.0,0.9599029120000007,0.45872460101680906,0.2482348784722784,-0.013818903347570936,0.55404611138361,0.2481719842338694,-0.013816764032240159,0.5540204274547593
1779790118.018337,10.0,0.9799078880000005,0.461681882993958,0.24823436461501858,-0.01381965607409869,0.5540479654535164,0.2481719842338694,-0.013816764032240159,0.5540204274547593
1779790118.0283144,10.0,0.9999158080000004,0.464199344648135,0.2482348170385569,-0.013818340697029918,0.554046486954357,0.2481719842338694,-0.013816764032240159,0.5540204274547593
1779790118.0383956,10.0,1.0200728720000003,0.46259429975894234,0.24823561585659024,-0.013817224669493186,0.5540479849703883,0.2481719842338694,-0.013816764032240159,0.5540204274547593
1779790118.0483556,10.0,1.0398850620000002,0.4637408597126047,0.24823440355463053,-0.01381779656388988,0.5540474030059094,0.2481719842338694,-0.013816764032240159,0.5540204274547593
1779790118.0583472,10.0,1.0600074200000003,0.4628316011403048,0.24823527078153482,-0.013817771245138692,0.5540490316927675,0.2481719842338694,-0.013816764032240159,0.5540204274547593
1779790118.0683577,10.0,1.0799958840000001,0.46687249741599807,0.24823520704165417,-0.013819694691172842,0.5540469773284781,0.2481719842338694,-0.013816764032240159,0.5540204274547593
1779790118.0783184,10.0,1.099992744,0.4661724159467932,0.24823447166310303,-0.01381795421281769,0.5540492522703668,0.2481719842338694,-0.013816764032240159,0.5540204274547593
1779790118.088382,10.0,1.1200635620000001,0.464974990086872,0.24823521834314824,-0.013817865489764587,0.5540462890579456,0.2481719842338694,-0.013816764032240159,0.5540204274547593
1779790118.0983446,10.0,1.1399156280000002,0.46347757181815497,0.24823493921820447,-0.013818767867216067,0.5540475031164103,0.2481719842338694,-0.013816764032240159,0.5540204274547593
1779790118.1083982,10.0,1.1598993240000002,0.46291686582437247,0.2482349346816127,-0.013818470527780867,0.5540477046981488,0.2481719842338694,-0.013816764032240159,0.5540204274547593
1779790118.1183121,10.0,1.179839738,0.45886534953693414,0.24823482568403132,-0.013817548067922587,0.5540491682245133,0.2481719842338694,-0.013816764032240159,0.5540204274547593
1779790118.12834,10.0,1.1999291120000002,0.45725602113573044,0.24823448903537673,-0.013819424530724645,0.5540471609358807,0.2481719842338694,-0.013816764032240159,0.5540204274547593
1779790118.1383677,10.0,1.2198914060000003,0.44415141270017083,0.24823515156250586,-0.013817418449703626,0.5540481955466627,0.2481719842338694,-0.013816764032240159,0.5540204274547593
1779790118.148306,10.0,1.2398649220000004,0.43482999072554723,0.24823538813115037,-0.013819636427378214,0.5540486197552799,0.2481719842338694,-0.013816764032240159,0.5540204274547593
1779790118.1583292,10.0,1.2599246420000008,0.43993762482518933,0.24823438630202907,-0.013818569402536458,0.5540466751027912,0.2481719842338694,-0.013816764032240159,0.5540204274547593
1779790118.1683438,10.0,1.2799377320000005,0.4381341927182255,0.2482350503912081,-0.013820287129168786,0.5540488974876625,0.2481719842338694,-0.013816764032240159,0.5540204274547593
1779790118.1783807,10.0,1.2998621940000008,0.4262057786996076,0.24823578402387164,-0.013819094558902902,0.5540477302967547,0.2481719842338694,-0.013816764032240159,0.5540204274547593
1779790118.1883836,10.0,1.3199950120000012,0.4171239846301276,0.24823528248472426,-0.013819542506786828,0.5540486127971019,0.2481719842338694,-0.013816764032240159,0.5540204274547593
1779790118.1983876,10.0,1.3399866620000012,0.41275154085834215,0.24823498568739846,-0.013818583706272227,0.5540477380805865,0.2481719842338694,-0.013816764032240159,0.5540204274547593
1779790118.2083156,10.0,1.359901146000001,0.40088597828381084,0.24823475409736295,-0.01382004473065194,0.5540496786490192,0.2481719842338694,-0.013816764032240159,0.5540204274547593
1779790118.2183716,10.0,1.3798273520000008,0.39588794695195084,0.24823549284497945,-0.01381793013389099,0.5540490056575765,0.2481719842338694,-0.013816764032240159,0.5540204274547593
1779790118.2283647,10.0,1.400019282000001,0.38865934258776086,0.2482348666075756,-0.013819265959760315,0.5540476761784353,0.2481719842338694,-0.013816764032240159,0.5540204274547593
1779790118.2383432,10.0,1.4199297780000009,0.3746585920049889,0.24823467192677795,-0.013820350089124146,0.5540490066146926,0.2481719842338694,-0.013816764032240159,0.5540204274547593
1779790118.2483785,10.0,1.440116356000001,0.3605141772242777,0.24823431771452786,-0.01381767319585087,0.5540463719050497,0.2481719842338694,-0.013816764032240159,0.5540204274547593
1779790118.2583427,10.0,1.4599222340000009,0.3473384360840207,0.24823629142113227,-0.013816343427798715,0.5540490853623902,0.2481719842338694,-0.013816764032240159,0.5540204274547593
1779790118.2683532,10.0,1.4800301240000004,0.335351642431801,0.2482359167687165,-0.013819873855709468,0.5540477628754716,0.2481719842338694,-0.013816764032240159,0.5540204274547593
1779790118.2783582,10.0,1.5000438160000007,0.3205032337752431,0.24823416253332642,-0.013818218618836052,0.5540492248945109,0.2481719842338694,-0.013816764032240159,0.5540204274547593
1779790118.288321,10.0,1.5198699940000004,0.2971016071706879,0.2482343132596183,-0.01382072126839692,0.554050044118042,0.2481719842338694,-0.013816764032240159,0.5540204274547593
1779790118.298367,10.0,1.539909354,0.2838092453104322,0.24823548389121944,-0.013816492117805147,0.5540521239104353,0.2481719842338694,-0.013816764032240159,0.5540204274547593
1779790118.3083928,10.0,1.5598781000000002,0.26625719395687,0.24823527016143715,-0.013818237798707717,0.5540515785413248,0.2481719842338694,-0.013816764032240159,0.5540204274547593
1779790118.3183112,10.0,1.5799736680000005,0.24786888986775765,0.24823537010919516,-0.013819538373978302,0.5540530637261546,0.2481719842338694,-0.013816764032240159,0.5540204274547593
1779790118.3283339,10.0,1.6000020260000003,0.2277701628667218,0.2482349599527366,-0.013820340960543255,0.5540538795398477,0.2481719842338694,-0.013816764032240159,0.5540204274547593
1779790118.3383183,10.0,1.6199543620000003,0.20904209864135687,0.2482352253241197,-0.013820151590413284,0.554058614939768,0.2481719842338694,-0.013816764032240159,0.5540204274547593
1779790118.348339,10.0,1.6399467540000003,0.19193144157320063,0.24823505189165293,-0.013821296814232865,0.5540611216385581,0.2481719842338694,-0.013816764032240159,0.5540204274547593
1779790118.3583493,10.0,1.6600407580000005,0.17256884904746417,0.24823250514954828,-0.013822169508369456,0.5540648613426588,0.2481719842338694,-0.013816764032240159,0.5540204274547593
1779790118.3683648,10.0,1.6799181320000003,0.15969952938182805,0.2482348558752941,-0.013820760919298876,0.5540665789470972,0.2481719842338694,-0.013816764032240159,0.5540204274547593
1779790118.3783274,10.0,1.6999274340000003,0.14455452004629177,0.24823427153193955,-0.013822429869196651,0.5540695949751396,0.2481719842338694,-0.013816764032240159,0.5540204274547593
1779790118.3883648,10.0,1.719823324,0.12997717001110562,0.24823335050974993,-0.013821631178915246,0.5540734430724803,0.2481719842338694,-0.013816764032240159,0.5540204274547593
1779790118.398352,10.0,1.740159926,0.11850461188346496,0.24823405652154415,-0.013823693541003679,0.5540762026428797,0.2481719842338694,-0.013816764032240159,0.5540204274547593
1779790118.4083173,10.0,1.7600245160000003,0.10829209227917821,0.248233319423653,-0.013824587678661591,0.5540810360419335,0.2481719842338694,-0.013816764032240159,0.5540204274547593
1779790118.4183903,10.0,1.7799929820000002,0.09568041552066506,0.2482322680682447,-0.0138235497400378,0.554085379587667,0.2481719842338694,-0.013816764032240159,0.5540204274547593
1779790118.428323,10.0,1.7999054019999998,0.09243372763804417,0.24823313723309243,-0.013825332117078752,0.5540909357398066,0.2481719842338694,-0.013816764032240159,0.5540204274547593
1779790118.4383109,10.0,1.8198567759999997,0.07930234061452064,0.24823273096146065,-0.013826987613131256,0.5540972009453551,0.2481719842338694,-0.013816764032240159,0.5540204274547593
1779790118.448372,10.0,1.8399540059999997,0.06839330028521749,0.24823323237003872,-0.013827371088586952,0.5541041529989478,0.2481719842338694,-0.013816764032240159,0.5540204274547593
1779790118.4582984,10.0,1.8599403859999997,0.06181551290883081,0.248233177525329,-0.013826997533484927,0.5541115599258187,0.2481719842338694,-0.013816764032240159,0.5540204274547593
1779790118.4683557,10.0,1.879953798,0.05439872505178427,0.24823468915995078,-0.013830028290754337,0.5541234791395552,0.2481719842338694,-0.013816764032240159,0.5540204274547593
1779790118.4783366,10.0,1.8998811260000001,0.046307886772593815,0.24823547790338543,-0.01383270665275916,0.554135763290429,0.2481719842338694,-0.013816764032240159,0.5540204274547593
1779790118.4883778,10.0,1.9198487499999997,0.042612313302957165,0.24823454058586128,-0.013832870753946283,0.5541509952752137,0.2481719842338694,-0.013816764032240159,0.5540204274547593
1779790118.4983485,10.0,1.9399062839999996,0.04170068454324323,0.2482358835140086,-0.01383584405682292,0.5541653041909665,0.2481719842338694,-0.013816764032240159,0.5540204274547593
1779790118.5083368,10.0,1.96001131,0.04762875294171485,0.24823542260107548,-0.013835742393036327,0.5541811393490971,0.2481719842338694,-0.013816764032240159,0.5540204274547593
1779790118.5183215,10.0,1.9799083799999997,0.0521214990094435,0.2482371608453983,-0.013841004267270692,0.554196811675328,0.2481719842338694,-0.013816764032240159,0.5540204274547593
1779790118.5283387,10.0,1.99989502,0.065986140591756,0.24823609391576662,-0.013842113079619823,0.554209051718719,0.2481719842338694,-0.013816764032240159,0.5540204274547593
1779790118.538405,10.0,2.019862326,0.08218266970245515,0.24823766452302795,-0.01384316153219745,0.554220608453177,0.2481719842338694,-0.013816764032240159,0.5540204274547593
1779790118.5483127,10.0,2.039960938,0.09247261590707276,0.2482372283039958,-0.013845734287263585,0.5542314646755666,0.2481719842338694,-0.013816764032240159,0.5540204274547593
1779790118.5583472,10.0,2.060056044,0.09691637359684914,0.24823679905921142,-0.013846164459329917,0.5542390293728042,0.2481719842338694,-0.013816764032240159,0.5540204274547593
1779790118.568342,10.0,2.079949006,0.10101487012129412,0.24823669831270087,-0.013846724314269348,0.5542447808099351,0.2481719842338694,-0.013816764032240159,0.5540204274547593
1779790118.5783646,10.0,2.099919156,0.09600735174956486,0.24823772875235095,-0.013847303752811724,0.5542526326328181,0.2481719842338694,-0.013816764032240159,0.5540204274547593
1779790118.588369,10.0,2.1199742660000003,0.08817799909801496,0.24823896725596936,-0.013849928936714826,0.5542592276100381,0.2481719842338694,-0.013816764032240159,0.5540204274547593
1779790118.59835,10.0,2.1401562960000002,0.09157926044751592,0.2482376223483655,-0.01384823279411831,0.5542721800156818,0.2481719842338694,-0.013816764032240159,0.5540204274547593
1779790118.6083114,10.0,2.159925426,0.10080569622707007,0.24823987516428414,-0.013851075164526947,0.5542846896098916,0.2481719842338694,-0.013816764032240159,0.5540204274547593
1779790118.618313,10.0,2.179844478,0.11175380023887373,0.24823886095522016,-0.013853768638430153,0.5543021637690464,0.2481719842338694,-0.013816764032240159,0.5540204274547593
1779790118.628323,10.0,2.19990039,0.11976495796676283,0.2482387239315449,-0.013858960898828317,0.5543199724596294,0.2481719842338694,-0.013816764032240159,0.5540204274547593
1779790118.6384134,10.0,2.2200635240000004,0.13926391726345203,0.2482377552759134,-0.013859835039498206,0.5543360985024135,0.2481719842338694,-0.013816764032240159,0.5540204274547593
1779790118.6483204,10.0,2.2399447240000003,0.1600986860891101,0.248236441982636,-0.013863347618092237,0.5543508313044624,0.2481719842338694,-0.013816764032240159,0.5540204274547593
1779790118.658327,10.0,2.2599183820000004,0.17795455752475262,0.24823510336519475,-0.013862787765660987,0.5543590395948557,0.2481719842338694,-0.013816764032240159,0.5540204274547593
1779790118.6683526,10.0,2.2798641040000005,0.18112048017473611,0.248232725728438,-0.01386434938361773,0.5543662587867294,0.2481719842338694,-0.013816764032240159,0.5540204274547593
1779790118.6783507,10.0,2.300010186,0.18780283220834873,0.24823214959278275,-0.013867547624850526,0.5543744826786191,0.2481719842338694,-0.013816764032240159,0.5540204274547593
1779790118.688347,10.0,2.319933608000001,0.18461785186148216,0.24822943375035328,-0.013866283864697725,0.5543809475124108,0.2481719842338694,-0.013816764032240159,0.5540204274547593
1779790118.698361,10.0,2.339997334000001,0.18828620499534668,0.2482282933086315,-0.013869146707953618,0.5543952346743835,0.2481719842338694,-0.013816764032240159,0.5540204274547593
1779790118.7082963,10.0,2.359857596000001,0.19976309856000202,0.24822560038318117,-0.01387345635400655,0.5544125853965004,0.2481719842338694,-0.013816764032240159,0.5540204274547593
1779790118.7183228,10.0,2.3798884400000007,0.21341460371171375,0.2482233631591872,-0.013875254037192216,0.5544351513614726,0.2481719842338694,-0.013816764032240159,0.5540204274547593
1779790118.7283354,10.0,2.39995429,0.22826723120283604,0.24822173203819387,-0.013879531726980214,0.554455795841544,0.2481719842338694,-0.013816764032240159,0.5540204274547593
1779790118.738345,10.0,2.4198914360000003,0.2457142139054514,0.24821965665590848,-0.013884159649986589,0.5544774203082341,0.2481719842338694,-0.013816764032240159,0.5540204274547593
1779790118.7483313,10.0,2.439838542,0.257031654876295,0.2482189934427764,-0.01388727214602662,0.55449960141213,0.2481719842338694,-0.013816764032240159,0.5540204274547593
1779790118.7584026,10.0,2.460316772,0.2777726387483313,0.24821884498224772,-0.01388887710120161,0.554521517662038,0.2481719842338694,-0.013816764032240159,0.5540204274547593
1779790118.7683434,10.0,2.479938964,0.3026880550579114,0.2482170539025077,-0.013893693410623511,0.5545420240603897,0.2481719842338694,-0.013816764032240159,0.5540204274547593
1779790118.7784104,10.0,2.4999952359999997,0.3267410052378268,0.24821700155496235,-0.013894409699462396,0.5545536002182553,0.2481719842338694,-0.013816764032240159,0.5540204274547593
1779790118.7883554,10.0,2.519921181999999,0.3433989681646689,0.2482159191234032,-0.013896755155522952,0.554569050480015,0.2481719842338694,-0.013816764032240159,0.5540204274547593
1779790118.7983475,10.0,2.5399858299999982,0.3374256892854023,0.24821564701709636,-0.013897611996524981,0.5545796089830007,0.2481719842338694,-0.013816764032240159,0.5540204274547593
1779790118.8083227,10.0,2.5599576039999983,0.3319821026423209,0.24821501475687158,-0.013901781548513834,0.554598744160055,0.2481719842338694,-0.013816764032240159,0.5540204274547593
1779790118.8183672,10.0,2.5798639319999985,0.313471398214076,0.24821266247965196,-0.013904489656612283,0.5546247817302786,0.2481719842338694,-0.013816764032240159,0.5540204274547593
1779790118.8284132,10.0,2.599989193999998,0.30198205083566954,0.24820981534985734,-0.013909994082534518,0.5546580331494966,0.2481719842338694,-0.013816764032240159,0.5540204274547593
1779790118.838313,10.0,2.619879371999998,0.3046221990580264,0.24820594713634606,-0.013918167774520013,0.5547047212648317,0.2481719842338694,-0.013816764032240159,0.5540204274547593
1779790118.848311,10.0,2.6398498219999977,0.329731155583355,0.248202914699829,-0.013927128784059323,0.5547590173487884,0.2481719842338694,-0.013816764032240159,0.5540204274547593
1779790118.8583503,10.0,2.659945429999998,0.36828137595611543,0.2482000681182345,-0.01393642601311008,0.5548179217075078,0.2481719842338694,-0.013816764032240159,0.5540204274547593
1779790118.8683157,10.0,2.6799374199999977,0.4075457946050743,0.2481984263057265,-0.013945621488584508,0.5548753163883229,0.2481719842338694,-0.013816764032240159,0.5540204274547593
1779790118.8783467,10.0,2.699964415999998,0.4460282736002214,0.2481967234271474,-0.013951920080861059,0.5549251754482454,0.2481719842338694,-0.013816764032240159,0.5540204274547593
1779790118.888373,10.0,2.7200126539999974,0.48536845985998334,0.24819547596897631,-0.0139575211976364,0.5549636587972618,0.2481719842338694,-0.013816764032240159,0.5540204274547593
1779790118.8983378,10.0,2.7399781139999977,0.5037644425811483,0.24819488255926284,-0.013961418350012168,0.5549869022116086,0.2481719842338694,-0.013816764032240159,0.5540204274547593
1779790118.908367,10.0,2.759925459999997,0.4988802258774563,0.24819620925144104,-0.01396387663354975,0.555001907445252,0.2481719842338694,-0.013816764032240159,0.5540204274547593
1779790118.9183335,10.0,2.779851405999996,0.48247161302188224,0.24819324136665197,-0.013963216999110595,0.5550171554874952,0.2481719842338694,-0.013816764032240159,0.5540204274547593
1779790118.9283314,10.0,2.799872651999997,0.4637453357721558,0.2481913899671087,-0.013969279634635647,0.5550342229644576,0.2481719842338694,-0.013816764032240159,0.5540204274547593
1779790118.9383483,10.0,2.8198947799999963,0.45464843906884894,0.2481843744590423,-0.013971028713794438,0.5550592825137953,0.2481719842338694,-0.013816764032240159,0.5540204274547593
1779790118.9483492,10.0,2.8399185099999964,0.44605296857570526,0.24817538995555952,-0.013978819792985351,0.5550912477576619,0.2481719842338694,-0.013816764032240159,0.5540204274547593
1779790118.9583373,10.0,2.859866197999996,0.4540408485476504,0.24816627088523782,-0.013987121301452245,0.5551404836809999,0.2481719842338694,-0.013816764032240159,0.5540204274547593
1779790118.9683304,10.0,2.8798517159999957,0.47419037784057955,0.24815907390064232,-0.013996859428598015,0.5551976817644574,0.2481719842338694,-0.013816764032240159,0.5540204274547593
1779790118.978319,10.0,2.899829999999996,0.5178024179225487,0.24815520762106857,-0.014006652339349604,0.5552638950166552,0.2481719842338694,-0.013816764032240159,0.5540204274547593
1779790118.988377,10.0,2.919900037999996,0.5806807815859487,0.24815313140999998,-0.014015801758099647,0.5553246368299741,0.2481719842338694,-0.013816764032240159,0.5540204274547593
1779790118.998372,10.0,2.9402175859999957,0.6436904248612075,0.24815036971480997,-0.0140247417961471,0.5553769073173586,0.2481719842338694,-0.013816764032240159,0.5540204274547593
1779790119.0083458,10.0,2.9598291559999956,0.6919019177865318,0.24814985320254979,-0.014030735457796964,0.5554167005672145,0.2481719842338694,-0.013816764032240159,0.5540204274547593
1779790119.018375,10.0,2.979819203999996,0.728472482074736,0.24814713056546125,-0.014034097950465,0.5554372129014619,0.2481719842338694,-0.013816764032240159,0.5540204274547593
1779790119.028334,10.0,2.999854817999996,0.7237088166837562,0.24814576816767345,-0.014034245116220496,0.555440141034376,0.2481719842338694,-0.013816764032240159,0.5540204274547593
1779790119.038381,10.0,3.0198933359999955,0.699088712601181,0.24814438959263688,-0.014034191662080954,0.5554366002405368,0.2481719842338694,-0.013816764032240159,0.5540204274547593
1779790119.048328,10.0,3.0401376439999956,0.6552677724960756,0.2481429883250011,-0.014032745119338606,0.555432938153252,0.2481719842338694,-0.013816764032240159,0.5540204274547593
1779790119.05837,10.0,3.0598994399999957,0.6098414766778578,0.2481417757950272,-0.01403399166734972,0.5554372025236461,0.2481719842338694,-0.013816764032240159,0.5540204274547593
1779790119.068344,10.0,3.0798656019999955,0.5810788702990332,0.24814060739645996,-0.014035698139579644,0.555445679574959,0.2481719842338694,-0.013816764032240159,0.5540204274547593
1779790119.0783677,10.0,3.0999287659999952,0.5651325331091211,0.24813538812002398,-0.014038224594273133,0.5554601644043277,0.2481719842338694,-0.013816764032240159,0.5540204274547593
1779790119.0883577,10.0,3.119956745999996,0.5618957911071631,0.24812902420626248,-0.014043563898372387,0.5554905555097415,0.2481719842338694,-0.013816764032240159,0.5540204274547593
1779790119.0983338,10.0,3.1399403599999958,0.5798835762617058,0.24812068140478266,-0.014050514924414797,0.555534940303255,0.2481719842338694,-0.013816764032240159,0.5540204274547593
1779790119.1083453,10.0,3.1599234339999955,0.6293949494539184,0.2481149944284935,-0.014060672857089245,0.5555901873225528,0.2481719842338694,-0.013816764032240159,0.5540204274547593
1779790119.1183236,10.0,3.1798136319999957,0.711835135851723,0.24811106083256051,-0.014070010227212977,0.5556536365970414,0.2481719842338694,-0.013816764032240159,0.5540204274547593
1779790119.1283362,10.0,3.199878561999996,0.8015212468972165,0.248104994786719,-0.0140802092252975,0.5557173315385834,0.2481719842338694,-0.013816764032240159,0.5540204274547593
1779790119.138328,10.0,3.2199407839999954,0.8550526030529064,0.24810108533501007,-0.014090358493905818,0.5557826814752416,0.2481719842338694,-0.013816764032240159,0.5540204274547593
1779790119.1483233,10.0,3.2399823299999952,0.9014509307422848,0.24809216581306862,-0.014099925463336813,0.555839530589549,0.2481719842338694,-0.013816764032240159,0.5540204274547593
1779790119.1583626,10.0,3.2601731959999953,0.9310587241334881,0.24808535815311997,-0.01410631892707455,0.5558796149255745,0.2481719842338694,-0.013816764032240159,0.5540204274547593
1779790119.1683378,10.0,3.2798489279999954,0.9368099837574273,0.24807639909397264,-0.01411226646618351,0.5559046410095745,0.2481719842338694,-0.013816764032240159,0.5540204274547593
1779790119.1783392,10.0,3.299935557999995,0.8961083654741756,0.2480678176554344,-0.014115804265462875,0.5559203283755957,0.2481719842338694,-0.013816764032240159,0.5540204274547593
1779790119.1883838,10.0,3.320000287999995,0.8264338040294542,0.2480555176320249,-0.014119646305596466,0.5559277610853101,0.2481719842338694,-0.013816764032240159,0.5540204274547593
1779790119.1983967,10.0,3.3400163439999946,0.7782396312875057,0.24804668321394024,-0.014120793352325233,0.5559385275278355,0.2481719842338694,-0.013816764032240159,0.5540204274547593
1779790119.2083716,10.0,3.3600902699999953,0.7593734759937448,0.24803751851400227,-0.01412468628966045,0.5559538728218649,0.2481719842338694,-0.013816764032240159,0.5540204274547593
1779790119.2183416,10.0,3.379866231999995,0.745222230935745,0.2480267302227514,-0.014130879743887706,0.5559737073260889,0.2481719842338694,-0.013816764032240159,0.5540204274547593
1779790119.22833,10.0,3.399863451999994,0.7587543633561403,0.24801473100525556,-0.014133398590835898,0.5560043245725841,0.2481719842338694,-0.013816764032240159,0.5540204274547593
1779790119.2383542,10.0,3.4198683479999934,0.7983429289685303,0.24799974990692042,-0.014143663989909511,0.5560496717453624,0.2481719842338694,-0.013816764032240159,0.5540204274547593
1779790119.2483895,10.0,3.439923817999993,0.8607964801659778,0.2479886055593325,-0.014154785824561552,0.5561090961547657,0.2481719842338694,-0.013816764032240159,0.5540204274547593
1779790119.2583945,10.0,3.459942679999993,0.9476337612153242,0.2479782363602165,-0.014166061148715098,0.556170268418902,0.2481719842338694,-0.013816764032240159,0.5540204274547593
1779790119.2683969,10.0,3.4799166959999934,1.034683964879173,0.2479685570854983,-0.01417572199528512,0.5562289731645266,0.2481719842338694,-0.013816764032240159,0.5540204274547593
1779790119.278333,10.0,3.4999708859999936,1.0998456714092633,0.24795703417877435,-0.014185226624156834,0.5562854687688894,0.2481719842338694,-0.013816764032240159,0.5540204274547593
1779790119.2883546,10.0,3.5198568359999935,1.1382050578272642,0.24794839686737952,-0.014194968581498777,0.5563332372133551,0.2481719842338694,-0.013816764032240159,0.5540204274547593
1779790119.2983558,10.0,3.5400677999999934,1.1542920013084683,0.24793824522265612,-0.014200222098869791,0.5563637390665884,0.2481719842338694,-0.013816764032240159,0.5540204274547593
1779790119.3083265,10.0,3.5599300059999934,1.1418035543165317,0.24792885802832845,-0.014205071849006103,0.5563809133534781,0.2481719842338694,-0.013816764032240159,0.5540204274547593
1779790119.3183444,10.0,3.5800575119999936,1.0958033260807718,0.2479186996350138,-0.01420587996504123,0.5563902025533365,0.2481719842338694,-0.013816764032240159,0.5540204274547593
1779790119.3283317,10.0,3.6000279019999937,1.0376631879876161,0.24790717730701275,-0.014208017969469687,0.556398148769924,0.2481719842338694,-0.013816764032240159,0.5540204274547593
1779790119.3383212,10.0,3.619990217999993,0.9960561520585909,0.24789942140330795,-0.014210344776446842,0.5564078677220344,0.2481719842338694,-0.013816764032240159,0.5540204274547593
1779790119.3483593,10.0,3.639874383999993,0.9919224864307147,0.24789091973134778,-0.014215161454520274,0.556421727265351,0.2481719842338694,-0.013816764032240159,0.5540204274547593
1779790119.358312,10.0,3.659897433999994,1.0001306246405444,0.24788045116832771,-0.01422033105099796,0.5564462770489736,0.2481719842338694,-0.013816764032240159,0.5540204274547593
1779790119.368316,10.0,3.680060807999994,1.0190194976390425,0.24786775710043776,-0.01422651153168025,0.5564806376087851,0.2481719842338694,-0.013816764032240159,0.5540204274547593
1779790119.3783545,10.0,3.6999770959999942,1.0603205201984836,0.24784685018574804,-0.014234474420252129,0.5565301230767653,0.2481719842338694,-0.013816764032240159,0.5540204274547593
1779790119.3883793,10.0,3.719972413999995,1.1219273756265264,0.24782600104543334,-0.014249430184280086,0.556588290702541,0.2481719842338694,-0.013816764032240159,0.5540204274547593
1779790119.3982975,10.0,3.7399956219999946,1.2051302047646322,0.24781246457763817,-0.014261265103903261,0.5566505770026899,0.2481719842338694,-0.013816764032240159,0.5540204274547593
1779790119.408326,10.0,3.759860151999994,1.2915367297207154,0.24779834168168466,-0.014274299919503148,0.5567169463892182,0.2481719842338694,-0.013816764032240159,0.5540204274547593
1779790119.4183187,10.0,3.7798413619999938,1.3444285238752438,0.24778355949098918,-0.014284079596704967,0.5567762990290088,0.2481719842338694,-0.013816764032240159,0.5540204274547593
1779790119.4283304,10.0,3.8000074239999924,1.370829832281472,0.24776817860326764,-0.0142934066430127,0.556831289170611,0.2481719842338694,-0.013816764032240159,0.5540204274547593
1779790119.438438,10.0,3.8201120459999927,1.3769932657815738,0.24774953223920296,-0.014302547462501444,0.5568726397840359,0.2481719842338694,-0.013816764032240159,0.5540204274547593
1779790119.448375,10.0,3.8398976479999924,1.3517012229958685,0.24773002963749882,-0.014309403406910625,0.5569072481113734,0.2481719842338694,-0.013816764032240159,0.5540204274547593
1779790119.458337,10.0,3.8599620559999925,1.305950012085354,0.24770628548892007,-0.014317097104847082,0.5569352155389609,0.2481719842338694,-0.013816764032240159,0.5540204274547593
1779790119.4684064,10.0,3.879825703999993,1.2629394397576712,0.24767827480182397,-0.014325940555745235,0.5569584034944065,0.2481719842338694,-0.013816764032240159,0.5540204274547593
1779790119.4783003,10.0,3.9000785879999915,1.2391804463812612,0.24764983871153112,-0.014333265396783127,0.5569934195093741,0.2481719842338694,-0.013816764032240159,0.5540204274547593
1779790119.4883463,10.0,3.9199083519999913,1.2323466998024484,0.24761711784261714,-0.014344916066705092,0.5570343331603579,0.2481719842338694,-0.013816764032240159,0.5540204274547593
1779790119.4983518,10.0,3.939922523999992,1.242884602406366,0.24757721282568845,-0.014359345852493925,0.5570905936613965,0.2481719842338694,-0.013816764032240159,0.5540204274547593
1779790119.5083308,10.0,3.9599248939999923,1.2724342015158097,0.2475269817885591,-0.014376290159164577,0.5571609950706278,0.2481719842338694,-0.013816764032240159,0.5540204274547593
1779790119.5182948,10.0,3.9798353319999924,1.324606166427495,0.24746926068353992,-0.014400378601349375,0.5572463806948903,0.2481719842338694,-0.013816764032240159,0.5540204274547593
1779790119.5283623,10.0,3.999964299999992,1.4087280677975738,0.24741775722032225,-0.014421666193942957,0.5573480802011378,0.2481719842338694,-0.013816764032240159,0.5540204274547593
1779790119.5383642,10.0,4.019849749999992,1.5071025313096726,0.24736736644523902,-0.014445555273184262,0.5574574577502204,0.2481719842338694,-0.013816764032240159,0.5540204274547593
1779790119.5483558,10.0,4.03976780199999,1.5841620522871427,0.24732059173950532,-0.014470509317665017,0.5575788475076003,0.2481719842338694,-0.013816764032240159,0.5540204274547593
1779790119.5583255,10.0,4.0598832059999905,1.6340591552982722,0.24727504613267978,-0.014494852954446956,0.5576964159690109,0.2481719842338694,-0.013816764032240159,0.5540204274547593
1779790119.5683272,10.0,4.07985285399999,1.6643278407516966,0.24722735565077872,-0.014517033493256623,0.5578107327888684,0.2481719842338694,-0.013816764032240159,0.5540204274547593
1779790119.578325,10.0,4.09986311999999,1.655390983937049,0.24717561711412772,-0.014540380485823925,0.5579148652275989,0.2481719842338694,-0.013816764032240159,0.5540204274547593
1779790119.588356,10.0,4.11998527599999,1.6255504305423183,0.24712475358050168,-0.014560983175122307,0.5580075961562735,0.2481719842338694,-0.013816764032240159,0.5540204274547593
1779790119.5983307,10.0,4.13997760799999,1.5915352642480065,0.2470712929749739,-0.014583130995165557,0.5581001568062955,0.2481719842338694,-0.013816764032240159,0.5540204274547593
1779790119.6083145,10.0,4.15990323199999,1.5482113689066461,0.24701456476135977,-0.014603628316421867,0.558190128625077,0.2481719842338694,-0.013816764032240159,0.5540204274547593
1779790119.6183238,10.0,4.17984540999999,1.5228078492417443,0.24695600580594398,-0.014625605479051533,0.5582803182968141,0.2481719842338694,-0.013816764032240159,0.5540204274547593
1779790119.6283038,10.0,4.20000521799999,1.5193331553427847,0.24688901954363696,-0.014652359777350693,0.5583799631705543,0.2481719842338694,-0.013816764032240159,0.5540204274547593
1779790119.638401,10.0,4.219926835999989,1.5225106332909464,0.24680342052743534,-0.014680710522901534,0.5584896841091107,0.2481719842338694,-0.013816764032240159,0.5540204274547593
1779790119.6483233,10.0,4.239828935999989,1.5467972779534298,0.24670783712641342,-0.0147134891143181,0.5586104410898138,0.2481719842338694,-0.013816764032240159,0.5540204274547593
1779790119.6583529,10.0,4.25990674999999,1.6180358915162276,0.2465986555305631,-0.014752755979275601,0.558749516527923,0.2481719842338694,-0.013816764032240159,0.5540204274547593
1779790119.6682909,10.0,4.279966207999991,1.693120658049587,0.24648138064952357,-0.014798466834331468,0.5589012766085306,0.2481719842338694,-0.013816764032240159,0.5540204274547593
1779790119.6783807,10.0,4.2998240239999905,1.7949634554286944,0.24636543858863522,-0.014839756914459476,0.5590639921243687,0.2481719842338694,-0.013816764032240159,0.5540204274547593
1779790119.6884232,10.0,4.320193227999991,1.8683095443587552,0.2462556019134251,-0.01488424463505063,0.5592361378767823,0.2481719842338694,-0.013816764032240159,0.5540204274547593
1779790119.698318,10.0,4.339964761999991,1.9151417827956572,0.24615115831132336,-0.014926201220662008,0.5594135173619188,0.2481719842338694,-0.013816764032240159,0.5540204274547593
1779790119.7083468,10.0,4.3599130499999905,1.9421094085952044,0.24605079860703222,-0.014967821923374406,0.5595828991259795,0.2481719842338694,-0.013816764032240159,0.5540204274547593
1779790119.7183135,10.0,4.379889851999991,1.9586445419302763,0.24595547158069445,-0.015004263745345005,0.5597423972008027,0.2481719842338694,-0.013816764032240159,0.5540204274547593
1779790119.7283087,10.0,4.399970169999991,1.950135144211874,0.24586135697011807,-0.015040324855544695,0.5598890101171761,0.2481719842338694,-0.013816764032240159,0.5540204274547593
1779790119.7383327,10.0,4.419865357999991,1.9143647328117281,0.24576180039914042,-0.015077800528197538,0.5600332120128596,0.2481719842338694,-0.013816764032240159,0.5540204274547593
1779790119.748338,10.0,4.43986488399999,1.8718905014191791,0.2456556424754672,-0.015110452123195785,0.5601669426916238,0.2481719842338694,-0.013816764032240159,0.5540204274547593
1779790119.7583964,10.0,4.459856211999989,1.84471401687325,0.24553467239658902,-0.015150508155724373,0.5602981191481372,0.2481719842338694,-0.013816764032240159,0.5540204274547593
1779790119.7683103,10.0,4.479825901999988,1.8217356940023135,0.2454016147955362,-0.015191406062793398,0.560430023643697,0.2481719842338694,-0.013816764032240159,0.5540204274547593
1779790119.7783172,10.0,4.499882915999989,1.815740265806121,0.2452567722945626,-0.015237457717673817,0.5605665369995054,0.2481719842338694,-0.013816764032240159,0.5540204274547593
1779790119.7883894,10.0,4.520093037999989,1.8238252045839778,0.2451064379381844,-0.015282260995954972,0.5607140845873033,0.2481719842338694,-0.013816764032240159,0.5540204274547593
1779790119.7984056,10.0,4.5401508539999895,1.8579840596645814,0.2449463751058029,-0.015336929279062486,0.560879861022001,0.2481719842338694,-0.013816764032240159,0.5540204274547593
1779790119.8083217,10.0,4.559973965999989,1.91459418454641,0.24477795857110876,-0.015393248741689267,0.5610626741414153,0.2481719842338694,-0.013816764032240159,0.5540204274547593
1779790119.8183184,10.0,4.5798861259999875,1.9948464271835618,0.24461186646283326,-0.015452168777280104,0.5612572208220115,0.2481719842338694,-0.013816764032240159,0.5540204274547593
1779790119.8283298,10.0,4.599925865999986,2.077149446072208,0.24445258171911577,-0.015511887022881102,0.5614634472993,0.2481719842338694,-0.013816764032240159,0.5540204274547593
1779790119.8383422,10.0,4.6200215939999865,2.1320924713346994,0.24430266077467092,-0.015570313019489027,0.5616775623285019,0.2481719842338694,-0.013816764032240159,0.5540204274547593
1779790119.8483214,10.0,4.639844945999986,2.1750025455654654,0.2441601716602307,-0.01562576866969298,0.5618926876512121,0.2481719842338694,-0.013816764032240159,0.5540204274547593
1779790119.8583078,10.0,4.659838979999986,2.1795100734078496,0.24401876919582646,-0.01568142286989288,0.5621066053647106,0.2481719842338694,-0.013816764032240159,0.5540204274547593
1779790119.868317,10.0,4.6798866759999855,2.146704407740209,0.24388397999249295,-0.015735865275118624,0.5623156950995858,0.2481719842338694,-0.013816764032240159,0.5540204274547593
1779790119.8783762,10.0,4.699862255999986,2.091822850342085,0.24374349685537935,-0.015789689794968788,0.5625238333696235,0.2481719842338694,-0.013816764032240159,0.5540204274547593
1779790119.8883963,10.0,4.719893599999986,2.0251615626255886,0.24358886877108848,-0.015845604675946173,0.5627263737732985,0.2481719842338694,-0.013816764032240159,0.5540204274547593
1779790119.8983474,10.0,4.740045653999985,1.9748285661363445,0.24341990103275174,-0.015906303856514214,0.5629327175508465,0.2481719842338694,-0.013816764032240159,0.5540204274547593
1779790119.9083216,10.0,4.7598682439999855,1.9437941945798447,0.24324435911240105,-0.015967033081151442,0.5631312316353037,0.2481719842338694,-0.013816764032240159,0.5540204274547593
1779790119.9183273,10.0,4.779824587999985,1.9537288499739136,0.24305394494133728,-0.01603603268663539,0.5633519254825443,0.2481719842338694,-0.013816764032240159,0.5540204274547593
1779790119.9283345,10.0,4.800019161999986,1.9779422571691143,0.24285326858208617,-0.016107442086028902,0.5635815602965096,0.2481719842338694,-0.013816764032240159,0.5540204274547593
1779790119.9383671,10.0,4.8199055939999855,2.029470807911375,0.24263630158585547,-0.0161839709200241,0.5638236286147256,0.2481719842338694,-0.013816764032240159,0.5540204274547593
1779790119.9483638,10.0,4.839864981999986,2.0955867469273723,0.24240643816406351,-0.016264510717587322,0.5640855989732485,0.2481719842338694,-0.013816764032240159,0.5540204274547593
1779790119.9583592,10.0,4.859927807999985,2.170091078101507,0.24217834116189094,-0.01635003083347695,0.5643652570182203,0.2481719842338694,-0.013816764032240159,0.5540204274547593
1779790119.9683156,10.0,4.879865675999985,2.234495930904752,0.24195478743049578,-0.016434203991049428,0.5646606392115254,0.2481719842338694,-0.013816764032240159,0.5540204274547593
1779790119.9783037,10.0,4.899987351999985,2.266772814042645,0.2417306290691319,-0.016521029717602484,0.5649662158812735,0.2481719842338694,-0.013816764032240159,0.5540204274547593
1779790119.9883156,10.0,4.919841961999986,2.266012539879644,0.24151439144200043,-0.01660240690496305,0.5652649960405529,0.2481719842338694,-0.013816764032240159,0.5540204274547593
1779790119.99837,10.0,4.9400362959999855,2.2641303000548465,0.24130099076945807,-0.016685188387125446,0.5655584257250454,0.2481719842338694,-0.013816764032240159,0.5540204274547593
1779790120.008324,10.0,4.959958253999985,2.236754559327504,0.2410684725852504,-0.016772511683154204,0.5658472363090108,0.2481719842338694,-0.013816764032240159,0.5540204274547593
1779790120.0183358,10.0,4.979884621999985,2.181876934886644,0.2408173008133695,-0.01685984413199953,0.5661355438919305,0.2481719842338694,-0.013816764032240159,0.5540204274547593
1779790120.0283196,10.0,4.999925483999985,2.1363771058690624,0.24054506040953852,-0.016952335770888626,0.5664273608897952,0.2481719842338694,-0.013816764032240159,0.5540204274547593
1779790120.038326,10.0,5.019858583999986,2.093642627371055,0.24026199645152266,-0.01704962426271304,0.5667304149142632,0.2481719842338694,-0.013816764032240159,0.5540204274547593
1779790120.0483944,10.0,5.039818033999986,2.069315472088451,0.23995869747046117,-0.017151575937440915,0.5670447543358845,0.2481719842338694,-0.013816764032240159,0.5540204274547593
1779790120.0583375,10.0,5.0599111759999875,2.0573015231017426,0.23964194410239842,-0.01725778729762059,0.5673796099112097,0.2481719842338694,-0.013816764032240159,0.5540204274547593
1779790120.0684016,10.0,5.080091501999987,2.0671092276857723,0.2393196476312677,-0.0173669922983886,0.5677420122529766,0.2481719842338694,-0.013816764032240159,0.5540204274547593
1779790120.0783808,10.0,5.0998609919999875,2.1152407873054204,0.23898769329078848,-0.017480169036309487,0.5681310068086907,0.2481719842338694,-0.013816764032240159,0.5540204274547593
1779790120.0883212,10.0,5.119951609999988,2.1678239177244207,0.23864374109789635,-0.0175983039746554,0.5685599933397192,0.2481719842338694,-0.013816764032240159,0.5540204274547593
1779790120.0984063,10.0,5.139892003999988,2.2381995115085247,0.23830598121910695,-0.017717697083062697,0.5690017971186514,0.2481719842338694,-0.013816764032240159,0.5540204274547593
1779790120.108377,10.0,5.159892369999986,2.3269523817223408,0.2379621185254863,-0.01784263876937557,0.5694749309591499,0.2481719842338694,-0.013816764032240159,0.5540204274547593
1779790120.1183174,10.0,5.179899649999986,2.368491157758421,0.23761948078665646,-0.017971234474186203,0.5699743393186222,0.2481719842338694,-0.013816764032240159,0.5540204274547593
1779790120.128345,10.0,5.199966201999983,2.3723580938637046,0.23727476953850585,-0.018099831121722913,0.5704976502135026,0.2481719842338694,-0.013816764032240159,0.5540204274547593
1779790120.1383362,10.0,5.2198202119999815,2.3634672056041928,0.2369216631575782,-0.018231693855522067,0.5710253058260457,0.2481719842338694,-0.013816764032240159,0.5540204274547593
1779790120.1483092,10.0,5.23981975599998,2.347735271127473,0.2365720103475838,-0.01836559609237284,0.5715682742906192,0.2481719842338694,-0.013816764032240159,0.5540204274547593
1779790120.1583319,10.0,5.25992335799998,2.32774966940816,0.23620229526499636,-0.018504736177768204,0.5721200365580255,0.2481719842338694,-0.013816764032240159,0.5540204274547593
1779790120.1683362,10.0,5.279844815999979,2.2993335073343855,0.23581351683616797,-0.018642676798893004,0.5726866030537676,0.2481719842338694,-0.013816764032240159,0.5540204274547593
1779790120.1783266,10.0,5.299933829999979,2.293404864418063,0.235395802055107,-0.018786997925095847,0.5732552286383154,0.2481719842338694,-0.013816764032240159,0.5540204274547593
1779790120.1883883,10.0,5.319868933999981,2.3057153954112284,0.23494575080399702,-0.01893941048427447,0.5738211639317364,0.2481719842338694,-0.013816764032240159,0.5540204274547593
1779790120.1983306,10.0,5.340054691999983,2.3318349199371697,0.23447430779281056,-0.019094300001509086,0.5744061113047878,0.2481719842338694,-0.013816764032240159,0.5540204274547593
1779790120.208312,10.0,5.359977751999984,2.3593346435958997,0.23398277458440006,-0.019252887905163156,0.5750153506729527,0.2481719842338694,-0.013816764032240159,0.5540204274547593
1779790120.2183442,10.0,5.379883839999985,2.3931980858385278,0.23348861299202897,-0.019412867491007825,0.5756334716190276,0.2481719842338694,-0.013816764032240159,0.5540204274547593
1779790120.2283425,10.0,5.399891941999985,2.4555371657203295,0.23300183783274275,-0.019573872307313393,0.5762630567950723,0.2481719842338694,-0.013816764032240159,0.5540204274547593
1779790120.2383091,10.0,5.419882169999987,2.5082979397984073,0.23251179491366286,-0.019729469805192915,0.5768889585801038,0.2481719842338694,-0.013816764032240159,0.5540204274547593
1779790120.2483742,10.0,5.439933351999987,2.559516296680002,0.23201643056972165,-0.019881058020386803,0.5775102677928465,0.2481719842338694,-0.013816764032240159,0.5540204274547593
1779790120.2583447,10.0,5.459836013999988,2.5742761392078837,0.2315142080829691,-0.020034438923754276,0.5781357577475912,0.2481719842338694,-0.013816764032240159,0.5540204274547593
1779790120.26831,10.0,5.479847541999989,2.5393424937815077,0.23100772514971926,-0.020188683430005717,0.5787616924907574,0.2481719842338694,-0.013816764032240159,0.5540204274547593
1779790120.2783742,10.0,5.499895617999989,2.4753020521627667,0.230491549859335,-0.020345332092200834,0.5793881743910494,0.2481719842338694,-0.013816764032240159,0.5540204274547593
1779790120.288402,10.0,5.519840099999989,2.40408779235506,0.2299690575053787,-0.02050144321030674,0.5800249249814621,0.2481719842338694,-0.013816764032240159,0.5540204274547593
1779790120.2983904,10.0,5.539839663999989,2.3206076603874974,0.2294232972801419,-0.020654938488693438,0.5806685195441913,0.2481719842338694,-0.013816764032240159,0.5540204274547593
1779790120.3083434,10.0,5.559854317999989,2.221429167814073,0.2288581585215937,-0.020807423127243454,0.581313480002325,0.2481719842338694,-0.013816764032240159,0.5540204274547593
1779790120.318356,10.0,5.579953231999988,2.1533826036922745,0.22827521066971762,-0.020960324611744057,0.5819635960374986,0.2481719842338694,-0.013816764032240159,0.5540204274547593
1779790120.328355,10.0,5.600067773999989,2.133824300204461,0.2276669761113951,-0.02111710497293473,0.5826382406141728,0.2481719842338694,-0.013816764032240159,0.5540204274547593
1779790120.3383267,10.0,5.619947693999988,2.1080133517053925,0.2270258584593059,-0.021277193137608674,0.5833406835118705,0.2481719842338694,-0.013816764032240159,0.5540204274547593
1779790120.3482995,10.0,5.639789259999986,2.1176309259665493,0.2263695809675779,-0.021437683861407705,0.5840604912635246,0.2481719842338694,-0.013816764032240159,0.5540204274547593
1779790120.3583605,10.0,5.659908149999987,2.170403047826056,0.2256706661369729,-0.021607908668362225,0.5848166655182802,0.2481719842338694,-0.013816764032240159,0.5540204274547593
1779790120.3683019,10.0,5.679826441999987,2.185878508773676,0.2249210825427307,-0.02178187743340555,0.5856125494344511,0.2481719842338694,-0.013816764032240159,0.5540204274547593
1779790120.3783166,10.0,5.699877583999986,2.221060231456135,0.22413615797188213,-0.021957007750309954,0.5864379319605872,0.2481719842338694,-0.013816764032240159,0.5540204274547593
1779790120.3883321,10.0,5.719949907999984,2.328127860117424,0.22333994603963914,-0.02213345668980919,0.5873006580681263,0.2481719842338694,-0.013816764032240159,0.5540204274547593
1779790120.3983467,10.0,5.739890321999983,2.4311695892400933,0.2225318640854546,-0.022313790688316144,0.588195908823297,0.2481719842338694,-0.013816764032240159,0.5540204274547593
1779790120.4083478,10.0,5.759854619999983,2.504395824704215,0.22174583460224623,-0.02248166869741833,0.5891099840965611,0.2481719842338694,-0.013816764032240159,0.5540204274547593
1779790120.418297,10.0,5.779902275999981,2.5892483912014828,0.22096835017873326,-0.022636486205505936,0.590038324559338,0.2481719842338694,-0.013816764032240159,0.5540204274547593
1779790120.4283211,10.0,5.799990687999982,2.6374172337880846,0.2201834068431257,-0.0227936266953831,0.5909770368883028,0.2481719842338694,-0.013816764032240159,0.5540204274547593
1779790120.4383523,10.0,5.819868783999981,2.63616489961535,0.2193945421969012,-0.022941966497651664,0.5919168290043767,0.2481719842338694,-0.013816764032240159,0.5540204274547593
1779790120.448371,10.0,5.83989417799998,2.6566763731500975,0.21859216771100148,-0.02308404882199622,0.5928632174166111,0.2481719842338694,-0.013816764032240159,0.5540204274547593
1779790120.4583077,10.0,5.85986236399998,2.6009591604977556,0.21776936552055867,-0.023228496738377916,0.5938369931173519,0.2481719842338694,-0.013816764032240159,0.5540204274547593
1779790120.468297,10.0,5.8798340359999814,2.4892334875180224,0.2169248517580761,-0.023373418555697138,0.5948143990380363,0.2481719842338694,-0.013816764032240159,0.5540204274547593
1779790120.478312,10.0,5.899876843999982,2.3808300308554697,0.21604413661115893,-0.023527433007747255,0.595801655023571,0.2481719842338694,-0.013816764032240159,0.5540204274547593
1779790120.488332,10.0,5.919926283999983,2.2474643689648532,0.21513145949924353,-0.023683416147472085,0.5967941217278403,0.2481719842338694,-0.013816764032240159,0.5540204274547593
1779790120.498308,10.0,5.939972035999984,2.1663201084230246,0.21416944258869203,-0.02384910003944408,0.5978004070218972,0.2481719842338694,-0.013816764032240159,0.5540204274547593
1779790120.508313,10.0,5.959825663999984,2.092701121082035,0.21317690600633293,-0.02402220790226176,0.5988353835854638,0.2481719842338694,-0.013816764032240159,0.5540204274547593
1779790120.5183244,10.0,5.979852381999981,2.1066288513082956,0.21216864395471138,-0.02419674750727781,0.5998943125329544,0.2481719842338694,-0.013816764032240159,0.5540204274547593
1779790120.5283225,10.0,5.999917651999982,2.1546808072589134,0.21113927828022055,-0.02437821745174008,0.6009984490815031,0.2481719842338694,-0.013816764032240159,0.5540204274547593
1779790120.5383108,10.0,6.019936793999982,2.2427351974419265,0.21010651003875466,-0.02455866758107471,0.6020950705215784,0.2481719842338694,-0.013816764032240159,0.5540204274547593
1779790120.5483055,10.0,6.0398701139999815,2.4168981466741855,0.20905069533933318,-0.024742702532716373,0.6032211036992615,0.2481719842338694,-0.013816764032240159,0.5540204274547593
1779790120.5583503,10.0,6.059936865999981,2.583061676453217,0.2079744861378321,-0.024937957355311652,0.6043482645638155,0.2481719842338694,-0.013816764032240159,0.5540204274547593
1779790120.5683827,10.0,6.0798913659999805,2.7255473240815475,0.20688279128881956,-0.025140857598425936,0.6055010877735161,0.2481719842338694,-0.013816764032240159,0.5540204274547593
1779790120.5783126,10.0,6.09980512799998,2.75572644278855,0.20577498239184305,-0.02534777321973322,0.6067130869711359,0.2481719842338694,-0.013816764032240159,0.5540204274547593
1779790120.5883436,10.0,6.1199581439999795,2.691754927232695,0.2046609177994063,-0.025558725143417994,0.6079484269057683,0.2481719842338694,-0.013816764032240159,0.5540204274547593
1779790120.5983331,10.0,6.139993255999979,2.579672457028348,0.20354415572844586,-0.025772018483941023,0.609214700238778,0.2481719842338694,-0.013816764032240159,0.5540204274547593
1779790120.60832,10.0,6.15987227399998,2.4165285140663384,0.20242244702720097,-0.025991998682138962,0.6105139954049841,0.2481719842338694,-0.013816764032240159,0.5540204274547593
1779790120.6183157,10.0,6.17989772799998,2.221758752691167,0.20127373767342532,-0.02621697166236453,0.6118441056729419,0.2481719842338694,-0.013816764032240159,0.5540204274547593
1779790120.6283538,10.0,6.19998235399998,2.1043280384598493,0.20010144620399603,-0.02644603551928124,0.6131792866904081,0.2481719842338694,-0.013816764032240159,0.5540204274547593
1779790120.63836,10.0,6.2198715299999785,2.104624516944467,0.19887909716912244,-0.02668220138090212,0.6145007317985856,0.2481719842338694,-0.013816764032240159,0.5540204274547593
1779790120.648331,10.0,6.239941487999979,2.1963265717895335,0.19761593230482496,-0.026917016901388216,0.6158037112213975,0.2481719842338694,-0.013816764032240159,0.5540204274547593
1779790120.6583197,10.0,6.25999291199998,2.3403008717083855,0.1963102586958595,-0.027155281386436764,0.6170906105796062,0.2481719842338694,-0.013816764032240159,0.5540204274547593
1779790120.6683183,10.0,6.279881667999979,2.567021128775899,0.1949811506195097,-0.02739378509093149,0.6184025742476014,0.2481719842338694,-0.013816764032240159,0.5540204274547593
1779790120.6782787,10.0,6.2999939259999795,2.7494637209626083,0.1936411842623875,-0.02765432444060364,0.61978279442293,0.2481719842338694,-0.013816764032240159,0.5540204274547593
1779790120.6884112,10.0,6.320044867999979,2.7816389876716174,0.19231130186160547,-0.027925475903767195,0.6212192402167445,0.2481719842338694,-0.013816764032240159,0.5540204274547593
1779790120.6983454,10.0,6.339901261999979,2.680885154011044,0.19097271494699322,-0.02820810752383581,0.622708107774107,0.2481719842338694,-0.013816764032240159,0.5540204274547593
1779790120.7083066,10.0,6.359899645999979,2.5123857813255706,0.18961758283462446,-0.028494899866443272,0.6242278428647081,0.2481719842338694,-0.013816764032240159,0.5540204274547593
1779790120.7183473,10.0,6.37987847199998,2.393110083741239,0.18821368274509054,-0.028790305551012235,0.6257247912546209,0.2481719842338694,-0.013816764032240159,0.5540204274547593
1779790120.7283492,10.0,6.40006254599998,2.3933388080383593,0.1867652665382758,-0.02908769485451375,0.627176644915416,0.2481719842338694,-0.013816764032240159,0.5540204274547593
1779790120.7382984,10.0,6.41988513599998,2.4943939683772243,0.18528587183317372,-0.02938212837071599,0.628593274519164,0.2481719842338694,-0.013816764032240159,0.5540204274547593
1779790120.748343,10.0,6.4398264519999815,2.6654611144601965,0.18379057937206594,-0.02967629851341508,0.6300336242309476,0.2481719842338694,-0.013816764032240159,0.5540204274547593
1779790120.7583156,10.0,6.459819943999982,2.7661905064029724,0.18231501235970365,-0.02997608130541455,0.6315487285064554,0.2481719842338694,-0.013816764032240159,0.5540204274547593
1779790120.7683063,10.0,6.479981275999982,2.799688295863232,0.18084903143611358,-0.030289497422415174,0.6331144155155607,0.2481719842338694,-0.013816764032240159,0.5540204274547593
1779790120.7782993,10.0,6.499832921999983,2.7218856980372186,0.1793836696435634,-0.030607468109355208,0.6347111145678038,0.2481719842338694,-0.013816764032240159,0.5540204274547593
1779790120.7883642,10.0,6.519962893999983,2.6257807423391535,0.1778953056176196,-0.030927407703705403,0.6363069461659008,0.2481719842338694,-0.013816764032240159,0.5540204274547593
1779790120.7983735,10.0,6.539874231999985,2.627110618766569,0.17637583478564553,-0.031244468245280908,0.6378700141241943,0.2481719842338694,-0.013816764032240159,0.5540204274547593
1779790120.808386,10.0,6.559890007999984,2.7345964013989095,0.17480472688008453,-0.03156849005148676,0.6393801270652899,0.2481719842338694,-0.013816764032240159,0.5540204274547593
1779790120.8183892,10.0,6.5801041379999825,2.9327696859484638,0.17321584265288506,-0.031883965347710194,0.6408536622310467,0.2481719842338694,-0.013816764032240159,0.5540204274547593
1779790120.8283112,10.0,6.599937289999982,3.1788519808740183,0.17163330543871946,-0.032211283744668216,0.6423772657196837,0.2481719842338694,-0.013816764032240159,0.5540204274547593
1779790120.8384511,10.0,6.620114329999981,3.2857644212577473,0.1700671948997762,-0.03255240583525207,0.6439684393928391,0.2481719842338694,-0.013816764032240159,0.5540204274547593
1779790120.8483388,10.0,6.640059571999981,3.2042056582497622,0.16850422960126443,-0.03290025840989754,0.6455934716199527,0.2481719842338694,-0.013816764032240159,0.5540204274547593
1779790120.858334,10.0,6.659951153999981,3.081333962165192,0.16693842709376358,-0.0332459980877148,0.6472217574150511,0.2481719842338694,-0.013816764032240159,0.5540204274547593
1779790120.8683863,10.0,6.6799916759999824,3.0662779104178646,0.1653999769711445,-0.033578655594138467,0.6487975011539737,0.2481719842338694,-0.013816764032240159,0.5540204274547593
1779790120.8783455,10.0,6.6999221099999815,3.245621695875429,0.16387440635524606,-0.0338998883585066,0.6503372747539498,0.2481719842338694,-0.013816764032240159,0.5540204274547593
1779790120.8883672,10.0,6.7199378859999825,3.5678694213259674,0.16239581237548106,-0.034216763166398025,0.6518232493987196,0.2481719842338694,-0.013816764032240159,0.5540204274547593
1779790120.8983495,10.0,6.74001117199998,4.005256217288533,0.16095736972755487,-0.03454736656201574,0.6533410467464109,0.2481719842338694,-0.013816764032240159,0.5540204274547593
1779790120.90834,10.0,6.75983586599998,4.3138875127887735,0.1595774695862128,-0.034887152699708525,0.6548964500020699,0.2481719842338694,-0.013816764032240159,0.5540204274547593
1779790120.918343,10.0,6.779861699999982,4.488882012346928,0.1582585752510149,-0.0352378823465932,0.6564613911721087,0.2481719842338694,-0.013816764032240159,0.5540204274547593
1779790120.9283257,10.0,6.799947627999981,4.611077319783785,0.15698660252109914,-0.03559178279702294,0.6580191836682858,0.2481719842338694,-0.013816764032240159,0.5540204274547593
1779790120.9383245,10.0,6.81981877199998,4.818447281259759,0.15576361691422647,-0.035942633794664405,0.659511682056256,0.2481719842338694,-0.013816764032240159,0.5540204274547593
1779790120.9483123,10.0,6.83988219799998,5.158137838455683,0.15458882966954438,-0.036289471641883404,0.660908117090532,0.2481719842338694,-0.013816764032240159,0.5540204274547593
1779790120.9583926,10.0,6.860091137999981,5.623551151637529,0.15346821676005942,-0.03663078942729953,0.6622198324425572,0.2481719842338694,-0.013816764032240159,0.5540204274547593
1779790120.9683363,10.0,6.879945167999981,6.120328301077926,0.15237931686515396,-0.036979869728959266,0.6634594409641396,0.2481719842338694,-0.013816764032240159,0.5540204274547593
1779790120.978336,10.0,6.899908505999981,6.509484955932857,0.15133788281219335,-0.0373349720724493,0.6646735721106657,0.2481719842338694,-0.013816764032240159,0.5540204274547593
1779790120.98833,10.0,6.920074183999981,6.783687520695968,0.15034535496941887,-0.03769513032563075,0.6658269860530543,0.2481719842338694,-0.013816764032240159,0.5540204274547593
1779790120.9983268,10.0,6.939975963999982,6.9526910651757765,0.14939535965123307,-0.038056090163722904,0.6669152299939943,0.2481719842338694,-0.013816764032240159,0.5540204274547593
1779790121.0083501,10.0,6.9599910999999794,7.073324551492569,0.14851015511393745,-0.03841686133342607,0.6679425733826518,0.2481719842338694,-0.013816764032240159,0.5540204274547593
1779790121.0183122,10.0,6.979860357999979,7.233391913370992,0.147676834957625,-0.038769206786971995,0.6688880478346365,0.2481719842338694,-0.013816764032240159,0.5540204274547593
1779790121.0283267,10.0,6.99989366799998,7.436464576108702,0.14690461321457224,-0.03910098609399375,0.6697489370071752,0.2481719842338694,-0.013816764032240159,0.5540204274547593
1779790121.0383549,10.0,7.019944649999978,7.697923984466944,0.14621645237585618,-0.03940910868268857,0.6705038937531619,0.2481719842338694,-0.013816764032240159,0.5540204274547593
1779790121.048306,10.0,7.039869513999979,8.010427266346735,0.14560879839005653,-0.03969156139261846,0.671171624169996,0.2481719842338694,-0.013816764032240159,0.5540204274547593
1779790121.058378,10.0,7.059857215999981,8.314304724320449,0.14508659102097263,-0.03995494159608466,0.6717621307915269,0.2481719842338694,-0.013816764032240159,0.5540204274547593
1779790121.068328,10.0,7.080057241999977,8.608907030949927,0.14465592188647966,-0.0401818821928588,0.6722577753430847,0.2481719842338694,-0.013816764032240159,0.5540204274547593
1779790121.078309,10.0,7.09988792799998,8.871448835100948,0.14430879942076036,-0.040382581692770994,0.6726803142453757,0.2481719842338694,-0.013816764032240159,0.5540204274547593
1779790121.0883408,10.0,7.12000633799998,9.061829875573311,0.14403805661280383,-0.04056332021643205,0.6730184010799348,0.2481719842338694,-0.013816764032240159,0.5540204274547593
1779790121.0983403,10.0,7.139962139999978,9.232646572159492,0.1438378004153788,-0.04070777615226987,0.6732640611292807,0.2481719842338694,-0.013816764032240159,0.5540204274547593
1779790121.1083193,10.0,7.159865803999978,9.369620093253078,0.14368846941861987,-0.04081419780690926,0.6734228544554802,0.2481719842338694,-0.013816764032240159,0.5540204274547593
1779790121.118319,10.0,7.179819221999977,9.42487923506816,0.14357814738957048,-0.04089338588897466,0.673481293530236,0.2481719842338694,-0.013816764032240159,0.5540204274547593
1779790121.1283345,10.0,7.199917253999977,9.400952913373882,0.1435152189011684,-0.040943884296688514,0.6734348191917804,0.2481719842338694,-0.013816764032240159,0.5540204274547593
1779790121.1383462,10.0,7.220023659999979,9.348529441937348,0.14348902957411616,-0.04097290857227007,0.6732944667605998,0.2481719842338694,-0.013816764032240159,0.5540204274547593
1779790121.1483135,10.0,7.239886245999979,9.269510535741437,0.14348787350893796,-0.04098548008576609,0.6730824220886179,0.2481719842338694,-0.013816764032240159,0.5540204274547593
1779790121.158439,10.0,7.259990049999979,9.149619901421122,0.14352912536023402,-0.04098385565464056,0.6728084727250259,0.2481719842338694,-0.013816764032240159,0.5540204274547593
1779790121.1683056,10.0,7.280007467999978,9.014665514982008,0.1436258458541015,-0.04095799300065425,0.6724765212365743,0.2481719842338694,-0.013816764032240159,0.5540204274547593
1779790121.1783152,10.0,7.299916061999977,8.834300402209964,0.14374221803955364,-0.04091051111946075,0.6721005208023506,0.2481719842338694,-0.013816764032240159,0.5540204274547593
1779790121.1883311,10.0,7.319874429999977,8.5837816635361,0.14388376526084798,-0.04084066355190524,0.6716919580095961,0.2481719842338694,-0.013816764032240159,0.5540204274547593
1779790121.1983023,10.0,7.339884333999978,8.302925896300906,0.14403564384073514,-0.04075663160183324,0.6712446860717048,0.2481719842338694,-0.013816764032240159,0.5540204274547593
1779790121.2083142,10.0,7.359807513999979,8.023911801510161,0.1441896656362638,-0.04066228067729921,0.67077296970957,0.2481719842338694,-0.013816764032240159,0.5540204274547593
1779790121.218285,10.0,7.3798690579999775,7.71955657750457,0.14433277792618687,-0.04056228683311156,0.6702946978229541,0.2481719842338694,-0.013816764032240159,0.5540204274547593
1779790121.2283213,10.0,7.399937833999978,7.391733681093767,0.14446713673290143,-0.040463262250419435,0.6698107257248274,0.2481719842338694,-0.013816764032240159,0.5540204274547593
1779790121.2383244,10.0,7.419861615999979,7.073299350899293,0.14460031393334097,-0.04035941429041991,0.6693205828132796,0.2481719842338694,-0.013816764032240159,0.5540204274547593
1779790121.2483091,10.0,7.439882319999978,6.759154841509989,0.14472072586264723,-0.04025687606786405,0.6688531043365722,0.2481719842338694,-0.013816764032240159,0.5540204274547593
1779790121.2583482,10.0,7.459844093999979,6.4486770042154875,0.14483441454908952,-0.04015651111886629,0.6683977701251803,0.2481719842338694,-0.013816764032240159,0.5540204274547593
1779790121.268358,10.0,7.479950701999979,6.163026424477182,0.144939726969564,-0.04006343742725323,0.6679634995269166,0.2481719842338694,-0.013816764032240159,0.5540204274547593
1779790121.278365,10.0,7.50005270199998,5.930039132912763,0.14503243821616457,-0.03998339573692981,0.6675560250787367,0.2481719842338694,-0.013816764032240159,0.5540204274547593
1779790121.288384,10.0,7.520103983999979,5.713468866745966,0.14512316709062034,-0.0399124048825786,0.6671892264872883,0.2481719842338694,-0.013816764032240159,0.5540204274547593
1779790121.2983325,10.0,7.540039427999979,5.514165414551492,0.1452083565535655,-0.03984603839952027,0.6668673791968733,0.2481719842338694,-0.013816764032240159,0.5540204274547593
1779790121.3083203,10.0,7.559870033999979,5.298723860405684,0.14528159528976103,-0.039788378058939027,0.6665836670634243,0.2481719842338694,-0.013816764032240159,0.5540204274547593
1779790121.3183148,10.0,7.579841225999981,5.077179871820465,0.14534014341552784,-0.03973895452739547,0.6663211706652478,0.2481719842338694,-0.013816764032240159,0.5540204274547593
1779790121.328301,10.0,7.599846441999983,4.8674493951814535,0.145371885022762,-0.03969584325255382,0.6660807003363627,0.2481719842338694,-0.013816764032240159,0.5540204274547593
1779790121.338351,10.0,7.6198936979999825,4.639959653710328,0.14536745880005114,-0.03966330909972839,0.6658641073480037,0.2481719842338694,-0.013816764032240159,0.5540204274547593
1779790121.3483336,10.0,7.63991502399998,4.456261620073359,0.1453393406193163,-0.03963535495704466,0.6656769380242124,0.2481719842338694,-0.013816764032240159,0.5540204274547593
1779790121.3583484,10.0,7.6599809539999795,4.322594750459748,0.1452756819804205,-0.03961172061987639,0.6655166963185529,0.2481719842338694,-0.013816764032240159,0.5540204274547593
1779790121.3682992,10.0,7.67990681999998,4.204283806185757,0.14518390252001073,-0.039581785481646425,0.6653939098187068,0.2481719842338694,-0.013816764032240159,0.5540204274547593
1779790121.3783083,10.0,7.699962131999981,4.119386734970417,0.14506278932395852,-0.03956882956137207,0.6653000676983193,0.2481719842338694,-0.013816764032240159,0.5540204274547593
1779790121.3883307,10.0,7.7199194959999815,4.052469994707871,0.14491391638440887,-0.03956680785091034,0.6652432585042725,0.2481719842338694,-0.013816764032240159,0.5540204274547593
1779790121.3983462,10.0,7.740048445999983,4.031472967783798,0.14474775348745555,-0.0395703622199557,0.6652252478599535,0.2481719842338694,-0.013816764032240159,0.5540204274547593
1779790121.4083092,10.0,7.759877369999984,4.0649427238765865,0.14455976642573493,-0.039588770806705975,0.6652509141218287,0.2481719842338694,-0.013816764032240159,0.5540204274547593
1779790121.4183512,10.0,7.779805339999983,4.139273878491878,0.1443536861405354,-0.03961914630280614,0.6653168575471732,0.2481719842338694,-0.013816764032240159,0.5540204274547593
1779790121.4283235,10.0,7.799920021999984,4.2564797430007815,0.14412612131526828,-0.03966487129964801,0.6654257479644183,0.2481719842338694,-0.013816764032240159,0.5540204274547593
1779790121.4382975,10.0,7.819889249999985,4.4190269681059675,0.14388572391916735,-0.039716918534025175,0.6655807162728371,0.2481719842338694,-0.013816764032240159,0.5540204274547593
1779790121.448314,10.0,7.839892461999983,4.63022632498352,0.14365386269914382,-0.03977893252121361,0.6657688305353053,0.2481719842338694,-0.013816764032240159,0.5540204274547593
1779790121.4583673,10.0,7.8599807959999834,4.884355464546823,0.14343898044136114,-0.039855869419443156,0.6659905527151309,0.2481719842338694,-0.013816764032240159,0.5540204274547593
1779790121.4683173,10.0,7.879859853999982,5.16688553592317,0.14324275026528072,-0.03993657538259772,0.6662275379860336,0.2481719842338694,-0.013816764032240159,0.5540204274547593
1779790121.478326,10.0,7.899913079999984,5.453115811598141,0.14304231500913153,-0.040020814252348116,0.6664773759379312,0.2481719842338694,-0.013816764032240159,0.5540204274547593
1779790121.4884024,10.0,7.919883549999983,5.691688851003437,0.14284254703905544,-0.040100838204472834,0.666713244643694,0.2481719842338694,-0.013816764032240159,0.5540204274547593
1779790121.4983985,10.0,7.939979817999983,5.894137352216028,0.14263788435589972,-0.04018282312081193,0.6669370258637599,0.2481719842338694,-0.013816764032240159,0.5540204274547593
1779790121.5083396,10.0,7.959892599999982,6.065829561639055,0.1424520212302791,-0.040251671276074444,0.667138844537629,0.2481719842338694,-0.013816764032240159,0.5540204274547593
1779790121.518316,10.0,7.979890921999982,6.2270450670800015,0.1422863446322433,-0.04031615753710324,0.66731627243499,0.2481719842338694,-0.013816764032240159,0.5540204274547593
1779790121.5283167,10.0,7.999903691999982,6.380060344017087,0.1421476471639508,-0.04037138553990481,0.6674681382968369,0.2481719842338694,-0.013816764032240159,0.5540204274547593
1779790121.5383456,10.0,8.019862801999981,6.5216817942664305,0.14203797211442745,-0.0404170595407742,0.6675887933203085,0.2481719842338694,-0.013816764032240159,0.5540204274547593
1779790121.5483396,10.0,8.039882785999982,6.656049099069694,0.1419545816710687,-0.040449987112937937,0.6676743210021013,0.2481719842338694,-0.013816764032240159,0.5540204274547593
1779790121.5583742,10.0,8.060005081999982,6.78658790501315,0.14189727967294957,-0.040472331423169895,0.6677213248915181,0.2481719842338694,-0.013816764032240159,0.5540204274547593
1779790121.568398,10.0,8.07990325599998,6.9091884112253386,0.1418655677210003,-0.04048574061259704,0.6677187840396155,0.2481719842338694,-0.013816764032240159,0.5540204274547593
1779790121.578316,10.0,8.099961271999982,7.027041157145648,0.14184994225323394,-0.04049030539452207,0.6676804629231714,0.2481719842338694,-0.013816764032240159,0.5540204274547593
1779790121.588323,10.0,8.119880685999982,7.131498963181052,0.14184831295280492,-0.04049015116826499,0.6676159288979922,0.2481719842338694,-0.013816764032240159,0.5540204274547593
1779790121.5983312,10.0,8.139852257999982,7.216391434457911,0.1418576213121693,-0.040490299290361256,0.6675360851968684,0.2481719842338694,-0.013816764032240159,0.5540204274547593
1779790121.608315,10.0,8.159843667999983,7.2948826480249025,0.1418953884191671,-0.04048249933162099,0.6674425288729123,0.2481719842338694,-0.013816764032240159,0.5540204274547593
1779790121.6183136,10.0,8.179822633999981,7.341159878544285,0.1419486558263088,-0.040469520871793715,0.6673274941464024,0.2481719842338694,-0.013816764032240159,0.5540204274547593
1779790121.6282964,10.0,8.199862915999981,7.3234445245618875,0.14202193883742945,-0.040445902043316655,0.6671858142379811,0.2481719842338694,-0.013816764032240159,0.5540204274547593
1779790121.638376,10.0,8.219837615999982,7.272259962570955,0.14212039394553994,-0.04041165227733314,0.6670087586125171,0.2481719842338694,-0.013816764032240159,0.5540204274547593
1779790121.6483839,10.0,8.239895509999982,7.215964436333863,0.14223012358722412,-0.040371634253560516,0.6668006648876271,0.2481719842338694,-0.013816764032240159,0.5540204274547593
1779790121.6583457,10.0,8.259927317999983,7.120792150297423,0.1423487185950994,-0.04032484206839408,0.6665668298176457,0.2481719842338694,-0.013816764032240159,0.5540204274547593
1779790121.6683328,10.0,8.279927243999982,6.966058589130215,0.14245079075076145,-0.040272332803720404,0.6663249042275576,0.2481719842338694,-0.013816764032240159,0.5540204274547593
1779790121.678305,10.0,8.29984032399998,6.763722529660571,0.1425524867535204,-0.040216734081610424,0.6660716474015745,0.2481719842338694,-0.013816764032240159,0.5540204274547593
1779790121.6883228,10.0,8.31979197999998,6.575556749112857,0.14264482120839586,-0.040158524604445085,0.6658231636887012,0.2481719842338694,-0.013816764032240159,0.5540204274547593
1779790121.698339,10.0,8.339904017999979,6.381797845815528,0.14273708635330845,-0.04010011094569051,0.6655844674328674,0.2481719842338694,-0.013816764032240159,0.5540204274547593
1779790121.7083473,10.0,8.359929771999981,6.213781501118895,0.14281584316665363,-0.04004735237638821,0.6653617191727292,0.2481719842338694,-0.013816764032240159,0.5540204274547593
1779790121.7183335,10.0,8.37999393999998,6.041480512922317,0.1428827735491024,-0.03999941091884209,0.6651635540236644,0.2481719842338694,-0.013816764032240159,0.5540204274547593
1779790121.7283223,10.0,8.399904275999981,5.875351353746923,0.1429302998045647,-0.03996008441452027,0.6649825461157983,0.2481719842338694,-0.013816764032240159,0.5540204274547593
1779790121.738318,10.0,8.41986314399998,5.736758917975697,0.14296488791538056,-0.03992577357387743,0.6648212854292248,0.2481719842338694,-0.013816764032240159,0.5540204274547593
1779790121.7483182,10.0,8.439856837999978,5.61944963365657,0.14299187553733833,-0.03989585475569356,0.6646721316220664,0.2481719842338694,-0.013816764032240159,0.5540204274547593
1779790121.7583265,10.0,8.459858107999978,5.500765349298422,0.14300767312862583,-0.03987049088678582,0.6645324105323682,0.2481719842338694,-0.013816764032240159,0.5540204274547593
1779790121.7683806,10.0,8.479937343999977,5.3839250168004735,0.14301435101014254,-0.039851203503349045,0.6644120942834173,0.2481719842338694,-0.013816764032240159,0.5540204274547593
1779790121.7784033,10.0,8.499850223999976,5.261888436285887,0.14299516875515128,-0.03984119165421128,0.6643086853619516,0.2481719842338694,-0.013816764032240159,0.5540204274547593
1779790121.7883716,10.0,8.519898701999974,5.143589613699203,0.14295943566621985,-0.03983520058612229,0.6642257871358601,0.2481719842338694,-0.013816764032240159,0.5540204274547593
1779790121.7983344,10.0,8.540009537999978,5.047018048028417,0.14289820404050313,-0.039837528128690604,0.6641612583732553,0.2481719842338694,-0.013816764032240159,0.5540204274547593
1779790121.808327,10.0,8.559855131999978,4.957727879727513,0.14281659001616145,-0.03985099465362318,0.6641325387756256,0.2481719842338694,-0.013816764032240159,0.5540204274547593
1779790121.8183172,10.0,8.579997767999977,4.89077162218478,0.14272029560052915,-0.03987183040259042,0.6641295970662182,0.2481719842338694,-0.013816764032240159,0.5540204274547593
1779790121.828324,10.0,8.599915739999977,4.878437785602795,0.14261110405462862,-0.03989935447680503,0.6641509110647542,0.2481719842338694,-0.013816764032240159,0.5540204274547593
1779790121.838317,10.0,8.619991167999977,4.921043760679528,0.14248784963273659,-0.039936914916887466,0.6642063555472915,0.2481719842338694,-0.013816764032240159,0.5540204274547593
1779790121.848311,10.0,8.639819229999977,4.993379561220683,0.14235528502424571,-0.03998000873902856,0.6642933064583432,0.2481719842338694,-0.013816764032240159,0.5540204274547593
1779790121.8583913,10.0,8.65994142599998,5.108503677909885,0.1422127516347853,-0.04003315892275957,0.6644071484787588,0.2481719842338694,-0.013816764032240159,0.5540204274547593
1779790121.8683136,10.0,8.679846953999979,5.281485759903037,0.1420722822858121,-0.040086010148884514,0.6645521429252864,0.2481719842338694,-0.013816764032240159,0.5540204274547593
1779790121.8783705,10.0,8.700007623999978,5.491814712648514,0.14193284875086018,-0.04014913087740811,0.6647288494220429,0.2481719842338694,-0.013816764032240159,0.5540204274547593
1779790121.8883631,10.0,8.719900265999978,5.721946417819265,0.14179946349423816,-0.040208098186946636,0.6649191119763901,0.2481719842338694,-0.013816764032240159,0.5540204274547593
1779790121.8983288,10.0,8.739970225999977,5.960686442800895,0.14168720013565103,-0.04026346188862653,0.6651236878099415,0.2481719842338694,-0.013816764032240159,0.5540204274547593
1779790121.9083602,10.0,8.759866133999978,6.181961299202626,0.14158787087367178,-0.040314042319278716,0.66534281231471,0.2481719842338694,-0.013816764032240159,0.5540204274547593
1779790121.918309,10.0,8.779872973999977,6.391035174264488,0.14151116641043937,-0.04036200478884248,0.6655561936610614,0.2481719842338694,-0.013816764032240159,0.5540204274547593
1779790121.9283164,10.0,8.799887967999977,6.591220292221493,0.14144175823784846,-0.040405454735596494,0.6657600834683245,0.2481719842338694,-0.013816764032240159,0.5540204274547593
1779790121.9383004,10.0,8.819965419999978,6.75846140154428,0.1413810351963492,-0.040443838796424,0.6659423023061285,0.2481719842338694,-0.013816764032240159,0.5540204274547593
1779790121.948306,10.0,8.839792599999978,6.918160217013627,0.14132489859588704,-0.0404785946764187,0.6660944742741414,0.2481719842338694,-0.013816764032240159,0.5540204274547593
1779790121.9583535,10.0,8.860073095999978,7.080332109849583,0.14127616399767126,-0.04050911547950971,0.6662155891362644,0.2481719842338694,-0.013816764032240159,0.5540204274547593
1779790121.9683137,10.0,8.879873123999978,7.235701981252604,0.14124131957544667,-0.0405306213408348,0.6663050175895672,0.2481719842338694,-0.013816764032240159,0.5540204274547593
1779790121.978333,10.0,8.899924407999977,7.372667182653086,0.14122429733548936,-0.04054328852741478,0.6663614135336937,0.2481719842338694,-0.013816764032240159,0.5540204274547593
1779790121.988311,10.0,8.919967575999976,7.501486200198422,0.14121890718196667,-0.04055029085859471,0.6663821789288075,0.2481719842338694,-0.013816764032240159,0.5540204274547593
1779790121.9983103,10.0,8.939802227999978,7.621014282625443,0.14122851652340454,-0.04055270603263685,0.6663738657115849,0.2481719842338694,-0.013816764032240159,0.5540204274547593
1779790122.008305,10.0,8.959812933999979,7.717471401014292,0.14125232911863383,-0.04054555106019891,0.6663493458111964,0.2481719842338694,-0.013816764032240159,0.5540204274547593
1779790122.0182862,10.0,8.97984307799998,7.771759161279629,0.1412946250811853,-0.040532815125803985,0.6663243592070744,0.2481719842338694,-0.013816764032240159,0.5540204274547593
1779790122.0283642,10.0,8.99994463599998,7.78916505295547,0.14135141036095158,-0.040516631749411995,0.6662994286935863,0.2481719842338694,-0.013816764032240159,0.5540204274547593
1779790122.038297,10.0,9.019855973999979,7.760445244457366,0.14142282165031825,-0.040493958663883764,0.6662623387698263,0.2481719842338694,-0.013816764032240159,0.5540204274547593
1779790122.04837,10.0,9.03978654999998,7.699816258677968,0.14150591784065947,-0.040463869159229914,0.6662089329570353,0.2481719842338694,-0.013816764032240159,0.5540204274547593
1779790122.0583344,10.0,9.05980134399998,7.593739251352344,0.14159603637107707,-0.04043150419894929,0.6661398703138279,0.2481719842338694,-0.013816764032240159,0.5540204274547593
1779790122.068304,10.0,9.079844691999984,7.451847117158492,0.14168126465165334,-0.040399471692818024,0.6660574061582121,0.2481719842338694,-0.013816764032240159,0.5540204274547593
1779790122.0783272,10.0,9.099826843999985,7.29839143404621,0.14176423335375257,-0.04036518233410707,0.6659707991338043,0.2481719842338694,-0.013816764032240159,0.5540204274547593
1779790122.0883784,10.0,9.120147617999985,7.147500268489375,0.14184654590623283,-0.04033075379478264,0.6658814417213903,0.2481719842338694,-0.013816764032240159,0.5540204274547593
1779790122.0983014,10.0,9.139926805999982,7.005091743496739,0.14192855731021753,-0.04029749785100152,0.6657897701158421,0.2481719842338694,-0.013816764032240159,0.5540204274547593
1779790122.1083045,10.0,9.159765827999983,6.865050549273276,0.1420012343967627,-0.0402644944798966,0.6656943339705088,0.2481719842338694,-0.013816764032240159,0.5540204274547593
1779790122.1182992,10.0,9.179767195999984,6.739910670378648,0.14206663827410512,-0.040231354663209644,0.6655937670294935,0.2481719842338694,-0.013816764032240159,0.5540204274547593
1779790122.1283255,10.0,9.199886107999983,6.623231863014019,0.14211660895096814,-0.04020509155818583,0.6654956010198807,0.2481719842338694,-0.013816764032240159,0.5540204274547593
1779790122.1382992,10.0,9.219943121999984,6.526212314681764,0.14214784908158623,-0.0401831976048636,0.665400428724465,0.2481719842338694,-0.013816764032240159,0.5540204274547593
1779790122.1482947,10.0,9.239834221999985,6.433854865376423,0.142159128498213,-0.040161147042791195,0.6653063340481339,0.2481719842338694,-0.013816764032240159,0.5540204274547593
1779790122.1583138,10.0,9.259964413999983,6.3365456718159985,0.14215800307001897,-0.04014580866988066,0.6652156369595796,0.2481719842338694,-0.013816764032240159,0.5540204274547593
1779790122.1683776,10.0,9.279815879999983,6.26957067848416,0.14213675359458516,-0.04013662810258253,0.6651356219508404,0.2481719842338694,-0.013816764032240159,0.5540204274547593
1779790122.1783233,10.0,9.299860509999982,6.194332620405819,0.14209594032123998,-0.04013577794820562,0.6650692478315023,0.2481719842338694,-0.013816764032240159,0.5540204274547593
1779790122.1884,10.0,9.319954815999981,6.135710896718527,0.14203907843728028,-0.040142722824705435,0.6650274805376296,0.2481719842338694,-0.013816764032240159,0.5540204274547593
1779790122.198353,10.0,9.339926047999983,6.085115343093118,0.14196310449532998,-0.04015694486832874,0.6650112769466043,0.2481719842338694,-0.013816764032240159,0.5540204274547593
1779790122.2083042,10.0,9.359883111999983,6.060797640601051,0.14187405415864168,-0.040183080878456276,0.665019048502648,0.2481719842338694,-0.013816764032240159,0.5540204274547593
1779790122.2183042,10.0,9.379904939999985,6.071119878676437,0.14177754539862347,-0.04021151636751375,0.665058189885374,0.2481719842338694,-0.013816764032240159,0.5540204274547593
1779790122.2282941,10.0,9.399806499999983,6.1143268857414945,0.14167789967510894,-0.04024949942416699,0.6651397961609056,0.2481719842338694,-0.013816764032240159,0.5540204274547593
1779790122.2382927,10.0,9.419855797999983,6.1833123954511215,0.1415740055840345,-0.04029228865271623,0.6652650215129894,0.2481719842338694,-0.013816764032240159,0.5540204274547593
1779790122.248295,10.0,9.439818333999984,6.276784101410415,0.14146736008079472,-0.04034082483902835,0.6654361748131048,0.2481719842338694,-0.013816764032240159,0.5540204274547593
1779790122.2583323,10.0,9.460034429999983,6.404131402320623,0.141368690978021,-0.040393475386507345,0.6656350874419992,0.2481719842338694,-0.013816764032240159,0.5540204274547593
1779790122.2683325,10.0,9.48003533799998,6.553701275985813,0.1412810434794868,-0.04044512655827844,0.6658577429167044,0.2481719842338694,-0.013816764032240159,0.5540204274547593
1779790122.2783213,10.0,9.499910367999982,6.725470357067706,0.14120209476103834,-0.040494717026171516,0.666095903917056,0.2481719842338694,-0.013816764032240159,0.5540204274547593
1779790122.2883654,10.0,9.519917325999982,6.918710313695136,0.14112735218286174,-0.04054498140219459,0.6663300317740419,0.2481719842338694,-0.013816764032240159,0.5540204274547593
1779790122.2983336,10.0,9.539906031999983,7.124154414638306,0.1410598012194941,-0.04058838615684576,0.6665468808378808,0.2481719842338694,-0.013816764032240159,0.5540204274547593
1779790122.30834,10.0,9.559976229999984,7.324016615946212,0.14099454837578643,-0.04063142109630645,0.6667480072938208,0.2481719842338694,-0.013816764032240159,0.5540204274547593
1779790122.3183184,10.0,9.579814931999982,7.496860451934611,0.1409376826297785,-0.040668211256642744,0.6669227532771422,0.2481719842338694,-0.013816764032240159,0.5540204274547593
1779790122.3283253,10.0,9.599786663999984,7.660947259864429,0.14089347803870592,-0.04070210002532676,0.6670605947243617,0.2481719842338694,-0.013816764032240159,0.5540204274547593
1779790122.3382764,10.0,9.619780679999984,7.819473347803529,0.14086201213827818,-0.04072571874789469,0.6671663254981135,0.2481719842338694,-0.013816764032240159,0.5540204274547593
1779790122.3483067,10.0,9.639825931999985,7.963925188679762,0.14084110762416635,-0.04074259799934882,0.6672304427977244,0.2481719842338694,-0.013816764032240159,0.5540204274547593
1779790122.3582861,10.0,9.659888315999986,8.08177851826554,0.1408343303830869,-0.0407487310213413,0.6672537172786728,0.2481719842338694,-0.013816764032240159,0.5540204274547593
1779790122.3683271,10.0,9.679942163999986,8.16920900657699,0.14083809371647776,-0.04075248321031907,0.6672438028830567,0.2481719842338694,-0.013816764032240159,0.5540204274547593
1779790122.3783488,10.0,9.699954271999985,8.227303094793935,0.1408591336284099,-0.04074753937056259,0.6672147311891466,0.2481719842338694,-0.013816764032240159,0.5540204274547593
1779790122.3882916,10.0,9.719913019999984,8.272046751802048,0.14089520636189556,-0.04073448096028392,0.6671743096870526,0.2481719842338694,-0.013816764032240159,0.5540204274547593
1779790122.398333,10.0,9.740078939999984,8.312482141443844,0.1409545598806843,-0.04071668360683122,0.6671170916762931,0.2481719842338694,-0.013816764032240159,0.5540204274547593
1779790122.408346,10.0,9.759951185999984,8.335679490229154,0.14102822034246185,-0.04069567112970254,0.6670409874170194,0.2481719842338694,-0.013816764032240159,0.5540204274547593
1779790122.4183445,10.0,9.779956321999983,8.315234845150927,0.14112222135536312,-0.0406636426222065,0.666942247048101,0.2481719842338694,-0.013816764032240159,0.5540204274547593
1779790122.4283142,10.0,9.799855515999983,8.25614611091758,0.14123138912599464,-0.040626546790884024,0.6668266553313422,0.2481719842338694,-0.013816764032240159,0.5540204274547593
1779790122.4383402,10.0,9.819968455999984,8.160160884299673,0.14135263580687005,-0.04058417253496764,0.6667003171894456,0.2481719842338694,-0.013816764032240159,0.5540204274547593
1779790122.4483292,10.0,9.839909891999984,8.008825776464427,0.14148149248171446,-0.04053843508658873,0.6665742266308897,0.2481719842338694,-0.013816764032240159,0.5540204274547593
1779790122.458377,10.0,9.85999197399998,7.815789768142881,0.14161671773632376,-0.04049020180044831,0.666457716794279,0.2481719842338694,-0.013816764032240159,0.5540204274547593
1779790122.4683082,10.0,9.879897419999981,7.610428999942704,0.14174985614097002,-0.04044226710822542,0.6663545854252308,0.2481719842338694,-0.013816764032240159,0.5540204274547593
1779790122.4783201,10.0,9.89984134199998,7.390707993735354,0.14186530413133216,-0.040397143553395624,0.6662678103773766,0.2481719842338694,-0.013816764032240159,0.5540204274547593
1779790122.4882998,10.0,9.91979652199998,7.167574766312702,0.141960439455042,-0.04035427295789564,0.6661855430246257,0.2481719842338694,-0.013816764032240159,0.5540204274547593
1779790122.498348,10.0,9.939986147999981,6.967684378919897,0.14204462002692975,-0.04032241305130647,0.6661086817383279,0.2481719842338694,-0.013816764032240159,0.5540204274547593
1779790122.5083244,10.0,9.959895621999982,6.754414197822445,0.14211484907419514,-0.04028958976062376,0.6660338070921303,0.2481719842338694,-0.013816764032240159,0.5540204274547593
1779790122.518317,10.0,9.979893003999981,6.565878984108765,0.1421705419261624,-0.040263360502483504,0.6659558899727097,0.2481719842338694,-0.013816764032240159,0.5540204274547593
1779790122.528299,10.0,9.999814601999983,6.390619061113981,0.1422081604540778,-0.04024472533480078,0.6658838248316586,0.2481719842338694,-0.013816764032240159,0.5540204274547593
1779790122.538384,10.0,10.0,6.245738644046642,0.1422232163015932,-0.040229220199786864,0.6658227326783833,0.2481719842338694,-0.013816764032240159,0.5540204274547593
1779790122.5482876,10.0,10.0,6.134443949439281,0.14221192287398537,-0.04022350799175943,0.6657782626675819,0.2481719842338694,-0.013816764032240159,0.5540204274547593
1779790122.558308,10.0,10.0,6.028754554285448,0.14217737609193998,-0.04022543539480772,0.6657564240862691,0.2481719842338694,-0.013816764032240159,0.5540204274547593
1779790122.568307,10.0,10.0,5.9131344478015375,0.14212391803771313,-0.0402366732172953,0.6657644723042212,0.2481719842338694,-0.013816764032240159,0.5540204274547593
1779790122.5783112,10.0,10.0,5.808417112721489,0.14204687238672634,-0.04025413215554812,0.6658002244929453,0.2481719842338694,-0.013816764032240159,0.5540204274547593
1779790122.5883234,10.0,10.0,5.7418820948451,0.14195482889661612,-0.04027617799050099,0.6658628235170588,0.2481719842338694,-0.013816764032240159,0.5540204274547593
1779790122.5983078,10.0,10.0,5.722072472211257,0.14185331950060487,-0.04030667673383504,0.6659583309481867,0.2481719842338694,-0.013816764032240159,0.5540204274547593
1779790122.6083288,10.0,10.0,5.729086051475914,0.14174434065497146,-0.040342686473419764,0.6660832366458547,0.2481719842338694,-0.013816764032240159,0.5540204274547593
1779790122.6183035,10.0,10.0,5.791318025522061,0.14162671194560922,-0.040388672482338114,0.6662432819478609,0.2481719842338694,-0.013816764032240159,0.5540204274547593
1779790122.628385,10.0,10.0,5.890284404477007,0.14150971710899646,-0.040446049431473806,0.6664460312634862,0.2481719842338694,-0.013816764032240159,0.5540204274547593
1779790122.6383638,10.0,10.0,6.006164414472653,0.1413904685245718,-0.04050761340425639,0.6667026809463793,0.2481719842338694,-0.013816764032240159,0.5540204274547593
1779790122.64832,10.0,10.0,6.16190422326585,0.14127825703637037,-0.0405762117383482,0.6669915016207155,0.2481719842338694,-0.013816764032240159,0.5540204274547593
1779790122.6583219,10.0,10.0,6.369154749051257,0.14117125977698106,-0.04065037907307623,0.6673066704118046,0.2481719842338694,-0.013816764032240159,0.5540204274547593
1779790122.6683393,10.0,10.0,6.606286389414593,0.14106680523794538,-0.04071847216149759,0.667623080294434,0.2481719842338694,-0.013816764032240159,0.5540204274547593
1779790122.6783109,10.0,10.0,6.849058826432309,0.1409608918207685,-0.040788549136851225,0.6679457956542856,0.2481719842338694,-0.013816764032240159,0.5540204274547593
1779790122.6883595,10.0,10.0,7.088992006421086,0.14086063168324853,-0.04085607619552319,0.6682627385594667,0.2481719842338694,-0.013816764032240159,0.5540204274547593
1779790122.6983378,10.0,10.0,7.317950202831291,0.14076802186557083,-0.04092433669124848,0.6685765056205558,0.2481719842338694,-0.013816764032240159,0.5540204274547593
1779790122.7082727,10.0,10.0,7.535453776519201,0.140675993388583,-0.040985405193413496,0.6688688965882242,0.2481719842338694,-0.013816764032240159,0.5540204274547593
1779790122.718309,10.0,10.0,7.742226580765127,0.14058937234077312,-0.04104320743205323,0.6691416069679145,0.2481719842338694,-0.013816764032240159,0.5540204274547593
1779790122.7282927,10.0,10.0,7.943886789176155,0.1405118010426495,-0.04109257949585032,0.6693792135988483,0.2481719842338694,-0.013816764032240159,0.5540204274547593
1779790122.73835,10.0,10.0,8.121236682398353,0.14043955074235145,-0.041138489485786064,0.6695939141008324,0.2481719842338694,-0.013816764032240159,0.5540204274547593
1779790122.74838,10.0,10.0,8.236869951769558,0.14037833599280677,-0.04117541768678076,0.6697776278687406,0.2481719842338694,-0.013816764032240159,0.5540204274547593
1779790122.7583723,10.0,10.0,8.328198406845718,0.14032958988749522,-0.0412069439609111,0.6699252178270603,0.2481719842338694,-0.013816764032240159,0.5540204274547593
1779790122.7683065,10.0,10.0,8.39943386556325,0.14029469671603667,-0.04123051441831754,0.6700323621712174,0.2481719842338694,-0.013816764032240159,0.5540204274547593
1779790122.7783408,10.0,10.0,8.455011604617269,0.14027538675261084,-0.0412475275697994,0.6700986477089874,0.2481719842338694,-0.013816764032240159,0.5540204274547593
1779790122.7883341,10.0,10.0,8.49054426799493,0.14027302629919786,-0.0412531496501812,0.6701175336811768,0.2481719842338694,-0.013816764032240159,0.5540204274547593
1779790122.7983358,10.0,10.0,8.518442295972015,0.14028881729542406,-0.04125578758676074,0.6700999479813163,0.2481719842338694,-0.013816764032240159,0.5540204274547593
1779790122.808314,10.0,10.0,8.517458536693663,0.14032631741243837,-0.041258706242946606,0.6700627844099133,0.2481719842338694,-0.013816764032240159,0.5540204274547593
1779790122.818354,10.0,10.0,8.506545839650967,0.1403890064198481,-0.041270859829796794,0.6700179835033024,0.2481719842338694,-0.013816764032240159,0.5540204274547593
1779790122.828316,10.0,10.0,8.491844387896636,0.14047213622428303,-0.04127120616737387,0.6699591468808339,0.2481719842338694,-0.013816764032240159,0.5540204274547593
1779790122.8383439,10.0,10.0,8.416404190942655,0.14056838372188812,-0.04125142098353832,0.6698863964064597,0.2481719842338694,-0.013816764032240159,0.5540204274547593
1779790122.8482935,10.0,10.0,8.311049954877717,0.14068421844633813,-0.04121757467168555,0.6698092205277403,0.2481719842338694,-0.013816764032240159,0.5540204274547593
1779790122.8583024,10.0,10.0,8.1881111373265,0.14080679567494964,-0.04117938708138691,0.6697287142929497,0.2481719842338694,-0.013816764032240159,0.5540204274547593
1779790122.8682787,10.0,10.0,8.040186528477234,0.1409340268982566,-0.0411354059950879,0.669647355186571,0.2481719842338694,-0.013816764032240159,0.5540204274547593
1779790122.8783047,10.0,10.0,7.885162026420835,0.14106024393901032,-0.04109184982596131,0.6695870868549622,0.2481719842338694,-0.013816764032240159,0.5540204274547593
1779790122.8884149,10.0,10.0,7.708148132593341,0.14117446444004433,-0.041052747837377786,0.6695386442277216,0.2481719842338694,-0.013816764032240159,0.5540204274547593
1779790122.8983083,10.0,10.0,7.51726038241087,0.1412772555293411,-0.04101742151927342,0.6694850669985968,0.2481719842338694,-0.013816764032240159,0.5540204274547593
1779790122.9083285,10.0,10.0,7.337158986154785,0.1413494113782554,-0.04098630888164249,0.66942301500535,0.2481719842338694,-0.013816764032240159,0.5540204274547593
1779790122.918296,10.0,10.0,7.156435794714173,0.14140109237288795,-0.040956507282938495,0.6693525265888788,0.2481719842338694,-0.013816764032240159,0.5540204274547593
1779790122.9283538,10.0,10.0,6.987931510505321,0.14143610156744146,-0.04093651611955115,0.6692818491872833,0.2481719842338694,-0.013816764032240159,0.5540204274547593
1779790122.9383476,10.0,10.0,6.845623348476174,0.14145206650946102,-0.04092323570526284,0.6692222078709525,0.2481719842338694,-0.013816764032240159,0.5540204274547593
1779790122.9483335,10.0,10.0,6.727885483596112,0.14144682223908536,-0.040915069397333075,0.6691775359324726,0.2481719842338694,-0.013816764032240159,0.5540204274547593
1779790122.958286,10.0,10.0,6.612827611797827,0.14141689416209002,-0.04091837662141311,0.6691513275026916,0.2481719842338694,-0.013816764032240159,0.5540204274547593
1779790122.9683247,10.0,10.0,6.5098313076041965,0.1413592886675257,-0.04093414880814111,0.6691493498985908,0.2481719842338694,-0.013816764032240159,0.5540204274547593
1779790122.9782703,10.0,10.0,6.407969704122214,0.14127771897351865,-0.0409552416509612,0.6691728509344572,0.2481719842338694,-0.013816764032240159,0.5540204274547593
1779790122.9883761,10.0,10.0,6.333759692236143,0.14118091465146462,-0.04098336633461868,0.6692272261456851,0.2481719842338694,-0.013816764032240159,0.5540204274547593
1779790122.998333,10.0,10.0,6.312852933091071,0.14107700467716527,-0.041020799702047014,0.6693125123955971,0.2481719842338694,-0.013816764032240159,0.5540204274547593
1779790123.0083156,10.0,10.0,6.333496225595374,0.14096892837117883,-0.04106473259789484,0.6694391371750513,0.2481719842338694,-0.013816764032240159,0.5540204274547593
1779790123.0183284,10.0,10.0,6.379531103208602,0.14085889767609547,-0.04111375338882543,0.6696045696863099,0.2481719842338694,-0.013816764032240159,0.5540204274547593
1779790123.0283163,10.0,10.0,6.456155273399658,0.1407500601927545,-0.04116835820073374,0.6698198379121549,0.2481719842338694,-0.013816764032240159,0.5540204274547593
1779790123.0383046,10.0,10.0,6.564797639807291,0.1406424867147382,-0.0412298007794489,0.6700695664075101,0.2481719842338694,-0.013816764032240159,0.5540204274547593
1779790123.0483212,10.0,10.0,6.71366498354173,0.14053567849545748,-0.04129480692908595,0.6703515925088702,0.2481719842338694,-0.013816764032240159,0.5540204274547593
1779790123.0583453,10.0,10.0,6.893235348816884,0.14043579539451706,-0.041360669516430304,0.6706492346917405,0.2481719842338694,-0.013816764032240159,0.5540204274547593
1779790123.0683217,10.0,10.0,7.096150140512481,0.14033632500081253,-0.04143010613790662,0.6709584631279317,0.2481719842338694,-0.013816764032240159,0.5540204274547593
1779790123.0783036,10.0,10.0,7.303185372952346,0.14023657463397832,-0.04149629528624659,0.6712664255385206,0.2481719842338694,-0.013816764032240159,0.5540204274547593
1779790123.0883138,10.0,10.0,7.518559421266144,0.14014090740293572,-0.04156442941259454,0.6715653852208202,0.2481719842338694,-0.013816764032240159,0.5540204274547593
1779790123.0982995,10.0,10.0,7.730214918180669,0.14004995391143119,-0.041628123951047015,0.6718554507782104,0.2481719842338694,-0.013816764032240159,0.5540204274547593
1779790123.1083417,10.0,10.0,7.945183580230989,0.139965706832237,-0.04169280488214532,0.6721299433449501,0.2481719842338694,-0.013816764032240159,0.5540204274547593
1779790123.11832,10.0,10.0,8.158305866692226,0.13988907476144571,-0.04175104199812243,0.6723814693676385,0.2481719842338694,-0.013816764032240159,0.5540204274547593
1779790123.1283355,10.0,10.0,8.380464388077785,0.13982178731317466,-0.041808395770649355,0.6725989211303933,0.2481719842338694,-0.013816764032240159,0.5540204274547593
1779790123.1383135,10.0,10.0,8.58532682605234,0.13976089154702362,-0.04186363136407636,0.6727940946183749,0.2481719842338694,-0.013816764032240159,0.5540204274547593
1779790123.1483564,10.0,10.0,8.73627764852876,0.13971080611333664,-0.04190419898531941,0.6729519191603393,0.2481719842338694,-0.013816764032240159,0.5540204274547593
1779790123.1583214,10.0,10.0,8.845638622720411,0.13967289123014626,-0.041937280410026784,0.6730762695308865,0.2481719842338694,-0.013816764032240159,0.5540204274547593
1779790123.1683364,10.0,10.0,8.920281259442099,0.139650780124685,-0.041957594780205505,0.673160391468137,0.2481719842338694,-0.013816764032240159,0.5540204274547593
1779790123.1782956,10.0,10.0,8.984719747869452,0.13964461236189882,-0.041967248544568375,0.6732061035559201,0.2481719842338694,-0.013816764032240159,0.5540204274547593
1779790123.188322,10.0,10.0,9.024164550453293,0.13965781760238047,-0.041973827139528484,0.6732132333723856,0.2481719842338694,-0.013816764032240159,0.5540204274547593
1779790123.198336,10.0,10.0,9.030158211739675,0.13968934814249875,-0.041966375344221936,0.6731931379366859,0.2481719842338694,-0.013816764032240159,0.5540204274547593
1779790123.2084167,10.0,10.0,9.019455871009166,0.13974132567786382,-0.04195592070653198,0.6731615663253997,0.2481719842338694,-0.013816764032240159,0.5540204274547593
1779790123.218303,10.0,10.0,8.995310288457127,0.139815817215682,-0.04193807783351247,0.6731273967199277,0.2481719842338694,-0.013816764032240159,0.5540204274547593
1779790123.2282965,10.0,10.0,8.951669875333693,0.1399130739023028,-0.04191079923430052,0.6730850823905604,0.2481719842338694,-0.013816764032240159,0.5540204274547593
1779790123.2383032,10.0,10.0,8.873432512971371,0.14002267239072141,-0.0418781121077469,0.6730297571520418,0.24818020196804888,-0.013822499182218463,0.5540231742408782
1779790123.24835,10.0,10.0,8.747912749400415,0.14014791249283182,-0.04183730321786821,0.6729635101566906,0.2475973806992989,-0.013486007165816211,0.5540231742408782
1779790123.2583308,10.0,10.0,8.59306654860605,0.140277554325527,-0.04179524686601549,0.672896274971858,0.2470091960492989,-0.013146418599805506,0.5540231742408782
1779790123.268291,10.0,10.0,8.427142230994942,0.1404114265248997,-0.04174795551546773,0.6728321622334227,0.2464158839867989,-0.012803869720807678,0.5540231742408782
1779790123.278294,10.0,10.0,8.251379105297291,0.1405427733158612,-0.041706472514769936,0.6727747559621475,0.2458185346367989,-0.01245898991278493,0.5540231742408782
1779790123.288306,10.0,10.0,8.051840971097755,0.14066206780250767,-0.04166558459763797,0.6727184252532553,0.2452356378805489,-0.012122454313654232,0.5540231742408782
1779790123.2983303,10.0,10.0,7.856231006539668,0.1407642529350145,-0.041626693374276165,0.6726540286680104,0.24465925875554886,-0.011789681670680202,0.5540231742408782
1779790123.3083463,10.0,10.0,7.663370996389059,0.140839930723378,-0.041592565270556325,0.6725774060264071,0.24405409774304884,-0.01144029179721026,0.5540231742408782
1779790123.3183084,10.0,10.0,7.494047111933558,0.1408933125564355,-0.04156362914928476,0.672497067319618,0.24347439362429887,-0.011105599468199612,0.5540231742408782
1779790123.3283086,10.0,10.0,7.3527881499754395,0.14093076264767831,-0.04153812937086974,0.6724191983804612,0.2428627420367989,-0.010752462259506226,0.5540231742408782
1779790123.3383102,10.0,10.0,7.2236945350402095,0.14094851798485947,-0.0415218000812827,0.6723427295528459,0.24227534123054892,-0.010413326245895586,0.5540231742408782
1779790123.348288,10.0,10.0,7.093715901619448,0.14094407802873868,-0.0415117163166258,0.6722745315536233,0.24169430089304886,-0.01007786245062993,0.5540231742408782
1779790123.3582947,10.0,10.0,6.95989818292341,0.1409155641327431,-0.04150728058358758,0.6722303363778228,0.24169430089304886,-0.01007786245062993,0.5540231742408782
1779790123.3683,10.0,10.0,6.836169873793798,0.14086107973113018,-0.04151283089576799,0.6721999397054678,0.2411035463492989,-0.009736790155770872,0.5540231742408782
1779790123.3783216,10.0,10.0,6.732684062461443,0.1407896031289691,-0.04152655244976471,0.6721953679903475,0.24051917134304887,-0.009399401088604747,0.5540231742408782
1779790123.3883326,10.0,10.0,6.63854998107874,0.1407029047992999,-0.041549725987422986,0.6722206467467287,0.23993081816804887,-0.009059715224639924,0.5540231742408782
1779790123.3984187,10.0,10.0,6.5803851690327315,0.14060109759694966,-0.04158032227588684,0.6722756471197101,0.2393325687055489,-0.008714315736423001,0.5540231742408782
1779790123.4083536,10.0,10.0,6.582446989463697,0.14049278940174326,-0.0416191423223849,0.6723609319994086,0.23875630568054887,-0.008381610123815223,0.5540231742408782
1779790123.4183133,10.0,10.0,6.632509912713164,0.14038189524179304,-0.04166391789551699,0.672482143047079,0.23817890370554887,-0.00804824693811835,0.5540231742408782
1779790123.4283571,10.0,10.0,6.713092140651922,0.14026755184668052,-0.041716046644123844,0.6726481672273947,0.23756534051804887,-0.00769400606665038,0.5540231742408782
1779790123.4383662,10.0,10.0,6.827611409486234,0.14014588891474528,-0.04177247966636982,0.6728527932557223,0.23697776111804889,-0.007354766941890101,0.5540231742408782
1779790123.448333,10.0,10.0,6.9875778596259,0.14003426364670313,-0.04183240859216232,0.6730799650519869,0.23639837031179886,-0.0070202555039356705,0.5540231742408782
1779790123.458325,10.0,10.0,7.172357311477694,0.13993429466306498,-0.04188807563960347,0.6733250699791915,0.2358093210992989,-0.00668016778253286,0.5540231742408782
1779790123.4683669,10.0,10.0,7.361777696331709,0.13984291347519662,-0.04194353168407928,0.6735764185865597,0.23522740719929888,-0.0063441996357226724,0.5540231742408782
1779790123.478347,10.0,10.0,7.566129427329988,0.13975948696148882,-0.04199739985055238,0.6738293134723768,0.23464174277429892,-0.006006066122294136,0.5540231742408782
1779790123.488425,10.0,10.0,7.77362770413781,0.1396820909243081,-0.04204860931614726,0.6740696679418814,0.23404939500554886,-0.005664073978552451,0.5540231742408782
1779790123.4983811,10.0,10.0,7.9741678347653675,0.1396089935298613,-0.042093165595211306,0.6742918472977558,0.23345959401179892,-0.005323552216042578,0.5540231742408782
1779790123.508317,10.0,10.0,8.16164876475214,0.13954438300000116,-0.04213500238332689,0.6744899156592915,0.2328580792930489,-0.004976267531250744,0.5540231742408782
1779790123.5183504,10.0,10.0,8.354246842766997,0.1394908404162817,-0.04217148544037094,0.6746485782695572,0.2322802174180489,-0.004642638822165071,0.5540231742408782
1779790123.5283215,10.0,10.0,8.550178418023014,0.13945142453662648,-0.04219911400091496,0.674765995959291,0.2316885510617989,-0.004301040092113689,0.5540231742408782
1779790123.5383966,10.0,10.0,8.727420387310492,0.13942670516642677,-0.04222084084769388,0.6748453728015266,0.2311084259117989,-0.003966104680597517,0.5540231742408782
1779790123.5483072,10.0,10.0,8.882371102624948,0.1394153459665828,-0.042227000787615175,0.674885267208999,0.2305175603305489,-0.0036249682782079438,0.5540231742408782
1779790123.558335,10.0,10.0,9.011732589522747,0.13942172787696916,-0.042225249463116385,0.6748829532021476,0.2299319483305489,-0.0032868650323672685,0.5540231742408782
1779790123.5683281,10.0,10.0,9.10919780823708,0.13944361812646303,-0.04221748579548374,0.6748565777180636,0.2293356516430489,-0.0029425929793222613,0.5540231742408782
1779790123.5783174,10.0,10.0,9.15986873295294,0.13948303822272173,-0.042202223926393834,0.674819493834777,0.22875277856804885,-0.002606071052567629,0.5540231742408782
1779790123.5883136,10.0,10.0,9.186393631161135,0.1395414358222621,-0.04217962558654912,0.674769111927395,0.22875277856804885,-0.002606071052567629,0.5540231742408782
1779790123.5983229,10.0,10.0,9.181907186599805,0.13961757637180833,-0.04215103278775228,0.6746952411270873,0.22816844979929887,-0.0022687086806345708,0.5540231742408782
1779790123.608283,10.0,10.0,9.132415671907115,0.13970976666390938,-0.04211084559145863,0.674599869071137,0.2275752972617989,-0.0019262519034384373,0.5540231742408782
1779790123.6182773,10.0,10.0,9.05462037017385,0.13982194029356396,-0.042065041016744534,0.6744752509324884,0.22699680139304887,-0.0015922571578905406,0.5540231742408782
1779790123.6282973,10.0,10.0,8.943547248936538,0.13994891685922897,-0.04201364272151992,0.6743277863945398,0.22637392528679887,-0.0012326394702753176,0.5540231742408782
1779790123.638329,10.0,10.0,8.76989709202272,0.14007388081998914,-0.04195761910001209,0.6741719465066922,0.2257870176242989,-0.0008937881733414865,0.5540231742408782
1779790123.6483564,10.0,10.0,8.569104715076794,0.14020375521248582,-0.04190181616767706,0.674008688338101,0.22519781006804887,-0.0005536090321319881,0.5540231742408782
1779790123.6583464,10.0,10.0,8.37261703643146,0.14031894430100705,-0.04184806140210694,0.673840931429361,0.22460996123054885,-0.00021421434755855388,0.5540231742408782
1779790123.6682854,10.0,10.0,8.149453481575922,0.14040769855183036,-0.041800070751075995,0.6736758406196337,0.22401609015554888,0.0001286572774566279,0.5540231742408782
1779790123.6783583,10.0,10.0,7.914112333489288,0.14047411526046363,-0.04175797390646936,0.673519473801242,0.2234232696055489,0.0004709223815802712,0.5540231742408782
1779790123.6883855,10.0,10.0,7.6935465617437995,0.14052852780229425,-0.041717892694497216,0.6733817968765785,0.22283668543679888,0.0008095869093104561,0.5540231742408782
1779790123.698311,10.0,10.0,7.493390560909949,0.14056950440885949,-0.04168775888047126,0.6732636277123695,0.22225179872429887,0.0011472714102177678,0.5540231742408782
1779790123.7083857,10.0,10.0,7.301209328012459,0.14061455906291268,-0.04165919020680553,0.6731601680443242,0.22167018688679888,0.0014830651611622645,0.5540231742408782
1779790123.7183495,10.0,10.0,7.130861530380343,0.140648642735102,-0.04163436385118867,0.6730638157633154,0.2210868336617989,0.0018198643026486484,0.5540231742408782
1779790123.7283168,10.0,10.0,6.953893548493416,0.14066504397292703,-0.04161444663188226,0.6729732533004017,0.22050743273054887,0.0021543815862745553,0.5540231742408782
1779790123.7383056,10.0,10.0,6.81078131102186,0.14066134550020215,-0.041599711963269156,0.6728983357386146,0.2199191341742989,0.002494035916089361,0.5540231742408782
1779790123.748308,10.0,10.0,6.6862081012389725,0.14062427125988097,-0.04159327881949036,0.6728327163179617,0.21934196209304888,0.0028272663725677893,0.5540231742408782
1779790123.7582712,10.0,10.0,6.570429679790385,0.1405725655397075,-0.04159735675179985,0.6727941396739507,0.21874502921804886,0.003171905728637176,0.5540231742408782
1779790123.768325,10.0,10.0,6.481579109548928,0.14049968917274236,-0.041600322070996155,0.6727802076315382,0.2181643213180489,0.003507177591022719,0.5540231742408782
1779790123.7782822,10.0,10.0,6.400660249686102,0.140397820718711,-0.04158321859806019,0.6727996109620462,0.21756597668054886,0.0038526320285515118,0.5540231742408782
1779790123.7883794,10.0,10.0,6.362783045647323,0.14028790025767576,-0.0415765487789802,0.672840562511662,0.21698915571179886,0.004185659770133543,0.5540231742408782
1779790123.7983088,10.0,10.0,6.391149894067637,0.14017216446544478,-0.04158165387811727,0.6729047497558812,0.21698915571179886,0.004185659770133543,0.5540231742408782
1779790123.8083038,10.0,10.0,6.474819215732349,0.14005944287119826,-0.04158422099388691,0.6729962725900002,0.2163397919867989,0.004560570091564268,0.5540231742408782
1779790123.818341,10.0,10.0,6.616328447244503,0.1399448522480043,-0.04158239647297073,0.6731241634562576,0.21575714773679885,0.004896959906143561,0.5540231742408782
1779790123.8283055,10.0,10.0,6.8023370441394055,0.13983967783551957,-0.04159643329216308,0.6732790951531353,0.21518056515554887,0.005229850014638297,0.5540231742408782
1779790123.8382943,10.0,10.0,7.026282784040002,0.13975614267804923,-0.04162127898620535,0.6734535828254091,0.2145816078992989,0.005575658147767315,0.5540231742408782
1779790123.8484688,10.0,10.0,7.272483408785419,0.13967847230449532,-0.04164210173200967,0.6736381003336201,0.21399939474929888,0.005911799066645554,0.5540231742408782
1779790123.8583796,10.0,10.0,7.501386361675032,0.13960802267647865,-0.04165499563632604,0.6738320660370781,0.2133819525617989,0.006268279479807711,0.5540231742408782
1779790123.868301,10.0,10.0,7.7180097362608455,0.13954661884723002,-0.04167438039710116,0.6740191014206035,0.2127784309555489,0.006616722841637905,0.5540231742408782
1779790123.8783133,10.0,10.0,7.936435974217981,0.1394893114004992,-0.04170837413592361,0.6741828760654213,0.21220106953679888,0.006950062612172922,0.5540231742408782
1779790123.8882859,10.0,10.0,8.147435465641772,0.13943906600299616,-0.04174279105111017,0.6743319704324969,0.21159382283054887,0.007300656661490873,0.5540231742408782
1779790123.8983963,10.0,10.0,8.338348471681794,0.13940058407658704,-0.041771396856345545,0.674448432819388,0.21101246119304887,0.007636305959398017,0.5540231742408782
1779790123.9082735,10.0,10.0,8.522147797910513,0.13937108054695968,-0.04178973339552685,0.6745387403321533,0.2104022602367989,0.00798860564574872,0.5540231742408782
1779790123.9183629,10.0,10.0,8.690553351653808,0.13935549597539432,-0.041809053500337486,0.674589409018042,0.2097964325492989,0.008338380424209377,0.5540231742408782
1779790123.9283257,10.0,10.0,8.845784752302746,0.13935170788798842,-0.04180972564304165,0.6746034167179098,0.2092147920242989,0.008674190737889722,0.5540231742408782
1779790123.9382915,10.0,10.0,8.987302032755062,0.1393633086490563,-0.041804946389099144,0.6745853193708745,0.20860910687429887,0.009023883222286382,0.5540231742408782
1779790123.9483318,10.0,10.0,9.110444947305979,0.13938759850386442,-0.04179372321203526,0.674556003474164,0.2080320272680489,0.009357060288298665,0.5540231742408782
1779790123.958347,10.0,10.0,9.202502214059416,0.13943143221428597,-0.04177886303947286,0.6745193237875203,0.20740476433679886,0.00971921071050852,0.5540231742408782
1779790123.9683406,10.0,10.0,9.250855164280456,0.13948428163375345,-0.04175657556888995,0.6744678162534876,0.2068231823680489,0.010054987216722171,0.5540231742408782
1779790123.978316,10.0,10.0,9.239033351751372,0.13955345008569797,-0.04172752883188003,0.6743963501567983,0.2068231823680489,0.010054987216722171,0.5540231742408782
1779790123.988274,10.0,10.0,9.189275129639357,0.13964055424483315,-0.04169122996366822,0.6742982802451053,0.20624122003679887,0.010390983325327579,0.5540231742408782
1779790123.9983103,10.0,10.0,9.10844486777678,0.13973641478984508,-0.04164667896105609,0.6741763663383107,0.2056054776992989,0.010758029335018444,0.5540231742408782
1779790124.008299,10.0,10.0,8.987308316408436,0.13984221670597366,-0.041600005164960915,0.6740327451927925,0.20500560126179887,0.011104368157689582,0.5540231742408782
1779790124.018317,10.0,10.0,8.82827933613196,0.1399554665608146,-0.04155046408344382,0.673872869710245,0.20442847091804886,0.01143757451701115,0.5540231742408782
1779790124.0283027,10.0,10.0,8.636859025742094,0.14005494440618535,-0.041501681294575876,0.6736934223539187,0.20384800427429886,0.011772707090035804,0.5540231742408782
1779790124.0383177,10.0,10.0,8.422947610856195,0.1401303986787815,-0.04145312419496172,0.6735036270121278,0.2032670461742989,0.012108123405458701,0.5540231742408782
1779790124.0483084,10.0,10.0,8.20138097987838,0.14018860440288872,-0.041404528140226146,0.6733091548259679,0.20267818410554886,0.012448103079367076,0.5540231742408782
1779790124.0583036,10.0,10.0,7.992218225030197,0.14022859931877704,-0.04136490980609268,0.6731266479053694,0.20209077654929888,0.012787242990092032,0.5540231742408782
1779790124.0682924,10.0,10.0,7.779851826947734,0.1402570624205167,-0.04132862369716822,0.6729575812718847,0.2015094882055489,0.013122849971832886,0.5540231742408782
1779790124.0783026,10.0,10.0,7.590869115375625,0.14026400211197973,-0.041298147698535285,0.672801304855742,0.20091574673054888,0.013465646772253178,0.5540231742408782
1779790124.0882978,10.0,10.0,7.423309746124288,0.14025447511236316,-0.041271273080760694,0.672665170324258,0.2003388322180489,0.013798728521344459,0.5540231742408782
1779790124.0982935,10.0,10.0,7.258947446269239,0.14022448648634667,-0.04124726511967044,0.6725500445005815,0.19975247237429886,0.01413726353497551,0.5540231742408782
1779790124.1083071,10.0,10.0,7.130918700902532,0.1401844032536622,-0.04122272256417567,0.6724544441449575,0.19916722948679885,0.014475153673614948,0.5540231742408782
1779790124.1182828,10.0,10.0,7.0314519770771335,0.14012897026892393,-0.04120408735817139,0.6723635947618063,0.1985882675305489,0.014809417514906434,0.5540231742408782
1779790124.1283586,10.0,10.0,6.94639737007602,0.14005811962259043,-0.04118708777750846,0.6722893031773449,0.19799137183679885,0.015154035404371128,0.5540231742408782
1779790124.1383064,10.0,10.0,6.883306509839423,0.1399683499615758,-0.04117605160834653,0.6722334310324424,0.19740848014304888,0.015490568080666086,0.5540231742408782
1779790124.1483128,10.0,10.0,6.852923918876882,0.13986430735907113,-0.04116964555201387,0.6721992910104742,0.1968052149805489,0.015838863384628185,0.5540231742408782
1779790124.1582992,10.0,10.0,6.8491845364944455,0.13974992839493838,-0.04116658455715081,0.6721998232896954,0.19622581624304888,0.016173379401691945,0.5540231742408782
1779790124.168311,10.0,10.0,6.884210186809437,0.139630814930007,-0.04116858991157579,0.6722341160462374,0.1956294136367989,0.016517712606955774,0.5540231742408782
1779790124.1783693,10.0,10.0,6.965943776566623,0.13951229705050394,-0.041174158261711974,0.6723033699972006,0.19502797952429887,0.016864950753707468,0.5540231742408782
1779790124.1883075,10.0,10.0,7.088887392964839,0.13940080892806853,-0.04118185018934101,0.6724058479532671,0.19502797952429887,0.016864950753707468,0.5540231742408782
1779790124.1983614,10.0,10.0,7.255056839232724,0.1393005476604988,-0.0411942068182358,0.6725242634043311,0.1944350462492989,0.017207280939640204,0.5540231742408782
1779790124.2082841,10.0,10.0,7.446374687578566,0.139215120965476,-0.04120968379237352,0.6726502228933396,0.1938533498680489,0.017543123501941524,0.5540231742408782
1779790124.2183082,10.0,10.0,7.650382642533873,0.13914695562643759,-0.04122332544420259,0.6727734404267282,0.1932696308492989,0.017880133834547937,0.5540231742408782
1779790124.228313,10.0,10.0,7.873783775984923,0.13908392801253314,-0.04124190195780634,0.6728808941632973,0.19269189300554887,0.018213690934158033,0.5540231742408782
1779790124.2383707,10.0,10.0,8.081585374671794,0.13902778636800334,-0.04125932708962011,0.6729646037378153,0.19208496579929887,0.018564100520064984,0.5540231742408782
1779790124.24828,10.0,10.0,8.255432499706089,0.13897241132301835,-0.04127077257569576,0.6730208575356501,0.19150332971804887,0.01889990826814507,0.5540231742408782
1779790124.2583342,10.0,10.0,8.402712047695257,0.13893072217352967,-0.04127585350848159,0.6730462549621373,0.19090067492429888,0.019247851175545054,0.5540231742408782
1779790124.2682939,10.0,10.0,8.516759870552036,0.13890613251292488,-0.041278962778884945,0.6730465057174067,0.1903250318305489,0.01958019887067876,0.5540231742408782
1779790124.278312,10.0,10.0,8.608344261467026,0.13889668037583308,-0.041274386168235734,0.6730311233271813,0.18973661323679888,0.019919922504176506,0.5540231742408782
1779790124.2883892,10.0,10.0,8.674047909924033,0.13889820844030487,-0.041272939566010136,0.6730016111660978,0.18915028151804889,0.020258441279831237,0.5540231742408782
1779790124.2983189,10.0,10.0,8.706970923631268,0.13890711435972897,-0.041265068635368586,0.6729610366810137,0.1885720725242989,0.02059227039802066,0.5540231742408782
1779790124.3082619,10.0,10.0,8.733184670344576,0.1389209923399563,-0.04125265864852354,0.6728993841671033,0.1879848988555489,0.020931275273734527,0.5540231742408782
1779790124.3183148,10.0,10.0,8.759126899777787,0.13895126249014614,-0.04123328829868704,0.6728075906224914,0.18740232446804886,0.02126762475318064,0.5540231742408782
1779790124.328308,10.0,10.0,8.77498188946747,0.1389978107762889,-0.041205792498578774,0.6726955082785484,0.18681809543054886,0.02160492954524966,0.5540231742408782
1779790124.3383384,10.0,10.0,8.768053393305841,0.13905710027420456,-0.04117102659677822,0.6725528425501226,0.18623136810554888,0.02194367672427932,0.5540231742408782
1779790124.348308,10.0,10.0,8.74462426354819,0.13912488950513105,-0.04112924956345024,0.6723841494488539,0.18565228335554887,0.02227801146057542,0.5540231742408782
1779790124.3583028,10.0,10.0,8.696674036826021,0.13920772712097929,-0.04108034383731761,0.6721851709903657,0.18505070664929887,0.022625331933867066,0.5540231742408782
1779790124.3683195,10.0,10.0,8.614014956666594,0.13928136338687824,-0.04102743771785272,0.671960105071182,0.1844595338867989,0.02296664568743402,0.5540231742408782
1779790124.378353,10.0,10.0,8.466851730227646,0.13933782991639387,-0.04097286050189823,0.6717226066436289,0.18387140048054887,0.023306204667851868,0.5540231742408782
1779790124.3883464,10.0,10.0,8.282839464093097,0.13938525096999807,-0.040912980491390416,0.6714765671368232,0.1832930528305489,0.023640113839264558,0.5540231742408782
1779790124.39833,10.0,10.0,8.096971050656814,0.13941211092995406,-0.0408500220566495,0.6712293264460825,0.18267930255554884,0.02399446272575101,0.5540231742408782
1779790124.408324,10.0,10.0,7.885085179511525,0.1394202704642413,-0.0407803046770326,0.6709835434391108,0.1820895020680489,0.024334984195977315,0.5540231742408782
1779790124.4182737,10.0,10.0,7.6692269018412675,0.13941714523710333,-0.04071268368125765,0.6707597322455024,0.18150573630554886,0.024672021516100373,0.5540231742408782
1779790124.4283226,10.0,10.0,7.45668864843267,0.1394048172736494,-0.04066229929854778,0.6705512494704203,0.18150573630554886,0.024672021516100373,0.5540231742408782
1779790124.4382868,10.0,10.0,7.283037691431748,0.13938299611461574,-0.04061871076508749,0.6703655712963893,0.1809265461430489,0.02500641711233173,0.5540231742408782
1779790124.4483595,10.0,10.0,7.148028637748211,0.13935468275125001,-0.04057908552035002,0.6702119687696039,0.18031741202429888,0.025358100859764636,0.5540231742408782
1779790124.4583457,10.0,10.0,7.049092771769361,0.1393150671285372,-0.04054156222503023,0.6700917085509225,0.17970876930554888,0.02570950089727525,0.5540231742408782
1779790124.468315,10.0,10.0,6.982798346100114,0.1392702244266949,-0.04050649556265889,0.6700094291358363,0.17913060480554885,0.02604330432698613,0.5540231742408782
1779790124.478372,10.0,10.0,6.9525125080711545,0.139221128717092,-0.04047192609001972,0.6699464481673306,0.17854499224304884,0.026381407897586334,0.5540231742408782
1779790124.4883091,10.0,10.0,6.941958638975373,0.13916146046057004,-0.04043632758332228,0.6699061981679763,0.17795843625554889,0.026720056154864252,0.5540231742408782
1779790124.4983337,10.0,10.0,6.926091447146021,0.1390900302447846,-0.04039691103807307,0.6698836836986489,0.1773751303367989,0.027056827984074452,0.5540231742408782
1779790124.508287,10.0,10.0,6.912319895036923,0.13900522688792485,-0.040359610496163684,0.6698798176314685,0.17678536989929886,0.02739732633142248,0.5540231742408782
1779790124.5183065,10.0,10.0,6.923091531804798,0.13891820453833817,-0.040322666795634135,0.6699013661953775,0.17620512133679886,0.027732332995178743,0.5540231742408782
1779790124.528289,10.0,10.0,6.972703761971964,0.13882428357309412,-0.040286682883319345,0.6699540159192015,0.17560487297429886,0.02807888654884875,0.5540231742408782
1779790124.5383096,10.0,10.0,7.060523804947266,0.13872721296015195,-0.04024675696891913,0.6700310938821857,0.17502468021179887,0.028413860996460004,0.5540231742408782
1779790124.5483043,10.0,10.0,7.185413688813821,0.1386399315444217,-0.04020778014809428,0.6701245554155915,0.17443934940554887,0.028751801895013418,0.5540231742408782
1779790124.5583038,10.0,10.0,7.341291095552631,0.13856744248110572,-0.040167247891450424,0.6702270696180779,0.1738596351055489,0.029086500102171488,0.5540231742408782
1779790124.5683405,10.0,10.0,7.5120537107557395,0.13850331871978758,-0.040124233640795835,0.6703302007426082,0.17327588734304886,0.02942352702998971,0.5540231742408782
1779790124.5782847,10.0,10.0,7.691906714252421,0.13844376327556038,-0.04007850549795688,0.6704189488557142,0.17268806618054885,0.029762905736394445,0.5540231742408782
1779790124.5883303,10.0,10.0,7.8715923569203,0.1383859468360463,-0.04003395710904348,0.6704942627188114,0.1721085124742989,0.030097511224707725,0.5540231742408782
1779790124.5983555,10.0,10.0,8.031907373447151,0.13833532829951578,-0.03998546754979813,0.6705504247558381,0.17152872831179886,0.030432249766998987,0.5540231742408782
1779790124.6083715,10.0,10.0,8.16944426347932,0.13829588163769996,-0.039931519859056006,0.6705840053664985,0.17093611003679884,0.03077439808759693,0.5540231742408782
1779790124.618359,10.0,10.0,8.271910211755875,0.1382712178461013,-0.03987019910624056,0.6705962092986663,0.1703505255992989,0.031112485420220805,0.5540231742408782
1779790124.628284,10.0,10.0,8.341420579916177,0.13826045614016336,-0.03980491815033829,0.6705945620822216,0.16972994769929886,0.03147077623783894,0.5540231742408782
1779790124.6382978,10.0,10.0,8.379754181014334,0.1382633695434441,-0.03974102531192857,0.6705785220195161,0.16912950769304888,0.0318174404370796,0.5540231742408782
1779790124.6483626,10.0,10.0,8.407173650253377,0.1382741038272657,-0.03967638996895383,0.670549273632773,0.16912950769304888,0.0318174404370796,0.5540231742408782
1779790124.658284,10.0,10.0,8.44212533847506,0.13829603159417758,-0.039614421880585726,0.6704922338326881,0.16855104399929885,0.03215141660638258,0.5540231742408782
1779790124.6682901,10.0,10.0,8.481049956508562,0.13833486710125753,-0.039549862807311764,0.6704051450438975,0.16795469601179888,0.0324957182774964,0.5540231742408782
1779790124.6783519,10.0,10.0,8.503605242893197,0.13838248958227825,-0.03947832416510923,0.6702924058688331,0.16736960983679885,0.03283351793813178,0.5540231742408782
1779790124.6883142,10.0,10.0,8.488751703450463,0.13844664390103043,-0.03940491695526205,0.6701501952284081,0.16676608823054886,0.033181961299961975,0.5540231742408782
1779790124.6983016,10.0,10.0,8.464688666218084,0.13852977536490127,-0.03933130875913046,0.6699765881182677,0.16617731121179888,0.03352189187022995,0.5540231742408782
1779790124.708313,10.0,10.0,8.428628601491472,0.13861675343654498,-0.03925018277208674,0.6697792451228789,0.16558492457429888,0.03386390645485491,0.5540231742408782
1779790124.7182963,10.0,10.0,8.333682402276477,0.1386977692632401,-0.03916977114952896,0.6695675273831426,0.16496688557429887,0.0342207314378746,0.5540231742408782
1779790124.7283044,10.0,10.0,8.198354376955336,0.13875227348764782,-0.03908405833245075,0.6693527261522069,0.16437329794304886,0.034563439416564416,0.5540231742408782
1779790124.7382925,10.0,10.0,8.026024738631122,0.13879343625014007,-0.038997222472101495,0.6691357157853092,0.1637797571117989,0.03490612037526164,0.5540231742408782
1779790124.7482843,10.0,10.0,7.8408826101698565,0.13880894266961086,-0.03891484133336251,0.6689353849689079,0.16319354436179886,0.03524457046427654,0.5540231742408782
1779790124.7582855,10.0,10.0,7.629746870170648,0.13880506395531922,-0.0388248233304948,0.6687544863114853,0.16260227018054887,0.035585942771986095,0.5540231742408782
1779790124.7683446,10.0,10.0,7.443079680264447,0.1387919302231241,-0.03871947980062653,0.6685912877909972,0.16201319841179887,0.03592604351624592,0.5540231742408782
1779790124.7783256,10.0,10.0,7.290242378820996,0.13876629928290724,-0.03859506921834049,0.6684580039773355,0.16143375011804886,0.03626058814462394,0.5540231742408782
1779790124.788292,10.0,10.0,7.159753288462757,0.1387294157220769,-0.03848163777883174,0.6683509201661332,0.16085587249304886,0.03659422594697636,0.5540231742408782
1779790124.7983165,10.0,10.0,7.062271824389093,0.1386844543685733,-0.03838608925960097,0.6682729649760428,0.1602796934492989,0.03692688307298684,0.5540231742408782
1779790124.8083172,10.0,10.0,7.0004268339080244,0.13862687588889824,-0.03829014195196244,0.6682222016551518,0.15968907975554889,0.03726787404806048,0.5540231742408782
1779790124.8182971,10.0,10.0,6.9807659793642545,0.1385597465933092,-0.03818611132095214,0.6681822462870594,0.15910885262429889,0.03760286833847879,0.5540231742408782
1779790124.828353,10.0,10.0,6.978276853888462,0.13848061745398246,-0.03808275536954698,0.6681588707131972,0.1585185083680489,0.03794370375373929,0.5540231742408782
1779790124.8382623,10.0,10.0,6.9955816817902825,0.13839366443114837,-0.037974561108782875,0.6681494839632548,0.1579375068992989,0.038279145108121665,0.5540231742408782
1779790124.8483038,10.0,10.0,7.046626607687637,0.1382968954167333,-0.037864019347980234,0.6681648627344363,0.1573602023492989,0.03861245204546855,0.5540231742408782
1779790124.858344,10.0,10.0,7.117047966146375,0.13819721467035315,-0.037747475620596306,0.6682087007342198,0.15676718453054886,0.038954831042758126,0.5540231742408782
1779790124.8683066,10.0,10.0,7.205697146011447,0.138097537021272,-0.03763455315075711,0.6682765731128092,0.15676718453054886,0.038954831042758126,0.5540231742408782
1779790124.8782964,10.0,10.0,7.316623031184923,0.13800489460229212,-0.03751792373258615,0.6683514559511099,0.15618083481179887,0.03929336021071769,0.5540231742408782
1779790124.8883147,10.0,10.0,7.451784858897936,0.1379091932425035,-0.037399247171829145,0.6684215379824647,0.1556025468992989,0.03962723489266867,0.5540231742408782
1779790124.8984458,10.0,10.0,7.589046112038659,0.13781663548262021,-0.03727710116238413,0.6684861641398907,0.15499234200554887,0.03997953685233607,0.5540231742408782
1779790124.9083498,10.0,10.0,7.712661693813256,0.13773124031819575,-0.037152569868764196,0.6685332697121005,0.15438006092429887,0.04033303749941546,0.5540231742408782
1779790124.9182992,10.0,10.0,7.833304679125236,0.13765971290127726,-0.03702812991168198,0.6685660720555519,0.15379080431804884,0.04067324495965568,0.5540231742408782
1779790124.928284,10.0,10.0,7.934740468551608,0.13760905489418618,-0.0369018852598314,0.6685826336237397,0.1532049263117989,0.04101150178427637,0.5540231742408782
1779790124.9382603,10.0,10.0,8.015106003504027,0.13756474486469164,-0.03677245940262105,0.6685843275718849,0.15262457064929888,0.04134657028224649,0.5540231742408782
1779790124.9483342,10.0,10.0,8.06663307972755,0.13753076636716333,-0.03664524049257478,0.6685758557575437,0.15203030396804887,0.0416896703106366,0.5540231742408782
1779790124.9583178,10.0,10.0,8.108298850948053,0.1375103744268525,-0.03652183170827998,0.668559785990697,0.15145324461179885,0.04202283568530593,0.5540231742408782
1779790124.9683344,10.0,10.0,8.144170040950641,0.1375019667192142,-0.036402405757303184,0.6685252067429553,0.15083896682429884,0.04237748913127627,0.5540231742408782
1779790124.978302,10.0,10.0,8.166184503272836,0.13750305492416323,-0.03628209221032885,0.6684638401710731,0.15021689829929888,0.042736640561639394,0.5540231742408782
1779790124.9883432,10.0,10.0,8.182496705882079,0.13751522191524487,-0.03616502774029915,0.6683739967798431,0.14961207771179885,0.04308583389064396,0.5540231742408782
1779790124.9983482,10.0,10.0,8.204302879417746,0.13754388002331774,-0.036053579391244844,0.6682554118580211,0.14902828658054887,0.04342288585742167,0.5540231742408782
1779790125.008298,10.0,10.0,8.201619257939797,0.13758670646440002,-0.03594152971405701,0.6681171520209653,0.1484244752867989,0.043771496470407956,0.5540231742408782
1779790125.0182817,10.0,10.0,8.177253267462897,0.13764550163009245,-0.03582946434099783,0.6679487661492992,0.14784659372429887,0.04410513654607706,0.5540231742408782
1779790125.0282958,10.0,10.0,8.120384932941613,0.13770022834336643,-0.03571571643521355,0.6677683977589582,0.14726232806804887,0.04444246247999124,0.5540231742408782
1779790125.0382998,10.0,10.0,8.029300612717305,0.1377436577145219,-0.03561105952478757,0.6675737738299845,0.14668031888054886,0.044778485641065215,0.5540231742408782
1779790125.0483527,10.0,10.0,7.917200915729165,0.13777767122756668,-0.03550924299040743,0.6673742148356689,0.14609193977429888,0.0451181864764442,0.5540231742408782
1779790125.0582988,10.0,10.0,7.794876705614172,0.13778838387988462,-0.03541099817376198,0.6671824069905873,0.14609193977429888,0.0451181864764442,0.5540231742408782
1779790125.0682952,10.0,10.0,7.657701882315336,0.1377793655660849,-0.03529870413173304,0.6670043527541704,0.1454789610242989,0.04547208992276422,0.5540231742408782
1779790125.0782897,10.0,10.0,7.523060800938411,0.13774946099050608,-0.03517439802320265,0.66684378544259,0.14489647506179887,0.045808388350012774,0.5540231742408782
1779790125.088321,10.0,10.0,7.406989804097197,0.13770714180351326,-0.035063504331141956,0.6667077841339369,0.14431636515554888,0.04614331496054577,0.5540231742408782
1779790125.0983112,10.0,10.0,7.310515324021268,0.13766057190595257,-0.034966088438499354,0.6666027738715434,0.14371675078679888,0.046489502477753554,0.5540231742408782
1779790125.1083424,10.0,10.0,7.260233991178581,0.13760459712717169,-0.034881174116470355,0.6665255582996988,0.14313188381804887,0.046827175579601504,0.5540231742408782
1779790125.1182845,10.0,10.0,7.245721048621079,0.13755071711107283,-0.03479864047410378,0.6664751853956565,0.14252582674304887,0.04717708279499702,0.5540231742408782
1779790125.1283298,10.0,10.0,7.2753071562016505,0.13749317119993829,-0.03470836705236847,0.6664372896092784,0.14192807436179888,0.04752219529322044,0.5540231742408782
1779790125.138297,10.0,10.0,7.334930824974732,0.1374273846749625,-0.03462016284977225,0.6664134904886351,0.14134383013679885,0.047859508853796674,0.5540231742408782
1779790125.1482565,10.0,10.0,7.386215665665416,0.1373647356137356,-0.03452384088766502,0.6663943135999659,0.14076488679929888,0.04819376194554784,0.5540231742408782
1779790125.158278,10.0,10.0,7.444359305038302,0.1372942635704191,-0.03442759658389703,0.6663918650752276,0.14015312979929886,0.04854696001417649,0.5540231742408782
1779790125.1683276,10.0,10.0,7.539118036591663,0.1372215160211245,-0.034331307980576126,0.6663871583565156,0.13957581743054887,0.04888027146568079,0.5540231742408782
1779790125.1783311,10.0,10.0,7.6312431172477,0.1371518853551843,-0.03423326956284278,0.6663845244943376,0.13898146339304887,0.04922342192922537,0.5540231742408782
1779790125.1883788,10.0,10.0,7.715069691574429,0.13708967886269605,-0.03413072471963049,0.6663794725650444,0.13840109816804888,0.049558495948107406,0.5540231742408782
1779790125.1983302,10.0,10.0,7.795458930821538,0.13703486013366656,-0.034025960063094954,0.6663781005984015,0.13779143316179887,0.049910486203581336,0.5540231742408782
1779790125.208361,10.0,10.0,7.852245512308479,0.13699557294076564,-0.03392125071846028,0.6663773352993498,0.13721341007429888,0.05024420798874728,0.5540231742408782
1779790125.2182863,10.0,10.0,7.903519011555257,0.13696991121337312,-0.03381111675812765,0.6663757959887211,0.13662233428679887,0.050585465753771874,0.5540231742408782
1779790125.2282763,10.0,10.0,7.966918245551041,0.1369548835131063,-0.03370352564485862,0.6663723111655938,0.13603949389304887,0.050921968811998036,0.5540231742408782
1779790125.2383053,10.0,10.0,8.024906075816618,0.13695856957150707,-0.03359502393827324,0.6663623172220798,0.13542311342429886,0.051277836241554076,0.5540231742408782
1779790125.2482843,10.0,10.0,8.083340363108789,0.13698277504102901,-0.03348873402461911,0.6663387542101203,0.13542311342429886,0.051277836241554076,0.5540231742408782
1779790125.2583072,10.0,10.0,8.12959095407705,0.1370173259037296,-0.03337861152424745,0.6662926022414432,0.13481230215554887,0.051630488291990934,0.5540231742408782
1779790125.2682886,10.0,10.0,8.168839405501933,0.137070184195997,-0.03326309216845601,0.6662230284348316,0.1342253899367989,0.05196934221947694,0.5540231742408782
1779790125.2782981,10.0,10.0,8.192666817068869,0.13714004264258245,-0.03314347170187449,0.6661271444934574,0.13363944994304888,0.052307634832597455,0.5540231742408782
1779790125.2883224,10.0,10.0,8.200504457057576,0.13722748084922368,-0.03302376491173229,0.666004571391675,0.13306303194929886,0.052640429916454776,0.5540231742408782
1779790125.2982907,10.0,10.0,8.184708974316505,0.137327302015911,-0.0328942840271676,0.6658547913905608,0.13247565763679886,0.05297955063389172,0.5540231742408782
1779790125.3082817,10.0,10.0,8.125304178889488,0.13742212205264553,-0.03275808576052855,0.6656879465268232,0.13188466020554887,0.05332076315991428,0.5540231742408782
1779790125.3183167,10.0,10.0,8.031713802415712,0.1375007287784606,-0.032620839619658726,0.6654993653239498,0.13129902621179887,0.05365887910385245,0.5540231742408782
1779790125.3282864,10.0,10.0,7.932784336813075,0.13756502213582822,-0.03247835111174499,0.6653039366437281,0.13068292412429885,0.054014585809918844,0.5540231742408782
1779790125.3382888,10.0,10.0,7.807379876529691,0.13761943483437178,-0.032330361324135,0.665110434594735,0.13007744304929889,0.05436416047155933,0.5540231742408782
1779790125.3482935,10.0,10.0,7.67993792960613,0.13765359158930407,-0.032176103708131766,0.664925857834965,0.12945482895554886,0.054723626886187135,0.5540231742408782
1779790125.3582618,10.0,10.0,7.546052516190879,0.13767296318614705,-0.03199977973559129,0.6647549939962636,0.12885875603054886,0.05506776974989254,0.5540231742408782
1779790125.3682914,10.0,10.0,7.433782059398223,0.13768525814036026,-0.031827360261921914,0.6646029132981077,0.12827215554929886,0.055406443695648996,0.5540231742408782
1779790125.3782578,10.0,10.0,7.336978144931508,0.13768780205637485,-0.03166458947958144,0.664473535455663,0.12768215334929886,0.05574708162464147,0.5540231742408782
1779790125.3883295,10.0,10.0,7.249594638558294,0.13767918511883945,-0.03150719120020791,0.6643670610693206,0.12711073868054887,0.05607698803746318,0.5540231742408782
1779790125.3983328,10.0,10.0,7.19106361507561,0.13766263010160265,-0.03134911272171658,0.6642897967628967,0.12653331977429885,0.056410360998421796,0.5540231742408782
1779790125.4083915,10.0,10.0,7.15024698666846,0.13762833918143663,-0.031191956464055055,0.6642345376156262,0.12592483539929886,0.05676166961612572,0.5540231742408782
1779790125.4183135,10.0,10.0,7.125760429694737,0.13758527894179853,-0.031026219066917875,0.6641885279213248,0.12534668951804886,0.05709546229629629,0.5540231742408782
1779790125.4282951,10.0,10.0,7.120686399994193,0.13753543424942688,-0.030860917896543508,0.6641586553303895,0.12476830749929887,0.05742939131051604,0.5540231742408782
1779790125.4383636,10.0,10.0,7.111216034148955,0.13747062259926257,-0.030696283462875763,0.6641390569529995,0.12418631580554887,0.05776540437156873,0.5540231742408782
1779790125.4483545,10.0,10.0,7.120839399504428,0.13738987881576994,-0.030539658474428504,0.6641318823125673,0.12360831701804889,0.058099112127123126,0.5540231742408782
1779790125.4582965,10.0,10.0,7.163264946238542,0.13729960756489065,-0.03038335024334036,0.6641383710631052,0.12301424361179888,0.05844210056813996,0.5540231742408782
1779790125.4682996,10.0,10.0,7.246287280309405,0.1372065340666872,-0.030230581370305373,0.6641574629257161,0.12301424361179888,0.05844210056813996,0.5540231742408782
1779790125.4783187,10.0,10.0,7.377148022795435,0.1371319381460216,-0.030078856359293197,0.6641858568205082,0.12243371436179887,0.0587772692868999,0.5540231742408782
1779790125.4883435,10.0,10.0,7.5482043884104835,0.13706390390419898,-0.029930991682970847,0.6642230185540544,0.12184341684929886,0.05911807771464375,0.5540231742408782
1779790125.4982815,10.0,10.0,7.728102058588829,0.13700796236507248,-0.029780386998804285,0.6642577182895854,0.12125177698679884,0.059459661148521456,0.5540231742408782
1779790125.5083668,10.0,10.0,7.898358561071164,0.13696066899012208,-0.029633405235460715,0.6642856329395915,0.12067261832429887,0.05979403855821931,0.5540231742408782
1779790125.5182772,10.0,10.0,8.047842972260584,0.13691963518371908,-0.029482768408588936,0.6643046903860422,0.12006946588679887,0.06014226878037232,0.5540231742408782
1779790125.5283008,10.0,10.0,8.169861137799945,0.13688689198300547,-0.029335166789554275,0.6643223235903342,0.11945527489304886,0.06049687211594773,0.5540231742408782
1779790125.5382638,10.0,10.0,8.258961165702532,0.1368617317017378,-0.029189596895099857,0.664341060529105,0.11887449263054883,0.06083218691154267,0.5540231742408782
1779790125.5482657,10.0,10.0,8.334640342436145,0.13684049499758225,-0.029048905181790437,0.664359817818423,0.11828971014929887,0.061169811234509736,0.5540231742408782
1779790125.5582807,10.0,10.0,8.402243455834261,0.1368295573409286,-0.02890845645966988,0.6643724509115004,0.11770528671179886,0.06150722826347109,0.5540231742408782
1779790125.568283,10.0,10.0,8.46425309595849,0.13682500750183854,-0.02877636883032951,0.6643786135901838,0.11709448213679885,0.0618598764492696,0.5540231742408782
1779790125.578333,10.0,10.0,8.529352027434664,0.13683843684997068,-0.02864587746395754,0.6643615633569647,0.11651501865554889,0.062194429846154836,0.5540231742408782
1779790125.5883405,10.0,10.0,8.598769149589778,0.13686409794004623,-0.028521128710033147,0.6643212987875089,0.11592662599304887,0.06253413850823841,0.5540231742408782
1779790125.5983331,10.0,10.0,8.660594646238456,0.13690745436476756,-0.028398461076007537,0.6642540353783989,0.11533980624929888,0.06287293904525826,0.5540231742408782
1779790125.608306,10.0,10.0,8.726213279189192,0.13697034077876272,-0.028277269847203322,0.6641636699022339,0.11472594268679887,0.06322735333831334,0.5540231742408782
1779790125.6183124,10.0,10.0,8.781463457470219,0.13704951717702846,-0.028153520706625725,0.6640436480724446,0.11414776519304887,0.06356116426996929,0.5540231742408782
1779790125.6283026,10.0,10.0,8.806991716111938,0.13714337451784597,-0.02803469636718967,0.6638958858345638,0.11356306562429885,0.06389874072338216,0.5540231742408782
1779790125.6382804,10.0,10.0,8.770206809334468,0.1372439143939786,-0.027913580634822212,0.6637216583893689,0.11298518344304886,0.06423238115628672,0.5540231742408782
1779790125.648297,10.0,10.0,8.693715309987779,0.1373586046090046,-0.0277874944169724,0.6635096378774595,0.11240590142429885,0.06456682978574876,0.5540231742408782
1779790125.6583252,10.0,10.0,8.584143421877156,0.1374792935203045,-0.02766106672139814,0.6632626429686105,0.11179258281179885,0.06492092945177463,0.5540231742408782
1779790125.6682851,10.0,10.0,8.408827306123648,0.13759192571844772,-0.02752830111513885,0.6629972827325114,0.1112044730305489,0.06526047479229237,0.5540231742408782
1779790125.678311,10.0,10.0,8.19368547758075,0.13769770701940393,-0.02739239907254245,0.6627036806717114,0.11062105163054889,0.06559731329463336,0.5540231742408782
1779790125.6883094,10.0,10.0,7.988455085623734,0.13778087240699394,-0.02724956275096939,0.6623937777167274,0.11062105163054889,0.06559731329463336,0.5540231742408782
1779790125.6983895,10.0,10.0,7.772828285653189,0.137839643001087,-0.02709938709953716,0.662063081183576,0.11003838195554885,0.06593371778834325,0.5540231742408782
1779790125.7082837,10.0,10.0,7.568785051517108,0.13787211025254945,-0.026912466080711822,0.6617232803978566,0.10945443304304886,0.06627086085016812,0.5540231742408782
1779790125.7182834,10.0,10.0,7.39106733946068,0.1378919324749492,-0.0267247064379096,0.6613783798616535,0.10887066722429886,0.06660789820276712,0.5540231742408782
1779790125.7282844,10.0,10.0,7.23380398098519,0.13789474379436756,-0.026545430826834176,0.6610472730447025,0.10825241464304886,0.066964846496979,0.5540231742408782
1779790125.7382753,10.0,10.0,7.0754695307473305,0.13789171203229889,-0.02637765207129811,0.6607264888260466,0.10763734446179885,0.0673199574316942,0.5540231742408782
1779790125.748347,10.0,10.0,6.943647929430784,0.1378708515176825,-0.026205854219423393,0.6604272382419327,0.10703131669304886,0.06766984772711838,0.5540231742408782
1779790125.7582753,10.0,10.0,6.831536295875099,0.1378346195108583,-0.02603878358454745,0.6601613624162649,0.10645485246179887,0.06800266950620877,0.5540231742408782
1779790125.768311,10.0,10.0,6.726843235814745,0.13777917630247194,-0.0258741653224046,0.6599263164823779,0.10586627552429884,0.06834248455951321,0.5540231742408782
1779790125.7782974,10.0,10.0,6.636305160252132,0.13770647475854678,-0.025707021120464073,0.6597183438056643,0.10527458205554885,0.06868409894297377,0.5540231742408782
1779790125.788269,10.0,10.0,6.580115409513064,0.13762183271807554,-0.025538301620833592,0.6595536321507923,0.10467157333679886,0.06903224618906777,0.5540231742408782
1779790125.7982888,10.0,10.0,6.555777379201843,0.1375299901959233,-0.025379757951679835,0.6594325363743535,0.10409358242429886,0.0693659493979888,0.5540231742408782
1779790125.8083053,10.0,10.0,6.559754598218009,0.13743357419287475,-0.025227734183976155,0.6593520723054762,0.10351642896179886,0.0696991691049269,0.5540231742408782
1779790125.818387,10.0,10.0,6.597300195835051,0.13734141447268153,-0.0250807549868325,0.6593159928161232,0.10292626442429886,0.0700399007595187,0.5540231742408782
1779790125.8282716,10.0,10.0,6.682772581191772,0.13725141402066865,-0.024933322319791736,0.6593134608850184,0.10234806386804884,0.07037372500631522,0.5540231742408782
1779790125.8383572,10.0,10.0,6.814150826083628,0.13716940295842514,-0.024784115353185737,0.6593311395140518,0.10173649288679884,0.07072681567696848,0.5540231742408782
1779790125.8483384,10.0,10.0,6.9868612442472955,0.13709922076031741,-0.0246386820910876,0.659353462488165,0.10113206734304886,0.07107578092735761,0.5540231742408782
1779790125.8583367,10.0,10.0,7.183648783498857,0.13704442562483182,-0.024486290799616187,0.6593807027691929,0.10053939551804886,0.07141796016506247,0.5540231742408782
1779790125.868289,10.0,10.0,7.385057989099246,0.1370026331415748,-0.024334524046527847,0.6594126623512188,0.09994070370554883,0.07176361504417098,0.5540231742408782
1779790125.8782964,10.0,10.0,7.57595032223381,0.1369694471478348,-0.024188277948856734,0.6594371157953701,0.09994070370554883,0.07176361504417098,0.5540231742408782
1779790125.8883271,10.0,10.0,7.7494612685062005,0.13694073192901582,-0.024036606538696263,0.6594567290403431,0.09936343301804887,0.07209690243099438,0.5540231742408782
1779790125.8982975,10.0,10.0,7.898874852932371,0.1369145210240745,-0.023894156078377936,0.6594737523256675,0.09874090239929884,0.07245632065130848,0.5540231742408782
1779790125.9082768,10.0,10.0,8.027062323643012,0.13689271813857068,-0.023750366047952304,0.6594846517070718,0.09818130092429886,0.07272279506590595,0.5540231742408782
1779790125.9182804,10.0,10.0,8.136934539577794,0.13686999712514636,-0.023609282112887875,0.6594858183201323,0.09818130092429886,0.07205059714601109,0.5540231742408782
1779790125.9283288,10.0,10.0,8.236120600684158,0.13685593081756672,-0.023474780647725256,0.6594655971121505,0.09818130092429886,0.07137245982904139,0.5540231742408782
1779790125.9383345,10.0,10.0,8.335896793927414,0.13684639382224614,-0.02334274793706018,0.6594240251807787,0.09818130092429886,0.07069329243980575,0.5540231742408782
1779790125.948285,10.0,10.0,8.424667889386317,0.136846570064149,-0.02321196246860122,0.6593554843944642,0.09818130092429886,0.07001419591309879,0.5540231742408782
1779790125.95831,10.0,10.0,8.507449522878959,0.13685964328769668,-0.023083729651284097,0.6592566073024241,0.09818130092429886,0.0693463899111354,0.5540231742408782
1779790125.968338,10.0,10.0,8.582449252068084,0.1368863812215607,-0.022959719856279818,0.6591309339204441,0.09818130092429886,0.06868121556551844,0.5540231742408782
1779790125.978281,10.0,10.0,8.645070797808595,0.1369246968014636,-0.02283555937348772,0.6589675923379363,0.09818130092429886,0.06800539235503014,0.5540231742408782
1779790125.9882896,10.0,10.0,8.683997741820912,0.136980780123254,-0.02271252110543156,0.6587712247928862,0.09818130092429886,0.0673217399717828,0.5540231742408782
1779790125.9983501,10.0,10.0,8.694265081763666,0.1370469796937784,-0.02259015618748562,0.6585422202188695,0.09818130092429886,0.06661810370593292,0.5540231742408782
1779790126.0083392,10.0,10.0,8.644851962040853,0.13712145434289788,-0.022467023001220176,0.6582753739791479,0.09818130092429886,0.06594190890559452,0.5540231742408782
1779790126.0182896,10.0,10.0,8.566405630582988,0.13721079370287081,-0.022338358592542892,0.6579654938261913,0.09818130092429886,0.06526778412247752,0.5540231742408782
1779790126.0282974,10.0,10.0,8.451063923729606,0.13730145002810656,-0.022208983139850317,0.6576273488470011,0.09818130092429886,0.06458554710619818,0.5540231742408782
1779790126.0383108,10.0,10.0,8.282615205719969,0.13739276995155197,-0.022079653622433377,0.6572739700621956,0.09818130092429886,0.06389525378034698,0.5540231742408782
1779790126.048289,10.0,10.0,8.100881904456935,0.1374938367492938,-0.02194289769624971,0.6568977366438813,0.09818130092429886,0.0632259933753205,0.5540231742408782
1779790126.058294,10.0,10.0,7.951584605016956,0.1375859127659489,-0.02180882216984752,0.6565151486829508,0.09818130092429886,0.06255790756054914,0.5540231742408782
1779790126.0682573,10.0,10.0,7.8005884460709485,0.13765683350242536,-0.021665872753367083,0.6561201256706555,0.09818130092429886,0.061882372671568445,0.5540231742408782
1779790126.078347,10.0,10.0,7.637494082973136,0.13769355924475016,-0.02151875503546411,0.6557300086666246,0.09818130092429886,0.0611973231078865,0.5540231742408782
1779790126.088286,10.0,10.0,7.47744333691361,0.13769775654042904,-0.021359318305732893,0.6553575521242488,0.09818130092429886,0.0611973231078865,0.5540231742408782
1779790126.0982919,10.0,10.0,7.343040317718385,0.1376851361976549,-0.021200644089833152,0.6550039294922746,0.09818130092429886,0.06047598446005917,0.5540231742408782
1779790126.1082895,10.0,10.0,7.237696996630712,0.13766150461294643,-0.0210539943485653,0.6546877858790733,0.09818130092429886,0.05979869379117482,0.5540231742408782
1779790126.118328,10.0,10.0,7.1279614499850785,0.13762573151989657,-0.020910382758768106,0.6544089653412576,0.09818130092429886,0.05913109732405786,0.5540231742408782
1779790126.1282675,10.0,10.0,7.020120078160407,0.13757194585315374,-0.020772287767128004,0.6541737808857464,0.09818130092429886,0.05842716825501902,0.5540231742408782
1779790126.1382787,10.0,10.0,6.898588217199629,0.1375047539105201,-0.02064200756689523,0.6539834716590737,0.09818130092429886,0.05764566582646151,0.5540231742408782
1779790126.1482897,10.0,10.0,6.803096194156984,0.13742189037735375,-0.020512557435826497,0.6538331483994803,0.09818130092429886,0.05693930619217501,0.5540231742408782
1779790126.158273,10.0,10.0,6.74773343729748,0.13732311167078945,-0.02039196997825733,0.6537299266700611,0.09818130092429886,0.056247218115277,0.5540231742408782
1779790126.1682854,10.0,10.0,6.710941692349144,0.1372177621404262,-0.02027971361580557,0.6536773046782091,0.09818130092429886,0.05557459073338443,0.5540231742408782
1779790126.1782696,10.0,10.0,6.711275595793011,0.13710851034310842,-0.020168078205282557,0.653658441730448,0.09818130092429886,0.054879660815774556,0.5540231742408782
1779790126.1882925,10.0,10.0,6.76664792263539,0.13701345181511113,-0.020058605583253657,0.6536633795508782,0.09818130092429886,0.05421200972410527,0.5540231742408782
1779790126.1983042,10.0,10.0,6.882106985141823,0.13693104869869438,-0.019947963475674943,0.6536795181980553,0.09818130092429886,0.05354504510912292,0.5540231742408782
1779790126.2082963,10.0,10.0,7.030396753176667,0.1368506500418851,-0.019840461253529316,0.6536997665147047,0.09818130092429886,0.05286302938398492,0.5540231742408782
1779790126.218273,10.0,10.0,7.208422642495294,0.1367839971468575,-0.019732651233942362,0.6537273329991042,0.09818130092429886,0.05219674156785563,0.5540231742408782
1779790126.2283146,10.0,10.0,7.40974327741809,0.1367282213667506,-0.019633043796385512,0.653754314525246,0.09818130092429886,0.05152526409449419,0.5540231742408782
1779790126.2382758,10.0,10.0,7.628321660401099,0.13668264041645756,-0.01953017918129074,0.6537756544902175,0.09818130092429886,0.0508430114248057,0.5540231742408782
1779790126.2483954,10.0,10.0,7.83149421954897,0.13664488960418011,-0.01943476238218273,0.6537962689532648,0.09818130092429886,0.05017523601518972,0.5540231742408782
1779790126.258272,10.0,10.0,8.016445070683595,0.1366174487621156,-0.01934751038037781,0.6538122561898738,0.09818130092429886,0.05017523601518972,0.5540231742408782
1779790126.2682686,10.0,10.0,8.185279308070905,0.13659896629445065,-0.019263364459566883,0.6538247230015273,0.09818130092429886,0.04946669113900182,0.5540231742408782
1779790126.2783277,10.0,10.0,8.32239805330731,0.1365869566761527,-0.019188231405382974,0.6538309921536126,0.09818130092429886,0.0487801409914521,0.5540231742408782
1779790126.2882743,10.0,10.0,8.42446368656638,0.1365813186414747,-0.019128091335982242,0.6538312320378274,0.09818130092429886,0.04810678731735463,0.5540231742408782
1779790126.2983353,10.0,10.0,8.504832719456914,0.13658111220672234,-0.019074615221945666,0.6538219228226743,0.09818130092429886,0.04743337057495714,0.5540231742408782
1779790126.3083107,10.0,10.0,8.56977017503989,0.13658395182377236,-0.019031400166838068,0.6537982302345795,0.09818130092429886,0.04675362400958212,0.5540231742408782
1779790126.3182833,10.0,10.0,8.62995043001033,0.13659685705713873,-0.018995170620584312,0.6537523073232322,0.09818130092429886,0.046076591654425084,0.5540231742408782
1779790126.3282723,10.0,10.0,8.688240003030462,0.13662050952652247,-0.0189648766513291,0.653683968907643,0.09818130092429886,0.04539863399442534,0.5540231742408782
1779790126.3382516,10.0,10.0,8.725172428198572,0.1366556719497935,-0.018945289056480377,0.6535926277643477,0.09818130092429886,0.044720220112242914,0.5540231742408782
1779790126.3482823,10.0,10.0,8.739258587485493,0.13670175063917558,-0.01892479022506935,0.6534739803103282,0.09818130092429886,0.044021346055136606,0.5540231742408782
1779790126.3583186,10.0,10.0,8.738416966974642,0.13676011636202506,-0.018900514844465432,0.6533201973761484,0.09818130092429886,0.04335418294713174,0.5540231742408782
1779790126.3682978,10.0,10.0,8.722338922271328,0.13682524377888625,-0.01887327597508089,0.6531361255327245,0.09818130092429886,0.04266442326613432,0.5540231742408782
1779790126.3783498,10.0,10.0,8.659701734893622,0.13689726159968427,-0.01883781562441777,0.652910260995541,0.09818130092429886,0.04199222411215327,0.5540231742408782
1779790126.3882723,10.0,10.0,8.572883119027182,0.13697123952818696,-0.018796989620446184,0.6526585668110557,0.09818130092429886,0.0412945272433783,0.5540231742408782
1779790126.3983164,10.0,10.0,8.42768173365977,0.13704316984110773,-0.01875340882110753,0.6523832151823594,0.09818130092429886,0.040621343418513124,0.5540231742408782
1779790126.4083438,10.0,10.0,8.237560711418395,0.1371125485162626,-0.018708398823865297,0.6520954851472635,0.09818130092429886,0.03994235107466222,0.5540231742408782
1779790126.418277,10.0,10.0,8.032478966126824,0.13716712602452155,-0.018664841092324747,0.6517915394574654,0.09818130092429886,0.039274375872985594,0.5540231742408782
1779790126.428288,10.0,10.0,7.843747554990324,0.1371996552698433,-0.01862608139436027,0.6514739542731502,0.09818130092429886,0.038606316103928284,0.5540231742408782
1779790126.438365,10.0,10.0,7.66401002552221,0.1372181320003041,-0.018592053106446065,0.6511461864312427,0.09818130092429886,0.03793258830685634,0.5540231742408782
1779790126.4482923,10.0,10.0,7.4966427401481255,0.13722758856232345,-0.018558171464642042,0.6508186967394112,0.09818130092429886,0.03726388427985057,0.5540231742408782
1779790126.4583223,10.0,10.0,7.336138783936868,0.13721960179433706,-0.018528096786030842,0.65050293821209,0.09818130092429886,0.03658610679643612,0.5540231742408782
1779790126.4682572,10.0,10.0,7.194868522126906,0.13719943215167332,-0.01850918486310744,0.6501960347421883,0.09818130092429886,0.035905278651934276,0.5540231742408782
1779790126.4783573,10.0,10.0,7.06416825038136,0.13716858753308128,-0.01849453225633753,0.6499194071126039,0.09818130092429886,0.035237203943938755,0.5540231742408782
1779790126.488315,10.0,10.0,6.947163043917103,0.13712674321424734,-0.01848444561928789,0.6496711259775209,0.09818130092429886,0.03454401220426615,0.5540231742408782
1779790126.4982615,10.0,10.0,6.857686495117435,0.1370752243103557,-0.018477431057532617,0.6494478679078093,0.09818130092429886,0.03454401220426615,0.5540231742408782
1779790126.5082865,10.0,10.0,6.78315207880257,0.13701524744558952,-0.01847533714702051,0.6492645060926537,0.09818130092429886,0.0338772942766201,0.5540231742408782
1779790126.518386,10.0,10.0,6.719502346244227,0.1369445605087186,-0.018480159736100343,0.6491109160592115,0.09818130092429886,0.03317935851473747,0.5540231742408782
1779790126.5283136,10.0,10.0,6.681715025409015,0.13686456558107393,-0.01848101209403046,0.6489971959532166,0.09818130092429886,0.03250818033975558,0.5540231742408782
1779790126.5382977,10.0,10.0,6.6816424341275935,0.1367767387746935,-0.01849385119580408,0.6489184717162148,0.09818130092429886,0.03179091476095668,0.5540231742408782
1779790126.5482922,10.0,10.0,6.7129445056646135,0.13668323479149758,-0.01850730826966508,0.6488754628577843,0.09818130092429886,0.031090519919939982,0.5540231742408782
1779790126.558318,10.0,10.0,6.7840593174794925,0.13659399838147873,-0.018522217249284025,0.6488552943927971,0.09818130092429886,0.030408638190582593,0.5540231742408782
1779790126.5682883,10.0,10.0,6.887614348418358,0.136507173444221,-0.01853782263120097,0.64884399002007,0.09818130092429886,0.029727732623409636,0.5540231742408782
1779790126.5782895,10.0,10.0,7.038108074323896,0.13642893661168842,-0.01855801170089582,0.6488314753577122,0.09818130092429886,0.029058769568205543,0.5540231742408782
1779790126.5882719,10.0,10.0,7.211661696587742,0.13636102656033372,-0.018576367012001264,0.64883209866717,0.09818130092429886,0.028386692718662142,0.5540231742408782
1779790126.5982976,10.0,10.0,7.3821366229074314,0.13629933601185173,-0.018594733259131392,0.648847766614519,0.09818130092429886,0.02770748168174616,0.5540231742408782
1779790126.6082754,10.0,10.0,7.555233991715404,0.136252301461643,-0.018606892871764435,0.6488622059681313,0.09818130092429886,0.027008918679314216,0.5540231742408782
1779790126.6183202,10.0,10.0,7.737259191789596,0.13620949857697434,-0.018620041865248873,0.6488792915390468,0.09818130092429886,0.026343045386244483,0.5540231742408782
1779790126.6282737,10.0,10.0,7.8898559992958965,0.13617322370335946,-0.01863323854054347,0.6488953857163577,0.09818130092429886,0.02567078829516392,0.5540231742408782
1779790126.638295,10.0,10.0,8.040655472103834,0.13614955541799126,-0.01863946068644561,0.6489013921772986,0.09818130092429886,0.024979548165389373,0.5540231742408782
1779790126.6483157,10.0,10.0,8.191973483695017,0.13613372485154698,-0.018645581116896293,0.6489047208395443,0.09818130092429886,0.024284698982997746,0.5540231742408782
1779790126.658283,10.0,10.0,8.327454877434475,0.13612911225833488,-0.01864817603455426,0.6489043941389246,0.09818130092429886,0.02360201490275434,0.5540231742408782
1779790126.6682968,10.0,10.0,8.425033983737352,0.13613310124733782,-0.018647404538259013,0.6488860198334283,0.09818130092429886,0.0229224478644455,0.5540231742408782
1779790126.6782928,10.0,10.0,8.495489781124382,0.1361474303140924,-0.018644979110146013,0.6488443615191933,0.09818130092429886,0.022234253914076907,0.5540231742408782
1779790126.6882865,10.0,10.0,8.547040368928423,0.1361675871738147,-0.018637609473887585,0.6487776867692562,0.09818130092429886,0.021552963701720884,0.5540231742408782
1779790126.6982934,10.0,10.0,8.586531005570222,0.1361972651246826,-0.018627309317497617,0.6486732244638732,0.09818130092429886,0.021552963701720884,0.5540231742408782
1779790126.7082517,10.0,10.0,8.622148980629134,0.13623087487535726,-0.01861501802309264,0.64854026043177,0.09818130092429886,0.020871441221351573,0.5540231742408782
1779790126.7183018,10.0,10.0,8.62960931869907,0.1362735920183464,-0.018596193956105074,0.6483654797612718,0.09818130092429886,0.02019115061881789,0.5540231742408782
1779790126.7282963,10.0,10.0,8.632533694578633,0.13632549571954536,-0.01857287593554971,0.6481573529819943,0.09818130092429886,0.019523732444680954,0.5540231742408782
1779790126.7383053,10.0,10.0,8.614327467451439,0.13638385239979964,-0.018548834418195215,0.6479136329307338,0.09818130092429886,0.018853403515860616,0.5540231742408782
1779790126.7482793,10.0,10.0,8.570638362849984,0.1364539820655409,-0.018513206964603908,0.6476305276399265,0.09818130092429886,0.01817276087400032,0.5540231742408782
1779790126.7582655,10.0,10.0,8.492503497055772,0.13652939804611042,-0.018473054236260302,0.6473116540510873,0.09818130092429886,0.017504003456528368,0.5540231742408782
1779790126.768292,10.0,10.0,8.393695608822942,0.13660748687775617,-0.0184265474590942,0.6469696804647181,0.09818130092429886,0.016806090557716397,0.5540231742408782
1779790126.778285,10.0,10.0,8.273867401378808,0.13668576138778638,-0.018377352439386603,0.6466193906821088,0.09818130092429886,0.016138718564384133,0.5540231742408782
1779790126.788277,10.0,10.0,8.123146981692019,0.13676075160425397,-0.018327633639816144,0.6462631248006597,0.09818130092429886,0.015469326047182262,0.5540231742408782
1779790126.7982624,10.0,10.0,7.963283898719115,0.13681014696034674,-0.018283743635072833,0.6459080825261243,0.09818130092429886,0.014794817333353168,0.5540231742408782
1779790126.8082705,10.0,10.0,7.790682205534215,0.13683597374341613,-0.01824424979750922,0.645542914262836,0.09818130092429886,0.014126937156313956,0.5540231742408782
1779790126.8182933,10.0,10.0,7.6196255059967655,0.136835793621924,-0.01821396532733905,0.6451886083949842,0.09818130092429886,0.013418974703860739,0.5540231742408782
1779790126.8282847,10.0,10.0,7.460416956138069,0.13682159300496577,-0.018190620391594723,0.6448535716977024,0.09818130092429886,0.012744476447288341,0.5540231742408782
1779790126.8382869,10.0,10.0,7.317618542547174,0.13679172369010267,-0.018172602427539264,0.6445533975522013,0.09818130092429886,0.01206161991973641,0.5540231742408782
1779790126.8483152,10.0,10.0,7.188261809616487,0.13674366485848277,-0.01816183701318149,0.6442831382951176,0.09818130092429886,0.011374600494671058,0.5540231742408782
1779790126.8582537,10.0,10.0,7.100548496718532,0.1366859488087781,-0.01815894849989103,0.6440516479540407,0.09818130092429886,0.010689485849180025,0.5540231742408782
1779790126.868256,10.0,10.0,7.037347266963656,0.1366114077723927,-0.018161760865538754,0.6438619562513144,0.09818130092429886,0.00998800098528889,0.5540231742408782
1779790126.8782969,10.0,10.0,6.988375340647311,0.13652514294640447,-0.018172392652427434,0.6437159419694986,0.09818130092429886,0.009305130103365854,0.5540231742408782
1779790126.8883722,10.0,10.0,6.949878280661818,0.13642452606510308,-0.01818882050662351,0.6436159680974699,0.09818130092429886,0.008618886463857217,0.5540231742408782
1779790126.8982842,10.0,10.0,6.926129167910492,0.13631106297904866,-0.018212170397958027,0.6435568608949466,0.09818130092429886,0.007933333847668844,0.5540231742408782
1779790126.9082806,10.0,10.0,6.942641602619742,0.1361989119314515,-0.018236747184764854,0.6435221652351613,0.09818130092429886,0.007261629237494615,0.5540231742408782
1779790126.9183235,10.0,10.0,6.990537388309227,0.1360911538478328,-0.01826318748017409,0.6435022140526856,0.09818130092429886,0.007261629237494615,0.5540231742408782
1779790126.928285,10.0,10.0,7.048485685754529,0.13598244857379188,-0.018290204808214847,0.6434939444869024,0.09818130092429886,0.0065952568539846875,0.5540231742408782
1779790126.9382832,10.0,10.0,7.141027170993468,0.13588175472508285,-0.018319165973467718,0.6434919195642389,0.09818130092429886,0.005888452753810348,0.5540231742408782
1779790126.9483006,10.0,10.0,7.314223883036129,0.13579225246824514,-0.01835045923747545,0.6434959593529294,0.09818130092429886,0.005170099100694098,0.5540231742408782
1779790126.9582853,10.0,10.0,7.509651311084579,0.1357113868279221,-0.018377657432307105,0.6435083421531642,0.09818130092429886,0.004463873462188196,0.5540231742408782
1779790126.968292,10.0,10.0,7.719303832148922,0.1356504444822745,-0.018399924772611945,0.6435240355159749,0.09818130092429886,0.003796324539865911,0.5540231742408782
1779790126.9783423,10.0,10.0,7.923333329340788,0.13559905852792645,-0.018421424696448523,0.6435414671944314,0.09818130092429886,0.003120497432263355,0.5540231742408782
1779790126.988344,10.0,10.0,8.120842733571083,0.1355578079664857,-0.018445537281785128,0.6435617609162371,0.09818130092429886,0.0024495502262566592,0.5540231742408782
1779790126.9983034,10.0,10.0,8.306269188894493,0.1355253511566584,-0.018471317134967486,0.6435755630396751,0.09818130092429886,0.0017800757397503052,0.5540231742408782
1779790127.0082877,10.0,10.0,8.467254193775343,0.13550448452869576,-0.018493542484652483,0.6435833715372845,0.09818130092429886,0.0010877020043728817,0.5540231742408782
1779790127.018272,10.0,10.0,8.616712638900657,0.1354940883199975,-0.018513727256243437,0.6435820476842716,0.09818130092429886,0.00042156773454769467,0.5540231742408782
1779790127.0283198,10.0,10.0,8.748772985437883,0.13549747083098782,-0.0185311523406112,0.6435789289940015,0.09818130092429886,-0.00024625905202534625,0.5540231742408782
1779790127.0382874,10.0,10.0,8.83396324018903,0.13550656511967718,-0.018553332856540778,0.6435619838229987,0.09818130092429886,-0.0009236135036806876,0.5540231742408782
1779790127.048357,10.0,10.0,8.879817341142838,0.13552485399135888,-0.01857646615878986,0.6435260115503741,0.09818130092429886,-0.001591753293485305,0.5540231742408782
1779790127.0582888,10.0,10.0,8.90442890363745,0.13554965248192355,-0.018602867678153823,0.6434646038954639,0.09818130092429886,-0.0023045130936627783,0.5540231742408782
1779790127.0682697,10.0,10.0,8.933422565013394,0.13558195066926232,-0.018636912565942517,0.6433717938720257,0.09818130092429886,-0.00300800815407053,0.5540231742408782
1779790127.0783088,10.0,10.0,8.961097065913508,0.1356219464385478,-0.018666297811415565,0.6432490129947455,0.09818130092429886,-0.0037042324332489333,0.5540231742408782
1779790127.088286,10.0,10.0,8.978729560091844,0.13567276644788076,-0.018699441772794194,0.643094477916757,0.09818130092429886,-0.004377094096663897,0.5540231742408782
1779790127.0983615,10.0,10.0,8.958172848724674,0.13572703731649124,-0.018725425549173055,0.6429159849694678,0.09818130092429886,-0.005059034997207015,0.5540231742408782
1779790127.108351,10.0,10.0,8.910403480503703,0.1357926702018641,-0.018753737721816138,0.6426991203241064,0.09818130092429886,-0.005732578655627468,0.5540231742408782
1779790127.1182764,10.0,10.0,8.859218695229792,0.135863838424988,-0.01877965639687692,0.6424509919200307,0.09818130092429886,-0.005732578655627468,0.5540231742408782
1779790127.1283748,10.0,10.0,8.759626288763426,0.13593414511360308,-0.01880558130228935,0.6421908034684861,0.09818130092429886,-0.006399344128068198,0.5540231742408782
1779790127.1383178,10.0,10.0,8.621512911171637,0.13600891090633152,-0.01882693056468535,0.6419072641612688,0.09818130092429886,-0.007084173699646932,0.5540231742408782
1779790127.1483126,10.0,10.0,8.474550488660915,0.13607960754242124,-0.018840715976239444,0.6416168664408987,0.09818130092429886,-0.007763531787676452,0.5540231742408782
1779790127.158296,10.0,10.0,8.2845431530395,0.13613838470781534,-0.018853426952172955,0.6413175623613719,0.09818130092429886,-0.008458716836370322,0.5540231742408782
1779790127.168303,10.0,10.0,8.072325948017127,0.1361726317911799,-0.018864030679621037,0.6410146385202643,0.09818130092429886,-0.009125143194913584,0.5540231742408782
1779790127.1782956,10.0,10.0,7.858690596252471,0.13618404937729292,-0.01887607161269081,0.6407120068576123,0.09818130092429886,-0.009838690407038775,0.5540231742408782
1779790127.1883223,10.0,10.0,7.652110393084122,0.13617876733288925,-0.018884185115333834,0.6404098021973198,0.09818130092429886,-0.010533542187506597,0.5540231742408782
1779790127.1983042,10.0,10.0,7.465948743329562,0.13615315236070996,-0.018892121703324678,0.6401139143889613,0.09818130092429886,-0.011208034663359448,0.5540231742408782
1779790127.2082858,10.0,10.0,7.314535391128004,0.1361203369745078,-0.018895211111595946,0.6398284885608648,0.09818130092429886,-0.011886483035003555,0.5540231742408782
1779790127.2182703,10.0,10.0,7.202916473310059,0.13607882207551003,-0.01890138577825775,0.6395628131923878,0.09818130092429886,-0.012561924912855883,0.5540231742408782
1779790127.2283294,10.0,10.0,7.104916334599405,0.13602454301296227,-0.01890461871730797,0.6393201431015144,0.09818130092429886,-0.013243283389664356,0.5540231742408782
1779790127.238265,10.0,10.0,7.03756295937654,0.13596496399774932,-0.018908202152757438,0.6391013046442455,0.09818130092429886,-0.013912243846792259,0.5540231742408782
1779790127.2482696,10.0,10.0,6.990620923363998,0.13588678556759473,-0.01891450119995871,0.6389122646452374,0.09818130092429886,-0.014577872401082867,0.5540231742408782
1779790127.2583141,10.0,10.0,6.9523295863867425,0.1358009111227345,-0.018925676001924633,0.6387582044552216,0.09818130092429886,-0.015244609229733383,0.5540231742408782
1779790127.2682695,10.0,10.0,6.941134727451277,0.13570460214045194,-0.018941840339363462,0.6386399897900374,0.09818130092429886,-0.01595352179865709,0.5540231742408782
1779790127.2782626,10.0,10.0,6.971091374414768,0.1356074180628096,-0.01896253634286395,0.6385518741779304,0.09818130092429886,-0.016630873002717164,0.5540231742408782
1779790127.2882736,10.0,10.0,7.027738458535055,0.1354992957020597,-0.018992252629735522,0.6384989280984046,0.09818130092429886,-0.017305632236044973,0.5540231742408782
1779790127.2983465,10.0,10.0,7.1105408118791225,0.13538986643753834,-0.019026791934123148,0.6384649208817806,0.09818130092429886,-0.017989756429932304,0.5540231742408782
1779790127.3082814,10.0,10.0,7.237591806036125,0.1353014572849095,-0.019062155713584456,0.638448103921674,0.09818130092429886,-0.018663733447464786,0.5540231742408782
1779790127.318298,10.0,10.0,7.404867664205945,0.13523316169323876,-0.019101822750550213,0.6384412505301261,0.09818130092429886,-0.01933282270422087,0.5540231742408782
1779790127.3282642,10.0,10.0,7.57087360651879,0.13517414922826984,-0.019144276403907715,0.6384416948955219,0.09818130092429886,-0.02002309979209578,0.5540231742408782
1779790127.3383036,10.0,10.0,7.736622492325608,0.13513533610116268,-0.01919202328299809,0.6384466091290761,0.09818130092429886,-0.02002309979209578,0.5540231742408782
1779790127.3482468,10.0,10.0,7.914960571613932,0.13511388554862097,-0.01924489878165505,0.6384498954904041,0.09818130092429886,-0.02068941488802524,0.5540231742408782
1779790127.3582919,10.0,10.0,8.08366203871032,0.1350951019883004,-0.01929473147471953,0.6384550189343214,0.09818130092429886,-0.0213846155251764,0.5540231742408782
1779790127.368281,10.0,10.0,8.206341087077632,0.13508437787305608,-0.019343181120488984,0.6384480549607444,0.09818130092429886,-0.022062134564959694,0.5540231742408782
1779790127.3782952,10.0,10.0,8.30391931903207,0.13508678891919826,-0.019405752228054258,0.6384299735642254,0.09818130092429886,-0.022760231667375057,0.5540231742408782
1779790127.388348,10.0,10.0,8.396031074290386,0.13510062541522494,-0.019490528540348884,0.6384000340222311,0.09818130092429886,-0.023461814868450774,0.5540231742408782
1779790127.3983302,10.0,10.0,8.45497535622055,0.13511959041128213,-0.01957544448173512,0.6383535358666229,0.09818130092429886,-0.024139533050775725,0.5540231742408782
1779790127.4082963,10.0,10.0,8.488874324447297,0.13514844955551897,-0.019667577490422413,0.6382813049901537,0.09818130092429886,-0.024811684140346856,0.5540231742408782
1779790127.418283,10.0,10.0,8.506396112529043,0.13518476543323535,-0.01975715784758979,0.638181558566144,0.09818130092429886,-0.025485303922400296,0.5540231742408782
1779790127.4282885,10.0,10.0,8.501075876502536,0.1352288160255557,-0.019845723417825426,0.6380479894570109,0.09818130092429886,-0.026171361474700276,0.5540231742408782
1779790127.438306,10.0,10.0,8.48273835626757,0.13527662837975962,-0.01993058291133546,0.6378873695206825,0.09818130092429886,-0.02684304075363147,0.5540231742408782
1779790127.4483097,10.0,10.0,8.428683817700708,0.13533511154102307,-0.02001315056299045,0.6376905242329374,0.09818130092429886,-0.027518250948037667,0.5540231742408782
1779790127.45832,10.0,10.0,8.35621758134024,0.13539569447797573,-0.020086244286380495,0.6374659268804249,0.09818130092429886,-0.02819349634637652,0.5540231742408782
1779790127.468266,10.0,10.0,8.263790099323941,0.13546043546266132,-0.020153744655533323,0.63723238641044,0.09818130092429886,-0.028867346447886112,0.5540231742408782
1779790127.4782994,10.0,10.0,8.147559783262842,0.13552352338453866,-0.020221635122877436,0.6369890870583521,0.09818130092429886,-0.029570153018097844,0.5540231742408782
1779790127.4882739,10.0,10.0,8.016984671536667,0.13556932315932435,-0.020288263401816668,0.6367337687708791,0.09818130092429886,-0.030243734413575238,0.5540231742408782
1779790127.4983103,10.0,10.0,7.865121642599835,0.13558252141906754,-0.020365036160610524,0.6364824392250972,0.09818130092429886,-0.030939745910311907,0.5540231742408782
1779790127.5083153,10.0,10.0,7.6971292917460845,0.1355774230062687,-0.020444511184793297,0.6362268660223773,0.09818130092429886,-0.031643825343011536,0.5540231742408782
1779790127.5182714,10.0,10.0,7.533080283211862,0.13555708552894696,-0.020520870306151698,0.6359770402851207,0.09818130092429886,-0.03231094668694131,0.5540231742408782
1779790127.5283277,10.0,10.0,7.382735355252662,0.13552279080597296,-0.02059114042337509,0.6357474460370888,0.09818130092429886,-0.032990512426212044,0.5540231742408782
1779790127.5383062,10.0,10.0,7.254962886246078,0.13547916779140304,-0.02066399052938027,0.6355310887210261,0.09818130092429886,-0.032990512426212044,0.5540231742408782
1779790127.5482585,10.0,10.0,7.154687861464179,0.1354254592464938,-0.02073666688719433,0.6353392780158217,0.09818130092429886,-0.033672448130602814,0.5540231742408782
1779790127.5582983,10.0,10.0,7.088649290109511,0.13536005543772062,-0.020811492508410034,0.6351688221271428,0.09818130092429886,-0.03437401048211693,0.5540231742408782
1779790127.5682976,10.0,10.0,7.053434502762694,0.1352875175634227,-0.02089166740441875,0.6350328517805828,0.09818130092429886,-0.035042391113586355,0.5540231742408782
1779790127.5783422,10.0,10.0,7.040564789868366,0.1352066649222302,-0.020982823142766272,0.6349295919282278,0.09818130092429886,-0.035749574597839465,0.5540231742408782
1779790127.5883367,10.0,10.0,7.036379201240715,0.13511782039216905,-0.021089827298273307,0.6348604729083075,0.09818130092429886,-0.03643235565127745,0.5540231742408782
1779790127.598285,10.0,10.0,7.04272707467591,0.13502637794587619,-0.02120316320626675,0.6348212064455193,0.09818130092429886,-0.037124306419847666,0.5540231742408782
1779790127.6082869,10.0,10.0,7.079006687321509,0.13492881496523842,-0.021323251313085583,0.634799791911057,0.09818130092429886,-0.03779850667707862,0.5540231742408782
1779790127.6182806,10.0,10.0,7.132852275396719,0.13482786306697628,-0.021438445348553076,0.6347860225175599,0.09818130092429886,-0.038471656597049236,0.5540231742408782
1779790127.6282895,10.0,10.0,7.211971915462913,0.13473888156522887,-0.021562168273572976,0.6347759380074951,0.09818130092429886,-0.039153818788733696,0.5540231742408782
1779790127.6382775,10.0,10.0,7.328101453205664,0.13466176347091047,-0.021688102342416287,0.6347750261879477,0.09818130092429886,-0.03982282412762813,0.5540231742408782
1779790127.6482947,10.0,10.0,7.4713753667535245,0.13459966685928296,-0.02182501148826833,0.6347810005685405,0.09818130092429886,-0.04051063999295612,0.5540231742408782
1779790127.6583004,10.0,10.0,7.618382493106174,0.13455285721168622,-0.021962814390383827,0.6347913403334187,0.09818130092429886,-0.04118588863889021,0.5540231742408782
1779790127.6682882,10.0,10.0,7.756548326987665,0.13450759218358443,-0.022091151646896564,0.6348054143559294,0.09818130092429886,-0.04185143457435734,0.5540231742408782
1779790127.678329,10.0,10.0,7.87373155850639,0.1344735891835719,-0.022244589526476132,0.6348167988076321,0.09818130092429886,-0.042532792466598655,0.5540231742408782
1779790127.6883469,10.0,10.0,7.984929112446513,0.1344453197391988,-0.022404262123531356,0.634824942384679,0.09818130092429886,-0.04320868985216274,0.5540231742408782
1779790127.6982825,10.0,10.0,8.077520521171829,0.1344238157443476,-0.022566442727317667,0.6348277647877238,0.09818130092429886,-0.04392178805176673,0.5540231742408782
1779790127.7082686,10.0,10.0,8.159927516374257,0.1344116864525522,-0.022736264885912967,0.6348228036288901,0.09818130092429886,-0.044588875620705806,0.5540231742408782
1779790127.7182634,10.0,10.0,8.206419967645314,0.13441438716181808,-0.022912429083810904,0.6348044902981138,0.09818130092429886,-0.045276280210569515,0.5540231742408782
1779790127.728276,10.0,10.0,8.246812493389871,0.13442812195662035,-0.023100710088835828,0.634769924674661,0.09818130092429886,-0.0459444356537833,0.5540231742408782
1779790127.7382846,10.0,10.0,8.26253229473247,0.13445307686641997,-0.023288345400285567,0.6347199846594532,0.09818130092429886,-0.046633240087109694,0.5540231742408782
1779790127.748281,10.0,10.0,8.245634771791199,0.1344933446760039,-0.02346861137863331,0.6346457280196097,0.09818130092429886,-0.047305616235032606,0.5540231742408782
1779790127.75828,10.0,10.0,8.239296585767084,0.13454597998875858,-0.023644862535133468,0.6345434805656146,0.09818130092429886,-0.047305616235032606,0.5540231742408782
1779790127.7682745,10.0,10.0,8.209199285840018,0.1346032379156964,-0.023831156084541682,0.6344203942255637,0.09818130092429886,-0.04798332409000465,0.5540231742408782
1779790127.7783065,10.0,10.0,8.14315703115592,0.13466635224428958,-0.024029141567610556,0.6342784544739357,0.09818130092429886,-0.04865736424078902,0.5540231742408782
1779790127.788275,10.0,10.0,8.049910663982581,0.1347322303853135,-0.024222905014516374,0.6341203782193298,0.09818130092429886,-0.049324731622536054,0.5540231742408782
1779790127.7983685,10.0,10.0,7.931848784232519,0.13478529781897852,-0.024422430324340032,0.6339593141584674,0.09818130092429886,-0.05000751072741687,0.5540231742408782
1779790127.8082674,10.0,10.0,7.787256762833748,0.1348153446494475,-0.024624191439817273,0.633793117748986,0.09818130092429886,-0.05068810459039634,0.5540231742408782
1779790127.8182664,10.0,10.0,7.622976412437814,0.13481986210926591,-0.02482381148844851,0.6336228724523705,0.09818130092429886,-0.05135962765999528,0.5540231742408782
1779790127.8283463,10.0,10.0,7.463381191490959,0.13480030513439836,-0.02502763034029647,0.6334607794262154,0.09818130092429886,-0.05203829985590502,0.5540231742408782
1779790127.8382616,10.0,10.0,7.31423531074598,0.13476052830562518,-0.025239340725101703,0.6333075768980333,0.09818130092429886,-0.05270702862958676,0.5540231742408782
1779790127.8483648,10.0,10.0,7.184235683736945,0.13471806226716912,-0.02545040344944823,0.6331740669615681,0.09818130092429886,-0.053402477188160324,0.5540231742408782
1779790127.8583379,10.0,10.0,7.083996298648372,0.13466089422331814,-0.025667226395533503,0.6330638756840893,0.09818130092429886,-0.054075463104570065,0.5540231742408782
1779790127.8682997,10.0,10.0,7.005384848248383,0.13459150244726648,-0.025886921559523636,0.6329738854843681,0.09818130092429886,-0.05478749278038029,0.5540231742408782
1779790127.8782952,10.0,10.0,6.957473737703566,0.13451398312666527,-0.026112754466785567,0.6329047058639717,0.09818130092429886,-0.05547526311442264,0.5540231742408782
1779790127.8883557,10.0,10.0,6.938003294676663,0.13442628867904788,-0.02634837049660286,0.6328439099468935,0.09818130092429886,-0.05614373877052943,0.5540231742408782
1779790127.8983135,10.0,10.0,6.929657435125738,0.1343286476368177,-0.02662121417581402,0.632787562755893,0.09818130092429886,-0.05681243363931665,0.5540231742408782
1779790127.9082787,10.0,10.0,6.930420824647577,0.13421404799561912,-0.026887393553868415,0.6327397247562906,0.09818130092429886,-0.057487736260284104,0.5540231742408782
1779790127.9183657,10.0,10.0,6.941395817972117,0.13408500617253655,-0.02715075548377446,0.6326986170841105,0.09818130092429886,-0.058163629813685724,0.5540231742408782
1779790127.9283073,10.0,10.0,6.997455874698883,0.13394188742424581,-0.027410046820543255,0.6326765556989257,0.09818130092429886,-0.05887231524579667,0.5540231742408782
1779790127.9383447,10.0,10.0,7.091241208989934,0.13380358119711502,-0.027671862961187246,0.6326682187902201,0.09818130092429886,-0.05958525723606846,0.5540231742408782
1779790127.948343,10.0,10.0,7.231811423976669,0.13369088022891257,-0.027948476483906904,0.6326698410271521,0.09818130092429886,-0.060290221053910464,0.5540231742408782
1779790127.9582782,10.0,10.0,7.392749100419947,0.1335893051984967,-0.028233555248077805,0.6326787673330039,0.09818130092429886,-0.060290221053910464,0.5540231742408782
1779790127.968296,10.0,10.0,7.538925586804939,0.1335041624070066,-0.028521612870656163,0.63269058852012,0.09818130092429886,-0.06097174223524164,0.5540231742408782
1779790127.9782624,10.0,10.0,7.6833734294032086,0.13343816655973958,-0.028822727617576593,0.6327007338194798,0.09818130092429886,-0.06166129692802598,0.5540231742408782
1779790127.9882824,10.0,10.0,7.811663116201223,0.13337325142505901,-0.029126246225948893,0.632707517395226,0.09818130092429886,-0.06236941429077323,0.5540231742408782
1779790127.9983342,10.0,10.0,7.921362111734125,0.1333085517683067,-0.02943235037036715,0.6327139851929989,0.09818130092429886,-0.0630678419983865,0.5540231742408782
1779790128.0083432,10.0,10.0,8.021331821404063,0.13325034392165788,-0.029743334782088727,0.6327170987666235,0.09818130092429886,-0.06374307304235428,0.5540231742408782
1779790128.0183413,10.0,10.0,8.114738181005439,0.13320041600391533,-0.030062070347080284,0.6327173793102894,0.09818130092429886,-0.0644124011272661,0.5540231742408782
1779790128.0282993,10.0,10.0,8.190045518528194,0.13315691287243958,-0.03039533248046696,0.632714234588279,0.09818130092429886,-0.06509102974044739,0.5540231742408782
1779790128.0383782,10.0,10.0,8.236844980620884,0.1331213987687827,-0.030726491365192874,0.6327021282428388,0.09818130092429886,-0.0657792510355681,0.5540231742408782
1779790128.0483553,10.0,10.0,8.282795408047386,0.1331007856779218,-0.031060612207167305,0.6326832690615142,0.09818130092429886,-0.06645632437537742,0.5540231742408782
1779790128.058344,10.0,10.0,8.335983490401144,0.1330936624386601,-0.03138660407957198,0.6326481569202,0.09818130092429886,-0.0671496098406493,0.5540231742408782
1779790128.0683806,10.0,10.0,8.36986418635489,0.1330993074759381,-0.031712984267553486,0.6325888555592593,0.09818130092429886,-0.06785651026449921,0.5540231742408782
1779790128.0783145,10.0,10.0,8.378782118543347,0.13312307470915893,-0.032043299748505734,0.6325111486732942,0.09818130092429886,-0.06853930762086542,0.5540231742408782
1779790128.0883057,10.0,10.0,8.372927495767637,0.13316218380468256,-0.03236933858007284,0.6324142661215231,0.09818130092429886,-0.06921920260134402,0.5540231742408782
1779790128.0982914,10.0,10.0,8.332084579376307,0.13321478254069052,-0.03268872302194839,0.6322980187438182,0.09818130092429886,-0.06989381348452015,0.5540231742408782
1779790128.1083012,10.0,10.0,8.254874259846373,0.13327366296474707,-0.03300808431822182,0.6321699686643099,0.09818130092429886,-0.07056828114874517,0.5540231742408782
1779790128.1183703,10.0,10.0,8.124921903865417,0.1333392082725639,-0.03332879561508164,0.6320300166871556,0.09818130092429886,-0.07127113786182782,0.5540231742408782
1779790128.1282947,10.0,10.0,7.971595519890408,0.1334129761751446,-0.03365295654733372,0.6318875176951874,0.09818130092429886,-0.07127113786182782,0.5540231742408782
1779790128.1383345,10.0,10.0,7.810309583502926,0.13348260871299172,-0.033974351803128196,0.6317445004113047,0.09818130092429886,-0.07198698742413961,0.5540231742408782
1779790128.1482487,10.0,10.0,7.640138660023013,0.1335239650240035,-0.0342955917498655,0.631607872044379,0.09818130092429886,-0.07268462771980513,0.5540231742408782
1779790128.1583164,10.0,10.0,7.439238460612426,0.13352887670528238,-0.03461810165036747,0.631471237611648,0.09818130092429886,-0.07335978127614988,0.5540231742408782
1779790128.1683266,10.0,10.0,7.258860780152053,0.13350441187027656,-0.034956744352742014,0.6313360686930015,0.09818130092429886,-0.07404720281846089,0.5540231742408782
1779790128.1782978,10.0,10.0,7.106182275417016,0.13346039839811907,-0.03530401520949765,0.6312175353175693,0.09818130092429886,-0.07472176557227522,0.5540231742408782
1779790128.1883004,10.0,10.0,6.988905032761214,0.1334024885100406,-0.03565338401065486,0.6311044860957679,0.09818130092429886,-0.07542318866690448,0.5540231742408782
1779790128.1982994,10.0,10.0,6.8975998081071745,0.13333923549562032,-0.03599410006859617,0.6309997723655855,0.09818130092429886,-0.07611124595846439,0.5540231742408782
1779790128.208338,10.0,10.0,6.821084419315991,0.1332691172703491,-0.036334337266641786,0.6309014230396349,0.09818130092429886,-0.07679013814647732,0.5540231742408782
1779790128.2183187,10.0,10.0,6.7559839964284105,0.13318179480008446,-0.03668537262560494,0.6308087164648365,0.09818130092429886,-0.07745786217913618,0.5540231742408782
1779790128.2283103,10.0,10.0,6.707667435800021,0.13308821381950592,-0.03703599239399187,0.6307252174340013,0.09818130092429886,-0.07813605541969641,0.5540231742408782
1779790128.2383451,10.0,10.0,6.695270950138407,0.13297770379399065,-0.03738360930717208,0.6306577608624304,0.09818130092429886,-0.07880740864006301,0.5540231742408782
1779790128.2482493,10.0,10.0,6.6839606548180885,0.13286366032191843,-0.03772839121765,0.6306034808855793,0.09818130092429886,-0.07948655979132228,0.5540231742408782
1779790128.258296,10.0,10.0,6.670662035414046,0.132734675203025,-0.038086396583553665,0.6305688870494468,0.09818130092429886,-0.08016072302596729,0.5540231742408782
1779790128.2683122,10.0,10.0,6.692289472801304,0.13258844009246215,-0.03846354445946371,0.6305458610821791,0.09818130092429886,-0.0808385420786011,0.5540231742408782
1779790128.278284,10.0,10.0,6.753689272490768,0.13243116285100412,-0.038841385720664916,0.6305439785117394,0.09818130092429886,-0.081527123272229,0.5540231742408782
1779790128.288277,10.0,10.0,6.850508202176532,0.13226920114110327,-0.03922369339466078,0.6305601597460371,0.09818130092429886,-0.08219808015606961,0.5540231742408782
1779790128.298264,10.0,10.0,6.987237947648072,0.13212182417384633,-0.039616813440607336,0.6305879999292413,0.09818130092429886,-0.08290837230346151,0.5540231742408782
1779790128.3082535,10.0,10.0,7.174095948886187,0.13198532182027053,-0.04003031714521524,0.6306272879294283,0.09818130092429886,-0.08358245285433101,0.5540231742408782
1779790128.318262,10.0,10.0,7.355479245730813,0.13187088858113594,-0.0404435847151881,0.6306698114116862,0.09818130092429886,-0.08425383276993069,0.5540231742408782
1779790128.3282897,10.0,10.0,7.549262916854295,0.13176338163577003,-0.040867238818013615,0.6307064529451372,0.09818130092429886,-0.08494221547053613,0.5540231742408782
1779790128.3382723,10.0,10.0,7.739135765342141,0.13166088858193067,-0.04130173695321039,0.6307321391793339,0.09818130092429886,-0.08494221547053613,0.5540231742408782
1779790128.3482573,10.0,10.0,7.899531817646887,0.13156054884850807,-0.04173435473051876,0.6307446857683303,0.09818130092429886,-0.08562770430395349,0.5540231742408782
1779790128.3582761,10.0,10.0,8.027319372171304,0.13146302210584584,-0.042179039310827955,0.6307449558008662,0.09818130092429886,-0.08633082777451113,0.5540231742408782
1779790128.368308,10.0,10.0,8.12620044516748,0.13137210705954175,-0.04262154952280526,0.630742911491277,0.09818130092429886,-0.08700264111417484,0.5540231742408782
1779790128.378294,10.0,10.0,8.213368519894646,0.1312968516503651,-0.04308206719412202,0.6307373901250958,0.09818130092429886,-0.08769803888035847,0.5540231742408782
1779790128.3882923,10.0,10.0,8.28684493835312,0.13123209069712372,-0.04353454221872469,0.6307278098017685,0.09818130092429886,-0.08836470867864273,0.5540231742408782
1779790128.398342,10.0,10.0,8.337060492359708,0.13118301912370453,-0.04399465389299034,0.6307098608027005,0.09818130092429886,-0.08905599700273098,0.5540231742408782
1779790128.4082716,10.0,10.0,8.37745907635299,0.13115191394046383,-0.044439278504146223,0.6306740614135661,0.09818130092429886,-0.08972948142501376,0.5540231742408782
1779790128.4182756,10.0,10.0,8.421721969995074,0.13114407031507327,-0.044886946946199574,0.6306294133917069,0.09818130092429886,-0.09043505689494782,0.5540231742408782
1779790128.428297,10.0,10.0,8.466128285644576,0.13115919222175107,-0.04534212167345272,0.6305711944635881,0.09818130092429886,-0.09110117356280664,0.5540231742408782
1779790128.4382782,10.0,10.0,8.507949516900906,0.13119664164282555,-0.04578608359703415,0.6304956211004902,0.09818130092429886,-0.09180389166852337,0.5540231742408782
1779790128.448294,10.0,10.0,8.535308016735545,0.13125276821378268,-0.04622516666667526,0.6303914319099355,0.09818130092429886,-0.09248761562877038,0.5540231742408782
1779790128.4582946,10.0,10.0,8.50265108730218,0.13132373282292417,-0.04664888081451758,0.6302670971453531,0.09818130092429886,-0.0931676576603626,0.5540231742408782
1779790128.4683292,10.0,10.0,8.40452660104028,0.13141186611818764,-0.047079841463744825,0.6301186626516535,0.09818130092429886,-0.09388858568224467,0.5540231742408782
1779790128.478263,10.0,10.0,8.271626343277042,0.1315084597308355,-0.047519464138974774,0.6299531717614961,0.09818130092429886,-0.09456893681995417,0.5540231742408782
1779790128.4883082,10.0,10.0,8.079722065412179,0.13160084291391305,-0.04795153681007604,0.6297806129695648,0.09818130092429886,-0.09523571593229498,0.5540231742408782
1779790128.4982963,10.0,10.0,7.845535631030264,0.1316907699189272,-0.04837019351548752,0.6296094558695762,0.09818130092429886,-0.09590890170571728,0.5540231742408782
1779790128.5083835,10.0,10.0,7.596877039626863,0.1317704454322279,-0.04879612138383757,0.6294417911089502,0.09818130092429886,-0.09659383610967116,0.5540231742408782
1779790128.5182788,10.0,10.0,7.359792835300036,0.13182507867617915,-0.04922909384151781,0.6292782764702438,0.09818130092429886,-0.09726171427320127,0.5540231742408782
1779790128.5282826,10.0,10.0,7.121806026023142,0.13183793182765954,-0.049654230027138736,0.6291241303960691,0.09818130092429886,-0.09726171427320127,0.5540231742408782
1779790128.538343,10.0,10.0,6.888015382687328,0.13182249630322568,-0.0500836641038988,0.6289875846356143,0.09818130092429886,-0.09796881578814993,0.5540231742408782
1779790128.5483453,10.0,10.0,6.68999504333725,0.1317967082558742,-0.050519844066469755,0.6288580758140988,0.09818130092429886,-0.09863798188300994,0.5540231742408782
1779790128.5582695,10.0,10.0,6.553151999303353,0.13176335448304463,-0.05095231290296769,0.6287337507847246,0.09818130092429886,-0.09933919609231175,0.5540231742408782
1779790128.568279,10.0,10.0,6.447554304964582,0.1317226003177983,-0.051377675261000046,0.6286108899414972,0.09818130092429886,-0.10005207949596498,0.5540231742408782
1779790128.578276,10.0,10.0,6.337487666407999,0.1316696451391556,-0.05180887196259721,0.6284981074107789,0.0984642191680489,-0.10026233111916137,0.5540231742408782
1779790128.5883143,10.0,10.0,6.219879133874766,0.13158823143901444,-0.05223882814963279,0.6283912669544641,0.09904309601804889,-0.09992811641398623,0.5540231742408782
1779790128.5983038,10.0,10.0,6.105503928173375,0.13148740155526892,-0.05266432872892384,0.6282884936234211,0.09965131719929893,-0.09957695975126468,0.5540231742408782
1779790128.6082947,10.0,10.0,6.027105982685771,0.13136609155562398,-0.05309549263246026,0.628202547832073,0.10023414403679887,-0.09924046451974315,0.5540231742408782
1779790128.6183078,10.0,10.0,5.952136783226641,0.1312175401160662,-0.05351698527493212,0.6281369955555838,0.10082169249929887,-0.09890124325675682,0.5540231742408782
1779790128.6283376,10.0,10.0,5.890764709213409,0.13105507590116425,-0.053941874894854254,0.6280934459334578,0.1014038763430489,-0.09856511925784989,0.5540231742408782
1779790128.6382604,10.0,10.0,5.878336540353653,0.13088283234562553,-0.05437901129985153,0.6280652372134212,0.1020042216805489,-0.09821850971563753,0.5540231742408782
1779790128.648288,10.0,10.0,5.93883485104031,0.13070378757963025,-0.05481425618161666,0.6280554347211775,0.10258167045554892,-0.09788511950994805,0.5540231742408782
1779790128.658299,10.0,10.0,6.03390410288606,0.13050879035377994,-0.05525507938864247,0.6280716507371054,0.10317420249929893,-0.09754302097498552,0.5540231742408782
1779790128.6682777,10.0,10.0,6.163275502698088,0.1303174678269441,-0.055694877761384584,0.6281152767306415,0.10375739119304891,-0.09720631682566061,0.5540231742408782
1779790128.678262,10.0,10.0,6.344476526753284,0.13014232946892748,-0.05615769859481033,0.6281710029362096,0.10433681754929888,-0.09687178486290413,0.5540231742408782
1779790128.6882992,10.0,10.0,6.591258571252221,0.12998448519705097,-0.056620314580415144,0.6282402368572341,0.10492070503679893,-0.09653467726481951,0.5540231742408782
1779790128.6982706,10.0,10.0,6.832403895283346,0.12985139429381765,-0.057082256183998224,0.6283181739109478,0.10550138250554889,-0.09619942297192438,0.5540231742408782
1779790128.7082715,10.0,10.0,7.0447838637233335,0.12971428716673636,-0.05752669406742451,0.6283942909738475,0.1061141014930489,-0.09584566949955364,0.5540231742408782
1779790128.7203064,10.0,10.0,7.2374388407781955,0.12954089538326208,-0.05807067724752391,0.6284625547308086,0.10669170523679888,-0.09551218982261467,0.5540231742408782
1779790128.7303627,10.0,10.0,7.418405091732207,0.12939652248297417,-0.05852320079691168,0.6285005790591908,0.10727903786804888,-0.09517309316985863,0.5540231742408782
1779790128.7402663,10.0,10.0,7.595546797293981,0.12924886583286144,-0.05897448990389554,0.628520747419812,0.10785905648054889,-0.09483821926779676,0.5540231742408782
1779790128.7502677,10.0,10.0,7.732718914283493,0.12910542199041866,-0.05942965769747643,0.6285257538864095,0.10843718604929886,-0.09450443600565246,0.5540231742408782
1779790128.7602859,10.0,10.0,7.8731489603550155,0.12898166879211076,-0.059881678523348095,0.6285170217727847,0.10902079684304886,-0.09416748815677894,0.5540231742408782
1779790128.7702608,10.0,10.0,8.057059638237947,0.12887819805419307,-0.06033849357415988,0.6285050318029226,0.10961651303054887,-0.09382355125556519,0.5540231742408782
1779790128.7803042,10.0,10.0,8.232149456986656,0.12878897860423577,-0.06079331849920596,0.6284905614191227,0.1102199455930489,-0.093475159303168,0.5540231742408782
1779790128.7902896,10.0,10.0,8.385566904892478,0.12871462482105508,-0.06122757616682211,0.6284662125063922,0.1102199455930489,-0.093475159303168,0.5540231742408782
1779790128.800279,10.0,10.0,8.534129657778472,0.12866381659350204,-0.0616605337862271,0.6284195327658255,0.11079658959929889,-0.093142233730933,0.5540231742408782
1779790128.810288,10.0,10.0,8.680643438644992,0.12863390128201974,-0.06207148894395922,0.6283582516540078,0.11140228149929887,-0.09279253734942203,0.5540231742408782
1779790128.8203473,10.0,10.0,8.795538883949881,0.1286249131767808,-0.062469733200487806,0.6282761389960895,0.11198586411179887,-0.09245560577100076,0.5540231742408782
1779790128.8302994,10.0,10.0,8.88255278121677,0.12863713186489503,-0.06284150759795684,0.6281694837500852,0.11259720576179891,-0.09210264750480641,0.5540231742408782
1779790128.8403087,10.0,10.0,8.924908813171383,0.12867099327109613,-0.0632056405520655,0.6280403804091694,0.11320551424304884,-0.09175144043940645,0.5540231742408782
1779790128.8502612,10.0,10.0,8.9142613775307,0.12872264546728973,-0.0635607881337639,0.6278908916760914,0.1137865551992989,-0.09141597628690527,0.5540231742408782
1779790128.860257,10.0,10.0,8.854315327888013,0.12878715993709594,-0.06390370443653715,0.6277210114866922,0.1143925592867989,-0.09106609966385715,0.5540231742408782
1779790128.8702903,10.0,10.0,8.768424859444485,0.12886738770920267,-0.06422345808341268,0.6275268371340046,0.11498210051804889,-0.09072572787529656,0.5540231742408782
1779790128.880326,10.0,10.0,8.625645807051173,0.12895472196879726,-0.06453950069035391,0.6273159475299549,0.11556706389929883,-0.09038799910966583,0.5540231742408782
1779790128.8902805,10.0,10.0,8.44359236470613,0.12904302488914604,-0.06483907076610106,0.6270934329650134,0.1161439716055489,-0.09005492129016479,0.5540231742408782
1779790128.9003077,10.0,10.0,8.240475044895673,0.1291267840455152,-0.06514100063601387,0.6268743657034923,0.11675777942429888,-0.08970053918077879,0.5540231742408782
1779790128.9102705,10.0,10.0,8.007061972885039,0.12920349483120638,-0.0654331266634269,0.6266625419345164,0.11736446655554889,-0.08935026820223772,0.5540231742408782
1779790128.9203098,10.0,10.0,7.773783507920833,0.12927083387454621,-0.06571347353680967,0.6264684664363572,0.11794227488054887,-0.08901667041025897,0.5540231742408782
1779790128.930327,10.0,10.0,7.540754772662779,0.12932785962250284,-0.06598288565162984,0.6262954071963913,0.11854920664304888,-0.08866625819379986,0.5540231742408782
1779790128.9402816,10.0,10.0,7.310915087727141,0.12936264182961257,-0.06623893084327684,0.626147756958223,0.11912595150554892,-0.08833327439218172,0.5540231742408782
1779790128.950329,10.0,10.0,7.096887782884581,0.1293665953985177,-0.06649094793722103,0.6260191847192758,0.11972695058054891,-0.08798628741444775,0.5540231742408782
1779790128.9603353,10.0,10.0,6.913318520202295,0.12935634292009918,-0.06674213251908064,0.6259204273239755,0.12030605057429886,-0.08765194387716851,0.5540231742408782
1779790128.9702964,10.0,10.0,6.744836109769995,0.1293316294339868,-0.06698187072541219,0.6258479984647685,0.12030605057429886,-0.08765194387716851,0.5540231742408782
1779790128.980308,10.0,10.0,6.589288297627817,0.1292918838120212,-0.06721298828994803,0.6257844035629844,0.12091575506804894,-0.08729993082357579,0.5540231742408782
1779790128.990281,10.0,10.0,6.451691247467152,0.1292383666142838,-0.06743049192327685,0.6257237250213872,0.12150560904929891,-0.08695937846871854,0.5540231742408782
1779790129.0003161,10.0,10.0,6.317283323040895,0.12915808092848036,-0.06764247495053938,0.625670932068044,0.1221187360742989,-0.08660538941578737,0.5540231742408782
1779790129.010355,10.0,10.0,6.198849066521517,0.1290626167501971,-0.06784735297619238,0.6256348855980324,0.12270750291179885,-0.08626546472366683,0.5540231742408782
1779790129.0203066,10.0,10.0,6.138578379076017,0.12895242566789225,-0.0680413538560847,0.6256135162145644,0.12328480577429887,-0.08593215876059852,0.5540231742408782
1779790129.0303152,10.0,10.0,6.107579718055586,0.12882339850336402,-0.06823225368666294,0.6256172841267379,0.12386616229304886,-0.08559651241800308,0.5540231742408782
1779790129.040334,10.0,10.0,6.084230871295676,0.1286899431928699,-0.06842194287241253,0.6256440265902806,0.12445286312429887,-0.0852577805351471,0.5540231742408782
1779790129.0503323,10.0,10.0,6.106004693125441,0.12856170835614156,-0.06861113670272485,0.625695175650873,0.1250384328805489,-0.08491970167874684,0.5540231742408782
1779790129.0602996,10.0,10.0,6.204872181259314,0.12842559724979147,-0.06879823435709372,0.6257693081121465,0.12564960713054893,-0.08456684006098757,0.5540231742408782
1779790129.0702822,10.0,10.0,6.336074610749836,0.12827915273956808,-0.06899406789967584,0.6258653295687372,0.12626207873054884,-0.0842132294178566,0.5540231742408782
1779790129.0802724,10.0,10.0,6.51200652763667,0.12815019484955759,-0.06918397087290896,0.625981914536324,0.1268618926180489,-0.08386692670844477,0.5540231742408782
1779790129.0903153,10.0,10.0,6.740166268554175,0.12802872455128023,-0.06935925049460177,0.6261053891786221,0.12744282928679887,-0.08353152276635985,0.5540231742408782
1779790129.1002634,10.0,10.0,6.9616824827092225,0.12790816476290415,-0.0695322063475045,0.626226629122766,0.12806004107429886,-0.08317517537469972,0.5540231742408782
1779790129.1102774,10.0,10.0,7.179035798448409,0.12778451518108067,-0.06969964585544254,0.6263396630623572,0.1286679668867989,-0.0828241892432055,0.5540231742408782
1779790129.12032,10.0,10.0,7.4020668635081055,0.1276637917077939,-0.06986110649338813,0.6264369446000598,0.1292479821805489,-0.08248931725722485,0.5540231742408782
1779790129.1302955,10.0,10.0,7.622290752375512,0.12754265200210316,-0.07002593926594523,0.6265176851645086,0.12985253451179893,-0.08214027880603841,0.5540231742408782
1779790129.1403537,10.0,10.0,7.808179311997073,0.12743134432126324,-0.07018309768075788,0.6265779689249379,0.13043269121804885,-0.08180532517551287,0.5540231742408782
1779790129.15036,10.0,10.0,7.98512227824891,0.12733523412669354,-0.07033497582218369,0.6266151921420082,0.1310373292742989,-0.0814562372309746,0.5540231742408782
1779790129.1602573,10.0,10.0,8.159446760295594,0.1272640810939009,-0.07046811934565543,0.6266411221264009,0.1310373292742989,-0.0814562372309746,0.5540231742408782
1779790129.170263,10.0,10.0,8.334797916491258,0.12721311569440036,-0.07060064192814831,0.6266576830518632,0.1316154531617989,-0.08112245724890153,0.5540231742408782
1779790129.180302,10.0,10.0,8.494799598236405,0.12718277490155586,-0.0707256127529797,0.6266746832109663,0.1322023811305489,-0.08078359422814878,0.5540231742408782
1779790129.1902947,10.0,10.0,8.64130974673512,0.127168253357465,-0.07084356970128677,0.6266833526729633,0.1327939162555489,-0.08044207126449493,0.5540231742408782
1779790129.2003236,10.0,10.0,8.781038531478343,0.12716972929979656,-0.07095518705993684,0.6266843661101095,0.1334096903492989,-0.08008655392570836,0.5540231742408782
1779790129.2102895,10.0,10.0,8.902681442671025,0.12718546779424392,-0.07105612929877955,0.6266666740021593,0.1340140662805489,-0.07973761731910943,0.5540231742408782
1779790129.2202668,10.0,10.0,8.994253955813834,0.12721585151582138,-0.07114536200883778,0.6266298687638492,0.13459171063679892,-0.07940411419453262,0.5540231742408782
1779790129.2303,10.0,10.0,9.049348058882131,0.1272628135778469,-0.07122113274971098,0.6265730589526886,0.13518080996804888,-0.07906399753705604,0.5540231742408782
1779790129.2402546,10.0,10.0,9.060126510175023,0.12731418026154748,-0.07128882731179774,0.626496349531357,0.13577166148679887,-0.07872286925365464,0.5540231742408782
1779790129.2502317,10.0,10.0,9.028822194413129,0.12738151574071602,-0.0713473188670536,0.6263950239786317,0.13637685799304888,-0.07837345888785856,0.5540231742408782
1779790129.26025,10.0,10.0,8.953210159392174,0.12745613252884505,-0.07139212536995404,0.6262765660972853,0.1369539928930489,-0.07804024989798482,0.5540231742408782
1779790129.2702556,10.0,10.0,8.83825309775219,0.12753144784747067,-0.07142710422768841,0.626126993820238,0.13753498423679894,-0.07770481438927389,0.5540231742408782
1779790129.2803295,10.0,10.0,8.698885561054787,0.12759357292288181,-0.07146211904207996,0.6259616459304933,0.13812121054304893,-0.07736635647355443,0.5540231742408782
1779790129.2902725,10.0,10.0,8.511713673026525,0.12764544765284272,-0.07148761954204158,0.6258025852088595,0.13870888466804893,-0.07702706265928991,0.5540231742408782
1779790129.3002875,10.0,10.0,8.30296023245446,0.1276976890077877,-0.07151595941349323,0.625650185133016,0.1392979400680489,-0.0766869713655323,0.5540231742408782
1779790129.310282,10.0,10.0,8.091080318695345,0.12774365323883533,-0.07153813972650945,0.6255166649716263,0.13987745715554886,-0.07635238701906423,0.5540231742408782
1779790129.3203106,10.0,10.0,7.886362536144368,0.1277816515166888,-0.0715627057543024,0.6254042735539578,0.14047661168054892,-0.07600646499276927,0.5540231742408782
1779790129.330295,10.0,10.0,7.689314420491348,0.12781314791592993,-0.07158865936608215,0.6253201495750118,0.14105630342429887,-0.07567177980846822,0.5540231742408782
1779790129.3402503,10.0,10.0,7.505947726966692,0.1278303509506853,-0.0716134436223635,0.6252672518069237,0.14164154693054887,-0.0753338893125933,0.5540231742408782
1779790129.3502433,10.0,10.0,7.331510234430342,0.12783522446934048,-0.07163817890497527,0.6252455231891246,0.14222974794929888,-0.07499429129608036,0.5540231742408782
1779790129.3602552,10.0,10.0,7.164793924152125,0.12782751203423195,-0.07166067980953311,0.6252478728219063,0.1428236556992989,-0.07465139849674406,0.5540231742408782
1779790129.3702676,10.0,10.0,7.038225876046302,0.12780833241611753,-0.07167881060676577,0.6252579066001451,0.14340744401804892,-0.07431434815376398,0.5540231742408782
1779790129.3803015,10.0,10.0,6.939932006496737,0.12777285887865783,-0.0716913489250827,0.6252729171981782,0.14340744401804892,-0.07431434815376398,0.5540231742408782
1779790129.3903584,10.0,10.0,6.859371133304345,0.12773307138047502,-0.07169968396656466,0.6252978844169141,0.1439847902492989,-0.07398101715173618,0.5540231742408782
1779790129.4002807,10.0,10.0,6.794034942687714,0.12768719979428453,-0.07171434124992733,0.625342786949617,0.14457452306804885,-0.07364053475008095,0.5540231742408782
1779790129.4102798,10.0,10.0,6.761364048258548,0.1276372378686285,-0.0717338039884031,0.6254046717442938,0.14515947964304896,-0.0733028099140404,0.5540231742408782
1779790129.4203324,10.0,10.0,6.760414014950913,0.12758261131029733,-0.07175850907099733,0.6254875392774791,0.14574827021804887,-0.07296287151706787,0.5540231742408782
1779790129.4303029,10.0,10.0,6.773184701911396,0.12751663595529983,-0.07178868970883301,0.6255922687663401,0.14633221969304885,-0.07262572813048349,0.5540231742408782
1779790129.440291,10.0,10.0,6.802953848463457,0.1274393386651893,-0.07182717620948756,0.6257171574867907,0.1469090981492989,-0.07229266719847782,0.5540231742408782
1779790129.4503179,10.0,10.0,6.865581537064118,0.12735622815476347,-0.07187208171379433,0.625857428451252,0.1475346929305489,-0.07193147988311951,0.5540231742408782
1779790129.4602938,10.0,10.0,6.96717212808047,0.1272755498649287,-0.0719264783968512,0.6260221231449099,0.14815007591804885,-0.0715761883496317,0.5540231742408782
1779790129.4703052,10.0,10.0,7.119957826421248,0.1271957760743874,-0.07198039553679944,0.6261871991773529,0.14872865239304892,-0.07124214706604362,0.5540231742408782
1779790129.480249,10.0,10.0,7.301378751540371,0.12711344101472632,-0.0720346440553593,0.6263493459717557,0.1493172496367989,-0.07090232028892031,0.5540231742408782
1779790129.4902587,10.0,10.0,7.495884332056988,0.12704141719281897,-0.07208414504982835,0.6264977049447193,0.14989496666804886,-0.07056877520541271,0.5540231742408782
1779790129.5003395,10.0,10.0,7.717925414772334,0.1269780493576371,-0.07212472278629589,0.6266364670990421,0.15050162336804887,-0.07021852179636201,0.5540231742408782
1779790129.5103128,10.0,10.0,7.934310272413772,0.12693508567593637,-0.07216064446581988,0.626761462719995,0.1511222435680489,-0.06986020655682748,0.5540231742408782
1779790129.520273,10.0,10.0,8.12901239898402,0.1269185502416869,-0.07218613259192436,0.6268669526216533,0.15171159090554884,-0.06951994671287569,0.5540231742408782
1779790129.5302727,10.0,10.0,8.315635803658553,0.12691501439875177,-0.07220376793364894,0.6269543934616888,0.15229872677429887,-0.06918096366100197,0.5540231742408782
1779790129.5402923,10.0,10.0,8.479303156437021,0.12692438918418034,-0.07221499591686495,0.6270121028106457,0.15287536346804884,-0.06884804231064082,0.5540231742408782
1779790129.550275,10.0,10.0,8.600514318231296,0.12694598942272248,-0.07222100055069217,0.6270478578954297,0.1534640965555489,-0.06850813710409184,0.5540231742408782
1779790129.5602977,10.0,10.0,8.690247463773499,0.1269850173333995,-0.07221985246051524,0.6270686404537315,0.1540435730305489,-0.0681735762052615,0.5540231742408782
1779790129.570276,10.0,10.0,8.753734641600683,0.12703731010293473,-0.07221355888565312,0.627082943011538,0.1546217504680489,-0.06783976530608153,0.5540231742408782
1779790129.5803182,10.0,10.0,8.778339128073211,0.12710076406837678,-0.07220305183392638,0.6270922214005898,0.15521139148679894,-0.06749933590518094,0.5540231742408782
1779790129.5902717,10.0,10.0,8.754757490094244,0.12717683300343582,-0.07218585136046088,0.6270861194478676,0.15521139148679894,-0.06749933590518094,0.5540231742408782
1779790129.6003385,10.0,10.0,8.717093860101546,0.12726273297633264,-0.07216249752438475,0.6270608615020739,0.15579376073054887,-0.06716310486553415,0.5540231742408782
1779790129.6102743,10.0,10.0,8.68729423644769,0.12735316018731974,-0.07213110154621034,0.6270086750025521,0.15642361943054892,-0.06679945577553771,0.5540231742408782
1779790129.6202877,10.0,10.0,8.63047612974535,0.1274446071991919,-0.07209327044491444,0.6269381090906185,0.15700973813054894,-0.06646105998631564,0.5540231742408782
1779790129.6302905,10.0,10.0,8.522525055545088,0.1275259731713609,-0.07204965057894319,0.6268593064754946,0.15759504131804894,-0.06612313503345496,0.5540231742408782
1779790129.6402366,10.0,10.0,8.376944341378778,0.1275859197174156,-0.07201161608276112,0.6267740555163857,0.15817311002429887,-0.06578938691029146,0.5540231742408782
1779790129.6502762,10.0,10.0,8.202063644497617,0.12762497036577797,-0.07198034998916311,0.626691612027338,0.1587567270055489,-0.0654524354890631,0.5540231742408782
1779790129.66033,10.0,10.0,8.018746476373986,0.12765719410856316,-0.07195510703718049,0.6266263341673204,0.1593410614555489,-0.06511506983705884,0.5540231742408782
1779790129.6702735,10.0,10.0,7.8134729351373124,0.12768071324828814,-0.07193614084308694,0.6265815335337359,0.1599235727867989,-0.06477875676315567,0.5540231742408782
1779790129.680255,10.0,10.0,7.594466726732044,0.1276929698049769,-0.07192646704617786,0.6265650509881869,0.16050686964929886,-0.06444199016257382,0.5540231742408782
1779790129.6902974,10.0,10.0,7.387189624410173,0.1276947681631909,-0.07192270054644237,0.6265699287994613,0.16109127508679885,-0.06410458352591732,0.5540231742408782
1779790129.700305,10.0,10.0,7.212586661297273,0.1276900945728765,-0.07192397458014356,0.6265842502927288,0.16168769631179894,-0.06376023957111313,0.5540231742408782
1779790129.7103038,10.0,10.0,7.081626709027132,0.1276752027824179,-0.07192924415272244,0.6266050155004349,0.16226439499304887,-0.06342728243225217,0.5540231742408782
1779790129.7202864,10.0,10.0,6.983970117036306,0.12766020555480753,-0.07193879175101958,0.6266349211670681,0.16287395014304892,-0.06307535560231373,0.5540231742408782
1779790129.7302678,10.0,10.0,6.918329237349516,0.12764418961238946,-0.07195131399371511,0.6266816093315413,0.16346646300554893,-0.06273326814165102,0.5540231742408782
1779790129.7402594,10.0,10.0,6.892884791341386,0.1276257302876721,-0.07196516610005059,0.6267496317615276,0.16405231232429893,-0.06239502787976617,0.5540231742408782
1779790129.7502859,10.0,10.0,6.881910495527113,0.1276025482486965,-0.07198242581910225,0.6268380177454378,0.1646322092117989,-0.06206022425566582,0.5540231742408782
1779790129.7602684,10.0,10.0,6.901499962538462,0.12756526670266471,-0.07200027234921977,0.6269445339810763,0.16524350518679895,-0.061707292359945015,0.5540231742408782
1779790129.7703526,10.0,10.0,6.915394177713621,0.12751415355193427,-0.07202100954089642,0.6270748685990369,0.1658332560617989,-0.06136679953350896,0.5540231742408782
1779790129.7803333,10.0,10.0,6.935323020195537,0.12745408929205437,-0.07204687687377546,0.6272236384315241,0.1664166160930489,-0.06102999646243232,0.5540231742408782
1779790129.790323,10.0,10.0,6.976050200639522,0.12739043448469525,-0.07207580851402995,0.6273909262443131,0.16699653384929888,-0.06069518078975355,0.5540231742408782
1779790129.8002439,10.0,10.0,7.065237272157041,0.12732802298168958,-0.07211101087458613,0.6275687403825111,0.1675812729055489,-0.060357581538221905,0.5540231742408782
1779790129.8102994,10.0,10.0,7.185160833055143,0.127265905293359,-0.07215169201304956,0.6277583302618818,0.1675812729055489,-0.060357581538221905,0.5540231742408782
1779790129.820268,10.0,10.0,7.3077072521233175,0.1272117808521969,-0.07219205788952286,0.6279512894823823,0.1681684606930489,-0.060018568511043924,0.5540231742408782
1779790129.8302824,10.0,10.0,7.4581161063184185,0.12716814852539593,-0.07223051394151855,0.6281327258996697,0.1687851026680489,-0.05966255010078405,0.5540231742408782
1779790129.840307,10.0,10.0,7.6441179908415835,0.12713466710785623,-0.07227218588971282,0.6283101596310737,0.16936959371804886,-0.059325094035727645,0.5540231742408782
1779790129.850262,10.0,10.0,7.806598896785537,0.12711883994548423,-0.07230778772443927,0.6284762631413429,0.16995560762429887,-0.058986758749205344,0.5540231742408782
1779790129.8603044,10.0,10.0,7.95710957613796,0.12713097890962588,-0.0723404365331897,0.6286300871519336,0.17053233949304888,-0.05865378244953227,0.5540231742408782
1779790129.870336,10.0,10.0,8.100753662742942,0.12717154095550381,-0.07236007569047812,0.6287634444979884,0.1711102757867989,-0.058320110774761263,0.5540231742408782
1779790129.8802712,10.0,10.0,8.22146001766666,0.1272308938917313,-0.07237443668862709,0.6288782873968922,0.17169824803679892,-0.05798064483794772,0.5540231742408782
1779790129.8902698,10.0,10.0,8.298637636541457,0.12730530784882932,-0.07238008642254294,0.6289716055892942,0.1722824353367989,-0.05764336414303556,0.5540231742408782
1779790129.900351,10.0,10.0,8.342180043324257,0.12738004894881785,-0.0723770535507604,0.6290330354387262,0.17288864181179894,-0.05729337067150981,0.5540231742408782
1779790129.9102638,10.0,10.0,8.35720636758561,0.12745923521010522,-0.07236720479027485,0.6290655089622225,0.1734654339805489,-0.056960359557615546,0.5540231742408782
1779790129.9202747,10.0,10.0,8.35647438835251,0.12753846547021427,-0.07234996683182807,0.629081358906546,0.1740717627430489,-0.05661029548336876,0.5540231742408782
1779790129.9302852,10.0,10.0,8.333240305458402,0.1276136805753131,-0.07233128320737817,0.629086151804838,0.17466204726179893,-0.056269494557569966,0.5540231742408782
1779790129.9403014,10.0,10.0,8.286349302356687,0.12769721405281248,-0.07230829822243681,0.6290778938127592,0.17525490791804896,-0.05592720629809208,0.5540231742408782
1779790129.9502976,10.0,10.0,8.218046867308558,0.12777910999611317,-0.07228094505188658,0.629057235669026,0.17585898234929895,-0.05557844376259932,0.5540231742408782
1779790129.9602928,10.0,10.0,8.078008272627148,0.1278393440752618,-0.07225275602540955,0.6290323045565317,0.17645489186804889,-0.05523439524153638,0.5540231742408782
1779790129.970266,10.0,10.0,7.911700556850647,0.12788164883194994,-0.07222722898387082,0.6290017374586858,0.17703642534929895,-0.05489864672959388,0.5540231742408782
1779790129.9803548,10.0,10.0,7.75876638964382,0.12790736056020155,-0.07220781458320762,0.6289749574077166,0.17761962984929888,-0.05456193345452631,0.5540231742408782
1779790129.99028,10.0,10.0,7.592398444065979,0.12792344132361022,-0.07218823082766493,0.6289609087733953,0.17819730626804894,-0.05422841181865646,0.5540231742408782
1779790130.0003366,10.0,10.0,7.415417523659444,0.12793233502519882,-0.0721751739891418,0.6289633273631943,0.17879245500554888,-0.053884802534853005,0.5540231742408782
1779790130.0103276,10.0,10.0,7.257596027209154,0.1279353690214469,-0.07216379530964125,0.6289712134824618,0.1793691981805489,-0.05355181970751348,0.5540231742408782
1779790130.0203722,10.0,10.0,7.137633916483553,0.1279333808013417,-0.07215219400316686,0.6289833671262537,0.17995560881804892,-0.05321325536809717,0.5540231742408782
1779790130.0302818,10.0,10.0,7.065543192582965,0.12792666024145075,-0.0721428299681751,0.6289972313203318,0.17995560881804892,-0.05321325536809717,0.5540231742408782
1779790130.040281,10.0,10.0,7.012794179200882,0.12791382341184276,-0.0721348510888428,0.6290295240670981,0.1805499482305489,-0.05287011334830029,0.5540231742408782
1779790130.050259,10.0,10.0,6.97202501678343,0.12790135692509982,-0.07213237303865079,0.6290797588484245,0.1811617745305489,-0.05251687526929802,0.5540231742408782
1779790130.0602956,10.0,10.0,6.940920380778755,0.12788506213171386,-0.07213141949909982,0.6291527033875555,0.18176974264304888,-0.052165864715887425,0.5540231742408782
1779790130.0702353,10.0,10.0,6.934325698372813,0.1278575759230402,-0.07213345523677386,0.6292459561080357,0.1823569771742989,-0.05182682470119279,0.5540231742408782
1779790130.0802884,10.0,10.0,6.942617729739869,0.12782265870925108,-0.07213662078795463,0.629365971386043,0.18294575531804888,-0.05148689348140579,0.5540231742408782
1779790130.0902934,10.0,10.0,6.946815661048585,0.12777344981328667,-0.07214274051450341,0.6295175260289573,0.1835236245055489,-0.05115326055044626,0.5540231742408782
1779790130.1003017,10.0,10.0,6.967560958826823,0.12771718719361985,-0.07215353860597594,0.6296953195156654,0.18411389726804891,-0.05081246641212155,0.5540231742408782
1779790130.110327,10.0,10.0,7.023047439897143,0.12765875206426408,-0.07216421663399111,0.6299088450589633,0.1846968441992989,-0.05047590184444111,0.5540231742408782
1779790130.1203008,10.0,10.0,7.11347681221544,0.12759572825431056,-0.07218420137113833,0.6301427795395622,0.18527370572429888,-0.05014285068769724,0.5540231742408782
1779790130.1303353,10.0,10.0,7.222340975628928,0.12753619600324193,-0.07220803842058135,0.63038616146199,0.18586412102429886,-0.04980197425530857,0.5540231742408782
1779790130.1403282,10.0,10.0,7.343207034608269,0.1274775857560548,-0.07223927566961731,0.6306421882599449,0.1864472482930489,-0.04946530556972393,0.5540231742408782
1779790130.1502745,10.0,10.0,7.473475451101981,0.1274272056022645,-0.0722701587117198,0.6308900068057657,0.18702423328679893,-0.04913218312826399,0.5540231742408782
1779790130.1602764,10.0,10.0,7.627091112407231,0.12738858062759975,-0.07229882666315511,0.6311338679492382,0.18761103896804895,-0.04879339071023228,0.5540231742408782
1779790130.1702704,10.0,10.0,7.7661429474815655,0.12737768844958008,-0.0723288939379121,0.6313752391686925,0.18819154504304889,-0.04845823537156484,0.5540231742408782
1779790130.180271,10.0,10.0,7.8916498610513806,0.12739540129833368,-0.0723545232973244,0.6316035850201243,0.18879614417429888,-0.04810916990038585,0.5540231742408782
1779790130.1903696,10.0,10.0,8.013532103893262,0.12743453771290536,-0.07237476091952881,0.6318180245787742,0.18938164519304893,-0.0477711307295997,0.5540231742408782
1779790130.2003276,10.0,10.0,8.102859065394115,0.12749031329457464,-0.072391695457076,0.6320163699378273,0.18998056133054894,-0.04742534633639208,0.5540231742408782
1779790130.210237,10.0,10.0,8.173499376180732,0.12755166409103397,-0.07240356296801581,0.6321773120388259,0.19056175163054886,-0.0470897959602367,0.5540231742408782
1779790130.2203476,10.0,10.0,8.227649904168887,0.12762333751000812,-0.07241240995341124,0.632304305994931,0.19116475421804893,-0.046741652254021514,0.5540231742408782
1779790130.2302861,10.0,10.0,8.260695861633746,0.1276960947480833,-0.07241119485764441,0.6323947017828611,0.19174338756179896,-0.04640757813724534,0.5540231742408782
1779790130.2403035,10.0,10.0,8.272622872340552,0.1277753871962909,-0.072405429736875,0.6324486424996882,0.19234027712429894,-0.0460629637876595,0.5540231742408782
1779790130.2502968,10.0,10.0,8.270201314470103,0.12785883880778934,-0.07239084149249582,0.6324784673829255,0.19234027712429894,-0.0460629637876595,0.5540231742408782
1779790130.260278,10.0,10.0,8.242627699239165,0.12794305889923627,-0.07237332322705836,0.6324947342197019,0.19292166131804886,-0.045727301466895375,0.5540231742408782
1779790130.27024,10.0,10.0,8.188734103736735,0.1280319851150379,-0.07234813962063989,0.6325064089480835,0.19352188493054892,-0.045380762202644497,0.5540231742408782
1779790130.2802308,10.0,10.0,8.11067413873655,0.12811342854771984,-0.0723183320248122,0.6325116057717576,0.1940999547617989,-0.045047013429961924,0.5540231742408782
1779790130.290294,10.0,10.0,7.985214905337923,0.12817022773952255,-0.07229171463616652,0.6325156957881558,0.1947099353867989,-0.04469484095191772,0.5540231742408782
1779790130.3003495,10.0,10.0,7.8216871732981526,0.1282158904978331,-0.07226855923349385,0.6325137249446061,0.19529624848679886,-0.044356332925803335,0.5540231742408782
1779790130.310303,10.0,10.0,7.668879812093164,0.1282451703593703,-0.07224266189186435,0.6325118333262587,0.19587391759304892,-0.04402281551180733,0.5540231742408782
1779790130.3202457,10.0,10.0,7.509777976723366,0.12825785681295887,-0.07222255233264789,0.6325114898670098,0.19645798828679892,-0.04368560213954499,0.5540231742408782
1779790130.3302615,10.0,10.0,7.341781281768671,0.12826224571609354,-0.07219793499035239,0.6325132804632977,0.1970445888242989,-0.0433469281613126,0.5540231742408782
1779790130.3402746,10.0,10.0,7.206750329024641,0.12826280892367214,-0.07217008512842105,0.6325227296046539,0.1976294699117989,-0.043009246908000565,0.5540231742408782
1779790130.3502996,10.0,10.0,7.116268548385734,0.1282561961294829,-0.07214658573818837,0.6325395734112741,0.19822118537429886,-0.04266761982644253,0.5540231742408782
1779790130.360331,10.0,10.0,7.054863665746476,0.12824816500848651,-0.07212369003108944,0.6325657383990593,0.19885340657429887,-0.04230260674643515,0.5540231742408782
1779790130.3702495,10.0,10.0,7.0074156344238725,0.12823621278229963,-0.07210592076409637,0.632609980358936,0.1994365772117989,-0.041965913021891024,0.5540231742408782
1779790130.3802605,10.0,10.0,6.966257702599964,0.12822080432473945,-0.0720867251495248,0.6326694185382182,0.20002400901179893,-0.04162675911403048,0.5540231742408782
1779790130.3903797,10.0,10.0,6.93975111684857,0.12819783353167302,-0.07207155021934097,0.6327489822971933,0.2006107329617989,-0.04128801388355798,0.5540231742408782
1779790130.400272,10.0,10.0,6.929242046648964,0.12816689852796218,-0.07205740402154413,0.632855390082129,0.20119435562429885,-0.040951059182258456,0.5540231742408782
1779790130.4103577,10.0,10.0,6.909479791506524,0.12812627558466938,-0.07203412653216694,0.6329863996174112,0.20178507748679883,-0.040610005755927894,0.5540231742408782
1779790130.4202855,10.0,10.0,6.903199771154029,0.1280772432252196,-0.07201620364404746,0.6331487445708026,0.2023714182055489,-0.04027148178412071,0.5540231742408782
1779790130.430301,10.0,10.0,6.928300967027144,0.1280144745202678,-0.072001072790628,0.633338354250871,0.2029833228617989,-0.0399181984661164,0.5540231742408782
1779790130.4402807,10.0,10.0,6.981218336822401,0.12794548610183892,-0.07198761316019689,0.6335570286627747,0.20357694823679892,-0.03957546869606235,0.5540231742408782
1779790130.4502852,10.0,10.0,7.0705301806618905,0.1278745270127445,-0.07197742836153839,0.6337955922508565,0.20416259297429892,-0.03923734654921722,0.5540231742408782
1779790130.4603486,10.0,10.0,7.204577072410054,0.1278008381797356,-0.07197332563544982,0.6340521110201995,0.20416259297429892,-0.03923734654921722,0.5540231742408782
1779790130.4703398,10.0,10.0,7.3491591791001865,0.12773003297757204,-0.07196829246930374,0.6343279155233505,0.20474376690554894,-0.03890180562356403,0.5540231742408782
1779790130.4802608,10.0,10.0,7.479135512139562,0.12766487897530654,-0.07196597365007291,0.6346031406980619,0.20534047331804892,-0.03855729701567998,0.5540231742408782
1779790130.490345,10.0,10.0,7.622946697728592,0.1276111774029305,-0.07196754782113966,0.6348802848606367,0.20591960093054892,-0.03822293753270799,0.5540231742408782
1779790130.5002594,10.0,10.0,7.76581462290188,0.1275821052281973,-0.07196776948006245,0.6351597785873782,0.20649742843679889,-0.03788932866642939,0.5540231742408782
1779790130.510285,10.0,10.0,7.915163703645518,0.1275805357379523,-0.07196950339922598,0.6354450077805043,0.20707673981804894,-0.037554863084520065,0.5540231742408782
1779790130.520301,10.0,10.0,8.041782646383728,0.1276009386529814,-0.07197251154321006,0.6357300867360562,0.20766135996179888,-0.03721733248715234,0.5540231742408782
1779790130.5302818,10.0,10.0,8.153363134329766,0.1276353584876438,-0.07197860384860114,0.6359980234062995,0.20828600850554888,-0.03685669148226937,0.5540231742408782
1779790130.540308,10.0,10.0,8.259522947853155,0.12767114136840396,-0.07198425117861322,0.6362470812712763,0.2088734690492989,-0.03651752097919703,0.5540231742408782
1779790130.5502658,10.0,10.0,8.344578154710431,0.1277184021919736,-0.0719880637842782,0.6364725635875471,0.2094504523555489,-0.03618439951201567,0.5540231742408782
1779790130.5602763,10.0,10.0,8.423248254616574,0.12777552562551397,-0.07199227933155997,0.6366604597194985,0.21004055766179894,-0.035843702054601974,0.5540231742408782
1779790130.5702696,10.0,10.0,8.496789291742802,0.12784280845114324,-0.0719894502269109,0.6368225229202412,0.2106221334430489,-0.035507929120743145,0.5540231742408782
1779790130.5802696,10.0,10.0,8.551499997360946,0.12793015928775262,-0.07198071004256415,0.6369513387928355,0.21120783679304891,-0.035169773133955376,0.5540231742408782
1779790130.5902681,10.0,10.0,8.58337764590755,0.1280213311590063,-0.0719685629070981,0.6370458868974483,0.2117927821180489,-0.03483205479310543,0.5540231742408782
1779790130.6002567,10.0,10.0,8.587746737624702,0.1281242963117164,-0.07194843650235248,0.6371045865220573,0.21237431559929895,-0.03449630628116293,0.5540231742408782
1779790130.6102958,10.0,10.0,8.552991515583992,0.12823094115286804,-0.07192158958897514,0.6371485644756942,0.21296513218679894,-0.034155198165328096,0.5540231742408782
1779790130.6203108,10.0,10.0,8.457750738153647,0.1283280019294826,-0.07189632588882121,0.6371808430075611,0.21355060783679888,-0.03381717364119665,0.5540231742408782
1779790130.6303022,10.0,10.0,8.278710605838688,0.12842319437895647,-0.07186701740686903,0.6372064165409619,0.21413452412429887,-0.03348004941542434,0.5540231742408782
1779790130.6403003,10.0,10.0,8.096583138921677,0.12850290345578705,-0.07183660373360003,0.6372195531957521,0.21472840419929892,-0.03313717259425672,0.5540231742408782
1779790130.6502752,10.0,10.0,7.903640441988118,0.12856838798068876,-0.0718086749806132,0.6372277232131693,0.2153062238305489,-0.032803568274611485,0.5540231742408782
1779790130.6603048,10.0,10.0,7.681391969904488,0.12861771066471653,-0.07177750925663862,0.6372298728898084,0.21588597024929887,-0.03246885152368445,0.5540231742408782
1779790130.6702876,10.0,10.0,7.472911611290569,0.12865674383277131,-0.07174694931127848,0.6372264988220765,0.2164741211492989,-0.03212928244324532,0.5540231742408782
1779790130.680272,10.0,10.0,7.29096757673291,0.1286845887259723,-0.07171530724837367,0.6372245480808925,0.21705277654304891,-0.03179519559589573,0.5540231742408782
1779790130.6902664,10.0,10.0,7.136302383074825,0.12870037322212258,-0.07168610323691296,0.6372285741871521,0.21763123129304887,-0.031461224590269225,0.5540231742408782
1779790130.7003186,10.0,10.0,6.996100386838055,0.12870859555430936,-0.07165027321730497,0.637239233754416,0.21822039435554894,-0.031121071137538252,0.5540231742408782
1779790130.71024,10.0,10.0,6.890854910595252,0.1287114565863007,-0.07161632221394224,0.6372600527449793,0.21822039435554894,-0.031121071137538252,0.5540231742408782
1779790130.7202466,10.0,10.0,6.8272949820827415,0.1287070755411053,-0.07158454847750055,0.637297833070107,0.2188156365805489,-0.030777407878701486,0.5540231742408782
1779790130.7303355,10.0,10.0,6.772809792925684,0.12869142255907987,-0.07155969567061327,0.6373595249469987,0.21940863808679886,-0.030435038299438187,0.5540231742408782
1779790130.7402625,10.0,10.0,6.723912890251718,0.12866830186601916,-0.07154136070249299,0.6374493150276141,0.21998744057429895,-0.030100866527472417,0.5540231742408782
1779790130.7503197,10.0,10.0,6.686522612155281,0.128635492267929,-0.07152978583544616,0.6375685216924227,0.2205699884680489,-0.029764532344200012,0.5540231742408782
1779790130.7603116,10.0,10.0,6.63483588017708,0.12859252839374533,-0.07152383300053727,0.6377211505042245,0.22114943006804885,-0.02942999158046037,0.5540231742408782
1779790130.7702906,10.0,10.0,6.614306081956589,0.12853968306840927,-0.07152260655959167,0.6379020265162609,0.2217233385242989,-0.0290986453787542,0.5540231742408782
1779790130.7803028,10.0,10.0,6.609495656197806,0.12847757007806695,-0.0715201969173832,0.638121447228383,0.2223147699242989,-0.028757182300757005,0.5540231742408782
1779790130.7902472,10.0,10.0,6.624921163165809,0.12840698286382357,-0.07151995519594043,0.638377207738811,0.2228961856180489,-0.02842150179345939,0.5540231742408782
1779790130.8002992,10.0,10.0,6.6717362002172464,0.1283258744616125,-0.07152068204422629,0.6386654809629616,0.22348662915554887,-0.02808060905814249,0.5540231742408782
1779790130.8102782,10.0,10.0,6.7494687674077145,0.12823676954334573,-0.07152582097769915,0.6389820494923477,0.22407150287429892,-0.027742932059180214,0.5540231742408782
1779790130.820298,10.0,10.0,6.867323205309345,0.1281436240280653,-0.07153254018858225,0.6393278668112661,0.22465200281804895,-0.02740778026039159,0.5540231742408782
1779790130.8303137,10.0,10.0,7.0189329114974806,0.12804786733132437,-0.07154510883044125,0.6396828158806291,0.22524330068054896,-0.02706639428030596,0.5540231742408782
1779790130.840228,10.0,10.0,7.206240132451163,0.12795424131813563,-0.0715598690962704,0.640045502728206,0.22582850751179892,-0.026728524958752185,0.5540231742408782
1779790130.8502474,10.0,10.0,7.423949672071506,0.12786714576785163,-0.07157228052763819,0.6403971126221818,0.2264102190805489,-0.026392673627943654,0.5540231742408782
1779790130.8602803,10.0,10.0,7.649438793895117,0.12780358743589393,-0.07157774504407728,0.6407547117581577,0.22699798618679887,-0.02605332613092943,0.5540231742408782
1779790130.8702307,10.0,10.0,7.840649624835858,0.12777220899413247,-0.07158269501414385,0.641110334687357,0.2275769255867989,-0.02571907531249492,0.5540231742408782
1779790130.880278,10.0,10.0,8.016845847283882,0.12776608837660172,-0.07158349610713867,0.6414713017486691,0.22816931115554892,-0.025377061344913056,0.5540231742408782
1779790130.8902946,10.0,10.0,8.166615081983624,0.12777756461173337,-0.07158187550887474,0.6418196735996983,0.22882126783679893,-0.02500065397949338,0.5540231742408782
1779790130.9002583,10.0,10.0,8.293901172417602,0.1278068632963444,-0.07157975986865622,0.642153135978435,0.22941623561804889,-0.024657149170829555,0.5540231742408782
1779790130.910294,10.0,10.0,8.40224048369845,0.12784751903903907,-0.07157294743113454,0.6424569154926806,0.22999423446179887,-0.024323441382799224,0.5540231742408782
1779790130.9203289,10.0,10.0,8.483971304716267,0.12789931679141392,-0.07156474738131247,0.642733388775529,0.23058501780554894,-0.023982352460252376,0.5540231742408782
1779790130.9302938,10.0,10.0,8.538689178888745,0.1279623538881632,-0.07155356984899257,0.6429764751772281,0.23058501780554894,-0.023982352460252376,0.5540231742408782
1779790130.9402688,10.0,10.0,8.58605683666717,0.12803363679734342,-0.0715344656560203,0.6431793447610189,0.23116597759304888,-0.023646935170550935,0.5540231742408782
1779790130.9503179,10.0,10.0,8.635063500820333,0.12812176530230562,-0.07151006050230632,0.6433392432845908,0.23178632273054886,-0.023288778738424845,0.5540231742408782
1779790130.9602683,10.0,10.0,8.66585095889661,0.1282167984527168,-0.07147676788472812,0.6434520266869826,0.23239597254929886,-0.022936797251458127,0.5540231742408782
1779790130.97028,10.0,10.0,8.668624456915,0.12832070869030857,-0.0714360297709841,0.6435254823146401,0.23297613544304888,-0.022601840048577716,0.5540231742408782
1779790130.9803624,10.0,10.0,8.628741652631426,0.1284251183441059,-0.07139095481719929,0.6435702390227273,0.23357950208054892,-0.022253486157997025,0.5540231742408782
1779790130.9903846,10.0,10.0,8.55585468014921,0.12852709284691743,-0.07135116231717811,0.6436043321707406,0.2341552860805489,-0.021921057110601973,0.5540231742408782
1779790131.000296,10.0,10.0,8.448706283498712,0.12862164249668162,-0.07130737603076183,0.6436308238041836,0.2347658150305489,-0.02156856805697141,0.5540231742408782
1779790131.010265,10.0,10.0,8.286542525536658,0.1286980422223334,-0.07126448346540773,0.6436499182538891,0.23534684304929895,-0.021233111373939347,0.5540231742408782
1779790131.020253,10.0,10.0,8.086073600091996,0.12876329933241165,-0.0712206085604669,0.6436643485108237,0.2359338888055489,-0.020894180348541798,0.5540231742408782
1779790131.030286,10.0,10.0,7.892183863879144,0.12882089656431037,-0.07117661476305205,0.6436685885265028,0.2365127848367989,-0.020559954569066813,0.5540231742408782
1779790131.0403397,10.0,10.0,7.714900541267158,0.12886449003346018,-0.0711306383768942,0.6436696605691203,0.23710583308679892,-0.02021755800228687,0.5540231742408782
1779790131.0502462,10.0,10.0,7.549943904786477,0.12889581227074226,-0.0710795829627027,0.6436702692272359,0.23768383305554894,-0.019883849564737467,0.5540231742408782
1779790131.0602634,10.0,10.0,7.398638500587948,0.12891845194511145,-0.0710293474550062,0.6436714314767397,0.2382629804117989,-0.01954947868270607,0.5540231742408782
1779790131.0702527,10.0,10.0,7.2637908894931,0.12893357652785126,-0.07097872849081518,0.6436783523990747,0.23885622992429892,-0.01920696591696757,0.5540231742408782
1779790131.080253,10.0,10.0,7.146735024339242,0.12893797663419215,-0.07092709221653476,0.6436904290298194,0.2394352014430489,-0.018872696554764153,0.5540231742408782
1779790131.090286,10.0,10.0,7.056247545091246,0.12893073539255462,-0.07087020781110777,0.6437147937050723,0.2400257553992989,-0.01853174006915221,0.5540231742408782
1779790131.1002858,10.0,10.0,6.994699101163512,0.12891325380407473,-0.07080821651818253,0.6437529000163033,0.24061218066179887,-0.018193167285988243,0.5540231742408782
1779790131.1102715,10.0,10.0,6.954581388659941,0.12888829677509608,-0.07074955330167279,0.6438133426796586,0.24118947784304887,-0.01785986460299115,0.5540231742408782
1779790131.120274,10.0,10.0,6.927101506259584,0.1288521858752154,-0.07069129060008547,0.6439044069780627,0.24177527023679887,-0.01752165720677036,0.5540231742408782
1779790131.1303055,10.0,10.0,6.898450987816816,0.12880900173819132,-0.0706263803098222,0.6440285098348276,0.24235707478679888,-0.017185752193212094,0.5540231742408782
1779790131.140255,10.0,10.0,6.871225538728994,0.12875888162513,-0.07056394057340856,0.6441783518457137,0.24296700698054888,-0.01683360767696312,0.5540231742408782
1779790131.150317,10.0,10.0,6.867392747200789,0.12869800675785356,-0.07050417430048853,0.64435715982054,0.24296700698054888,-0.01683360767696312,0.5540231742408782
1779790131.1602874,10.0,10.0,6.883496030040482,0.12862892608489737,-0.0704484981454694,0.6445698305678839,0.24354753791804892,-0.01649843798392457,0.5540231742408782
1779790131.1703198,10.0,10.0,6.931842729253362,0.12855039625223816,-0.07039295674862783,0.6448140112230251,0.24415662191804896,-0.016146783172565467,0.5540231742408782
1779790131.1803372,10.0,10.0,7.0092936408848745,0.12846528421123934,-0.07034165933865064,0.6450821672116719,0.24474206258054895,-0.015808778848476545,0.5540231742408782
1779790131.1903415,10.0,10.0,7.1314463483672,0.1283790192527903,-0.07029061680114917,0.6453657653960405,0.24532990523054896,-0.015469387736257887,0.5540231742408782
1779790131.2002797,10.0,10.0,7.268849832449686,0.1282929468752683,-0.07025041957606305,0.6456649938499733,0.2459131271680489,-0.015132664393645004,0.5540231742408782
1779790131.2102842,10.0,10.0,7.42498048930229,0.12821872962318098,-0.07020826463924021,0.6459712372473924,0.24650749481804887,-0.014789506070919896,0.5540231742408782
1779790131.220335,10.0,10.0,7.592448666247814,0.1281745066741598,-0.07016400639338456,0.6462846541847385,0.24708971134304888,-0.014453363203484492,0.5540231742408782
1779790131.2302883,10.0,10.0,7.788708736449692,0.12816147802044586,-0.07012192531529672,0.6465940287538692,0.2476806490930489,-0.014112185134447687,0.5540231742408782
1779790131.2402418,10.0,10.0,7.995676728342726,0.1281670059659667,-0.07007771813669089,0.6468985541946829,0.24809906893679887,-0.013775657004786078,0.5540231742408782
1779790131.2502608,10.0,10.0,8.173854816389468,0.12818530364157876,-0.07003335378868214,0.6471836385407193,0.24751506366179885,-0.013438481402056685,0.5540231742408782
1779790131.2602391,10.0,10.0,8.323467921324637,0.1282085886847757,-0.0699876414903221,0.6474495449674024,0.2469270970367989,-0.013099018712838424,0.5540231742408782
1779790131.270285,10.0,10.0,8.456279358946073,0.12823527409477872,-0.06994857800587885,0.6476939616592524,0.24633128274929886,-0.012755025173563257,0.5540231742408782
1779790131.2802794,10.0,10.0,8.564126519579602,0.1282715423273646,-0.06990674597880092,0.6479081155802228,0.24574195003679886,-0.012414773773359124,0.5540231742408782
1779790131.2902846,10.0,10.0,8.652899090920574,0.12831544192205724,-0.06985996941070853,0.6480873287863532,0.24515623824929886,-0.012076612915178475,0.5540231742408782
1779790131.3002946,10.0,10.0,8.716984027027298,0.12837004527351087,-0.0698120933402312,0.6482325577870933,0.24455214919304882,-0.01172784193593801,0.5540231742408782
1779790131.3102775,10.0,10.0,8.778365846225185,0.12843847684077284,-0.06975929897669948,0.6483398235233699,0.2439467841617988,-0.01137833427218784,0.5540231742408782
1779790131.320322,10.0,10.0,8.835706056838148,0.1285156950522649,-0.06970518168730427,0.6484112298801997,0.2433636377117989,-0.011041654512303396,0.5540231742408782
1779790131.3302355,10.0,10.0,8.852398970109464,0.12860122319882375,-0.06964894163564758,0.6484590958095189,0.24277202141804885,-0.01070008468584986,0.5540231742408782
1779790131.3402247,10.0,10.0,8.824121234664027,0.12869955378511266,-0.0695931484611511,0.6484898112259729,0.2421910976867989,-0.010364688213234033,0.5540231742408782
1779790131.3502452,10.0,10.0,8.767000448271288,0.12879847938112404,-0.06953863928649327,0.6485177920958128,0.2421910976867989,-0.010364688213234033,0.5540231742408782
1779790131.3602595,10.0,10.0,8.700057855508426,0.12890633451057124,-0.06947958710976608,0.6485332649411722,0.24157131049304884,-0.010006853910082164,0.5540231742408782
1779790131.3702755,10.0,10.0,8.581655981448026,0.129007269285042,-0.06941949230324373,0.6485375793346287,0.24095865068054886,-0.009653134602413651,0.5540231742408782
1779790131.3802557,10.0,10.0,8.390199828607292,0.1290954417962529,-0.06934980307478077,0.6485310266443565,0.2403749761555488,-0.009316149958285731,0.5540231742408782
1779790131.3902686,10.0,10.0,8.191240205840451,0.1291736861760592,-0.06927932032201851,0.6485153197818462,0.2397889194430489,-0.008977789957563504,0.5540231742408782
1779790131.4002676,10.0,10.0,7.998864058145234,0.1292508126475951,-0.06921519483287344,0.6484928872693554,0.23920404459929887,-0.008640112309082217,0.5540231742408782
1779790131.4102707,10.0,10.0,7.80424887115063,0.12932355683338737,-0.06915153019777842,0.6484734266949227,0.2386027541492988,-0.008292957105913514,0.5540231742408782
1779790131.420308,10.0,10.0,7.6214865848482996,0.1293940773872619,-0.06908437931452727,0.6484572373398405,0.23802450566804886,-0.007959105189605353,0.5540231742408782
1779790131.4302983,10.0,10.0,7.457892757577524,0.12945823058176506,-0.06901048829857771,0.6484426547596993,0.2374410312242988,-0.007622236062441018,0.5540231742408782
1779790131.4402308,10.0,10.0,7.315617566036046,0.1295147834439452,-0.06893530734318182,0.6484342689120958,0.23685942219929887,-0.007286443935294187,0.5540231742408782
1779790131.4503415,10.0,10.0,7.192374940638514,0.12955720885340838,-0.06886210141170655,0.6484328869560171,0.23627895324929885,-0.006951310030755447,0.5540231742408782
1779790131.4602544,10.0,10.0,7.067477473985285,0.12958145702798463,-0.06878634513677911,0.6484457298873946,0.2356919655430488,-0.006612412520540991,0.5540231742408782
1779790131.4702578,10.0,10.0,6.959856755280535,0.1295930055374468,-0.0687050826330232,0.6484701867756051,0.23508858371804883,-0.00626404986145313,0.5540231742408782
1779790131.480266,10.0,10.0,6.884938315520611,0.12958296164546285,-0.06862971866392156,0.6485149831508662,0.23448297129929888,-0.0059143993684632485,0.5540231742408782
1779790131.4903753,10.0,10.0,6.8056618345806035,0.12955050096763726,-0.06855540005506622,0.6485804402982711,0.23389176810554888,-0.005573068045405921,0.5540231742408782
1779790131.5003047,10.0,10.0,6.733923691092171,0.12950327800020175,-0.06848270643735414,0.6486792794165699,0.23331357823679885,-0.005239249969040386,0.5540231742408782
1779790131.5102875,10.0,10.0,6.684184575092351,0.12944531685946978,-0.06841283800430249,0.6488079831239795,0.23272971268679885,-0.00490215503657734,0.5540231742408782
1779790131.520345,10.0,10.0,6.658555848972451,0.12937241528549992,-0.068342489211362,0.6489768727776833,0.23213496529304886,-0.004558777468695959,0.5540231742408782
1779790131.5302775,10.0,10.0,6.655486964553094,0.12928555646794443,-0.06827518348395642,0.6491824337902685,0.2315438961992989,-0.00421752356830973,0.5540231742408782
1779790131.540302,10.0,10.0,6.690772024247085,0.1291955205288794,-0.06821475145165018,0.6494339555056234,0.23095763889929885,-0.0038790477583403194,0.5540231742408782
1779790131.550259,10.0,10.0,6.751806660545412,0.12909947626724647,-0.06815432762986601,0.6497239873753478,0.2303709938680489,-0.0035403480916294007,0.5540231742408782
1779790131.560288,10.0,10.0,6.857174773291333,0.12899703181676603,-0.06809376056230225,0.650045519463341,0.2303709938680489,-0.0035403480916294007,0.5540231742408782
1779790131.5702772,10.0,10.0,6.997365153345168,0.12888735462331388,-0.06803988572184129,0.6503855574108558,0.22975886094929884,-0.003186932986209246,0.5540231742408782
1779790131.580292,10.0,10.0,7.156956965933546,0.12877784146592675,-0.06798907036646887,0.6507278695823062,0.22916074395554883,-0.0028416099788607894,0.5540231742408782
1779790131.590295,10.0,10.0,7.34862952369767,0.12867074989837451,-0.06793356716252916,0.6510633544472739,0.22858246448054884,-0.002507740168302684,0.5540231742408782
1779790131.6003106,10.0,10.0,7.5671480603523085,0.12856822703665396,-0.06788029748504004,0.65139639926039,0.22798365369929888,-0.0021620166025543702,0.5540231742408782
1779790131.610223,10.0,10.0,7.773143387743809,0.12847702498043226,-0.06782136903848143,0.6517174135911001,0.22739823159929887,-0.0018240229955298216,0.5540231742408782
1779790131.6202643,10.0,10.0,7.985708368785337,0.12839564023598035,-0.06775990403373185,0.6520260659031926,0.22680602079929887,-0.001482109930732797,0.5540231742408782
1779790131.6302907,10.0,10.0,8.199390807254257,0.1283385192256194,-0.06769847702170911,0.6523128278123808,0.22621978487429886,-0.0011436464616254305,0.5540231742408782
1779790131.6402586,10.0,10.0,8.415968461601995,0.1282946031210563,-0.06762622066148176,0.6525691816058531,0.22564202897429889,-0.0008100789372345492,0.5540231742408782
1779790131.6502495,10.0,10.0,8.598938677821181,0.12826019386205673,-0.06754840117301042,0.6528065813927549,0.2250452177117989,-0.0004655097941747826,0.5540231742408782
1779790131.6602674,10.0,10.0,8.738031721449783,0.12825088146949293,-0.06746556484456302,0.6530133986696468,0.22446626987429882,-0.0001312541043473614,0.5540231742408782
1779790131.6703322,10.0,10.0,8.855876059879852,0.12825711232577217,-0.06738236611869132,0.6531922688289838,0.22388515956179886,0.00020425009100334852,0.5540231742408782
1779790131.680272,10.0,10.0,8.958202380131466,0.1282864436966746,-0.06728846893678322,0.6533386627768804,0.22329565163054885,0.000544602653799969,0.5540231742408782
1779790131.6902888,10.0,10.0,9.055704594204371,0.12833818595662191,-0.06718674017036608,0.6534488102331566,0.22271896588679888,0.0008775523231918259,0.5540231742408782
1779790131.7002673,10.0,10.0,9.128823654483575,0.12841028282593542,-0.0670806896257431,0.6535230196261078,0.22211059423679883,0.0012287958590867006,0.5540231742408782
1779790131.7102668,10.0,10.0,9.175349847065041,0.12849624592742212,-0.06697256706857387,0.6535707304484988,0.22149979421804886,0.00158144141433301,0.5540231742408782
1779790131.7203321,10.0,10.0,9.20441582519553,0.1285846067942264,-0.06686389973737811,0.6536058001669565,0.2209213208492988,0.0019154231694999014,0.5540231742408782
1779790131.730334,10.0,10.0,9.203107767667849,0.12868096294988282,-0.06676008176378448,0.6536174124213181,0.22032695100554886,0.0022585827587871133,0.5540231742408782
1779790131.740242,10.0,10.0,9.163896039883474,0.1287857813092492,-0.0666504057131982,0.6536097208709811,0.21974595516179882,0.0025940208655742657,0.5540231742408782
1779790131.7502804,10.0,10.0,9.079423810703918,0.12890883352213564,-0.06653706559494184,0.6535728249094399,0.21912964061804882,0.002949850233313801,0.5540231742408782
1779790131.760325,10.0,10.0,8.969716231273509,0.1290383394240706,-0.06640716964782527,0.653517107906261,0.2185484136430488,0.0032854217837903297,0.5540231742408782
1779790131.770287,10.0,10.0,8.815730621406882,0.1291558210115291,-0.06626630558353566,0.6534423296274748,0.21796353767429885,0.0036231000817906634,0.5540231742408782
1779790131.7803001,10.0,10.0,8.633821011780102,0.1292718801752717,-0.06612112049150588,0.6533530557856236,0.21796353767429885,0.0036231000817906634,0.5540231742408782
1779790131.7902536,10.0,10.0,8.451049387486005,0.12938790091069385,-0.06597627356593946,0.653260518011547,0.21737980734929888,0.0039601169420635605,0.5540231742408782
1779790131.8002584,10.0,10.0,8.259483067869722,0.12950388635692722,-0.0658252381138199,0.6531786609755542,0.21678123726179885,0.004305701543210557,0.5540231742408782
1779790131.810246,10.0,10.0,8.054560993709444,0.12961898239494582,-0.06568238980991398,0.6531126733227242,0.21619972796804884,0.004641436090493381,0.5540231742408782
1779790131.8203208,10.0,10.0,7.845689830382822,0.12973418385843022,-0.06554493234243963,0.6530625271965416,0.21559796642429882,0.004988863279765407,0.5540231742408782
1779790131.8302393,10.0,10.0,7.665556619340351,0.12984255272151804,-0.06540310120204257,0.6530345975483864,0.21501970832429887,0.00532272074946147,0.5540231742408782
1779790131.8402429,10.0,10.0,7.486729522088035,0.12993787610436527,-0.06525416793654208,0.653026933952541,0.2144136551867988,0.005672625691540355,0.5540231742408782
1779790131.8502715,10.0,10.0,7.311761957688721,0.13001987680076244,-0.06509925907542387,0.6530183005821704,0.2138264899555489,0.00601162569586129,0.5540231742408782
1779790131.8602602,10.0,10.0,7.144082652944304,0.13006640668145317,-0.06494229823846887,0.6530124317787646,0.21321299494304888,0.006365827206474663,0.5540231742408782
1779790131.870256,10.0,10.0,6.959810320086146,0.1300905661249308,-0.06479006253885837,0.6530104826272627,0.21260166347429885,0.0067187795945215945,0.5540231742408782
1779790131.8802662,10.0,10.0,6.794160734691961,0.13009546700057498,-0.06464001983276707,0.653025274385883,0.2120143522742988,0.007057863873939687,0.5540231742408782
1779790131.8902824,10.0,10.0,6.65164303609229,0.1300721860481825,-0.06449545293254957,0.6530617450559411,0.21143336936804882,0.007393294511257692,0.5540231742408782
1779790131.90028,10.0,10.0,6.539563597017528,0.13003677240642644,-0.06435354216761306,0.6531268872278021,0.2108480058805489,0.007731254278339558,0.5540231742408782
1779790131.9102676,10.0,10.0,6.436944587669469,0.1299876063436921,-0.06421765224329498,0.6532191540584737,0.21025518240554883,0.008073521071212777,0.5540231742408782
1779790131.9202704,10.0,10.0,6.373370750210349,0.12991974314140523,-0.0640786749105495,0.6533361260732287,0.20967533625554882,0.008408295402003824,0.5540231742408782
1779790131.9303856,10.0,10.0,6.375569059482165,0.12984195432710954,-0.06394457249051429,0.6534843523570933,0.2090695975555488,0.008758018803507421,0.5540231742408782
1779790131.940281,10.0,10.0,6.425991860752503,0.1297578570232125,-0.06381648873208078,0.6536704698990771,0.2084932060555488,0.009090798591191029,0.5540231742408782
1779790131.9503138,10.0,10.0,6.513050780199658,0.1296684636614193,-0.06368953851340982,0.6538920995593023,0.20790573763679884,0.009429973640896707,0.5540231742408782
1779790131.9602363,10.0,10.0,6.630071382026099,0.12957057456630997,-0.0635617703112975,0.6541495561163417,0.20731929938054885,0.00976855392600576,0.5540231742408782
1779790131.9702682,10.0,10.0,6.789749974952535,0.1294721274930876,-0.06343575469681374,0.6544254799387531,0.2067288513992989,0.010109449226922898,0.5540231742408782
1779790131.980282,10.0,10.0,6.975291603961278,0.1293680640418517,-0.06331587661515435,0.6547193352598728,0.20614005801179883,0.010449389247693125,0.5540231742408782
1779790131.9902818,10.0,10.0,7.158697263358148,0.1292678738618822,-0.06319364255882905,0.6550119258538945,0.20614005801179883,0.010449389247693125,0.5540231742408782
1779790132.0003188,10.0,10.0,7.358348402118983,0.12917124257639936,-0.06306454711447558,0.6553032681603372,0.20554622355554883,0.01079223973086313,0.5540231742408782
1779790132.0102687,10.0,10.0,7.568395660718723,0.12907972517970437,-0.06293703424530353,0.6555887901027421,0.20496288551804884,0.01112903010384231,0.5540231742408782
1779790132.0202856,10.0,10.0,7.783807266665605,0.12900555387808688,-0.0628069330158363,0.6558507030436334,0.20438528796179886,0.011462506208426497,0.5540231742408782
1779790132.0303533,10.0,10.0,8.019095740578203,0.1289562075714405,-0.06266985547736671,0.6560962134440211,0.20378120222429882,0.011811275271585773,0.5540231742408782
1779790132.0402713,10.0,10.0,8.257233507195334,0.12892088798523965,-0.062528495222806,0.656305513213489,0.2031719908742988,0.012163003608501642,0.5540231742408782
1779790132.0503163,10.0,10.0,8.482767656570351,0.1288872336608052,-0.06238123473476845,0.6564734324767533,0.20258217064304881,0.012503536477787307,0.5540231742408782
1779790132.0602753,10.0,10.0,8.68792165892047,0.12886856644306066,-0.06223226206599631,0.6565960269214625,0.2019720795992989,0.012855772706126515,0.5540231742408782
1779790132.070252,10.0,10.0,8.870121943351812,0.1288606735995662,-0.062079820326971104,0.6566776986796145,0.2013736216180488,0.013201292582699907,0.5540231742408782
1779790132.0803187,10.0,10.0,9.022018924051327,0.1288745212745834,-0.06192301732248664,0.6567259134070239,0.20078740487429883,0.01353974497750743,0.5540231742408782
1779790132.090286,10.0,10.0,9.140964135806627,0.1288982915457499,-0.06176367348433804,0.6567575939649177,0.20018176202429885,0.013889413039987699,0.5540231742408782
1779790132.100274,10.0,10.0,9.21784129220075,0.1289428353990119,-0.061602326667710657,0.6567793580522495,0.19959152025554885,0.01423018928406247,0.5540231742408782
1779790132.1102786,10.0,10.0,9.296295226662227,0.12900451518428516,-0.061452154530351986,0.6567867196064329,0.19899894540554888,0.01457231253322496,0.5540231742408782
1779790132.1202922,10.0,10.0,9.363268949063416,0.1290942290199409,-0.061297735029949826,0.6567711333805538,0.19841997270554887,0.014906582577423425,0.5540231742408782
1779790132.1302695,10.0,10.0,9.39682227070113,0.12919705281353686,-0.061140552136241075,0.6567345070736974,0.19782669956804885,0.01524910898306203,0.5540231742408782
1779790132.140243,10.0,10.0,9.374529795898729,0.12931309696738047,-0.06098334354150425,0.6566651595231443,0.19724980193054883,0.015582180989367514,0.5540231742408782
1779790132.1502426,10.0,10.0,9.331650470280653,0.12943565829316442,-0.06082545849712778,0.6565603932795273,0.19664484493679882,0.015931453072557222,0.5540231742408782
1779790132.160286,10.0,10.0,9.259817692466433,0.12956661995526583,-0.06066147338792705,0.6564299213382466,0.19606064239304885,0.01626874256845255,0.5540231742408782
1779790132.1703203,10.0,10.0,9.137052952987078,0.1297081628311617,-0.06046817549216373,0.656271418716252,0.19546946231804882,0.016610060543893336,0.5540231742408782
1779790132.180248,10.0,10.0,8.98180203505515,0.1298574430956295,-0.06027583464117463,0.6560978418491754,0.19488942109304883,0.01694494750128818,0.5540231742408782
1779790132.1902747,10.0,10.0,8.776879433486114,0.1300097780587902,-0.06007610842302122,0.6559132705324344,0.19488942109304883,0.01694494750128818,0.5540231742408782
1779790132.2003028,10.0,10.0,8.551835459996342,0.13016397279396444,-0.05988532483766782,0.6557330532295251,0.19429629898679882,0.017287386708993935,0.5540231742408782
1779790132.2102869,10.0,10.0,8.302700100964467,0.13030710538801893,-0.05969867616593656,0.6555598259288349,0.1937055398867988,0.017628461634405172,0.5540231742408782
1779790132.2203147,10.0,10.0,8.031077402560841,0.13044562153836164,-0.05951313100010037,0.6553965881603658,0.19312867104929884,0.017961517013022857,0.5540231742408782
1779790132.230265,10.0,10.0,7.766003639051839,0.13056576292109776,-0.05932510303383295,0.6552505609886621,0.19253313008054887,0.01830535275164412,0.5540231742408782
1779790132.2403076,10.0,10.0,7.518000429315816,0.1306668411067955,-0.059139046147661,0.655118778722974,0.1919452592492988,0.018644760134315062,0.5540231742408782
1779790132.2503226,10.0,10.0,7.314327066253157,0.13074440171050983,-0.05895425342294903,0.6550168237137989,0.19136347382429889,0.01898065410604939,0.5540231742408782
1779790132.2602153,10.0,10.0,7.103390174048215,0.1307954856198225,-0.05877597128502995,0.6549424352062397,0.1907788311242988,0.019318197726274168,0.5540231742408782
1779790132.270247,10.0,10.0,6.906015409540933,0.1308302251604971,-0.05859277552292947,0.654902911931227,0.1901897565430489,0.01965830009433158,0.5540231742408782
1779790132.28025,10.0,10.0,6.731140453559761,0.13085078972192282,-0.058411124088632346,0.6548878652895281,0.1896046776242988,0.01999609556556911,0.5540231742408782
1779790132.2903063,10.0,10.0,6.585644532754803,0.13086308906090205,-0.05823537734618018,0.6548929542739186,0.18902351888054889,0.020331627722715052,0.5540231742408782
1779790132.300242,10.0,10.0,6.450425313138697,0.1308547503358731,-0.05805823573266084,0.6549171528528445,0.1884345480242988,0.020671670205115865,0.5540231742408782
1779790132.3102334,10.0,10.0,6.309855836079084,0.13081919098189923,-0.057877674634814656,0.6549631692467521,0.18785573141804882,0.02100585012854573,0.5540231742408782
1779790132.3202777,10.0,10.0,6.195564159076655,0.13076375606761798,-0.057696531122067365,0.6550357198129471,0.1872793348555489,0.02133863283906503,0.5540231742408782
1779790132.3302891,10.0,10.0,6.10488019616754,0.1306829143186498,-0.057520453833815766,0.6551378065245446,0.1866867250180488,0.021680776288270122,0.5540231742408782
1779790132.3402693,10.0,10.0,6.0664558142391165,0.1305968024251554,-0.057350542095949406,0.6552587375299909,0.18610181068679885,0.022018476734870146,0.5540231742408782
1779790132.3503175,10.0,10.0,6.094651571202639,0.13050404355129547,-0.057179886017622826,0.6554204768680333,0.18550242452429885,0.022364532497138066,0.5540231742408782
1779790132.3602386,10.0,10.0,6.173319946358694,0.13040833497270793,-0.05700568422422234,0.6556156287199423,0.18491205034304878,0.02270538518960538,0.5540231742408782
1779790132.370277,10.0,10.0,6.292126184679334,0.13030529579325703,-0.0568356089802493,0.6558455120450271,0.1843201562305489,0.02304711541478896,0.5540231742408782
1779790132.3803203,10.0,10.0,6.439776287903672,0.1301989462673469,-0.05666983843892827,0.6561051512045362,0.18373395467429884,0.023385559041089292,0.5540231742408782
1779790132.3902576,10.0,10.0,6.628757655530588,0.13009744627265304,-0.05650838777839216,0.6563761467606072,0.18311955909929886,0.023740280491704457,0.5540231742408782
1779790132.400299,10.0,10.0,6.851876228442657,0.1299938630240848,-0.05635097716835149,0.6566474595132713,0.18251249717429888,0.02409076785751798,0.5540231742408782
1779790132.410278,10.0,10.0,7.085598425220691,0.12989843087096625,-0.0561997221034577,0.6569009042142862,0.18251249717429888,0.02409076785751798,0.5540231742408782
1779790132.4202867,10.0,10.0,7.340625796020538,0.12981162363887427,-0.05604388491271683,0.6571389237187641,0.18192983593679882,0.024427167479835005,0.5540231742408782
1779790132.430268,10.0,10.0,7.611722472178483,0.1297480933584,-0.05588434588854548,0.6573476489390829,0.18135473835554886,0.02475920022317997,0.5540231742408782
1779790132.4402723,10.0,10.0,7.883764094554949,0.12970860637573267,-0.05572534692844101,0.6575300830526147,0.1807594493305488,0.025102890502009367,0.5540231742408782
1779790132.4503226,10.0,10.0,8.129378845480213,0.12968708598671475,-0.055555431099325,0.6576760108661892,0.18016193646179882,0.025447864717626438,0.5540231742408782
1779790132.4602609,10.0,10.0,8.35718037173086,0.12966945996938853,-0.055390833422739816,0.6577797251290636,0.17958010991804887,0.025783782429282143,0.5540231742408782
1779790132.4702315,10.0,10.0,8.578105076711294,0.12966651475426422,-0.055231266887291575,0.6578376208737534,0.17900321115554887,0.026116855085106673,0.5540231742408782
1779790132.4802964,10.0,10.0,8.781320168727625,0.1296656726655621,-0.05507534238359774,0.6578607013947432,0.17840402563679889,0.02646279500565151,0.5540231742408782
1779790132.490276,10.0,10.0,8.9501862611616,0.12968010205989167,-0.054922834502720466,0.6578723379536521,0.1778253972992989,0.026796866232067895,0.5540231742408782
1779790132.500267,10.0,10.0,9.095890358313634,0.12970962754038642,-0.05477239577062019,0.6578735623078091,0.17723793844304883,0.027136035760861682,0.5540231742408782
1779790132.5102582,10.0,10.0,9.217487006237864,0.12976033066058748,-0.05462458148641942,0.6578522061289933,0.17665421211179885,0.027473050315341925,0.5540231742408782
1779790132.5202463,10.0,10.0,9.309254977919727,0.1298251632498453,-0.05447640988803356,0.6578019553801208,0.17605546112429885,0.027818739359152606,0.5540231742408782
1779790132.5302951,10.0,10.0,9.364657438598583,0.1299060327479752,-0.05433132199505587,0.6577268462299699,0.17546910853679884,0.02815727018338579,0.5540231742408782
1779790132.5403702,10.0,10.0,9.397612967327525,0.12999660477345276,-0.05418753206014565,0.6576201676143069,0.17488081616804882,0.028496920940845785,0.5540231742408782
1779790132.5503335,10.0,10.0,9.40175492739028,0.13009684602120733,-0.05404220876532104,0.6574828577869898,0.17429654432429884,0.02883425044711479,0.5540231742408782
1779790132.5602171,10.0,10.0,9.35935575846251,0.13020423091632669,-0.05386958430916071,0.6573200792762431,0.17370501651179884,0.029175769188894807,0.5540231742408782
1779790132.5702522,10.0,10.0,9.27155781382357,0.1303255661395567,-0.05368786082946621,0.6571271556577044,0.17311946363054884,0.02951383830250926,0.5540231742408782
1779790132.5802503,10.0,10.0,9.13845527082405,0.1304591538196268,-0.05349846053043599,0.6569193948648129,0.17251850229929885,0.02986080348887897,0.5540231742408782
1779790132.5902646,10.0,10.0,8.948674999482666,0.13059450788784321,-0.05330233385873408,0.6566939840073132,0.17192308592429892,0.030204567293265122,0.5540231742408782
1779790132.6002898,10.0,10.0,8.732216296425207,0.1307380054930005,-0.053098346081627834,0.6564611260295649,0.17131019391179883,0.03055842066166621,0.5540231742408782
1779790132.610286,10.0,10.0,8.4972442757211,0.13087957427851918,-0.05289037904144991,0.6562374322644083,0.17131019391179883,0.03055842066166621,0.5540231742408782
1779790132.6202514,10.0,10.0,8.24790941501413,0.13101155646305582,-0.052673911148802634,0.6560195497680135,0.17068878193679884,0.030917193032710108,0.5540231742408782
1779790132.6302695,10.0,10.0,7.99176502739267,0.13113471453355288,-0.05245718646038627,0.6558116893249725,0.1700953650242988,0.03125980244688367,0.5540231742408782
1779790132.6402712,10.0,10.0,7.756013546425678,0.1312447562327327,-0.05223880233182969,0.6556262233921901,0.1695062132680489,0.0315999493719481,0.5540231742408782
1779790132.6502562,10.0,10.0,7.547129875373809,0.13132910903466408,-0.052020256614189096,0.6554580108179853,0.16891010816804888,0.03194411081189842,0.5540231742408782
1779790132.6602535,10.0,10.0,7.339433286758459,0.1314047077245948,-0.051798572433092466,0.655313627169707,0.16832263918679877,0.03228328618636371,0.5540231742408782
1779790132.6702743,10.0,10.0,7.146749368219853,0.131468310099816,-0.05157908661051587,0.6552118466026455,0.1677276150430488,0.032626823535932103,0.5540231742408782
1779790132.6803274,10.0,10.0,6.950164757543475,0.1315177356149585,-0.051354586925776456,0.6551455144391387,0.1671322071055488,0.032970582468925355,0.5540231742408782
1779790132.690339,10.0,10.0,6.770428376232767,0.13155193654462938,-0.0511328455023167,0.6551137955632599,0.1665173555680489,0.0333255671696126,0.5540231742408782
1779790132.7002985,10.0,10.0,6.6075108036821115,0.13155925301895183,-0.05091167204758865,0.6551037918222798,0.1659178488055489,0.033671692560322965,0.5540231742408782
1779790132.7102482,10.0,10.0,6.462591360964867,0.13154993825419098,-0.050682961786432466,0.655110381425355,0.16528852436804878,0.034035033193721254,0.5540231742408782
1779790132.7202818,10.0,10.0,6.326887017458912,0.1315141504195594,-0.0504578473273801,0.6551328417451223,0.16465897673054883,0.034398502691699556,0.5540231742408782
1779790132.7302704,10.0,10.0,6.216656595398637,0.1314506539572274,-0.050230122812548385,0.6551747249078345,0.1640528254930488,0.03474846427183981,0.5540231742408782
1779790132.7402894,10.0,10.0,6.167816432043328,0.13136678831577664,-0.05000582303452155,0.6552389352074538,0.16343675951804884,0.03510415012834462,0.5540231742408782
1779790132.7503788,10.0,10.0,6.160363306933183,0.13127285727714777,-0.04978629532015478,0.6553269642643671,0.16343675951804884,0.03510415012834462,0.5540231742408782
1779790132.7602441,10.0,10.0,6.195033486219128,0.13117124599431948,-0.049561956403044755,0.65544970109642,0.16281733181804883,0.03546177687768312,0.5540231742408782
1779790132.7702558,10.0,10.0,6.283792090043261,0.1310640267422397,-0.04934343027254375,0.6556035033735174,0.16222325616179886,0.03580476661773804,0.5540231742408782
1779790132.7802727,10.0,10.0,6.42300168928481,0.13095877720768684,-0.049133932338857156,0.6558020485167865,0.16164110269304885,0.03614087307963054,0.5540231742408782
1779790132.7903144,10.0,10.0,6.588101890811952,0.13086493747324263,-0.04892847097568261,0.656024134718893,0.16102698099929888,0.0364954364048323,0.5540231742408782
1779790132.800328,10.0,10.0,6.779538167543469,0.1307640014056875,-0.04873013584592136,0.6562580994268621,0.16045014647429887,0.03682847197311889,0.5540231742408782
1779790132.8102844,10.0,10.0,6.990927134346115,0.13066692239525418,-0.048537045770158584,0.6564917254813668,0.15984582915554887,0.037177374739775185,0.5540231742408782
1779790132.8202474,10.0,10.0,7.2085329700767,0.1305737625795748,-0.04835289358351854,0.6567213255802039,0.15926812056179887,0.037510914951889886,0.5540231742408782
1779790132.8302763,10.0,10.0,7.435931032176418,0.13049179738411246,-0.048167913326295504,0.6569310724724999,0.15865950827429878,0.03786229741991018,0.5540231742408782
1779790132.840266,10.0,10.0,7.6906287265890745,0.13042508581193835,-0.04798276645728995,0.6571158489277333,0.15804682815554885,0.03821602845139758,0.5540231742408782
1779790132.8502378,10.0,10.0,7.964257440309681,0.1303716154791644,-0.04779988147438337,0.6572696851710466,0.1574693630117989,0.03854942810758927,0.5540231742408782
1779790132.8602564,10.0,10.0,8.228629447661833,0.13034738671796217,-0.0476160074810223,0.657388045360826,0.15684638599304887,0.03890910405706352,0.5540231742408782
1779790132.87127,10.0,10.0,8.483032322972786,0.13035875882724382,-0.04741329103220652,0.6574767571228289,0.1562653985867988,0.03924453729245778,0.5540231742408782
1779790132.8812368,10.0,10.0,8.732575331529224,0.13038512916005388,-0.047237102843925655,0.6575208751742757,0.15565902308054888,0.0395946283542212,0.5540231742408782
1779790132.8912628,10.0,10.0,8.964201177666533,0.1304083356739864,-0.04706897443408413,0.6575424018540114,0.15507147968054882,0.039933846694371805,0.5540231742408782
1779790132.9012418,10.0,10.0,9.160860018308039,0.13043481227581083,-0.046903971882977354,0.6575372599501277,0.15447857509304883,0.04027616031756869,0.5540231742408782
1779790132.911312,10.0,10.0,9.336267933400372,0.13047358420402394,-0.04673776635275312,0.6575093421395771,0.15389570989304888,0.040612677697689926,0.5540231742408782
1779790132.9212964,10.0,10.0,9.47282892885539,0.13052908479144723,-0.04657481211301861,0.6574606116789509,0.1533084285617988,0.040951744732377185,0.5540231742408782
1779790132.9312718,10.0,10.0,9.551155552994002,0.13058682719186765,-0.04640875381884635,0.6573739018901611,0.15269555460554882,0.04130558767599743,0.5540231742408782
1779790132.9412532,10.0,10.0,9.606289886135007,0.13065471905960374,-0.0462353854860435,0.6572595051416146,0.15209127159929883,0.041654470632322575,0.5540231742408782
1779790132.951304,10.0,10.0,9.618045982539813,0.13073798446950202,-0.04605964357306252,0.6571123637079676,0.15209127159929883,0.041654470632322575,0.5540231742408782
1779790132.9612646,10.0,10.0,9.589285557578172,0.1308327244338815,-0.04587258000624386,0.656942737076153,0.15151331730554882,0.04198815269939844,0.5540231742408782
1779790132.9712458,10.0,10.0,9.505866476139841,0.13094318441458072,-0.04568546215460107,0.6567438071975461,0.1509022845242988,0.04234093264013682,0.5540231742408782
1779790132.9813445,10.0,10.0,9.392512671833629,0.13106637542841026,-0.04549019909945246,0.6565132009086804,0.15032367874304883,0.042674990843696164,0.5540231742408782
1779790132.991272,10.0,10.0,9.237770414154305,0.1311972193140949,-0.045286217873840434,0.6562670702528887,0.14973567825554887,0.043014473083437914,0.5540231742408782
1779790133.0012615,10.0,10.0,9.026204382155948,0.1313357423795968,-0.04507501752397978,0.6560072182142205,0.14915284629929887,0.04335097127027117,0.5540231742408782
1779790133.01127,10.0,10.0,8.796138753476036,0.1314750205026557,-0.04485567975219895,0.6557459550653305,0.14857580218679883,0.04368412784395736,0.5540231742408782
1779790133.0213575,10.0,10.0,8.549493522716455,0.131609927010895,-0.044627901995398726,0.6554930513067664,0.14798824753679884,0.04402335267929846,0.5540231742408782
1779790133.0312543,10.0,10.0,8.305226574086406,0.13173894181240234,-0.04439280843340707,0.6552386597893545,0.1473985400305488,0.04436382046677506,0.5540231742408782
1779790133.041283,10.0,10.0,8.078509591254363,0.13185055655170494,-0.04415742421528854,0.6549935019861809,0.1467837471055488,0.04471877132751968,0.5540231742408782
1779790133.05124,10.0,10.0,7.859347345283031,0.13194092635967167,-0.04391824723071982,0.6547631637290311,0.14619320726804885,0.04505971966166749,0.5540231742408782
1779790133.0613587,10.0,10.0,7.64551269472331,0.13200425130247512,-0.04367564715349496,0.6545443925770901,0.14560470638054882,0.04539949080748397,0.5540231742408782
1779790133.071245,10.0,10.0,7.443387457664891,0.13204421231125252,-0.04343081278344725,0.6543502658303719,0.1450225382867989,0.04573560571312411,0.5540231742408782
1779790133.081283,10.0,10.0,7.259064915034784,0.13206958690229187,-0.0431873451384796,0.6541876372529937,0.14443526826179887,0.04607466622014486,0.5540231742408782
1779790133.0912452,10.0,10.0,7.090135655761206,0.13207861727480258,-0.0429383270431748,0.6540638945874011,0.14385712963679878,0.04640845471091757,0.5540231742408782
1779790133.1012332,10.0,10.0,6.924448239358807,0.13206579527156678,-0.042692067645028337,0.6539788634254364,0.14324062969304885,0.04676439111939698,0.5540231742408782
1779790133.1112463,10.0,10.0,6.768873125383368,0.1320395764093175,-0.042453389701549646,0.6539319419571231,0.14263175589929883,0.047115924568121074,0.5540231742408782
1779790133.1213024,10.0,10.0,6.6490003766429835,0.13198776611962676,-0.04222080743077508,0.6539228954557522,0.1420539306430488,0.0474495321353616,0.5540231742408782
1779790133.1313095,10.0,10.0,6.554289208840728,0.13191877228909574,-0.04198311606156501,0.6539471743332652,0.14146451507429883,0.04778983137264395,0.5540231742408782
1779790133.1412342,10.0,10.0,6.493492512879342,0.1318427226176024,-0.04176378682083932,0.6539868556237025,0.1408804691867988,0.048127030423011176,0.5540231742408782
1779790133.1512516,10.0,10.0,6.4812173560757484,0.131760594837633,-0.04154538512771953,0.6540476783713218,0.14027753370554888,0.04847513538541479,0.5540231742408782
1779790133.1612744,10.0,10.0,6.505952346329708,0.13167006780238294,-0.04132827829073572,0.6541373829292618,0.14027753370554888,0.04847513538541479,0.5540231742408782
1779790133.1712375,10.0,10.0,6.55891721509164,0.13156883127898047,-0.04112114168323593,0.6542580698921859,0.1397003261305488,0.048808386334219384,0.5540231742408782
1779790133.1812596,10.0,10.0,6.662739063384185,0.1314695417176767,-0.04091848068382592,0.6543997905378787,0.13909566551804886,0.049157487301614594,0.5540231742408782
1779790133.1912336,10.0,10.0,6.841191366698546,0.13137188956069928,-0.04072238849534025,0.6545668033922372,0.13851074949929887,0.04949518872249323,0.5540231742408782
1779790133.201265,10.0,10.0,7.054181695063574,0.13127489995694955,-0.04053858694792659,0.6547489764595034,0.13790381492429882,0.04984560256274999,0.5540231742408782
1779790133.2112687,10.0,10.0,7.259686024357278,0.13118024463617972,-0.040356026700838744,0.6549295136893178,0.1373174009680489,0.05018416881824744,0.5540231742408782
1779790133.2212768,10.0,10.0,7.49052603046929,0.1310927765210752,-0.040170181402906555,0.655098106651602,0.13673459432429888,0.05052065239090202,0.5540231742408782
1779790133.2313383,10.0,10.0,7.753662790923447,0.13101664991968986,-0.03998571071992773,0.6552439306710924,0.1361436509492989,0.05086183370753408,0.5540231742408782
1779790133.24125,10.0,10.0,8.03929600623367,0.13095283633055607,-0.03980560857489041,0.6553705999009634,0.13554196095554882,0.05120921958739438,0.5540231742408782
1779790133.2513094,10.0,10.0,8.299214893191277,0.13091188625105157,-0.03962542743185807,0.6554734345429487,0.13495128189929884,0.05155024829952501,0.5540231742408782
1779790133.2612474,10.0,10.0,8.551731362770717,0.13089548456472294,-0.03944535188862775,0.6555505948318137,0.1343564087867988,0.05189369845116054,0.5540231742408782
1779790133.2712493,10.0,10.0,8.795942513921165,0.13090485221944734,-0.039254978835435266,0.6556007408336223,0.13374122925554882,0.05224887251912767,0.5540231742408782
1779790133.2812552,10.0,10.0,9.020931979513069,0.13092281715940168,-0.03906867659132824,0.655627912229722,0.13315503219929886,0.05258731354735176,0.5540231742408782
1779790133.2912364,10.0,10.0,9.222549251988918,0.13094180011071935,-0.03889262541815248,0.655633925411902,0.13253998288679883,0.052942412433488545,0.5540231742408782
1779790133.301277,10.0,10.0,9.390225579739125,0.130962480085839,-0.0387160662140053,0.6556106338897973,0.13192933496804882,0.05329497017375896,0.5540231742408782
1779790133.3112314,10.0,10.0,9.528256886462632,0.130998278224022,-0.03853689066845651,0.6555588235020654,0.13132712983679887,0.05364265346839349,0.5540231742408782
1779790133.3212976,10.0,10.0,9.637170801291377,0.1310527056027298,-0.03835121501842562,0.6554777575479867,0.1307500986617988,0.05397580257261057,0.5540231742408782
1779790133.3312988,10.0,10.0,9.728256004559631,0.13111226480997912,-0.03816787528463893,0.6553625503120294,0.1301456849305489,0.05432476100304963,0.5540231742408782
1779790133.3412404,10.0,10.0,9.79012536773097,0.13118761664414472,-0.03797932345205114,0.6552134454709005,0.1301456849305489,0.05432476100304963,0.5540231742408782
1779790133.3512707,10.0,10.0,9.844320074109678,0.13128109696084594,-0.0377861938123276,0.6550369511847545,0.1295475065117989,0.05467011947413836,0.5540231742408782
1779790133.3612735,10.0,10.0,9.843911457817086,0.13138556764412976,-0.03759237265316691,0.6548370050185959,0.1289605678555488,0.05500898866532214,0.5540231742408782
1779790133.37125,10.0,10.0,9.776828866404255,0.13149559905207645,-0.03740090560129017,0.65460756538188,0.1283824698430488,0.05534275370845701,0.5540231742408782
1779790133.381231,10.0,10.0,9.673764476117874,0.13162350570405895,-0.037200431581104663,0.6543463972516186,0.12779134326179883,0.05568404079926681,0.5540231742408782
1779790133.3912446,10.0,10.0,9.546142926654463,0.13176245939330203,-0.03699169505576216,0.6540545631877583,0.12721452229304878,0.05601706854084887,0.5540231742408782
1779790133.4012516,10.0,10.0,9.366775919660974,0.1319007840007717,-0.03676827638222986,0.6537479984192094,0.12663605235554887,0.05635104831498254,0.5540231742408782
1779790133.4112937,10.0,10.0,9.116554396563982,0.1320511249523902,-0.03653642804648021,0.6534374417629564,0.12603857723054882,0.05669600073923543,0.5540231742408782
1779790133.421339,10.0,10.0,8.864174412904637,0.13220361779398723,-0.036301808411082,0.6531321335194668,0.12545933801804882,0.05703042465449751,0.5540231742408782
1779790133.4312663,10.0,10.0,8.632930326444514,0.1323513256647832,-0.0360625824350144,0.6528384478888486,0.12487945626179883,0.0573652195425666,0.5540231742408782
1779790133.4412644,10.0,10.0,8.414757018396974,0.1324924295412863,-0.035819909445909855,0.6525624825557024,0.12429132116804886,0.05770477949726299,0.5540231742408782
1779790133.4512777,10.0,10.0,8.200886053542364,0.1326131482921738,-0.0355722117070226,0.6523049175640635,0.12367804142429878,0.058058856722405655,0.5540231742408782
1779790133.4612856,10.0,10.0,7.967863740253116,0.13269706323706484,-0.035320207672299396,0.6520642358764617,0.12308983753679884,0.05839845639519213,0.5540231742408782
1779790133.4712372,10.0,10.0,7.749859956648771,0.13276848364857807,-0.03506516495325088,0.6518439709389456,0.1224797864305488,0.05875066956560501,0.5540231742408782
1779790133.4812684,10.0,10.0,7.548416047117953,0.13281917322592282,-0.03480691860911339,0.6516640165305164,0.12187601518679878,0.059099257055713034,0.5540231742408782
1779790133.4912684,10.0,10.0,7.338611008010671,0.13285998955671668,-0.03455019371680408,0.6515238300848578,0.12129266303054881,0.05943605558015631,0.5540231742408782
1779790133.5012674,10.0,10.0,7.155273436166011,0.13287979977828854,-0.034287590252645175,0.6514231378378862,0.12068226986804886,0.05978846623683717,0.5540231742408782
1779790133.5112708,10.0,10.0,6.9818961574453775,0.13287607918369806,-0.03403394494082341,0.6513585577058956,0.12009063669929884,0.06013004580607649,0.5540231742408782
1779790133.5212514,10.0,10.0,6.8152870897841344,0.1328469528686264,-0.03377518360430755,0.6513295561137041,0.11951190694304883,0.060464175586635485,0.5540231742408782
1779790133.531352,10.0,10.0,6.694506869563451,0.13279074263147064,-0.03351962407664785,0.6513216594928187,0.11893690515554883,0.06079615302343315,0.5540231742408782
1779790133.5413058,10.0,10.0,6.593426395310223,0.13271852990028113,-0.03325853575132444,0.651325438530532,0.11834193450554883,0.06113965948837055,0.5540231742408782
1779790133.551271,10.0,10.0,6.523734442179732,0.13263868774379492,-0.03299872529594789,0.6513396361957368,0.11834193450554883,0.06113965948837055,0.5540231742408782
1779790133.5613277,10.0,10.0,6.522272441204992,0.13255645542667258,-0.03274845111581499,0.6513675962594968,0.11776412280554885,0.061473259228906466,0.5540231742408782
1779790133.5712821,10.0,10.0,6.58889901878204,0.13246903921478795,-0.03250593475336324,0.651423698917724,0.11718655849304882,0.06180671614020267,0.5540231742408782
1779790133.5812411,10.0,10.0,6.6802514685520045,0.13237900421042678,-0.032272604205152426,0.6515071265122704,0.11659818720554885,0.062146412461424244,0.5540231742408782
1779790133.5912817,10.0,10.0,6.81113179023419,0.13229009496648675,-0.032043715197530714,0.6516145235348385,0.11601654662429889,0.06248222280758052,0.5540231742408782
1779790133.6012337,10.0,10.0,6.969511833308396,0.132211063759767,-0.031814021648783816,0.6517421391717865,0.11543959943054888,0.06281532342520028,0.5540231742408782
1779790133.611232,10.0,10.0,7.149648128648978,0.13213014044052537,-0.03158662114789478,0.6518755271192564,0.11484988348679884,0.06315579608406979,0.5540231742408782
1779790133.6212335,10.0,10.0,7.3497170540485595,0.1320539068506837,-0.03135771043078902,0.6520031550349902,0.11427130419929885,0.06348983899145544,0.5540231742408782
1779790133.6312704,10.0,10.0,7.564431987500144,0.13198655440732096,-0.031137023688841442,0.652115576014579,0.11369360123054889,0.06382337595597488,0.5540231742408782
1779790133.6412823,10.0,10.0,7.79770883272315,0.13193262129977584,-0.030926299506288012,0.6522064823660046,0.11311066273679884,0.06415993565226247,0.5540231742408782
1779790133.6512794,10.0,10.0,8.038454517848798,0.13189073413222885,-0.030714259182855242,0.6522686378553312,0.11253084864929883,0.06449469147176051,0.5540231742408782
1779790133.6612916,10.0,10.0,8.281553011871567,0.13186367286527095,-0.030509349252431324,0.6523093213022744,0.11191628961179884,0.06484950729749407,0.5540231742408782
1779790133.671304,10.0,10.0,8.510707389010626,0.1318535073596209,-0.030314737758308966,0.6523292006923196,0.11130058487429884,0.06520498459343102,0.5540231742408782
1779790133.6812336,10.0,10.0,8.721317432348295,0.13185655984083527,-0.030124759687589098,0.6523476653701938,0.1107120309992988,0.06554478633159488,0.5540231742408782
1779790133.691266,10.0,10.0,8.912019962125429,0.13187526937181093,-0.029940590965468958,0.652357833394937,0.11011419238679884,0.06588994861545368,0.5540231742408782
1779790133.7012413,10.0,10.0,9.09676007077979,0.1319107050516437,-0.029763193981241907,0.6523536853255936,0.10952212468679887,0.06623177906142716,0.5540231742408782
1779790133.711246,10.0,10.0,9.255154879828341,0.13195310928638804,-0.02959187191880107,0.6523252786057104,0.10893680963054883,0.06656971086671386,0.5540231742408782
1779790133.7212458,10.0,10.0,9.367976186555577,0.13200366277745948,-0.02942079136617901,0.6522788172298748,0.10835634411179881,0.0669048427902195,0.5540231742408782
1779790133.7312748,10.0,10.0,9.451111349507105,0.13207121293031077,-0.02925232953584846,0.6522031696259071,0.10777354989929883,0.06724131918568851,0.5540231742408782
1779790133.741246,10.0,10.0,9.523312322872279,0.13215084341037514,-0.02908624610688388,0.6521052253002075,0.10719176559929885,0.06757721250790377,0.5540231742408782
1779790133.7512398,10.0,10.0,9.553550610539812,0.1322484931437856,-0.02892588602890004,0.6519898921123412,0.10661544165554887,0.06790995329196826,0.5540231742408782
1779790133.7612472,10.0,10.0,9.522479085402686,0.13235637226543734,-0.02875503565015225,0.6518419102553396,0.10602968143679886,0.06824814211194415,0.5540231742408782
1779790133.77125,10.0,10.0,9.460615114338102,0.13247185694368363,-0.028580505550233712,0.6516696060188035,0.10544614326179888,0.06858504803436281,0.5540231742408782
1779790133.781248,10.0,10.0,9.391430851105651,0.13260158854385848,-0.028396908232634355,0.6514664606301791,0.10483870434929884,0.06893575305401095,0.5540231742408782
1779790133.7913232,10.0,10.0,9.273236265260186,0.13274020095380157,-0.02820789545201298,0.6512414702160755,0.10483870434929884,0.06893575305401095,0.5540231742408782
1779790133.8012545,10.0,10.0,9.110798815915961,0.13288143847411593,-0.028005791731714042,0.6509980928302331,0.10425900186179879,0.06927044444121902,0.5540231742408782
1779790133.8112535,10.0,10.0,8.91181878249308,0.13302540534543536,-0.027801111210989857,0.6507343637980616,0.10365247588679888,0.06962062237615572,0.5540231742408782
1779790133.8212976,10.0,10.0,8.713480950741834,0.1331732075701296,-0.027586788167115787,0.6504591919427624,0.10307415636179881,0.06995451530959212,0.5540231742408782
1779790133.8312337,10.0,10.0,8.517148685364754,0.13331096955493812,-0.027362738863924783,0.6501757335330646,0.1024830980117988,0.07029576300707141,0.5540231742408782
1779790133.8412995,10.0,10.0,8.316728388007933,0.1334436405606693,-0.02713342407814685,0.6498897733914052,0.10189817411804888,0.07063346897458336,0.5540231742408782
1779790133.8512359,10.0,10.0,8.109891329839805,0.13356061399071786,-0.026889883636380927,0.6496105177251996,0.10132047564929886,0.07096700334102662,0.5540231742408782
1779790133.8613038,10.0,10.0,7.880408346836267,0.13366057669671688,-0.026644425268557637,0.6493321264643536,0.10069911323054889,0.07132574710075625,0.5540231742408782
1779790133.8712533,10.0,10.0,7.671490706697286,0.13372605650776284,-0.02640128843918066,0.6490588197763281,0.10006588155554882,0.07169134357877692,0.5540231742408782
1779790133.881235,10.0,10.0,7.467756211087079,0.13376696602369156,-0.026164330840893427,0.6487907609767951,0.09947920721804884,0.07203006016545917,0.5540231742408782
1779790133.8912537,10.0,10.0,7.269721719091268,0.13379413685749356,-0.025923860611705606,0.6485429390353002,0.09886314118679884,0.07238574605443995,0.5540231742408782
1779790133.90129,10.0,10.0,7.0806550787310645,0.13380244336920774,-0.025678518220429093,0.6483231695001855,0.09828276128054877,0.07272082854954567,0.5540231742408782
1779790133.9112363,10.0,10.0,6.908604108975381,0.1337973309601658,-0.02543468180503418,0.6481315298738076,0.09818130092429886,0.07222058362170417,0.5540231742408782
1779790133.9213252,10.0,10.0,6.768070049209527,0.13376928076424355,-0.025182502513051732,0.6479692645478128,0.09818130092429886,0.07155354749467414,0.5540231742408782
1779790133.9313047,10.0,10.0,6.653785261846457,0.1337239293733424,-0.024942263249970023,0.6478499365902258,0.09818130092429886,0.0708823972490115,0.5540231742408782
1779790133.941254,10.0,10.0,6.575332223127438,0.13365458933244187,-0.024699666031253814,0.6477702885440477,0.09818130092429886,0.07020282371551206,0.5540231742408782
1779790133.9512324,10.0,10.0,6.548753914260503,0.1335708712912375,-0.02446491655217253,0.6477330674019444,0.09818130092429886,0.06953586760922939,0.5540231742408782
1779790133.9612792,10.0,10.0,6.557923818614174,0.13348279096263102,-0.024233647822093463,0.6477378367226175,0.09818130092429886,0.06885563033220997,0.5540231742408782
1779790133.9712882,10.0,10.0,6.612721251104048,0.13339495286184866,-0.023999218248432673,0.647770228211261,0.09818130092429886,0.0681817143694684,0.5540231742408782
1779790133.9812822,10.0,10.0,6.696858615732648,0.13330994048701023,-0.023766135840889727,0.6478199813196514,0.09818130092429886,0.06750095195629469,0.5540231742408782
1779790133.9912796,10.0,10.0,6.805996273178791,0.13322111304019915,-0.023535174097245447,0.6478862733044336,0.09818130092429886,0.06750095195629469,0.5540231742408782
1779790134.001294,10.0,10.0,6.939348743892183,0.13313945042741115,-0.023303721480218288,0.6479574009253206,0.09818130092429886,0.06679919370983421,0.5540231742408782
1779790134.0112553,10.0,10.0,7.117472587608879,0.13306139395199124,-0.02308305359331283,0.6480313028907965,0.09818130092429886,0.06612138439998622,0.5540231742408782
1779790134.0213192,10.0,10.0,7.30447950706214,0.1329864591465552,-0.022871349346525665,0.6481011783767394,0.09818130092429886,0.06545092264451956,0.5540231742408782
1779790134.0313158,10.0,10.0,7.488033526305943,0.1329207622691013,-0.022665138120947836,0.648155977866349,0.09818130092429886,0.06478157176148902,0.5540231742408782
1779790134.0412502,10.0,10.0,7.693893727288721,0.13287047333490365,-0.022462895130205083,0.6481965572816963,0.09818130092429886,0.06410042606712225,0.5540231742408782
1779790134.0512455,10.0,10.0,7.9125889211809985,0.1328323441051128,-0.022265328609417386,0.6482243024715176,0.09818130092429886,0.06339636741903237,0.5540231742408782
1779790134.0612898,10.0,10.0,8.1275051916122,0.13281039210198067,-0.022075163965733963,0.648239176177748,0.09818130092429886,0.0627289343059573,0.5540231742408782
1779790134.0712407,10.0,10.0,8.315182778028946,0.1328016800578076,-0.021896012159272057,0.6482547691988699,0.09818130092429886,0.06205247196872096,0.5540231742408782
1779790134.081347,10.0,10.0,8.481664089595103,0.13280704454239164,-0.0217229917501321,0.6482592891266309,0.09818130092429886,0.061369712414363675,0.5540231742408782
1779790134.0912905,10.0,10.0,8.631130872306581,0.1328255431923783,-0.021549220840404316,0.6482424002811089,0.09818130092429886,0.060702975585713165,0.5540231742408782
1779790134.101259,10.0,10.0,8.780014021986874,0.13285410476068654,-0.021386197827670504,0.6481969002671257,0.09818130092429886,0.06001786412286547,0.5540231742408782
1779790134.1112292,10.0,10.0,8.912454941290365,0.1328821089164299,-0.02123734059895318,0.6481275671122879,0.09818130092429886,0.059339221220264984,0.5540231742408782
1779790134.12121,10.0,10.0,9.018626581188258,0.13292405256469617,-0.021095780138911023,0.6480314272421454,0.09818130092429886,0.05864964762647622,0.5540231742408782
1779790134.1312718,10.0,10.0,9.107706318954307,0.1329758831937946,-0.020964526936082337,0.6479008403476478,0.09818130092429886,0.057970557594959796,0.5540231742408782
1779790134.1412477,10.0,10.0,9.161411207909882,0.13303637440163718,-0.020846983134276034,0.6477448867524116,0.09818130092429886,0.0572610833869112,0.5540231742408782
1779790134.1512449,10.0,10.0,9.176533887735697,0.13311446567164634,-0.020733868165279036,0.6475539022529033,0.09818130092429886,0.05656869659620073,0.5540231742408782
1779790134.1612446,10.0,10.0,9.168883700179828,0.1332030905360747,-0.020620220650355122,0.6473259987325576,0.09818130092429886,0.05589716703141123,0.5540231742408782
1779790134.1712592,10.0,10.0,9.100628632606398,0.1332915378625363,-0.020508402332291908,0.6470668729707475,0.09818130092429886,0.05522183765025883,0.5540231742408782
1779790134.1812496,10.0,10.0,8.99127852956231,0.13338547093645625,-0.02040236118582719,0.6467584334013506,0.09818130092429886,0.054551546458495456,0.5540231742408782
1779790134.191298,10.0,10.0,8.851347278538753,0.1334717606463697,-0.020300996832153348,0.6464248306592274,0.09818130092429886,0.05388148493666928,0.5540231742408782
1779790134.2012472,10.0,10.0,8.657487918293722,0.13356014162633453,-0.020197198750186728,0.6460613032297456,0.09818130092429886,0.053183698888928294,0.5540231742408782
1779790134.211223,10.0,10.0,8.46294393999142,0.13364829691844293,-0.020094026235713502,0.6456753305690863,0.09818130092429886,0.053183698888928294,0.5540231742408782
1779790134.2212288,10.0,10.0,8.30264282663818,0.13373413190430594,-0.019986379103501293,0.6452746737673416,0.09818130092429886,0.052513528702564566,0.5540231742408782
1779790134.2312555,10.0,10.0,8.161550368482631,0.13382286555217376,-0.019878333141083292,0.6448741447184433,0.09818130092429886,0.051833603129738545,0.5540231742408782
1779790134.2412279,10.0,10.0,8.037080183502955,0.1339035046440922,-0.019770738388153818,0.6444886209889877,0.09818130092429886,0.051151998615112854,0.5540231742408782
1779790134.251256,10.0,10.0,7.903565981401194,0.13397276441973668,-0.019659352777806553,0.6441035317268032,0.09818130092429886,0.050450921064619764,0.5540231742408782
1779790134.261263,10.0,10.0,7.769984966684923,0.13400806186370337,-0.019550606320323214,0.6437376342134098,0.09818130092429886,0.04978563149432276,0.5540231742408782
1779790134.2712402,10.0,10.0,7.634219158019848,0.13401495026628202,-0.019457251436529134,0.6434006529249803,0.09818130092429886,0.04911393136583006,0.5540231742408782
1779790134.2812104,10.0,10.0,7.495771707105277,0.13400606657270306,-0.01936660097919782,0.6431058499012746,0.09818130092429886,0.048442818922176306,0.5540231742408782
1779790134.291314,10.0,10.0,7.368585740486953,0.13399886571165753,-0.019280778881113108,0.6428534701279043,0.09818130092429886,0.04777623174271559,0.5540231742408782
1779790134.3012853,10.0,10.0,7.244929579603127,0.13398641290086533,-0.019191828034316547,0.642660841147999,0.09818130092429886,0.04710063950120245,0.5540231742408782
1779790134.3112352,10.0,10.0,7.131196678976462,0.13395996126006796,-0.019107878058134624,0.6425221957356445,0.09818130092429886,0.0464230664214339,0.5540231742408782
1779790134.3212478,10.0,10.0,7.006091607920519,0.13391355637515912,-0.019035835038040714,0.6424333050820957,0.09818130092429886,0.04574338162532085,0.5540231742408782
1779790134.3312473,10.0,10.0,6.887660879529935,0.13384689519320914,-0.018967338761640654,0.642393307651139,0.09818130092429886,0.04506585011477167,0.5540231742408782
1779790134.3412297,10.0,10.0,6.799549100271382,0.13376840633839043,-0.0189074285236847,0.6423833303713743,0.09818130092429886,0.0444005371617888,0.5540231742408782
1779790134.3512475,10.0,10.0,6.765079700170943,0.13368686335079275,-0.018853054536930574,0.642393344984287,0.09818130092429886,0.0437016220550783,0.5540231742408782
1779790134.3612337,10.0,10.0,6.781311233710432,0.1336083935610406,-0.01880207098402432,0.6424068854731503,0.09818130092429886,0.043026576448800126,0.5540231742408782
1779790134.3712575,10.0,10.0,6.833474213271317,0.13351275852528655,-0.01875564051724399,0.6424386612795562,0.09818130092429886,0.04234662093314583,0.5540231742408782
1779790134.381237,10.0,10.0,6.904561610297823,0.13340913938982055,-0.01871782729603131,0.6424847501431322,0.09818130092429886,0.04166855519317569,0.5540231742408782
1779790134.3912385,10.0,10.0,7.024754980120994,0.13330940486241102,-0.01868696184507822,0.6425455489211992,0.09818130092429886,0.040970620080812085,0.5540231742408782
1779790134.4012465,10.0,10.0,7.195470081236966,0.13322256586611148,-0.018655658639916625,0.6426148700921713,0.09818130092429886,0.0402860436268083,0.5540231742408782
1779790134.4112484,10.0,10.0,7.394924024104408,0.13314392551945295,-0.018628056540040183,0.6426947298861931,0.09818130092429886,0.039575305649538456,0.5540231742408782
1779790134.421362,10.0,10.0,7.588417172739436,0.13307088274908171,-0.018601364951566973,0.6427685508200391,0.09818130092429886,0.039575305649538456,0.5540231742408782
1779790134.4312468,10.0,10.0,7.795782318258999,0.1330111082583453,-0.01857798731028644,0.6428259740330962,0.09818130092429886,0.038882556427196624,0.5540231742408782
1779790134.4412823,10.0,10.0,8.018841785651034,0.13295942404964162,-0.018566392168222152,0.6428666686628531,0.09818130092429886,0.03819532681776573,0.5540231742408782
1779790134.451269,10.0,10.0,8.22807234963852,0.1329182995407033,-0.01855613502425062,0.6428913383292628,0.09818130092429886,0.037523799201533425,0.5540231742408782
1779790134.461279,10.0,10.0,8.411088181580649,0.13289102573761757,-0.018552176545727123,0.6429001861506407,0.09818130092429886,0.036858256448709575,0.5540231742408782
1779790134.4712453,10.0,10.0,8.585229504600793,0.13288175426415258,-0.018548433643954337,0.6429026350338682,0.09818130092429886,0.036177825874820074,0.5540231742408782
1779790134.4812481,10.0,10.0,8.748600500943438,0.1328907779128484,-0.018547821037653164,0.6429006404813811,0.09818130092429886,0.03550331586195277,0.5540231742408782
1779790134.4912665,10.0,10.0,8.878973371602823,0.13290530293135083,-0.018545305986499293,0.642892159192958,0.09818130092429886,0.034804825021087615,0.5540231742408782
1779790134.5012333,10.0,10.0,8.96766275739969,0.1329252061449118,-0.018542392776912428,0.6428742034217623,0.09818130092429886,0.034136115797929405,0.5540231742408782
1779790134.5112817,10.0,10.0,9.04524503670725,0.1329552770967828,-0.018533938604233063,0.6428341385020054,0.09818130092429886,0.033438618006744025,0.5540231742408782
1779790134.5212386,10.0,10.0,9.135794843149077,0.13299496135522892,-0.018519606557653594,0.6427722798469535,0.09818130092429886,0.03275933344427134,0.5540231742408782
1779790134.5312688,10.0,10.0,9.196578389374547,0.1330370511802091,-0.018505856464366515,0.6426853906560196,0.09818130092429886,0.03208247678401805,0.5540231742408782
1779790134.5412567,10.0,10.0,9.218174441243134,0.13308666577787995,-0.018485344591525565,0.6425779375577456,0.09818130092429886,0.03141493955303873,0.5540231742408782
1779790134.5512495,10.0,10.0,9.257189281350001,0.13315649798912882,-0.0184562556127588,0.6424431478259908,0.09818130092429886,0.030709740089684426,0.5540231742408782
1779790134.5612798,10.0,10.0,9.265550309552433,0.13322865699146144,-0.01842568584841201,0.642293346487047,0.09818130092429886,0.03002952301270749,0.5540231742408782
1779790134.5712936,10.0,10.0,9.186455113750778,0.13330079660919525,-0.0183917469120357,0.6421218765349052,0.09818130092429886,0.029349693114038025,0.5540231742408782
1779790134.581365,10.0,10.0,9.066797252261418,0.13338481931186263,-0.01835074999255864,0.6419188686934836,0.09818130092429886,0.028680704013119868,0.5540231742408782
1779790134.5912585,10.0,10.0,8.93877121119807,0.13346839377491176,-0.018309856413565317,0.6416972859909132,0.09818130092429886,0.027973499614353296,0.5540231742408782
1779790134.6012392,10.0,10.0,8.763397359000377,0.13355095020742175,-0.018271682145960515,0.6414622605536124,0.09818130092429886,0.02730630922654815,0.5540231742408782
1779790134.611285,10.0,10.0,8.555874301815926,0.13362904523340807,-0.018230765994521263,0.6412125066590978,0.09818130092429886,0.026606522790028286,0.5540231742408782
1779790134.6212668,10.0,10.0,8.349885921549415,0.13369741850866285,-0.01819209272227492,0.6409574761044928,0.09818130092429886,0.02591816152355169,0.5540231742408782
1779790134.6312487,10.0,10.0,8.147855117480207,0.13375997860631633,-0.01815521131623186,0.6406907689031401,0.09818130092429886,0.02591816152355169,0.5540231742408782
1779790134.641225,10.0,10.0,7.957143065954652,0.13381432398761706,-0.018117561597940847,0.6404187304750569,0.09818130092429886,0.025238260047882564,0.5540231742408782
1779790134.6512308,10.0,10.0,7.785611455104548,0.13386519093303872,-0.018084307624762947,0.6401567060661547,0.09818130092429886,0.02454911266849623,0.5540231742408782
1779790134.6612306,10.0,10.0,7.639193004235643,0.13390388241910303,-0.01805188523738108,0.6398953267487173,0.09818130092429886,0.023882336154231645,0.5540231742408782
1779790134.6712286,10.0,10.0,7.515663184141126,0.1339167558033454,-0.018026742967686037,0.6396465890640562,0.09818130092429886,0.023216946363144808,0.5540231742408782
1779790134.6812978,10.0,10.0,7.398238244009941,0.13391496485425552,-0.018006374883267198,0.6394089178919053,0.09818130092429886,0.0225347093468655,0.5540231742408782
1779790134.6912706,10.0,10.0,7.2889265490063195,0.13390241945038786,-0.017988239685128728,0.6391902307180051,0.09818130092429886,0.021855548387868524,0.5540231742408782
1779790134.7012439,10.0,10.0,7.1618030985495835,0.1338803382415305,-0.017979792770136515,0.6390037475103939,0.09818130092429886,0.02117387294576227,0.5540231742408782
1779790134.711234,10.0,10.0,7.035942431848579,0.13384143951570593,-0.01797629840115888,0.6388446379798677,0.09818130092429886,0.02050657187991059,0.5540231742408782
1779790134.7212377,10.0,10.0,6.927521698120237,0.13378315761251516,-0.01798198122747386,0.6387165309635542,0.09818130092429886,0.01982880810134806,0.5540231742408782
1779790134.7313275,10.0,10.0,6.829655172797915,0.13370886647858757,-0.017993470006791766,0.6386164961869033,0.09818130092429886,0.019146194948585278,0.5540231742408782
1779790134.7412255,10.0,10.0,6.762301874881485,0.1336208018800659,-0.018010587411847773,0.6385489261858951,0.09818130092429886,0.01846429691629966,0.5540231742408782
1779790134.7512753,10.0,10.0,6.728787793106948,0.13352796720660862,-0.018032697177374005,0.6385150229814401,0.09818130092429886,0.017788088411109175,0.5540231742408782
1779790134.761225,10.0,10.0,6.740567652293916,0.1334261156724194,-0.018063073792460776,0.638497887641015,0.09818130092429886,0.01710560217436933,0.5540231742408782
1779790134.7712462,10.0,10.0,6.805520456669777,0.13332214162737197,-0.018090831064523555,0.6384862001579706,0.09818130092429886,0.01642865308755479,0.5540231742408782
1779790134.7812462,10.0,10.0,6.924638374502238,0.13321174960970325,-0.018126014044747996,0.6384807869416338,0.09818130092429886,0.01574449180612955,0.5540231742408782
1779790134.7912357,10.0,10.0,7.058784227172603,0.1331078408314776,-0.01815508359119552,0.6384821961949981,0.09818130092429886,0.01505303233377094,0.5540231742408782
1779790134.801243,10.0,10.0,7.232258277221722,0.13301795292256186,-0.01818385661308774,0.6384981757585609,0.09818130092429886,0.014365664116974127,0.5540231742408782
1779790134.8112683,10.0,10.0,7.414497046408533,0.1329408017742241,-0.018213060420872982,0.6385215440074592,0.09818130092429886,0.013692221328862582,0.5540231742408782
1779790134.8212738,10.0,10.0,7.579638129931154,0.13286854092245923,-0.018236923960792094,0.6385539126578251,0.09818130092429886,0.013029823027677438,0.5540231742408782
1779790134.831293,10.0,10.0,7.735015677631871,0.1328034849346432,-0.01826187039093666,0.6385812046710605,0.09818130092429886,0.012348325229032177,0.5540231742408782
1779790134.8412888,10.0,10.0,7.895767682478492,0.1327443572473728,-0.018285687378240923,0.6386051985153602,0.09818130092429886,0.01165837549875994,0.5540231742408782
1779790134.8512063,10.0,10.0,8.054508585235281,0.13269336714306307,-0.01830849390792894,0.6386274186389991,0.09818130092429886,0.010980855744505554,0.5540231742408782
1779790134.8612518,10.0,10.0,8.20457512198623,0.1326518915808286,-0.018325725072836276,0.6386456760153663,0.09818130092429886,0.010980855744505554,0.5540231742408782
1779790134.8712533,10.0,10.0,8.349003527364586,0.13262530862134492,-0.0183375430351455,0.6386566357504935,0.09818130092429886,0.010305815334379775,0.5540231742408782
1779790134.8812563,10.0,10.0,8.496102921838625,0.13261724895073154,-0.01834518369979961,0.6386566710970076,0.09818130092429886,0.009627950035989418,0.5540231742408782
1779790134.8912656,10.0,10.0,8.641058768644278,0.13262409798744934,-0.01835540710136011,0.6386424798157244,0.09818130092429886,0.008950046351022973,0.5540231742408782
1779790134.9012594,10.0,10.0,8.75775847243491,0.1326439698098167,-0.01836253225667086,0.6386087944103038,0.09818130092429886,0.008264299788445487,0.5540231742408782
1779790134.911225,10.0,10.0,8.844140669536824,0.13266871431657415,-0.018366720755191943,0.6385520474061984,0.09818130092429886,0.007591430330801898,0.5540231742408782
1779790134.9212277,10.0,10.0,8.909700812501187,0.13270420790183748,-0.01837021833020589,0.6384630768388755,0.09818130092429886,0.006920093348411571,0.5540231742408782
1779790134.931288,10.0,10.0,8.954025293815121,0.13274551530186676,-0.018372513428661932,0.6383458465253075,0.09818130092429886,0.006218378035160463,0.5540231742408782
1779790134.941275,10.0,10.0,8.965137311505918,0.13279349975284246,-0.01837307690753975,0.6381942726439251,0.09818130092429886,0.0055427767003806225,0.5540231742408782
1779790134.951228,10.0,10.0,8.950097518710116,0.132852892191858,-0.018369257126061293,0.6380100529709961,0.09818130092429886,0.0048611396448504495,0.5540231742408782
1779790134.9612162,10.0,10.0,8.920952818364123,0.1329186176333083,-0.018366465042875257,0.6377905511765645,0.09818130092429886,0.004187998168627525,0.5540231742408782
1779790134.9712164,10.0,10.0,8.86089789321089,0.13299078773587586,-0.018365380474869124,0.6375328876527714,0.09818130092429886,0.0034905263582043367,0.5540231742408782
1779790134.9812636,10.0,10.0,8.766140218587218,0.13306196576109594,-0.01835887712663354,0.6372449442201364,0.09818130092429886,0.002795173473787287,0.5540231742408782
1779790134.9912431,10.0,10.0,8.627697967923433,0.13313806827766367,-0.018351568402392434,0.636934393613923,0.09818130092429886,0.002118442430518829,0.5540231742408782
1779790135.0012264,10.0,10.0,8.48745191759,0.13321573994019423,-0.01833957459596883,0.6366089150976761,0.09818130092429886,0.001440320052487315,0.5540231742408782
1779790135.0112798,10.0,10.0,8.327815826212369,0.13329052486337245,-0.0183211785205065,0.6362754716556328,0.09818130092429886,0.0007657072207539767,0.5540231742408782
1779790135.021261,10.0,10.0,8.164506634916181,0.13336001769574657,-0.01829793153915423,0.6359342187378378,0.09818130092429886,9.91753803165369e-05,0.5540231742408782
1779790135.0312865,10.0,10.0,8.000024182194668,0.13342946562588942,-0.018272653528576713,0.6355942588756225,0.09818130092429886,-0.0005922645415185838,0.5540231742408782
1779790135.041276,10.0,10.0,7.8466512346211355,0.13348240305988246,-0.018247028039425503,0.6352588168519389,0.09818130092429886,-0.001264614124112301,0.5540231742408782
1779790135.0512822,10.0,10.0,7.692003830451861,0.13351274796998286,-0.01822247698909181,0.6349325357684851,0.09818130092429886,-0.001976745969269493,0.5540231742408782
1779790135.061297,10.0,10.0,7.564883561399101,0.13352718428040666,-0.018197041054688147,0.6346154081672304,0.09818130092429886,-0.00264853456225724,0.5540231742408782
1779790135.0712745,10.0,10.0,7.457030396137045,0.13352461324460527,-0.018175547785453668,0.6343124481716841,0.09818130092429886,-0.0033178347178496933,0.5540231742408782
1779790135.081286,10.0,10.0,7.365464740936077,0.133504737630272,-0.01815565289173288,0.6340281858167577,0.09818130092429886,-0.0033178347178496933,0.5540231742408782
1779790135.0913236,10.0,10.0,7.283145733801142,0.13346662780241206,-0.01814108571814947,0.6337807878960514,0.09818130092429886,-0.003986094928486788,0.5540231742408782
1779790135.1012876,10.0,10.0,7.198864885120525,0.13341792761758256,-0.018135117453909555,0.633576282524038,0.09818130092429886,-0.0046576050726566225,0.5540231742408782
1779790135.1112683,10.0,10.0,7.112862757820075,0.13334950820924155,-0.018137642174885955,0.6334062830201924,0.09818130092429886,-0.005333110083760801,0.5540231742408782
1779790135.121266,10.0,10.0,7.026533128132716,0.133265830673058,-0.01815098554323942,0.633285560282227,0.09818130092429886,-0.006024287794754403,0.5540231742408782
1779790135.131324,10.0,10.0,6.953809986506783,0.1331644988990389,-0.018171254428751237,0.6332109405393507,0.09818130092429886,-0.006704517277545238,0.5540231742408782
1779790135.1412876,10.0,10.0,6.904656249550735,0.13305017053989338,-0.01819935957394889,0.6331672087630273,0.09818130092429886,-0.007370494688519106,0.5540231742408782
1779790135.1512775,10.0,10.0,6.908247874374204,0.132931135496157,-0.018231114707888633,0.6331474515053384,0.09818130092429886,-0.008039786984931177,0.5540231742408782
1779790135.1612227,10.0,10.0,6.943643516369822,0.13280890978357718,-0.018270915651083446,0.6331291653619082,0.09818130092429886,-0.008745151036413466,0.5540231742408782
1779790135.1712391,10.0,10.0,7.0038498871290376,0.13268089245905532,-0.018326375712184293,0.6331235821886246,0.09818130092429886,-0.009459789570451231,0.5540231742408782
1779790135.1812236,10.0,10.0,7.119020277978615,0.13255297965474655,-0.018375831854508,0.6331313434474765,0.09818130092429886,-0.010137883304692567,0.5540231742408782
1779790135.191258,10.0,10.0,7.289855048899743,0.13244659952926532,-0.018423938962824116,0.6331468732858707,0.09818130092429886,-0.010803509975377958,0.5540231742408782
1779790135.201236,10.0,10.0,7.489152142540889,0.13236034192382679,-0.018471551783343376,0.6331713181615752,0.09818130092429886,-0.011469822473231221,0.5540231742408782
1779790135.2112584,10.0,10.0,7.695185987229425,0.13228414915344378,-0.01851681639949634,0.633202515696508,0.09818130092429886,-0.01215805812272299,0.5540231742408782
1779790135.2212753,10.0,10.0,7.896134191391271,0.13221738646610615,-0.01856403111410458,0.63323213384025,0.09818130092429886,-0.012830342623507653,0.5540231742408782
1779790135.2313235,10.0,10.0,8.101972049278423,0.13215490902892355,-0.018613719772720628,0.6332600530400323,0.09818130092429886,-0.01353627409483449,0.5540231742408782
1779790135.241215,10.0,10.0,8.277171282239635,0.13210143410841296,-0.01866584861836758,0.6332813685782983,0.09818130092429886,-0.01423727876928982,0.5540231742408782
1779790135.251239,10.0,10.0,8.428005174611036,0.132058321793283,-0.01873315310446475,0.6332989360585637,0.09818130092429886,-0.01490303625311243,0.5540231742408782
1779790135.2612994,10.0,10.0,8.573330142548093,0.13202973272286375,-0.018802156336499735,0.6333117138473298,0.09818130092429886,-0.015618008639943401,0.5540231742408782
1779790135.2712414,10.0,10.0,8.698635814961209,0.13201293724281055,-0.01887219421771109,0.6333173468769152,0.09818130092429886,-0.016306781181884365,0.5540231742408782
1779790135.281253,10.0,10.0,8.810881283442674,0.1320144340709507,-0.018943707099084633,0.6333152787897786,0.09818130092429886,-0.016306781181884365,0.5540231742408782
1779790135.2912548,10.0,10.0,8.918118420513013,0.13203204392348364,-0.019017532281617747,0.6332998742089336,0.09818130092429886,-0.01697704567841463,0.5540231742408782
1779790135.301255,10.0,10.0,8.995157565803865,0.13206052378526242,-0.019091238828528808,0.6332714104732956,0.09818130092429886,-0.01768402618796374,0.5540231742408782
1779790135.3112319,10.0,10.0,9.029505637098051,0.13209562384727486,-0.019172176957736414,0.6332174829212203,0.09818130092429886,-0.018389112375195197,0.5540231742408782
1779790135.3212605,10.0,10.0,9.044638600544353,0.13213632345915877,-0.01925733873445613,0.6331398970463863,0.09818130092429886,-0.019058817311061526,0.5540231742408782
1779790135.3312836,10.0,10.0,9.046883141224397,0.13218582822202452,-0.019343794865640907,0.6330322321425884,0.09818130092429886,-0.019772886411745627,0.5540231742408782
1779790135.341217,10.0,10.0,9.047213740603768,0.13224296534261834,-0.019430555417926307,0.6329026169511172,0.09818130092429886,-0.020463560420713726,0.5540231742408782
1779790135.3512979,10.0,10.0,9.022544079353642,0.13230958746515642,-0.019521137888486206,0.632747280349065,0.09818130092429886,-0.021129000289719525,0.5540231742408782
1779790135.3612444,10.0,10.0,8.962741490244643,0.1323830828196065,-0.019613047330194037,0.6325642418374502,0.09818130092429886,-0.021805279722390443,0.5540231742408782
1779790135.3713098,10.0,10.0,8.862718811910023,0.13245934076820406,-0.019704840714302868,0.6323584858983002,0.09818130092429886,-0.022503169952987477,0.5540231742408782
1779790135.381224,10.0,10.0,8.724057031885211,0.13253215186352035,-0.01979783085503569,0.6321311041201464,0.09818130092429886,-0.023216072907164195,0.5540231742408782
1779790135.3913732,10.0,10.0,8.561833263868579,0.13260626928192876,-0.019891178384711442,0.6318917869118804,0.09818130092429886,-0.02390615669816895,0.5540231742408782
1779790135.4012334,10.0,10.0,8.391248325397324,0.1326769253244821,-0.01998269613048434,0.6316553619203529,0.09818130092429886,-0.024579589093975715,0.5540231742408782
1779790135.4112375,10.0,10.0,8.201982607060327,0.1327404033852168,-0.020076946504807562,0.6314202391952483,0.09818130092429886,-0.02527570470861651,0.5540231742408782
1779790135.421283,10.0,10.0,8.020765411226114,0.1327931580366706,-0.020168809754923578,0.6311977587498538,0.09818130092429886,-0.02594329143294761,0.5540231742408782
1779790135.4312634,10.0,10.0,7.830302922507895,0.13282935324447356,-0.02025806127769968,0.6309973083434556,0.09818130092429886,-0.026636040005770557,0.5540231742408782
1779790135.4413066,10.0,10.0,7.631148157914026,0.13284639797324416,-0.02035026834125305,0.6308071122231994,0.09818130092429886,-0.027308076585132658,0.5540231742408782
1779790135.4512537,10.0,10.0,7.451571876806119,0.13283756316532397,-0.020441331266233854,0.630631411921515,0.09818130092429886,-0.02800765998199654,0.5540231742408782
1779790135.4613166,10.0,10.0,7.299475140004446,0.1328095669316103,-0.02053328043012676,0.6304703033259618,0.09818130092429886,-0.02800765998199654,0.5540231742408782
1779790135.4712563,10.0,10.0,7.1701203659392085,0.13276706705072702,-0.020621336117463897,0.6303409725834512,0.09818130092429886,-0.028670973195719526,0.5540231742408782
1779790135.4812255,10.0,10.0,7.051982770876318,0.13270800161851884,-0.02071409704962135,0.6302373088148886,0.09818130092429886,-0.029368271909315118,0.5540231742408782
1779790135.4912255,10.0,10.0,6.946885862229733,0.13264324844263276,-0.020808628538632846,0.6301639927857476,0.09818130092429886,-0.03003406381764761,0.5540231742408782
1779790135.5012665,10.0,10.0,6.871478883426095,0.13256295113715671,-0.020901743285562827,0.6301155157802044,0.09818130092429886,-0.03073191559671664,0.5540231742408782
1779790135.5112326,10.0,10.0,6.825229073716893,0.13247049622653886,-0.02099764539432708,0.6300802960464447,0.09818130092429886,-0.03139774725561511,0.5540231742408782
1779790135.5212593,10.0,10.0,6.807651039567305,0.13237568871588873,-0.021092218899786446,0.6300494683234364,0.09818130092429886,-0.03208520919801127,0.5540231742408782
1779790135.531262,10.0,10.0,6.825911368791749,0.1322774157582723,-0.02118533954413509,0.6300244007176107,0.09818130092429886,-0.03278499043837863,0.5540231742408782
1779790135.54123,10.0,10.0,6.883467277427839,0.1321578943964365,-0.021278513758357823,0.6300109349866311,0.09818130092429886,-0.03346659365396624,0.5540231742408782
1779790135.551234,10.0,10.0,6.958277848552376,0.13203716351088218,-0.021381149222955257,0.6300027337545907,0.09818130092429886,-0.034132619843821085,0.5540231742408782
1779790135.561229,10.0,10.0,7.076759103579759,0.13193120908603226,-0.02149747119370065,0.6300034270320902,0.09818130092429886,-0.03481381113442533,0.5540231742408782
1779790135.5712478,10.0,10.0,7.237180563742656,0.1318427804901776,-0.02161628285085568,0.6300175511260899,0.09818130092429886,-0.035484352261120136,0.5540231742408782
1779790135.5813043,10.0,10.0,7.4119533751965285,0.1317633235490311,-0.021738645550374715,0.6300448193467023,0.09818130092429886,-0.03618224833738866,0.5540231742408782
1779790135.5913198,10.0,10.0,7.591845606757308,0.131693638588825,-0.021860211580328748,0.6300740981751218,0.09818130092429886,-0.03685746769001354,0.5540231742408782
1779790135.6012733,10.0,10.0,7.7828237259511095,0.13162688252216861,-0.021988920390358022,0.630100876183064,0.09818130092429886,-0.037559028092970535,0.5540231742408782
1779790135.6112435,10.0,10.0,7.9697375380651145,0.13156433982507168,-0.02212833418590905,0.6301265007017939,0.09818130092429886,-0.038259201123230675,0.5540231742408782
1779790135.6212635,10.0,10.0,8.133331372847739,0.13150661812879771,-0.022270400777891688,0.6301502042441354,0.09818130092429886,-0.03892484273285425,0.5540231742408782
1779790135.631318,10.0,10.0,8.270320444805412,0.13145628848481475,-0.022417910308322516,0.6301672519018117,0.09818130092429886,-0.039612476473039795,0.5540231742408782
1779790135.6412783,10.0,10.0,8.37839333107025,0.1314216091691686,-0.022581775911141407,0.6301797975927014,0.09818130092429886,-0.040293166659694735,0.5540231742408782
1779790135.6512992,10.0,10.0,8.480462061637672,0.13139751179908965,-0.022752355011285315,0.6301864647179704,0.09818130092429886,-0.0409881942000183,0.5540231742408782
1779790135.6612442,10.0,10.0,8.575934623539338,0.1313915683201632,-0.022931101649649607,0.6301842118349779,0.09818130092429886,-0.0409881942000183,0.5540231742408782
1779790135.6712363,10.0,10.0,8.644415008436212,0.13140022023458012,-0.023108585916615555,0.6301718026699348,0.09818130092429886,-0.04166515887529001,0.5540231742408782
1779790135.6812432,10.0,10.0,8.691363157478138,0.13142713061495281,-0.023286743370931857,0.6301440568728318,0.09818130092429886,-0.04234832970511166,0.5540231742408782
1779790135.6912377,10.0,10.0,8.73472467541977,0.13147232039918527,-0.0234719203960445,0.6300923364747134,0.09818130092429886,-0.04301805672462565,0.5540231742408782
1779790135.7013018,10.0,10.0,8.745523920753707,0.13152824631376478,-0.02366346918224599,0.6300196053333205,0.09818130092429886,-0.0436981053163603,0.5540231742408782
1779790135.711256,10.0,10.0,8.712284922788792,0.1315921211139251,-0.023857037172611072,0.629914281013601,0.09818130092429886,-0.04437535701410144,0.5540231742408782
1779790135.7212715,10.0,10.0,8.659876772242528,0.13166355046028796,-0.024054926579169033,0.6297740861084316,0.09818130092429886,-0.04506262364611841,0.5540231742408782
1779790135.731353,10.0,10.0,8.595183825269896,0.1317361840637072,-0.024253521997219845,0.6296026927297592,0.09818130092429886,-0.04575854791244621,0.5540231742408782
1779790135.7413077,10.0,10.0,8.496096815906903,0.13181165297286557,-0.024449679420627864,0.629413192166916,0.09818130092429886,-0.04645095944983257,0.5540231742408782
1779790135.7512786,10.0,10.0,8.362633120943684,0.13188592009618738,-0.024642715494462092,0.6292147723149033,0.09818130092429886,-0.047124112682350394,0.5540231742408782
1779790135.7612576,10.0,10.0,8.21231586711253,0.13196436305725553,-0.02484457061651535,0.6290089569039625,0.09818130092429886,-0.04782002720589241,0.5540231742408782
1779790135.771281,10.0,10.0,8.057970737899591,0.13204124764785716,-0.02505020150103374,0.6287949848843232,0.09818130092429886,-0.048494882762895805,0.5540231742408782
1779790135.781245,10.0,10.0,7.90616786495332,0.13210929626016246,-0.025256920263098163,0.6285874248990281,0.09818130092429886,-0.04919039120712607,0.5540231742408782
1779790135.7912567,10.0,10.0,7.741732007650063,0.13216114727894715,-0.0254623897615421,0.6283808584751732,0.09818130092429886,-0.04987002982243457,0.5540231742408782
1779790135.8012376,10.0,10.0,7.566202744225178,0.13219098535902873,-0.02567223926588779,0.6281822746238778,0.09818130092429886,-0.050578637182355286,0.5540231742408782
1779790135.8112357,10.0,10.0,7.383966145561115,0.13219682918738265,-0.025884428349390403,0.6279915651602328,0.09818130092429886,-0.051255886282020234,0.5540231742408782
1779790135.8212729,10.0,10.0,7.211525866700771,0.13218260372710727,-0.026096321794586437,0.6278248678230788,0.09818130092429886,-0.05192261265341405,0.5540231742408782
1779790135.8312607,10.0,10.0,7.051573986316125,0.13215342500578442,-0.026308970288899853,0.6276786449041887,0.09818130092429886,-0.05264941765359005,0.5540231742408782
1779790135.8412263,10.0,10.0,6.914805073015056,0.13210730405475674,-0.026531282971715878,0.627558641220745,0.09818130092429886,-0.053333140964317946,0.5540231742408782
1779790135.8512459,10.0,10.0,6.8045189978917,0.1320435310167523,-0.026760006529785867,0.6274618104206953,0.09818130092429886,-0.053333140964317946,0.5540231742408782
1779790135.8612463,10.0,10.0,6.727752434171929,0.13196670144648123,-0.026997779739671053,0.6273950891727822,0.09818130092429886,-0.05400010103266693,0.5540231742408782
1779790135.8712382,10.0,10.0,6.681866697788282,0.13187779267521782,-0.02723929664292086,0.6273359702970301,0.09818130092429886,-0.05471535323230583,0.5540231742408782
1779790135.881225,10.0,10.0,6.661190100586471,0.1317761141009565,-0.02747496555223855,0.6272881203432489,0.09818130092429886,-0.05541968584753225,0.5540231742408782
1779790135.8912606,10.0,10.0,6.650800963403318,0.13166175570036917,-0.02771284915283278,0.6272504912343172,0.09818130092429886,-0.05609952483946851,0.5540231742408782
1779790135.9013226,10.0,10.0,6.667619556943302,0.13153426336001472,-0.027957201288878932,0.6272224014135858,0.09818130092429886,-0.05677730297240204,0.5540231742408782
1779790135.9112682,10.0,10.0,6.735037834178782,0.13139322443388682,-0.028209624893057686,0.6272090842678771,0.09818130092429886,-0.05744604408694573,0.5540231742408782
1779790135.9212654,10.0,10.0,6.819059961553422,0.13124557182109414,-0.0284768039121244,0.6272133830638483,0.09818130092429886,-0.05814235104989963,0.5540231742408782
1779790135.9312763,10.0,10.0,6.922779502595649,0.13110664839668135,-0.028754651166610242,0.6272284971080515,0.09818130092429886,-0.05882110261703754,0.5540231742408782
1779790135.9412324,10.0,10.0,7.0479169428393735,0.13098681576045526,-0.029039509396706117,0.6272551028606019,0.09818130092429886,-0.05953256487300313,0.5540231742408782
1779790135.9512177,10.0,10.0,7.184668504098063,0.1308693571277811,-0.02933333618963196,0.6272882557312611,0.09818130092429886,-0.06021058962832101,0.5540231742408782
1779790135.96126,10.0,10.0,7.318734075130211,0.13074889856044458,-0.029627863861602613,0.6273205240546175,0.09818130092429886,-0.06089696479543792,0.5540231742408782
1779790135.9712527,10.0,10.0,7.4568040752140075,0.13063484536157874,-0.029934357638173332,0.6273527183376092,0.09818130092429886,-0.06157831612753676,0.5540231742408782
1779790135.9812276,10.0,10.0,7.617416146723767,0.13052580610393996,-0.030254189274980532,0.6273845962256012,0.09818130092429886,-0.06225636173241622,0.5540231742408782
1779790135.9912646,10.0,10.0,7.783811290098841,0.13042432092671694,-0.030583342869678988,0.6274135140520143,0.09818130092429886,-0.06295891778312931,0.5540231742408782
1779790136.0012329,10.0,10.0,7.933813481730746,0.13033758326391778,-0.03092365565778039,0.6274348150747774,0.09818130092429886,-0.06362882309562341,0.5540231742408782
1779790136.0112717,10.0,10.0,8.074846767016119,0.130259029587588,-0.031270780765190194,0.6274464072143524,0.09818130092429886,-0.06432144806497053,0.5540231742408782
1779790136.0212564,10.0,10.0,8.198872701460829,0.130198279379315,-0.03161997702070292,0.6274512919764103,0.09818130092429886,-0.06501285031470058,0.5540231742408782
1779790136.031257,10.0,10.0,8.31151721817968,0.1301516943989728,-0.031962694606484814,0.6274541290946158,0.09818130092429886,-0.06501285031470058,0.5540231742408782
1779790136.0412862,10.0,10.0,8.41264994013965,0.13012778037883213,-0.03230764719227484,0.6274481095985704,0.09818130092429886,-0.06569170671421376,0.5540231742408782
1779790136.0512218,10.0,10.0,8.499208598368599,0.13012463419654774,-0.03266620795286982,0.6274329292138562,0.09818130092429886,-0.06638504556995184,0.5540231742408782
1779790136.0612803,10.0,10.0,8.555792280870842,0.13013815819755917,-0.03301662704630418,0.6273977873087514,0.09818130092429886,-0.06705183572411652,0.5540231742408782
1779790136.0713058,10.0,10.0,8.60088729493763,0.1301752440638766,-0.03336960029940625,0.6273342548039657,0.09818130092429886,-0.06772450350609424,0.5540231742408782
1779790136.0812275,10.0,10.0,8.62371462044963,0.1302274284306118,-0.03372942035267887,0.6272476183090798,0.09818130092429886,-0.06840657593424555,0.5540231742408782
1779790136.0912433,10.0,10.0,8.62277418630534,0.13030190339256617,-0.03408840310257331,0.6271359811062269,0.09818130092429886,-0.0690722735324115,0.5540231742408782
1779790136.1012268,10.0,10.0,8.593422642383281,0.1303907077424586,-0.03444863576085758,0.6269971400757108,0.09818130092429886,-0.06976952593529859,0.5540231742408782
1779790136.1112387,10.0,10.0,8.501729910284183,0.1304869804442796,-0.03479730929375333,0.6268251882170428,0.09818130092429886,-0.07043507323475574,0.5540231742408782
1779790136.1212754,10.0,10.0,8.360020600898341,0.130585369489233,-0.03514118260768295,0.6266315761163277,0.09818130092429886,-0.07114405997875523,0.5540231742408782
1779790136.1313307,10.0,10.0,8.17552713180415,0.13068129896764757,-0.03549373540370829,0.6264240292704173,0.09818130092429886,-0.0718192682895562,0.5540231742408782
1779790136.1412702,10.0,10.0,7.9662935508444574,0.13078057851699676,-0.03584663189176208,0.6261983893093177,0.09818130092429886,-0.07249977044044537,0.5540231742408782
1779790136.1512835,10.0,10.0,7.771330697767801,0.1308762776269444,-0.036197804998711676,0.6259725758784067,0.09818130092429886,-0.07317537703632962,0.5540231742408782
1779790136.1612573,10.0,10.0,7.576291952226972,0.13096490192731,-0.03653756566624368,0.6257538989370787,0.09818130092429886,-0.07388295425903257,0.5540231742408782
1779790136.1712205,10.0,10.0,7.34727361550561,0.13103686193532024,-0.036870539160839544,0.6255484128270745,0.09818130092429886,-0.07457042204710011,0.5540231742408782
1779790136.181217,10.0,10.0,7.126681491084793,0.13108899560912726,-0.0372154641877833,0.6253467468347302,0.09818130092429886,-0.07524468089094956,0.5540231742408782
1779790136.191232,10.0,10.0,6.929426470036576,0.13111899357716505,-0.03757149191802181,0.6251584715970749,0.09818130092429886,-0.0759253717271236,0.5540231742408782
1779790136.201239,10.0,10.0,6.740751032634666,0.13112953506156094,-0.03792229327368551,0.6249898899350815,0.09818130092429886,-0.07661096143084989,0.5540231742408782
1779790136.211363,10.0,10.0,6.560072737664333,0.13111294561992773,-0.03826834720990868,0.624849018244559,0.09818130092429886,-0.07733237042159066,0.5540231742408782
1779790136.2212267,10.0,10.0,6.384406876182828,0.1310706615489463,-0.038615969079754224,0.6247270800590219,0.09818130092429886,-0.07801511958364317,0.5540231742408782
1779790136.2312589,10.0,10.0,6.234421920542561,0.1310184620274942,-0.03897575604756088,0.6246264009409294,0.09818130092429886,-0.07801511958364317,0.5540231742408782
1779790136.2412539,10.0,10.0,6.118425039722829,0.13095357625435988,-0.039329155419016125,0.6245376568309051,0.09818130092429886,-0.07869233023178022,0.5540231742408782
1779790136.2512732,10.0,10.0,6.013526669942804,0.13087162033295352,-0.03968301891020485,0.6244599439900911,0.09818130092429886,-0.07936598846536155,0.5540231742408782
1779790136.2612507,10.0,10.0,5.925850245891675,0.13077242515386672,-0.04004757318921645,0.6243955348624274,0.09818130092429886,-0.0800333200586088,0.5540231742408782
1779790136.2712638,10.0,10.0,5.884001596994372,0.13065604485636276,-0.04042454817930541,0.6243334109076745,0.09818130092429886,-0.08069591360522124,0.5540231742408782
1779790136.281237,10.0,10.0,5.898314575246777,0.1305203619975116,-0.040808965612878494,0.6242940326491201,0.09818130092429886,-0.08138592906682163,0.5540231742408782
1779790136.2912245,10.0,10.0,5.924480601003958,0.13036370274902012,-0.04119377916599501,0.6242720318521671,0.09818130092429886,-0.0820548934210638,0.5540231742408782
1779790136.301244,10.0,10.0,5.977684424514447,0.13020164810633278,-0.041578622719553406,0.624276420067685,0.09818130092429886,-0.0827359662393928,0.5540231742408782
1779790136.3112388,10.0,10.0,6.046248586223288,0.13002132758641588,-0.04196971016042999,0.6243067305894374,0.09818130092429886,-0.08341024333472775,0.5540231742408782
1779790136.3212485,10.0,10.0,6.136356334340566,0.12983918742933762,-0.04237126777213289,0.6243612264662536,0.09818130092429886,-0.08407775263638781,0.5540231742408782
1779790136.3312838,10.0,10.0,6.268045991572545,0.12966359543180514,-0.04277885248401213,0.6244364605583589,0.09818130092429886,-0.084782924040519,0.5540231742408782
1779790136.3412516,10.0,10.0,6.445504388143911,0.12950615402152965,-0.043184363506240685,0.6245318440025112,0.09818130092429886,-0.08549088720744312,0.5540231742408782
1779790136.3512304,10.0,10.0,6.614721771871506,0.12936259048562926,-0.043606121641946965,0.6246336917220672,0.09818130092429886,-0.08615716268271043,0.5540231742408782
1779790136.3612645,10.0,10.0,6.786677413346198,0.12922322752530943,-0.04401839626189688,0.6247303760080822,0.09818130092429886,-0.0868289161367174,0.5540231742408782
1779790136.3712013,10.0,10.0,6.986638867133045,0.12908368460626207,-0.044436130288493435,0.6248159145683784,0.09818130092429886,-0.08750207976154001,0.5540231742408782
1779790136.3812282,10.0,10.0,7.184701578412466,0.1289442504887778,-0.04486232760336141,0.6248823538941368,0.09818130092429886,-0.08818264114856685,0.5540231742408782
1779790136.3912446,10.0,10.0,7.367776496998786,0.12881212053618565,-0.04529096866687179,0.6249204641827134,0.09818130092429886,-0.08888932943949414,0.5540231742408782
1779790136.401227,10.0,10.0,7.550187737062999,0.12867970628518993,-0.04572949781008623,0.6249408124776736,0.09818130092429886,-0.08959848934527313,0.5540231742408782
1779790136.4112203,10.0,10.0,7.72895027485255,0.1285575223196757,-0.04617177279650337,0.6249426294187311,0.09818130092429886,-0.09028943926993487,0.5540231742408782
1779790136.4213092,10.0,10.0,7.920235906163971,0.1284465055155467,-0.046634690992593944,0.6249413723721056,0.09818130092429886,-0.09097225676139171,0.5540231742408782
1779790136.4312582,10.0,10.0,8.073158525123667,0.12835069453847536,-0.04711014365175727,0.6249377521983941,0.09818130092429886,-0.09164699326155268,0.5540231742408782
1779790136.4412541,10.0,10.0,8.211709837588907,0.12828278546598776,-0.04759404955722788,0.624923820135649,0.09818130092429886,-0.09164699326155268,0.5540231742408782
1779790136.4512143,10.0,10.0,8.362652211284173,0.12823970114932334,-0.04807717028589726,0.6248962245675247,0.09818130092429886,-0.09231991877269044,0.5540231742408782
1779790136.4612489,10.0,10.0,8.501920933653503,0.1282171492108419,-0.048568540940950526,0.6248493085574738,0.09818130092429886,-0.09301492091681912,0.5540231742408782
1779790136.4712706,10.0,10.0,8.60309787260707,0.12821004677642214,-0.04905171439248585,0.624783236660463,0.09818130092429886,-0.09368959493324712,0.5540231742408782
1779790136.4812255,10.0,10.0,8.685088370306351,0.12822652596349451,-0.04954716503434652,0.6246902316424863,0.09818130092429886,-0.09437874815830494,0.5540231742408782
1779790136.4912558,10.0,10.0,8.745839796661693,0.12825461694923887,-0.050035824722386726,0.6245697757037761,0.09818130092429886,-0.09504638957214032,0.5540231742408782
1779790136.501253,10.0,10.0,8.757860111362735,0.12829475840186927,-0.05052344377499545,0.624427517925359,0.09818130092429886,-0.09572149175152805,0.5540231742408782
1779790136.5112417,10.0,10.0,8.71260952069201,0.1283517439168249,-0.05099583493491588,0.6242602054419044,0.09818130092429886,-0.09639453696902735,0.5540231742408782
1779790136.521218,10.0,10.0,8.644716402736456,0.12842896312174173,-0.05147488000147211,0.6240673330320623,0.09818130092429886,-0.09706143325460526,0.5540231742408782
1779790136.5312297,10.0,10.0,8.54045840634568,0.12852056714276458,-0.0519472343083585,0.6238517057087554,0.09818130092429886,-0.09777852248898133,0.5540231742408782
1779790136.541273,10.0,10.0,8.385697087744852,0.1286203984433606,-0.05240861011079226,0.6236250169198386,0.09818130092429886,-0.09848034321917468,0.5540231742408782
1779790136.5512435,10.0,10.0,8.176744815004383,0.1287254441656681,-0.05287335557888389,0.6233980062973479,0.09818130092429886,-0.09914720111817663,0.5540231742408782
1779790136.5612295,10.0,10.0,7.943415438842076,0.1288294713427874,-0.05333650837446028,0.623168816640965,0.09818130092429886,-0.09983122833886934,0.5540231742408782
1779790136.5712206,10.0,10.0,7.704935780950234,0.12892603528648947,-0.05380670683561746,0.6229433657086836,0.09824970315554896,-0.10038618199672368,0.5540231742408782
1779790136.5812755,10.0,10.0,7.4477989521798715,0.1290069781655081,-0.0542634280773794,0.6227357405919554,0.09885323494304896,-0.10003773275674607,0.5540231742408782
1779790136.5912414,10.0,10.0,7.194726086100744,0.1290667486157352,-0.0547249783119765,0.6225315029013095,0.09943779253679894,-0.09970023827263767,0.5540231742408782
1779790136.6012473,10.0,10.0,6.953818542929642,0.12909982905628004,-0.05517665436442255,0.6223406826504291,0.10002955873679886,-0.09935858189777039,0.5540231742408782
1779790136.6112173,10.0,10.0,6.7251228300800445,0.1291132658997012,-0.05563240844527542,0.6221679973712394,0.10061024970554888,-0.09902331981064659,0.5540231742408782
1779790136.6212249,10.0,10.0,6.521966062621537,0.12910934950962732,-0.056075225960040956,0.6220218313757064,0.1012230532930489,-0.09866951749444308,0.5540231742408782
1779790136.6313372,10.0,10.0,6.343289486977852,0.12908228192388504,-0.056520166318037246,0.6218946393150124,0.10180581763679894,-0.09833305834370487,0.5540231742408782
1779790136.6412573,10.0,10.0,6.1933069022657765,0.12903229923812085,-0.056966667389907404,0.6217797845274723,0.10239837729929885,-0.09799094386304964,0.5540231742408782
1779790136.6513138,10.0,10.0,6.055077594495574,0.12896262319893148,-0.05741285050965832,0.6216691785543615,0.10239837729929885,-0.09799094386304964,0.5540231742408782
1779790136.6613712,10.0,10.0,5.923341378620471,0.12886059129541935,-0.05785932069508941,0.6215669561194568,0.10298301668054896,-0.09765340215890604,0.5540231742408782
1779790136.671275,10.0,10.0,5.797974885094143,0.1287317361617154,-0.058301213153317016,0.621478107554255,0.10359403764929889,-0.09730062903811776,0.5540231742408782
1779790136.6812289,10.0,10.0,5.680292723673428,0.12857329303139983,-0.05875431953947833,0.6214036930334806,0.104180031811799,-0.09696230515065478,0.5540231742408782
1779790136.6912973,10.0,10.0,5.600909196470323,0.12838833437673683,-0.0592022135840494,0.6213487585164938,0.10476514172429885,-0.09662449178516747,0.5540231742408782
1779790136.7012978,10.0,10.0,5.581706620527485,0.12818440397740735,-0.05964872707596629,0.6213148541515958,0.10534630721804891,-0.09628895573090715,0.5540231742408782
1779790136.7112417,10.0,10.0,5.599631403374739,0.12796602603966412,-0.060078421125839894,0.6213079366926059,0.10592572401179895,-0.09595442928906257,0.5540231742408782
1779790136.7212157,10.0,10.0,5.685478581985185,0.1277378588719919,-0.06051668489275931,0.6213298937236097,0.10650740683679896,-0.09561859455346583,0.5540231742408782
1779790136.7312436,10.0,10.0,5.802422798137761,0.1275018678233326,-0.06095323654407967,0.621381084642151,0.10710425809304897,-0.09527400232000373,0.5540231742408782
1779790136.7412784,10.0,10.0,5.94725239831538,0.12726170215323657,-0.06138653413263989,0.6214567236641318,0.10768724507429892,-0.09493741462944502,0.5540231742408782
1779790136.7512257,10.0,10.0,6.131311662028563,0.12704436750103262,-0.061808122179905,0.6215543755941839,0.10826942723054886,-0.09460129160481671,0.5540231742408782
1779790136.7612295,10.0,10.0,6.365442156550662,0.12685342481025652,-0.06223458051199449,0.6216700554556973,0.10886251221179893,-0.09425887383123967,0.5540231742408782
1779790136.7712708,10.0,10.0,6.600972329370976,0.1266775463317399,-0.06265643913903451,0.6217929295534136,0.10944762774929892,-0.09392105721815701,0.5540231742408782
1779790136.7812188,10.0,10.0,6.842456741780055,0.12650076421789194,-0.06308427105823435,0.6219121846836622,0.11006707794929887,-0.09356341747843748,0.5540231742408782
1779790136.791255,10.0,10.0,7.08236006819967,0.12632213800523093,-0.0635051539526945,0.6220178014401755,0.11068603168679889,-0.09320606437147591,0.5540231742408782
1779790136.8012257,10.0,10.0,7.313886532247761,0.1261393425354322,-0.06392988672483373,0.6221041408998165,0.11130749108054888,-0.09284726462320393,0.5540231742408782
1779790136.8112314,10.0,10.0,7.537017816936967,0.12595714900156457,-0.06434020610346855,0.6221621222010764,0.11189501754929893,-0.09250805605831508,0.5540231742408782
1779790136.8211977,10.0,10.0,7.773856430706322,0.1257824335421935,-0.0647525342896053,0.6221887272352781,0.11248031511179893,-0.09217013435304966,0.5540231742408782
1779790136.8312588,10.0,10.0,8.012209704799048,0.12561714309538502,-0.06514763435879872,0.6222002758875435,0.11309017913054886,-0.0918180291976553,0.5540231742408782
1779790136.841225,10.0,10.0,8.237745474675638,0.12547655508773095,-0.06554079862410817,0.6222025837564362,0.11309017913054886,-0.0918180291976553,0.5540231742408782
1779790136.8512433,10.0,10.0,8.473459984338534,0.12536112057197962,-0.06592628355612007,0.6222003903201148,0.11366977001804893,-0.09148340224273731,0.5540231742408782
1779790136.8612893,10.0,10.0,8.69045371499021,0.12527748574388278,-0.06630492884659626,0.6221962036740804,0.11425767071804896,-0.0911439776153355,0.5540231742408782
1779790136.8712919,10.0,10.0,8.878563522764372,0.12522307138293143,-0.06667841038275146,0.6221840682568777,0.11483847441179884,-0.09080865044640268,0.5540231742408782
1779790136.8812478,10.0,10.0,9.041308654216154,0.12518788938177683,-0.06703373442089888,0.6221547815583749,0.11543166306179889,-0.09046617281964493,0.5540231742408782
1779790136.8912187,10.0,10.0,9.165783920950076,0.1251656423829236,-0.06738487096044994,0.6221052524784667,0.11601125563679895,-0.09013154489044833,0.5540231742408782
1779790136.9012582,10.0,10.0,9.269107605184654,0.12516572693396638,-0.06772182839654423,0.6220337378561048,0.11659150200554896,-0.08979653949325422,0.5540231742408782
1779790136.911273,10.0,10.0,9.349149309126387,0.12519106892708284,-0.06804825874237844,0.6219449729520742,0.11719195331804894,-0.08944986876634708,0.5540231742408782
1779790136.9212475,10.0,10.0,9.401267596572314,0.12523614129972396,-0.0683536413902315,0.6218263548620356,0.11777563515554895,-0.08911287990034536,0.5540231742408782
1779790136.9312696,10.0,10.0,9.422328217210435,0.12529000119312686,-0.0686406399876169,0.6216829449039077,0.11835612435554899,-0.08877773430446366,0.5540231742408782
1779790136.941234,10.0,10.0,9.39222455418895,0.12536107610394903,-0.06890564967925929,0.6215186427878627,0.11893513929929889,-0.08844343987082486,0.5540231742408782
1779790136.9512398,10.0,10.0,9.30381866481151,0.12545148660672412,-0.06915727604370007,0.6213230670951468,0.11951265855554888,-0.08811000897276672,0.5540231742408782
1779790136.9612737,10.0,10.0,9.163527498048238,0.12554456772308753,-0.06939910660694813,0.6210945437618357,0.12010799944304892,-0.08776628875110896,0.5540231742408782
1779790136.9712763,10.0,10.0,8.9791150891358,0.12563665835681456,-0.06962254207779019,0.6208314486054782,0.12070018661804885,-0.08742438932621213,0.5540231742408782
1779790136.981222,10.0,10.0,8.764710924839399,0.12572039011783528,-0.06982380238359137,0.6205598999388796,0.12130116263054894,-0.08707741566361869,0.5540231742408782
1779790136.991291,10.0,10.0,8.506940029274942,0.12580390023571364,-0.07002016236917444,0.6202798573597794,0.12187789849304898,-0.08674443705815298,0.5540231742408782
1779790137.0012345,10.0,10.0,8.244294115229263,0.12588406179413258,-0.07020825709907749,0.6199982627070424,0.12246767867429892,-0.08640392731174563,0.5540231742408782
1779790137.0112424,10.0,10.0,7.980106249205982,0.12596073188024873,-0.07039016415248876,0.6197289054280587,0.12304853479304895,-0.08606856987522486,0.5540231742408782
1779790137.0212636,10.0,10.0,7.720364946096806,0.12602940591939926,-0.07056353952849267,0.6194657820717071,0.12368277300554889,-0.08570239227250767,0.5540231742408782
1779790137.031328,10.0,10.0,7.478559747405257,0.1260835475391314,-0.07072687108985914,0.6192125277544789,0.12427941068054887,-0.08535792335023776,0.5540231742408782
1779790137.0412507,10.0,10.0,7.252441544995719,0.1261090472448594,-0.07089261192637711,0.6189728984197441,0.12485667799304892,-0.08502463791197148,0.5540231742408782
1779790137.0512311,10.0,10.0,7.028288513848126,0.12611140756335193,-0.0710500288409377,0.6187538138226164,0.12485667799304892,-0.08502463791197148,0.5540231742408782
1779790137.0612435,10.0,10.0,6.828945910230638,0.12610830485212857,-0.07120187126551115,0.6185669483737251,0.1254713779367989,-0.08466974073397658,0.5540231742408782
1779790137.0712276,10.0,10.0,6.64838154520703,0.12609574285759753,-0.07134689404604605,0.618420206462175,0.12606330079304892,-0.08432799391358113,0.5540231742408782
1779790137.0812478,10.0,10.0,6.479196497967866,0.1260787737674104,-0.07148729909399612,0.6183152296876975,0.12665875328054885,-0.08398420925963343,0.5540231742408782
1779790137.0912983,10.0,10.0,6.3316297310250595,0.12605354575309782,-0.07162373621113839,0.6182513928939086,0.127277511999299,-0.0836269687467996,0.5540231742408782
1779790137.1012187,10.0,10.0,6.212206578361136,0.12601598623863994,-0.071748016554265,0.6182169707303564,0.12787959990554887,-0.08327935313205041,0.5540231742408782
1779790137.1112487,10.0,10.0,6.118545921251257,0.1259654082733141,-0.07186537079302938,0.6181984672888986,0.12845681428679895,-0.08294609825365556,0.5540231742408782
1779790137.121258,10.0,10.0,6.041013372053623,0.12589529148924153,-0.0719737641321921,0.6181951282048577,0.12906006257429892,-0.08259781269247927,0.5540231742408782
1779790137.1312852,10.0,10.0,5.99465376818869,0.12580655744743782,-0.07207726838256877,0.6182068681631058,0.12963805579304896,-0.08226410815204416,0.5540231742408782
1779790137.1412208,10.0,10.0,6.018601367032924,0.12571048502195656,-0.07217105969514176,0.6182374192332286,0.1302423985367989,-0.08191519070625734,0.5540231742408782
1779790137.151208,10.0,10.0,6.076198298094344,0.12560451964577524,-0.07225804889931196,0.6182956810443492,0.13082078393054894,-0.0815812597434804,0.5540231742408782
1779790137.1613126,10.0,10.0,6.149664922863835,0.12548975478893848,-0.07233641097276272,0.6183786259991333,0.1314002176555489,-0.08124672352637412,0.5540231742408782
1779790137.1712222,10.0,10.0,6.247681856678348,0.12537299547000708,-0.07241545943396659,0.6184817101417169,0.1319865189430489,-0.08090822232020978,0.5540231742408782
1779790137.1812944,10.0,10.0,6.387756826642732,0.12526270363698622,-0.07249341612980315,0.6186085650958946,0.1325697386305489,-0.08057150027663496,0.5540231742408782
1779790137.1913283,10.0,10.0,6.549462147067911,0.12515530529952848,-0.07257333845635892,0.618753938894198,0.13315551302429887,-0.08023330327271903,0.5540231742408782
1779790137.2012436,10.0,10.0,6.719721888152048,0.12503994863091103,-0.07265039458535985,0.6189038786765474,0.13374076491179898,-0.07989540793792711,0.5540231742408782
1779790137.2112653,10.0,10.0,6.897164274090132,0.12492593836679348,-0.07272402514782789,0.619053260471514,0.13434766624304884,-0.07954501329095845,0.5540231742408782
1779790137.2212794,10.0,10.0,7.109234834258282,0.1248172997492883,-0.07279394373898697,0.6191969319719568,0.1349256267805489,-0.07921132761905181,0.5540231742408782
1779790137.2312932,10.0,10.0,7.325938828673269,0.12471657225189754,-0.0728609840231239,0.6193350464992037,0.1349256267805489,-0.07921132761905181,0.5540231742408782
1779790137.241222,10.0,10.0,7.526403836536073,0.12462896035654601,-0.0729221779744525,0.6194633615970568,0.13558747125554896,-0.07882921153324886,0.5540231742408782
1779790137.2512558,10.0,10.0,7.728714260375186,0.12456440442516503,-0.07298022643607245,0.619582546588535,0.13621544091179896,-0.07846665308317001,0.5540231742408782
1779790137.2612336,10.0,10.0,7.930379000720056,0.12453526862244656,-0.07302649056720598,0.6196889435858985,0.13680308972429894,-0.07812737388308419,0.5540231742408782
1779790137.2712235,10.0,10.0,8.12468616267641,0.12453160822730161,-0.0730723454394893,0.6197782835147064,0.13738931659304898,-0.07778891564260516,0.5540231742408782
1779790137.2812283,10.0,10.0,8.303664309270186,0.12453932762792118,-0.07311039213411187,0.6198409431089573,0.13800553590554898,-0.07743314125665345,0.5540231742408782
1779790137.29125,10.0,10.0,8.455465987703631,0.12455673184877541,-0.07313700052610096,0.619876275798736,0.1385839529680489,-0.07709919200991523,0.5540231742408782
1779790137.3012211,10.0,10.0,8.582098059715277,0.12458017990816726,-0.07315594419400022,0.6198926242265763,0.13919160664304886,-0.07674836299707993,0.5540231742408782
1779790137.311223,10.0,10.0,8.678194782211502,0.12461868166843389,-0.07316666952493496,0.6198998759216171,0.13976911290554891,-0.07641493960096683,0.5540231742408782
1779790137.3212306,10.0,10.0,8.737269955823795,0.12467986937975711,-0.07316889208893389,0.6199021403630725,0.14035855665554892,-0.0760746240932322,0.5540231742408782
1779790137.3312676,10.0,10.0,8.746395708581327,0.12475063168022975,-0.07316279337369613,0.6198885192862535,0.14093614689929884,-0.07574115221052187,0.5540231742408782
1779790137.341266,10.0,10.0,8.71775218062192,0.1248227475000883,-0.07314565307257231,0.6198486619673733,0.14151301973054897,-0.07540809452611144,0.5540231742408782
1779790137.351269,10.0,10.0,8.678555157071536,0.12490428507038978,-0.07312218324813934,0.6197821451017983,0.14211551736179884,-0.0750602423565232,0.5540231742408782
1779790137.3612232,10.0,10.0,8.612961186054562,0.12498042674161358,-0.0730927697334211,0.6196931331581561,0.1427078414492989,-0.07471826388515754,0.5540231742408782
1779790137.3712008,10.0,10.0,8.48971960691961,0.12505884634316344,-0.07305438173377131,0.6195879549225666,0.14328827209304895,-0.07438315209674254,0.5540231742408782
1779790137.3812099,10.0,10.0,8.333794565619261,0.1251171973984404,-0.07301081959801366,0.6194652300658051,0.14387065832429896,-0.07404691124935801,0.5540231742408782
1779790137.3912709,10.0,10.0,8.142807800967496,0.12515992600990275,-0.0729693407051935,0.6193310262537393,0.14444933964929896,-0.07371280943059426,0.5540231742408782
1779790137.4013271,10.0,10.0,7.965970027313519,0.12519918055592358,-0.07292759201492775,0.6191955372550471,0.145057106555549,-0.07336191504366626,0.5540231742408782
1779790137.411302,10.0,10.0,7.780180458304866,0.12523368226709206,-0.07289100025952266,0.6190726039698208,0.14565181907429894,-0.07301855761087553,0.5540231742408782
1779790137.4212189,10.0,10.0,7.571702529422343,0.12526207458901734,-0.07285787335508828,0.6189638625562945,0.14622929158679898,-0.07268515370033403,0.5540231742408782
1779790137.43128,10.0,10.0,7.372558394718522,0.1252830572790865,-0.07283601486408248,0.6188813864599783,0.1468232235242989,-0.07234224693633813,0.5540231742408782
1779790137.4412575,10.0,10.0,7.180223962033336,0.12529751491812474,-0.07281920847868172,0.6188227053790465,0.1468232235242989,-0.07234224693633813,0.5540231742408782
1779790137.4512424,10.0,10.0,7.012678520902331,0.1253017410497671,-0.0728133375488639,0.6187962910925217,0.14740936196804888,-0.07200383974805669,0.5540231742408782
1779790137.4612372,10.0,10.0,6.874103306205679,0.1252973084829103,-0.07281317046693914,0.6187997771667765,0.14800184220554893,-0.0716617711234465,0.5540231742408782
1779790137.4712427,10.0,10.0,6.771574175241331,0.12529040479292688,-0.07281709270037086,0.6188195014864064,0.1485856390180489,-0.07132471587659762,0.5540231742408782
1779790137.4812276,10.0,10.0,6.7066343091822676,0.1252694621785485,-0.07282666610411466,0.6188478596456731,0.14916262794929894,-0.07099159116182095,0.5540231742408782
1779790137.4912558,10.0,10.0,6.666776703763305,0.12524235221566038,-0.072839730646328,0.6188887298098468,0.1497659562242989,-0.07064325941984004,0.5540231742408782
1779790137.5012572,10.0,10.0,6.641519342873821,0.12521253839439198,-0.07285763646773222,0.6189553227738779,0.15034229085554898,-0.07031051246534449,0.5540231742408782
1779790137.5112283,10.0,10.0,6.616309913324463,0.12517258452165475,-0.07288133543794773,0.6190410986999637,0.15093019268054889,-0.06997108718842371,0.5540231742408782
1779790137.5212138,10.0,10.0,6.609252659788914,0.12512282988237539,-0.07290744366306477,0.6191459210174187,0.15151415014304895,-0.06963393919025403,0.5540231742408782
1779790137.5312347,10.0,10.0,6.630493590917934,0.12506050274606054,-0.07293889870220269,0.6192815465049349,0.15211045864304892,-0.06928966031725897,0.5540231742408782
1779790137.5412436,10.0,10.0,6.66451084087566,0.12500041341499904,-0.07297936972357355,0.6194421366601538,0.15269559617429904,-0.06895183100607878,0.5540231742408782
1779790137.551275,10.0,10.0,6.720941086634538,0.12493929087662313,-0.07302425109084555,0.619637162673788,0.15328192789304892,-0.06861331223042409,0.5540231742408782
1779790137.5613043,10.0,10.0,6.814480026752288,0.12487879190793406,-0.07307122756448854,0.6198538912206721,0.1538874259555489,-0.06826372776104592,0.5540231742408782
1779790137.5712667,10.0,10.0,6.96527641479325,0.12481868305746997,-0.07312953379680848,0.6200807750171592,0.15447010744304893,-0.067927316447386,0.5540231742408782
1779790137.5812275,10.0,10.0,7.147470851616337,0.12476213025067319,-0.07318858672232235,0.6203157909856344,0.15506518631804897,-0.06758374749871568,0.5540231742408782
1779790137.5912406,10.0,10.0,7.336897604796635,0.12471038186789914,-0.07324569502164731,0.6205534165036598,0.15567562397429893,-0.06723131115355627,0.5540231742408782
1779790137.6012175,10.0,10.0,7.542494456556393,0.12466421884149706,-0.07330247656462151,0.6207763318506078,0.1562538606430489,-0.06689746605719814,0.5540231742408782
1779790137.611236,10.0,10.0,7.757050147058416,0.12463165546803007,-0.07335585409014077,0.6209872756597111,0.156843277336799,-0.06655716617039667,0.5540231742408782
1779790137.621248,10.0,10.0,7.9504614046563065,0.12462947383174854,-0.07339871974136322,0.6211907204711532,0.15742111108679888,-0.06622355369928737,0.5540231742408782
1779790137.6312742,10.0,10.0,8.115539379604858,0.12465147555707949,-0.0734348148054015,0.6213805840533403,0.15803137740554893,-0.06587121627587968,0.5540231742408782
1779790137.6412134,10.0,10.0,8.24586651122516,0.12468589672926442,-0.07346008224692784,0.6215399502603021,0.15861007228679894,-0.06553710663041132,0.5540231742408782
1779790137.651214,10.0,10.0,8.353996865999898,0.12473072999667127,-0.07347731147592376,0.6216677915541362,0.15921278012429899,-0.065189133098188,0.5540231742408782
1779790137.6612356,10.0,10.0,8.43497988814825,0.12478885203743213,-0.07348512510326202,0.6217688356102216,0.15921278012429899,-0.065189133098188,0.5540231742408782
1779790137.6712615,10.0,10.0,8.480971612887394,0.12485503848816043,-0.07348603676044128,0.6218340561463086,0.15979044360554898,-0.06485561893178729,0.5540231742408782
1779790137.6812587,10.0,10.0,8.506567739291496,0.12493307554722291,-0.07347900557140512,0.6218636444015311,0.160393032530549,-0.06450771405372782,0.5540231742408782
1779790137.691294,10.0,10.0,8.502444739685181,0.12501452635056112,-0.07346494857057445,0.6218782814875694,0.16097011838054895,-0.06417453338288483,0.5540231742408782
1779790137.7012446,10.0,10.0,8.470079990230417,0.1250987224328941,-0.07344796127118546,0.6218853259097422,0.16154893217429897,-0.06384035508325261,0.5540231742408782
1779790137.7112806,10.0,10.0,8.418128145728065,0.12518936409467235,-0.07342850741554206,0.6218833006700112,0.16213645751804892,-0.06350114716788285,0.5540231742408782
1779790137.721236,10.0,10.0,8.361204808934238,0.12528714941053345,-0.07340216977389265,0.6218663032038897,0.1627140303242989,-0.0631676853527178,0.5540231742408782
1779790137.7312415,10.0,10.0,8.257461388346194,0.12537171643418724,-0.07337259153913843,0.6218416617340118,0.16329519244304894,-0.06283215124701465,0.5540231742408782
1779790137.7412095,10.0,10.0,8.089270914381574,0.12542881692699764,-0.07334540877858638,0.6218200629837074,0.16387651971179892,-0.06249652179191459,0.5540231742408782
1779790137.7512078,10.0,10.0,7.907424140824092,0.125466639356461,-0.07332121432798977,0.6217976795585792,0.16445353114304892,-0.06216338408675691,0.5540231742408782
1779790137.7612352,10.0,10.0,7.708404191964834,0.12548169556870548,-0.07330381298678906,0.621784378796148,0.1650275354492989,-0.061831982546027474,0.5540231742408782
1779790137.7712636,10.0,10.0,7.51447205116802,0.12548983820102905,-0.07329010674698744,0.62178640305589,0.16564233174929896,-0.06147702973672567,0.5540231742408782
1779790137.7812283,10.0,10.0,7.350825436800386,0.1254921651231994,-0.07327718045887845,0.6217957517914482,0.16623511804304894,-0.061134784410457194,0.5540231742408782
1779790137.7912405,10.0,10.0,7.215335915698116,0.12548501447129046,-0.0732667644378481,0.6218105744739402,0.16681314900554886,-0.060801058078657905,0.5540231742408782
1779790137.8012462,10.0,10.0,7.1134294231527235,0.12547579186490906,-0.0732580778253842,0.6218245011138545,0.16738915901804893,-0.06046849854288507,0.5540231742408782
1779790137.81128,10.0,10.0,7.03173336440899,0.12546618466034307,-0.07325213554798046,0.6218482927030322,0.1679867299367989,-0.06012349081208491,0.5540231742408782
1779790137.8212354,10.0,10.0,6.9796279961747345,0.12545410808588142,-0.07325265275486367,0.6218953317976712,0.16856510351804896,-0.05978956666925802,0.5540231742408782
1779790137.8312707,10.0,10.0,6.939190944131479,0.12543956294416223,-0.07324845304899208,0.6219619952177683,0.1691750497742989,-0.059437414034020905,0.5540231742408782
1779790137.84123,10.0,10.0,6.910618755451903,0.1254205173006444,-0.07325096632556848,0.6220427802941865,0.16975116857429892,-0.059104791689755694,0.5540231742408782
1779790137.8512208,10.0,10.0,6.90023983247442,0.1253909048789864,-0.07325213240753324,0.6221364662686274,0.17034217736804888,-0.05876357260359069,0.5540231742408782
1779790137.8612401,10.0,10.0,6.88868760400633,0.12535052367266902,-0.0732508100657054,0.6222556068654903,0.17092039373054888,-0.05842973923105149,0.5540231742408782
1779790137.8712764,10.0,10.0,6.893801595880749,0.12530025629620684,-0.07325090086830817,0.6224021585585595,0.17150861224304895,-0.058090131114517246,0.5540231742408782
1779790137.8812442,10.0,10.0,6.922395096360072,0.12524428200253482,-0.07325575259814433,0.6225663806641992,0.17209032949304895,-0.05775427650363749,0.5540231742408782
1779790137.8912392,10.0,10.0,6.982132207577861,0.1251810186776722,-0.07327261995883373,0.622760072923908,0.17267950442429889,-0.05741411619848056,0.5540231742408782
1779790137.9012618,10.0,10.0,7.086511528115035,0.12512473398510326,-0.07328881353858566,0.6229630611545487,0.17326567836179893,-0.057075688517872966,0.5540231742408782
1779790137.9112542,10.0,10.0,7.232182286842841,0.12506934029930528,-0.07330785486626244,0.62317259034509,0.17326567836179893,-0.057075688517872966,0.5540231742408782
1779790137.9212432,10.0,10.0,7.3794535199430396,0.12501715509609024,-0.0733317275687022,0.6233976105407091,0.17385500994929895,-0.056735437767187896,0.5540231742408782
1779790137.931297,10.0,10.0,7.528468955419296,0.1249706796096284,-0.07335510680803985,0.6236194718293091,0.17443567616804892,-0.05640018996948328,0.5540231742408782
1779790137.941223,10.0,10.0,7.6756725742674785,0.12493204492189816,-0.07338110946307348,0.6238375975655368,0.17503062251804888,-0.0560566975341574,0.5540231742408782
1779790137.9512374,10.0,10.0,7.811148055220455,0.12492246384139875,-0.0734042984740392,0.6240626593949044,0.17563578358679896,-0.05570730762821149,0.5540231742408782
1779790137.961218,10.0,10.0,7.938714997165546,0.12494494369901554,-0.073426323873291,0.6242799312597698,0.1762128406930489,-0.055374143552580274,0.5540231742408782
1779790137.971213,10.0,10.0,8.053043453661632,0.12499648185201108,-0.07344479037526462,0.6244807292941461,0.17679112129304894,-0.05504027309250312,0.5540231742408782
1779790137.9812875,10.0,10.0,8.15719436817203,0.12505283213258353,-0.07346359795896329,0.6246630388895879,0.17737977495554894,-0.0547004137419993,0.5540231742408782
1779790137.9912891,10.0,10.0,8.229241837103267,0.12511227742120298,-0.0734787283510326,0.6248190350305702,0.17795665284929893,-0.05436735313475319,0.5540231742408782
1779790138.001221,10.0,10.0,8.280465098638077,0.12517351677641123,-0.07348732581996155,0.6249481868818604,0.17855371431179887,-0.054022639538656096,0.5540231742408782
1779790138.0111978,10.0,10.0,8.314035118217854,0.12524193205057693,-0.07349079763673898,0.625043725748497,0.17913183150554887,-0.05368886342122137,0.5540231742408782
1779790138.0212553,10.0,10.0,8.331631975723749,0.12532312125373024,-0.0734890963598222,0.6251149060158508,0.17970896753054896,-0.053355653781828556,0.5540231742408782
1779790138.0313027,10.0,10.0,8.335343033403266,0.12541928263644653,-0.07348076625383439,0.6251628220273803,0.1803031784680489,-0.05301258593710753,0.5540231742408782
1779790138.0412319,10.0,10.0,8.307054802771859,0.12551712679932403,-0.07346680674335669,0.6251964027834068,0.1808930341930489,-0.05267203257549575,0.5540231742408782
1779790138.051258,10.0,10.0,8.233609101847351,0.12560993990430777,-0.07345133509050293,0.6252308207737493,0.1814817880930489,-0.0523321153528443,0.5540231742408782
1779790138.0612128,10.0,10.0,8.122498272092335,0.1256988617510489,-0.0734295695899351,0.6252614222578954,0.18207692721179894,-0.0519885116224287,0.5540231742408782
1779790138.0712712,10.0,10.0,7.974742454463596,0.12576508907703127,-0.07340816728826717,0.6252799435975542,0.1826649879992989,-0.051648994568465736,0.5540231742408782
1779790138.0812185,10.0,10.0,7.781863367597625,0.12580709746475108,-0.07338531674927022,0.6252947395032107,0.18324156945554895,-0.05131610510949002,0.5540231742408782
1779790138.0912387,10.0,10.0,7.57178792624329,0.12583551822545216,-0.07336508673701615,0.6253028681939946,0.18382830414929893,-0.05097735367611055,0.5540231742408782
1779790138.1012566,10.0,10.0,7.3728531503003225,0.12585081517697289,-0.07333661709608595,0.6253128419704814,0.18440955981179888,-0.05064176556289823,0.5540231742408782
1779790138.1112425,10.0,10.0,7.207655652968651,0.12585573171488662,-0.07330932316380383,0.6253206449148742,0.18498732763679895,-0.050308191153605325,0.5540231742408782
1779790138.1212993,10.0,10.0,7.07760261303683,0.1258562852845831,-0.07328846682127452,0.6253338738487971,0.18559629609929892,-0.04995660304785297,0.5540231742408782
1779790138.1312683,10.0,10.0,6.9717555843569885,0.12585290189268145,-0.07326593041937213,0.6253561292198421,0.18619985888054888,-0.04960813591362547,0.5540231742408782
1779790138.1412177,10.0,10.0,6.886207697168826,0.12584573713194722,-0.07324489652229157,0.6253947303098899,0.18619985888054888,-0.04960813591362547,0.5540231742408782
1779790138.1512775,10.0,10.0,6.822597578182158,0.12583516387183163,-0.07323046446042135,0.625453639605883,0.1867834724867989,-0.04927118644095428,0.5540231742408782
1779790138.161249,10.0,10.0,6.786960805971559,0.12581484657505015,-0.07321958849064077,0.6255349060452043,0.18737420228054888,-0.04893012843551441,0.5540231742408782
1779790138.1712115,10.0,10.0,6.7559755226420055,0.1257848124314063,-0.07320901847948467,0.6256424578438398,0.1879595111492989,-0.04859220020258251,0.5540231742408782
1779790138.181257,10.0,10.0,6.73093249352401,0.12574456095188108,-0.07319814940040965,0.6257877185847162,0.18857434299929896,-0.04823722686847864,0.5540231742408782
1779790138.191347,10.0,10.0,6.722916959867011,0.12569708928578044,-0.07319406504955195,0.6259716702372883,0.18915132461804893,-0.04790410637557586,0.5540231742408782
1779790138.2013283,10.0,10.0,6.722120261305597,0.12564352863985762,-0.07319503311795866,0.6261906599694922,0.18974309363054895,-0.04756244837691089,0.5540231742408782
1779790138.211256,10.0,10.0,6.728782855678386,0.12557906985246173,-0.07320657856276261,0.6264559940581115,0.19032606311804898,-0.04722587078637341,0.5540231742408782
1779790138.2212806,10.0,10.0,6.770740147138749,0.12550496733285466,-0.07322189282397719,0.6267510362216774,0.1909344454555489,-0.046874621080047627,0.5540231742408782
1779790138.2313247,10.0,10.0,6.843457097440198,0.12542169127038394,-0.07324460554541644,0.6270875568836981,0.19151950468679893,-0.046536836975393556,0.5540231742408782
1779790138.2412531,10.0,10.0,6.949045887591106,0.12533573103979873,-0.07327555191990737,0.6274396142662806,0.19211772540554892,-0.046191454082388436,0.5540231742408782
1779790138.251278,10.0,10.0,7.087636068577619,0.12524454481007682,-0.07330910506363744,0.6278037563941178,0.19269757948679897,-0.04585667517248801,0.5540231742408782
1779790138.2612371,10.0,10.0,7.235122803806133,0.12515608985778945,-0.07334609883590462,0.6281682344144867,0.19329878258054892,-0.045509570404473836,0.5540231742408782
1779790138.2712238,10.0,10.0,7.398175683328586,0.12508148096253874,-0.07337969696408415,0.6285333900124446,0.1938771759617989,-0.04517563483011167,0.5540231742408782
1779790138.2812576,10.0,10.0,7.573070383644656,0.12504279362368917,-0.0734187164447831,0.6289031714466542,0.19447975470554899,-0.044827735830199625,0.5540231742408782
1779790138.2912536,10.0,10.0,7.74861306566802,0.12503961741458067,-0.07345678127387122,0.62927273329352,0.19507654509929892,-0.044483178735718304,0.5540231742408782
1779790138.3012245,10.0,10.0,7.920461234026806,0.12506084539513487,-0.07348924225195728,0.6296376464011505,0.19565994686804886,-0.04414635156748481,0.5540231742408782
1779790138.3112056,10.0,10.0,8.082009869435145,0.1251035604815063,-0.0735206226845736,0.6299836371276719,0.19624269878054887,-0.04380989959393215,0.5540231742408782
1779790138.3212824,10.0,10.0,8.232125051611526,0.12515002912842096,-0.0735484327234001,0.6303107075810118,0.19683179428679895,-0.0434697851448203,0.5540231742408782
1779790138.3312378,10.0,10.0,8.341816656086024,0.12520257183913513,-0.07357870450678866,0.6306106465574565,0.197414819574299,-0.043133175338137784,0.5540231742408782
1779790138.341213,10.0,10.0,8.425781932691487,0.12525190420004134,-0.07360435678895917,0.6308791197140419,0.19801865055554893,-0.04278455335856808,0.5540231742408782
1779790138.3512144,10.0,10.0,8.469874332745468,0.12531237445311558,-0.07362835512164517,0.6311260743382653,0.19801865055554893,-0.04278455335856808,0.5540231742408782
1779790138.3612177,10.0,10.0,8.509970221561147,0.12538357617925752,-0.07364503061676285,0.6313390718192032,0.19859856780554888,-0.042449737978172905,0.5540231742408782
1779790138.3712602,10.0,10.0,8.534670967858153,0.12546917264331175,-0.07365796334517542,0.6315158865310573,0.19920563141804895,-0.042099249638080774,0.5540231742408782
1779790138.3812668,10.0,10.0,8.545040978328707,0.12556270835549949,-0.07365963915775349,0.6316589881204346,0.19978304076179895,-0.04176588219803411,0.5540231742408782
1779790138.3912437,10.0,10.0,8.505715905534082,0.1256589504274442,-0.07365559206605142,0.6317691496175794,0.20038703408054895,-0.041417166492865046,0.5540231742408782
1779790138.401223,10.0,10.0,8.42566854490228,0.12576008153464777,-0.07364036961594898,0.6318492505844494,0.20096577008054897,-0.04108303310747532,0.5540231742408782
1779790138.4112327,10.0,10.0,8.309143520754734,0.1258563814919511,-0.0736211147550034,0.6318955063686669,0.20157443254304894,-0.04073162167090534,0.5540231742408782
1779790138.4212234,10.0,10.0,8.152748429302074,0.12593159469132212,-0.07359844550381807,0.6319206725426383,0.2021513859805489,-0.04039851744845484,0.5540231742408782
1779790138.4312963,10.0,10.0,7.967218922300747,0.12598703317359225,-0.07357773805465753,0.6319324303205085,0.20277298566179894,-0.040039636705156964,0.5540231742408782
1779790138.4412885,10.0,10.0,7.787429199151453,0.12602509489718508,-0.07355808925196372,0.6319449346274213,0.20336498631179886,-0.03969784497051908,0.5540231742408782
1779790138.4512527,10.0,10.0,7.627607468194247,0.12605226174150583,-0.0735361036277479,0.6319520928570104,0.2039426295430489,-0.039364342495461294,0.5540231742408782
1779790138.4612596,10.0,10.0,7.483594751897228,0.12606943163305387,-0.07351180463573218,0.6319599322645415,0.20451953280554894,-0.03903126724156052,0.5540231742408782
1779790138.4712949,10.0,10.0,7.349374545042652,0.12607586113961133,-0.07348833428866514,0.6319716912233634,0.20512413024929896,-0.03868220274466008,0.5540231742408782
1779790138.48127,10.0,10.0,7.229083141851668,0.12607860848096256,-0.07346405715740625,0.631991507470722,0.2057024909492989,-0.038348286038826424,0.5540231742408782
1779790138.4912307,10.0,10.0,7.150854420119144,0.12607597121074132,-0.07344557894551415,0.6320255046212213,0.20628969786179888,-0.03800926196982455,0.5540231742408782
1779790138.501268,10.0,10.0,7.098899977055394,0.12606506773153253,-0.07342291543005047,0.6320788133594367,0.20689393575554896,-0.03766040505921338,0.5540231742408782
1779790138.5112503,10.0,10.0,7.056150311671866,0.12604735038946405,-0.07340308664330275,0.6321494063712368,0.2074763794742989,-0.037324131021405284,0.5540231742408782
1779790138.521267,10.0,10.0,7.034707203480076,0.1260193104477368,-0.07338551583007535,0.6322493676253946,0.20806053864929894,-0.03698686656446944,0.5540231742408782
1779790138.5312388,10.0,10.0,7.020633008615753,0.12598513606853123,-0.07337662341832052,0.6323773598740767,0.20865612467429892,-0.0366430048126101,0.5540231742408782
1779790138.5411928,10.0,10.0,7.004267900733538,0.1259399365527513,-0.07336640187008507,0.6325430082935359,0.20923595963054895,-0.0363082369445336,0.5540231742408782
1779790138.551228,10.0,10.0,6.983774417258018,0.12588285449471062,-0.0733586413645581,0.6327500000307859,0.20982325676804894,-0.035969160784103685,0.5540231742408782
1779790138.5612426,10.0,10.0,6.978037636708999,0.12581818138665643,-0.07335528918441958,0.6329934914622136,0.2104024233055489,-0.03563477882777245,0.5540231742408782
1779790138.5712588,10.0,10.0,7.003525069703917,0.12574368807780512,-0.0733575114945815,0.6332717800581361,0.2104024233055489,-0.03563477882777245,0.5540231742408782
1779790138.5812373,10.0,10.0,7.0470893518628825,0.12566222379104067,-0.07336289409731034,0.6335818865652129,0.2109897333805489,-0.03529569519787342,0.5540231742408782
1779790138.5912428,10.0,10.0,7.12238829422782,0.12557430874545822,-0.07336869269246124,0.6339070060987877,0.21158155819304894,-0.034954004983063426,0.5540231742408782
1779790138.6012561,10.0,10.0,7.229946953683886,0.12548591461806796,-0.07337408295872147,0.6342383630777275,0.21215927016179895,-0.03462046282239154,0.5540231742408782
1779790138.6112666,10.0,10.0,7.359883544623304,0.12540260980524462,-0.07338724205601055,0.6345725155242481,0.21276068689304892,-0.03427323471070922,0.5540231742408782
1779790138.6212919,10.0,10.0,7.515115513477808,0.12534453555005062,-0.0734029082614109,0.6349116501724663,0.2133422497367989,-0.0339374692463195,0.5540231742408782
1779790138.6312432,10.0,10.0,7.698250508035741,0.1253222172523621,-0.07341601990873552,0.6352578669897923,0.21393247344929886,-0.03359670342702553,0.5540231742408782
1779790138.641207,10.0,10.0,7.876125897790509,0.12532949184524544,-0.0734279145838396,0.6355992784993109,0.21453106328054897,-0.03325110742681911,0.5540231742408782
1779790138.6512601,10.0,10.0,8.065513814218917,0.12535323479227126,-0.07343875093163703,0.6359255295636931,0.21511909358054895,-0.032911607974822475,0.5540231742408782
1779790138.6612117,10.0,10.0,8.218939591603364,0.12537765056804484,-0.07345191361333321,0.6362358605134887,0.21570085144304893,-0.03257572991630494,0.5540231742408782
1779790138.6712365,10.0,10.0,8.35784041569021,0.12540902802100864,-0.07346316454935564,0.6365282818052295,0.21632558790554898,-0.032215038151507946,0.5540231742408782
1779790138.6812592,10.0,10.0,8.458221334630384,0.1254452148561456,-0.0734801841902254,0.6368038457470152,0.21693129673679898,-0.03186533199473523,0.5540231742408782
1779790138.6912117,10.0,10.0,8.53578370451108,0.12549937019670526,-0.07349522826733054,0.6370521658130123,0.2175235503992989,-0.03152339418326234,0.5540231742408782
1779790138.7012274,10.0,10.0,8.608084055038633,0.12557246237268962,-0.07350376266614495,0.6372710414673045,0.21814095883679893,-0.03116693325567177,0.5540231742408782
1779790138.7113304,10.0,10.0,8.668024860296665,0.1256525656697544,-0.07350827559186675,0.6374615760304732,0.218722672149299,-0.030831080918108662,0.5540231742408782
1779790138.7212608,10.0,10.0,8.705547734708459,0.12574980851848383,-0.0735112392085489,0.637623140494283,0.2192984460242989,-0.030498657716385102,0.5540231742408782
1779790138.7313058,10.0,10.0,8.712986113362623,0.12585291917067015,-0.07350267623929621,0.6377418322157214,0.2199132209492989,-0.030143717247945324,0.5540231742408782
1779790138.7412295,10.0,10.0,8.702745582051891,0.12596677776010978,-0.07348827010622144,0.637825744151565,0.22050075309929898,-0.029804505402985237,0.5540231742408782
1779790138.751225,10.0,10.0,8.659484236892123,0.1260800753906239,-0.07346487172010337,0.6378798194940232,0.22108114256804887,-0.029469417386967643,0.5540231742408782
1779790138.7612379,10.0,10.0,8.562784686047397,0.12619854334968134,-0.07343475837692613,0.6379122990092361,0.22108114256804887,-0.029469417386967643,0.5540231742408782
1779790138.7712083,10.0,10.0,8.414793926904121,0.12630506672267924,-0.07339989252895827,0.6379339971439678,0.221664513905549,-0.02913260778822445,0.5540231742408782
1779790138.781255,10.0,10.0,8.219531756697917,0.12639455210681377,-0.07336454553923057,0.6379471116633839,0.222255316374299,-0.02879150782385375,0.5540231742408782
1779790138.7912247,10.0,10.0,7.989592645702718,0.12646881416575284,-0.07332774214296627,0.6379466610190844,0.22283237010554888,-0.02845834569677974,0.5540231742408782
1779790138.8012555,10.0,10.0,7.745653658247044,0.1265279336477634,-0.0732905854238885,0.6379430913390528,0.22343196428054893,-0.02811216983843893,0.5540231742408782
1779790138.8112063,10.0,10.0,7.513383253299321,0.1265736206907264,-0.0732502545536271,0.637935844735344,0.22401095948054892,-0.027777886803859425,0.5540231742408782
1779790138.8212178,10.0,10.0,7.319712827279679,0.12661472116789002,-0.07320689768754322,0.6379300562860175,0.22458820710554891,-0.02744461273217663,0.5540231742408782
1779790138.83125,10.0,10.0,7.16219375241649,0.12664872399792687,-0.07316327820540272,0.6379328215005465,0.22517285374304893,-0.02710706683863517,0.5540231742408782
1779790138.841243,10.0,10.0,7.025309029941179,0.12667384416465602,-0.07311643782442409,0.6379466519900364,0.22575716344304894,-0.026769715476050056,0.5540231742408782
1779790138.8512635,10.0,10.0,6.905744980059676,0.1266864396568476,-0.07307199474882234,0.6379733792696144,0.22634756918054896,-0.026428844564573332,0.5540231742408782
1779790138.8612168,10.0,10.0,6.791087197948181,0.1266887595349248,-0.07302773800272012,0.6380187598349455,0.22692979251179893,-0.026092697767547676,0.5540231742408782
1779790138.8712192,10.0,10.0,6.702891661128715,0.1266724683900798,-0.07299279365197534,0.6380911357852345,0.22752047831804892,-0.025751665158302753,0.5540231742408782
1779790138.8812084,10.0,10.0,6.629990344019402,0.1266447799573675,-0.07295564152323508,0.6381864328268037,0.22810396350554893,-0.02541478982823147,0.5540231742408782
1779790138.891226,10.0,10.0,6.573519380908218,0.12660622316251172,-0.07293156487434548,0.6383186218948235,0.22868348621804888,-0.025080202234168125,0.5540231742408782
1779790138.901284,10.0,10.0,6.520644437891717,0.12655517147103687,-0.07291589329521672,0.6384887127560984,0.229264477618049,-0.024744766692981174,0.5540231742408782
1779790138.9112377,10.0,10.0,6.47735623787955,0.12649672782600235,-0.0729072657856802,0.6386967976887113,0.2298508392055489,-0.02440623067259564,0.5540231742408782
1779790138.9212124,10.0,10.0,6.4630208203161486,0.1264249920502036,-0.07289664015461197,0.638941792108187,0.23042888366804895,-0.02407249654656769,0.5540231742408782
1779790138.9313276,10.0,10.0,6.471246424359695,0.12634386925392802,-0.07289096803403014,0.6392264670612082,0.23102206219304897,-0.02373002476548143,0.5540231742408782
1779790138.9412253,10.0,10.0,6.512175090301512,0.12625324587142592,-0.07288881821495699,0.6395418412489008,0.23161391968679887,-0.023388315682143,0.5540231742408782
1779790138.9512424,10.0,10.0,6.582095876138945,0.1261533521563174,-0.07288768125557037,0.6398941279989024,0.23222625713054898,-0.023034782494159002,0.5540231742408782
1779790138.9612129,10.0,10.0,6.694158929407914,0.1260444975038196,-0.07288747743570675,0.6402776999355112,0.23280754778054893,-0.02269917418090412,0.5540231742408782
1779790138.9712229,10.0,10.0,6.84561189953557,0.12593047026674195,-0.07289407821351125,0.6406822827435716,0.23339152886804884,-0.022362012542834386,0.5540231742408782
1779790138.9812155,10.0,10.0,7.041655288566969,0.12581491775297715,-0.07289691014274981,0.6410945819572409,0.233971273655549,-0.0220272967337099,0.5540231742408782
1779790138.9912324,10.0,10.0,7.265037509976756,0.12571124247955628,-0.07290390128135064,0.6414975875494504,0.2345516389367989,-0.021692222682351946,0.5540231742408782
1779790139.0012777,10.0,10.0,7.499800847783994,0.12562259643607968,-0.07290902511340241,0.6419087603262511,0.2345516389367989,-0.021692222682351946,0.5540231742408782
1779790139.0112026,10.0,10.0,7.721157254004316,0.1255622758464102,-0.07291436774776573,0.6423243634504587,0.235159942918049,-0.021341018215028085,0.5540231742408782
1779790139.0212138,10.0,10.0,7.923109561047216,0.12553767820069378,-0.0729198952843507,0.6427394903118363,0.23575282106804893,-0.02099871985552898,0.5540231742408782
1779790139.0312655,10.0,10.0,8.115367232147126,0.1255299521376029,-0.07292178192127269,0.6431549367414181,0.2363373837805489,-0.02066122241610891,0.5540231742408782
1779790139.0412152,10.0,10.0,8.290192982031572,0.12554621500452004,-0.07292307772253635,0.6435523224022888,0.236914933411799,-0.020327773981036298,0.5540231742408782
1779790139.0511909,10.0,10.0,8.43288007046632,0.125574854554623,-0.07292186186640325,0.6439337348746733,0.2375060064430489,-0.019986517807333428,0.5540231742408782
1779790139.0612266,10.0,10.0,8.54931597399488,0.12561908322371063,-0.07291366712913916,0.6442811006062923,0.238092987399299,-0.019647624194233264,0.5540231742408782
1779790139.0712378,10.0,10.0,8.657372079790619,0.12567124223620085,-0.0729070498491857,0.6445901327571196,0.23870987963054888,-0.019291461298460134,0.5540231742408782
1779790139.0812209,10.0,10.0,8.756840783652919,0.12574245590332678,-0.07289059555012858,0.6448473664604361,0.23931505926179894,-0.018942060675449846,0.5540231742408782
1779790139.0912445,10.0,10.0,8.840598240095035,0.1258223722589873,-0.07286698306093771,0.645059496102632,0.23989163846804892,-0.01860917251551226,0.5540231742408782
1779790139.10128,10.0,10.0,8.89745478018326,0.1259170719833173,-0.07283328083933334,0.6452234564030804,0.24047058411179897,-0.018274918092247024,0.5540231742408782
1779790139.1112564,10.0,10.0,8.934501117843727,0.1260222119537421,-0.07279158819500045,0.6453396075379769,0.24105772909304887,-0.01793592977926904,0.5540231742408782
1779790139.1212127,10.0,10.0,8.937551370969071,0.12613260642084181,-0.07274146336198975,0.64541459530585,0.24164924391179896,-0.017594418539434054,0.5540231742408782
1779790139.1312613,10.0,10.0,8.90274841735674,0.12624384583256051,-0.07268943271219393,0.645461632332179,0.24225521199929892,-0.017244562700995607,0.5540231742408782
1779790139.1412013,10.0,10.0,8.829138602581605,0.12635525674539652,-0.07263342111517146,0.6454953457371082,0.2428401286367989,-0.016906860922881493,0.5540231742408782
1779790139.1513014,10.0,10.0,8.715776761328044,0.12647126551426244,-0.07257503752981627,0.6455205894030516,0.24342508695554896,-0.016569135080086443,0.5540231742408782
1779790139.1612287,10.0,10.0,8.544795197568238,0.12658106860109805,-0.07251020225614173,0.6455328954363844,0.24400324864304898,-0.0162353332741732,0.5540231742408782
1779790139.1712341,10.0,10.0,8.349061816670947,0.12668274478509048,-0.07244986153865483,0.6455375026034579,0.24460576433054895,-0.015887470679804113,0.5540231742408782
1779790139.1812012,10.0,10.0,8.137501250686713,0.12676742114472497,-0.07238520995350237,0.645533970716767,0.24519352693679894,-0.015548125780866081,0.5540231742408782
1779790139.1912417,10.0,10.0,7.9355959852864775,0.12684325491302023,-0.07231491822248544,0.6455249158305286,0.245777773468049,-0.015210810888775763,0.5540231742408782
1779790139.2012358,10.0,10.0,7.735883204240791,0.12691494189640634,-0.07224609316597218,0.6455124855306422,0.24635633250554892,-0.014876779672733077,0.5540231742408782
1779790139.2112598,10.0,10.0,7.561397397870241,0.1269816209363696,-0.07217276357219564,0.6455000090954727,0.2469612455680489,-0.0145275329532624,0.5540231742408782
1779790139.221205,10.0,10.0,7.4053423838701224,0.12704066122336552,-0.0720942755312804,0.6454939448398166,0.2469612455680489,-0.0145275329532624,0.5540231742408782
1779790139.231332,10.0,10.0,7.254244012046675,0.12709784149526918,-0.07201552957043582,0.6454901563869697,0.24753933908054895,-0.01419377050820371,0.5540231742408782
1779790139.2413285,10.0,10.0,7.10844566587352,0.12713939225524165,-0.07192888999678695,0.6454927721761962,0.24812804342429892,-0.013853881896866557,0.5540231742408782
1779790139.2512345,10.0,10.0,6.964756538191757,0.12716869154961064,-0.07183891763006556,0.6455072236675654,0.24765330720554876,-0.013518296349254402,0.5540231742408782
1779790139.2612312,10.0,10.0,6.839266972817837,0.12718105237408842,-0.07174863898775619,0.6455370561843073,0.2470781746930488,-0.013186243438342854,0.5540231742408782
1779790139.2712505,10.0,10.0,6.723055485984162,0.1271755559266595,-0.0716612096307621,0.645582871292271,0.24646829604929885,-0.012834129839200816,0.5540231742408782
1779790139.2812216,10.0,10.0,6.615359554642638,0.1271494839743759,-0.07157343799304547,0.6456533229946767,0.24588054919304878,-0.01249479403352947,0.5540231742408782
1779790139.291193,10.0,10.0,6.532678727414586,0.12711040426470674,-0.07148913482875244,0.6457474385264035,0.24530260333679885,-0.012161116837846556,0.5540231742408782
1779790139.301212,10.0,10.0,6.477329433875544,0.12706097094836238,-0.07139994509112517,0.6458708128565835,0.24471695741804875,-0.011822994009006368,0.5540231742408782
1779790139.3112226,10.0,10.0,6.449751605909037,0.1270041190477782,-0.07131979448219027,0.6460292834291176,0.24412382968679888,-0.011480551553705427,0.5540231742408782
1779790139.3212743,10.0,10.0,6.45748940818224,0.1269383278195162,-0.07123896857486546,0.6462239609479498,0.2435465099492988,-0.011147235847851284,0.5540231742408782
1779790139.3312685,10.0,10.0,6.499478733783618,0.12686183636527165,-0.07116500840083624,0.6464633616626528,0.24295873547429883,-0.010807884096487254,0.5540231742408782
1779790139.3412383,10.0,10.0,6.545183149142404,0.12677279225584595,-0.07109518894689092,0.6467431265436124,0.24237314479304886,-0.01046979315903266,0.5540231742408782
1779790139.351196,10.0,10.0,6.618707660725583,0.12667193116019437,-0.07102976552854808,0.6470582141097512,0.2417863881617988,-0.010131029060031618,0.5540231742408782
1779790139.361312,10.0,10.0,6.726831558704487,0.1265641903348994,-0.07097513720905946,0.647401055648629,0.24121040970554877,-0.009798487743268261,0.5540231742408782
1779790139.3712163,10.0,10.0,6.869387203758281,0.12644712603684635,-0.07092137969940802,0.6477580137265402,0.24063003204929892,-0.00946340654720075,0.5540231742408782
1779790139.3812609,10.0,10.0,7.013253901282907,0.12633261330125548,-0.07087688477050942,0.6481298225238837,0.24003987707429883,-0.009122680413520845,0.5540231742408782
1779790139.3912365,10.0,10.0,7.182017876712439,0.1262188026173074,-0.07083504415680575,0.6485086474561099,0.23945011719929885,-0.008782182390932366,0.5540231742408782
1779790139.4012797,10.0,10.0,7.37453925345958,0.12611387256944742,-0.0707989853084611,0.6488827121547757,0.23886723951179875,-0.008445657801149559,0.5540231742408782
1779790139.4112003,10.0,10.0,7.587550786260395,0.12602343645466188,-0.07076924559858651,0.6492573536818675,0.2382667375180488,-0.008098957813409146,0.5540231742408782
1779790139.4212396,10.0,10.0,7.826184875217058,0.12596903186914643,-0.07073816747439671,0.6496165405107384,0.23768605836179876,-0.00776370254623538,0.5540231742408782
1779790139.4312432,10.0,10.0,8.084761984776149,0.12593704852242163,-0.07071169235823506,0.6499661361714761,0.2370713194930488,-0.007408782894881236,0.5540231742408782
1779790139.4412944,10.0,10.0,8.326324316976075,0.1259275829982641,-0.07068425702672923,0.6502826767954359,0.2370713194930488,-0.007408782894881236,0.5540231742408782
1779790139.4512513,10.0,10.0,8.545023198678274,0.12593438415071345,-0.07065912890779748,0.650571980910867,0.2364465379180488,-0.007048065084370262,0.5540231742408782
1779790139.4612613,10.0,10.0,8.726093176810192,0.12595434807336806,-0.070627086870833,0.6508259896671303,0.2358411818867989,-0.006698562616772598,0.5540231742408782
1779790139.4712098,10.0,10.0,8.870251893755198,0.12598698690006682,-0.07059145529511733,0.6510382872189329,0.2352628195555487,-0.006364644969136159,0.5540231742408782
1779790139.4812162,10.0,10.0,9.004135565153387,0.12604305171422472,-0.0705535748063288,0.6512059791336856,0.2346711846430489,-0.00602306439314239,0.5540231742408782
1779790139.4912126,10.0,10.0,9.131124148514669,0.12612758292444437,-0.07051796980901724,0.6513276550412455,0.23408194209929875,-0.005682865051890265,0.5540231742408782
1779790139.5012062,10.0,10.0,9.22213294329574,0.1262212876525454,-0.07046862245853694,0.651406526883456,0.23349580309304876,-0.0053444575388493145,0.5540231742408782
1779790139.511247,10.0,10.0,9.255759942740072,0.1263279550567214,-0.07041635472468254,0.6514523495638551,0.23291114796179888,-0.005006906741439101,0.5540231742408782
1779790139.521226,10.0,10.0,9.237965779176758,0.12643585216769251,-0.07036428328966207,0.651476652980361,0.23233459018679872,-0.004674030954839384,0.5540231742408782
1779790139.5312204,10.0,10.0,9.194628529460116,0.1265474200967106,-0.07030567818393853,0.6514822437880283,0.23174148945554893,-0.0043316040879957315,0.5540231742408782
1779790139.5412247,10.0,10.0,9.122026797123548,0.1266679644717971,-0.07023478919964533,0.651471092780902,0.2311603346492989,-0.003996074204166434,0.5540231742408782
1779790139.5512605,10.0,10.0,9.007359109700852,0.1267967895026598,-0.07015341871147766,0.6514438354334333,0.23055913324304886,-0.0036489704104308036,0.5540231742408782
1779790139.5612595,10.0,10.0,8.85157554051462,0.12693203974062509,-0.0700742706712246,0.6514009074915323,0.22994659791179892,-0.0032953229720454943,0.5540231742408782
1779790139.5712218,10.0,10.0,8.66072765936661,0.12705316142946854,-0.06999715307045255,0.6513456012206267,0.2293591999180489,-0.002956188582232481,0.5540231742408782
1779790139.5812433,10.0,10.0,8.455858266039524,0.1271702304030185,-0.06991766149627049,0.6512878444439852,0.22875276073679876,-0.0026060607576905773,0.5540231742408782
1779790139.5912268,10.0,10.0,8.257475370419032,0.12728546837959523,-0.06984370340901662,0.6512413988756496,0.22813164233054892,-0.0022474578786435793,0.5540231742408782
1779790139.6012354,10.0,10.0,8.052194893016987,0.12739535947992853,-0.06976619671299311,0.651207137448862,0.22755286746179873,-0.0019133020523704868,0.5540231742408782
1779790139.6112208,10.0,10.0,7.853431366724788,0.12750723506516456,-0.06967750422399559,0.6511780209809814,0.22695438411179877,-0.0015677675291425105,0.5540231742408782
1779790139.6212008,10.0,10.0,7.674776385922185,0.12760108042949253,-0.06958450986940079,0.6511544409803944,0.22637146592429877,-0.001231219556673829,0.5540231742408782
1779790139.6313052,10.0,10.0,7.507371420314434,0.12768533147027555,-0.06949175170003288,0.6511325728377405,0.22577757336179874,-0.0008883355258447381,0.5540231742408782
1779790139.6412623,10.0,10.0,7.321802965463965,0.12775056529539527,-0.06939421962601798,0.6511173737264374,0.22577757336179874,-0.0008883355258447381,0.5540231742408782
1779790139.6512358,10.0,10.0,7.140396369360116,0.12779359665462792,-0.06929198184964533,0.6511124484736281,0.22519170941804875,-0.000550086820212195,0.5540231742408782
1779790139.6612067,10.0,10.0,6.965381731482271,0.1278151108726633,-0.06919047119508065,0.6511118999075322,0.22459952618054893,-0.0002081896686320691,0.5540231742408782
1779790139.6712198,10.0,10.0,6.813289247004907,0.1278054815093177,-0.06908941312569483,0.6511164018337958,0.2240237499992989,0.00012423486460561885,0.5540231742408782
1779790139.6812036,10.0,10.0,6.6770897376083145,0.12776472285566445,-0.06898966585790806,0.6511362711125346,0.22343662251179888,0.0004632130775623737,0.5540231742408782
1779790139.6912053,10.0,10.0,6.549466192400557,0.1277099220996889,-0.06888213788668038,0.6511876277092712,0.22284768771179883,0.0008032347428775476,0.5540231742408782
1779790139.701233,10.0,10.0,6.477888446344185,0.12764985505443777,-0.06877095506839363,0.6512693647129246,0.22225045997429885,0.0011480443378906694,0.5540231742408782
1779790139.7112124,10.0,10.0,6.46205141775535,0.12757900974327877,-0.06865999530336606,0.6513846544626175,0.22167121676804888,0.0014824705589453306,0.5540231742408782
1779790139.7211914,10.0,10.0,6.459293023174216,0.12750026073481685,-0.0685551275161344,0.6515331819132673,0.22109272989929882,0.0018164601083408682,0.5540231742408782
1779790139.731281,10.0,10.0,6.485639765381097,0.12741658040123013,-0.06844255663011346,0.6517189015466086,0.22050806633054884,0.002154015777144037,0.5540231742408782
1779790139.741292,10.0,10.0,6.563478107848879,0.12732596312134015,-0.06832507231606896,0.6519384803149025,0.21992324323679882,0.002491663547748898,0.5540231742408782
1779790139.751261,10.0,10.0,6.66989779085195,0.12722476855221682,-0.06820787520446886,0.6521997886442878,0.21934186298054872,0.0028273235951964248,0.5540231742408782
1779790139.7612386,10.0,10.0,6.798894675840153,0.12712160225787852,-0.06809538374601398,0.6524817440153607,0.21873614852429882,0.0031770329995643703,0.5540231742408782
1779790139.7712197,10.0,10.0,6.971473710450997,0.1270142673454945,-0.0679839136586981,0.6527855335329262,0.2181179076992988,0.0035339745063021327,0.5540231742408782
1779790139.781262,10.0,10.0,7.154690403717043,0.12690853033926408,-0.06787034687264794,0.6530992866922262,0.2175338296930487,0.0038711921004383597,0.5540231742408782
1779790139.7913246,10.0,10.0,7.348202355189659,0.12681024228277657,-0.0677545146181228,0.653405207829454,0.21692263283054883,0.0042240667735305385,0.5540231742408782
1779790139.8012142,10.0,10.0,7.559614234466518,0.12671604140461004,-0.06764100983578707,0.653699056630544,0.2163106729367987,0.004577381982920408,0.5540231742408782
1779790139.811197,10.0,10.0,7.773462936531977,0.12662855177126334,-0.06753033157590724,0.6539788309210303,0.21572454073679873,0.004915785566371107,0.5540231742408782
1779790139.8212492,10.0,10.0,8.009361308830414,0.1265813474501511,-0.06741907426914043,0.6542434317390834,0.21514209308054885,0.005252061877495847,0.5540231742408782
1779790139.831256,10.0,10.0,8.245151804474249,0.12656248401218645,-0.06730110086580506,0.65450075388399,0.2145518688055488,0.005592828021549369,0.5540231742408782
1779790139.8412101,10.0,10.0,8.455857736983468,0.12655307023638365,-0.06719024816430379,0.654725357969891,0.2139618153055489,0.005933495568610595,0.5540231742408782
1779790139.8512385,10.0,10.0,8.658249754338609,0.12655041445246926,-0.06707770098435466,0.6549106339938777,0.2139618153055489,0.005933495568610595,0.5540231742408782
1779790139.8612142,10.0,10.0,8.843956984630058,0.12656294653267486,-0.06697053308279223,0.6550539155817019,0.21337304779304891,0.006273420650442578,0.5540231742408782
1779790139.8712769,10.0,10.0,9.002692703183635,0.12659791068523954,-0.06686104303224348,0.6551638275849863,0.21278198156804876,0.006614672894555319,0.5540231742408782
1779790139.881181,10.0,10.0,9.128712024252234,0.1266537357021503,-0.06675071518189783,0.6552372573327218,0.21218863907429888,0.006957239343043436,0.5540231742408782
1779790139.8912244,10.0,10.0,9.233857300870802,0.12672542825309457,-0.06664403131479864,0.6552828377216519,0.21160370781179874,0.007294949564905324,0.5540231742408782
1779790139.9012187,10.0,10.0,9.304331643803415,0.12679957673732895,-0.06654450023807124,0.655313255159795,0.2110245079742988,0.007629350747000501,0.5540231742408782
1779790139.9112504,10.0,10.0,9.352617365263734,0.1268825918274123,-0.06644435578599195,0.6553297369057294,0.21042253166804883,0.00797690192945971,0.5540231742408782
1779790139.9212174,10.0,10.0,9.366103448520438,0.12697959691659177,-0.06634375194159933,0.6553204040581078,0.20984462018054875,0.008310559282335645,0.5540231742408782
1779790139.931251,10.0,10.0,9.338599853658868,0.12708459559472107,-0.06624566753783458,0.6552911552940681,0.2092411633742988,0.008658965231868382,0.5540231742408782
1779790139.941223,10.0,10.0,9.280679474357195,0.1272045590881279,-0.06614153845313267,0.6552286431861819,0.20866234620554872,0.008993145480057805,0.5540231742408782
1779790139.9512382,10.0,10.0,9.207248420501555,0.12733240694110765,-0.06602207076315413,0.6551335368134161,0.20806209778679882,0.00933969906620371,0.5540231742408782
1779790139.9612446,10.0,10.0,9.090473735361147,0.1274614245550033,-0.065887051050439,0.655015630303358,0.20747621578679873,0.009677958196617107,0.5540231742408782
1779790139.9712257,10.0,10.0,8.93161009230457,0.12758548553141966,-0.06574846734648727,0.6548789419931069,0.2068813866055488,0.010021382984533615,0.5540231742408782
1779790139.9812317,10.0,10.0,8.740700118439218,0.12771122232778598,-0.06561295768845146,0.6547363809766636,0.20629406921804885,0.010360470836306446,0.5540231742408782
1779790139.9912715,10.0,10.0,8.525353801120099,0.1278389603609023,-0.06548170049987996,0.6545972149546915,0.2056172513305489,0.010751231825846903,0.5540231742408782
1779790140.0012043,10.0,10.0,8.308243447805673,0.12795912948652108,-0.06534752078430517,0.6544676846979972,0.20502876338054885,0.011090995502194287,0.5540231742408782
1779790140.0112243,10.0,10.0,8.081352247222473,0.12807469184280731,-0.06520191219507401,0.6543553265775462,0.2044343022430488,0.011434207799952733,0.5540231742408782
1779790140.0212183,10.0,10.0,7.85403591776745,0.12818300020847015,-0.06505031571768942,0.6542648402088468,0.20384854478054878,0.011772395028606912,0.5540231742408782
1779790140.0312638,10.0,10.0,7.6313840801171136,0.12827277794361258,-0.06489829366169705,0.6541920373772802,0.20384854478054878,0.011772395028606912,0.5540231742408782
1779790140.0411942,10.0,10.0,7.404644059588145,0.12833721393713396,-0.06474585004167996,0.6541440746952508,0.20327100128054884,0.012105839923800625,0.5540231742408782
1779790140.0512323,10.0,10.0,7.189661440300219,0.12837698375154616,-0.06458785818787557,0.6541177913577972,0.20266231176179875,0.012457266981303892,0.5540231742408782
1779790140.061183,10.0,10.0,7.008975672465199,0.12840481863298414,-0.06442959303844895,0.6541083525273474,0.20208561302429892,0.012790224152640738,0.5540231742408782
1779790140.0712032,10.0,10.0,6.842819404230456,0.12842053670848283,-0.06427068717317194,0.6541081479024131,0.20147263084304876,0.013144129579993948,0.5540231742408782
1779790140.0812302,10.0,10.0,6.675971343972797,0.1284203279371826,-0.064112804784201,0.6541260548160663,0.20089126189304882,0.013479783099774921,0.5540231742408782
1779790140.0912178,10.0,10.0,6.5200408489450385,0.1283947873529737,-0.06395177026286841,0.6541650693260104,0.20030215007429888,0.013819906966912975,0.5540231742408782
1779790140.101214,10.0,10.0,6.391536631346319,0.12834265778581183,-0.0637874982824789,0.6542267853410074,0.19972097383679885,0.014155449224080215,0.5540231742408782
1779790140.111209,10.0,10.0,6.29586070075579,0.12827648058931582,-0.06362929342062734,0.654316304381612,0.19911510834929882,0.014505245826381066,0.5540231742408782
1779790140.1211987,10.0,10.0,6.2702207733625075,0.12819207476580868,-0.06346977961187662,0.654435986746521,0.1985282705492988,0.014844056788181724,0.5540231742408782
1779790140.13121,10.0,10.0,6.292066529617376,0.12810045096198802,-0.06330314260583157,0.6545911871458995,0.19793893834304885,0.015184307896102258,0.5540231742408782
1779790140.141275,10.0,10.0,6.361117521483772,0.12801128735865488,-0.06313559106864268,0.6547886614515268,0.19736227515554874,0.015517244542637186,0.5540231742408782
1779790140.1512177,10.0,10.0,6.457629890889808,0.12791236620544882,-0.06297010622492635,0.6550243524919717,0.19677402334304886,0.015856871884935286,0.5540231742408782
1779790140.1612144,10.0,10.0,6.5887092675873005,0.12781089867536508,-0.0628074139744046,0.6552850326972739,0.19618798074929886,0.016195223734193423,0.5540231742408782
1779790140.1712458,10.0,10.0,6.765351758079387,0.12770805849502928,-0.06264393087413325,0.6555583640823079,0.1956074446930489,0.01653039638254364,0.5540231742408782
1779790140.1812127,10.0,10.0,6.967821988530559,0.12760154099127027,-0.062477926249173164,0.6558374671142412,0.1950128939492988,0.016873660414494653,0.5540231742408782
1779790140.1912663,10.0,10.0,7.182604463657052,0.12750108690798925,-0.062311859798935644,0.6561100408202734,0.1944330381242987,0.017208440331149613,0.5540231742408782
1779790140.201279,10.0,10.0,7.4208409633134576,0.12741078814839274,-0.06214500089376547,0.6563726865263525,0.19384356675554884,0.017548771784576943,0.5540231742408782
1779790140.2112422,10.0,10.0,7.657911930652204,0.12733272248779948,-0.061976632526073216,0.656619951102107,0.19326347091179888,0.01788369027612175,0.5540231742408782
1779790140.2212563,10.0,10.0,7.905608977519077,0.12728980129967754,-0.06180895464132008,0.6568487007421996,0.19268602433054874,0.018217079215249163,0.5540231742408782
1779790140.2312434,10.0,10.0,8.157673510776984,0.12727542712422557,-0.06164047140250638,0.6570409029964236,0.19207640550554891,0.018569042807965876,0.5540231742408782
1779790140.2412074,10.0,10.0,8.418639463135937,0.12727122016990053,-0.06148037778548594,0.6572008373189738,0.19148788149929882,0.018908827301398895,0.5540231742408782
1779790140.2512622,10.0,10.0,8.659527287723689,0.12728047948991242,-0.061324578905483776,0.6573110954654574,0.19090614225554883,0.019244694610376145,0.5540231742408782
1779790140.2612681,10.0,10.0,8.895473837557534,0.12729329570998654,-0.06116318081051201,0.6573743003483877,0.19090614225554883,0.019244694610376145,0.5540231742408782
1779790140.27121,10.0,10.0,9.094240815218862,0.12730441479878046,-0.06100360278203583,0.6574068713642172,0.19032086663054879,0.019582603650020056,0.5540231742408782
1779790140.2812645,10.0,10.0,9.243165408035166,0.12732979027426197,-0.0608470265517794,0.6574293914413443,0.18971253384929884,0.01993382474503158,0.5540231742408782
1779790140.2912593,10.0,10.0,9.368927821352877,0.1273755908982651,-0.06069600167281723,0.657439264117186,0.18911839277429884,0.020276852254619435,0.5540231742408782
1779790140.30121,10.0,10.0,9.486557134915405,0.12744450326580078,-0.0605499475326346,0.6574311970253468,0.18853464107429876,0.020613881455754372,0.5540231742408782
1779790140.3112147,10.0,10.0,9.576427665116968,0.12753496356399338,-0.06040135753888698,0.6574080895656561,0.18795796770554882,0.020946823980436638,0.5540231742408782
1779790140.3212008,10.0,10.0,9.633314820203193,0.12764865408596035,-0.060253897966410196,0.657351266289002,0.18735383066804875,0.02129562266166475,0.5540231742408782
1779790140.3312218,10.0,10.0,9.66516342801737,0.12777244180495367,-0.06010455429392863,0.657265145342964,0.18676009200554886,0.02163841783828733,0.5540231742408782
1779790140.3411918,10.0,10.0,9.641390718737453,0.12789369837962286,-0.05995568432136196,0.6571458818352881,0.18616833536804875,0.021980068692242775,0.5540231742408782
1779790140.351225,10.0,10.0,9.56080369601216,0.12802739431617902,-0.05979351905715069,0.6569928412607553,0.18556456069304886,0.02232865816338385,0.5540231742408782
1779790140.361255,10.0,10.0,9.452420721198244,0.12817144405954825,-0.05959842359823385,0.6568146203089015,0.18496627011179886,0.02267408139152214,0.5540231742408782
1779790140.3712072,10.0,10.0,9.302416038541288,0.12832956232741555,-0.05938882909970006,0.6566067648600806,0.1843802770742988,0.02301240462946605,0.5540231742408782
1779790140.381213,10.0,10.0,9.096499637561601,0.1284957077160575,-0.05917050097377117,0.6563888701285828,0.18379413188054874,0.023350815714861854,0.5540231742408782
1779790140.391215,10.0,10.0,8.85830906012413,0.12867467541071917,-0.05895118636627354,0.6561705673091639,0.1831678714930489,0.02371238731816771,0.5540231742408782
1779790140.4012084,10.0,10.0,8.608557297724165,0.12885724680104965,-0.05873411276074915,0.6559500942458991,0.1825785945805489,0.024052606502226806,0.5540231742408782
1779790140.4112437,10.0,10.0,8.353753676652063,0.12903059507740058,-0.05851180925233059,0.655737802183454,0.18200179836179878,0.024385619954389738,0.5540231742408782
1779790140.4212086,10.0,10.0,8.065675723101556,0.1291858435586859,-0.05828862736110089,0.655538547365107,0.18140701710554877,0.024729017072794617,0.5540231742408782
1779790140.4312553,10.0,10.0,7.787728538494361,0.1293208291711311,-0.058056435985980925,0.6553520319683535,0.18081501195554886,0.02507081140550871,0.5540231742408782
1779790140.441217,10.0,10.0,7.539794113975171,0.12943252976984487,-0.057819524771267415,0.6551793499386493,0.18021554068679893,0.025416916303892936,0.5540231742408782
1779790140.4512208,10.0,10.0,7.292155959623977,0.12951535353796312,-0.05758192353315721,0.6550336862368447,0.18021554068679893,0.025416916303892936,0.5540231742408782
1779790140.4612162,10.0,10.0,7.039231905463279,0.12958747918207678,-0.05734317961119842,0.6549158380391388,0.17963487784304885,0.025752162153040464,0.5540231742408782
1779790140.4712336,10.0,10.0,6.809516969285086,0.1296395968867795,-0.05710739627812136,0.6548327384728866,0.17902642333679883,0.026103453526013558,0.5540231742408782
1779790140.4812367,10.0,10.0,6.61076742544917,0.1296696911100947,-0.056876684454990604,0.6547848640373228,0.17843075333054884,0.02644736376447017,0.5540231742408782
1779790140.491227,10.0,10.0,6.4308442808399136,0.1296772619844497,-0.05664340117162947,0.6547659722317364,0.17785073409929883,0.026782238023767516,0.5540231742408782
1779790140.5012372,10.0,10.0,6.272036845489633,0.12967398847225173,-0.056411683628966106,0.6547595638720757,0.17727406860554876,0.027115176001816496,0.5540231742408782
1779790140.511254,10.0,10.0,6.136603468757359,0.1296508044731914,-0.056178558075236217,0.654772869293383,0.17668570862429886,0.027454865795371507,0.5540231742408782
1779790140.5211976,10.0,10.0,5.9905202865672855,0.12958007589486453,-0.05595365808165024,0.6548076645142895,0.1761035607805488,0.027790969009668764,0.5540231742408782
1779790140.5312192,10.0,10.0,5.851681637878341,0.12948235550371073,-0.05573278741936605,0.6548589046082464,0.17552719403054887,0.02812373450793318,0.5540231742408782
1779790140.5412104,10.0,10.0,5.805389865147051,0.12937191417391838,-0.05551438464347215,0.6549443907263908,0.17492638373054883,0.028470612496370097,0.5540231742408782
1779790140.5512185,10.0,10.0,5.8288324045483115,0.12925863175733435,-0.055302895565976284,0.6550625700140327,0.17434983776804888,0.028803481463019656,0.5540231742408782
1779790140.56121,10.0,10.0,5.90048101646606,0.1291451486754252,-0.055102476100393476,0.6552213860769303,0.1737603765242988,0.0291438070707756,0.5540231742408782
1779790140.5711992,10.0,10.0,6.022325958304729,0.1290372412282671,-0.0549079943562326,0.6554218599901276,0.17316678664304888,0.029486516348503494,0.5540231742408782
1779790140.5812583,10.0,10.0,6.178753132005392,0.12893049280593788,-0.05472011645722338,0.6556645120184894,0.17257244323679874,0.02982966067409308,0.5540231742408782
1779790140.5912063,10.0,10.0,6.371749429460052,0.12882344599721762,-0.054532003250736184,0.6559276426927545,0.1719822854492988,0.030170388431570522,0.5540231742408782
1779790140.6012475,10.0,10.0,6.599108528418666,0.1287149204726462,-0.054351649194183206,0.6561972610499591,0.1713898469492988,0.030512432959023818,0.5540231742408782
1779790140.6112385,10.0,10.0,6.8336486783302135,0.12860398321467176,-0.05417259411529744,0.6564777464552992,0.17080422358679878,0.030850542765006955,0.5540231742408782
1779790140.6212413,10.0,10.0,7.092679621163724,0.12850637068547258,-0.05399592716243685,0.6567443486271799,0.1702159334680489,0.031190192223428795,0.5540231742408782
1779790140.6312265,10.0,10.0,7.385347616617357,0.12841551588624492,-0.05382003180482956,0.6569933029454738,0.16963001141804887,0.03152847447672043,0.5540231742408782
1779790140.6412115,10.0,10.0,7.662421855357743,0.12833492865873103,-0.053654095061857046,0.6572181735058081,0.16902284751179872,0.031879020721436176,0.5540231742408782
1779790140.651246,10.0,10.0,7.9446170395313,0.12828567459492823,-0.053486212488907094,0.6574155106996519,0.16843880944304876,0.032216215257645966,0.5540231742408782
1779790140.6611874,10.0,10.0,8.241355927752,0.12827001599017798,-0.05330891444434667,0.6575801514438282,0.1678347378242989,0.03256497616934103,0.5540231742408782
1779790140.671177,10.0,10.0,8.543837153782766,0.12828504729710652,-0.05312682435633933,0.6577013721578493,0.1678347378242989,0.03256497616934103,0.5540231742408782
1779790140.681174,10.0,10.0,8.826370126804665,0.12830971834917188,-0.05294153325317274,0.6577822440283185,0.16724720848679878,0.032904186390503506,0.5540231742408782
1779790140.691251,10.0,10.0,9.07610106543097,0.12833274411291942,-0.05275759210833033,0.6578228068282388,0.16666402260554877,0.03324088891603079,0.5540231742408782
1779790140.701275,10.0,10.0,9.279369847609686,0.12835029098830572,-0.05257338601445972,0.6578494040292131,0.16607830457429887,0.03357905337904213,0.5540231742408782
1779790140.7112138,10.0,10.0,9.44785279810535,0.12837468628006818,-0.052395408363247985,0.6578523073160852,0.1654718867680489,0.03392916886272193,0.5540231742408782
1779790140.721212,10.0,10.0,9.60396876759066,0.12842529413455026,-0.05222098691987799,0.6578267221569538,0.1648947654242989,0.034262370025891095,0.5540231742408782
1779790140.73123,10.0,10.0,9.732248855417545,0.12849503456636915,-0.05205338665207832,0.657772102789848,0.1642793531305489,0.034617678479350246,0.5540231742408782
1779790140.7412467,10.0,10.0,9.818281938079796,0.12857656756271726,-0.05187998407343322,0.6576933270904215,0.16367646439304875,0.03496575645423735,0.5540231742408782
1779790140.7512112,10.0,10.0,9.869290078464656,0.12867738970537507,-0.05169339212720335,0.6575733924812083,0.16310009196179873,0.03529852523257302,0.5540231742408782
1779790140.7612092,10.0,10.0,9.901191519740324,0.1287861703966555,-0.05149933070153587,0.6574254178976033,0.16251053891804887,0.03563890384108356,0.5540231742408782
1779790140.7712717,10.0,10.0,9.85491110621165,0.12889363566994347,-0.05130008718089278,0.6572474798940401,0.1619205034180489,0.03597956099584001,0.5540231742408782
1779790140.78118,10.0,10.0,9.744500606455444,0.12900927221568007,-0.0510925203628973,0.6570348283368634,0.16132589569304887,0.036322857925931,0.5540231742408782
1779790140.7912016,10.0,10.0,9.624693981529456,0.1291446915326441,-0.050882504583100084,0.6567940525835245,0.16074466427429887,0.03665843204200776,0.5540231742408782
1779790140.801288,10.0,10.0,9.471700804042502,0.12928415114934744,-0.05067644216460836,0.656533848227624,0.16015587707429887,0.036998368490423185,0.5540231742408782
1779790140.8112605,10.0,10.0,9.24876761131913,0.1294270445167615,-0.050466127143909814,0.656266162167486,0.1595718142555488,0.03733557731605217,0.5540231742408782
1779790140.8211935,10.0,10.0,9.004565113067363,0.12957869465094823,-0.05024311153091385,0.6559921561958642,0.15899380185554882,0.03766929293078713,0.5540231742408782
1779790140.8312662,10.0,10.0,8.763523788246461,0.12972089275964274,-0.050009826012898974,0.655722307574327,0.15838214177429874,0.038022435043349394,0.5540231742408782
1779790140.8411932,10.0,10.0,8.521658047974032,0.12986460863876526,-0.04977118137667464,0.6554610217750098,0.15778874516804883,0.038365032733704,0.5540231742408782
1779790140.851268,10.0,10.0,8.283510209150032,0.12999494073298765,-0.049531236971779254,0.6552142155469564,0.15720820354304874,0.038700208597173574,0.5540231742408782
1779790140.8612316,10.0,10.0,8.050286643138822,0.13010418933436077,-0.04929083318986501,0.6549810177652089,0.15662487163679886,0.03903699543027385,0.5540231742408782
1779790140.8712544,10.0,10.0,7.835951313304525,0.13019436752640698,-0.04905004169544396,0.6547677786861595,0.15603082584929875,0.03937996792559798,0.5540231742408782
1779790140.8812122,10.0,10.0,7.632552143339767,0.1302683340272572,-0.04880886409633164,0.6545832623425021,0.15603082584929875,0.03937996792559798,0.5540231742408782
1779790140.8912637,10.0,10.0,7.418099236541141,0.13032858506469808,-0.048572653175988634,0.654439123352476,0.15545147835554882,0.039714454357068864,0.5540231742408782
1779790140.9012558,10.0,10.0,7.192038852823041,0.1303713990683231,-0.048334154926553526,0.654328295082355,0.15486909043679883,0.04005069617873193,0.5540231742408782
1779790140.9112885,10.0,10.0,7.005206257804189,0.13039304700295226,-0.048095472907319956,0.6542563286988319,0.15428154141179876,0.04038991776647785,0.5540231742408782
1779790140.9212348,10.0,10.0,6.822137827268504,0.1303867785124182,-0.047866395278204514,0.6542240737071273,0.15370110626804892,0.04072503215296894,0.5540231742408782
1779790140.9312387,10.0,10.0,6.65006260922441,0.13036093014126143,-0.04764288993498712,0.6542144000858304,0.15311313570554888,0.041064497115503897,0.5540231742408782
1779790140.9411843,10.0,10.0,6.525196408745847,0.13032580756687406,-0.047415282205757,0.654224132153996,0.1525321662992988,0.041399919958593316,0.5540231742408782
1779790140.951276,10.0,10.0,6.41166578572061,0.13025785498632012,-0.047183799220279043,0.6542501264110967,0.15194011603679877,0.04174174033702149,0.5540231742408782
1779790140.961267,10.0,10.0,6.315831581643476,0.13016685071297446,-0.046954364740037495,0.6542929394771255,0.15131489824304886,0.042102709998545165,0.5540231742408782
1779790140.9712908,10.0,10.0,6.307196351107353,0.13007659824991705,-0.04673357647939001,0.6543578069502534,0.15072161610554877,0.04244524160033622,0.5540231742408782
1779790140.9812052,10.0,10.0,6.354504354265098,0.12997246774327417,-0.046525022347663585,0.6544577570886299,0.1501295697805489,0.042787059705447654,0.5540231742408782
1779790140.991246,10.0,10.0,6.450250160155617,0.1298624923217716,-0.046315686352520966,0.6545905573251568,0.14955065625554884,0.04312129558494393,0.5540231742408782
1779790141.0012639,10.0,10.0,6.567884118586728,0.12974893626861195,-0.04610646834141122,0.6547673619478667,0.14897173598054883,0.04345553536155451,0.5540231742408782
1779790141.01121,10.0,10.0,6.713655474644288,0.12964624367068234,-0.0458962085001534,0.6549729669833864,0.1483777668055489,0.04379846362463107,0.5540231742408782
1779790141.0212696,10.0,10.0,6.902647169990476,0.12954876096059137,-0.04568701271458066,0.6551905296579489,0.14779772276804884,0.04413335220582357,0.5540231742408782
1779790141.0312202,10.0,10.0,7.121934757390317,0.12945113964368127,-0.04547804701924654,0.65540906649639,0.1471775274805488,0.04449142212201185,0.5540231742408782
1779790141.041213,10.0,10.0,7.358907806155089,0.12936243083753174,-0.04527749373636956,0.6556139189103874,0.14657212639304884,0.04484095060284765,0.5540231742408782
1779790141.0512006,10.0,10.0,7.604602744941425,0.12928407484016718,-0.0450798007969918,0.6558075518109415,0.14599518364304878,0.045174048654867176,0.5540231742408782
1779790141.0611825,10.0,10.0,7.863232621957369,0.12922000253523505,-0.04488028084891661,0.6559700640658465,0.1453859412430487,0.045525794918508944,0.5540231742408782
1779790141.071196,10.0,10.0,8.14108387013625,0.1291675173821441,-0.04467983396009702,0.6561120777818559,0.14479820456804887,0.04586512484603272,0.5540231742408782
1779790141.0812352,10.0,10.0,8.404967595704987,0.12914366013633566,-0.044482711167656896,0.6562208474299377,0.14420981522429877,0.046204831592035145,0.5540231742408782
1779790141.0912905,10.0,10.0,8.662452271559914,0.12914876404344586,-0.04428945381146564,0.656296725755207,0.14420981522429877,0.046204831592035145,0.5540231742408782
1779790141.1012132,10.0,10.0,8.907056590126885,0.1291733383980297,-0.044104091795054305,0.6563424605317063,0.14363120488679884,0.046538892426146644,0.5540231742408782
1779790141.1112044,10.0,10.0,9.128641566964486,0.12919681825442092,-0.04392658877539342,0.6563613388408496,0.14304784879304874,0.04687569322390667,0.5540231742408782
1779790141.121213,10.0,10.0,9.324775015779267,0.12922646860094558,-0.043756462448979516,0.6563559589310556,0.1424628876617987,0.04721342069049933,0.5540231742408782
1779790141.1312177,10.0,10.0,9.497792398878953,0.1292711754845111,-0.04359128339386323,0.6563202268003812,0.14187913196804872,0.04755045219742687,0.5540231742408782
1779790141.1412096,10.0,10.0,9.623123420483305,0.1293260350256497,-0.04342699546817983,0.6562569630816397,0.14129048117429877,0.047890309891657094,0.5540231742408782
1779790141.151218,10.0,10.0,9.703739999413338,0.1293982507050204,-0.043267064817339024,0.6561632953611961,0.14071077750554892,0.04822500196086004,0.5540231742408782
1779790141.161247,10.0,10.0,9.758687428724038,0.12949005050586,-0.043099488460526504,0.6560403079973687,0.1401043749430488,0.048575108643556755,0.5540231742408782
1779790141.1711993,10.0,10.0,9.8053816906428,0.1295987959734737,-0.04293448030553081,0.6558813076023032,0.13951476553679887,0.04891551979297189,0.5540231742408782
1779790141.181253,10.0,10.0,9.803383152737105,0.12971956617591865,-0.04276966791638876,0.6556931083378342,0.13892725594304883,0.049254718615074966,0.5540231742408782
1779790141.1911888,10.0,10.0,9.748986182782584,0.12985518339245908,-0.04259892421765227,0.6554776258670706,0.13834480997429888,0.04959099395192117,0.5540231742408782
1779790141.201245,10.0,10.0,9.648158803567156,0.13000833328668465,-0.04241979214657229,0.6552331715842115,0.13774308105554878,0.04993840230514071,0.5540231742408782
1779790141.211193,10.0,10.0,9.501372788136328,0.13017317972382586,-0.04222854147059612,0.6549652421027597,0.1371421749617988,0.050285335600124936,0.5540231742408782
1779790141.2212214,10.0,10.0,9.321522497078513,0.1303439322338957,-0.042024258851482844,0.6546777394976859,0.1365625693367989,0.05061997106374248,0.5540231742408782
1779790141.2312155,10.0,10.0,9.097968528992379,0.13052157328916594,-0.04180585418679115,0.6543754554290814,0.13598413939304888,0.05095392774747387,0.5540231742408782
1779790141.2412872,10.0,10.0,8.871712090258521,0.1306986558787047,-0.04157795990291068,0.6540699457647776,0.1353872035930489,0.051298568792292804,0.5540231742408782
1779790141.2512205,10.0,10.0,8.627053165110045,0.13086685696475914,-0.04133796193602593,0.6537700257479019,0.13480991653679875,0.05163186562961851,0.5540231742408782
1779790141.2612448,10.0,10.0,8.365651787318184,0.13101951188832073,-0.0410944601769007,0.6534860971159879,0.13420730168054887,0.05197978547909203,0.5540231742408782
1779790141.2712164,10.0,10.0,8.106279919732291,0.13113952488735553,-0.040845267146039164,0.6532241135335344,0.13363077821804875,0.05231264145536062,0.5540231742408782
1779790141.2812936,10.0,10.0,7.854657927007892,0.13124173011468512,-0.040596831543398215,0.6529803872504869,0.1330431598930489,0.05265190305348004,0.5540231742408782
1779790141.2912722,10.0,10.0,7.633995212910522,0.13132554862157894,-0.040349154702872585,0.6527674596363557,0.13244958688679875,0.05299460258842224,0.5540231742408782
1779790141.301239,10.0,10.0,7.437061915054027,0.1313972946499231,-0.040089003260606375,0.6525981603624876,0.13187216229929882,0.05332797882945205,0.5540231742408782
1779790141.3111982,10.0,10.0,7.223572645309569,0.13144392610732142,-0.039833686919372925,0.6524722476048079,0.13128506636804882,0.053666938823399374,0.5540231742408782
1779790141.321201,10.0,10.0,7.007706789858852,0.1314666754464944,-0.03957502226540187,0.6523856108579409,0.13128506636804882,0.053666938823399374,0.5540231742408782
1779790141.3312483,10.0,10.0,6.812740308188601,0.13145670322882014,-0.03931652518933537,0.6523346413581795,0.13069386429929883,0.05400826949693764,0.5540231742408782
1779790141.341279,10.0,10.0,6.630440498928205,0.1314200470895982,-0.03906768841098165,0.652309752129516,0.13009563289304873,0.054353658560373816,0.5540231742408782
1779790141.3512313,10.0,10.0,6.481880635665799,0.13135451142639643,-0.03880599113752664,0.6522935838331485,0.12950806693679884,0.054692889923381366,0.5540231742408782
1779790141.3611965,10.0,10.0,6.376147775828417,0.1312651527451029,-0.038538218992711246,0.6522877878979538,0.12891266625554873,0.05503664466697679,0.5540231742408782
1779790141.3711896,10.0,10.0,6.316560452732484,0.1311604943028449,-0.03826669419472774,0.6523042592413486,0.1283335786367989,0.055370981059546395,0.5540231742408782
1779790141.3811924,10.0,10.0,6.329109737278879,0.131047927230941,-0.037994372054156296,0.6523427614434097,0.12774177013679885,0.055712661856330115,0.5540231742408782
1779790141.391285,10.0,10.0,6.404643475079767,0.1309271176578233,-0.037727815273405574,0.6524111456262818,0.12716194142429885,0.056047426119575874,0.5540231742408782
1779790141.401208,10.0,10.0,6.507913565455176,0.13080608977209882,-0.03746449117165532,0.6525155168420236,0.12657927619304873,0.05638382804768556,0.5540231742408782
1779790141.4112144,10.0,10.0,6.629725237035795,0.13069313062102836,-0.03720259701454004,0.652650643703402,0.12598979019929885,0.056724167944860585,0.5540231742408782
1779790141.4212582,10.0,10.0,6.789280093401839,0.1305928395457858,-0.0369424707563938,0.6528037830988802,0.1254125093305488,0.05705746120983145,0.5540231742408782
1779790141.4312873,10.0,10.0,6.994822110936624,0.1304921717032694,-0.03669582901861648,0.6529610904548331,0.1248299563180488,0.05739379834841554,0.5540231742408782
1779790141.4412534,10.0,10.0,7.210333295060178,0.13039422623405736,-0.03645231048254935,0.6531154920798283,0.12424667964929886,0.057730553290130354,0.5540231742408782
1779790141.4512224,10.0,10.0,7.446230391209264,0.13030857206660015,-0.03620905964670198,0.6532513311500447,0.12366673764929886,0.05806538295994472,0.5540231742408782
1779790141.4612088,10.0,10.0,7.7121401186471426,0.13023680801871823,-0.035974893065351,0.6533648032488143,0.12307471050554872,0.05840718999075642,0.5540231742408782
1779790141.4712088,10.0,10.0,7.983926106529041,0.1301838919703192,-0.035745020647934375,0.6534539622414334,0.12248978036804889,0.058744899563099084,0.5540231742408782
1779790141.4812179,10.0,10.0,8.247656461563075,0.1301554518591054,-0.03552352430341846,0.6535127253492985,0.12188730242429877,0.05909274036610403,0.5540231742408782
1779790141.491203,10.0,10.0,8.514293725001908,0.13015427805142918,-0.03530571728341841,0.6535448306692179,0.12130552487429877,0.059428629791205,0.5540231742408782
1779790141.5012188,10.0,10.0,8.76499216104214,0.13016491307808403,-0.03509015762979973,0.6535651093105321,0.12072540759929884,0.05976356065608776,0.5540231742408782
1779790141.511196,10.0,10.0,9.00188841532299,0.13018166132292733,-0.03488270233144853,0.6535743134302919,0.1201337619992987,0.0601051474025127,0.5540231742408782
1779790141.5211985,10.0,10.0,9.216188460857184,0.13021220064615782,-0.034683170546070785,0.6535587405542699,0.11953949188679885,0.06044824941193584,0.5540231742408782
1779790141.5312235,10.0,10.0,9.425079129415957,0.13026182857349836,-0.03448385917795621,0.6535259594114161,0.11894775493679874,0.06078988889930785,0.5540231742408782
1779790141.5411937,10.0,10.0,9.586322315972485,0.13031545300542346,-0.034287780852423524,0.6534713442453234,0.11835922924304876,0.06112967436701941,0.5540231742408782
1779790141.551235,10.0,10.0,9.68065011628691,0.1303836232338717,-0.034096896773814916,0.6533841393603014,0.11777689830554874,0.06146588329054249,0.5540231742408782
1779790141.5612035,10.0,10.0,9.766333861309752,0.13046228236923463,-0.03390358089030294,0.6532719234623252,0.11777689830554874,0.06146588329054249,0.5540231742408782
1779790141.5712802,10.0,10.0,9.817100377932354,0.13055327206099981,-0.033712067773962025,0.6531332093564709,0.11719757449304874,0.06180035604963734,0.5540231742408782
1779790141.581228,10.0,10.0,9.826956322318331,0.1306537886724598,-0.0335195929927582,0.6529733097585829,0.11658613924304889,0.06215336835581678,0.5540231742408782
1779790141.5911908,10.0,10.0,9.790866602354667,0.13076356518421228,-0.033322063173144796,0.6527874941865343,0.11600874345554874,0.06248672796915894,0.5540231742408782
1779790141.6012273,10.0,10.0,9.704854781017076,0.13088509001318377,-0.03312226527423455,0.6525768034305126,0.11542793745554877,0.06282205646960587,0.5540231742408782
1779790141.6112266,10.0,10.0,9.605315878772569,0.131021521339266,-0.03291911222642898,0.652343098056508,0.11484740708054886,0.06315722583788483,0.5540231742408782
1779790141.6212027,10.0,10.0,9.43302810964779,0.1311620686540177,-0.03270550598731761,0.6520971936077526,0.11425870892429879,0.06349711087686724,0.5540231742408782
1779790141.6312437,10.0,10.0,9.198340941118682,0.1313107745881369,-0.03248633879672575,0.6518382639000166,0.1136448204992988,0.06385153952429337,0.5540231742408782
1779790141.6412315,10.0,10.0,8.983173866139198,0.13146946714533095,-0.0322603163194472,0.6515767516843688,0.11305945695554886,0.06418949932385119,0.5540231742408782
1779790141.6512012,10.0,10.0,8.768176782285927,0.1316246831999364,-0.03202208643858452,0.6513127261261246,0.11248125803054881,0.06452332262884514,0.5540231742408782
1779790141.661272,10.0,10.0,8.537896149351099,0.13177574603703243,-0.031784435016886235,0.6510489040390567,0.11190250121804876,0.06485746803033737,0.5540231742408782
1779790141.6712172,10.0,10.0,8.30953188618482,0.1319214852083759,-0.031541976273158946,0.6507929322684727,0.11129600899304881,0.0652076264797025,0.5540231742408782
1779790141.6811848,10.0,10.0,8.09813512712939,0.13204235737692918,-0.031291617703359954,0.6505372385013374,0.1106556899305488,0.06557731486280413,0.5540231742408782
1779790141.6912782,10.0,10.0,7.884122383345832,0.13213377284686365,-0.031044824160542252,0.6502871314043587,0.1100815627742987,0.06590878733101418,0.5540231742408782
1779790141.7012117,10.0,10.0,7.687900346796417,0.13220177660013974,-0.030789713143215283,0.6500524342361816,0.10950259232429876,0.0662430560761745,0.5540231742408782
1779790141.711239,10.0,10.0,7.490727185570102,0.13226130606696881,-0.030539704729556787,0.6498344669201204,0.10891167319304879,0.06658422339567098,0.5540231742408782
1779790141.7212892,10.0,10.0,7.308594770909679,0.13229853458441826,-0.030284815273370392,0.649645729650546,0.10832274564929872,0.06692424087158827,0.5540231742408782
1779790141.73129,10.0,10.0,7.138773568431035,0.13231583728094037,-0.03002355589493508,0.6494796136093909,0.10774490683679888,0.06725785626553327,0.5540231742408782
1779790141.74119,10.0,10.0,6.977626537871996,0.13230818189431995,-0.029767669767520204,0.6493435183885813,0.10715544789929882,0.06759818054177515,0.5540231742408782
1779790141.7511997,10.0,10.0,6.8177489482632785,0.1322731792297665,-0.029505885606636976,0.649234905677427,0.10657848821804877,0.06793128836905643,0.5540231742408782
1779790141.7612226,10.0,10.0,6.6909820119321335,0.13221530421360758,-0.0292427381067529,0.6491560529014906,0.10600209103679889,0.06826407143681118,0.5540231742408782
1779790141.7712512,10.0,10.0,6.588730160026742,0.13213806594182312,-0.028974733898260933,0.6491097667837823,0.10541305813679872,0.06860414974018783,0.5540231742408782
1779790141.781203,10.0,10.0,6.528439695882598,0.13204885217800755,-0.02870318282671771,0.6491004076715207,0.10541305813679872,0.06860414974018783,0.5540231742408782
1779790141.791219,10.0,10.0,6.528757388092689,0.13195352780629166,-0.028431672984108203,0.6491271276547442,0.10482889389929889,0.06894141711995931,0.5540231742408782
1779790141.8012264,10.0,10.0,6.5917076062550795,0.13186485271089707,-0.02816285919079059,0.6491682763953416,0.10425114806804875,0.06927497883115477,0.5540231742408782
1779790141.8112426,10.0,10.0,6.695098397909471,0.13177398705767612,-0.027899782747532974,0.6492235557275324,0.10366821013679886,0.06961153820268273,0.5540231742408782
1779790141.8212378,10.0,10.0,6.804564673787275,0.1316815961074067,-0.02763144509755658,0.6492894924062169,0.10308829288679872,0.06994635358307802,0.5540231742408782
1779790141.831234,10.0,10.0,6.956118829290801,0.13159915491881075,-0.027374710055053778,0.6493605487115809,0.10249828331804886,0.07028699576642021,0.5540231742408782
1779790141.841204,10.0,10.0,7.150157995913766,0.13151867403438106,-0.027125345898439217,0.6494290569502756,0.10191730097429891,0.07062242607897867,0.5540231742408782
1779790141.8511841,10.0,10.0,7.348627007139377,0.13144379469000855,-0.02688263561159541,0.6494895683835079,0.10133928351179886,0.07095614461654937,0.5540231742408782
1779790141.861212,10.0,10.0,7.554987060668277,0.13137588073106907,-0.026644729507460434,0.6495369913634291,0.10072448996804872,0.07131109583452955,0.5540231742408782
1779790141.8712165,10.0,10.0,7.770810060892256,0.13132444483238193,-0.026416602730296123,0.6495706802223407,0.10014749203679871,0.07164422574545859,0.5540231742408782
1779790141.8812141,10.0,10.0,7.987409885325281,0.13128562999911225,-0.026194121466088318,0.6495968593082276,0.09953228432429889,0.07199941608387792,0.5540231742408782
1779790141.8912432,10.0,10.0,8.195025110678317,0.1312661791276671,-0.025974100012969226,0.6496223237485064,0.09893177946179874,0.07234611772789204,0.5540231742408782
1779790141.901259,10.0,10.0,8.387760346596856,0.13126516447326791,-0.025752656625470643,0.6496435508769328,0.09835332803054878,0.07268008681743734,0.5540231742408782
1779790141.911287,10.0,10.0,8.576236397678686,0.13128208375493594,-0.02554122167266614,0.6496575116817155,0.09818130092429886,0.07228736210446834,0.5540231742408782
1779790141.9211988,10.0,10.0,8.763041563689475,0.13131058886889863,-0.02533541772091365,0.6496410550273899,0.09818130092429886,0.07162023218688707,0.5540231742408782
1779790141.9312434,10.0,10.0,8.950382288886775,0.13134284202343788,-0.02513041494507858,0.6495985877836885,0.09818130092429886,0.07091891704232452,0.5540231742408782
1779790141.941168,10.0,10.0,9.095078312431664,0.1313740513706643,-0.024927784600372472,0.6495383954754906,0.09818130092429886,0.07024986617214429,0.5540231742408782
1779790141.9512746,10.0,10.0,9.186592815379445,0.1314269519054875,-0.024729362924143312,0.6494437949679107,0.09818130092429886,0.06957269910673569,0.5540231742408782
1779790141.9612179,10.0,10.0,9.274631720755345,0.13149126026875008,-0.024539074770676496,0.6493243910158443,0.09818130092429886,0.06889395202127928,0.5540231742408782
1779790141.9712381,10.0,10.0,9.325191461731551,0.1315683110430695,-0.024349877076490497,0.6491742566040974,0.09818130092429886,0.06821764979048955,0.5540231742408782
1779790141.9811983,10.0,10.0,9.342996091693404,0.13166159740771366,-0.024158451147221968,0.6489939834842716,0.09818130092429886,0.06753906274652761,0.5540231742408782
1779790141.9912107,10.0,10.0,9.33173461406653,0.13176638540840518,-0.023968126277173235,0.6487763707502544,0.09818130092429886,0.06684552150065265,0.5540231742408782
1779790142.0011778,10.0,10.0,9.277519129858977,0.13187919835689332,-0.023778745146692995,0.6485320198217477,0.09818130092429886,0.06617569555938692,0.5540231742408782
1779790142.0112257,10.0,10.0,9.186076213778618,0.1320049810110019,-0.023588698682896085,0.6482515702595782,0.09818130092429886,0.06617569555938692,0.5540231742408782
1779790142.0212653,10.0,10.0,9.050411735630176,0.13213217655931786,-0.023389319961709655,0.6479414770163047,0.09818130092429886,0.06551032850146697,0.5540231742408782
1779790142.0312614,10.0,10.0,8.845469994131957,0.13225475321793412,-0.023183047457371028,0.6476108076304798,0.09818130092429886,0.06484409147772767,0.5540231742408782
1779790142.0412307,10.0,10.0,8.631181337178313,0.13238896179715776,-0.022978191857751625,0.647266852197172,0.09818130092429886,0.06416077541544567,0.5540231742408782
1779790142.0512674,10.0,10.0,8.450894281031651,0.13252318519645587,-0.02276073653082509,0.6469018946114332,0.09818130092429886,0.06347048858478516,0.5540231742408782
1779790142.061216,10.0,10.0,8.27587593076502,0.13265327890832876,-0.0225432686399545,0.646538842704882,0.09818130092429886,0.0627922803403348,0.5540231742408782
1779790142.0711732,10.0,10.0,8.09164451249114,0.13277711665636968,-0.02231957216492643,0.6461730462649836,0.09818130092429886,0.06210383444152552,0.5540231742408782
1779790142.0811927,10.0,10.0,7.910505335656207,0.13288490956166465,-0.022086552236109672,0.6458065798904076,0.09818130092429886,0.06142908949761698,0.5540231742408782
1779790142.091217,10.0,10.0,7.750176700156664,0.13296783059704959,-0.021852137133584103,0.6454417546748226,0.09818130092429886,0.060746329163836654,0.5540231742408782
1779790142.1012473,10.0,10.0,7.595388729087829,0.13301149294095976,-0.021634405253063493,0.6450841218911509,0.09818130092429886,0.060065724843600565,0.5540231742408782
1779790142.1112003,10.0,10.0,7.445145517402245,0.13304351584484625,-0.021417751255988403,0.644753895611675,0.09818130092429886,0.059374191845685084,0.5540231742408782
1779790142.121193,10.0,10.0,7.304521629554151,0.13306389486119483,-0.021193709521647786,0.6444588387441967,0.09818130092429886,0.058702395393516724,0.5540231742408782
1779790142.131282,10.0,10.0,7.166697017609468,0.1330787356114346,-0.02096930185768257,0.6441944134453593,0.09818130092429886,0.0580259799515562,0.5540231742408782
1779790142.1412039,10.0,10.0,7.040390549547987,0.13306651689639848,-0.020756412061620145,0.6439734190709316,0.09818130092429886,0.05734473007433337,0.5540231742408782
1779790142.1512806,10.0,10.0,6.908358863983267,0.13303024407216874,-0.020548975915907916,0.6437959632885498,0.09818130092429886,0.0566731229569689,0.5540231742408782
1779790142.1612167,10.0,10.0,6.798237103196888,0.13297260627984606,-0.020341669097680763,0.6436587085204568,0.09818130092429886,0.055993704333763564,0.5540231742408782
1779790142.171258,10.0,10.0,6.729746998470181,0.13289283156330162,-0.02014924348042303,0.6435791382730528,0.09818130092429886,0.055318175160550584,0.5540231742408782
1779790142.181191,10.0,10.0,6.687397616980014,0.1328062034057194,-0.01997084403539097,0.6435549878971958,0.09818130092429886,0.05463929661243784,0.5540231742408782
1779790142.1912167,10.0,10.0,6.68053202839337,0.13271530738329665,-0.019794677826660317,0.6435642143042571,0.09818130092429886,0.05396869495056726,0.5540231742408782
1779790142.2011871,10.0,10.0,6.7103396381273885,0.13262247113792952,-0.019625895467486835,0.643599716068503,0.09818130092429886,0.05330046786540184,0.5540231742408782
1779790142.2112193,10.0,10.0,6.779397846196823,0.13252620651374175,-0.019471865497626313,0.6436478995569702,0.09818130092429886,0.05260037881795525,0.5540231742408782
1779790142.2212079,10.0,10.0,6.856970919733709,0.13242119340052644,-0.0193268125615814,0.6437184567662405,0.09818130092429886,0.051927742927363005,0.5540231742408782
1779790142.2312245,10.0,10.0,6.967197444265724,0.13233448626071453,-0.019190040242111753,0.6438005212052803,0.09818130092429886,0.051927742927363005,0.5540231742408782
1779790142.241216,10.0,10.0,7.155183552002284,0.13225869841147495,-0.019060950957679176,0.6438852368281771,0.09818130092429886,0.05121930080508928,0.5540231742408782
1779790142.2512503,10.0,10.0,7.343467595436357,0.1321782726514509,-0.018944867341169257,0.643969422176504,0.09818130092429886,0.0505198253582919,0.5540231742408782
1779790142.2612398,10.0,10.0,7.515630910444383,0.13210886649306505,-0.018831050009492326,0.644042685931779,0.09818130092429886,0.04985391497768431,0.5540231742408782
1779790142.2711942,10.0,10.0,7.721157848297131,0.1320499042921788,-0.01872666665094988,0.6440934971124634,0.09818130092429886,0.04914311646523879,0.5540231742408782
1779790142.2811866,10.0,10.0,7.938580062194219,0.13200542983229932,-0.01863370116964472,0.6441253369502469,0.09818130092429886,0.048462888931005046,0.5540231742408782
1779790142.2912261,10.0,10.0,8.145736742202748,0.1319775490407144,-0.018548401207101585,0.6441408286030468,0.09818130092429886,0.047793468354580274,0.5540231742408782
1779790142.3012168,10.0,10.0,8.34886814279329,0.13196782776494062,-0.018470539313438377,0.6441489742679022,0.09818130092429886,0.04711469457389065,0.5540231742408782
1779790142.3111913,10.0,10.0,8.528629455135883,0.1319726758195033,-0.01840115154366995,0.6441500457149884,0.09818130092429886,0.0464376479293145,0.5540231742408782
1779790142.321216,10.0,10.0,8.688041462060568,0.13198320160502627,-0.018342733500182753,0.6441420615520606,0.09818130092429886,0.04577128587315733,0.5540231742408782
1779790142.331258,10.0,10.0,8.837059713475972,0.1320064653411644,-0.018285560892378653,0.6441128872398735,0.09818130092429886,0.045088783333489174,0.5540231742408782
1779790142.3412158,10.0,10.0,8.974904177002166,0.1320414577986224,-0.01824097789181371,0.6440548629183938,0.09818130092429886,0.04442392127663282,0.5540231742408782
1779790142.3512123,10.0,10.0,9.084177863375539,0.132084097968219,-0.018201512021347364,0.6439767962760502,0.09818130092429886,0.043758647944312334,0.5540231742408782
1779790142.3612266,10.0,10.0,9.146553752791503,0.13213273627873978,-0.018166734366834022,0.6438815316376926,0.09818130092429886,0.04308933804593386,0.5540231742408782
1779790142.3712604,10.0,10.0,9.179135547081746,0.13219560239610476,-0.018138800463708207,0.643761961940856,0.09818130092429886,0.042413996973438686,0.5540231742408782
1779790142.3811917,10.0,10.0,9.195598706242492,0.13226217811265314,-0.01810950505818856,0.6436204810163736,0.09818130092429886,0.041728364921070106,0.5540231742408782
1779790142.3912053,10.0,10.0,9.173489068215646,0.13233673958113537,-0.018083202074057576,0.6434547992353835,0.09818130092429886,0.04102278022796543,0.5540231742408782
1779790142.4012249,10.0,10.0,9.11759758322372,0.13241543383371948,-0.018048643964858033,0.6432653450401224,0.09818130092429886,0.04031580231649251,0.5540231742408782
1779790142.4113073,10.0,10.0,9.023145495662655,0.13250072713670635,-0.018010661754195606,0.6430509979411169,0.09818130092429886,0.03964339551127047,0.5540231742408782
1779790142.4212182,10.0,10.0,8.896380224940167,0.13258816301593143,-0.0179668147555961,0.642813501740311,0.09818130092429886,0.038969765207008206,0.5540231742408782
1779790142.4312105,10.0,10.0,8.740547890625102,0.13267158023008552,-0.017924023937253723,0.6425673066710563,0.09818130092429886,0.03829053202149257,0.5540231742408782
1779790142.4411812,10.0,10.0,8.548241230271888,0.13275296816819585,-0.01787942472560427,0.6423172865833582,0.09818130092429886,0.037603983108029065,0.5540231742408782
1779790142.451231,10.0,10.0,8.348183740164728,0.13283053711628445,-0.017836180053477417,0.6420679776972331,0.09818130092429886,0.037603983108029065,0.5540231742408782
1779790142.4612677,10.0,10.0,8.170015234936766,0.1329005358626011,-0.017793841268853822,0.6418320072068379,0.09818130092429886,0.036934738226508085,0.5540231742408782
1779790142.471315,10.0,10.0,7.997972815394503,0.13296589848564247,-0.01775659026638289,0.6416016138301988,0.09818130092429886,0.03625154200049133,0.5540231742408782
1779790142.4812284,10.0,10.0,7.826295257167714,0.133018970215808,-0.01772137733191788,0.6413755542134678,0.09818130092429886,0.03557864123602957,0.5540231742408782
1779790142.4912183,10.0,10.0,7.678058931429831,0.1330507160635762,-0.017695451950163383,0.6411639900442659,0.09818130092429886,0.03491220565431577,0.5540231742408782
1779790142.5011904,10.0,10.0,7.540057794030048,0.1330433740340574,-0.017677598982616755,0.6409533434857716,0.09818130092429886,0.0342351615428639,0.5540231742408782
1779790142.5112343,10.0,10.0,7.411827569263201,0.13302580950733303,-0.017667115154048674,0.6407598519732719,0.09818130092429886,0.03356474343507762,0.5540231742408782
1779790142.5212255,10.0,10.0,7.29658975049304,0.1330086602983175,-0.017658450654107784,0.6406028154713477,0.09818130092429886,0.03289302895221381,0.5540231742408782
1779790142.5312495,10.0,10.0,7.191715199157819,0.13298905700072683,-0.01765161011581572,0.6404787715759109,0.09818130092429886,0.032173452514528626,0.5540231742408782
1779790142.5411904,10.0,10.0,7.09220613035864,0.1329541371860055,-0.017649359015533477,0.6403881308631483,0.09818130092429886,0.03150282285838687,0.5540231742408782
1779790142.5512238,10.0,10.0,6.996849169622728,0.13290088009687936,-0.01765143172216318,0.6403282764427478,0.09818130092429886,0.0308358172587522,0.5540231742408782
1779790142.5612257,10.0,10.0,6.906853961416514,0.13282846341971793,-0.017658159517063572,0.6402929988239987,0.09818130092429886,0.030165132328539096,0.5540231742408782
1779790142.571229,10.0,10.0,6.8546836662858945,0.13274640510788036,-0.017665667139457386,0.6402764499219329,0.09818130092429886,0.02946015935247845,0.5540231742408782
1779790142.5812516,10.0,10.0,6.850664946591873,0.13266019765422837,-0.017674070363669414,0.640263403650779,0.09818130092429886,0.02878328573977798,0.5540231742408782
1779790142.591181,10.0,10.0,6.865892443041353,0.1325657198239053,-0.01768706122287855,0.6402545398889837,0.09818130092429886,0.028102910504911635,0.5540231742408782
1779790142.6011777,10.0,10.0,6.911183827106772,0.13246060045418206,-0.017704586577238585,0.6402517785163506,0.09818130092429886,0.02738679210666397,0.5540231742408782
1779790142.611278,10.0,10.0,7.0238586246470875,0.13234754758159745,-0.01772688442550622,0.6402576144370599,0.09818130092429886,0.02669007003608355,0.5540231742408782
1779790142.621219,10.0,10.0,7.184887796828155,0.1322438439194603,-0.01775127911291757,0.6402692216978202,0.09818130092429886,0.026013820481288995,0.5540231742408782
1779790142.6312172,10.0,10.0,7.384582185380414,0.1321577622523891,-0.017776182031625593,0.640290992239013,0.09818130092429886,0.025345133991297557,0.5540231742408782
1779790142.6411817,10.0,10.0,7.574809425439059,0.1320834121593006,-0.017799840561237682,0.6403191027821897,0.09818130092429886,0.02467087644648598,0.5540231742408782
1779790142.6512125,10.0,10.0,7.76488360043713,0.13202231250728436,-0.017823350630122303,0.6403449330343881,0.09818130092429886,0.024005157349239574,0.5540231742408782
1779790142.6612155,10.0,10.0,7.949330501076553,0.13196661570530308,-0.01784730072073396,0.6403692151315452,0.09818130092429886,0.023320394743075068,0.5540231742408782
1779790142.6713076,10.0,10.0,8.116524613540431,0.13191877940849725,-0.017870237323223796,0.64039244050108,0.09818130092429886,0.023320394743075068,0.5540231742408782
1779790142.681215,10.0,10.0,8.26729468096611,0.1318800247047881,-0.017888362650982943,0.6404083624258888,0.09818130092429886,0.022646590042947216,0.5540231742408782
1779790142.691243,10.0,10.0,8.408950250991861,0.13185562595471645,-0.017901682277437683,0.6404177857489871,0.09818130092429886,0.02193338772543909,0.5540231742408782
1779790142.701215,10.0,10.0,8.555768287687556,0.1318450821282592,-0.01791022090282671,0.6404229350982918,0.09818130092429886,0.02123193923461504,0.5540231742408782
1779790142.7112038,10.0,10.0,8.684503811294938,0.13185104531546843,-0.017908625729052285,0.6404202672858456,0.09818130092429886,0.02056533185511162,0.5540231742408782
1779790142.721227,10.0,10.0,8.78469040531481,0.13186471078645853,-0.01790720816189116,0.6404063698577086,0.09818130092429886,0.01986263323496651,0.5540231742408782
1779790142.7312076,10.0,10.0,8.864908466946643,0.13188684350593638,-0.01789744617982582,0.6403727793607948,0.09818130092429886,0.019174007159572085,0.5540231742408782
1779790142.7412226,10.0,10.0,8.940624235128904,0.13191196230907465,-0.01788852587925144,0.6403155452515101,0.09818130092429886,0.018490343604596914,0.5540231742408782
1779790142.7511919,10.0,10.0,9.004912370771708,0.1319475036156291,-0.017875181794631073,0.6402280380342401,0.09818130092429886,0.01778725650710624,0.5540231742408782
1779790142.7612464,10.0,10.0,9.065525301223214,0.13199711193918898,-0.017855297461680016,0.6401059867014348,0.09818130092429886,0.0171048762718757,0.5540231742408782
1779790142.771222,10.0,10.0,9.097166199102753,0.13204979628921032,-0.017837060350425638,0.6399621200300946,0.09818130092429886,0.016438848068512077,0.5540231742408782
1779790142.7811868,10.0,10.0,9.077141249519858,0.13211477779594416,-0.017814915627653083,0.6397759806340064,0.09818130092429886,0.015752435813857067,0.5540231742408782
1779790142.7912471,10.0,10.0,9.034734780117912,0.13218493978638396,-0.017790602770664764,0.6395523187675375,0.09818130092429886,0.01506185156842211,0.5540231742408782
1779790142.8012257,10.0,10.0,8.957216273979814,0.13226119390230998,-0.017761612081476568,0.6392932223107259,0.09818130092429886,0.014386981657047852,0.5540231742408782
1779790142.8112018,10.0,10.0,8.843857438567055,0.13233948648360674,-0.017730669531238735,0.6389996220225483,0.09818130092429886,0.013688876695451832,0.5540231742408782
1779790142.8212776,10.0,10.0,8.690882590123175,0.13241314686155134,-0.017695221933645335,0.6386924730681388,0.09818130092429886,0.013022657858246125,0.5540231742408782
1779790142.8313067,10.0,10.0,8.502756902978584,0.1324910746432929,-0.017654673559264006,0.6383716619845905,0.09818130092429886,0.01233334127914649,0.5540231742408782
1779790142.8412263,10.0,10.0,8.32704390025056,0.13256302471723158,-0.017613722510393642,0.6380484837187228,0.09818130092429886,0.01233334127914649,0.5540231742408782
1779790142.8511972,10.0,10.0,8.132401815948292,0.13263066488889316,-0.01757104823315169,0.6377231862031871,0.09818130092429886,0.011612435990431215,0.5540231742408782
1779790142.86126,10.0,10.0,7.949681155855341,0.1326940047133462,-0.017528460431697528,0.637407150760626,0.09818130092429886,0.010932554649852667,0.5540231742408782
1779790142.871226,10.0,10.0,7.791684454317884,0.1327470441714236,-0.017490795450052558,0.6370976402362191,0.09818130092429886,0.010258513784597278,0.5540231742408782
1779790142.8811867,10.0,10.0,7.666988111783709,0.13278272436459382,-0.017459370111526096,0.6368007412083669,0.09818130092429886,0.009587455315976894,0.5540231742408782
1779790142.891181,10.0,10.0,7.548201869402657,0.13279953218014268,-0.017431733207031348,0.6365116306708963,0.09818130092429886,0.008887221750541094,0.5540231742408782
1779790142.9012313,10.0,10.0,7.451171348514295,0.13280179594271924,-0.017408727876459775,0.6362342105832131,0.09818130092429886,0.00817417096582783,0.5540231742408782
1779790142.9111814,10.0,10.0,7.360833820408412,0.1327842277489407,-0.0173911344130911,0.6359825298628907,0.09818130092429886,0.007507436085734636,0.5540231742408782
1779790142.921171,10.0,10.0,7.256636374745199,0.13275164097679887,-0.01738036738721975,0.6357525129710035,0.09818130092429886,0.006813893540821453,0.5540231742408782
1779790142.9312038,10.0,10.0,7.178072177415184,0.1326985199867177,-0.017378521074544517,0.6355578004839598,0.09818130092429886,0.006132277269900845,0.5540231742408782
1779790142.9412942,10.0,10.0,7.107309961985247,0.13262571412804341,-0.017386399223431326,0.6353979626828307,0.09818130092429886,0.005456124753252968,0.5540231742408782
1779790142.9513075,10.0,10.0,7.044169125693696,0.13254856649761623,-0.017394989358283288,0.6352773732470746,0.09818130092429886,0.004778093502744605,0.5540231742408782
1779790142.961244,10.0,10.0,6.986749610657407,0.13245155540918255,-0.017411947514541413,0.6351955768324392,0.09818130092429886,0.00409970365276704,0.5540231742408782
1779790142.9712005,10.0,10.0,6.955143205568243,0.13234695142767522,-0.01743481005467396,0.6351479372520191,0.09818130092429886,0.003430237545056584,0.5540231742408782
1779790142.9811902,10.0,10.0,6.969034224431428,0.1322368891768171,-0.017461561786653288,0.6351212331773978,0.09818130092429886,0.00276082612685029,0.5540231742408782
1779790142.9911907,10.0,10.0,7.017619594124093,0.1321172653281148,-0.01749220786857439,0.6351033557293464,0.09818130092429886,0.0020955039506969104,0.5540231742408782
1779790143.0012128,10.0,10.0,7.086101229776026,0.13199758858577576,-0.0175235094016492,0.6350955598771737,0.09818130092429886,0.0014072891507666187,0.5540231742408782
1779790143.0111737,10.0,10.0,7.20028567654591,0.1318890772240314,-0.017552875607034498,0.6350962171309681,0.09818130092429886,0.0007184378221647188,0.5540231742408782
1779790143.0211937,10.0,10.0,7.359756661393815,0.1318073733077437,-0.017581213430166227,0.6351060953237985,0.09818130092429886,5.2243666682752835e-05,0.5540231742408782
1779790143.031221,10.0,10.0,7.532925515548015,0.13173534512885823,-0.0176046635494953,0.6351215290485571,0.09818130092429886,-0.0006142614785216004,0.5540231742408782
1779790143.041207,10.0,10.0,7.692422377562649,0.13167632874864812,-0.01763000311603074,0.6351407838933596,0.09818130092429886,-0.0012974362704094525,0.5540231742408782
1779790143.0511928,10.0,10.0,7.853866487510475,0.1316258005964249,-0.017660315610239456,0.6351620686487985,0.09818130092429886,-0.001964889648479044,0.5540231742408782
1779790143.061198,10.0,10.0,8.01317721818116,0.1315795930786831,-0.017697846052427146,0.6351828316124788,0.09818130092429886,-0.002673477522828061,0.5540231742408782
1779790143.071203,10.0,10.0,8.163468591904529,0.13154521429286187,-0.01773365250582136,0.6351974720398631,0.09818130092429886,-0.002673477522828061,0.5540231742408782
1779790143.081191,10.0,10.0,8.30490137112675,0.13151594196342178,-0.017770831211300134,0.6352040096125895,0.09818130092429886,-0.0033414319398951623,0.5540231742408782
1779790143.091249,10.0,10.0,8.419213682347529,0.13150357816032665,-0.017812394309824345,0.6352075599695645,0.09818130092429886,-0.004040794760088678,0.5540231742408782
1779790143.1012132,10.0,10.0,8.529548131523816,0.13150501568154419,-0.01784426340796902,0.6351989029004511,0.09818130092429886,-0.004710444421883654,0.5540231742408782
1779790143.1132872,10.0,10.0,8.63240658148066,0.13152061371008578,-0.017885551390470735,0.6351730917917254,0.09818130092429886,-0.006056144430979579,0.5540231742408782
1779790143.1231844,10.0,10.0,8.708582304382993,0.1315428693076413,-0.017918123553652274,0.6351268567097161,0.09818130092429886,-0.006056144430979579,0.5540231742408782
1779790143.1331856,10.0,10.0,8.774783608225421,0.13157296718614758,-0.01795368939124516,0.6350515398714659,0.09818130092429886,-0.006737620730544024,0.5540231742408782
1779790143.1432023,10.0,10.0,8.811197345833122,0.1316082203752098,-0.017989741744318336,0.6349463063584415,0.09818130092429886,-0.0074169958359729055,0.5540231742408782
1779790143.1532326,10.0,10.0,8.836442012767026,0.13165310676591951,-0.018030820169184725,0.6348042163344512,0.09818130092429886,-0.008102973432477564,0.5540231742408782
1779790143.1632292,10.0,10.0,8.841192394360572,0.1317052446890517,-0.01807399744945297,0.6346339318569045,0.09818130092429886,-0.008813344366530512,0.5540231742408782
1779790143.1732092,10.0,10.0,8.813747587823327,0.13176440502891315,-0.018117309480511826,0.6344271027760525,0.09818130092429886,-0.009493062353067142,0.5540231742408782
1779790143.1832318,10.0,10.0,8.763025600639345,0.1318360176675245,-0.01815547718038711,0.6341816110788855,0.09818130092429886,-0.0101755883403732,0.5540231742408782
1779790143.1932516,10.0,10.0,8.683077184211049,0.13191138075887,-0.018196501412728334,0.6339065149764347,0.09818130092429886,-0.010847033402733975,0.5540231742408782
1779790143.2032151,10.0,10.0,8.575560548891723,0.1319924777274907,-0.01823922851504771,0.6336147770456547,0.09818130092429886,-0.01152076451235305,0.5540231742408782
1779790143.2132528,10.0,10.0,8.45359044968894,0.13207237425165794,-0.018285520783592503,0.6333245936562185,0.09818130092429886,-0.01220647268835445,0.5540231742408782
1779790143.2231872,10.0,10.0,8.298529302929854,0.13214946250993884,-0.01833146107351379,0.6330387489645074,0.09818130092429886,-0.012878995367775651,0.5540231742408782
1779790143.233219,10.0,10.0,8.13563703192488,0.13222169985219714,-0.018376275404824175,0.6327630483782328,0.09818130092429886,-0.013559507975921736,0.5540231742408782
1779790143.2432141,10.0,10.0,7.9770498861697,0.1322824612868381,-0.01842029021146585,0.632501161163073,0.09818130092429886,-0.014239676923536684,0.5540231742408782
1779790143.2533422,10.0,10.0,7.81721871734966,0.13232351541403528,-0.018467559971418596,0.6322510445470396,0.09818130092429886,-0.014906525079752837,0.5540231742408782
1779790143.2632365,10.0,10.0,7.668606660614893,0.13233744612276574,-0.01851942127401717,0.6320276524937811,0.09818130092429886,-0.015612663552801866,0.5540231742408782
1779790143.2732275,10.0,10.0,7.524429363943248,0.13232642946318945,-0.018572469408651496,0.6318248101233592,0.09818130092429886,-0.016321351647940956,0.5540231742408782
1779790143.2832096,10.0,10.0,7.384403143030908,0.13229316421807394,-0.018629036433164083,0.6316509888475133,0.09818130092429886,-0.017024800527543994,0.5540231742408782
1779790143.2933037,10.0,10.0,7.266831613966247,0.13223905515464265,-0.018693248035235158,0.6315093091977992,0.09818130092429886,-0.017701430765455533,0.5540231742408782
1779790143.3032563,10.0,10.0,7.161574475564481,0.13216690757176458,-0.018754932422058068,0.6314048264999776,0.09818130092429886,-0.01838080450689429,0.5540231742408782
1779790143.313191,10.0,10.0,7.06777429224522,0.1320831036046946,-0.018821155085452325,0.6313417831280028,0.09818130092429886,-0.01838080450689429,0.5540231742408782
1779790143.3231735,10.0,10.0,6.999990266708534,0.13199075421929526,-0.018886246203041065,0.6312986215171396,0.09818130092429886,-0.019054401620732755,0.5540231742408782
1779790143.3332207,10.0,10.0,6.96710173816599,0.13189629463328018,-0.018949551684433217,0.6312724641702727,0.09818130092429886,-0.019753433251161287,0.5540231742408782
1779790143.3432295,10.0,10.0,6.944722358583119,0.13179574914221828,-0.01900709099071015,0.6312459577159545,0.09818130092429886,-0.02042148457647078,0.5540231742408782
1779790143.3531835,10.0,10.0,6.937152722906613,0.1316763791036502,-0.019070033139569034,0.6312239615338784,0.09818130092429886,-0.021113561676496844,0.5540231742408782
1779790143.3632522,10.0,10.0,6.961484122809046,0.13155137555672097,-0.019138487571556152,0.6312132441662074,0.09818130092429886,-0.021783041424107613,0.5540231742408782
1779790143.3732293,10.0,10.0,7.0582596878608665,0.13142023583781343,-0.01921310441020281,0.6312107390248404,0.09818130092429886,-0.022498528554787976,0.5540231742408782
1779790143.3832257,10.0,10.0,7.206608001021845,0.13128426595333464,-0.019292819125043534,0.6312198336153768,0.09818130092429886,-0.023209113635272595,0.5540231742408782
1779790143.3932118,10.0,10.0,7.389885895823676,0.1311653076613756,-0.019377755368749118,0.6312361715357482,0.09818130092429886,-0.023903904295997605,0.5540231742408782
1779790143.4032223,10.0,10.0,7.598065839179317,0.13106895964023016,-0.01946200082232193,0.6312667147409182,0.09818130092429886,-0.02457200706321619,0.5540231742408782
1779790143.4132042,10.0,10.0,7.816577748394307,0.13098391604508525,-0.019552880548143612,0.6313045451662087,0.09818130092429886,-0.025271903528263594,0.5540231742408782
1779790143.4232342,10.0,10.0,8.03814531581307,0.13090457828131694,-0.0196518467363353,0.6313420067109601,0.09818130092429886,-0.02594695764324148,0.5540231742408782
1779790143.433252,10.0,10.0,8.24989026093388,0.13083069406546438,-0.01975794784596954,0.6313728195006395,0.09818130092429886,-0.02662991705461136,0.5540231742408782
1779790143.4432304,10.0,10.0,8.44557945863762,0.13075991763588457,-0.019866405992778457,0.6313986230958775,0.09818130092429886,-0.02730262192412696,0.5540231742408782
1779790143.453299,10.0,10.0,8.598181160685778,0.13070026776215987,-0.01998503103947337,0.6314215521608226,0.09818130092429886,-0.027995448634091855,0.5540231742408782
1779790143.463195,10.0,10.0,8.740553271592027,0.13065481908900875,-0.02011267166046387,0.6314403110438204,0.09818130092429886,-0.02865941136686754,0.5540231742408782
1779790143.473193,10.0,10.0,8.869702155022388,0.13062580391603223,-0.02026074934576595,0.6314522134685612,0.09818130092429886,-0.02932539332447492,0.5540231742408782
1779790143.4832196,10.0,10.0,8.969761617086318,0.13060682057385353,-0.020405087805921915,0.6314585505831725,0.09818130092429886,-0.03002680349367491,0.5540231742408782
1779790143.493167,10.0,10.0,9.05104231804257,0.13060734602068702,-0.020549141856356878,0.6314555273482305,0.09818130092429886,-0.03069855175152949,0.5540231742408782
1779790143.5032282,10.0,10.0,9.138004938144777,0.13063064519686693,-0.02069841056242998,0.6314447808534254,0.09818130092429886,-0.03137501408876582,0.5540231742408782
1779790143.5131927,10.0,10.0,9.211606247680823,0.13067244219268867,-0.020850243828281774,0.6314209692344757,0.09818130092429886,-0.03137501408876582,0.5540231742408782
1779790143.523177,10.0,10.0,9.246541486350058,0.13072134438558725,-0.021001507932641328,0.6313746791228612,0.09818130092429886,-0.032040437070276234,0.5540231742408782
1779790143.5332148,10.0,10.0,9.25200727872754,0.13077695443252646,-0.021155168605827345,0.6312991835826898,0.09818130092429886,-0.032718142327172,0.5540231742408782
1779790143.543203,10.0,10.0,9.237398285923653,0.1308299786215658,-0.021306390266913985,0.6311977953204294,0.09818130092429886,-0.033397887008941834,0.5540231742408782
1779790143.5531914,10.0,10.0,9.193084547532285,0.13089664962089292,-0.021459969270100722,0.6310638672236154,0.09818130092429886,-0.034064115004366256,0.5540231742408782
1779790143.5632458,10.0,10.0,9.128026392236553,0.1309753008357463,-0.02161349464443028,0.630898632260718,0.09818130092429886,-0.034761493024238185,0.5540231742408782
1779790143.5731971,10.0,10.0,9.01748716452343,0.1310525423080053,-0.021762888040649547,0.6307002607354542,0.09818130092429886,-0.03543719919139317,0.5540231742408782
1779790143.5832503,10.0,10.0,8.867278139491129,0.1311310415452231,-0.021917261580252673,0.6304799247654237,0.09818130092429886,-0.036108607815735064,0.5540231742408782
1779790143.5932112,10.0,10.0,8.688239393800059,0.13120927833808896,-0.02207008400484284,0.6302369533785774,0.09818130092429886,-0.03678485405798241,0.5540231742408782
1779790143.6031835,10.0,10.0,8.512219366950484,0.13128930230271862,-0.022219085533764754,0.6299790477425495,0.09818130092429886,-0.03747955625421248,0.5540231742408782
1779790143.6131628,10.0,10.0,8.330674727658035,0.13136505777392954,-0.022369972340022425,0.6297291210142805,0.09818130092429886,-0.038151983259477135,0.5540231742408782
1779790143.6232312,10.0,10.0,8.132759249637036,0.13143416247169298,-0.022513002095555824,0.6294777490085083,0.09818130092429886,-0.03883660076308522,0.5540231742408782
1779790143.633256,10.0,10.0,7.934453808775487,0.13149616123568855,-0.022656404366003618,0.6292247102129237,0.09818130092429886,-0.03951070671014955,0.5540231742408782
1779790143.6432407,10.0,10.0,7.735594420611303,0.13154152640507502,-0.02280138579091193,0.628976435298227,0.09818130092429886,-0.04020032590017602,0.5540231742408782
1779790143.6531935,10.0,10.0,7.556508944267197,0.13157572745234328,-0.02294840205268047,0.6287345384999766,0.09818130092429886,-0.04087257136486538,0.5540231742408782
1779790143.6632504,10.0,10.0,7.3938481141201775,0.1315891785292581,-0.023100529929270735,0.6285083660501793,0.09818130092429886,-0.04154687710399051,0.5540231742408782
1779790143.6731853,10.0,10.0,7.236015530251803,0.13158954234807343,-0.023257497272035594,0.6282982347774906,0.09818130092429886,-0.042219116658056687,0.5540231742408782
1779790143.6832068,10.0,10.0,7.104395764423884,0.1315667153192045,-0.023422740379291557,0.6281067950861126,0.09818130092429886,-0.04288494052272645,0.5540231742408782
1779790143.6931732,10.0,10.0,7.001887217850273,0.13152503829603124,-0.0235920529339144,0.6279422214750862,0.09818130092429886,-0.043567148960167605,0.5540231742408782
1779790143.703212,10.0,10.0,6.922187999116503,0.1314713614718587,-0.02376146547993876,0.6278060600908719,0.09818130092429886,-0.04425379159923034,0.5540231742408782
1779790143.713196,10.0,10.0,6.854248791965993,0.13139851886468115,-0.023937358054353968,0.627694779834503,0.09818130092429886,-0.044937398516144034,0.5540231742408782
1779790143.7231817,10.0,10.0,6.771732996553043,0.13130691628944258,-0.02411900335697199,0.6276232822665502,0.09818130092429886,-0.045608885862195185,0.5540231742408782
1779790143.7332342,10.0,10.0,6.698858439822915,0.13119944912449313,-0.024309735087602945,0.627578386471419,0.09818130092429886,-0.04627964243435975,0.5540231742408782
1779790143.7432384,10.0,10.0,6.681888320572166,0.13109048760438524,-0.024513030574397174,0.6275370621324227,0.09818130092429886,-0.04696112912622921,0.5540231742408782
1779790143.7531877,10.0,10.0,6.706529284534674,0.13097506882813437,-0.024719066676687152,0.6275011206457397,0.09818130092429886,-0.04696112912622921,0.5540231742408782
1779790143.7632697,10.0,10.0,6.734885370556376,0.13084564377459348,-0.02492258661574656,0.6274803266399658,0.09818130092429886,-0.04763572058878579,0.5540231742408782
1779790143.7731957,10.0,10.0,6.778999106212055,0.130701097759922,-0.025128651754885073,0.6274710417036179,0.09818130092429886,-0.04833703501887755,0.5540231742408782
1779790143.783265,10.0,10.0,6.865148904641349,0.13055541394571243,-0.02534783811843026,0.6274727339266738,0.09818130092429886,-0.049044219867120514,0.5540231742408782
1779790143.7932622,10.0,10.0,7.0079195247270345,0.1304197936067364,-0.02557691993354465,0.6274904454256653,0.09818130092429886,-0.04971131594475911,0.5540231742408782
1779790143.80322,10.0,10.0,7.158236455765169,0.13029525650946966,-0.025806261925706554,0.6275244975620783,0.09818130092429886,-0.050384452289781674,0.5540231742408782
1779790143.8132064,10.0,10.0,7.325216499494164,0.1301744300706143,-0.02605457887346082,0.6275673394329395,0.09818130092429886,-0.05106293716439646,0.5540231742408782
1779790143.8231976,10.0,10.0,7.494352873459479,0.1300586723409597,-0.026310222444222806,0.6276108197424368,0.09818130092429886,-0.05173098985369608,0.5540231742408782
1779790143.833199,10.0,10.0,7.683995350541889,0.1299457017527644,-0.026572457868101414,0.6276537579559013,0.09818130092429886,-0.05241878363537633,0.5540231742408782
1779790143.8431923,10.0,10.0,7.835250795887903,0.1298341952157413,-0.02683586583003774,0.6276960495014409,0.09818130092429886,-0.05308468881983155,0.5540231742408782
1779790143.8532026,10.0,10.0,7.965600564064965,0.12973646222245977,-0.027105824112770623,0.6277234321299531,0.09818130092429886,-0.053766210066114706,0.5540231742408782
1779790143.8632019,10.0,10.0,8.117724910775658,0.12964484677889046,-0.027390084287462323,0.6277478353201287,0.09818130092429886,-0.05445508088028819,0.5540231742408782
1779790143.8732083,10.0,10.0,8.263567799185,0.12957192321264377,-0.027685339257209077,0.6277664840925309,0.09818130092429886,-0.055147167073581055,0.5540231742408782
1779790143.8831804,10.0,10.0,8.405583998421653,0.12951727481617117,-0.027988322473378034,0.6277813393333038,0.09818130092429886,-0.055812305046131036,0.5540231742408782
1779790143.8932006,10.0,10.0,8.527701469043098,0.1294824050824475,-0.028292262008874754,0.6277849892819415,0.09818130092429886,-0.05648943697255896,0.5540231742408782
1779790143.903258,10.0,10.0,8.620212220193654,0.12946693139020748,-0.02859831316575894,0.6277809371454726,0.09818130092429886,-0.057158754080598596,0.5540231742408782
1779790143.9132588,10.0,10.0,8.69987432641427,0.12948104924559112,-0.02890494969376727,0.6277644166991467,0.09818130092429886,-0.05782766965596001,0.5540231742408782
1779790143.9232552,10.0,10.0,8.782561462320418,0.12951643178207606,-0.029221472154840354,0.6277303866217196,0.09818130092429886,-0.058494083738593224,0.5540231742408782
1779790143.9331956,10.0,10.0,8.866055888021274,0.129570113821921,-0.029548077791867477,0.627667476784412,0.09818130092429886,-0.05917256919777521,0.5540231742408782
1779790143.9431877,10.0,10.0,8.912530524832617,0.12963647248991533,-0.029877632036339703,0.6275784143390033,0.09818130092429886,-0.05984727582005969,0.5540231742408782
1779790143.953232,10.0,10.0,8.896984353643678,0.12971886250405992,-0.030205597872724803,0.6274649806489193,0.09818130092429886,-0.060556882140283826,0.5540231742408782
1779790143.9632263,10.0,10.0,8.822458717619279,0.12981137482505842,-0.03052673433279043,0.6273227158101631,0.09818130092429886,-0.060556882140283826,0.5540231742408782
1779790143.973184,10.0,10.0,8.710855551091347,0.12990554736930637,-0.03084488882433301,0.6271436893114974,0.09818130092429886,-0.06126279997171058,0.5540231742408782
1779790143.9832172,10.0,10.0,8.577233916039111,0.1300026905724003,-0.03116271279640221,0.6269362006942535,0.09818130092429886,-0.06197141259273548,0.5540231742408782
1779790143.9932117,10.0,10.0,8.395650560801121,0.1300977979414267,-0.0314724811831067,0.6267111599365118,0.09818130092429886,-0.0626375410168894,0.5540231742408782
1779790144.0031843,10.0,10.0,8.193706176160207,0.13019730337708174,-0.0317792307681643,0.6264797568322287,0.09818130092429886,-0.06333027205269774,0.5540231742408782
1779790144.0132427,10.0,10.0,7.990976662988037,0.13028834864060967,-0.0320860761064721,0.6262486737737186,0.09818130092429886,-0.06406172988260869,0.5540231742408782
1779790144.0232553,10.0,10.0,7.789722678556941,0.13038173221076163,-0.0323999622817329,0.6260132859994758,0.09818130092429886,-0.06476690070217282,0.5540231742408782
1779790144.0332623,10.0,10.0,7.602444187638404,0.1304577521445734,-0.03270782294683635,0.6257843490710822,0.09818130092429886,-0.06545718233668117,0.5540231742408782
1779790144.0431964,10.0,10.0,7.403784927985052,0.13051067459478966,-0.033003544530582275,0.6255680317288688,0.09818130092429886,-0.06613323924412465,0.5540231742408782
1779790144.0531747,10.0,10.0,7.197393450782519,0.13054251788705823,-0.033295840769569235,0.6253643564361424,0.09818130092429886,-0.06679903056788992,0.5540231742408782
1779790144.0632493,10.0,10.0,7.005343212051048,0.13056134603350514,-0.033603595913398045,0.6251782657608181,0.09818130092429886,-0.06748439384927435,0.5540231742408782
1779790144.0732117,10.0,10.0,6.835906379926334,0.1305651315554037,-0.03392766409002424,0.6250124788007092,0.09818130092429886,-0.06816009157268164,0.5540231742408782
1779790144.083195,10.0,10.0,6.681174622536864,0.1305443365773719,-0.034249254823217806,0.6248732242971065,0.09818130092429886,-0.06885934313026144,0.5540231742408782
1779790144.0932581,10.0,10.0,6.51092909438156,0.13049052501374753,-0.03456817665778241,0.6247598581645311,0.09818130092429886,-0.06954782351853249,0.5540231742408782
1779790144.1031916,10.0,10.0,6.361406302411879,0.13041806142880244,-0.034889429894366664,0.6246734082395474,0.09818130092429886,-0.07023159112645977,0.5540231742408782
1779790144.1132274,10.0,10.0,6.258925724556767,0.1303388604669576,-0.03522037293321122,0.6245885606728641,0.09818130092429886,-0.07092361548553876,0.5540231742408782
1779790144.123207,10.0,10.0,6.193843887104785,0.13024666683775482,-0.0355499569675138,0.6245077098639716,0.09818130092429886,-0.0716112362353431,0.5540231742408782
1779790144.1332362,10.0,10.0,6.146792202031161,0.13014428535726508,-0.035869165510257144,0.6244382809904722,0.09818130092429886,-0.07229557587470023,0.5540231742408782
1779790144.1432,10.0,10.0,6.127120082102713,0.13001899102273362,-0.03619007390026845,0.6243789052707127,0.09818130092429886,-0.07229557587470023,0.5540231742408782
1779790144.153227,10.0,10.0,6.1280223295860035,0.12987506461899284,-0.03651986516778499,0.6243401572705084,0.09818130092429886,-0.07297795740896898,0.5540231742408782
1779790144.1632078,10.0,10.0,6.15952883201952,0.12971383840980796,-0.03685869231072351,0.6243240429984546,0.09818130092429886,-0.07368697870738206,0.5540231742408782
1779790144.1731946,10.0,10.0,6.242909122904652,0.12955221545505188,-0.03720921855988109,0.6243338583007138,0.09818130092429886,-0.0743926102308104,0.5540231742408782
1779790144.1831982,10.0,10.0,6.339908551538409,0.12938020245750756,-0.03756200887498986,0.62437210059781,0.09818130092429886,-0.07509689601571304,0.5540231742408782
1779790144.1931903,10.0,10.0,6.4523338095991445,0.1292178191552113,-0.037913346559693334,0.6244295918423921,0.09818130092429886,-0.07576383588401943,0.5540231742408782
1779790144.2032292,10.0,10.0,6.5967961971583575,0.12907785579622225,-0.0382711257754384,0.6245022384409191,0.09818130092429886,-0.07647022883863343,0.5540231742408782
1779790144.213211,10.0,10.0,6.768637826808794,0.12894568397773812,-0.03864271028305911,0.624589938006989,0.09818130092429886,-0.07716760296139094,0.5540231742408782
1779790144.2232523,10.0,10.0,6.924833779175046,0.12881935684764842,-0.03901924927064949,0.6246776435582491,0.09818130092429886,-0.07784809861708973,0.5540231742408782
1779790144.2332666,10.0,10.0,7.086272730042961,0.12869627200900263,-0.03940910503163858,0.6247570880069392,0.09818130092429886,-0.07857461081407659,0.5540231742408782
1779790144.2432282,10.0,10.0,7.262802713038977,0.12857162355431132,-0.03982092807311996,0.6248255518243218,0.09818130092429886,-0.0792621605714488,0.5540231742408782
1779790144.2531812,10.0,10.0,7.4442289963137664,0.12845739005022447,-0.04023822471859418,0.6248738986450793,0.09818130092429886,-0.07996090134724541,0.5540231742408782
1779790144.2632213,10.0,10.0,7.6385487182437455,0.1283449838429554,-0.04066979027857107,0.6248979705736432,0.09818130092429886,-0.08062958199156535,0.5540231742408782
1779790144.273212,10.0,10.0,7.794710631696218,0.1282313968125247,-0.041109331268386624,0.624907221876346,0.09818130092429886,-0.08132530906390878,0.5540231742408782
1779790144.2832506,10.0,10.0,7.924403325734166,0.12813178690914187,-0.041563430967031655,0.624904558349442,0.09818130092429886,-0.08199716540173368,0.5540231742408782
1779790144.2932465,10.0,10.0,8.069441841279732,0.12804462629974542,-0.04202005022338528,0.6249042792965647,0.09818130092429886,-0.0826814009231868,0.5540231742408782
1779790144.3031855,10.0,10.0,8.199729541580936,0.12797721468643738,-0.04248219454167175,0.6248954142582126,0.09818130092429886,-0.08334760417193535,0.5540231742408782
1779790144.313203,10.0,10.0,8.308792250968759,0.12793028732290315,-0.042936398718289935,0.6248765350338266,0.09818130092429886,-0.08334760417193535,0.5540231742408782
1779790144.3232117,10.0,10.0,8.433329584159852,0.12790630230206268,-0.04338458719751429,0.6248441277710897,0.09818130092429886,-0.08401344563857152,0.5540231742408782
1779790144.3332086,10.0,10.0,8.542929771073052,0.12790232188747877,-0.04383868629734615,0.6247906250474738,0.09818130092429886,-0.08471503078820451,0.5540231742408782
1779790144.3432405,10.0,10.0,8.616466367674644,0.12791531173809292,-0.04428542514409607,0.6247137253781443,0.09818130092429886,-0.08542191568854898,0.5540231742408782
1779790144.353264,10.0,10.0,8.666554449314933,0.12794963725146738,-0.04472994724133084,0.624619097166653,0.09818130092429886,-0.08608886854723634,0.5540231742408782
1779790144.3632348,10.0,10.0,8.694277926999126,0.12799512987182082,-0.04516028848753589,0.6244943060827817,0.09818130092429886,-0.08680582508486992,0.5540231742408782
1779790144.3732705,10.0,10.0,8.66578448861754,0.12804739815900976,-0.045598530283517145,0.6243491271526171,0.09818130092429886,-0.0875028055341297,0.5540231742408782
1779790144.3832407,10.0,10.0,8.587068772871543,0.12812612654762634,-0.04604262374994214,0.6241702577169101,0.09818130092429886,-0.08819064952363274,0.5540231742408782
1779790144.3932323,10.0,10.0,8.494358059590269,0.12821751459807085,-0.04647643168564447,0.623966947460031,0.09818130092429886,-0.08887762530101778,0.5540231742408782
1779790144.4032013,10.0,10.0,8.346536833138474,0.12831184040064275,-0.04689752564059755,0.6237540204547342,0.09818130092429886,-0.08959359664815195,0.5540231742408782
1779790144.4131694,10.0,10.0,8.141475673999642,0.12841661373581673,-0.04732311230586352,0.6235346035710814,0.09818130092429886,-0.09028841335459081,0.5540231742408782
1779790144.4232192,10.0,10.0,7.932958515497797,0.12852299214425925,-0.047757203794726484,0.6233134654353144,0.09818130092429886,-0.09096352793979245,0.5540231742408782
1779790144.4332128,10.0,10.0,7.7066664811727055,0.12862015227403148,-0.04819008473764159,0.623087015132325,0.09818130092429886,-0.0916727874168423,0.5540231742408782
1779790144.443194,10.0,10.0,7.477855756380586,0.12870666196012745,-0.04860687157272194,0.6228661867963593,0.09818130092429886,-0.09236008477111046,0.5540231742408782
1779790144.4532394,10.0,10.0,7.257682186121656,0.1287829370159501,-0.04902209516351111,0.6226482159517112,0.09818130092429886,-0.09302806906605371,0.5540231742408782
1779790144.4632306,10.0,10.0,7.045615275886022,0.12882572960276215,-0.049455417456852495,0.6224377265158091,0.09818130092429886,-0.09369159382813227,0.5540231742408782
1779790144.473232,10.0,10.0,6.8334647118603185,0.12884466508397452,-0.04988456054974669,0.6222465026332084,0.09818130092429886,-0.09438509214079777,0.5540231742408782
1779790144.483211,10.0,10.0,6.6351595890780155,0.1288460126329187,-0.05030155151136669,0.6220759631086933,0.09818130092429886,-0.09438509214079777,0.5540231742408782
1779790144.4931712,10.0,10.0,6.4593282069013,0.12882506335952296,-0.05073013418413306,0.6219294535799508,0.09818130092429886,-0.09505056461566018,0.5540231742408782
1779790144.5032241,10.0,10.0,6.2993520313700255,0.12878209423952397,-0.05116509295406002,0.6218026612912163,0.09818130092429886,-0.09574892269483079,0.5540231742408782
1779790144.5132155,10.0,10.0,6.153633931846717,0.12871445028087378,-0.05159423886708129,0.6216908513443055,0.09818130092429886,-0.09641460665309677,0.5540231742408782
1779790144.5231712,10.0,10.0,6.010389455666229,0.12862490071775198,-0.052023736113868096,0.6215853010228187,0.09818130092429886,-0.09710468264987282,0.5540231742408782
1779790144.5332015,10.0,10.0,5.872115064203674,0.1285097890594833,-0.05245637966479466,0.6214846727352005,0.09818130092429886,-0.09777545351145658,0.5540231742408782
1779790144.5431838,10.0,10.0,5.743797614096829,0.12836930003680588,-0.05289433034126235,0.6213902221572417,0.09818130092429886,-0.09847227002210748,0.5540231742408782
1779790144.5532062,10.0,10.0,5.651797709264341,0.1282056918159832,-0.05334482726050082,0.6213131905155813,0.09818130092429886,-0.09913880640917833,0.5540231742408782
1779790144.5632007,10.0,10.0,5.61867217448269,0.12802027751981512,-0.05379169441894522,0.6212499667245935,0.09818130092429886,-0.09982351114319504,0.5540231742408782
1779790144.573157,10.0,10.0,5.629379718265136,0.1278177610781726,-0.05425901930419044,0.6212110300173325,0.09823805597429888,-0.10039290649995371,0.5540231742408782
1779790144.5831897,10.0,10.0,5.67240193197095,0.12760788280210644,-0.05473380437810719,0.6211935462625603,0.098814458274299,-0.10006012047688714,0.5540231742408782
1779790144.5932033,10.0,10.0,5.75930021679993,0.1273894742706232,-0.055210924443970494,0.6212073987104094,0.09942957075554892,-0.09970498512025558,0.5540231742408782
1779790144.603187,10.0,10.0,5.869962257952109,0.12715476315720114,-0.05568408898692512,0.6212484064902872,0.10003130423054901,-0.09935757413648388,0.5540231742408782
1779790144.6131988,10.0,10.0,5.996441424852453,0.12692474082883287,-0.056167517667267804,0.6213197726956009,0.10061206511804902,-0.09902227168175094,0.5540231742408782
1779790144.6231892,10.0,10.0,6.165818587895054,0.12671599917979626,-0.05665833696137501,0.6214095150771277,0.10121780269304886,-0.09867254892976651,0.5540231742408782
1779790144.6332557,10.0,10.0,6.399642663133184,0.12653122194288804,-0.05715614323450427,0.6215158760289337,0.10179554115554898,-0.09833899147292086,0.5540231742408782
1779790144.643229,10.0,10.0,6.62959759214834,0.12635966767429177,-0.05766330770667725,0.6216372341654735,0.10240500956804896,-0.09798711472090142,0.5540231742408782
1779790144.6532154,10.0,10.0,6.850185096486035,0.1261868592032742,-0.058172768708021516,0.6217548597623415,0.102983543799299,-0.0976530978267538,0.5540231742408782
1779790144.6632133,10.0,10.0,7.0909505354128255,0.12601477515437137,-0.058692099962660095,0.6218594841378647,0.10358309342429903,-0.0973069476893675,0.5540231742408782
1779790144.673175,10.0,10.0,7.33997000775644,0.1258390605899285,-0.059201026656776616,0.6219486061290501,0.10415932663679892,-0.09697425928901468,0.5540231742408782
1779790144.6831775,10.0,10.0,7.5554813713963345,0.12566079748848175,-0.05970668344294976,0.6220185551759536,0.10476098006804899,-0.0966268945185236,0.5540231742408782
1779790144.693215,10.0,10.0,7.7735570553099365,0.1254903566516644,-0.060198311973783586,0.6220626796535804,0.10476098006804899,-0.0966268945185236,0.5540231742408782
1779790144.7032099,10.0,10.0,8.000130892334179,0.12532803838797732,-0.06068277365393975,0.6220798812120367,0.10533606077429902,-0.09629487151796438,0.5540231742408782
1779790144.713203,10.0,10.0,8.211155479213554,0.12518512045246866,-0.061167423173820026,0.6220801902928501,0.10594717815554897,-0.09594204273339327,0.5540231742408782
1779790144.7232118,10.0,10.0,8.409091891072348,0.12505768533958125,-0.061648293582113954,0.6220709311487685,0.10652481857429896,-0.09560854188213314,0.5540231742408782
1779790144.733206,10.0,10.0,8.579612744967912,0.12495123459867498,-0.062128188221449616,0.6220620387343051,0.1071313857242989,-0.0952583401747991,0.5540231742408782
1779790144.743203,10.0,10.0,8.722799029364086,0.12488023299949184,-0.06260707755105906,0.6220398129316883,0.10771789609304902,-0.09491971825551872,0.5540231742408782
1779790144.7531936,10.0,10.0,8.89120616460866,0.1248349050472881,-0.06306977622892684,0.6220059360900538,0.10830045591179899,-0.09458337718734436,0.5540231742408782
1779790144.7632194,10.0,10.0,9.039492869537355,0.12482082498488689,-0.06352002282696248,0.6219542653464778,0.10888707113054896,-0.09424469473288832,0.5540231742408782
1779790144.7731752,10.0,10.0,9.143789193004823,0.12481466105064816,-0.0639336767480886,0.6218844837295712,0.10949423453054888,-0.0938941487804563,0.5540231742408782
1779790144.783152,10.0,10.0,9.214220316725084,0.12482767124536397,-0.06434519697401073,0.6217847838150453,0.11009959674929903,-0.09354464274050366,0.5540231742408782
1779790144.7932174,10.0,10.0,9.255608873210553,0.12486012881440255,-0.06474721524802722,0.6216612587025943,0.11069522338679902,-0.09320075754100653,0.5540231742408782
1779790144.8033285,10.0,10.0,9.25948150579744,0.12490860929355538,-0.06513122274221424,0.6215143083838691,0.11130096096179887,-0.0928510347890221,0.5540231742408782
1779790144.813195,10.0,10.0,9.22632966138967,0.12497884335953365,-0.06550477746356302,0.6213376430394223,0.11192197569929896,-0.09249249176315569,0.5540231742408782
1779790144.8231928,10.0,10.0,9.153246735071004,0.12506345733182675,-0.06586173683465014,0.6211377473945794,0.11250994969304887,-0.09215302481958769,0.5540231742408782
1779790144.8331847,10.0,10.0,9.02485164211571,0.12515733327193332,-0.0662115280063562,0.6209018062606898,0.11309405475554898,-0.09181579160451821,0.5540231742408782
1779790144.8432052,10.0,10.0,8.847783938992212,0.1252546165416108,-0.06654110709462681,0.6206381457124869,0.11370582924929892,-0.09146258343586833,0.5540231742408782
1779790144.853285,10.0,10.0,8.61625902706954,0.12534785557173306,-0.06684839218376006,0.6203525333521013,0.11428206639929894,-0.09112989276219877,0.5540231742408782
1779790144.8632338,10.0,10.0,8.354904837684883,0.12543715337881434,-0.06713727737928178,0.6200652049223289,0.11488400552429887,-0.0907823630463443,0.5540231742408782
1779790144.873181,10.0,10.0,8.074372750339762,0.12552737036289224,-0.06741734403651875,0.6197698165571311,0.11488400552429887,-0.0907823630463443,0.5540231742408782
1779790144.8831778,10.0,10.0,7.820323491956133,0.12561584224954453,-0.06768759923243353,0.6194787282929977,0.1154680514680489,-0.09044516396350111,0.5540231742408782
1779790144.8931873,10.0,10.0,7.582358873472977,0.12568900658022153,-0.06794316064462835,0.6192047273689996,0.116057552143049,-0.09010481559010232,0.5540231742408782
1779790144.9032092,10.0,10.0,7.344756846111544,0.12572532043522414,-0.0681892921875619,0.6189460400724265,0.11663904399929895,-0.08976909111036485,0.5540231742408782
1779790144.9132717,10.0,10.0,7.11798038186858,0.12574013980825766,-0.06842676547215716,0.6187004609101152,0.11724653651804892,-0.08941835514113387,0.5540231742408782
1779790144.9232342,10.0,10.0,6.907862194779931,0.12574487848344038,-0.06866505353951169,0.618487320579831,0.11783390745554886,-0.08907923637225411,0.5540231742408782
1779790144.9332345,10.0,10.0,6.6991795372648095,0.1257411853291399,-0.06890333018107889,0.6183071450468944,0.11843250015554888,-0.08873363871577415,0.5540231742408782
1779790144.9431813,10.0,10.0,6.51029267810981,0.1257303822527803,-0.06913518819871044,0.6181653521186242,0.11902377551804896,-0.08839226572606955,0.5540231742408782
1779790144.9532096,10.0,10.0,6.340753695836093,0.12570520266819332,-0.06935723560013993,0.6180643792025025,0.11961622363679894,-0.08805021564522834,0.5540231742408782
1779790144.963207,10.0,10.0,6.184617205270662,0.1256556120136847,-0.06957855435566915,0.6179858610149537,0.12021466530554903,-0.0877047051866812,0.5540231742408782
1779790144.9731581,10.0,10.0,6.061703085905262,0.12558741744321428,-0.06979238795403175,0.6179206709896976,0.1208026268680489,-0.08736524542029875,0.5540231742408782
1779790144.9831758,10.0,10.0,5.951152066209581,0.12550517612559958,-0.06999728779406249,0.617863768598571,0.12140244081179905,-0.08701894267841091,0.5540231742408782
1779790144.993184,10.0,10.0,5.852601130942235,0.1254065279514639,-0.07018813979231119,0.6178184020557711,0.12200411280554901,-0.0866715671908555,0.5540231742408782
1779790145.0032172,10.0,10.0,5.808091384511793,0.1252955547693913,-0.0703729894387389,0.6177899287663525,0.12258740916179897,-0.08633480088255727,0.5540231742408782
1779790145.0131946,10.0,10.0,5.829135509502162,0.12516329830799647,-0.07056150011750725,0.617779367665343,0.12318265487429902,-0.08599113561021139,0.5540231742408782
1779790145.0232017,10.0,10.0,5.875741586726491,0.12502846332264975,-0.07074550577553879,0.617799492410048,0.12378465598679886,-0.08564357010585714,0.5540231742408782
1779790145.0332162,10.0,10.0,5.949839002141838,0.12488381972093668,-0.07092384486876664,0.6178476687969602,0.12438246703679895,-0.08529842373521507,0.5540231742408782
1779790145.0431721,10.0,10.0,6.061901641798948,0.12473106587728902,-0.07110283238590538,0.6179263634311762,0.12496041739304903,-0.08496474394145585,0.5540231742408782
1779790145.0532167,10.0,10.0,6.20599701209364,0.12458240669428354,-0.07128394977066728,0.6180277206948528,0.12555009840554887,-0.08462429145015304,0.5540231742408782
1779790145.063209,10.0,10.0,6.402132428442926,0.12445459031913228,-0.071450663966312,0.6181503553558195,0.12555009840554887,-0.08462429145015304,0.5540231742408782
1779790145.0735614,10.0,10.0,6.640156308517415,0.12432780087868225,-0.07162133329828832,0.6182864168000466,0.12613885686179893,-0.0842843715969494,0.5540231742408782
1779790145.083208,10.0,10.0,6.862934927984809,0.12419487079004426,-0.07178297808514555,0.6184241584323436,0.12672118791179895,-0.08394816260847442,0.5540231742408782
1779790145.0931776,10.0,10.0,7.077058295704327,0.12406842734253036,-0.07194480762586103,0.6185572912111051,0.12730915059929893,-0.08360870219257285,0.5540231742408782
1779790145.1031885,10.0,10.0,7.276834978792148,0.12394203783047489,-0.07210536903452293,0.6186831201065772,0.12789250050554893,-0.08327190496716767,0.5540231742408782
1779790145.1131983,10.0,10.0,7.4748087181517775,0.12382830887900412,-0.07225384445188517,0.6187950835814844,0.12849605541179904,-0.08292344237957346,0.5540231742408782
1779790145.1231883,10.0,10.0,7.6718212813570865,0.12372940660504637,-0.07240059021121353,0.6188876869039841,0.12907320324929886,-0.08259022592023073,0.5540231742408782
1779790145.1331935,10.0,10.0,7.865954366302904,0.1236526874122277,-0.07253277643174383,0.6189610505783457,0.129651895880549,-0.0822561175738004,0.5540231742408782
1779790145.1432,10.0,10.0,8.04570826767337,0.12360068679832874,-0.07265425505572298,0.619014011216739,0.13023992736179887,-0.08191661743980881,0.5540231742408782
1779790145.153207,10.0,10.0,8.218668174215026,0.12356864512517234,-0.07276186612326103,0.6190487963258278,0.13081946588054885,-0.08158202072000276,0.5540231742408782
1779790145.163174,10.0,10.0,8.38928316818592,0.12353746858638104,-0.0728674562531621,0.6190759834811757,0.1314046806430489,-0.08124414681933963,0.5540231742408782
1779790145.1731806,10.0,10.0,8.546797102861973,0.12353157986509403,-0.07296385324997051,0.6190975710361954,0.131984194355549,-0.08090956442142859,0.5540231742408782
1779790145.1831782,10.0,10.0,8.713066413450896,0.12354370563090175,-0.07305027645965678,0.6191017685414755,0.132562703836799,-0.08057556181670017,0.5540231742408782
1779790145.1931987,10.0,10.0,8.868464636707383,0.12357867084183265,-0.0731231943426589,0.6190924663497741,0.13317354840554893,-0.08022289054049937,0.5540231742408782
1779790145.2031782,10.0,10.0,8.981396672456857,0.12363208800053417,-0.07317727070066475,0.619074023744872,0.1337633708867989,-0.07988235637217561,0.5540231742408782
1779790145.2131958,10.0,10.0,9.047524542874948,0.12370381029923776,-0.07322532493228054,0.6190334171923056,0.13434688988054888,-0.07954546152405678,0.5540231742408782
1779790145.2232172,10.0,10.0,9.054000610934642,0.1237858699481146,-0.07326302923960848,0.6189732005114982,0.13492055044304896,-0.0792142584438739,0.5540231742408782
1779790145.233226,10.0,10.0,8.998563902618459,0.12386762935029233,-0.07328294068205381,0.6188934347610013,0.13549713701804889,-0.07888136602958656,0.5540231742408782
1779790145.2431965,10.0,10.0,8.899946039627803,0.12395204586197833,-0.07328814265332306,0.6187831854745475,0.13608261891179904,-0.07854333790062427,0.5540231742408782
1779790145.2531986,10.0,10.0,8.75417133056524,0.12403444641048841,-0.07328722309053903,0.6186506402860693,0.13666036524929903,-0.07820977589714533,0.5540231742408782
1779790145.2632177,10.0,10.0,8.579004598989512,0.12410058704241783,-0.07327796391613643,0.6184998794187595,0.1372362192242989,-0.07787730644966523,0.5540231742408782
1779790145.2732153,10.0,10.0,8.383120827391195,0.12415203179018844,-0.07326278121924436,0.6183410960247628,0.13782775716179893,-0.07753578186221372,0.5540231742408782
1779790145.2831972,10.0,10.0,8.183783082094857,0.12419593528865737,-0.07324231907957567,0.6181883858892335,0.13840878236804902,-0.07720032680297927,0.5540231742408782
1779790145.2932029,10.0,10.0,7.9809149371083725,0.12423567441863397,-0.07322535485164523,0.6180493910504682,0.13898914764929887,-0.07686525275162136,0.5540231742408782
1779790145.3031867,10.0,10.0,7.786257326943156,0.12427031374139204,-0.07320494053878006,0.6179226634588569,0.139570035380549,-0.07652987706361515,0.5540231742408782
1779790145.3132126,10.0,10.0,7.59648487673787,0.12429450975203299,-0.07318527202179613,0.6178184649445692,0.14014831879304904,-0.07619600497974036,0.5540231742408782
1779790145.3232574,10.0,10.0,7.41553133923276,0.12430963107684234,-0.07316728965487954,0.6177424800376339,0.1407321669617989,-0.07585892008234675,0.5540231742408782
1779790145.3331988,10.0,10.0,7.244777627767068,0.12431740539159389,-0.07315245425511886,0.6176946111724803,0.14132245659929896,-0.07551811620123625,0.5540231742408782
1779790145.3432245,10.0,10.0,7.088048288028546,0.12431167721657088,-0.0731485012674876,0.6176781207511752,0.14132245659929896,-0.07551811620123625,0.5540231742408782
1779790145.3532043,10.0,10.0,6.941916126100738,0.12430188021284133,-0.07314801760091948,0.6176903353405377,0.141907389043049,-0.07518040529737942,0.5540231742408782
1779790145.3632035,10.0,10.0,6.824934723412057,0.12428734376055527,-0.0731530108586713,0.617709493249316,0.14251117440554897,-0.0748318096558073,0.5540231742408782
1779790145.3731654,10.0,10.0,6.739128296230337,0.12426275325922789,-0.07316093186280909,0.6177292841048939,0.14308897997429887,-0.07449821345515027,0.5540231742408782
1779790145.3831718,10.0,10.0,6.674865956946448,0.12422539056556221,-0.07317444059257677,0.6177601319118773,0.1436774459305489,-0.07415846247690039,0.5540231742408782
1779790145.393183,10.0,10.0,6.623470134844802,0.12417857451265762,-0.07319445644162047,0.6178073730578313,0.14425739979929889,-0.07382362595466002,0.5540231742408782
1779790145.4042046,10.0,10.0,6.6051664868499484,0.12412833929299445,-0.07322143003368399,0.6178858920933379,0.144844064630549,-0.07348491485641369,0.5540231742408782
1779790145.4141898,10.0,10.0,6.621216168494634,0.12408037728512132,-0.07325030659070723,0.6179803103297156,0.14542944392429902,-0.07314694596358907,0.5540231742408782
1779790145.4241488,10.0,10.0,6.646554620446637,0.12402055557961997,-0.07328667999314323,0.6180996330272736,0.14600778094304892,-0.0728130429301315,0.5540231742408782
1779790145.4342277,10.0,10.0,6.712550422189898,0.12396043337755523,-0.07332863920505732,0.6182444988466462,0.1466002217492989,-0.07247099707116414,0.5540231742408782
1779790145.4441876,10.0,10.0,6.832754923077602,0.12389846550478592,-0.07337649743311013,0.6184179206092129,0.14718054759929888,-0.07213594578544895,0.5540231742408782
1779790145.4542167,10.0,10.0,6.985590433492739,0.1238365626982354,-0.07342811889119058,0.6186011376108667,0.147772062418049,-0.07179443454561393,0.5540231742408782
1779790145.464228,10.0,10.0,7.1706344388725825,0.12377613667253778,-0.07347803531512363,0.6187923447499662,0.1483826529055489,-0.07144190996329124,0.5540231742408782
1779790145.4741993,10.0,10.0,7.365640388976691,0.12372000535221524,-0.07352778887903974,0.6189820617398186,0.1489687056805489,-0.07110355223588566,0.5540231742408782
1779790145.484179,10.0,10.0,7.560227471425248,0.12366724878870668,-0.07357553490465135,0.6191613982446238,0.14954472188054901,-0.070770989127758,0.5540231742408782
1779790145.494202,10.0,10.0,7.744223143317352,0.12362648510983036,-0.0736198506859356,0.6193248502586807,0.15013079889929906,-0.07043261740321682,0.5540231742408782
1779790145.5041637,10.0,10.0,7.9321375480678356,0.12360658360714892,-0.07365546187105473,0.6194704755692212,0.15073542401804899,-0.07008353692814775,0.5540231742408782
1779790145.5142407,10.0,10.0,8.105943865259988,0.12360915467917545,-0.07368593676702224,0.6196095683677282,0.15132793131179886,-0.06974145268260443,0.5540231742408782
1779790145.5241694,10.0,10.0,8.232765597374518,0.12362515923695105,-0.07370779433345541,0.6197289013728403,0.15190874968679904,-0.0694061170374478,0.5540231742408782
1779790145.5341918,10.0,10.0,8.331377034464282,0.12365748567311743,-0.07372165247959606,0.6198237348847784,0.15251490092429895,-0.06905615545730762,0.5540231742408782
1779790145.5441823,10.0,10.0,8.41659864408516,0.12369624289076728,-0.07372881177751126,0.6198934030062672,0.15309119668679902,-0.06872343094369536,0.5540231742408782
1779790145.5542257,10.0,10.0,8.478884850028173,0.12374602460958257,-0.07372997291820972,0.6199369899971476,0.15371053933679904,-0.06836585329799723,0.5540231742408782
1779790145.5642176,10.0,10.0,8.501169403196485,0.12381416641574443,-0.07371981975695106,0.6199583931859589,0.15371053933679904,-0.06836585329799723,0.5540231742408782
1779790145.5742407,10.0,10.0,8.502172134843082,0.12389203778355933,-0.07370597050068149,0.6199713409740087,0.15432699703679895,-0.06800994127895824,0.5540231742408782
1779790145.5841897,10.0,10.0,8.473271287519704,0.12397632022374945,-0.07368938819892254,0.6199737734675952,0.15493715411804895,-0.06765766692385058,0.5540231742408782
1779790145.5941846,10.0,10.0,8.429014300994307,0.12406653427555173,-0.07366798761162739,0.619959496954587,0.15551553169304902,-0.06732374047523107,0.5540231742408782
1779790145.6041796,10.0,10.0,8.365391807854206,0.12415850710863131,-0.07364154888851851,0.6199299258549996,0.15610382805554904,-0.06698408741197842,0.5540231742408782
1779790145.6141787,10.0,10.0,8.261896931347456,0.1242350123637321,-0.07361282114627532,0.6198845836079161,0.15668835353054897,-0.066646611471639,0.5540231742408782
1779790145.624151,10.0,10.0,8.117097337822246,0.12428524020194585,-0.07358774965653608,0.6198324391229676,0.15729438248054892,-0.06629672049421982,0.5540231742408782
1779790145.6341956,10.0,10.0,7.962173664701635,0.12431710196973343,-0.0735652296386804,0.6197836014468628,0.1578742101242989,-0.06596195684801721,0.5540231742408782
1779790145.6441803,10.0,10.0,7.789541302745148,0.12433133544685557,-0.07354673737057559,0.6197469027154293,0.15847620111179886,-0.06561439718933434,0.5540231742408782
1779790145.6542294,10.0,10.0,7.602387457331812,0.12433969262311423,-0.07353211362526062,0.6197264150891854,0.15905403261179893,-0.06528078601726309,0.5540231742408782
1779790145.6642647,10.0,10.0,7.427407582291304,0.12434175638071625,-0.07352233438907285,0.6197314256357268,0.159644890374299,-0.06493965412903088,0.5540231742408782
1779790145.6741664,10.0,10.0,7.279196761180621,0.12433835294577243,-0.07351894975552657,0.6197458419931638,0.16023770704304893,-0.06459739126574802,0.5540231742408782
1779790145.6842582,10.0,10.0,7.156162828682301,0.1243331657571772,-0.07352036514320935,0.6197625147368531,0.16082743091804894,-0.06425691402776922,0.5540231742408782
1779790145.6941657,10.0,10.0,7.072153685686617,0.12432236526674045,-0.0735249542316965,0.6197839668405444,0.16141226751179902,-0.06391925846293565,0.5540231742408782
1779790145.7041733,10.0,10.0,7.0125203842634445,0.12431198995745724,-0.07352972617629933,0.6198240850112617,0.162020262736799,-0.06356823225611591,0.5540231742408782
1779790145.7141905,10.0,10.0,6.974371011496636,0.1242975753043602,-0.07353659749335677,0.6198859973874938,0.16260477471179904,-0.06323076411000508,0.5540231742408782
1779790145.7242434,10.0,10.0,6.949893363048494,0.1242785671233209,-0.07354640906913343,0.6199666179496093,0.16321267526804897,-0.06287979256021364,0.5540231742408782
1779790145.7342224,10.0,10.0,6.957827286348529,0.12425446894226312,-0.07355682587068696,0.6200655714681581,0.16383479346179905,-0.06252061245358428,0.5540231742408782
1779790145.7441976,10.0,10.0,6.988913509134823,0.12422152271768652,-0.07357213140035401,0.6201913518478368,0.16441502289929907,-0.06218561683165191,0.5540231742408782
1779790145.754245,10.0,10.0,7.026998437325221,0.1241790246436196,-0.07358728585804064,0.620342289380301,0.16500145721804907,-0.06184703881985956,0.5540231742408782
1779790145.7642078,10.0,10.0,7.080701092097336,0.12413577121037818,-0.07360714736713839,0.6205207506297213,0.16500145721804907,-0.06184703881985956,0.5540231742408782
1779790145.7741914,10.0,10.0,7.148195955762007,0.12409260272603077,-0.07363188671690972,0.6207110326118354,0.16558227958679897,-0.06151170086891045,0.5540231742408782
1779790145.784179,10.0,10.0,7.232538661343579,0.12404811052694859,-0.07366310264254654,0.6209041479235267,0.16617925088054888,-0.06116703933176545,0.5540231742408782
1779790145.7941546,10.0,10.0,7.337208928085884,0.12400416525446242,-0.07369350814536299,0.6211038477121066,0.1667611394680489,-0.06083108579913396,0.5540231742408782
1779790145.8041732,10.0,10.0,7.450967388697858,0.12396716735587626,-0.07372060623001053,0.6212984307734921,0.16735783575554905,-0.06048658303692128,0.5540231742408782
1779790145.8141692,10.0,10.0,7.575033515518453,0.12393977251211917,-0.07374772695715064,0.6214831090680717,0.16793984438054896,-0.06015056020060689,0.5540231742408782
1779790145.824171,10.0,10.0,7.700808745396368,0.12394934481759141,-0.07377419619901737,0.6216551568718696,0.168550651261799,-0.05979791068329432,0.5540231742408782
1779790145.8342028,10.0,10.0,7.815727458789078,0.12398549029757927,-0.07379709096416646,0.6218239015175594,0.1691407047617989,-0.0594572431362331,0.5540231742408782
1779790145.8441694,10.0,10.0,7.911922838622908,0.12404245031151018,-0.07381452111995922,0.6219790307040188,0.16972805657429887,-0.05911813540917722,0.5540231742408782
1779790145.8541648,10.0,10.0,7.98235408281813,0.12411063109937245,-0.07382986828364677,0.6221092581982881,0.170304722630549,-0.05878519710636869,0.5540231742408782
1779790145.8642204,10.0,10.0,8.02684393342642,0.1241894703690111,-0.07383509629792853,0.6222127695776888,0.17087881654304896,-0.05845374383144672,0.5540231742408782
1779790145.8742402,10.0,10.0,8.061910553837372,0.12427685451011382,-0.0738317789180737,0.6222824553918145,0.1714651584430489,-0.05811521917764459,0.5540231742408782
1779790145.8842468,10.0,10.0,8.077834063107804,0.1243658419162792,-0.07382364140667647,0.6223243568695401,0.17204921389304892,-0.05777801460636541,0.5540231742408782
1779790145.894174,10.0,10.0,8.044920496540435,0.12445147003633884,-0.0738097792124789,0.6223547165723756,0.1726337957867989,-0.05744050609264546,0.5540231742408782
1779790145.9041474,10.0,10.0,7.9689526724532715,0.12453553446937676,-0.07379524982979169,0.6223743795335874,0.17322129188054888,-0.05710131506477109,0.5540231742408782
1779790145.914233,10.0,10.0,7.867930873704963,0.1246043655534323,-0.07378026132120058,0.6223887649895317,0.17380251379304903,-0.0567657464371302,0.5540231742408782
1779790145.9242072,10.0,10.0,7.735217321004447,0.12465506811281812,-0.07376171967930352,0.6223999715429482,0.1744075220867989,-0.05641644473587176,0.5540231742408782
1779790145.934226,10.0,10.0,7.595674724739595,0.12468156597587943,-0.07374470266489788,0.6224100861724848,0.1749871665805489,-0.05608178683137094,0.5540231742408782
1779790145.9442,10.0,10.0,7.452908084073936,0.12469487443495553,-0.07372831552205754,0.6224162872873836,0.17557813644929907,-0.05574059021856506,0.5540231742408782
1779790145.9541953,10.0,10.0,7.328641913315981,0.12470438974051849,-0.07371110668972966,0.622427010150912,0.17615717513054904,-0.05540628208007417,0.5540231742408782
1779790145.9642246,10.0,10.0,7.2200609388891905,0.12470819633835734,-0.07369581703876278,0.6224409417069477,0.176768343193049,-0.055053424034669736,0.5540231742408782
1779790145.974163,10.0,10.0,7.1192370581437565,0.12470806363718723,-0.07368125739642283,0.622453362199481,0.176768343193049,-0.055053424034669736,0.5540231742408782
1779790145.9841757,10.0,10.0,7.051448680136135,0.12470342969178708,-0.07366900760093538,0.6224738986856079,0.177384058168049,-0.05469794082810938,0.5540231742408782
1779790145.9941761,10.0,10.0,7.000058123826422,0.12469699642301604,-0.07365521948461137,0.622508086352077,0.17797802003054894,-0.05435501678690667,0.5540231742408782
1779790146.004166,10.0,10.0,6.94623747768173,0.12468270082231864,-0.07364130422702993,0.6225579282469433,0.178563960080549,-0.054016724141310146,0.5540231742408782
1779790146.0142138,10.0,10.0,6.906529378662503,0.12466487684045013,-0.07363186263279271,0.6226298378837841,0.179140969318049,-0.05368358770271464,0.5540231742408782
1779790146.0241692,10.0,10.0,6.883679965519498,0.12464176888512914,-0.0736191769491158,0.6227201122859503,0.179729022230549,-0.053344075195385005,0.5540231742408782
1779790146.0342262,10.0,10.0,6.863716453494425,0.12460759314779583,-0.07360818040531454,0.6228414672902243,0.18031399298054904,-0.053006342175404446,0.5540231742408782
1779790146.044183,10.0,10.0,6.850610917948198,0.12456798014310627,-0.0735980608461375,0.6229870830511582,0.18089258976179903,-0.0526722891679975,0.5540231742408782
1779790146.0541706,10.0,10.0,6.86994141442982,0.12452626720510324,-0.07359335440833885,0.6231556646903361,0.18148181036804897,-0.05233210249236703,0.5540231742408782
1779790146.064183,10.0,10.0,6.928542928966819,0.12447637874520134,-0.07359371007213962,0.6233509270029678,0.18206449247429904,-0.051995690821471555,0.5540231742408782
1779790146.0742354,10.0,10.0,7.009079135333707,0.12442373829020309,-0.07359466411666456,0.6235711986181034,0.1826560112305489,-0.051654177308320004,0.5540231742408782
1779790146.0842443,10.0,10.0,7.11375161044556,0.12436764799348593,-0.07360130436210008,0.6237982716918576,0.18324015471179897,-0.051316921912174886,0.5540231742408782
1779790146.0941765,10.0,10.0,7.228501853992326,0.12430661091358962,-0.0736154235639531,0.6240358374343526,0.18382906476179903,-0.0509769145362789,0.5540231742408782
1779790146.104166,10.0,10.0,7.338997533201773,0.12424816076990809,-0.07362740944185794,0.6242825472883728,0.18441634665554898,-0.05063784717683215,0.5540231742408782
1779790146.1141822,10.0,10.0,7.45872893834091,0.12420345451716878,-0.07363954228187031,0.6245306261797274,0.18499338238679894,-0.050304695442062966,0.5540231742408782
1779790146.1241407,10.0,10.0,7.581363875094847,0.12418171032249824,-0.07365497717914404,0.6247883096816383,0.18558510971804906,-0.04996306150807886,0.5540231742408782
1779790146.1341772,10.0,10.0,7.690342423900619,0.12418860479695891,-0.07366985179515952,0.6250386674253071,0.18616743171179892,-0.04962685774823233,0.5540231742408782
1779790146.144213,10.0,10.0,7.805370584374043,0.12421773070184393,-0.07368509833625021,0.6252760706018113,0.18676000442429905,-0.04928473573315597,0.5540231742408782
1779790146.1541815,10.0,10.0,7.907586902648069,0.12426728992434855,-0.07369857103584748,0.625505425169852,0.18734202148679904,-0.048948708025448616,0.5540231742408782
1779790146.164184,10.0,10.0,7.983254782645224,0.12432598663000076,-0.07371140003010644,0.6257114999811049,0.18793063341179897,-0.048608872772101686,0.5540231742408782
1779790146.1741714,10.0,10.0,8.048145797289763,0.12438763320684476,-0.07372429287686003,0.62589688025966,0.1885094804492989,-0.048274675279181486,0.5540231742408782
1779790146.184185,10.0,10.0,8.100567293414445,0.12445836716436504,-0.07373043703186427,0.6260554073199067,0.18908954929304903,-0.04793977237609385,0.5540231742408782
1779790146.1941824,10.0,10.0,8.139453150381257,0.12453006076142435,-0.07373150448315223,0.62618796816948,0.18967032373679896,-0.04760446209465637,0.5540231742408782
1779790146.2041755,10.0,10.0,8.14756591401129,0.12461581160426621,-0.07373216342293357,0.6262965008679152,0.19026063368054888,-0.04726364648972703,0.5540231742408782
1779790146.2141612,10.0,10.0,8.147350533576251,0.12471217022370226,-0.07371984392372974,0.6263731940109879,0.19084381061804898,-0.046926949127876184,0.5540231742408782
1779790146.2241676,10.0,10.0,8.119172908164035,0.12481642248125399,-0.07370270447985838,0.6264288692035653,0.19084381061804898,-0.046926949127876184,0.5540231742408782
1779790146.2341723,10.0,10.0,8.039977535777872,0.12491875188337065,-0.07367983254511909,0.6264732380215757,0.19145059134929895,-0.0465766241093499,0.5540231742408782
1779790146.2442577,10.0,10.0,7.905505123184146,0.12499406680985069,-0.0736598757977292,0.626503795330735,0.19204107319304894,-0.04623570925790928,0.5540231742408782
1779790146.2542624,10.0,10.0,7.749442160067607,0.12504821287117535,-0.07363926845113326,0.6265243761820204,0.192620335018049,-0.04590127228731421,0.5540231742408782
1779790146.2643192,10.0,10.0,7.5821520513508105,0.12507720678956086,-0.07361885160206598,0.6265356104635961,0.19321449015554895,-0.04555823665873822,0.5540231742408782
1779790146.2742436,10.0,10.0,7.398972340006886,0.12509149739319486,-0.0736019693915608,0.6265465212394471,0.19380893278679892,-0.04521503504556827,0.5540231742408782
1779790146.2841744,10.0,10.0,7.229116886211391,0.12510117087995834,-0.07358437210323923,0.6265600097329082,0.19438616235554892,-0.04488177139866625,0.5540231742408782
1779790146.2941906,10.0,10.0,7.0941115801208365,0.12510155555580263,-0.07356392834772192,0.6265839905410845,0.19499520411179896,-0.044530140976747554,0.5540231742408782
1779790146.3041708,10.0,10.0,6.987717151131567,0.12509579668255433,-0.07354978098689645,0.6266226695075002,0.19558511451179902,-0.04418955604850977,0.5540231742408782
1779790146.3141396,10.0,10.0,6.89076642319025,0.1250864679864499,-0.07353949806330035,0.6266777529984533,0.19617633801179898,-0.043848213001633544,0.5540231742408782
1779790146.3241687,10.0,10.0,6.8153245963149045,0.12506979855080472,-0.07353180775685056,0.626753285741089,0.19677889031804888,-0.043500329265419344,0.5540231742408782
1779790146.3341656,10.0,10.0,6.755319920943536,0.12504493451984144,-0.07352436966330339,0.6268530778641731,0.19735883293679893,-0.04316549923836947,0.5540231742408782
1779790146.3442104,10.0,10.0,6.7075760257501695,0.12501204911063557,-0.07352433364571519,0.6269762568244911,0.197970401724299,-0.04281240983427831,0.5540231742408782
1779790146.3542085,10.0,10.0,6.690219549175006,0.12496942568933768,-0.07352620218707477,0.6271399029560747,0.19854890445554904,-0.04247841112666418,0.5540231742408782
1779790146.3642828,10.0,10.0,6.673051954127108,0.12491912099426596,-0.07352672297863176,0.627335702984416,0.199132596980549,-0.042141416090231476,0.5540231742408782
1779790146.37419,10.0,10.0,6.677475044562477,0.12486012845746347,-0.07353079355994696,0.6275677458238914,0.199717579599299,-0.041803676217824916,0.5540231742408782
1779790146.3841403,10.0,10.0,6.70050069852847,0.12479066753780053,-0.07354438931177625,0.6278427759566593,0.20030388763679893,-0.04146517111454627,0.5540231742408782
1779790146.3942027,10.0,10.0,6.731952285180016,0.12471131795716664,-0.073562042875718,0.6281573001385998,0.20088193384304895,-0.04113143598176379,0.5540231742408782
1779790146.4041948,10.0,10.0,6.796550143776854,0.12462392854386481,-0.07358542542938414,0.6285036643191019,0.20146568334929907,-0.04079440804719099,0.5540231742408782
1779790146.4141896,10.0,10.0,6.898803484487278,0.12453397480800386,-0.07360997422828797,0.6288575496712556,0.20205549058679897,-0.04045388267985043,0.5540231742408782
1779790146.4241924,10.0,10.0,7.029606112566721,0.12443871589516947,-0.07363691756991543,0.6292249405013379,0.20266743754304897,-0.0401005749399297,0.5540231742408782
1779790146.434168,10.0,10.0,7.17607801808451,0.1243466195614041,-0.07365836533828113,0.629592708116624,0.20325415986179904,-0.0397618306512598,0.5540231742408782
1779790146.4441826,10.0,10.0,7.335560278633731,0.12427120804705977,-0.07368440559868379,0.629974063784899,0.20325415986179904,-0.0397618306512598,0.5540231742408782
1779790146.4541774,10.0,10.0,7.519172224743435,0.12422930358432202,-0.0737093014233792,0.6303583508441578,0.20384181654929887,-0.039422546904540695,0.5540231742408782
1779790146.4642408,10.0,10.0,7.709054310227722,0.12422423845544135,-0.07373128934549508,0.6307369119727426,0.20443598468054888,-0.0390795037740196,0.5540231742408782
1779790146.4741762,10.0,10.0,7.896620496776237,0.1242463765041352,-0.07374642143739166,0.6311103719194111,0.205028934380549,-0.03873716410510862,0.5540231742408782
1779790146.4841983,10.0,10.0,8.053392584674542,0.12428356486824822,-0.07376377448799619,0.6314693223994808,0.20561957912429904,-0.038396155203309086,0.5540231742408782
1779790146.4941678,10.0,10.0,8.193254436102954,0.12432589328105313,-0.07378216516597638,0.631810699371653,0.20619666446804893,-0.038062974824749726,0.5540231742408782
1779790146.5042195,10.0,10.0,8.299620722352197,0.12437041194898804,-0.07380043799196928,0.6321282808940134,0.206794422474299,-0.037717859078930986,0.5540231742408782
1779790146.5141683,10.0,10.0,8.383939313010554,0.12441730941517401,-0.07381433975311918,0.6324132586222118,0.20737696198679886,-0.03738152973457558,0.5540231742408782
1779790146.524176,10.0,10.0,8.451645149206998,0.12447694554058565,-0.07382874950489612,0.6326725012698321,0.2079684757367989,-0.0370400191117837,0.5540231742408782
1779790146.5342484,10.0,10.0,8.501397362133746,0.12454494517138198,-0.07383529518741234,0.6328882121948413,0.20854950606179903,-0.03670456109723755,0.5540231742408782
1779790146.544147,10.0,10.0,8.53288486760846,0.12463112749334475,-0.07384002550863578,0.6330687166733842,0.20916212700554906,-0.036350864230452265,0.5540231742408782
1779790146.554197,10.0,10.0,8.548847217033181,0.12472562929188526,-0.07383496622072354,0.6332126515070553,0.20973957021179893,-0.036017477239882176,0.5540231742408782
1779790146.5641975,10.0,10.0,8.527670403815712,0.12483512163520884,-0.07382308727564632,0.6333219515092339,0.21034769391179894,-0.03566637685798657,0.5540231742408782
1779790146.5742874,10.0,10.0,8.466532714725629,0.12494265701640116,-0.0738053378621237,0.6333882944129815,0.21094618119929906,-0.03532084006144183,0.5540231742408782
1779790146.5841856,10.0,10.0,8.361878865756639,0.12505069671726626,-0.07378002352063663,0.633430185749804,0.21153126354929888,-0.034983042609171316,0.5540231742408782
1779790146.594179,10.0,10.0,8.213399046439324,0.12513997713530867,-0.07375538727803482,0.6334569918801892,0.2121403943492989,-0.034631360777819614,0.5540231742408782
1779790146.6042929,10.0,10.0,8.029871932655993,0.12520811944611063,-0.07373028725878947,0.6334739462768085,0.21272664270554895,-0.03429289013152669,0.5540231742408782
1779790146.6142225,10.0,10.0,7.849949878073269,0.12526378645614716,-0.07370694163442833,0.6334859421614099,0.2133289086992989,-0.03394517169791139,0.5540231742408782
1779790146.6241894,10.0,10.0,7.668191074645698,0.12530737371496684,-0.07368178843711407,0.633495587947625,0.21391291464929904,-0.033607995705470475,0.5540231742408782
1779790146.6342125,10.0,10.0,7.470630514541709,0.12534042223032144,-0.0736535921294014,0.633500537437109,0.21449703551804908,-0.033270753364658366,0.5540231742408782
1779790146.6441867,10.0,10.0,7.305307789746142,0.12536102720782233,-0.07362679830252632,0.6335042772175171,0.21449703551804908,-0.033270753364658366,0.5540231742408782
1779790146.6541886,10.0,10.0,7.180390207292319,0.1253730131765641,-0.07360374833808617,0.6335115112433017,0.21507785051804892,-0.03293541966805905,0.5540231742408782
1779790146.664185,10.0,10.0,7.083088710986498,0.12537762591287885,-0.0735781886562338,0.6335301794202196,0.21568611174929894,-0.032584239882459246,0.5540231742408782
1779790146.674219,10.0,10.0,7.012652444336837,0.12537323432861328,-0.07355518657045561,0.6335616745194527,0.21626927400554904,-0.03224755099683204,0.5540231742408782
1779790146.6842082,10.0,10.0,6.965872787561105,0.12535989677960402,-0.07353451367223943,0.6336111831807378,0.216870620255549,-0.03190036357751836,0.5540231742408782
1779790146.6942165,10.0,10.0,6.929898263386276,0.12533869390271699,-0.07351857693366051,0.6336886850821288,0.21744967131179907,-0.031566048294317875,0.5540231742408782
1779790146.7042372,10.0,10.0,6.897459895629239,0.12530822963952556,-0.07350931881179473,0.6337946704557184,0.21804163759304893,-0.031224276402487067,0.5540231742408782
1779790146.7141788,10.0,10.0,6.866125562784149,0.125271360400994,-0.07350306549222031,0.6339329242030339,0.21862065484304896,-0.03088998063733412,0.5540231742408782
1779790146.724194,10.0,10.0,6.847228342513769,0.1252231327840905,-0.07350074977019944,0.6341057511587703,0.21920915798054888,-0.030550208192479604,0.5540231742408782
1779790146.7341695,10.0,10.0,6.827375143736961,0.1251639497002118,-0.07350463804509214,0.634317753974165,0.219787439761799,-0.03021633705040739,0.5540231742408782
1779790146.744201,10.0,10.0,6.820496590120713,0.12509710396896676,-0.07351023703302928,0.6345605718136285,0.220370895643049,-0.02987947864030744,0.5540231742408782
1779790146.7541716,10.0,10.0,6.840764882424489,0.12502233660433723,-0.07351904939743173,0.634834702878708,0.22097847439304888,-0.029528692885441105,0.5540231742408782
1779790146.7643116,10.0,10.0,6.8984772784035835,0.12493703603186622,-0.07353431079827143,0.6351404788508676,0.22155495898679897,-0.02919585935005581,0.5540231742408782
1779790146.7741764,10.0,10.0,6.989856588099901,0.12484990178437506,-0.07355004411563766,0.6354744627916186,0.22216185244304895,-0.028845469249720472,0.5540231742408782
1779790146.7842226,10.0,10.0,7.111477967641451,0.1247567785510605,-0.07357151961390465,0.6358195506905581,0.2227736269367989,-0.0284922610810706,0.5540231742408782
1779790146.7941906,10.0,10.0,7.252061237991501,0.12466131391398419,-0.07359640772484413,0.6361777788694533,0.22335196221179907,-0.028158359054367407,0.5540231742408782
1779790146.8042758,10.0,10.0,7.400431739959708,0.12457242117655176,-0.07362349832671486,0.6365379130763007,0.22395998280554894,-0.02780731820089307,0.5540231742408782
1779790146.8141613,10.0,10.0,7.582627733265064,0.12451040154857736,-0.07365137218912268,0.6369111363264738,0.22453704053054888,-0.027474153768026387,0.5540231742408782
1779790146.824172,10.0,10.0,7.757455106588142,0.12447592260779122,-0.0736752810459271,0.637292541039685,0.22511811591179895,-0.027138669740242205,0.5540231742408782
1779790146.8341768,10.0,10.0,7.941479204235948,0.12445847527874046,-0.07370467637481806,0.6376851611099343,0.22573025445554903,-0.026785251387226747,0.5540231742408782
1779790146.8441749,10.0,10.0,8.113208798507344,0.1244648707767593,-0.07372834695240126,0.6380734305661337,0.22631525394929905,-0.026447501772034393,0.5540231742408782
1779790146.8541653,10.0,10.0,8.269194577661088,0.12448793933446023,-0.07374890699700663,0.6384431576280729,0.22631525394929905,-0.026447501772034393,0.5540231742408782
1779790146.8642218,10.0,10.0,8.424053615909147,0.1245226703225717,-0.07376413305407956,0.6387889595944352,0.22689222656804894,-0.026114386475284086,0.5540231742408782
1779790146.8741732,10.0,10.0,8.555765006414891,0.1245638044653352,-0.07378203855020768,0.6391098316103762,0.22751380481804892,-0.0257555181053242,0.5540231742408782
1779790146.8842266,10.0,10.0,8.682558849489649,0.12461716461117936,-0.07379126819360396,0.6393944817635372,0.22811117571179892,-0.025410625859011573,0.5540231742408782
1779790146.8941948,10.0,10.0,8.795746201574024,0.12468107410651635,-0.07379663591658873,0.6396471469799654,0.22878551055554888,-0.0250212984554486,0.5540231742408782
1779790146.9041624,10.0,10.0,8.863813051759804,0.12475089787359024,-0.07379253875533597,0.6398597455242151,0.22938441038054888,-0.02467552348026721,0.5540231742408782
1779790146.9142318,10.0,10.0,8.905256196949573,0.12483591851889456,-0.07378361172785966,0.6400316502911098,0.22997016278054902,-0.02433733917444866,0.5540231742408782
1779790146.9241436,10.0,10.0,8.936333436520366,0.12493509125803495,-0.07375882854850795,0.6401663708068687,0.23055280208054899,-0.02400095221775323,0.5540231742408782
1779790146.9342408,10.0,10.0,8.935128452173975,0.1250515753772339,-0.0737252686666769,0.6402652658876334,0.23116828198679898,-0.023645604728199,0.5540231742408782
1779790146.9442182,10.0,10.0,8.878993856913166,0.12517236185731065,-0.07368532858844577,0.640327961371083,0.23177810488679892,-0.023293523312726043,0.5540231742408782
1779790146.9541962,10.0,10.0,8.77129493775454,0.12529493039608242,-0.07364079396995467,0.6403711541297732,0.23236849487429886,-0.02295266149451608,0.5540231742408782
1779790146.9642315,10.0,10.0,8.6189450978102,0.1253986275303201,-0.07358999476570285,0.6404042859009587,0.23295414692429892,-0.022614535125797107,0.5540231742408782
1779790146.9741657,10.0,10.0,8.424257974339195,0.12548911241001426,-0.07353685164039231,0.6404291074318796,0.23355251704304905,-0.02226906597666167,0.5540231742408782
1779790146.9841928,10.0,10.0,8.208155279216763,0.12557291712866675,-0.07348061506880267,0.640438580430833,0.23413347069929905,-0.02193365222683905,0.5540231742408782
1779790146.9942398,10.0,10.0,8.00422356355168,0.12563922309372394,-0.07341758715259133,0.6404414610971004,0.23472523408679893,-0.021591997475769426,0.5540231742408782
1779790147.0042226,10.0,10.0,7.795861228833455,0.1256984643290225,-0.0733529717235817,0.6404430875241014,0.23472523408679893,-0.021591997475769426,0.5540231742408782
1779790147.0142007,10.0,10.0,7.5945123491909845,0.1257469687605582,-0.07329335325464718,0.6404424659472894,0.23533135658054902,-0.021242052490840907,0.5540231742408782
1779790147.024234,10.0,10.0,7.418408570562896,0.12578588174008556,-0.07322950176422663,0.6404443950070702,0.23593521804929893,-0.020893412909304916,0.5540231742408782
1779790147.0341818,10.0,10.0,7.255647884409796,0.1258100454040761,-0.07317155073089798,0.6404505064328391,0.23651054619929887,-0.02056124704703008,0.5540231742408782
1779790147.044255,10.0,10.0,7.116766878541497,0.1258295289958143,-0.07311824080707403,0.6404560946674569,0.23711400806804886,-0.020212838174661595,0.5540231742408782
1779790147.0542407,10.0,10.0,7.0063163098520285,0.12582968046360898,-0.07306801269252308,0.6404764370182445,0.23769521929304896,-0.019877275717451754,0.5540231742408782
1779790147.0642023,10.0,10.0,6.9150453157735114,0.12581959093685452,-0.07301802416287806,0.6405118717238805,0.23830760859929903,-0.019523712586639437,0.5540231742408782
1779790147.0741725,10.0,10.0,6.839353664570182,0.12579906841427177,-0.07297047399384964,0.6405681879719411,0.23891686118054892,-0.019171960444850332,0.5540231742408782
1779790147.0841823,10.0,10.0,6.781471109679383,0.12576656008234754,-0.0729201665842402,0.6406560981163919,0.239494159543049,-0.018838657079858174,0.5540231742408782
1779790147.0941913,10.0,10.0,6.7287501814533925,0.1257261034065836,-0.07287878593318471,0.6407811348950804,0.24007314799304905,-0.018504377942392965,0.5540231742408782
1779790147.1042035,10.0,10.0,6.691269436306948,0.12567542910032678,-0.07283545790236828,0.6409406933280196,0.24067434889304903,-0.018157274440940934,0.5540231742408782
1779790147.1142077,10.0,10.0,6.674886232982336,0.12561821324908784,-0.07279528687425561,0.6411336216594888,0.24128026455554905,-0.017807448870090354,0.5540231742408782
1779790147.1241953,10.0,10.0,6.668483100688831,0.125547337964244,-0.07275988911872003,0.6413703034922579,0.24185798726804905,-0.017473900506511503,0.5540231742408782
1779790147.134227,10.0,10.0,6.684611217099782,0.12546294356857393,-0.07272685370883532,0.6416504721992955,0.24243690872429893,-0.01713966004790598,0.5540231742408782
1779790147.1441653,10.0,10.0,6.725501035713268,0.12536845832402668,-0.0726953766281302,0.641964859710074,0.24302144775554899,-0.016802176280861912,0.5540231742408782
1779790147.154257,10.0,10.0,6.813532973086137,0.12526578879393074,-0.07266593158971443,0.6423172804231911,0.2436137160992989,-0.01646022999316541,0.5540231742408782
1779790147.1641965,10.0,10.0,6.941620195978116,0.12515834593277228,-0.07263723448192823,0.6426816331013089,0.24420450962429888,-0.016119135192471185,0.5540231742408782
1779790147.1741831,10.0,10.0,7.110089327871385,0.1250427513448816,-0.07261190041461414,0.6430669955110283,0.24481309153679906,-0.015767770261465273,0.5540231742408782
1779790147.1841612,10.0,10.0,7.306174045555961,0.1249344409249867,-0.07259087129024802,0.6434648616928786,0.24539827924304905,-0.015429911981735388,0.5540231742408782
1779790147.1942399,10.0,10.0,7.51758430110569,0.12484735204728412,-0.07257337653593166,0.6438710485261865,0.24539827924304905,-0.015429911981735388,0.5540231742408782
1779790147.2041934,10.0,10.0,7.7507100196180305,0.12479494523976632,-0.07255725749925176,0.6442917591181522,0.2460210494867989,-0.015070355413863118,0.5540231742408782
1779790147.2142146,10.0,10.0,7.971455858041189,0.12476636764322895,-0.07253862241390258,0.6447109741704286,0.24661862603054893,-0.014725344435467618,0.5540231742408782
1779790147.2242174,10.0,10.0,8.158122865414532,0.1247604712741967,-0.072524601436182,0.6451356401641539,0.24720188413679897,-0.014388600210817152,0.5540231742408782
1779790147.2341866,10.0,10.0,8.318999040082002,0.12476824711535618,-0.07250601509386317,0.6455300632805403,0.247810510543049,-0.014037209591332768,0.5540231742408782
1779790147.244248,10.0,10.0,8.464325303628708,0.12478958680592449,-0.0724863000795967,0.6459010391632575,0.2479648223492988,-0.013698149701355165,0.5540231742408782
1779790147.2541924,10.0,10.0,8.606113097756246,0.12482148456878857,-0.07246321384242776,0.6462286371864745,0.24737627016179883,-0.013358348937469908,0.5540231742408782
1779790147.264218,10.0,10.0,8.737301085041887,0.12486983074875992,-0.0724339381436649,0.6465198758905698,0.2467700135117988,-0.013008326497394394,0.5540231742408782
1779790147.274259,10.0,10.0,8.856970302947447,0.1249267434133732,-0.07240683659790083,0.6467629331779681,0.24618045028679872,-0.012667942010736281,0.5540231742408782
1779790147.2842314,10.0,10.0,8.943613074210626,0.12499847987083083,-0.07237466020346832,0.6469622160216602,0.2455931457805489,-0.012328861595956642,0.5540231742408782
1779790147.2942774,10.0,10.0,9.016139285985396,0.1250828089422586,-0.0723314222254337,0.6471069541802038,0.24499064646179877,-0.011981008452089709,0.5540231742408782
1779790147.304244,10.0,10.0,9.070641505238846,0.12517139272059036,-0.07228512080423932,0.6471999547801336,0.24438159570554877,-0.011629372834018629,0.5540231742408782
1779790147.3142035,10.0,10.0,9.1012814386521,0.125267568512492,-0.07223768204949194,0.6472598936248051,0.24379681654304883,-0.0112917504271328,0.5540231742408782
1779790147.3241982,10.0,10.0,9.092873575408067,0.12536140589133002,-0.07218629847495435,0.6472940745263692,0.24321276384929882,-0.010954547447175316,0.5540231742408782
1779790147.3341799,10.0,10.0,9.047393765754137,0.12546214527797944,-0.07213274935205168,0.6473191229427245,0.24263431866179877,-0.010620581962460716,0.5540231742408782
1779790147.3442395,10.0,10.0,8.965697545270526,0.12557917786051626,-0.07207809829504767,0.6473368599071704,0.24204729934304872,-0.010281666200760865,0.5540231742408782
1779790147.3542404,10.0,10.0,8.848489340984997,0.12570397042167536,-0.07201562154230258,0.6473399124814992,0.24146580467429876,-0.009945940097225736,0.5540231742408782
1779790147.364167,10.0,10.0,8.672964348887263,0.12582407258206296,-0.0719540486285798,0.6473305692938722,0.2408896492555487,-0.009613296611115336,0.5540231742408782
1779790147.374203,10.0,10.0,8.471733975479365,0.12593023900671388,-0.07189037216619389,0.647307524508901,0.2402956034117988,-0.009270324083315358,0.5540231742408782
1779790147.3841815,10.0,10.0,8.264550945847303,0.12602490993859838,-0.07182381834658481,0.647279173503269,0.23971205168054874,-0.008933410334192034,0.5540231742408782
1779790147.3942285,10.0,10.0,8.05462847727202,0.126117230992344,-0.07175764676615137,0.6472525309272261,0.23910609771179878,-0.008583562647217723,0.5540231742408782
1779790147.40418,10.0,10.0,7.85612422278654,0.12621055570522713,-0.07168981630985719,0.6472312010415888,0.23910609771179878,-0.008583562647217723,0.5540231742408782
1779790147.4141817,10.0,10.0,7.672149499609864,0.1262964516089811,-0.07161267091254235,0.6472109959194617,0.23852822903054885,-0.00824993000854183,0.5540231742408782
1779790147.424173,10.0,10.0,7.475840594073056,0.12637754427750522,-0.07153229491844644,0.6471892697316304,0.23792209129304884,-0.007899976222630226,0.5540231742408782
1779790147.434227,10.0,10.0,7.299213616747769,0.12644878321032346,-0.07145319258538807,0.6471745112740216,0.23733163650554875,-0.007559076992122724,0.5540231742408782
1779790147.4441798,10.0,10.0,7.136854453707544,0.1265118194562848,-0.07136750693761618,0.6471664791713163,0.23674431962429884,-0.007219989432633489,0.5540231742408782
1779790147.454159,10.0,10.0,6.982689057668466,0.12655225370807185,-0.07128002636476925,0.6471677014397519,0.2361648915805488,-0.006885456495598386,0.5540231742408782
1779790147.4642038,10.0,10.0,6.82615582735132,0.12657616583562697,-0.07119003441977444,0.6471713529146227,0.23556360506804871,-0.006538303565746382,0.5540231742408782
1779790147.4741611,10.0,10.0,6.702310296676433,0.1265819124489806,-0.07109827932185857,0.6471839553078802,0.23498624072429877,-0.006204962106461854,0.5540231742408782
1779790147.4842248,10.0,10.0,6.591187021932858,0.1265590606882227,-0.0710102040777353,0.647217543770521,0.2343906862555488,-0.005861118573611948,0.5540231742408782
1779790147.4942484,10.0,10.0,6.478098940577372,0.12651919254541227,-0.07092314364570196,0.6472789122259973,0.23381226356804877,-0.005527166079278443,0.5540231742408782
1779790147.5042436,10.0,10.0,6.412548919714432,0.12646238884859148,-0.07083670904745953,0.6473614967870485,0.2332252606180489,-0.0051882597680809,0.5540231742408782
1779790147.514193,10.0,10.0,6.378259718623548,0.12638770625188994,-0.07075643267282174,0.6474815993746306,0.23263792742429887,-0.004849162790565312,0.5540231742408782
1779790147.5242069,10.0,10.0,6.359094455178049,0.12631529110756132,-0.07067991084689082,0.6476385388440663,0.23206179844304878,-0.004516534568152646,0.5540231742408782
1779790147.5341868,10.0,10.0,6.382248076334419,0.1262395274784706,-0.07060413411382906,0.6478342952067819,0.2314726015180488,-0.004176361564898215,0.5540231742408782
1779790147.54417,10.0,10.0,6.4358805269507435,0.12615961669067435,-0.07053049529382775,0.6480716633417704,0.23089318922429888,-0.0038418377211299117,0.5540231742408782
1779790147.5542057,10.0,10.0,6.523737028886061,0.12606365783166298,-0.07045700988276878,0.648346682081777,0.23031566321804872,-0.0035084029259573827,0.5540231742408782
1779790147.5641983,10.0,10.0,6.621547582780707,0.12596246033019298,-0.07039221511716885,0.6486522439422084,0.22972493168054872,-0.003167343913762931,0.5540231742408782
1779790147.5741632,10.0,10.0,6.76462030191233,0.1258537624418181,-0.07033207456194623,0.6489832080871862,0.22914205629929882,-0.0028308206554942938,0.5540231742408782
1779790147.5841722,10.0,10.0,6.926817730387714,0.12573943910962143,-0.07027224045670473,0.6493312978328878,0.2285339922805487,-0.0024797547305844044,0.5540231742408782
1779790147.5941844,10.0,10.0,7.098814384112413,0.12562713962227878,-0.07021608583686866,0.6496918767103778,0.22795111127429876,-0.002143228224720465,0.5540231742408782
1779790147.6041703,10.0,10.0,7.293591252241246,0.12551792550771865,-0.07016143769809073,0.6500506444330734,0.22736628986804888,-0.0018055814283942616,0.5540231742408782
1779790147.6141698,10.0,10.0,7.51177502168366,0.12541147547005568,-0.07010885000311855,0.6504064066431364,0.22678903037429884,-0.0014723005042853905,0.5540231742408782
1779790147.6242087,10.0,10.0,7.7444664876550515,0.12532453346793399,-0.07005527342705506,0.6507384454893248,0.22620402244304874,-0.0011345460177000829,0.5540231742408782
1779790147.6341753,10.0,10.0,7.992952073064384,0.12526157534836618,-0.06999519318100088,0.6510711131360685,0.22620402244304874,-0.0011345460177000829,0.5540231742408782
1779790147.6441875,10.0,10.0,8.224737933673687,0.12522160140067548,-0.06993274773934602,0.6513786580038361,0.22558694818679872,-0.0007782780297441623,0.5540231742408782
1779790147.654226,10.0,10.0,8.455690378626,0.1252023803371138,-0.06986785846820522,0.6516586431576858,0.22499679152429888,-0.0004375509217858266,0.5540231742408782
1779790147.6642745,10.0,10.0,8.669616649090244,0.12520178099656737,-0.06979703076404355,0.6518996256982632,0.2244140969867988,-0.00010113207370480472,0.5540231742408782
1779790147.674232,10.0,10.0,8.868687866909921,0.1252138149629358,-0.0697170233761636,0.6521053277808699,0.2238037691867988,0.0002512408459190759,0.5540231742408782
1779790147.6841884,10.0,10.0,9.03357715908163,0.12524899473963266,-0.06963052537342217,0.6522676028761943,0.22321343781179873,0.0005920688241864702,0.5540231742408782
1779790147.6941822,10.0,10.0,9.174510944873939,0.12530627337520397,-0.06953737631163046,0.6523897129897022,0.22260363803054892,0.0009441368920428284,0.5540231742408782
1779790147.7041748,10.0,10.0,9.290869650047132,0.12538484192815155,-0.06943894705001886,0.6524690101659795,0.22198197405554884,0.0013030547553546015,0.5540231742408782
1779790147.7141619,10.0,10.0,9.374782848012307,0.12546774602373542,-0.06933711660483641,0.6525219455147159,0.22139021066804873,0.0016447095064243428,0.5540231742408782
1779790147.7241676,10.0,10.0,9.423128442046677,0.1255554332239981,-0.06923282123664076,0.6525566708117783,0.22081311351179875,0.0019778967049338663,0.5540231742408782
1779790147.7341723,10.0,10.0,9.440997696619204,0.12565037401586368,-0.06912828882408129,0.652578089842828,0.22019977116179876,0.002332010075811743,0.5540231742408782
1779790147.7441533,10.0,10.0,9.397782336905513,0.12575597237334205,-0.06901981060950389,0.6525768552961155,0.21958725613679872,0.00268564579037822,0.5540231742408782
1779790147.754156,10.0,10.0,9.326795542454482,0.1258778100637679,-0.06890715884270451,0.6525562039595681,0.21896655701804876,0.0030440065936742696,0.5540231742408782
1779790147.7641692,10.0,10.0,9.224590596051897,0.12601267477321032,-0.0687843504619024,0.6525084677251795,0.21838742479304882,0.0033783687396743752,0.5540231742408782
1779790147.774159,10.0,10.0,9.108558806968764,0.1261516019001476,-0.06864534695961762,0.6524425046246876,0.21780387930554881,0.0037152788839668865,0.5540231742408782
1779790147.7841685,10.0,10.0,8.951327172878418,0.12628127776472764,-0.06851054851091104,0.6523584138501657,0.21722020140554885,0.004052265476651896,0.5540231742408782
1779790147.7942355,10.0,10.0,8.761868576966883,0.1264180038700899,-0.06837500462892485,0.6522749832106766,0.21663907303679883,0.004387780096783462,0.5540231742408782
1779790147.8042166,10.0,10.0,8.558058985455919,0.12655631474683612,-0.06824016694008259,0.652200585539876,0.21663907303679883,0.004387780096783462,0.5540231742408782
1779790147.8142169,10.0,10.0,8.343347652757735,0.12670198295721746,-0.06810523719871016,0.6521335412690895,0.2160127314805488,0.004749398562889041,0.5540231742408782
1779790147.8242185,10.0,10.0,8.11476489155967,0.1268293478010924,-0.06796755049502755,0.6520923417885317,0.21542338746179887,0.00508965649075962,0.5540231742408782
1779790147.8341541,10.0,10.0,7.867011385834344,0.1269575140035556,-0.06782643838087653,0.6520632451625443,0.21483984990554875,0.00542656205594289,0.5540231742408782
1779790147.844241,10.0,10.0,7.673253917325208,0.12707462661361696,-0.06767765901802304,0.6520436306340157,0.21426050409929873,0.005761047513135229,0.5540231742408782
1779790147.8542125,10.0,10.0,7.486206107763284,0.12716435624940256,-0.0675246701829837,0.652023500848254,0.21367173608054887,0.006100972887250698,0.5540231742408782
1779790147.8642144,10.0,10.0,7.2756419901640985,0.1272305420868491,-0.06736874322198746,0.6520001819732206,0.21305699608679876,0.0064558931881239495,0.5540231742408782
1779790147.874155,10.0,10.0,7.0933542036348936,0.12727250539325388,-0.06720331669506525,0.6519839360666679,0.21245442572429876,0.0068037873491190014,0.5540231742408782
1779790147.8841467,10.0,10.0,6.918339087952055,0.12728809026487278,-0.06704693897234791,0.6519773302087295,0.21187768193054882,0.007136770533693991,0.5540231742408782
1779790147.8942,10.0,10.0,6.761345060869428,0.1272864038859651,-0.06689117807385161,0.6519875225281068,0.2112998752367988,0.00747036738387011,0.5540231742408782
1779790147.9041812,10.0,10.0,6.612049434485633,0.12726425333097446,-0.06673494229502454,0.6520211181914074,0.21070725803054882,0.007812515087424947,0.5540231742408782
1779790147.9141722,10.0,10.0,6.49364120876025,0.1272285327393161,-0.06657789718013632,0.6520824605220975,0.21012145545554875,0.008150728361793225,0.5540231742408782
1779790147.9241993,10.0,10.0,6.402727954189773,0.12716944552613765,-0.06643078504080437,0.6521678314111565,0.2095350047680488,0.00848931582408777,0.5540231742408782
1779790147.9341846,10.0,10.0,6.353561062324159,0.12708858762462033,-0.06628822965246578,0.6522795706745188,0.20895152863679875,0.008826185925530706,0.5540231742408782
1779790147.9441779,10.0,10.0,6.356028176995615,0.12700116832516112,-0.06615322134199202,0.652418013749699,0.20835610033679877,0.009169956614818809,0.5540231742408782
1779790147.9541771,10.0,10.0,6.401444152715549,0.12689918587827836,-0.06601738740351047,0.6525905615303298,0.20777259433679882,0.009506843960992524,0.5540231742408782
1779790147.9642208,10.0,10.0,6.468815272470254,0.12679499203436653,-0.06588395170977127,0.6527966454430802,0.20719467604304884,0.009840505243458713,0.5540231742408782
1779790147.9741678,10.0,10.0,6.566503882481978,0.12669324369836252,-0.0657508326444688,0.6530395761575609,0.20661069945554875,0.010177664283452329,0.5540231742408782
1779790147.9841619,10.0,10.0,6.703411172424766,0.12658806755603505,-0.06561353986348126,0.6533008194999582,0.20603073709304884,0.010512505709561486,0.5540231742408782
1779790147.9942415,10.0,10.0,6.890755881551313,0.12648174696727804,-0.06548392030887709,0.6535816438646838,0.2054323072930487,0.010858009315682647,0.5540231742408782
1779790148.0042257,10.0,10.0,7.103326487836743,0.1263754421683126,-0.06535896526016799,0.6538682422573097,0.2048487093805488,0.011194949727562983,0.5540231742408782
1779790148.0142398,10.0,10.0,7.326393181692276,0.12627797202386756,-0.06522898178108216,0.6541609976278209,0.20425662812429876,0.011536788000241065,0.5540231742408782
1779790148.0241687,10.0,10.0,7.5578690662937635,0.12618403702593295,-0.06509610062537796,0.6544428032510609,0.20425662812429876,0.011536788000241065,0.5540231742408782
1779790148.0342252,10.0,10.0,7.796121986847188,0.12610234855086555,-0.06495945392695023,0.6547027842028064,0.20365189140554882,0.011885932907600203,0.5540231742408782
1779790148.0442142,10.0,10.0,8.03761080201571,0.126040871580451,-0.06482119846594904,0.6549452647735985,0.2030529921430488,0.012231707558022041,0.5540231742408782
1779790148.054282,10.0,10.0,8.270205977378728,0.12601964873594862,-0.0646724921065667,0.6551754012731242,0.2024748636430488,0.012565490203123251,0.5540231742408782
1779790148.064164,10.0,10.0,8.505640388827354,0.12602086863304776,-0.06452272170297584,0.6553782176183435,0.20188251531179888,0.012907482671624422,0.5540231742408782
1779790148.0741675,10.0,10.0,8.735974245679811,0.12602884846674475,-0.06437103577668951,0.6555442084050849,0.2012856414430488,0.013252087960419526,0.5540231742408782
1779790148.0842302,10.0,10.0,8.944927989051493,0.12603783011718422,-0.0642235772866378,0.6556651185344462,0.20067548835554874,0.013604360009734575,0.5540231742408782
1779790148.094187,10.0,10.0,9.126811471044162,0.126056171757673,-0.06407158475070876,0.6557439844628072,0.20006895726179877,0.01395454089998299,0.5540231742408782
1779790148.1041965,10.0,10.0,9.273056265325712,0.12609127043075158,-0.06391499824361667,0.6557902310781767,0.19948894984304874,0.014289408339330291,0.5540231742408782
1779790148.114179,10.0,10.0,9.385308884774053,0.12614002346782452,-0.0637567040331395,0.655824882039552,0.19890194627429883,0.014628315007763347,0.5540231742408782
1779790148.1242821,10.0,10.0,9.46527687160274,0.12621497718092045,-0.06360467341095852,0.6558511299455593,0.1983148768367988,0.014967259705536971,0.5540231742408782
1779790148.134152,10.0,10.0,9.553861427690567,0.12631408760449844,-0.06345606536710724,0.6558548698675388,0.1976917927180488,0.015326997489225095,0.5540231742408782
1779790148.144218,10.0,10.0,9.608751487860797,0.12642559452434696,-0.06330121301467449,0.6558388045915489,0.1971038237867989,0.015666461509957347,0.5540231742408782
1779790148.1541586,10.0,10.0,9.587268131658366,0.12654657030884536,-0.06314593883087588,0.6557948883332966,0.19651474802429877,0.016006564560009887,0.5540231742408782
1779790148.1642547,10.0,10.0,9.528314578680925,0.12667630706382227,-0.06298674748417113,0.6557202859858476,0.19591211117429888,0.016354497107580905,0.5540231742408782
1779790148.1741695,10.0,10.0,9.444012807732916,0.12681800170477192,-0.0627991141933669,0.6556102095367662,0.19533211613054888,0.016689357402218608,0.5540231742408782
1779790148.1842217,10.0,10.0,9.33535727439484,0.12696816861406407,-0.06260519996918563,0.6554578923843928,0.19473075857429875,0.017036551349198847,0.5540231742408782
1779790148.1941848,10.0,10.0,9.192308514442066,0.127115195803316,-0.062405831122018925,0.655286487502988,0.19415265606179885,0.017370318990409854,0.5540231742408782
1779790148.2041984,10.0,10.0,8.989695189173302,0.12726478386532541,-0.06220862884359596,0.6550945896621719,0.19354585271804878,0.01772065706426914,0.5540231742408782
1779790148.214164,10.0,10.0,8.766359399364791,0.1274127503789625,-0.06200567323444155,0.6549001415579336,0.19354585271804878,0.01772065706426914,0.5540231742408782
1779790148.2241797,10.0,10.0,8.552822449642031,0.1275635912789353,-0.061797751699236646,0.6547058567656329,0.1929691680992989,0.018053606084141888,0.5540231742408782
1779790148.2341805,10.0,10.0,8.324169306537838,0.12770238087622227,-0.06159481651926886,0.6545311392078319,0.19238951966804882,0.018388266261959475,0.5540231742408782
1779790148.2441916,10.0,10.0,8.073659188266545,0.12782947632902902,-0.061387650851861014,0.6543700498038708,0.1917994464242989,0.01872894520808009,0.5540231742408782
1779790148.2542121,10.0,10.0,7.8349241075589955,0.12793925468450598,-0.06118873205617324,0.654232814157617,0.19121878076804874,0.01906419268102527,0.5540231742408782
1779790148.264203,10.0,10.0,7.605608437774875,0.12802398813231444,-0.06099386041517659,0.6541108411134996,0.19062040558679874,0.019409664752996346,0.5540231742408782
1779790148.2741697,10.0,10.0,7.386440513613715,0.12808001761659876,-0.060799317620374264,0.6540209252546065,0.19003831579304872,0.019745734452110468,0.5540231742408782
1779790148.2841601,10.0,10.0,7.151698634034809,0.12812368529252574,-0.06060592558839483,0.6539661724574801,0.1894431056305488,0.020089379199654193,0.5540231742408782
1779790148.2941916,10.0,10.0,6.951505836266734,0.12815439801516296,-0.06040901993092962,0.6539424109297085,0.18886597236179878,0.020422587247725298,0.5540231742408782
1779790148.3041692,10.0,10.0,6.770229707506137,0.12816705257938127,-0.060213215464234235,0.6539428267021771,0.1882749658742988,0.02076380500237625,0.5540231742408782
1779790148.3141904,10.0,10.0,6.599634071667098,0.1281622130506627,-0.06001167868571854,0.6539526498784061,0.18769257851804885,0.02110004649927976,0.5540231742408782
1779790148.324289,10.0,10.0,6.440956486787294,0.12812288257670817,-0.05980885981439574,0.653979720729611,0.1871154858617988,0.02143323109971309,0.5540231742408782
1779790148.334208,10.0,10.0,6.318198749318364,0.1280581878582525,-0.059608355418498925,0.6540282919783813,0.18651391753679883,0.02178054673408779,0.5540231742408782
1779790148.3441896,10.0,10.0,6.231082957200829,0.12797840541309063,-0.05941412007079606,0.6541031273247079,0.18593550216179885,0.022114495006547448,0.5540231742408782
1779790148.3541677,10.0,10.0,6.192403046941061,0.12787989847086847,-0.059220534592145276,0.6542067175151004,0.1853470908805487,0.022454214418171407,0.5540231742408782
1779790148.364224,10.0,10.0,6.214760763986044,0.12778008042570382,-0.059028553205113195,0.6543475421829544,0.18476612873054885,0.022789633071862825,0.5540231742408782
1779790148.3741384,10.0,10.0,6.2801062648397865,0.12767226145326546,-0.058845673467966486,0.6545295052024365,0.18418929758054883,0.02312266669159229,0.5540231742408782
1779790148.3841667,10.0,10.0,6.379698894773778,0.127567988390936,-0.05866152854532258,0.6547542035103844,0.18359201798054878,0.023467506229433797,0.5540231742408782
1779790148.3941996,10.0,10.0,6.511200862652941,0.12746549412103958,-0.05848212753826633,0.6550121428992881,0.1830066465617988,0.023805470575625015,0.5540231742408782
1779790148.4041662,10.0,10.0,6.684840662633445,0.12736005948187,-0.05830945553108704,0.6552844417548382,0.18241878810554887,0.024144870813586315,0.5540231742408782
1779790148.4141726,10.0,10.0,6.8970546617023505,0.12725274003283696,-0.05814597945422048,0.655556825130711,0.18183522006179878,0.024481793980735876,0.5540231742408782
1779790148.4241755,10.0,10.0,7.130332495485306,0.12715013279852055,-0.05798036943763752,0.6558217790960986,0.18125681318054873,0.02481573734932674,0.5540231742408782
1779790148.4342043,10.0,10.0,7.384679811237043,0.12706017861565153,-0.0578178448396569,0.6560769698391823,0.18065522229929884,0.025163066006558377,0.5540231742408782
1779790148.4441733,10.0,10.0,7.642836590808515,0.1269838699764886,-0.057657134617330734,0.6563188465462291,0.18007270871804867,0.02549938037949976,0.5540231742408782
1779790148.4541566,10.0,10.0,7.90422900353562,0.12692640918040834,-0.057495893360589426,0.6565357167844588,0.18007270871804867,0.02549938037949976,0.5540231742408782
1779790148.4642475,10.0,10.0,8.167668158938927,0.12688982646979585,-0.05733231156384875,0.656727366047264,0.17947550016179872,0.02584417890021304,0.5540231742408782
1779790148.4741797,10.0,10.0,8.429541791469871,0.12688161049584964,-0.05716970292541521,0.6568864546681104,0.17890006547429874,0.02617640627194219,0.5540231742408782
1779790148.4842145,10.0,10.0,8.700190489592266,0.1268946310087923,-0.05701244520886211,0.6570033370261794,0.1783120424867988,0.02651590150206498,0.5540231742408782
1779790148.4941576,10.0,10.0,8.955234248867024,0.12691200910674758,-0.056859587364862296,0.6570775841330301,0.17772688914929888,0.02685373993898777,0.5540231742408782
1779790148.504163,10.0,10.0,9.164440438457776,0.1269354407755985,-0.05671354553855105,0.6571164573853636,0.17712567081179884,0.02720085350798515,0.5540231742408782
1779790148.5141754,10.0,10.0,9.320516782588127,0.12695782591649665,-0.05656802495223183,0.6571358029803924,0.17654814193679888,0.02753428995943117,0.5540231742408782
1779790148.524187,10.0,10.0,9.448968248309098,0.12700066187907263,-0.056422197696297506,0.6571369246832706,0.1759453506805488,0.027882311653492302,0.5540231742408782
1779790148.5341704,10.0,10.0,9.584832600629447,0.1270656194891324,-0.05627520436583482,0.6571131239958785,0.17535083706179874,0.028225554251314525,0.5540231742408782
1779790148.54426,10.0,10.0,9.696224200054402,0.12714271579908223,-0.056124913540764085,0.6570652308908469,0.17476750459304882,0.02856234140917436,0.5540231742408782
1779790148.5541663,10.0,10.0,9.750415661036573,0.12723896249706684,-0.05597196375019184,0.6569887227969716,0.1741844285680487,0.028898980509166193,0.5540231742408782
1779790148.5641775,10.0,10.0,9.786053098526253,0.12735067302662678,-0.055820033352267096,0.6568748049663007,0.17359850089304882,0.029237266010053012,0.5540231742408782
1779790148.5742466,10.0,10.0,9.782191317201523,0.12746006134847918,-0.055669141286252846,0.6567327050508471,0.17301855939929886,0.029572095387583784,0.5540231742408782
1779790148.5842385,10.0,10.0,9.711021246415275,0.12758254944900574,-0.055510641502044135,0.6565595255604378,0.17244078707429875,0.029905672394952926,0.5540231742408782
1779790148.5941806,10.0,10.0,9.60446042985502,0.12772387623895837,-0.055344864738414934,0.6563516632357791,0.17184566145554883,0.030249268331139827,0.5540231742408782
1779790148.6041708,10.0,10.0,9.47058582193886,0.12787463948323013,-0.05515869374612936,0.6561120999087695,0.17125308818054888,0.030591390670975632,0.5540231742408782
1779790148.6141546,10.0,10.0,9.274175981942559,0.12803322666675993,-0.05496603103124542,0.6558587305342721,0.17064364519304884,0.03094325274386453,0.5540231742408782
1779790148.6241999,10.0,10.0,9.047639780499301,0.12820052511919672,-0.05476358255872378,0.6555933433012712,0.17003307669929876,0.031295764628089834,0.5540231742408782
1779790148.6341722,10.0,10.0,8.818288654122044,0.12837419808324632,-0.054551516660059696,0.655332280433717,0.16944034114304876,0.03163798066104903,0.5540231742408782
1779790148.6441784,10.0,10.0,8.593290203958318,0.12854455398051193,-0.054329840325446334,0.6550809190443764,0.1688423723117988,0.03198321812673818,0.5540231742408782
1779790148.654248,10.0,10.0,8.33824360265904,0.1287001016930092,-0.05410337772649645,0.6548403150025192,0.1688423723117988,0.03198321812673818,0.5540231742408782
1779790148.664189,10.0,10.0,8.094904843399043,0.12884091516964724,-0.053874515032235934,0.6546120930169977,0.16822261543679887,0.03234103492535152,0.5540231742408782
1779790148.6742072,10.0,10.0,7.855212395775834,0.12895551956604123,-0.05364038203275287,0.6543990443224857,0.16764038254304878,0.03267718724328919,0.5540231742408782
1779790148.6841435,10.0,10.0,7.62032956206835,0.1290445186412855,-0.05340188832006596,0.6542105630937194,0.16705087731179888,0.03301753824724002,0.5540231742408782
1779790148.694213,10.0,10.0,7.381937064098902,0.12912044630967756,-0.053158803239378376,0.6540479918261339,0.16647602143679882,0.03334943144141653,0.5540231742408782
1779790148.7042103,10.0,10.0,7.1552951657109825,0.12917042193274136,-0.05291946219074197,0.6539253619738088,0.1658864925805488,0.033689796085267544,0.5540231742408782
1779790148.7141356,10.0,10.0,6.9345456833497305,0.12920301656608393,-0.052681307802358184,0.653838605908125,0.16530026846804877,0.03402825273442487,0.5540231742408782
1779790148.7241554,10.0,10.0,6.730113527678734,0.12920754540154555,-0.052441808816762164,0.6537971122972333,0.16469483295554874,0.034377801090543725,0.5540231742408782
1779790148.7341995,10.0,10.0,6.54463416628645,0.1291917467778341,-0.05219671941640266,0.6537841992130288,0.1641164361992987,0.03471173861346309,0.5540231742408782
1779790148.7441592,10.0,10.0,6.398756151327168,0.12915625510458087,-0.051953456773960745,0.653793598288193,0.1635144080305488,0.03505931973875057,0.5540231742408782
1779790148.7542086,10.0,10.0,6.2670650054453105,0.1290947954878018,-0.05170337824111466,0.6538163782739539,0.1629359306680487,0.03539330379971012,0.5540231742408782
1779790148.764192,10.0,10.0,6.143155283385203,0.12901072735702454,-0.05145465860971701,0.6538600929692793,0.16231875893054884,0.0357496280684919,0.5540231742408782
1779790148.7741935,10.0,10.0,6.077774807818067,0.1289197374935721,-0.05120720111767624,0.6539208621041801,0.16173135356804882,0.03608876671265471,0.5540231742408782
1779790148.7841249,10.0,10.0,6.08502995852973,0.1288123238028789,-0.05095596622665339,0.6540130065997092,0.16114707654929886,0.03642609920671132,0.5540231742408782
1779790148.7942057,10.0,10.0,6.138799457730716,0.12869817003476622,-0.05071394847365702,0.6541368529634997,0.16056919380554877,0.03675973996437546,0.5540231742408782
1779790148.8042026,10.0,10.0,6.22988575289488,0.12858174524596952,-0.050471072964196666,0.6542984841892512,0.15995249597429875,0.03711579062325632,0.5540231742408782
1779790148.8141344,10.0,10.0,6.365596754415322,0.1284679540745241,-0.05023061076618284,0.654498348222721,0.15934604942429884,0.037465922702147915,0.5540231742408782
1779790148.8242345,10.0,10.0,6.536050476303284,0.12836273077891788,-0.049998064783424064,0.6547278551153854,0.15875172120554873,0.037809058259230255,0.5540231742408782
1779790148.8341749,10.0,10.0,6.74414140600057,0.12825979749123403,-0.04977445993254313,0.6549701098031068,0.1581747677680488,0.03814216248168072,0.5540231742408782
1779790148.8441737,10.0,10.0,6.984222477582173,0.12815683985112206,-0.04955538893498619,0.6552160627546465,0.15758585659304872,0.03848217050709582,0.5540231742408782
1779790148.8542047,10.0,10.0,7.236138353571215,0.12806065080118856,-0.049338676455846074,0.6554479568922063,0.15758585659304872,0.03848217050709582,0.5540231742408782
1779790148.8641927,10.0,10.0,7.516838615017301,0.12797393827892195,-0.04912598535153828,0.6556690724720234,0.1569653884930489,0.038840397931654294,0.5540231742408782
1779790148.874222,10.0,10.0,7.811494090751757,0.12789366726101642,-0.04891477113000095,0.6558664630749028,0.15635578879304882,0.03919235048254724,0.5540231742408782
1779790148.8841696,10.0,10.0,8.09885342237616,0.12783750974402808,-0.04870706502069063,0.6560350148966966,0.15575032172429878,0.03954191705767553,0.5540231742408782
1779790148.894176,10.0,10.0,8.392263306102585,0.12781802628999903,-0.048501822453311076,0.656170238964587,0.15517288470554882,0.03987530047589088,0.5540231742408782
1779790148.90416,10.0,10.0,8.69237303185544,0.1278259597842211,-0.04829564682791474,0.6562713209787926,0.15458328092429877,0.04021570837771082,0.5540231742408782
1779790148.914189,10.0,10.0,8.97107206145638,0.1278465483860184,-0.04809451844844526,0.6563386865994617,0.15400229571179877,0.040551140346542884,0.5540231742408782
1779790148.9242446,10.0,10.0,9.204131829704327,0.12787225158624407,-0.04789928776102467,0.6563758512164154,0.1534189108180489,0.04088795777199054,0.5540231742408782
1779790148.9342153,10.0,10.0,9.398845337368755,0.12788813279903272,-0.04770099042621876,0.6563910108808806,0.1528104111992987,0.04123927519067773,0.5540231742408782
1779790148.9441586,10.0,10.0,9.570723833442404,0.12792511826653388,-0.04750318520491708,0.6563789320316478,0.1522021595867987,0.04159044942288964,0.5540231742408782
1779790148.954203,10.0,10.0,9.719668140573297,0.1279805047268425,-0.04730956563212716,0.6563399685381173,0.15162458672429888,0.04192391127053054,0.5540231742408782
1779790148.9641545,10.0,10.0,9.811624955717118,0.12804937164997549,-0.04710916545021213,0.6562771989935974,0.15101629562429877,0.042275108300861244,0.5540231742408782
1779790148.9742017,10.0,10.0,9.867075250319429,0.1281363736380218,-0.04690747203237678,0.6561785778182931,0.15042824783054878,0.04261461785287918,0.5540231742408782
1779790148.984159,10.0,10.0,9.939983202719844,0.12823688886702037,-0.04670597393560724,0.656044136094918,0.14984710314929878,0.04295014189103698,0.5540231742408782
1779790148.994154,10.0,10.0,9.976587203259797,0.12833942985525762,-0.046498617497669446,0.6558765851171675,0.1492461750055488,0.04329708791659466,0.5540231742408782
1779790149.004148,10.0,10.0,9.947367679591494,0.12845219317731335,-0.04628829845111969,0.6556797815236397,0.14866510468679875,0.04363256902154309,0.5540231742408782
1779790149.0141747,10.0,10.0,9.867402803172354,0.12858506786036072,-0.046071265071968785,0.6554484961525496,0.1480859432117988,0.043966948055038584,0.5540231742408782
1779790149.0241556,10.0,10.0,9.758119220272496,0.128730054902689,-0.045851479868765505,0.6551819050436821,0.14749513449929874,0.04430805162424006,0.5540231742408782
1779790149.034232,10.0,10.0,9.612742605705336,0.12888316575356923,-0.045627790212712474,0.6548769861448345,0.14688243908054877,0.044661791489186614,0.5540231742408782
1779790149.0441763,10.0,10.0,9.416792589814628,0.12903813838529285,-0.045399124417622415,0.6545637486945428,0.14629769209304888,0.044999395319827495,0.5540231742408782
1779790149.0541801,10.0,10.0,9.20538979777746,0.12919584613702867,-0.04516280567144359,0.6542529353889737,0.14629769209304888,0.044999395319827495,0.5540231742408782
1779790149.0641618,10.0,10.0,8.95861491534118,0.12935188622139038,-0.04493429616729146,0.6539649638585823,0.14571079056179878,0.045338243076882535,0.5540231742408782
1779790149.0741456,10.0,10.0,8.716680493920883,0.12950777458153714,-0.04470111685730091,0.6536946091767002,0.1451019392680487,0.045689763535225594,0.5540231742408782
1779790149.0841742,10.0,10.0,8.483724201743133,0.12964516116529048,-0.04446521072650918,0.6534513960876636,0.14450083871804884,0.04603680909957805,0.5540231742408782
1779790149.0941727,10.0,10.0,8.249880298223887,0.1297646149880307,-0.04421921987103239,0.6532307039626066,0.1439194978930488,0.04637244638138274,0.5540231742408782
1779790149.1041799,10.0,10.0,8.026691666164549,0.12986134754194445,-0.043981719957885024,0.6530418213379873,0.14329360830554883,0.04673380390320883,0.5540231742408782
1779790149.114161,10.0,10.0,7.795407723688609,0.12994582109066102,-0.043752907928177175,0.6528863374945237,0.14271304862429868,0.04706899019145924,0.5540231742408782
1779790149.1241474,10.0,10.0,7.576591359212212,0.13001475585713926,-0.043527111176879824,0.6527687061032235,0.14213078012429883,0.0474051630666748,0.5540231742408782
1779790149.134167,10.0,10.0,7.3730269711525045,0.13006333117862157,-0.0432905661577196,0.6526903198544465,0.14154678098054888,0.04774233512952535,0.5540231742408782
1779790149.1441548,10.0,10.0,7.166900127938131,0.13009147538954935,-0.04305572585284447,0.6526458428708884,0.14096657291804884,0.04807731841059573,0.5540231742408782
1779790149.1541736,10.0,10.0,6.974661798193729,0.13009958348405165,-0.04282273588524209,0.6526168014596008,0.14038884176804872,0.04841087164556754,0.5540231742408782
1779790149.1641946,10.0,10.0,6.806108604427128,0.13008512870186278,-0.04258785157116584,0.652591762326982,0.1398115529680488,0.04874416948964763,0.5540231742408782
1779790149.1741717,10.0,10.0,6.665841416811276,0.13003983443847308,-0.042347168667988606,0.6525785315000818,0.13921696779929887,0.04908745339688157,0.5540231742408782
1779790149.1841815,10.0,10.0,6.555981058874681,0.12997012976421957,-0.04210783138747926,0.6525823207676662,0.13862807799929874,0.04942744908143469,0.5540231742408782
1779790149.1941366,10.0,10.0,6.479362217015178,0.1298773402966551,-0.041868119992311395,0.6526017749907332,0.13804094713679885,0.04976642924294852,0.5540231742408782
1779790149.2041898,10.0,10.0,6.457181787756757,0.12977374141829517,-0.04163297573006937,0.6526479412338164,0.1374550014055487,0.050104725168616304,0.5540231742408782
1779790149.2141693,10.0,10.0,6.500565452717001,0.12966419487374095,-0.041399974096103465,0.6527235669149265,0.13685035316804886,0.05045381899130187,0.5540231742408782
1779790149.2241862,10.0,10.0,6.6057948905973225,0.12955034970138923,-0.04117260869832822,0.6528289647702564,0.1362732447617987,0.050787012685002006,0.5540231742408782
1779790149.2342396,10.0,10.0,6.741946250804301,0.12943754105991026,-0.04095200697706363,0.6529713943148222,0.1356931398055488,0.0511219364376511,0.5540231742408782
1779790149.2441697,10.0,10.0,6.895843701097641,0.12934125492555223,-0.04073048108813717,0.6531471869025166,0.1350975599680487,0.05146579461715571,0.5540231742408782
1779790149.2541711,10.0,10.0,7.095605571054827,0.12925141450058755,-0.040517760289582844,0.6533343448342648,0.1345010433992988,0.05181019361869953,0.5540231742408782
1779790149.2641647,10.0,10.0,7.293874050035278,0.12916108110029947,-0.040299624894201365,0.6535226274488123,0.1345010433992988,0.05181019361869953,0.5540231742408782
1779790149.274189,10.0,10.0,7.507337144108397,0.12908101806478875,-0.040082565934893434,0.6536986626575327,0.13390797984929886,0.05215259901893857,0.5540231742408782
1779790149.2842987,10.0,10.0,7.755801825296385,0.12900759708491435,-0.03986313068854918,0.6538544175665553,0.13330157278679877,0.05250270829971147,0.5540231742408782
1779790149.2941403,10.0,10.0,8.01121993334195,0.12894848926550473,-0.039649617534115576,0.6539788102884743,0.13270682359304886,0.05284608690682331,0.5540231742408782
1779790149.3041673,10.0,10.0,8.280842975338805,0.12890453904042942,-0.039431789171732116,0.6540753325723645,0.13212339308054877,0.05318293067026868,0.5540231742408782
1779790149.314184,10.0,10.0,8.552744853198618,0.12888613539910032,-0.039219055197937246,0.6541396004015152,0.1315438703117987,0.05351751829680805,0.5540231742408782
1779790149.32419,10.0,10.0,8.814942820095137,0.1288874955349226,-0.039005583570089715,0.6541748629345694,0.1309532808055488,0.053858495307221976,0.5540231742408782
1779790149.3342366,10.0,10.0,9.06108184296798,0.12891063906692926,-0.0387955313112364,0.6541993445990066,0.13035618491804876,0.05420322877860216,0.5540231742408782
1779790149.3442202,10.0,10.0,9.28686672944875,0.12893757361290042,-0.03859428381120405,0.6542120691810687,0.1297469983180487,0.05455494282609889,0.5540231742408782
1779790149.3541665,10.0,10.0,9.488682071656614,0.12897981160068347,-0.038396013611737445,0.6542001665670129,0.12913984279304885,0.05490548423189753,0.5540231742408782
1779790149.3641703,10.0,10.0,9.667270726869292,0.1290328339546356,-0.03820095582544134,0.654165468339737,0.12856156101179872,0.05523935537396975,0.5540231742408782
1779790149.3741558,10.0,10.0,9.783127345168,0.1290968753797934,-0.03801324212559782,0.6541064939806506,0.12798473267429875,0.055572387369901555,0.5540231742408782
1779790149.384262,10.0,10.0,9.848555846047915,0.12918549336140298,-0.03782836143710471,0.6540249905201947,0.12740267837429883,0.055908436576689494,0.5540231742408782
1779790149.3941529,10.0,10.0,9.91051994118298,0.12929632918094136,-0.03764199837395259,0.6539134348881038,0.1268164007117988,0.05624692414295375,0.5540231742408782
1779790149.4041746,10.0,10.0,9.945849397386795,0.1294119623866034,-0.037456793582462594,0.6537755995739635,0.12621764741804872,0.056592614518278544,0.5540231742408782
1779790149.4141495,10.0,10.0,9.904381553046463,0.1295455856085612,-0.03727313444593294,0.6536138297860555,0.12563988578054885,0.05692618535521653,0.5540231742408782
1779790149.424201,10.0,10.0,9.831406861454797,0.12969299017013522,-0.037086172646666735,0.6534247426754369,0.12502313951804883,0.05728226397589262,0.5540231742408782
1779790149.4342306,10.0,10.0,9.71257512741913,0.129856205205333,-0.036891696491328535,0.6532121708455659,0.12444444407429886,0.05761637394612047,0.5540231742408782
1779790149.4441695,10.0,10.0,9.567329064022749,0.13003173742281846,-0.03668582237054376,0.6529817568907191,0.12385735433054876,0.05795533036771304,0.5540231742408782
1779790149.4541895,10.0,10.0,9.366255469229655,0.1302115282313669,-0.03646866728566236,0.6527414303736816,0.1232714649617987,0.05829359375247625,0.5540231742408782
1779790149.464226,10.0,10.0,9.137206583992718,0.130392949285289,-0.03624805613704483,0.6524979145562657,0.12267943556804878,0.05863540208232593,0.5540231742408782
1779790149.47417,10.0,10.0,8.904248566790656,0.1305727417768163,-0.036010394868760696,0.6522533736134153,0.12267943556804878,0.05863540208232593,0.5540231742408782
1779790149.4841719,10.0,10.0,8.66159296036982,0.13074487073731583,-0.03577289148793863,0.6520155111304451,0.12210174041804883,0.058968934532687936,0.5540231742408782
1779790149.494158,10.0,10.0,8.407687309930397,0.13089522775686913,-0.03553220199601723,0.6517867449090233,0.12151622471804868,0.05930698217969778,0.5540231742408782
1779790149.5041368,10.0,10.0,8.156011952520913,0.1310283101628395,-0.03527718279036546,0.6515570188082531,0.12092489642429882,0.059648385729273695,0.5540231742408782
1779790149.5141594,10.0,10.0,7.924882704761484,0.13112953490839896,-0.03502402536986385,0.6513446834310369,0.12033059751179878,0.0599915043663847,0.5540231742408782
1779790149.5241487,10.0,10.0,7.685700091949708,0.1312111566874636,-0.034762026420217904,0.6511471848470161,0.11974848403679877,0.060327587737874874,0.5540231742408782
1779790149.5341506,10.0,10.0,7.473190569594609,0.13127784161771305,-0.034498358309913546,0.6509679731070714,0.11917105719929885,0.06066096527794276,0.5540231742408782
1779790149.5441868,10.0,10.0,7.276505605795852,0.13131072324582976,-0.03422190229102395,0.6508142192662264,0.11856648281804871,0.06101001645970268,0.5540231742408782
1779790149.554229,10.0,10.0,7.077583979940108,0.13131472007414496,-0.03394804438677496,0.6506932161612323,0.11798896406804879,0.0613434470654772,0.5540231742408782
1779790149.5641642,10.0,10.0,6.895096048604105,0.13128918855991809,-0.03367199064839226,0.6505945725949838,0.11739602899304888,0.06168577829064037,0.5540231742408782
1779790149.574184,10.0,10.0,6.73138409419895,0.13123334090645317,-0.03339903743483163,0.6505305770991103,0.11681427512429884,0.06202165404336531,0.5540231742408782
1779790149.5841646,10.0,10.0,6.594865421637305,0.131153337649286,-0.03312864641199404,0.6505062982446435,0.11622597819929878,0.06236130743137751,0.5540231742408782
1779790149.594168,10.0,10.0,6.502147900351983,0.1310576983005954,-0.03285058845374111,0.6505051658515721,0.11563933029929871,0.0627000087543621,0.5540231742408782
1779790149.6041694,10.0,10.0,6.474913652940069,0.1309518297745166,-0.032573484960761,0.6505169180636686,0.1150549670492988,0.06303739103405406,0.5540231742408782
1779790149.6141577,10.0,10.0,6.508626875226614,0.13084389414200262,-0.03229929051901215,0.6505425704891087,0.1144484173367987,0.06338758267384288,0.5540231742408782
1779790149.6241705,10.0,10.0,6.602872819910084,0.13073766771807732,-0.03203795329220451,0.6505875260233432,0.11383826537429872,0.06373985407363883,0.5540231742408782
1779790149.634143,10.0,10.0,6.703101014852245,0.13062395228518747,-0.031772501003971845,0.6506608161365108,0.1132603966930488,0.06407348671231472,0.5540231742408782
1779790149.644157,10.0,10.0,6.8152286523994645,0.1305241027928918,-0.031516703845566756,0.6507440293122047,0.11265931976804869,0.0644205186367672,0.5540231742408782
1779790149.6541686,10.0,10.0,7.000656468937831,0.13043384559692547,-0.03127003401262044,0.6508337016940486,0.11208398318054885,0.06475268937043488,0.5540231742408782
1779790149.6641774,10.0,10.0,7.212044106229012,0.1303413067806009,-0.031036383428581855,0.6509204110584453,0.11148459583679884,0.0650987458146978,0.5540231742408782
1779790149.674206,10.0,10.0,7.416956542533587,0.13025499268154997,-0.03079733515763739,0.6510010101174761,0.1109018359930487,0.06543520236735983,0.5540231742408782
1779790149.6841772,10.0,10.0,7.634854311557143,0.1301816804542714,-0.03056881982206865,0.6510658140584712,0.11030795355554876,0.06577808055251744,0.5540231742408782
1779790149.6941335,10.0,10.0,7.878353321348307,0.13012348110744837,-0.030348578676207456,0.6511114714092519,0.11030795355554876,0.06577808055251744,0.5540231742408782
1779790149.704184,10.0,10.0,8.130587407996668,0.1300843334302004,-0.03013882477111833,0.6511404586285866,0.10972566818054871,0.06611426317051888,0.5540231742408782
1779790149.7142065,10.0,10.0,8.366678817246914,0.13006437874554028,-0.02992942966676828,0.6511685795875471,0.10913697283679888,0.06645414658570353,0.5540231742408782
1779790149.724203,10.0,10.0,8.584932240656258,0.13007009965579444,-0.02972800210235886,0.6511929231194559,0.1085481490180488,0.06679410417596415,0.5540231742408782
1779790149.73416,10.0,10.0,8.794688658976945,0.1300866899809031,-0.029535350323224772,0.651211295972516,0.10796292519929881,0.06713198330525563,0.5540231742408782
1779790149.7441385,10.0,10.0,9.007155616028227,0.13012304542843148,-0.029345750520048147,0.651209825117682,0.10737440344304877,0.06747176649965056,0.5540231742408782
1779790149.7541635,10.0,10.0,9.211588623066023,0.1301649677769731,-0.029156482792944083,0.6511838519608492,0.10679617802429872,0.06780560510081818,0.5540231742408782
1779790149.764177,10.0,10.0,9.364389603853862,0.13021504763927544,-0.028975309151694946,0.6511347147221831,0.10621308225554876,0.0681422555998693,0.5540231742408782
1779790149.774206,10.0,10.0,9.457771179934012,0.13027752231941633,-0.028794957844684475,0.6510570198242653,0.10560143736179875,0.06849538894392433,0.5540231742408782
1779790149.7842307,10.0,10.0,9.539693018679527,0.13035228462630102,-0.028620668232913586,0.6509534149242308,0.10501609749929877,0.06883333507110612,0.5540231742408782
1779790149.7941802,10.0,10.0,9.587616222397155,0.13044233714594988,-0.028449203968749805,0.6508179787676887,0.10443959659304872,0.06916617802451763,0.5540231742408782
1779790149.8041644,10.0,10.0,9.58109076203392,0.13054837569884323,-0.028271360969543875,0.6506523785613645,0.10382213004929883,0.06952267249976722,0.5540231742408782
1779790149.8141434,10.0,10.0,9.559471604465989,0.1306683106860246,-0.02809070863305932,0.6504467164250076,0.10324543524929872,0.06985562739778754,0.5540231742408782
1779790149.8241756,10.0,10.0,9.494147963463547,0.13079439729965445,-0.02790452495447809,0.6502025777650823,0.10263437873054884,0.07020842104337786,0.5540231742408782
1779790149.83423,10.0,10.0,9.37355740187621,0.1309336629459285,-0.027712504261524957,0.6499119000971799,0.10204601981804887,0.07054811021988984,0.5540231742408782
1779790149.8441443,10.0,10.0,9.214551822567428,0.1310644719548019,-0.027507491838133214,0.6495906974246146,0.1014634961117987,0.07088443043850273,0.5540231742408782
1779790149.8541975,10.0,10.0,9.006895021678732,0.13120555922354146,-0.02729733112179691,0.6492368666886414,0.10088607883679876,0.07121780245765869,0.5540231742408782
1779790149.8641677,10.0,10.0,8.786339051929586,0.13135033372175567,-0.027072189165609852,0.6488777862639352,0.10027631904929885,0.07156984743511276,0.5540231742408782
1779790149.8741562,10.0,10.0,8.57420416955258,0.13149811819520704,-0.026828895040280257,0.6485027420520253,0.09965235180554885,0.0719300950912573,0.5540231742408782
1779790149.8842034,10.0,10.0,8.357370312081697,0.13163602330060536,-0.026584550639065282,0.6481400209432723,0.09904802537429888,0.07227900311901791,0.5540231742408782
1779790149.894244,10.0,10.0,8.12182657447821,0.1317633554141779,-0.02632656002023481,0.6477790701388236,0.09904802537429888,0.07227900311901791,0.5540231742408782
1779790149.9041677,10.0,10.0,7.893230725705759,0.13188391337835445,-0.02605629049807537,0.6474311854727186,0.09846933049304873,0.07261311276448633,0.5540231742408782
1779790149.9141674,10.0,10.0,7.683840017351889,0.13197544483260085,-0.025784297017711535,0.647089747034919,0.09818130092429886,0.07240872727261549,0.5540231742408782
1779790149.92417,10.0,10.0,7.491834644714128,0.1320266897755504,-0.025515703873980805,0.6467543757654738,0.09818130092429886,0.07174330747374848,0.5540231742408782
1779790149.9341838,10.0,10.0,7.323143281396563,0.1320622239803175,-0.025243706149962682,0.6464309094540324,0.09818130092429886,0.07105574206296718,0.5540231742408782
1779790149.9442077,10.0,10.0,7.1559836198319084,0.13208458261925837,-0.024964156363182652,0.6461358207041106,0.09818130092429886,0.07038454427250997,0.5540231742408782
1779790149.9541419,10.0,10.0,7.005557847925887,0.13208935915944242,-0.024677885516706317,0.6458670218303928,0.09818130092429886,0.0697035071777287,0.5540231742408782
1779790149.964147,10.0,10.0,6.87968549344355,0.13207491288871784,-0.024396182142825414,0.6456397925665035,0.09818130092429886,0.06900697898858568,0.5540231742408782
1779790149.9741943,10.0,10.0,6.7707996441053115,0.13203881143603569,-0.024121017621232393,0.6454535925205762,0.09818130092429886,0.06832618981522685,0.5540231742408782
1779790149.9841602,10.0,10.0,6.689351500353489,0.13198520143816897,-0.023838388863841795,0.6453057030119008,0.09818130092429886,0.06765074007819391,0.5540231742408782
1779790149.994178,10.0,10.0,6.637519768509989,0.1319106941464278,-0.023566020756754916,0.6452061860927364,0.09818130092429886,0.06697796226768887,0.5540231742408782
1779790150.0041819,10.0,10.0,6.609871444972648,0.13182082134710466,-0.023292099745308974,0.645153657197449,0.09818130092429886,0.06629562756374402,0.5540231742408782
1779790150.0141597,10.0,10.0,6.6082410540173075,0.1317218449386252,-0.0230221631395686,0.6451493393582635,0.09818130092429886,0.06559729221774005,0.5540231742408782
1779790150.0241647,10.0,10.0,6.651719876178944,0.1316167528900426,-0.02275435256505115,0.6451808898030175,0.09818130092429886,0.06491944380684496,0.5540231742408782
1779790150.0341885,10.0,10.0,6.718750057558749,0.13151322319010128,-0.022482627186179396,0.6452294533379418,0.09818130092429886,0.06421188535524258,0.5540231742408782
1779790150.0441942,10.0,10.0,6.811085046875385,0.13141472852602945,-0.02222372159876128,0.6453027258072739,0.09818130092429886,0.06352224466613576,0.5540231742408782
1779790150.054161,10.0,10.0,6.950295533975815,0.1313249560618054,-0.021977699689977443,0.6453890034906294,0.09818130092429886,0.06285253193604085,0.5540231742408782
1779790150.0641768,10.0,10.0,7.12983794052359,0.13123427445538868,-0.021734868622562235,0.6454785327937712,0.09818130092429886,0.06218847807574189,0.5540231742408782
1779790150.07416,10.0,10.0,7.324794076196031,0.13114829958828167,-0.02149960828773045,0.6455672163975735,0.09818130092429886,0.0615070219112679,0.5540231742408782
1779790150.0841954,10.0,10.0,7.53163337807906,0.13106952719181952,-0.021272858967752238,0.6456410227380912,0.09818130092429886,0.06084031496049375,0.5540231742408782
1779790150.0941775,10.0,10.0,7.740596644136191,0.13100052046643806,-0.021061771619915327,0.6456976006910867,0.09818130092429886,0.06013867966799011,0.5540231742408782
1779790150.1041555,10.0,10.0,7.964730158223639,0.13095376870922437,-0.020860150629882255,0.6457326706927129,0.09818130092429886,0.06013867966799011,0.5540231742408782
1779790150.1142082,10.0,10.0,8.201639226438768,0.13092789604913835,-0.020674922347907077,0.6457590864815065,0.09818130092429886,0.05946968465644843,0.5540231742408782
1779790150.1241584,10.0,10.0,8.430492573254142,0.13091930793772255,-0.020506693860435334,0.6457773387524047,0.09818130092429886,0.058768942842353955,0.5540231742408782
1779790150.1341717,10.0,10.0,8.631648393485552,0.13092752246136571,-0.02034317236749179,0.6457870925412763,0.09818130092429886,0.05809024128818299,0.5540231742408782
1779790150.1441514,10.0,10.0,8.818117859092546,0.13095296479109733,-0.02018803965439615,0.6457739393620456,0.09818130092429886,0.0574094312652627,0.5540231742408782
1779790150.1541862,10.0,10.0,8.984746089280604,0.13098193463950933,-0.02004414203344358,0.6457365831621583,0.09818130092429886,0.05672282636325682,0.5540231742408782
1779790150.164165,10.0,10.0,9.130307963746251,0.1310175720264134,-0.019910730230279994,0.645670157654434,0.09818130092429886,0.056034981139667706,0.5540231742408782
1779790150.1741483,10.0,10.0,9.237086627556673,0.1310563361409244,-0.019794175786790963,0.6455775723202403,0.09818130092429886,0.055333701783604944,0.5540231742408782
1779790150.1841857,10.0,10.0,9.312500988648063,0.13110887118853665,-0.019685352120096224,0.6454491175369926,0.09818130092429886,0.054667231712429334,0.5540231742408782
1779790150.1941814,10.0,10.0,9.378992250864023,0.13117870395304054,-0.01959260019976732,0.6452912987122124,0.09818130092429886,0.053998516513695693,0.5540231742408782
1779790150.2041783,10.0,10.0,9.424727802685975,0.13126254579709834,-0.019508328635542138,0.6451030950100528,0.09818130092429886,0.05331993927747157,0.5540231742408782
1779790150.2141972,10.0,10.0,9.426144263569421,0.13135202123307754,-0.01942680135017672,0.6448825771676262,0.09818130092429886,0.05264790269810936,0.5540231742408782
1779790150.224164,10.0,10.0,9.393393617327428,0.13145306074815544,-0.019350152750784465,0.6446288111361067,0.09818130092429886,0.05194359931124054,0.5540231742408782
1779790150.2341619,10.0,10.0,9.324268716319914,0.13155667940535198,-0.01927730861306404,0.6443480457290847,0.09818130092429886,0.05126357345267278,0.5540231742408782
1779790150.2441673,10.0,10.0,9.201128025011784,0.13167253898656006,-0.019206528377340045,0.6440366636091561,0.09818130092429886,0.050578385216673044,0.5540231742408782
1779790150.2541814,10.0,10.0,9.046085156231667,0.1317874877119898,-0.0191335605027283,0.6437092625381209,0.09818130092429886,0.049873476023383365,0.5540231742408782
1779790150.2642407,10.0,10.0,8.856400502547725,0.13190591960926631,-0.019055901557639254,0.6433697054922604,0.09818130092429886,0.049203443729914545,0.5540231742408782
1779790150.274157,10.0,10.0,8.655234369649575,0.13202186951075628,-0.018976406916416357,0.6430330807531865,0.09818130092429886,0.04852363260234565,0.5540231742408782
1779790150.2841737,10.0,10.0,8.466270648994163,0.13213905684667535,-0.01889635655064739,0.6427017187050162,0.09818130092429886,0.047856558023787625,0.5540231742408782
1779790150.2941442,10.0,10.0,8.285950588212703,0.1322499937765778,-0.01881427949702608,0.6423867492500827,0.09818130092429886,0.04717395389933951,0.5540231742408782
1779790150.3041627,10.0,10.0,8.084948905600548,0.1323528327018527,-0.018724200496447612,0.642081868329353,0.09818130092429886,0.046499258968398016,0.5540231742408782
1779790150.314205,10.0,10.0,7.894219847928728,0.13242359276835958,-0.018635960480145954,0.6417787582177471,0.09818130092429886,0.046499258968398016,0.5540231742408782
1779790150.324211,10.0,10.0,7.694435244287171,0.13246434304067312,-0.018555111040366966,0.6414870566870637,0.09818130092429886,0.04583253318157139,0.5540231742408782
1779790150.3341444,10.0,10.0,7.491858227255276,0.13250171046550024,-0.01846978499735407,0.6412066776126701,0.09818130092429886,0.045151168729187646,0.5540231742408782
1779790150.344148,10.0,10.0,7.3042989568141925,0.13252872183285558,-0.01839321818157796,0.6409594964369005,0.09818130092429886,0.044468311487164694,0.5540231742408782
1779790150.3541796,10.0,10.0,7.109506256684354,0.13253711487384617,-0.018316621089276265,0.6407350035996986,0.09818130092429886,0.043760903399223255,0.5540231742408782
1779790150.3641481,10.0,10.0,6.92688562695945,0.13252815297361284,-0.018252316674116857,0.6405307122130992,0.09818130092429886,0.04307186202134623,0.5540231742408782
1779790150.374153,10.0,10.0,6.787086888495275,0.13250068884887106,-0.018194168871864175,0.6403594879557724,0.09818130092429886,0.042394694955937645,0.5540231742408782
1779790150.38415,10.0,10.0,6.674830081031709,0.13244987088264643,-0.018137316388851767,0.6402157987774675,0.09818130092429886,0.04170675795530639,0.5540231742408782
1779790150.394165,10.0,10.0,6.5816526410668645,0.13237793448029325,-0.018084929178344932,0.6401080904502451,0.09818130092429886,0.04102568831962065,0.5540231742408782
1779790150.4041936,10.0,10.0,6.519892306545458,0.13229832091267077,-0.018037734646941864,0.6400446804947306,0.09818130092429886,0.040345182206665386,0.5540231742408782
1779790150.4141877,10.0,10.0,6.485554137108852,0.1322134521136006,-0.017993380413033114,0.6400127077465022,0.09818130092429886,0.03967298617037566,0.5540231742408782
1779790150.42417,10.0,10.0,6.508768722228434,0.13213074975845587,-0.017952537568106722,0.6400004651839982,0.09818130092429886,0.039006956667973824,0.5540231742408782
1779790150.4341447,10.0,10.0,6.574165675903262,0.13204194951374434,-0.017911547698978136,0.6399941726389048,0.09818130092429886,0.038328851826956695,0.5540231742408782
1779790150.444218,10.0,10.0,6.628713882808757,0.13193860776115668,-0.01787760793120649,0.6399942455120791,0.09818130092429886,0.03765138864581187,0.5540231742408782
1779790150.4542377,10.0,10.0,6.691564320462353,0.13183430437750063,-0.017853770421225577,0.6400011809744951,0.09818130092429886,0.03694185715018281,0.5540231742408782
1779790150.464131,10.0,10.0,6.810716229682802,0.13174360517487285,-0.01782815725201727,0.640020046689582,0.09818130092429886,0.0362609072208585,0.5540231742408782
1779790150.4741952,10.0,10.0,6.972652419003482,0.13165907183979533,-0.0178100200558011,0.6400472513505457,0.09818130092429886,0.03558627542316886,0.5540231742408782
1779790150.484142,10.0,10.0,7.141961718012442,0.13158863416178576,-0.017791312168603003,0.6400780500135034,0.09818130092429886,0.03492030320834738,0.5540231742408782
1779790150.4941645,10.0,10.0,7.320573017382521,0.1315259749535969,-0.017780126319467012,0.6401059028515793,0.09818130092429886,0.034224105559450234,0.5540231742408782
1779790150.5041504,10.0,10.0,7.527961554251243,0.13146954316401493,-0.017773893273865506,0.6401303366963513,0.09818130092429886,0.03355563509949564,0.5540231742408782
1779790150.5141537,10.0,10.0,7.729108441925134,0.13142296671924605,-0.017776918517193423,0.6401536773148062,0.09818130092429886,0.03355563509949564,0.5540231742408782
1779790150.524172,10.0,10.0,7.9073069296657135,0.13138443587543214,-0.017779153415971725,0.6401705648967888,0.09818130092429886,0.032858291504133594,0.5540231742408782
1779790150.5341399,10.0,10.0,8.063154862224954,0.13136010826646974,-0.01778569044553976,0.6401796201205786,0.09818130092429886,0.03219087911071617,0.5540231742408782
1779790150.5441363,10.0,10.0,8.21322007051227,0.13135092594080744,-0.01779120072559613,0.6401828701427422,0.09818130092429886,0.03150909623815857,0.5540231742408782
1779790150.5541713,10.0,10.0,8.34748944803292,0.13135249644761665,-0.01779086142216887,0.640177724907598,0.09818130092429886,0.030843209240236952,0.5540231742408782
1779790150.5641868,10.0,10.0,8.451263277218164,0.13136559737360487,-0.01778759234644085,0.6401581791505078,0.09818130092429886,0.030171758981723786,0.5540231742408782
1779790150.5741572,10.0,10.0,8.524335390602774,0.13138667955107958,-0.017780237225977602,0.6401121344515894,0.09818130092429886,0.02948163154303865,0.5540231742408782
1779790150.584143,10.0,10.0,8.590092601079826,0.1314167041376606,-0.017768688876767767,0.6400391753433495,0.09818130092429886,0.028788727345450793,0.5540231742408782
1779790150.594168,10.0,10.0,8.63851051068003,0.1314555751110376,-0.01775178496248146,0.6399375882139824,0.09818130092429886,0.028112018385830002,0.5540231742408782
1779790150.604143,10.0,10.0,8.679160408802549,0.1315039330325042,-0.017729600158791145,0.6398067646800778,0.09818130092429886,0.027437292277973938,0.5540231742408782
1779790150.614166,10.0,10.0,8.7135000719423,0.13155585345532703,-0.017704158834659568,0.6396397075569092,0.09818130092429886,0.026761832083684302,0.5540231742408782
1779790150.6241853,10.0,10.0,8.72852532468364,0.13161542449939206,-0.01767209014923569,0.6394353291367003,0.09818130092429886,0.026087722889024674,0.5540231742408782
1779790150.6341624,10.0,10.0,8.717117544225651,0.13168454226013118,-0.017636418375523048,0.6392014125756214,0.09818130092429886,0.025402589277577187,0.5540231742408782
1779790150.6442065,10.0,10.0,8.653108428557,0.131765171991319,-0.017596614318329425,0.6389362753132585,0.09818130092429886,0.02473347585871253,0.5540231742408782
1779790150.6541274,10.0,10.0,8.549855547296028,0.1318430315430503,-0.017551257518715533,0.6386393183152449,0.09818130092429886,0.02405583568362571,0.5540231742408782
1779790150.6642008,10.0,10.0,8.395031273461338,0.13191813494056634,-0.017510023009948843,0.638322563024283,0.09818130092429886,0.023376379907930706,0.5540231742408782
1779790150.6741881,10.0,10.0,8.223632511779755,0.13199313991199715,-0.01746307259042106,0.6379894161550708,0.09818130092429886,0.022709682050423355,0.5540231742408782
1779790150.6841514,10.0,10.0,8.042323559366414,0.13206864202992796,-0.0174182401429889,0.6376464068926874,0.09818130092429886,0.022004625091549157,0.5540231742408782
1779790150.6941504,10.0,10.0,7.864994343760682,0.13214067005909855,-0.01737076250904305,0.6373033733643902,0.09818130092429886,0.021327848452043226,0.5540231742408782
1779790150.7041202,10.0,10.0,7.69470592877966,0.13221309273159756,-0.017324652011577898,0.6369619672438499,0.09818130092429886,0.0206586517648358,0.5540231742408782
1779790150.7141745,10.0,10.0,7.549809293911165,0.13227534688407405,-0.01728175819131915,0.636629152563759,0.09818130092429886,0.0199923697294261,0.5540231742408782
1779790150.72427,10.0,10.0,7.417764547801389,0.1323179423782476,-0.017244326695790832,0.6362915919911293,0.09818130092429886,0.01930484075666391,0.5540231742408782
1779790150.734167,10.0,10.0,7.314982366519695,0.13234201927927186,-0.01721014279370213,0.6359675912639183,0.09818130092429886,0.018605952280234463,0.5540231742408782
1779790150.7441385,10.0,10.0,7.22789962431451,0.13235708891847123,-0.01718054792748982,0.6356578444461045,0.09818130092429886,0.0179234379842714,0.5540231742408782
1779790150.7542298,10.0,10.0,7.157105474648222,0.1323531808122082,-0.017160237824332056,0.6353737314187448,0.09818130092429886,0.0179234379842714,0.5540231742408782
1779790150.7641406,10.0,10.0,7.0890275944706955,0.13233234034058344,-0.017145605578834315,0.6351144117180187,0.09818130092429886,0.01725703812610569,0.5540231742408782
1779790150.774161,10.0,10.0,7.012901542776396,0.13228853011419198,-0.01713702004980432,0.6348810760474374,0.09818130092429886,0.016543772675345472,0.5540231742408782
1779790150.7841454,10.0,10.0,6.921847881807306,0.13222193622215586,-0.017138324933470898,0.6346951731169498,0.09818130092429886,0.015862429722042534,0.5540231742408782
1779790150.7941508,10.0,10.0,6.8206385528194655,0.13214201909990053,-0.01714813780572843,0.6345486349606886,0.09818130092429886,0.015185972580958594,0.5540231742408782
1779790150.804158,10.0,10.0,6.751108503926627,0.13204408849885835,-0.01716578787776554,0.6344449246521674,0.09818130092429886,0.014517226140358693,0.5540231742408782
1779790150.814153,10.0,10.0,6.716546075331545,0.13194268383750182,-0.017185626120457452,0.6343843330066372,0.09818130092429886,0.013842192225423404,0.5540231742408782
1779790150.82422,10.0,10.0,6.715937480984458,0.13183337671921552,-0.017212146860818532,0.6343559819629667,0.09818130092429886,0.013166887590946872,0.5540231742408782
1779790150.8342087,10.0,10.0,6.7487374540726695,0.13171908222546017,-0.01724108040248294,0.6343376683754786,0.09818130092429886,0.012497414273574802,0.5540231742408782
1779790150.8441527,10.0,10.0,6.81868730823746,0.13160065359361015,-0.01727140409473308,0.6343292715889812,0.09818130092429886,0.011816837233138882,0.5540231742408782
1779790150.854137,10.0,10.0,6.9145045515425885,0.13146993918107616,-0.017305172627152456,0.6343247947984865,0.09818130092429886,0.011150416005796174,0.5540231742408782
1779790150.8641775,10.0,10.0,7.053866172002769,0.13134065241320145,-0.017341857947444403,0.6343281558118673,0.09818130092429886,0.01047722042463617,0.5540231742408782
1779790150.8741422,10.0,10.0,7.221674515689869,0.13122956250512524,-0.017376468397038193,0.63434150901814,0.09818130092429886,0.009811109537496974,0.5540231742408782
1779790150.884147,10.0,10.0,7.400484086570197,0.13113331285121171,-0.01740969943344019,0.6343655498899233,0.09818130092429886,0.009143321722066866,0.5540231742408782
1779790150.8941634,10.0,10.0,7.566688190989561,0.13105327923144303,-0.017442484384593424,0.634399627089885,0.09818130092429886,0.008472621787963779,0.5540231742408782
1779790150.9041612,10.0,10.0,7.7377089186492025,0.13097990293617798,-0.017475569543632313,0.634432130836484,0.09818130092429886,0.007778559887615893,0.5540231742408782
1779790150.9142056,10.0,10.0,7.906985994449361,0.13091441405055992,-0.017506727651109014,0.6344617978026166,0.09818130092429886,0.007073474999422654,0.5540231742408782
1779790150.9241865,10.0,10.0,8.06335039728437,0.13085307724427966,-0.01753557951817156,0.6344880219312833,0.09818130092429886,0.006389137893189801,0.5540231742408782
1779790150.9341793,10.0,10.0,8.204324099652402,0.13080256893666634,-0.017562998201032062,0.6345076457685225,0.09818130092429886,0.0057005976842141055,0.5540231742408782
1779790150.9441504,10.0,10.0,8.34470035562404,0.13076797140162638,-0.01758918966215904,0.6345221803746502,0.09818130092429886,0.005033523040704179,0.5540231742408782
1779790150.9541636,10.0,10.0,8.47452953541765,0.13075306129789319,-0.017610201067586137,0.634527354714394,0.09818130092429886,0.004349510044478743,0.5540231742408782
1779790150.9641762,10.0,10.0,8.605242082066784,0.1307542693061756,-0.017628108376303492,0.6345227098684344,0.09818130092429886,0.0036765226991270026,0.5540231742408782
1779790150.974177,10.0,10.0,8.727308088249512,0.1307723809587858,-0.01764039844737447,0.6345005297631795,0.09818130092429886,0.002991211509170545,0.5540231742408782
1779790150.9841542,10.0,10.0,8.809599252867946,0.1308001882528054,-0.017650794592980506,0.634458822124742,0.09818130092429886,0.002324980266150826,0.5540231742408782
1779790150.994146,10.0,10.0,8.870315005995863,0.13084057722183468,-0.017665684275077954,0.6343883469643391,0.09818130092429886,0.002324980266150826,0.5540231742408782
1779790151.0041692,10.0,10.0,8.920683759092622,0.13088766692053497,-0.017677840045276446,0.6342871739231181,0.09818130092429886,0.0016469398574237518,0.5540231742408782
1779790151.0141702,10.0,10.0,8.959480629243265,0.13094374376114978,-0.01769200759071897,0.6341562755222472,0.09818130092429886,0.0009681842632677292,0.5540231742408782
1779790151.0242221,10.0,10.0,8.969996741372642,0.13100462594659026,-0.017706519166541944,0.6340024684577216,0.09818130092429886,0.00030125673582321287,0.5540231742408782
1779790151.0341492,10.0,10.0,8.942745296876826,0.13107213364527,-0.017723508146324393,0.6338206881660576,0.09818130092429886,-0.00039600359119629225,0.5540231742408782
1779790151.0442336,10.0,10.0,8.880690976339679,0.13115091381927352,-0.017734591148786772,0.6336062374822383,0.09818130092429886,-0.0010623871464340469,0.5540231742408782
1779790151.0542355,10.0,10.0,8.801794618459223,0.13123561091218153,-0.017744578675683496,0.6333685075596559,0.09818130092429886,-0.0017616563059802397,0.5540231742408782
1779790151.064156,10.0,10.0,8.676181998362214,0.13131556905937866,-0.017756158308370473,0.6331090112528217,0.09818130092429886,-0.0024529322892064744,0.5540231742408782
1779790151.0741522,10.0,10.0,8.535731168491274,0.1314002952796408,-0.017764595084702527,0.632832408600915,0.09818130092429886,-0.003119791552198428,0.5540231742408782
1779790151.0841765,10.0,10.0,8.399817033247793,0.1314799484800384,-0.0177737834839241,0.6325538890601379,0.09818130092429886,-0.0037854045829837334,0.5540231742408782
1779790151.0941753,10.0,10.0,8.239875718128511,0.13155004834116732,-0.01778179970051733,0.6322762878233951,0.09818130092429886,-0.004463683819866449,0.5540231742408782
1779790151.1041791,10.0,10.0,8.052588329167657,0.13160996451199353,-0.017791270859668605,0.6320132540109356,0.09818130092429886,-0.005156276313260894,0.5540231742408782
1779790151.1141677,10.0,10.0,7.8607625885298,0.1316596515684138,-0.01779717115439067,0.6317547249496822,0.09818130092429886,-0.005846653621925569,0.5540231742408782
1779790151.1241405,10.0,10.0,7.703622927491683,0.13168715298345904,-0.017806618870204263,0.6315051279031002,0.09818130092429886,-0.006513980733491456,0.5540231742408782
1779790151.1341794,10.0,10.0,7.554329299345339,0.13169702806147035,-0.017814049689115655,0.6312683661758544,0.09818130092429886,-0.007217030093925039,0.5540231742408782
1779790151.1441638,10.0,10.0,7.423858591245182,0.1316945400106757,-0.017822805688121966,0.6310493120080823,0.09818130092429886,-0.007884086485949685,0.5540231742408782
1779790151.154179,10.0,10.0,7.314990238125161,0.13167766847200957,-0.017833837086556597,0.6308543140724664,0.09818130092429886,-0.00858997703757604,0.5540231742408782
1779790151.1642134,10.0,10.0,7.203888636912383,0.1316459262284868,-0.017845115746597064,0.6306871140724886,0.09818130092429886,-0.00927496099983383,0.5540231742408782
1779790151.1742444,10.0,10.0,7.101665154023008,0.13159515344589467,-0.017860065395175814,0.6305442148836368,0.09818130092429886,-0.009948834613932889,0.5540231742408782
1779790151.1841533,10.0,10.0,7.007423192700671,0.13152350422436673,-0.01787522490179524,0.6304308220300974,0.09818130092429886,-0.010626754666779434,0.5540231742408782
1779790151.1941574,10.0,10.0,6.914745332783988,0.13143322101194213,-0.01789615595858912,0.6303510646187266,0.09818130092429886,-0.011309988694804962,0.5540231742408782
1779790151.204146,10.0,10.0,6.845725162768913,0.1313311783606481,-0.01791926663769569,0.6302913650049319,0.09818130092429886,-0.011309988694804962,0.5540231742408782
1779790151.2141447,10.0,10.0,6.813216789821042,0.1312221279192095,-0.0179474040781901,0.630259673989619,0.09818130092429886,-0.011978427912893063,0.5540231742408782
1779790151.2242086,10.0,10.0,6.816035124425081,0.131101964282274,-0.01798424541114734,0.6302419192735994,0.09818130092429886,-0.01265538680744507,0.5540231742408782
1779790151.2341614,10.0,10.0,6.869360032173468,0.13098517048836744,-0.018029773634343473,0.6302291146566592,0.09818130092429886,-0.013325899355301603,0.5540231742408782
1779790151.244159,10.0,10.0,6.974831292901886,0.1308630680050742,-0.018076140268510104,0.6302230609660369,0.09818130092429886,-0.014016646305259372,0.5540231742408782
1779790151.2542157,10.0,10.0,7.124953247150683,0.1307455450428498,-0.01812521820588606,0.6302231901466275,0.09818130092429886,-0.014688200681676786,0.5540231742408782
1779790151.2641764,10.0,10.0,7.307608956419274,0.1306449965863133,-0.018178581963191963,0.6302382559278188,0.09818130092429886,-0.015362155030994333,0.5540231742408782
1779790151.2742052,10.0,10.0,7.497910286247712,0.13056111937105988,-0.01823431702791175,0.6302672441593838,0.09818130092429886,-0.016045437253333412,0.5540231742408782
1779790151.2842028,10.0,10.0,7.691211969790003,0.13048593955999938,-0.018294768283911734,0.6302969526293674,0.09818130092429886,-0.01672335854026603,0.5540231742408782
1779790151.2941656,10.0,10.0,7.894426953801176,0.13040857708260495,-0.018364964333449082,0.6303308187293474,0.09818130092429886,-0.01742312425712813,0.5540231742408782
1779790151.3041284,10.0,10.0,8.082836967040581,0.13033907662459276,-0.01844190073786404,0.6303592017394304,0.09818130092429886,-0.018107126146577997,0.5540231742408782
1779790151.3141406,10.0,10.0,8.247499170459603,0.13027146859270008,-0.0185346513181004,0.6303891273031683,0.09818130092429886,-0.018781047954990842,0.5540231742408782
1779790151.3241658,10.0,10.0,8.393039643083133,0.13021373224047958,-0.018637251817322027,0.6304117005847137,0.09818130092429886,-0.019495644270290373,0.5540231742408782
1779790151.3341382,10.0,10.0,8.529064213406896,0.13016915094962997,-0.01874142721888748,0.6304279990250802,0.09818130092429886,-0.020163127591188237,0.5540231742408782
1779790151.3441384,10.0,10.0,8.664782130115567,0.1301371002156761,-0.018858975289146793,0.6304350725019275,0.09818130092429886,-0.020839213142421993,0.5540231742408782
1779790151.3542051,10.0,10.0,8.786039158604135,0.13012363169202326,-0.018977633148844448,0.6304301212588326,0.09818130092429886,-0.021511405216645175,0.5540231742408782
1779790151.364218,10.0,10.0,8.901578590128015,0.13012941919958196,-0.019099325246733533,0.6304036823808727,0.09818130092429886,-0.022175362103749593,0.5540231742408782
1779790151.3741481,10.0,10.0,8.998583335816415,0.13015543153712864,-0.019231236504576324,0.630355195572866,0.09818130092429886,-0.02285519732847527,0.5540231742408782
1779790151.384222,10.0,10.0,9.062578366368315,0.13019635400746632,-0.019354279859496105,0.6302790319182734,0.09818130092429886,-0.023523389274660033,0.5540231742408782
1779790151.3941429,10.0,10.0,9.106443925715645,0.1302462199827986,-0.019474744817902408,0.6301777342573327,0.09818130092429886,-0.024192163644579205,0.5540231742408782
1779790151.404151,10.0,10.0,9.112419376095039,0.13031399154579087,-0.019590825807252264,0.6300374406558106,0.09818130092429886,-0.02486820691212259,0.5540231742408782
1779790151.4141662,10.0,10.0,9.079975779770107,0.13038870975138472,-0.019712558427500616,0.6298594446898845,0.09818130092429886,-0.025544867092862404,0.5540231742408782
1779790151.4241982,10.0,10.0,9.022924644814374,0.13046840003680896,-0.019835824538446362,0.6296365897828604,0.09818130092429886,-0.026209813067580398,0.5540231742408782
1779790151.4342248,10.0,10.0,8.932771502676086,0.13055171739224633,-0.01996432979416346,0.6293773472673129,0.09818130092429886,-0.026209813067580398,0.5540231742408782
1779790151.4441705,10.0,10.0,8.829180447802914,0.13063944584728335,-0.02009065337378582,0.6290827268782622,0.09818130092429886,-0.02692103591082316,0.5540231742408782
1779790151.454209,10.0,10.0,8.70936322633847,0.13072788227425447,-0.020215650918079437,0.6287753662428092,0.09818130092429886,-0.027608510843600297,0.5540231742408782
1779790151.4642138,10.0,10.0,8.564959460759525,0.13082014048581916,-0.020329592160195028,0.6284547042647517,0.09818130092429886,-0.028288946678594218,0.5540231742408782
1779790151.4741752,10.0,10.0,8.41565406987632,0.13090519637012424,-0.020439167210825972,0.6281345109283886,0.09818130092429886,-0.028977190836785592,0.5540231742408782
1779790151.4841154,10.0,10.0,8.23266988214347,0.13098598966355693,-0.020549498817072326,0.6278147220970524,0.09818130092429886,-0.0296582806725137,0.5540231742408782
1779790151.4942255,10.0,10.0,8.039761206633449,0.13105232437421035,-0.020655410526559174,0.627502622422805,0.09818130092429886,-0.030333362132243663,0.5540231742408782
1779790151.5041614,10.0,10.0,7.839951313882948,0.1310900578872717,-0.020760430339591872,0.6271992536344753,0.09818130092429886,-0.031002305052357147,0.5540231742408782
1779790151.5141914,10.0,10.0,7.647598634462863,0.13110623067474905,-0.020867159814881565,0.6269043033430812,0.09818130092429886,-0.03170163604611721,0.5540231742408782
1779790151.5242114,10.0,10.0,7.484100663463032,0.13111300957802274,-0.020969748508122332,0.6266313923113743,0.09818130092429886,-0.032369969847262856,0.5540231742408782
1779790151.5341582,10.0,10.0,7.328679042984468,0.131105816759735,-0.021071106753508494,0.6263765552589751,0.09818130092429886,-0.03307296328410621,0.5540231742408782
1779790151.5441694,10.0,10.0,7.186238251481603,0.13108007669279115,-0.02117100209176828,0.6261423434722133,0.09818130092429886,-0.033752090468112415,0.5540231742408782
1779790151.5541472,10.0,10.0,7.068981825462701,0.13102648355703062,-0.021275491940918927,0.6259334487315865,0.09818130092429886,-0.034420111915545545,0.5540231742408782
1779790151.564203,10.0,10.0,6.964454934736029,0.13095698903257053,-0.021383214288112826,0.6257514303838203,0.09818130092429886,-0.03509938550114637,0.5540231742408782
1779790151.5741587,10.0,10.0,6.8985818304325015,0.13087023606315415,-0.02149820030333996,0.6256012730687979,0.09818130092429886,-0.035776352189927196,0.5540231742408782
1779790151.5841513,10.0,10.0,6.8525195263533565,0.1307662475785017,-0.02161691229067337,0.6254929957602838,0.09818130092429886,-0.03645329802914632,0.5540231742408782
1779790151.5941515,10.0,10.0,6.827599570252229,0.13065591223621942,-0.021738141808930165,0.6254255179457725,0.09818130092429886,-0.03715750769041613,0.5540231742408782
1779790151.604156,10.0,10.0,6.824031550427939,0.13053084906385723,-0.021869844960194607,0.6253903719079746,0.09818130092429886,-0.03782961389822058,0.5540231742408782
1779790151.6141546,10.0,10.0,6.849740600930297,0.1304012989203052,-0.022006604703915966,0.6253782551637902,0.09818130092429886,-0.03850861026908956,0.5540231742408782
1779790151.6242127,10.0,10.0,6.895729341036437,0.13026477711646609,-0.022145781142058812,0.6253719903985342,0.09818130092429886,-0.03918656474644599,0.5540231742408782
1779790151.6341622,10.0,10.0,6.971807612131733,0.13012236923897308,-0.022286485936995868,0.6253699924188066,0.09818130092429886,-0.03986731683226659,0.5540231742408782
1779790151.6441457,10.0,10.0,7.0888552319191644,0.12999366288659642,-0.022431610309391146,0.6253859698836048,0.09818130092429886,-0.04054103696501369,0.5540231742408782
1779790151.6541517,10.0,10.0,7.240049976219641,0.12988214704916995,-0.02258544551962667,0.6254127977892834,0.09818130092429886,-0.04054103696501369,0.5540231742408782
1779790151.6641762,10.0,10.0,7.383186598298828,0.12978478021370476,-0.02275076842698659,0.6254466494938619,0.09818130092429886,-0.041206421559948136,0.5540231742408782
1779790151.6741266,10.0,10.0,7.513697115013448,0.12968982840551974,-0.022919454766358944,0.625486177528246,0.09818130092429886,-0.041917125047756194,0.5540231742408782
1779790151.6841586,10.0,10.0,7.662021944701957,0.129599669966347,-0.023097370057353524,0.6255244368099767,0.09818130092429886,-0.042600308997862754,0.5540231742408782
1779790151.6941645,10.0,10.0,7.8038144357540045,0.12951665812487895,-0.023279283011955035,0.6255586906076187,0.09818130092429886,-0.04327642968807718,0.5540231742408782
1779790151.7041314,10.0,10.0,7.943384542903773,0.1294395509229589,-0.023475786160784932,0.6255881565157552,0.09818130092429886,-0.0439467860266015,0.5540231742408782
1779790151.7141652,10.0,10.0,8.059805876186426,0.12937414889633558,-0.023678177088200403,0.6256115753070742,0.09818130092429886,-0.044626060911240314,0.5540231742408782
1779790151.7242045,10.0,10.0,8.197098945606754,0.12932633322371387,-0.023897581738909143,0.6256267339541445,0.09818130092429886,-0.04529297674734183,0.5540231742408782
1779790151.7341464,10.0,10.0,8.314188584843405,0.1292965814782198,-0.024119480616906205,0.6256362237690007,0.09818130092429886,-0.045993321640343275,0.5540231742408782
1779790151.744181,10.0,10.0,8.41316625031794,0.12928802076857104,-0.02434657679952475,0.6256335394157166,0.09818130092429886,-0.04666619830764848,0.5540231742408782
1779790151.7541914,10.0,10.0,8.516938953152751,0.12930021747702997,-0.02457697087116949,0.6256181994447069,0.09818130092429886,-0.04736306820876533,0.5540231742408782
1779790151.7641568,10.0,10.0,8.599770130338332,0.12933557513507096,-0.024814602365519783,0.6255847268444197,0.09818130092429886,-0.048031965597593144,0.5540231742408782
1779790151.77412,10.0,10.0,8.66492355224195,0.12938592667561616,-0.0250526782066283,0.625528782005937,0.09818130092429886,-0.048702257503827395,0.5540231742408782
1779790151.7841358,10.0,10.0,8.679698212281421,0.12944990144273763,-0.025293587118975495,0.6254470694471577,0.09818130092429886,-0.0493795872737588,0.5540231742408782
1779790151.7941403,10.0,10.0,8.657845450635378,0.1295266001961257,-0.025538047678788547,0.6253343033646911,0.09818130092429886,-0.050048485961624825,0.5540231742408782
1779790151.804161,10.0,10.0,8.592794903064783,0.12960707831836,-0.025779733329486725,0.6251925346314335,0.09818130092429886,-0.050722558783217485,0.5540231742408782
1779790151.8141525,10.0,10.0,8.505268040782866,0.12969530709844246,-0.02602519237646461,0.6250131688549051,0.09818130092429886,-0.05139017999701037,0.5540231742408782
1779790151.8241363,10.0,10.0,8.390907188828926,0.12978078828262846,-0.026272359429134442,0.6248115978703417,0.09818130092429886,-0.05205636700778263,0.5540231742408782
1779790151.834166,10.0,10.0,8.259568181167875,0.1298678801323829,-0.02652426446734018,0.6245943614560208,0.09818130092429886,-0.05275764181721212,0.5540231742408782
1779790151.8441823,10.0,10.0,8.11006086210653,0.12995566791383908,-0.026774578093139413,0.6243719259236092,0.09818130092429886,-0.05345951398931454,0.5540231742408782
1779790151.8542147,10.0,10.0,7.958508150251649,0.13004519703459785,-0.02703516583024164,0.6241474021618559,0.09818130092429886,-0.05412787318665517,0.5540231742408782
1779790151.8641176,10.0,10.0,7.804987913672076,0.13012851677692372,-0.027292844650999834,0.6239235320923336,0.09818130092429886,-0.05412787318665517,0.5540231742408782
1779790151.8741739,10.0,10.0,7.646813085347964,0.13019689235209825,-0.02754772983552706,0.6237146820712706,0.09818130092429886,-0.054839224829526155,0.5540231742408782
1779790151.8842256,10.0,10.0,7.4593808279518115,0.13024081564248122,-0.027804905344501075,0.6235232887023372,0.09818130092429886,-0.05554060693950305,0.5540231742408782
1779790151.894228,10.0,10.0,7.264570639389818,0.130263694340593,-0.028064333309816246,0.6233514874172458,0.09818130092429886,-0.056274973705444056,0.5540231742408782
1779790151.9041474,10.0,10.0,7.087906027768559,0.13026601248443007,-0.02832970890453192,0.6232037699404696,0.09818130092429886,-0.05695765720112031,0.5540231742408782
1779790151.914147,10.0,10.0,6.917767512746685,0.13024373064354808,-0.028595546507242556,0.6230806349066703,0.09818130092429886,-0.05766806132559706,0.5540231742408782
1779790151.9242501,10.0,10.0,6.753269352774818,0.1302039242197656,-0.028863639265539566,0.62299102136057,0.09818130092429886,-0.05834186667524379,0.5540231742408782
1779790151.934172,10.0,10.0,6.610049130076386,0.13014984776767974,-0.029137883324936324,0.6229183944395732,0.09818130092429886,-0.05904502736324324,0.5540231742408782
1779790151.9441655,10.0,10.0,6.499016886488553,0.13008879027527723,-0.029413985649085397,0.6228483341092428,0.09818130092429886,-0.059716777569654905,0.5540231742408782
1779790151.9541721,10.0,10.0,6.414307332929094,0.1300108643959815,-0.02970085567427779,0.6227802577961951,0.09818130092429886,-0.060385752381153984,0.5540231742408782
1779790151.9641838,10.0,10.0,6.354367795327803,0.12991080050669349,-0.02998727706716415,0.6227196953153376,0.09818130092429886,-0.06106578473491212,0.5540231742408782
1779790151.974165,10.0,10.0,6.34117989071586,0.12979518145767518,-0.03027745352258994,0.6226679508776365,0.09818130092429886,-0.061774564672045264,0.5540231742408782
1779790151.9842107,10.0,10.0,6.353894780552121,0.1296643359201825,-0.030571433446852824,0.6226350974823982,0.09818130092429886,-0.062440792667469686,0.5540231742408782
1779790151.9941401,10.0,10.0,6.381035118483037,0.12951182631326852,-0.030869038654610853,0.6226193299604045,0.09818130092429886,-0.06312999733443649,0.5540231742408782
1779790152.0042317,10.0,10.0,6.447800931884943,0.1293510753389615,-0.03116817532131734,0.6226306115789766,0.09818130092429886,-0.06380496551804372,0.5540231742408782
1779790152.0141592,10.0,10.0,6.525390976601829,0.12917296728805874,-0.03146808827518803,0.6226621121575332,0.09818130092429886,-0.06450410587796171,0.5540231742408782
1779790152.0241642,10.0,10.0,6.643596188826103,0.12900625002323127,-0.031777678318435115,0.6227116093379719,0.09818130092429886,-0.06518013673969107,0.5540231742408782
1779790152.0341756,10.0,10.0,6.795211688150944,0.1288632688394274,-0.03209511518646395,0.6227768865820543,0.09818130092429886,-0.06518013673969107,0.5540231742408782
1779790152.044215,10.0,10.0,6.960697787832106,0.1287308417620023,-0.03241074006670536,0.6228532463864437,0.09818130092429886,-0.06587985627574862,0.5540231742408782
1779790152.0541835,10.0,10.0,7.126892112050403,0.12860500233955163,-0.032730668267235107,0.6229198349724907,0.09818130092429886,-0.06656408465249203,0.5540231742408782
1779790152.0641818,10.0,10.0,7.311995272690149,0.12848172322988177,-0.033067423462089414,0.6229772313303061,0.09818130092429886,-0.06724636141933742,0.5540231742408782
1779790152.07413,10.0,10.0,7.497520118264077,0.12835747003965362,-0.03341364876170244,0.6230196446506961,0.09818130092429886,-0.06792509226681756,0.5540231742408782
1779790152.0841298,10.0,10.0,7.656326135535523,0.12823269039355745,-0.033766194198977556,0.6230473661113646,0.09818130092429886,-0.06860414527574803,0.5540231742408782
1779790152.0941527,10.0,10.0,7.801312618432797,0.12811444417431733,-0.03413921127341575,0.6230680533274611,0.09818130092429886,-0.0693085078987545,0.5540231742408782
1779790152.1041374,10.0,10.0,7.959877768230834,0.12801258313741667,-0.034529009747244654,0.6230891731314369,0.09818130092429886,-0.06998625673837887,0.5540231742408782
1779790152.1141279,10.0,10.0,8.103897051915588,0.127922897378112,-0.03492191333941913,0.6231093472015709,0.09818130092429886,-0.07066718841621769,0.5540231742408782
1779790152.1241658,10.0,10.0,8.227067305723454,0.1278479012825395,-0.035323504500589326,0.6231208458879828,0.09818130092429886,-0.0713342337664182,0.5540231742408782
1779790152.1341498,10.0,10.0,8.342852100802732,0.1277968528703375,-0.03572989151510018,0.6231215731048799,0.09818130092429886,-0.07203582937330791,0.5540231742408782
1779790152.1441407,10.0,10.0,8.456589466175476,0.12777089695728258,-0.03614578554022663,0.6231107648926995,0.09818130092429886,-0.07270216473423187,0.5540231742408782
1779790152.1541693,10.0,10.0,8.581093457100549,0.1277706754062923,-0.03656946739872763,0.6230892728825925,0.09818130092429886,-0.07339039655156136,0.5540231742408782
1779790152.1641521,10.0,10.0,8.691161902311155,0.1277853808402426,-0.0369970113148997,0.6230539064793951,0.09818130092429886,-0.07405785447626424,0.5540231742408782
1779790152.1741517,10.0,10.0,8.764109433148224,0.12781737533562215,-0.037427387393324255,0.6229895928795035,0.09818130092429886,-0.0747256520994317,0.5540231742408782
1779790152.1841707,10.0,10.0,8.792645013927478,0.12786441204168641,-0.03785824260687703,0.6229038142121368,0.09818130092429886,-0.07540333916979411,0.5540231742408782
1779790152.1941588,10.0,10.0,8.779690786865679,0.12792697164815556,-0.03829572244259636,0.6227875213267738,0.09818130092429886,-0.0760828131969746,0.5540231742408782
1779790152.204145,10.0,10.0,8.735520456170772,0.1280008673159992,-0.03873650875837037,0.6226509323753987,0.09818130092429886,-0.0767500765257693,0.5540231742408782
1779790152.2141404,10.0,10.0,8.656612819424355,0.12808878286203557,-0.03916059185673578,0.6224890885886833,0.09818130092429886,-0.07742294280076951,0.5540231742408782
1779790152.224148,10.0,10.0,8.531612563369377,0.12818717506804791,-0.039575907005093273,0.6223102931867985,0.09818130092429886,-0.0781325940677119,0.5540231742408782
1779790152.2341442,10.0,10.0,8.351849061070753,0.12829115993150733,-0.03999360995231505,0.6221297577089608,0.09818130092429886,-0.07880431894288072,0.5540231742408782
1779790152.2441545,10.0,10.0,8.13976160799127,0.12839706763028313,-0.04040996352967757,0.6219454663663134,0.09818130092429886,-0.07947569242824172,0.5540231742408782
1779790152.2541435,10.0,10.0,7.919889793639696,0.1284913350417296,-0.040822862241869796,0.6217650196380206,0.09818130092429886,-0.08015117990233152,0.5540231742408782
1779790152.2641878,10.0,10.0,7.683558339356023,0.12857486695561862,-0.041235037114282176,0.621592305617487,0.09818130092429886,-0.08015117990233152,0.5540231742408782
1779790152.2741294,10.0,10.0,7.456377382953747,0.12864217566231748,-0.04164292558265439,0.6214286907788739,0.09818130092429886,-0.08081610515739186,0.5540231742408782
1779790152.2841353,10.0,10.0,7.237416816917548,0.12867064735097125,-0.04205803750538365,0.621277891440504,0.09818130092429886,-0.08152815957987801,0.5540231742408782
1779790152.2941277,10.0,10.0,7.024140797652765,0.12868748221944148,-0.04246787049742948,0.6211511898748366,0.09818130092429886,-0.0822056312697222,0.5540231742408782
1779790152.304199,10.0,10.0,6.830391655922214,0.12869296759909296,-0.0428728404352991,0.6210468828935398,0.09818130092429886,-0.08287895110387715,0.5540231742408782
1779790152.3141358,10.0,10.0,6.664705479310603,0.12867998514552675,-0.04327728063316532,0.6209524429931286,0.09818130092429886,-0.08355757328681976,0.5540231742408782
1779790152.3242261,10.0,10.0,6.502485006251613,0.1286497453000509,-0.043676741924272504,0.6208573583753919,0.09818130092429886,-0.08423183544321652,0.5540231742408782
1779790152.3341722,10.0,10.0,6.3405065339184,0.12859700152876166,-0.04406859918804607,0.6207613575363414,0.09818130092429886,-0.08490409331371988,0.5540231742408782
1779790152.3441286,10.0,10.0,6.182318695102495,0.1285162269596803,-0.04446102898196958,0.6206707702404626,0.09818130092429886,-0.08557567308633206,0.5540231742408782
1779790152.354183,10.0,10.0,6.07345169243529,0.12841595088892474,-0.04486557426086428,0.6205884009508824,0.09818130092429886,-0.08625771622117422,0.5540231742408782
1779790152.3641946,10.0,10.0,5.991567447182169,0.12828869276182597,-0.04527363201323285,0.6205178983588271,0.09818130092429886,-0.08693149818813518,0.5540231742408782
1779790152.3741384,10.0,10.0,5.919390207379034,0.12813652647544863,-0.04568334983105496,0.6204616281139919,0.09818130092429886,-0.0876109123296589,0.5540231742408782
1779790152.3841443,10.0,10.0,5.874468036002747,0.12796901987251524,-0.04608864563591375,0.6204298154185861,0.09818130092429886,-0.08828947202886876,0.5540231742408782
1779790152.3941345,10.0,10.0,5.868152236243643,0.12779449964627,-0.046512631329756686,0.6204169967584203,0.09818130092429886,-0.08897734784480527,0.5540231742408782
1779790152.4041553,10.0,10.0,5.926246212241353,0.1276155723491448,-0.046950413680600725,0.620424476196349,0.09818130092429886,-0.08966198295037953,0.5540231742408782
1779790152.4141455,10.0,10.0,6.029706327476918,0.1274349222964727,-0.04740028578232574,0.6204552533576889,0.09818130092429886,-0.09035935778760806,0.5540231742408782
1779790152.4241474,10.0,10.0,6.168481441050326,0.1272358205784915,-0.04785295616549015,0.6205125564100105,0.09818130092429886,-0.09105790987812012,0.5540231742408782
1779790152.434182,10.0,10.0,6.307171048169238,0.1270440694747042,-0.04831566999723385,0.6205906561572154,0.09818130092429886,-0.09172693411801883,0.5540231742408782
1779790152.4441202,10.0,10.0,6.485860936515253,0.12687542071672694,-0.04878523768257044,0.620673621844105,0.09818130092429886,-0.09242597555618517,0.5540231742408782
1779790152.454188,10.0,10.0,6.6972225253762305,0.1267220103551661,-0.04926053472831964,0.6207633454161056,0.09818130092429886,-0.09309441672283036,0.5540231742408782
1779790152.4641676,10.0,10.0,6.899725746258155,0.1265672354943924,-0.04973634865581691,0.6208555456125049,0.09818130092429886,-0.09376029852459959,0.5540231742408782
1779790152.4742413,10.0,10.0,7.096887019434717,0.1264161559216093,-0.050212994173009534,0.6209309461611513,0.09818130092429886,-0.09443981483547048,0.5540231742408782
1779790152.4841928,10.0,10.0,7.310684541284864,0.12626547065177665,-0.05070373143334335,0.6209903216800216,0.09818130092429886,-0.09443981483547048,0.5540231742408782
1779790152.4941437,10.0,10.0,7.506684921732841,0.12611435460394818,-0.05120688403714569,0.6210281993830488,0.09818130092429886,-0.09510999619356203,0.5540231742408782
1779790152.5041091,10.0,10.0,7.677207821345884,0.12596396429762216,-0.05170954176287913,0.6210426486084344,0.09818130092429886,-0.09578994846162102,0.5540231742408782
1779790152.5141387,10.0,10.0,7.855278199908964,0.12582374790015705,-0.052230310678280885,0.6210392259263319,0.09818130092429886,-0.09646108441786458,0.5540231742408782
1779790152.5241475,10.0,10.0,8.025735386634956,0.12569859402565098,-0.05276522594686034,0.6210339825545216,0.09818130092429886,-0.09712789288846656,0.5540231742408782
1779790152.534139,10.0,10.0,8.18537812662158,0.12559752594465362,-0.05330892952839282,0.6210309179123487,0.09818130092429886,-0.09782775752708028,0.5540231742408782
1779790152.5441492,10.0,10.0,8.352387543098338,0.1255272062188998,-0.05386291737737703,0.6210153728559389,0.09818130092429886,-0.09849575494230854,0.5540231742408782
1779790152.5541663,10.0,10.0,8.507193366182209,0.1254639659832462,-0.05441444295152953,0.620990321607396,0.09818130092429886,-0.09918572747069969,0.5540231742408782
1779790152.5641778,10.0,10.0,8.605516969592221,0.12541945176864316,-0.054958159470983585,0.6209490387974126,0.09818130092429886,-0.09987384542733903,0.5540231742408782
1779790152.5741107,10.0,10.0,8.687776023601527,0.1254024128451246,-0.055498627565982596,0.6208941427968689,0.09828903062429892,-0.10036347627205434,0.5540231742408782
1779790152.5841575,10.0,10.0,8.772937566411926,0.12540565834142742,-0.056045330705052895,0.6208173008268212,0.098866695849299,-0.10002996109889907,0.5540231742408782
1779790152.594166,10.0,10.0,8.8205604180477,0.12541723650619702,-0.05658708666249403,0.6207160467368809,0.09945049946804896,-0.09969290192245989,0.5540231742408782
1779790152.6041481,10.0,10.0,8.81627321404506,0.1254401240106186,-0.05711393769308168,0.6205888605562676,0.10004895694304897,-0.0993473823381701,0.5540231742408782
1779790152.614144,10.0,10.0,8.794678585361147,0.1254798744336889,-0.05762553192050599,0.6204414514888421,0.100655829530549,-0.09899700428641316,0.5540231742408782
1779790152.6241713,10.0,10.0,8.731209952991634,0.12553902291370397,-0.05811872813240838,0.6202721059049492,0.10123245390554889,-0.09866409004828568,0.5540231742408782
1779790152.6341476,10.0,10.0,8.633403244977057,0.12561613324899562,-0.058609818989748964,0.6200765683211271,0.10182289063679892,-0.09832320124255903,0.5540231742408782
1779790152.6441507,10.0,10.0,8.50120410733878,0.12570399335031487,-0.05907972185334198,0.6198682469149663,0.10240470941804891,-0.09798728801258476,0.5540231742408782
1779790152.6541688,10.0,10.0,8.33522518574838,0.12579646562817154,-0.05952877809847364,0.6196671427712701,0.10299594529304892,-0.09764593782099894,0.5540231742408782
1779790152.6641595,10.0,10.0,8.118571747515137,0.12588930796001838,-0.059968599527761055,0.6194693011092018,0.103582977043049,-0.09730701488211353,0.5540231742408782
1779790152.6741457,10.0,10.0,7.885165152201874,0.12597420454794847,-0.060416781409597116,0.6192752738735853,0.10417121591804904,-0.09696739500928446,0.5540231742408782
1779790152.6841595,10.0,10.0,7.630655453938573,0.12604623150820782,-0.06085834877989961,0.6190947810683015,0.10476209111804899,-0.09662625305350703,0.5540231742408782
1779790152.6941254,10.0,10.0,7.3815465976844825,0.12608471518084058,-0.06128485522514728,0.6189275958989658,0.10534029347429893,-0.09629242776748004,0.5540231742408782
1779790152.7041523,10.0,10.0,7.134666198691567,0.12609590184974773,-0.06171217850258383,0.618778537806328,0.10593560848679892,-0.09594872248476055,0.5540231742408782
1779790152.714193,10.0,10.0,6.898607962215248,0.12609400074590524,-0.062140354299933184,0.618647586825308,0.10593560848679892,-0.09594872248476055,0.5540231742408782
1779790152.724147,10.0,10.0,6.703774269034309,0.1260798604908208,-0.0625530452137197,0.6185301761573035,0.10651417714304898,-0.09561468571532988,0.5540231742408782
1779790152.7341263,10.0,10.0,6.53129209072181,0.12605222585350734,-0.06294301175562604,0.6184209543280789,0.10710487988054904,-0.09527364333082317,0.5540231742408782
1779790152.7441752,10.0,10.0,6.371737062720088,0.12599971886078826,-0.06332396134184104,0.6183122761138953,0.10768557321179906,-0.09493837987970936,0.5540231742408782
1779790152.754231,10.0,10.0,6.235743788261952,0.12591971267440796,-0.06369976443379217,0.6182007760835118,0.10826251652429894,-0.09460528150293039,0.5540231742408782
1779790152.7641912,10.0,10.0,6.132514986282529,0.12581607589387664,-0.06407089603412428,0.6180980315901278,0.10887874714304888,-0.09424950058931222,0.5540231742408782
1779790152.7741678,10.0,10.0,6.042929665843683,0.12569094788047108,-0.06442717586272259,0.6180084786618759,0.109460335355549,-0.09391372047826778,0.5540231742408782
1779790152.7841556,10.0,10.0,5.962438038775123,0.12553784327183565,-0.06478165145176498,0.617940303335451,0.11007372788054892,-0.09355957813884017,0.5540231742408782
1779790152.794128,10.0,10.0,5.893485896811489,0.12537651920497486,-0.06514473127019538,0.6178889556548363,0.11067828876179894,-0.09321053475130896,0.5540231742408782
1779790152.804227,10.0,10.0,5.878504426462639,0.12520117836726266,-0.06550190700183116,0.6178597812729292,0.11127122383679905,-0.09286820352614567,0.5540231742408782
1779790152.814136,10.0,10.0,5.899450057980707,0.12502116060622512,-0.06584936077130894,0.6178611214542725,0.11185554647429899,-0.09253084469409148,0.5540231742408782
1779790152.8241568,10.0,10.0,5.989057100649471,0.1248319299308492,-0.06619581464557392,0.617882220347902,0.11246546573054891,-0.09217870764731166,0.5540231742408782
1779790152.8341224,10.0,10.0,6.120226708665057,0.1246457465429672,-0.06654470655930153,0.6179301760051487,0.11304546133679894,-0.0918438470279144,0.5540231742408782
1779790152.8441472,10.0,10.0,6.302146882438467,0.12446498761034207,-0.0668910225949593,0.6179974089189849,0.11362771515554898,-0.09150768262892238,0.5540231742408782
1779790152.8541708,10.0,10.0,6.553426374897335,0.12430407804312187,-0.06723456532133516,0.6180805003023507,0.11421240184304907,-0.09117011361250262,0.5540231742408782
1779790152.8641663,10.0,10.0,6.802229859636273,0.12415949784094307,-0.06756938928951678,0.6181754857392381,0.11479596032429892,-0.0908331959662651,0.5540231742408782
1779790152.8741531,10.0,10.0,7.039120885362775,0.12401619072030814,-0.06789715359739713,0.618270117475247,0.11538256373054895,-0.09049452033175912,0.5540231742408782
1779790152.8841734,10.0,10.0,7.264622774075164,0.12387904129282398,-0.06821328647941455,0.6183559780878374,0.11596035804929891,-0.0901609306262926,0.5540231742408782
1779790152.8941636,10.0,10.0,7.4875940637951395,0.12373989654637253,-0.0685225473216525,0.6184255357732558,0.11653857615554894,-0.0898270962469988,0.5540231742408782
1779790152.9041326,10.0,10.0,7.6814701179052465,0.1235964791951884,-0.06882863466050572,0.6184806859796386,0.11712380216804891,-0.08948921585114519,0.5540231742408782
1779790152.9141407,10.0,10.0,7.857330499540054,0.12345890790715304,-0.06911072752705305,0.6185115074913146,0.11770459635554906,-0.0891538941706482,0.5540231742408782
1779790152.9241655,10.0,10.0,8.037159755016077,0.12333093994232511,-0.0693901010066113,0.618522677834437,0.11770459635554906,-0.0891538941706482,0.5540231742408782
1779790152.9342027,10.0,10.0,8.212848849265658,0.12321974899240705,-0.06967370590401718,0.6185273517695097,0.11832830721179902,-0.0887937945398958,0.5540231742408782
1779790152.9441166,10.0,10.0,8.384888969274796,0.1231385702400099,-0.06995231358117956,0.6185339106288514,0.11893409102429889,-0.08844404509267828,0.5540231742408782
1779790152.9542494,10.0,10.0,8.585930129992445,0.12309494798367163,-0.07022872017956373,0.6185364596545663,0.11952178939304897,-0.08810473728127813,0.5540231742408782
1779790152.9642327,10.0,10.0,8.796190035879114,0.12308188416486521,-0.07050488444450953,0.61852952084708,0.120109707080549,-0.08776530284613863,0.5540231742408782
1779790152.974171,10.0,10.0,8.979931899502589,0.12308546178275472,-0.07076217053740072,0.6185123385139166,0.12071639033054896,-0.08741503410843832,0.5540231742408782
1779790152.9842107,10.0,10.0,9.12659351686619,0.1231107904957258,-0.07100640900270287,0.6184779808827054,0.12131151144929889,-0.08707144077032762,0.5540231742408782
1779790152.9941318,10.0,10.0,9.22281708435751,0.12314780071813357,-0.07124209854913831,0.6184202865522254,0.12191954447429901,-0.08672039273966763,0.5540231742408782
1779790153.0041368,10.0,10.0,9.274469820878059,0.12319783488846006,-0.07145828726717897,0.6183436922293322,0.1225114482055489,-0.08637865696109613,0.5540231742408782
1779790153.0142117,10.0,10.0,9.273904971292572,0.12326088472621567,-0.0716636380720302,0.6182444410554235,0.12309456259304902,-0.08604199571250462,0.5540231742408782
1779790153.0241804,10.0,10.0,9.21601982768348,0.12333435187362052,-0.07185043071525388,0.6181239233283335,0.12368211954929897,-0.08570276954564945,0.5540231742408782
1779790153.0342412,10.0,10.0,9.116654826740032,0.12341184331231043,-0.07202171066322048,0.6179772567975789,0.12428305781804902,-0.08535581767442028,0.5540231742408782
1779790153.0442197,10.0,10.0,8.98510479799289,0.12349384042498991,-0.07217028035869767,0.6178022247360073,0.12486246392429903,-0.08502129740300672,0.5540231742408782
1779790153.0541966,10.0,10.0,8.827213210008034,0.12356287216190098,-0.0723027504501158,0.6176057173600276,0.12544971206804903,-0.08468224952913155,0.5540231742408782
1779790153.0641541,10.0,10.0,8.621565453203338,0.12362720355944756,-0.07242862936234162,0.6174102446949622,0.12602564603054894,-0.08434973390084678,0.5540231742408782
1779790153.0741673,10.0,10.0,8.410167878418356,0.12369252526090362,-0.07254914418194429,0.617216021571947,0.12660460973054893,-0.08401546905280076,0.5540231742408782
1779790153.0841246,10.0,10.0,8.200113699640251,0.12374748099422618,-0.07266175688346753,0.6170407933657146,0.12720876763679898,-0.08366665832299426,0.5540231742408782
1779790153.0942135,10.0,10.0,7.982487949596739,0.12379915724743393,-0.07277302349454631,0.6168839669075414,0.12782248928054893,-0.08331232596676771,0.5540231742408782
1779790153.1041396,10.0,10.0,7.7716754519354065,0.1238364580887171,-0.0728869006913394,0.6167599200925873,0.12839908491179905,-0.0829794283238519,0.5540231742408782
1779790153.1141927,10.0,10.0,7.538802233139361,0.12386189297724395,-0.07299389152774022,0.6166625560419056,0.1290002942492989,-0.08263231995100705,0.5540231742408782
1779790153.1241803,10.0,10.0,7.310778820890945,0.123866846029505,-0.07309661219127163,0.6166013532557207,0.1290002942492989,-0.08263231995100705,0.5540231742408782
1779790153.1341703,10.0,10.0,7.100684098823933,0.12383394323499267,-0.07319719652917968,0.6165629855311772,0.12959836849304898,-0.08228702162538255,0.5540231742408782
1779790153.1441548,10.0,10.0,6.933012680889462,0.12380232076135216,-0.07329402562411991,0.6165361098611254,0.130186017868049,-0.08194774210053717,0.5540231742408782
1779790153.1541927,10.0,10.0,6.807161422354243,0.12377575654901136,-0.0733760657648769,0.6165180704950929,0.13076535523679894,-0.08161326151473779,0.5540231742408782
1779790153.164251,10.0,10.0,6.70362947686881,0.12374531530671164,-0.07344875216420987,0.6165140842278874,0.13135350281804903,-0.08127369435037983,0.5540231742408782
1779790153.1741464,10.0,10.0,6.619146048226839,0.12370880616769653,-0.07351036004636476,0.6165316398649693,0.13193663914304893,-0.08093702043616689,0.5540231742408782
1779790153.1841378,10.0,10.0,6.56424864354656,0.12366119244109634,-0.07356525764387724,0.6165641160086753,0.13253039816804907,-0.08059421350324929,0.5540231742408782
1779790153.1941395,10.0,10.0,6.5465146797243,0.1236022496443476,-0.07361271273239277,0.6166130232405762,0.13311618606179895,-0.08025600870510477,0.5540231742408782
1779790153.204166,10.0,10.0,6.563752208380532,0.12352541231154587,-0.07365584870934727,0.6166949467047523,0.13371146895554908,-0.07991232196615415,0.5540231742408782
1779790153.214126,10.0,10.0,6.600454681315167,0.1234434140831694,-0.07370447482629558,0.6167931584113674,0.1342924378555489,-0.07957689941534844,0.5540231742408782
1779790153.224199,10.0,10.0,6.658643592913856,0.12335853521404096,-0.07375322519456708,0.6169200936206451,0.13486701135554896,-0.0792451692504542,0.5540231742408782
1779790153.2341626,10.0,10.0,6.747957403990105,0.12328028027067982,-0.07380531621867206,0.6170646082293959,0.135470072611799,-0.0788969916718204,0.5540231742408782
1779790153.2441316,10.0,10.0,6.8950632529126095,0.12320067885583082,-0.07385781400840451,0.6172200821736521,0.1360636089992989,-0.0785543132787235,0.5540231742408782
1779790153.2541766,10.0,10.0,7.089555586534235,0.12312370224481634,-0.07391300206811803,0.6173789280996216,0.13664576865554892,-0.0782182032444762,0.5540231742408782
1779790153.2641404,10.0,10.0,7.296836437659088,0.12304861178179992,-0.07396736709263589,0.6175265693598523,0.13723222952429892,-0.0778796099040342,0.5540231742408782
1779790153.2741325,10.0,10.0,7.493746859399276,0.12297947940123938,-0.07401924379341475,0.6176691219967958,0.13783678697429905,-0.07753056849753603,0.5540231742408782
1779790153.2841554,10.0,10.0,7.700107351766312,0.1229252492443808,-0.07406187720073663,0.6177918017647006,0.13841493578054898,-0.077196774128616,0.5540231742408782
1779790153.2941446,10.0,10.0,7.8961745699509684,0.12288467225608854,-0.07409974099668291,0.6179039369222047,0.13900181025554903,-0.0768579419924942,0.5540231742408782
1779790153.304181,10.0,10.0,8.057958071461927,0.12286757337848142,-0.07412965288438977,0.6180041110290463,0.13958303329304889,-0.07652237271533442,0.5540231742408782
1779790153.314207,10.0,10.0,8.183112425564193,0.12287430361546262,-0.07415074643442465,0.6180828566123621,0.14017690223054893,-0.07617950232440542,0.5540231742408782
1779790153.3242173,10.0,10.0,8.30695191285727,0.12289011280797597,-0.07415824563034691,0.618136472685286,0.1407501485680489,-0.07584853839713786,0.5540231742408782
1779790153.3341422,10.0,10.0,8.42538001238895,0.12291105399705449,-0.07416237429479275,0.6181611706603335,0.141329219874299,-0.07551421142259437,0.5540231742408782
1779790153.344141,10.0,10.0,8.507358100537864,0.12294223139624037,-0.07415760926785003,0.6181717025083424,0.14192665899929907,-0.07516927978295115,0.5540231742408782
1779790153.354174,10.0,10.0,8.568683447509365,0.12298753709657027,-0.07414790892883723,0.6181782061234437,0.14250572918054907,-0.07483495345792678,0.5540231742408782
1779790153.3641777,10.0,10.0,8.6045900004476,0.12304277869209103,-0.0741362653083961,0.6181786784482173,0.14250572918054907,-0.07483495345792678,0.5540231742408782
1779790153.3741257,10.0,10.0,8.603229383495105,0.12311496616013037,-0.07411859828264934,0.61816135576587,0.1430838841742989,-0.074501155516652,0.5540231742408782
1779790153.3841436,10.0,10.0,8.595794191242286,0.12319355406226266,-0.0740958545068997,0.6181227184820467,0.14366799210554906,-0.07416392064530891,0.5540231742408782
1779790153.3941493,10.0,10.0,8.548771687612433,0.12327406349259401,-0.07406904439702357,0.6180684408682069,0.14424871361804903,-0.07382864092374286,0.5540231742408782
1779790153.4042768,10.0,10.0,8.444143326226877,0.12335718654135791,-0.07403560387921337,0.6180045723359132,0.14482448018054905,-0.07349622194389308,0.5540231742408782
1779790153.4142601,10.0,10.0,8.306262038767478,0.12343148399872365,-0.07399898471539641,0.6179243146724777,0.145429813149299,-0.07314673279143594,0.5540231742408782
1779790153.4241846,10.0,10.0,8.1363245190495,0.12347851900243041,-0.07396480919028098,0.6178436232400453,0.14600716449929907,-0.0728133988340964,0.5540231742408782
1779790153.4341505,10.0,10.0,7.954229194609199,0.12351121564787378,-0.07393428851284417,0.6177659695071053,0.14659480206179892,-0.07247412612920119,0.5540231742408782
1779790153.4441555,10.0,10.0,7.772355291111316,0.12353761306615299,-0.07390984134244448,0.6177024712801306,0.14717642413679904,-0.07213832646763324,0.5540231742408782
1779790153.4541461,10.0,10.0,7.563096723888061,0.12355732702174038,-0.07389276229738022,0.617659138708448,0.1477552486180489,-0.07180414199757008,0.5540231742408782
1779790153.464169,10.0,10.0,7.368770643554051,0.12356951952217371,-0.07388408760083122,0.6176405274990237,0.14837335928054893,-0.07144727564018673,0.5540231742408782
1779790153.4741445,10.0,10.0,7.195332688254066,0.12357174413418533,-0.07388350385343413,0.6176444098557694,0.14895530991179906,-0.0711112862865794,0.5540231742408782
1779790153.4841423,10.0,10.0,7.037700680775601,0.12356645602689433,-0.07388738397942243,0.6176567120350186,0.149537241361799,-0.07077530800727201,0.5540231742408782
1779790153.4941673,10.0,10.0,6.9224179843572,0.12355567215475052,-0.07389260949869673,0.617672395872776,0.15012086183054899,-0.07043835457253463,0.5540231742408782
1779790153.5041378,10.0,10.0,6.836463097152704,0.12354169455906293,-0.0739025867379695,0.6176958115891165,0.1507190549305489,-0.0700929876252223,0.5540231742408782
1779790153.5141573,10.0,10.0,6.776728441148764,0.1235298972381309,-0.0739134138122944,0.6177376068751698,0.15129881496179906,-0.06975826301511465,0.5540231742408782
1779790153.5241508,10.0,10.0,6.742150647149179,0.12351489161018352,-0.07392417940856737,0.617797309131859,0.1518848226805489,-0.0694199313009472,0.5540231742408782
1779790153.534143,10.0,10.0,6.737389209972505,0.12349228432088341,-0.07394019142225183,0.6178736898597343,0.15246578201804897,-0.06908451427105333,0.5540231742408782
1779790153.54418,10.0,10.0,6.741280867120495,0.1234609458795583,-0.07395969681115344,0.6179743499265647,0.15307900151804896,-0.068730471827656,0.5540231742408782
1779790153.5542057,10.0,10.0,6.752406861047998,0.12341846029675377,-0.07398342602981843,0.6180920090502525,0.15365724555554897,-0.06839662247694808,0.5540231742408782
1779790153.564189,10.0,10.0,6.767207566713361,0.12336537979140971,-0.07401308688383117,0.6182373004547209,0.15426520359929904,-0.06804561773673297,0.5540231742408782
1779790153.5741565,10.0,10.0,6.802351077360366,0.12331295683234375,-0.07404615467929294,0.6183961145013639,0.15487336847429892,-0.06769449358244013,0.5540231742408782
1779790153.5841517,10.0,10.0,6.87875466850934,0.12325526199597871,-0.07408624222667078,0.618572814851199,0.15487336847429892,-0.06769449358244013,0.5540231742408782
1779790153.5941505,10.0,10.0,7.004051545213257,0.12320022726373411,-0.0741311531116957,0.6187602570021691,0.15544968960554909,-0.06736175442217317,0.5540231742408782
1779790153.6041534,10.0,10.0,7.1568831378997135,0.1231491582959343,-0.07418175272155725,0.6189599075458122,0.15605061831179892,-0.06701480807185606,0.5540231742408782
1779790153.6141727,10.0,10.0,7.31788393465302,0.12310221655276883,-0.07423204174797939,0.6191588480293442,0.15663164858054904,-0.06667935008978586,0.5540231742408782
1779790153.6241398,10.0,10.0,7.503975135630724,0.12306422213903713,-0.07427776313351889,0.6193489392781386,0.15723671666804903,-0.06633001386658968,0.5540231742408782
1779790153.63412,10.0,10.0,7.687191424006578,0.1230338910023421,-0.07432164865726258,0.6195341452655894,0.15781524139304906,-0.06599600246087806,0.5540231742408782
1779790153.6441944,10.0,10.0,7.844005050053342,0.12301771618033591,-0.07435847538308282,0.6196987184582397,0.15840379133054908,-0.0656562029960309,0.5540231742408782
1779790153.6541502,10.0,10.0,7.984071307628378,0.12302833035404927,-0.07438997384442651,0.6198496315052984,0.15898701281804903,-0.06531947991322562,0.5540231742408782
1779790153.664209,10.0,10.0,8.111300109509077,0.12306533124128032,-0.07441058632836713,0.6199790760011786,0.1595874179492989,-0.06497283584907566,0.5540231742408782
1779790153.674138,10.0,10.0,8.204032385449466,0.1231249237238495,-0.0744252078339079,0.6200950818180996,0.160207005174299,-0.0646151169979354,0.5540231742408782
1779790153.684129,10.0,10.0,8.264890446584278,0.12319699917523894,-0.07443030248644977,0.6201890136376286,0.160785773855549,-0.06428096474401718,0.5540231742408782
1779790153.6941319,10.0,10.0,8.29720145015817,0.12327737439448838,-0.07442710248123423,0.620252779165883,0.16138163387429896,-0.06393694480179257,0.5540231742408782
1779790153.7041268,10.0,10.0,8.303384451902614,0.12336078381416168,-0.07441673309026374,0.6202830892492147,0.16196779543679898,-0.06359852426589457,0.5540231742408782
1779790153.714141,10.0,10.0,8.288316014820197,0.12343901206439208,-0.07440215640204356,0.6202995343050327,0.16256325866804902,-0.06325473340903984,0.5540231742408782
1779790153.7241247,10.0,10.0,8.23704951598015,0.1235132005831538,-0.07438751987687689,0.6203065775647175,0.16315186215554908,-0.06291490302708574,0.5540231742408782
1779790153.734189,10.0,10.0,8.168201768948565,0.12359512885779399,-0.07436811984629728,0.6203036090370649,0.163742563261799,-0.06257386158438173,0.5540231742408782
1779790153.7441034,10.0,10.0,8.066849785086935,0.12366760286895136,-0.07434759482686923,0.6202959918314193,0.16432282374929894,-0.06223884803572352,0.5540231742408782
1779790153.7542098,10.0,10.0,7.904921576553746,0.12372035747493129,-0.07432734168414595,0.6202871732528256,0.16489933759304906,-0.06190599761284284,0.5540231742408782
1779790153.7641797,10.0,10.0,7.740586274946952,0.12375760678845527,-0.07431382739439993,0.6202776182870211,0.165490157049299,-0.06156488784073448,0.5540231742408782
1779790153.774189,10.0,10.0,7.579784784188969,0.12377181776275369,-0.07430297744684539,0.6202729669461646,0.16607996153054908,-0.0612243640647155,0.5540231742408782
1779790153.784172,10.0,10.0,7.420010322798843,0.12377510473039609,-0.07429408196617301,0.6202774461861142,0.16666578441179905,-0.060886139066528386,0.5540231742408782
1779790153.7941942,10.0,10.0,7.295206485550636,0.123776074635561,-0.07428703757061053,0.6202880942918566,0.16724910051179906,-0.060549361359170745,0.5540231742408782
1779790153.8041399,10.0,10.0,7.206895932958115,0.1237725043845078,-0.0742786829408098,0.6202974032007351,0.16724910051179906,-0.060549361359170745,0.5540231742408782
1779790153.814163,10.0,10.0,7.124265567718639,0.12376477371302876,-0.07427193936150747,0.6203119524834293,0.167826126680549,-0.0602162151453135,0.5540231742408782
1779790153.8241796,10.0,10.0,7.065544799618211,0.1237560528084911,-0.0742683717005937,0.62034040709298,0.16843074448679893,-0.05986713889211827,0.5540231742408782
1779790153.8341517,10.0,10.0,7.013238631162505,0.12374554796049395,-0.07426703281628297,0.6203896371220763,0.16900905669929897,-0.05953325018055572,0.5540231742408782
1779790153.8441467,10.0,10.0,6.969272641842841,0.12373049976484794,-0.07426643461234791,0.6204558633349345,0.1695975863867991,-0.05919346240705144,0.5540231742408782
1779790153.8541653,10.0,10.0,6.9534317736657725,0.12370693928618183,-0.07426520940401936,0.6205423963029368,0.17017426144304895,-0.05886051890809063,0.5540231742408782
1779790153.8641353,10.0,10.0,6.944403038509728,0.12367729267218754,-0.07426641704681661,0.6206564371472182,0.1707538332617989,-0.05852590296252064,0.5540231742408782
1779790153.8741267,10.0,10.0,6.9524260628573895,0.12363818390836488,-0.07427190352966823,0.6208053732109419,0.171341814568049,-0.058186431797078664,0.5540231742408782
1779790153.8841352,10.0,10.0,6.973039827052068,0.12359204977151735,-0.07428102219047174,0.6209900721924908,0.17194988196179897,-0.05783536392361169,0.5540231742408782
1779790153.8941617,10.0,10.0,7.012304634978397,0.12353928428282594,-0.07429507682506663,0.6212043483101686,0.1725294199180489,-0.05750076752856517,0.5540231742408782
1779790153.9041057,10.0,10.0,7.097374777710802,0.12348459237573063,-0.0743163129979567,0.6214355806184615,0.17312272191179903,-0.057158224462762815,0.5540231742408782
1779790153.914151,10.0,10.0,7.221550097577613,0.12342305873857161,-0.07434310489142379,0.6216844482637578,0.1737239047555489,-0.05681113138609164,0.5540231742408782
1779790153.9241982,10.0,10.0,7.345837940542969,0.12336622872013758,-0.07437000806024782,0.6219378520033582,0.17429957102429902,-0.05647877031086536,0.5540231742408782
1779790153.9341695,10.0,10.0,7.4900496380328265,0.12331182850258335,-0.0743995215743647,0.6221908647976372,0.17490807176804887,-0.0561274522426593,0.5540231742408782
1779790153.9441288,10.0,10.0,7.625846687794803,0.1232705238145747,-0.07443035405543727,0.6224530376011559,0.17551938641804896,-0.05577450956492219,0.5540231742408782
1779790153.9541304,10.0,10.0,7.743435190867008,0.12326300348533163,-0.07445750969348114,0.6227115357726112,0.17609762933054904,-0.05544066086373327,0.5540231742408782
1779790153.9641526,10.0,10.0,7.866774480452791,0.12328196645417601,-0.07447923122104225,0.6229619871768506,0.176687873968049,-0.05509988296338495,0.5540231742408782
1779790153.974178,10.0,10.0,7.9642184978529045,0.12332606332284776,-0.07450116586412078,0.6231967804952989,0.17727280697429906,-0.05476217173476857,0.5540231742408782
1779790153.9841335,10.0,10.0,8.065118936660047,0.12338475685398316,-0.07452235374213645,0.6234038697564521,0.17786213743679888,-0.05442192163360265,0.5540231742408782
1779790153.9941554,10.0,10.0,8.140196274874661,0.12344753856281551,-0.07453839226315019,0.6235822454955404,0.178442621686799,-0.05408677889560475,0.5540231742408782
1779790154.0041492,10.0,10.0,8.176829808809835,0.12352358627003139,-0.07454588919830293,0.6237257130777086,0.179018972124299,-0.053754022815366564,0.5540231742408782
1779790154.0141504,10.0,10.0,8.191245109291085,0.12360563987478035,-0.07454490856434351,0.6238382994039777,0.17962124604929905,-0.05340629980264191,0.5540231742408782
1779790154.0241227,10.0,10.0,8.195849202948185,0.12370514178356538,-0.07453796929893886,0.6239148900007059,0.17962124604929905,-0.05340629980264191,0.5540231742408782
1779790154.0341213,10.0,10.0,8.174297894802432,0.12381359755348423,-0.07452769086823513,0.6239608721368578,0.180211911099299,-0.05306527917702354,0.5540231742408782
1779790154.0441933,10.0,10.0,8.129257137480778,0.12392038361441077,-0.0745111386100222,0.6239907723799667,0.18082202306804904,-0.05271303086762988,0.5540231742408782
1779790154.0542006,10.0,10.0,8.066206474528416,0.12401638088840528,-0.07449308310750384,0.624017489013004,0.18142101818054898,-0.05236720087818478,0.5540231742408782
1779790154.0641341,10.0,10.0,7.943847214925149,0.12408294876061492,-0.07447916152172901,0.6240368846892265,0.182009114461799,-0.05202766333189565,0.5540231742408782
1779790154.0741348,10.0,10.0,7.797549100748523,0.12413363534460768,-0.07445759524430862,0.6240489658229554,0.1826089329617989,-0.05168135795945579,0.5540231742408782
1779790154.0841813,10.0,10.0,7.646670037569595,0.12415960920379879,-0.07443975454720274,0.6240564140714555,0.18318681345554896,-0.05134771850082974,0.5540231742408782
1779790154.0941393,10.0,10.0,7.47216647770651,0.12417036985327072,-0.07441905402613644,0.6240670567156095,0.18378082273679905,-0.05100476708239888,0.5540231742408782
1779790154.1041443,10.0,10.0,7.312314443518179,0.12417387656016757,-0.0743911966215832,0.6240781619897403,0.18436356683054908,-0.05066831962300363,0.5540231742408782
1779790154.1141005,10.0,10.0,7.179077806076235,0.12417484754818627,-0.0743699603672392,0.6240926336260391,0.1849673043242989,-0.0503197516184673,0.5540231742408782
1779790154.1241622,10.0,10.0,7.073033892375159,0.12416940895610741,-0.07434996893816533,0.6241105207732304,0.1855434299305491,-0.04998712534461173,0.5540231742408782
1779790154.1341207,10.0,10.0,6.991148119626212,0.12416122292299933,-0.07432727206088588,0.624140899365069,0.18611989309304902,-0.049654304182564495,0.5540231742408782
1779790154.1442132,10.0,10.0,6.9236016102068545,0.1241495533914423,-0.0743065489519972,0.6241910425285127,0.18671491448054908,-0.04931076842431774,0.5540231742408782
1779790154.154128,10.0,10.0,6.867185520752425,0.12413164969877415,-0.07428858547810187,0.6242608407719372,0.18729377619929902,-0.04897656245517389,0.5540231742408782
1779790154.1641612,10.0,10.0,6.828432842623783,0.12410795293829864,-0.07427163038989046,0.62435235002456,0.18788220784304902,-0.048636831287255135,0.5540231742408782
1779790154.1741395,10.0,10.0,6.798421248465828,0.1240746814190571,-0.0742525390780935,0.6244716543896258,0.1884646284430491,-0.048300570597063525,0.5540231742408782
1779790154.184135,10.0,10.0,6.7878716196964515,0.12403406269424964,-0.07423792817487106,0.6246240191745446,0.18904952989304893,-0.047962877587456695,0.5540231742408782
1779790154.1941485,10.0,10.0,6.782808371313005,0.12398354280593132,-0.0742271740112225,0.6248176115020296,0.1896610919305489,-0.04760979208047994,0.5540231742408782
1779790154.204146,10.0,10.0,6.786801747506522,0.12392674581636276,-0.07422631932436212,0.6250451490886038,0.1902496587992991,-0.04726998284037092,0.5540231742408782
1779790154.214129,10.0,10.0,6.825846427968687,0.12385946698362787,-0.07423043207689234,0.6253052198570737,0.19082693409929904,-0.046936692790519416,0.5540231742408782
1779790154.2241619,10.0,10.0,6.899271160265332,0.12378859688366414,-0.07424441208813315,0.6255955091093008,0.19144207476179895,-0.04658154116343562,0.5540231742408782
1779790154.2341542,10.0,10.0,7.007810425747633,0.12371080195938207,-0.07426275339201238,0.6258993298063907,0.19144207476179895,-0.04658154116343562,0.5540231742408782
1779790154.2441664,10.0,10.0,7.124422941698512,0.12362608060775886,-0.07428639142753395,0.6262240862831984,0.19203478163054896,-0.04623934169321226,0.5540231742408782
1779790154.2541516,10.0,10.0,7.259334633652881,0.12354457553880945,-0.0743172345330646,0.6265638047281028,0.19261993890554904,-0.04590150098297271,0.5540231742408782
1779790154.2641633,10.0,10.0,7.397519088606193,0.12346721041122624,-0.07434916200012795,0.6269250573867389,0.19320895774304905,-0.04556143079858432,0.5540231742408782
1779790154.274126,10.0,10.0,7.529060579255608,0.12341105817631198,-0.07438384300909057,0.6272941991300124,0.19381149036179887,-0.045213558428953554,0.5540231742408782
1779790154.2841384,10.0,10.0,7.671435142027434,0.12339569578727132,-0.07441991362480532,0.6276625815449168,0.19439840713679904,-0.04487470187091531,0.5540231742408782
1779790154.294156,10.0,10.0,7.841097734131539,0.12339894526632984,-0.07445965134397867,0.6280388335033806,0.194981218280549,-0.04453821570018454,0.5540231742408782
1779790154.3041563,10.0,10.0,7.988553457666097,0.12342170831175654,-0.0744943416109635,0.6284026528318163,0.195561901430549,-0.044202958127218174,0.5540231742408782
1779790154.314166,10.0,10.0,8.132617280451615,0.12345609611646352,-0.07453181877297269,0.6287530477034957,0.1961561964055489,-0.04385984176342393,0.5540231742408782
1779790154.3241174,10.0,10.0,8.271038914918533,0.12350656116819757,-0.07456290590073988,0.6290665559331708,0.19673818421804892,-0.043523830943211966,0.5540231742408782
1779790154.3341432,10.0,10.0,8.396656069773416,0.12356280042911562,-0.07459140910755775,0.6293466850156901,0.19734810178679893,-0.043171694870710695,0.5540231742408782
1779790154.3441348,10.0,10.0,8.493915592257054,0.12362413365525676,-0.07461570497371169,0.6295905411534303,0.19794378309929903,-0.042827778104587516,0.5540231742408782
1779790154.3541276,10.0,10.0,8.563299127429156,0.12369708660592794,-0.07463573165854129,0.6298012386440255,0.19852934728679897,-0.04248970246330662,0.5540231742408782
1779790154.3641527,10.0,10.0,8.597578162601648,0.12377781737440952,-0.07464609695631089,0.6299686582315586,0.199105849936799,-0.04215685850314058,0.5540231742408782
1779790154.3741205,10.0,10.0,8.616959507285067,0.12386801199770586,-0.07464999192517029,0.6301054644538887,0.19971370256804896,-0.041805914622860776,0.5540231742408782
1779790154.3841975,10.0,10.0,8.59794356354872,0.12396037172483262,-0.0746397079705242,0.6302085393104329,0.200299267936799,-0.04146783829958482,0.5540231742408782
1779790154.3942108,10.0,10.0,8.530586598848497,0.12405581507503863,-0.07462268440258987,0.630277378766469,0.20089439974304904,-0.04112423879104306,0.5540231742408782
1779790154.404132,10.0,10.0,8.422204005551047,0.12415827955020237,-0.07460041819680191,0.6303189906672986,0.20147104611179892,-0.04079131185481809,0.5540231742408782
1779790154.4141252,10.0,10.0,8.263188679826731,0.12424742889944924,-0.07457637944169611,0.6303421772984215,0.202056309924299,-0.04045340963512422,0.5540231742408782
1779790154.42414,10.0,10.0,8.067576792595379,0.12431680738658835,-0.07454866985503732,0.6303560949068203,0.20265095201804909,-0.04011009286222614,0.5540231742408782
1779790154.4342031,10.0,10.0,7.871990571070549,0.12437170641660801,-0.07452341221627827,0.6303665112851493,0.20265095201804909,-0.04011009286222614,0.5540231742408782
1779790154.4441543,10.0,10.0,7.692058285273899,0.12441413405545425,-0.07449907980055534,0.6303719762065348,0.20326167660554909,-0.039757490857232285,0.5540231742408782
1779790154.4541934,10.0,10.0,7.518518085674121,0.12444910682714429,-0.07446780891111347,0.6303773206785772,0.20385554323679891,-0.03941462179781745,0.5540231742408782
1779790154.464176,10.0,10.0,7.350660730730844,0.12446913121100531,-0.0744407677128536,0.6303817600088465,0.204448929211799,-0.03907203024541782,0.5540231742408782
1779790154.4741704,10.0,10.0,7.200509599925187,0.1244831545842925,-0.07441205899695878,0.6303877366897084,0.2050606603367989,-0.03871884711572743,0.5540231742408782
1779790154.4841294,10.0,10.0,7.09369313645112,0.12448541578423386,-0.07438631481311604,0.6304059878394186,0.20568048144929899,-0.03836099322957611,0.5540231742408782
1779790154.494134,10.0,10.0,7.007564677752,0.12448105438260021,-0.07436053990108807,0.6304374458031211,0.20628692293679893,-0.03801086407352027,0.5540231742408782
1779790154.504142,10.0,10.0,6.9441059590396,0.1244687492283261,-0.07433707893430598,0.6304948070234689,0.20687543569304903,-0.037671086075277735,0.5540231742408782
1779790154.5141802,10.0,10.0,6.898741963570292,0.12444507037141918,-0.074318691080136,0.6305763909148427,0.2074609097117989,-0.03733306249294896,0.5540231742408782
1779790154.524146,10.0,10.0,6.846681624580429,0.12441593764712552,-0.07430711965722417,0.6306888729895388,0.20804135391179887,-0.03699794287782941,0.5540231742408782
1779790154.5341318,10.0,10.0,6.806056211438226,0.12437347612976199,-0.0742951938653988,0.6308399865889514,0.20866728186179903,-0.03663656320740352,0.5540231742408782
1779790154.544144,10.0,10.0,6.778685214114067,0.1243214145097117,-0.07428704043009594,0.6310245272267576,0.20927149444304902,-0.0362877209109711,0.5540231742408782
1779790154.554141,10.0,10.0,6.768764757309071,0.12426149047250279,-0.07428025781166911,0.6312463753751865,0.2098467425492989,-0.03595560126197689,0.5540231742408782
1779790154.564149,10.0,10.0,6.782489692243359,0.12419167593838229,-0.07427996202652953,0.6315020758895861,0.21044165576804905,-0.03561212795498704,0.5540231742408782
1779790154.5741322,10.0,10.0,6.813551020113663,0.12411108349281946,-0.07428198969257836,0.6317970389997114,0.21102990645554906,-0.03527250126220792,0.5540231742408782
1779790154.5841672,10.0,10.0,6.865649900170495,0.1240244982369807,-0.07428807420348589,0.6321250034268495,0.21163032176804894,-0.03492585131991052,0.5540231742408782
1779790154.594157,10.0,10.0,6.956085918809767,0.12393426713247035,-0.07429971321561188,0.6324829636753831,0.21220835554304893,-0.03459212336431358,0.5540231742408782
1779790154.6041484,10.0,10.0,7.081778909823288,0.1238363071493157,-0.07432063282520728,0.6328504926155936,0.21280174489304907,-0.03424952986335675,0.5540231742408782
1779790154.6141467,10.0,10.0,7.2342745562482245,0.12373949994468787,-0.0743455976430288,0.6332284601020063,0.21337946423054902,-0.0339159834483351,0.5540231742408782
1779790154.624165,10.0,10.0,7.405849837695219,0.12365199609468183,-0.07437683431345389,0.6336143238728754,0.21337946423054902,-0.0339159834483351,0.5540231742408782
1779790154.634204,10.0,10.0,7.5616154573238195,0.12359893542898692,-0.07440862824290331,0.6340108810194603,0.21396754026179896,-0.033576457593388974,0.5540231742408782
1779790154.644123,10.0,10.0,7.731660748260573,0.12358394042464016,-0.07444053226520539,0.6344104246646551,0.21455677099304896,-0.033236265072087004,0.5540231742408782
1779790154.6541564,10.0,10.0,7.8991189524458445,0.12360117326396927,-0.07446954637869616,0.6347953183007902,0.21513804870554895,-0.0329006642283012,0.5540231742408782
1779790154.6641822,10.0,10.0,8.073542797651456,0.12363099178115212,-0.07449828966234227,0.6351553918493779,0.21575938468679903,-0.03254193573226926,0.5540231742408782
1779790154.6741757,10.0,10.0,8.233958524351383,0.12367027423117094,-0.07452683750762716,0.6354842043928766,0.21634592104304892,-0.0322032988090989,0.5540231742408782
1779790154.6841187,10.0,10.0,8.372253119676213,0.12371666256187884,-0.07455096413120944,0.635786438180284,0.21694205775554895,-0.03185911911766319,0.5540231742408782
1779790154.694174,10.0,10.0,8.472582627166615,0.12377604670088713,-0.07457419024039093,0.6360497202648233,0.21753063587429908,-0.03151930338236368,0.5540231742408782
1779790154.7041461,10.0,10.0,8.56443625031988,0.12385294701888808,-0.07459287589509753,0.6362780225599819,0.21810820249304894,-0.031185845139553484,0.5540231742408782
1779790154.714119,10.0,10.0,8.636588600808247,0.1239396858309552,-0.07460193668185662,0.6364657892471709,0.218705837143049,-0.0308408006134989,0.5540231742408782
1779790154.7241673,10.0,10.0,8.688985828798081,0.12404097490431107,-0.07460573711334194,0.6366149854416869,0.21928790387429895,-0.03050474422952542,0.5540231742408782
1779790154.7341852,10.0,10.0,8.72329470882523,0.12415266813756834,-0.07459934552895324,0.6367190322212364,0.21986398380554897,-0.030172144326143492,0.5540231742408782
1779790154.744187,10.0,10.0,8.734486912870954,0.12426942916268585,-0.07458235782272686,0.6367845220814673,0.2204425220305489,-0.029838125126203277,0.5540231742408782
1779790154.754138,10.0,10.0,8.711397378093107,0.12438674386606201,-0.07455944824730996,0.636823085274372,0.22102847226179903,-0.029499826602459298,0.5540231742408782
1779790154.7641964,10.0,10.0,8.635019224512643,0.12450176496434305,-0.07453034095387683,0.6368502915173528,0.22161975437429907,-0.02915844971564039,0.5540231742408782
1779790154.7741199,10.0,10.0,8.511024384393263,0.12461715440918769,-0.07450029151428389,0.6368746714659573,0.22220727527429904,-0.02881924436587087,0.5540231742408782
1779790154.7841334,10.0,10.0,8.33085682168161,0.1247238113776575,-0.07446517399890314,0.6368894198822865,0.22278409348679898,-0.028486218215610558,0.5540231742408782
1779790154.7941241,10.0,10.0,8.10514065547708,0.12481318234652777,-0.07442909550974854,0.6368925539056337,0.22336645159304905,-0.028149993606202316,0.5540231742408782
1779790154.8041835,10.0,10.0,7.851646080500712,0.1248856405147974,-0.07439119694536528,0.6368831974059251,0.223952532549299,-0.027811619608344496,0.5540231742408782
1779790154.8141658,10.0,10.0,7.610907693565743,0.12494426971152094,-0.07435859164973689,0.636874199426004,0.22452936206804905,-0.027478586930417624,0.5540231742408782
1779790154.8241925,10.0,10.0,7.377283742184402,0.12499589890361644,-0.07432050242986504,0.6368631649188046,0.22514430945554895,-0.027123546890707114,0.5540231742408782
1779790154.834155,10.0,10.0,7.16937796129235,0.1250368941070843,-0.07428610253068116,0.6368536697363837,0.2257384404055491,-0.026780525226790648,0.5540231742408782
1779790154.8441892,10.0,10.0,6.974217829766171,0.12507172954737597,-0.07424718560968101,0.6368479196165204,0.2263176701117989,-0.02644610679996469,0.5540231742408782
1779790154.854126,10.0,10.0,6.818197187068649,0.1250974295213338,-0.07420578350486602,0.6368466265637659,0.2263176701117989,-0.02644610679996469,0.5540231742408782
1779790154.864175,10.0,10.0,6.689575919412577,0.12510924277382657,-0.07416269470382841,0.6368573221586249,0.22689439534304892,-0.026113134332454033,0.5540231742408782
1779790154.8742003,10.0,10.0,6.58820592564838,0.12511001435807648,-0.07412347722635997,0.6368759272625635,0.22747635272429903,-0.025777141081732406,0.5540231742408782
1779790154.8841672,10.0,10.0,6.516239128776692,0.12510112220107883,-0.07408729635391235,0.6369151363521532,0.22806498270554906,-0.02543729540360462,0.5540231742408782
1779790154.8941565,10.0,10.0,6.463302382090221,0.12507958345219244,-0.07405009956738604,0.6369823391048107,0.22864361728679897,-0.025103220572357546,0.5540231742408782
1779790154.904198,10.0,10.0,6.398323335226533,0.12504854810804894,-0.07401776320416097,0.6370782036879986,0.22923186859304903,-0.02476359352234292,0.5540231742408782
1779790154.914133,10.0,10.0,6.345299046570369,0.12500879700262507,-0.07399836386291792,0.6372070057939742,0.22981461887429896,-0.024427142490592933,0.5540231742408782
1779790154.9241295,10.0,10.0,6.314093249415189,0.12496065530472202,-0.0739813401223421,0.6373710358455527,0.23040388965554906,-0.024086926846412615,0.5540231742408782
1779790154.9341435,10.0,10.0,6.29963647331526,0.12489685749953415,-0.07396874971918196,0.6375827346790818,0.23099399563679893,-0.023746228999287612,0.5540231742408782
1779790154.9442282,10.0,10.0,6.2954970600411935,0.1248207088038202,-0.07395708105955384,0.6378409271708144,0.23158680842429888,-0.02340396837684544,0.5540231742408782
1779790154.9541574,10.0,10.0,6.314845389965122,0.12472775344102743,-0.07395839505080125,0.63815408085346,0.23217446567429897,-0.023064684305366664,0.5540231742408782
1779790154.964242,10.0,10.0,6.343735894233486,0.12462465886036378,-0.07396363658676612,0.6385117177997659,0.232754308561799,-0.022729911858180855,0.5540231742408782
1779790154.9740944,10.0,10.0,6.415269258695467,0.1245092223197489,-0.07397009173077332,0.6389209722271932,0.23333415482429906,-0.02239513746243784,0.5540231742408782
1779790154.9842057,10.0,10.0,6.53879424625098,0.12438420350806209,-0.07397889024021248,0.6393634935682266,0.23392278986804907,-0.022055288861474304,0.5540231742408782
1779790154.9941297,10.0,10.0,6.706624364044685,0.12424952771304772,-0.07399488672960011,0.6398293040475806,0.234514775949299,-0.021713505538108146,0.5540231742408782
1779790155.0041902,10.0,10.0,6.8992305447287245,0.12411352092194415,-0.07401824726585028,0.6403025372311429,0.2350999022305489,-0.021375682722118598,0.5540231742408782
1779790155.014185,10.0,10.0,7.140562273935545,0.123987428754643,-0.07403768430875464,0.640770967027387,0.23568877003679903,-0.021035699735662987,0.5540231742408782
1779790155.0241385,10.0,10.0,7.4232854870716505,0.12387036941680446,-0.07406071584943008,0.6412484759849163,0.23627766883679888,-0.02069569885495761,0.5540231742408782
1779790155.0341384,10.0,10.0,7.684785941356873,0.1237905843364058,-0.07408052522832168,0.6417249740616567,0.23685810291179907,-0.020360585085509444,0.5540231742408782
1779790155.0441842,10.0,10.0,7.953786724831789,0.12374880436611195,-0.07409427842072049,0.6421952201950389,0.23745007656179892,-0.020018808939328836,0.5540231742408782
1779790155.0541592,10.0,10.0,8.23603018570226,0.12374205496418318,-0.07410444665812656,0.6426565062802587,0.2380291293055489,-0.019684492681849804,0.5540231742408782
1779790155.064209,10.0,10.0,8.471650097207503,0.1237621224417183,-0.07411239809508577,0.6431008751978547,0.23861951085554897,-0.01934363573503268,0.5540231742408782
1779790155.074184,10.0,10.0,8.672451439229672,0.12379395323407744,-0.07411863204682245,0.6435318198897303,0.23920026729929902,-0.019008335845899983,0.5540231742408782
1779790155.0841253,10.0,10.0,8.83392982975054,0.1238368386151904,-0.07412413643002914,0.6439259807657265,0.23977650219929905,-0.018675646471268507,0.5540231742408782
1779790155.094143,10.0,10.0,8.986213685814256,0.12388916350933016,-0.07413190170076096,0.6442927273350398,0.23977650219929905,-0.018675646471268507,0.5540231742408782
1779790155.104148,10.0,10.0,9.102709279966957,0.12395227952505761,-0.07413289841351176,0.6446169077966633,0.24038848639304897,-0.018322317232267207,0.5540231742408782
1779790155.1141183,10.0,10.0,9.18803899167561,0.12403170885245586,-0.07412608175761701,0.6449040633333355,0.24099704687429893,-0.01797096467459935,0.5540231742408782
1779790155.1242266,10.0,10.0,9.25567264575763,0.12412325415536275,-0.07411119622885942,0.64515007154037,0.24157532702429893,-0.017637094474329842,0.5540231742408782
1779790155.1341522,10.0,10.0,9.311028297053856,0.12423190027740194,-0.07409043464532276,0.6453451075590811,0.242191105111799,-0.017281574829750606,0.5540231742408782
1779790155.1441684,10.0,10.0,9.342873679743578,0.124345421627257,-0.07405735439281258,0.6454964011657051,0.24279731608679903,-0.016931578760148627,0.5540231742408782
1779790155.1541505,10.0,10.0,9.318826975171906,0.12446619377027798,-0.07402037239192676,0.6456008540005007,0.24337513521179907,-0.016597974732786958,0.5540231742408782
1779790155.164121,10.0,10.0,9.256751864020746,0.12459443843421719,-0.07397987604438461,0.6456567257282426,0.243964602643049,-0.01625764555267627,0.5540231742408782
1779790155.174195,10.0,10.0,9.162948566040358,0.12471383563307137,-0.07393770884505861,0.6456923955516305,0.24455636214929896,-0.01591599304244733,0.5540231742408782
1779790155.1841133,10.0,10.0,9.023884207883974,0.12482902925182635,-0.07388779991255068,0.6457181917233212,0.24514416649304901,-0.015576624046352405,0.5540231742408782
1779790155.194104,10.0,10.0,8.857468794509375,0.12493352819028555,-0.07383619760069642,0.6457335877439162,0.24574685520554904,-0.015228661555952995,0.5540231742408782
1779790155.204161,10.0,10.0,8.649540883095156,0.1250295235819224,-0.07378573892943516,0.6457358675296507,0.246348599986799,-0.014881244044514848,0.5540231742408782
1779790155.214121,10.0,10.0,8.440480162897648,0.12512364461190328,-0.0737277280442275,0.6457284135472828,0.24694034593679906,-0.014539599360990451,0.5540231742408782
1779790155.2241464,10.0,10.0,8.236749219598446,0.12520546866605928,-0.07366940037910753,0.6457151438261108,0.24752275303679902,-0.014203346465027545,0.5540231742408782
1779790155.2341783,10.0,10.0,8.038513094179322,0.12527732721100265,-0.07360891245854914,0.645700575273653,0.248102161393049,-0.013868824894575882,0.5540231742408782
1779790155.2441318,10.0,10.0,7.847791063163244,0.12534621331070533,-0.07354831358250132,0.6456878871481687,0.24767410305554857,-0.013530302838849833,0.5540231742408782
1779790155.2541368,10.0,10.0,7.689171002448103,0.12540632984630323,-0.07348349421921259,0.6456783132970485,0.24709319051804882,-0.013194912828948713,0.5540231742408782
1779790155.2641292,10.0,10.0,7.533708276901715,0.125453110618282,-0.07341321403453872,0.6456753701218814,0.24650336072429882,-0.012854374438751105,0.5540231742408782
1779790155.274193,10.0,10.0,7.383843534983693,0.1254833940460078,-0.07333909105209434,0.6456810922940698,0.24591596886179892,-0.012515243588816994,0.5540231742408782
1779790155.2841318,10.0,10.0,7.2330450803806015,0.1254939458061109,-0.0732628922440274,0.6456970590165871,0.245338819280549,-0.012182026122719644,0.5540231742408782
1779790155.29414,10.0,10.0,7.089579504335473,0.12548574231594567,-0.07318476893776331,0.6457309538318087,0.24475313955554887,-0.011843883775831917,0.5540231742408782
1779790155.3041334,10.0,10.0,6.972660782238918,0.1254632053262791,-0.07310905722249658,0.645784846993246,0.24417633371804873,-0.011510864770281085,0.5540231742408782
1779790155.3141253,10.0,10.0,6.893715777733089,0.12542838407882692,-0.07303784298412522,0.645859115990174,0.24417633371804873,-0.011510864770281085,0.5540231742408782
1779790155.3241305,10.0,10.0,6.83995932931782,0.12538207044504887,-0.07296817236939955,0.6459685019489871,0.24359923200554892,-0.011177674941219528,0.5540231742408782
1779790155.3341157,10.0,10.0,6.798572324755964,0.12533078929354557,-0.07290093616752481,0.6461140331460601,0.24301145865554866,-0.010838323839374374,0.5540231742408782
1779790155.3441746,10.0,10.0,6.775194249987348,0.1252696200441826,-0.07283127134252837,0.6462915833800342,0.24242774239304873,-0.010501315098089674,0.5540231742408782
1779790155.354134,10.0,10.0,6.787188272319217,0.1251969416770988,-0.0727625163100557,0.6465050184386936,0.241851704143049,-0.010168739259388802,0.5540231742408782
1779790155.3641608,10.0,10.0,6.83638856101599,0.1251189941126251,-0.07269817632664,0.6467486282947698,0.24123231643679863,-0.009811135600452409,0.5540231742408782
1779790155.3741236,10.0,10.0,6.904054075289912,0.1250272390159665,-0.07264045215829608,0.6470252742397758,0.24064100608679864,-0.009469742410705313,0.5540231742408782
1779790155.3841908,10.0,10.0,7.008469467518102,0.1249317194865936,-0.07258614737312045,0.6473230392020489,0.24002843863679882,-0.009116076428551126,0.5540231742408782
1779790155.3941052,10.0,10.0,7.150203859838196,0.12482872690116907,-0.07253780652040116,0.6476391220062184,0.23944090704929896,-0.008776864908350668,0.5540231742408782
1779790155.404146,10.0,10.0,7.304293952670988,0.12472857174356934,-0.07249078491522229,0.6479563364518833,0.23884780569929867,-0.008434437684271276,0.5540231742408782
1779790155.4141285,10.0,10.0,7.488524978114199,0.12463130437574005,-0.07244680137419388,0.6482784193809458,0.23826472736804857,-0.008097797252765389,0.5540231742408782
1779790155.424119,10.0,10.0,7.67219580204975,0.12453816343206582,-0.0724001687291717,0.6485881095485142,0.23767693877429882,-0.0077584373499373785,0.5540231742408782
1779790155.4341974,10.0,10.0,7.884000849135981,0.12446171167823498,-0.07235980726417979,0.6488854501266971,0.2370834035117986,-0.0074157596063593465,0.5540231742408782
1779790155.4441373,10.0,10.0,8.102986703452858,0.12441407054353537,-0.0723155744720044,0.6491692894504306,0.23650478923679877,-0.007081696498931219,0.5540231742408782
1779790155.4541764,10.0,10.0,8.3316976863428,0.12439482731764223,-0.07227505627864518,0.6494382159657346,0.23591743680554875,-0.006742588414639832,0.5540231742408782
1779790155.4641845,10.0,10.0,8.545918668840676,0.12439940770920355,-0.07223603768981036,0.6496957763512615,0.23533911446804864,-0.006408693857405787,0.5540231742408782
1779790155.4742026,10.0,10.0,8.742143380755452,0.12442906926086184,-0.07219604288696753,0.6499239253504029,0.23476008084929864,-0.006074388641750644,0.5540231742408782
1779790155.4841413,10.0,10.0,8.916432663153584,0.12447346747372243,-0.07215736039588529,0.650118798124178,0.2341735179992986,-0.0057357364224064795,0.5540231742408782
1779790155.4941585,10.0,10.0,9.069756179935826,0.1245309443114219,-0.07211589815201373,0.6502788564287039,0.23359202333054882,-0.005400010318871468,0.5540231742408782
1779790155.5040991,10.0,10.0,9.186817234714537,0.12460257596930674,-0.07206934939880304,0.6504002804850013,0.23300401890554864,-0.005060525805812899,0.5540231742408782
1779790155.514148,10.0,10.0,9.28740621402793,0.12468324488882469,-0.07202009565033256,0.6504820649226125,0.23241669690554892,-0.004721435291012075,0.5540231742408782
1779790155.5241866,10.0,10.0,9.366652541858706,0.12476813936892256,-0.07196969780296301,0.6505329096147978,0.2318317104055486,-0.004383693177764594,0.5540231742408782
1779790155.534163,10.0,10.0,9.388996398826174,0.12485878397149709,-0.07191949042169381,0.6505628322288186,0.2318317104055486,-0.004383693177764594,0.5540231742408782
1779790155.5441215,10.0,10.0,9.364019398056806,0.1249517056888752,-0.0718740677288945,0.6505885411782353,0.23121674046179883,-0.00402864011519715,0.5540231742408782
1779790155.5541527,10.0,10.0,9.30541079815482,0.12505820490852257,-0.07182437718794202,0.6506061986505889,0.23063268264929862,-0.0036914341799278473,0.5540231742408782
1779790155.5641534,10.0,10.0,9.216964809482802,0.125173808249172,-0.0717695667417174,0.6506152557797534,0.23004711058679864,-0.003353353992013544,0.5540231742408782
1779790155.5741298,10.0,10.0,9.075226624067245,0.12529655339074547,-0.07171101485554714,0.6506114911241606,0.2294525913430487,-0.003010108146596132,0.5540231742408782
1779790155.5841355,10.0,10.0,8.90015539554226,0.12541077405727,-0.07165020875439274,0.6505961979422292,0.22886022090554856,-0.0026681029150454408,0.5540231742408782
1779790155.5941274,10.0,10.0,8.695193712254293,0.12551180495577624,-0.0715864788340823,0.650573770056245,0.22826127765554896,-0.0023223028684288462,0.5540231742408782
1779790155.6041179,10.0,10.0,8.488965926828804,0.12561322253064044,-0.0715185950525325,0.6505457345245871,0.2276800901117986,-0.00198675408359493,0.5540231742408782
1779790155.614119,10.0,10.0,8.285225391180825,0.1257101486368182,-0.0714528828301676,0.6505176920513327,0.22707057270554878,-0.0016348490450208246,0.5540231742408782
1779790155.6241152,10.0,10.0,8.080660933077214,0.1258059439291997,-0.0713826045422443,0.6504909264074122,0.22649337688679858,-0.0013016048836902716,0.5540231742408782
1779790155.6341355,10.0,10.0,7.901747252454064,0.125903556739363,-0.07131257346447373,0.6504653190740108,0.22590355496804884,-0.0009610710401261775,0.5540231742408782
1779790155.6441305,10.0,10.0,7.728782210053488,0.1259901534012367,-0.0712362179940981,0.6504441148910742,0.22531377191804894,-0.0006205596374452543,0.5540231742408782
1779790155.654143,10.0,10.0,7.5578982960769086,0.12606621358079267,-0.07115314794963647,0.6504266885719372,0.2247273296680489,-0.00028197704654354776,0.5540231742408782
1779790155.6641128,10.0,10.0,7.392787950190722,0.12612732570554575,-0.07106416811298542,0.6504125794748795,0.22414482452429865,5.4332455004997907e-05,0.5540231742408782
1779790155.6742039,10.0,10.0,7.238424472821756,0.1261678673701988,-0.07096809403931358,0.6504086779484244,0.22356786653054891,0.00038743930800749435,0.5540231742408782
1779790155.6841369,10.0,10.0,7.095392025906661,0.126184512269456,-0.07087325594211909,0.6504124535338172,0.22298833813679877,0.0007220301821421766,0.5540231742408782
1779790155.6941116,10.0,10.0,6.9613650237883,0.1261795026694141,-0.07077549809459402,0.6504307332874352,0.22238929566179896,0.0010678875163393584,0.5540231742408782
1779790155.7041073,10.0,10.0,6.84906226420401,0.12614573799968193,-0.07067119054485331,0.650465262828002,0.22178163068054887,0.0014187230568411778,0.5540231742408782
1779790155.714185,10.0,10.0,6.768420747057512,0.126091662303741,-0.07057262014134084,0.6505243025428353,0.22120459601804862,0.0017518741745674443,0.5540231742408782
1779790155.7241395,10.0,10.0,6.712272256262091,0.1260301695929239,-0.07047261171058335,0.6506091532135874,0.2206131194492987,0.0020933633307545756,0.5540231742408782
1779790155.7341213,10.0,10.0,6.706005308356181,0.12596695615840384,-0.07037537918958525,0.6507325576659203,0.22001964617429884,0.0024360052858326074,0.5540231742408782
1779790155.744104,10.0,10.0,6.728001801445116,0.1258954999105018,-0.07027774710660642,0.6508965991118063,0.22001964617429884,0.0024360052858326074,0.5540231742408782
1779790155.7541533,10.0,10.0,6.766734340362906,0.12581530651244296,-0.07017891457955559,0.6510975068781183,0.2194147240555487,0.0027852572339317466,0.5540231742408782
1779790155.7641816,10.0,10.0,6.83353586216724,0.1257228404855738,-0.07007739422020738,0.6513428952098309,0.2188271964055488,0.0031244664808155586,0.5540231742408782
1779790155.7741044,10.0,10.0,6.925643794770964,0.12562663416640238,-0.06997669904462449,0.6516139587964355,0.21823830098054878,0.003464465412963849,0.5540231742408782
1779790155.7841642,10.0,10.0,7.056916500389798,0.12552300954946286,-0.06987155355095107,0.6519040121799764,0.21764867346179875,0.0038048870196357876,0.5540231742408782
1779790155.7941406,10.0,10.0,7.194515175161077,0.1254184838645021,-0.06976072978622033,0.6521969478544413,0.21706266293054863,0.004143220357600995,0.5540231742408782
1779790155.8041441,10.0,10.0,7.359238069531955,0.12531979847461128,-0.06965071175402245,0.6524834681575125,0.21647625392429873,0.004481783755214604,0.5540231742408782
1779790155.8141084,10.0,10.0,7.556008152516338,0.1252298550298629,-0.06953840393162679,0.652760284330758,0.21588564636179894,0.00482277119040928,0.5540231742408782
1779790155.8241858,10.0,10.0,7.770922546406353,0.1251500760492417,-0.0694227150527711,0.6530175053876403,0.21530856669929896,0.005155948288897502,0.5540231742408782
1779790155.8341644,10.0,10.0,7.9824882549964435,0.12508981471441588,-0.069302809218243,0.6532539943687057,0.21472977765554882,0.005490112299110646,0.5540231742408782
1779790155.844133,10.0,10.0,8.18806422745063,0.12506224471893046,-0.06918035605186576,0.6534810591885807,0.21414113805554882,0.00582996353062633,0.5540231742408782
1779790155.8541458,10.0,10.0,8.383466082729944,0.12504926457771964,-0.06905425439967341,0.653674432276624,0.2135603422367989,0.006165286152925791,0.5540231742408782
1779790155.8641682,10.0,10.0,8.5609412192699,0.1250501026269107,-0.06892899889091596,0.6538330360347502,0.21297411019304888,0.006503747381192472,0.5540231742408782
1779790155.8741505,10.0,10.0,8.723041412253044,0.12505660217079478,-0.0688042490946618,0.6539574509916066,0.2123898404867989,0.006841075653375233,0.5540231742408782
1779790155.8841114,10.0,10.0,8.873626510543597,0.1250809266294343,-0.06867334994041294,0.654038940103451,0.21181373743679857,0.007173688904373874,0.5540231742408782
1779790155.894117,10.0,10.0,8.997499595711789,0.1251173789490932,-0.06854167879539995,0.6540899713658109,0.21120468268679884,0.0075253268282374376,0.5540231742408782
1779790155.9041202,10.0,10.0,9.082847790272591,0.12517088890917763,-0.06841491392462688,0.6541217129527197,0.2106056470180486,0.007871180232844598,0.5540231742408782
1779790155.914128,10.0,10.0,9.142004396607991,0.12524052278979456,-0.06829220463075249,0.6541440553196061,0.2100152282867986,0.008212058646266352,0.5540231742408782
1779790155.9241285,10.0,10.0,9.20115552464635,0.1253287442835929,-0.06816839928364195,0.6541506350667218,0.20941419135554865,0.008559067480316445,0.5540231742408782
1779790155.9341168,10.0,10.0,9.228551301181392,0.12543563583988296,-0.06804803358938008,0.654141400380493,0.20882176123679894,0.008901107168852623,0.5540231742408782
1779790155.9441655,10.0,10.0,9.204866810981411,0.1255550024940746,-0.06792433281601563,0.6541078537927423,0.20823545426804865,0.009239611655088341,0.5540231742408782
1779790155.9541848,10.0,10.0,9.14724685130982,0.12568804585118043,-0.06779467904842869,0.6540423081263109,0.20765463077429888,0.009574950255556441,0.5540231742408782
1779790155.964124,10.0,10.0,9.069800984568829,0.12582733035685775,-0.06765254355723647,0.6539499761968485,0.20765463077429888,0.009574950255556441,0.5540231742408782
1779790155.974134,10.0,10.0,8.970272933143058,0.12597085213830364,-0.06750065913148028,0.6538246769680434,0.20703460958054884,0.009932919658671291,0.5540231742408782
1779790155.9840977,10.0,10.0,8.812779512671773,0.12611910482152294,-0.0673478861094221,0.6536885104805661,0.20642729121179873,0.010283555082352987,0.5540231742408782
1779790155.9941528,10.0,10.0,8.628052709971849,0.1262733237624392,-0.06719545545248362,0.6535468564721119,0.20584912716179896,0.010617358252256124,0.5540231742408782
1779790156.0041242,10.0,10.0,8.419884667508839,0.12643015585387452,-0.0670444169364224,0.6534067078689797,0.20524229513054867,0.010967712888851356,0.5540231742408782
1779790156.0141435,10.0,10.0,8.19536428390724,0.12658426735851075,-0.06689205255156631,0.653281018151945,0.2046476924680489,0.011311006896106481,0.5540231742408782
1779790156.0241294,10.0,10.0,7.945200452606804,0.12673069425414094,-0.06673379363856123,0.6531693414371285,0.20405745289304875,0.011651781873619165,0.5540231742408782
1779790156.0341184,10.0,10.0,7.709427568864022,0.1268633311814419,-0.0665732675669882,0.6530708251271918,0.2034629494555488,0.011995018593293936,0.5540231742408782
1779790156.044133,10.0,10.0,7.497984172083955,0.12697025547730956,-0.06641572681923466,0.6529944910315215,0.2028848761367987,0.012328769379485625,0.5540231742408782
1779790156.054144,10.0,10.0,7.273795532149986,0.1270434081465823,-0.06625663997783733,0.6529389240892423,0.20230845296804892,0.01266156745113047,0.5540231742408782
1779790156.0641673,10.0,10.0,7.061079527100206,0.12710228005415408,-0.06608901089074014,0.6529010074312502,0.20169856982429876,0.013013683648348815,0.5540231742408782
1779790156.0741298,10.0,10.0,6.877433384057711,0.1271404903201234,-0.06591836320590858,0.652878881846693,0.20110493533679877,0.0133564186795072,0.5540231742408782
1779790156.0841198,10.0,10.0,6.700151321021606,0.12716060824149195,-0.06574305306622227,0.6528678062803439,0.20051991103679892,0.013694182616594589,0.5540231742408782
1779790156.0941117,10.0,10.0,6.522248588021423,0.1271521464661321,-0.06556157442239768,0.6528717673107758,0.19994049362429897,0.014028709415674597,0.5540231742408782
1779790156.1041138,10.0,10.0,6.353777005471172,0.12712746316947096,-0.06537921947139709,0.6528955312143622,0.19933701201179874,0.014377129687102594,0.5540231742408782
1779790156.1141272,10.0,10.0,6.223755744140878,0.12707287743614365,-0.06520364978121704,0.6529427950711041,0.19875898943054884,0.014710851179984883,0.5540231742408782
1779790156.1241498,10.0,10.0,6.121884451195967,0.12699846507749385,-0.06502842250471132,0.6530168401397672,0.1981709534492986,0.015050353912052892,0.5540231742408782
1779790156.1341207,10.0,10.0,6.05855795555195,0.12690964015632872,-0.06484872232874876,0.6531188277114239,0.19757827251179874,0.015392538410862003,0.5540231742408782
1779790156.1440918,10.0,10.0,6.056854451723089,0.12681238201061049,-0.06467212499500806,0.6532576403848516,0.19699490567429898,0.015729345411528817,0.5540231742408782
1779790156.1541815,10.0,10.0,6.100586697489314,0.12670228059179617,-0.0644926957580892,0.6534367238360649,0.1964086691305489,0.016067809237871683,0.5540231742408782
1779790156.1641643,10.0,10.0,6.169747179574164,0.12658976581481915,-0.06431000980919079,0.6536573656086856,0.19582265409929886,0.01640614517391309,0.5540231742408782
1779790156.1741385,10.0,10.0,6.276969814690061,0.12646874523924267,-0.06412859625135156,0.653919535046253,0.19582265409929886,0.01640614517391309,0.5540231742408782
1779790156.1841307,10.0,10.0,6.4435821273603,0.12635549298307508,-0.0639494356323035,0.6542080432021739,0.1952200470617986,0.016754060509229403,0.5540231742408782
1779790156.1941411,10.0,10.0,6.675413988171888,0.126243138379334,-0.06377967922428841,0.6545089334841874,0.19463084901179875,0.017094234162002828,0.5540231742408782
1779790156.204107,10.0,10.0,6.926361877428856,0.12612598806199227,-0.06360355890386644,0.654811851741876,0.19404915932429864,0.01743007285966585,0.5540231742408782
1779790156.2141206,10.0,10.0,7.19152693433334,0.12601939438777887,-0.06342126775069287,0.6551075673580575,0.19346980558679874,0.017764562895967423,0.5540231742408782
1779790156.2241156,10.0,10.0,7.464287047608178,0.1259182724134101,-0.06324071057508293,0.6553921379312305,0.19287645971804881,0.018107131293012745,0.5540231742408782
1779790156.2341428,10.0,10.0,7.730237468559223,0.12583555701377763,-0.06306173166018512,0.655664394998007,0.19228502145554868,0.018448598333076265,0.5540231742408782
1779790156.2441275,10.0,10.0,7.997176619449747,0.12578450597629742,-0.06288257573884848,0.6559159439941199,0.19169554159304866,0.018788934690372502,0.5540231742408782
1779790156.2540944,10.0,10.0,8.282302695540599,0.1257606617902706,-0.06270569302163474,0.6561508871675688,0.1911177292180488,0.019122534820619756,0.5540231742408782
1779790156.2641652,10.0,10.0,8.55865146532993,0.1257545228497082,-0.06253425846788885,0.6563508448238241,0.19053023987429865,0.019461721951379955,0.5540231742408782
1779790156.2741299,10.0,10.0,8.812498938141307,0.12575798536128505,-0.06236892605722779,0.6565087173985266,0.18994505779304874,0.01979957698351454,0.5540231742408782
1779790156.2841177,10.0,10.0,9.041037572654558,0.12576936970382968,-0.062204179413553495,0.6566213724508085,0.18936659623679894,0.020133551918731223,0.5540231742408782
1779790156.2941556,10.0,10.0,9.232484259954349,0.12579017969157086,-0.06203418578524343,0.6566930305809227,0.18874799974304887,0.020490698770917568,0.5540231742408782
1779790156.3041213,10.0,10.0,9.387614980856782,0.12581805172278507,-0.06186486324974783,0.6567379744372618,0.18814463642429866,0.020839050745417163,0.5540231742408782
1779790156.3141162,10.0,10.0,9.513238776032336,0.12586379532085334,-0.06170295469479787,0.6567694768640171,0.18755907223679888,0.02117712638669795,0.5540231742408782
1779790156.32413,10.0,10.0,9.645079252039952,0.12592834687069424,-0.061545644033341694,0.6567852944952254,0.18695889024929865,0.021523641618743955,0.5540231742408782
1779790156.3342426,10.0,10.0,9.757981864537076,0.12601590715059893,-0.06139117332110847,0.6567802843246402,0.18636773436179868,0.021864945629525102,0.5540231742408782
1779790156.3441055,10.0,10.0,9.812833235797786,0.1261172172088796,-0.06124006826050374,0.6567498483624282,0.1857847140805486,0.02220155254584786,0.5540231742408782
1779790156.35412,10.0,10.0,9.81679478377883,0.12622605838978568,-0.06108775893534769,0.6566922066916242,0.18520600901804882,0.022535668069463506,0.5540231742408782
1779790156.3642035,10.0,10.0,9.797858954382999,0.12635609677637816,-0.06092931316145714,0.656598745046105,0.1846256516117988,0.022870737574188137,0.5540231742408782
1779790156.374133,10.0,10.0,9.748289632256638,0.12648828988555494,-0.060758649391202416,0.6564766876381959,0.1840373614367989,0.02321038706508593,0.5540231742408782
1779790156.3841178,10.0,10.0,9.637673126098123,0.12662431488014111,-0.060552096950461355,0.6563173847268953,0.1834491203117987,0.02355000823695321,0.5540231742408782
1779790156.3941336,10.0,10.0,9.501730886133085,0.12676661278689674,-0.060334616663074145,0.6561263352960712,0.18286239068054863,0.023888756747496964,0.5540231742408782
1779790156.4041693,10.0,10.0,9.328981347515557,0.12691684233768968,-0.0601219169007078,0.6559087578917723,0.18286239068054863,0.023888756747496964,0.5540231742408782
1779790156.4141927,10.0,10.0,9.121416643667036,0.12706984515875455,-0.05991006295521628,0.6556830325543378,0.1822855842805489,0.024221776077807122,0.5540231742408782
1779790156.424142,10.0,10.0,8.888753700589852,0.12721580269548002,-0.05968532442091588,0.6554533543382114,0.18168024343679892,0.024571269776897657,0.5540231742408782
1779790156.4341378,10.0,10.0,8.635026693035966,0.12736149489450674,-0.05945202813085899,0.6552296817692889,0.18109907501804898,0.024906807519907453,0.5540231742408782
1779790156.4441743,10.0,10.0,8.388095821137897,0.12749825069179782,-0.05922220446709169,0.6550235776908585,0.18049667880554862,0.025254601135353348,0.5540231742408782
1779790156.4541237,10.0,10.0,8.151912163494378,0.12762350387501306,-0.05899174901833814,0.6548328363448186,0.17991911106179878,0.025588060027682533,0.5540231742408782
1779790156.4642184,10.0,10.0,7.924644680657422,0.12772213298162435,-0.05876265253348401,0.6546608076214454,0.17933230307429884,0.025926853777228254,0.5540231742408782
1779790156.4741354,10.0,10.0,7.693150624264171,0.12779040570553793,-0.05853112732344427,0.65451181240835,0.17874132015554858,0.02626805792445519,0.5540231742408782
1779790156.4841745,10.0,10.0,7.454644261111825,0.12784163615819968,-0.05830197507011985,0.6543981827730719,0.17816076210554857,0.026603243270902896,0.5540231742408782
1779790156.4941378,10.0,10.0,7.220348222518962,0.12788444634855925,-0.05807400574401892,0.654323469409024,0.17753871096179888,0.026962384666196507,0.5540231742408782
1779790156.5042381,10.0,10.0,7.023368015000053,0.12791178925143656,-0.057846411840927384,0.6542797727105157,0.1769479924180489,0.02730343617644586,0.5540231742408782
1779790156.514165,10.0,10.0,6.8451653115074755,0.12791268158737132,-0.05761863572695263,0.6542661265673326,0.17635977154304874,0.02764304565697015,0.5540231742408782
1779790156.5241127,10.0,10.0,6.672242888053598,0.12789475890743437,-0.057389831097734476,0.6542729214516118,0.17577593636804859,0.02798012305241887,0.5540231742408782
1779790156.53411,10.0,10.0,6.535148050156317,0.1278609304501347,-0.057165552157757295,0.6542912643953496,0.17518848645554866,0.028319287417536115,0.5540231742408782
1779790156.5441146,10.0,10.0,6.416507976517205,0.12779954943408203,-0.0569431064309147,0.654328957157992,0.1746026866930486,0.028657499068106745,0.5540231742408782
1779790156.5541139,10.0,10.0,6.31928974722002,0.12771879587578125,-0.056723987135978565,0.6543906164756427,0.17402418626804858,0.028991496444206823,0.5540231742408782
1779790156.5641282,10.0,10.0,6.287523830390113,0.12762564297483753,-0.05651525502453204,0.6544822985250661,0.17343803308679864,0.029329912141187825,0.5540231742408782
1779790156.5741792,10.0,10.0,6.314931486572741,0.12752388316471336,-0.056311483910421394,0.65460968899785,0.17284929662429863,0.02966981929629397,0.5540231742408782
1779790156.5841277,10.0,10.0,6.39108388887516,0.12741873285609262,-0.05611312889620323,0.654771814205913,0.17226932694929895,0.030004664944276865,0.5540231742408782
1779790156.5941806,10.0,10.0,6.498156296443653,0.12731137265447726,-0.055918749783583306,0.6549764631671149,0.17165418116804862,0.030359819526672584,0.5540231742408782
1779790156.6041288,10.0,10.0,6.632818900047732,0.12720595326818104,-0.05572772219832469,0.6552078204072393,0.17165418116804862,0.030359819526672584,0.5540231742408782
1779790156.6141024,10.0,10.0,6.823932639997931,0.12710389216130616,-0.05554688097135068,0.6554603968251915,0.17104338441179887,0.03071246319831355,0.5540231742408782
1779790156.624154,10.0,10.0,7.044281761053361,0.1270026331284158,-0.05536708356276367,0.6557103689086933,0.1704427611430487,0.031059233204207996,0.5540231742408782
1779790156.634187,10.0,10.0,7.273525822360089,0.12690539799739076,-0.0551854850620156,0.6559493168900337,0.16985445578054878,0.031398891463613035,0.5540231742408782
1779790156.644191,10.0,10.0,7.524719638233911,0.12682036047596038,-0.05500737165849599,0.6561761645520674,0.16924749409304876,0.031749320957278955,0.5540231742408782
1779790156.6541579,10.0,10.0,7.79255825212973,0.12674965864048823,-0.054833816958675764,0.6563826725577013,0.16866098591804882,0.032087941609997075,0.5540231742408782
1779790156.6641421,10.0,10.0,8.060314137674055,0.12670057495695436,-0.054656688616888036,0.6565675611958522,0.16806353948054872,0.03243287747151413,0.5540231742408782
1779790156.6741905,10.0,10.0,8.321523314430241,0.1266787231597232,-0.05446919894305734,0.6567252115591977,0.16746006236804886,0.032781295144865705,0.5540231742408782
1779790156.6841452,10.0,10.0,8.592878791911561,0.12668208825698588,-0.05427552321363045,0.6568496145388073,0.16687798607429896,0.033117357049751134,0.5540231742408782
1779790156.694148,10.0,10.0,8.846850810254116,0.12669735663470366,-0.054083679267360796,0.6569336410947476,0.1662990082555488,0.033451630049261355,0.5540231742408782
1779790156.7041192,10.0,10.0,9.07452031693082,0.12671569024786203,-0.05388559874685663,0.6569824075066047,0.16569535530554877,0.03380014924244098,0.5540231742408782
1779790156.7141478,10.0,10.0,9.276833327157007,0.12673044609926618,-0.053690939530563295,0.657011730121702,0.16508004662429857,0.03415539787519549,0.5540231742408782
1779790156.7241397,10.0,10.0,9.4522857114089,0.12676305266584537,-0.05349908558620037,0.6570216597366074,0.16450207590554863,0.0344890894252495,0.5540231742408782
1779790156.7341068,10.0,10.0,9.613602393556791,0.1268167713029771,-0.05331140625538151,0.6570026090875165,0.1638983880242987,0.03483762878599566,0.5540231742408782
1779790156.7441723,10.0,10.0,9.74283002896261,0.12688832801691366,-0.05312625887398049,0.6569604396045086,0.16331057068679874,0.03517700528403557,0.5540231742408782
1779790156.7541504,10.0,10.0,9.818961398015157,0.12697854795442126,-0.05293282971068072,0.656888213400447,0.16272698346179873,0.035513939525484976,0.5540231742408782
1779790156.7641609,10.0,10.0,9.866889250180385,0.12707872043326912,-0.052724099051183804,0.6567781556750729,0.16214241225554857,0.035851441868773995,0.5540231742408782
1779790156.7741108,10.0,10.0,9.891982095669901,0.12718353648985892,-0.05251375017087734,0.6566341016957847,0.1615580974930487,0.036188796154194784,0.5540231742408782
1779790156.7841077,10.0,10.0,9.863965102465592,0.12730200312001144,-0.05230436848657376,0.656453922893607,0.1609782833492989,0.036523552006168684,0.5540231742408782
1779790156.7941175,10.0,10.0,9.788212367989123,0.1274318778946166,-0.05209209126748842,0.656239672106317,0.16040360893679886,0.03685534043292196,0.5540231742408782
1779790156.804132,10.0,10.0,9.672104992270299,0.12757706702825694,-0.05187596005756243,0.6559967694254125,0.16040360893679886,0.03685534043292196,0.5540231742408782
1779790156.8141468,10.0,10.0,9.527860256195003,0.12774340585850116,-0.051651839203028155,0.6557297118054218,0.1598020557992987,0.037202647298789526,0.5540231742408782
1779790156.8241837,10.0,10.0,9.36361187143511,0.12792560386180574,-0.0514187330532291,0.6554416575741105,0.15921788475554896,0.03753991860815126,0.5540231742408782
1779790156.8341098,10.0,10.0,9.166378954054442,0.12810796019340195,-0.05116974709250652,0.6551590785447999,0.15863873728679875,0.03787428955513468,0.5540231742408782
1779790156.8441076,10.0,10.0,8.918935172045051,0.12829351247822532,-0.050920690618932965,0.654866769952242,0.15805372766804868,0.038212045015998536,0.5540231742408782
1779790156.8542116,10.0,10.0,8.677491905335238,0.12846956826246334,-0.05066522791054624,0.6545879094478939,0.15747667781804878,0.03854520490223182,0.5540231742408782
1779790156.8641665,10.0,10.0,8.417566442772905,0.12863265392019704,-0.05041005716169195,0.6543221177112822,0.15687047016179864,0.03889519905575265,0.5540231742408782
1779790156.8741193,10.0,10.0,8.164736465416068,0.1287703620508418,-0.050150456776478884,0.6540768619531868,0.15627716597429872,0.039237743388117044,0.5540231742408782
1779790156.8841293,10.0,10.0,7.92735253298313,0.1288787071371512,-0.04989096380754463,0.653861434785204,0.15567195191804886,0.03958716388641026,0.5540231742408782
1779790156.8941274,10.0,10.0,7.679664655576829,0.1289675340426644,-0.049635450029520536,0.6536771231711487,0.1550882429680487,0.03992416840582123,0.5540231742408782
1779790156.904118,10.0,10.0,7.450569291198337,0.12903437084948394,-0.04937438130250537,0.653539612706157,0.15450716646179877,0.0402596530831244,0.5540231742408782
1779790156.9141133,10.0,10.0,7.225034738045539,0.12908874957656688,-0.049109418647024304,0.6534471181346307,0.1539174008492987,0.04060015441826009,0.5540231742408782
1779790156.9241047,10.0,10.0,7.00584304897804,0.1291169242379828,-0.04884666927874401,0.6533964299830392,0.15332430236804886,0.04094257998606565,0.5540231742408782
1779790156.9341063,10.0,10.0,6.793596750802181,0.12912430777390227,-0.04857870066154534,0.6533688268964151,0.15272213773679869,0.04129023989801442,0.5540231742408782
1779790156.9440792,10.0,10.0,6.61975016615986,0.1291110632329473,-0.0483069567877958,0.6533529761436023,0.1521408588992986,0.041625841391319335,0.5540231742408782
1779790156.9541273,10.0,10.0,6.460967747409942,0.12906492761543006,-0.04804360769229439,0.6533506527984493,0.15154299767429855,0.04197101673051114,0.5540231742408782
1779790156.9641697,10.0,10.0,6.3179475682381065,0.12898343779167165,-0.04778058927160545,0.6533656112491438,0.1509438318430487,0.04231694528447247,0.5540231742408782
1779790156.9741616,10.0,10.0,6.21449958260219,0.12888688678986993,-0.04752057944826034,0.6533982495624624,0.1503601691305488,0.04265392310865023,0.5540231742408782
1779790156.984125,10.0,10.0,6.189662084315469,0.12877064267067825,-0.04726965472509377,0.6534561248255637,0.14978030593679892,0.042988707279654884,0.5540231742408782
1779790156.9941907,10.0,10.0,6.227786270723549,0.12864757168896707,-0.04702242124630479,0.6535510966842103,0.1491661779430489,0.043343274242163346,0.5540231742408782
1779790157.004143,10.0,10.0,6.3015232910482695,0.12852385471142572,-0.0467752474264023,0.6536815738745021,0.14858225597429894,0.04368040174800687,0.5540231742408782
1779790157.014189,10.0,10.0,6.43046872493925,0.12839788548200673,-0.04653647369942515,0.6538559570039487,0.14799184736804863,0.04402127431575736,0.5540231742408782
1779790157.0241706,10.0,10.0,6.581018589323911,0.12828169662977093,-0.04629962438600043,0.6540642086608891,0.14799184736804863,0.04402127431575736,0.5540231742408782
1779790157.0342286,10.0,10.0,6.792224588073159,0.1281797909718104,-0.046075855072541666,0.6542796294114737,0.14739686091179885,0.044364789906437344,0.5540231742408782
1779790157.0441887,10.0,10.0,7.03218187676774,0.12807506110057007,-0.04585308691890306,0.6544977273124616,0.14677691464304865,0.04472271605158339,0.5540231742408782
1779790157.0541499,10.0,10.0,7.279422192422754,0.12797977795197454,-0.045628931680709396,0.6547035157775127,0.14619179061179874,0.04506053756853484,0.5540231742408782
1779790157.0641096,10.0,10.0,7.541631994878244,0.12789678053960774,-0.04540794846610751,0.6548907568901617,0.1455860783492986,0.04541024570634076,0.5540231742408782
1779790157.074109,10.0,10.0,7.809401189722112,0.127824120211211,-0.04518888243308716,0.6550508195303759,0.14500053165554888,0.04574831124760024,0.5540231742408782
1779790157.0841002,10.0,10.0,8.098637452122173,0.12777808869867227,-0.044973597825133535,0.6551831041356918,0.14441918233679873,0.046083953433273844,0.5540231742408782
1779790157.0941217,10.0,10.0,8.384368871582247,0.12775332537948825,-0.044760996190921394,0.6552823743747604,0.14383150534304864,0.04642324890381201,0.5540231742408782
1779790157.1041515,10.0,10.0,8.656720306447886,0.12775610262791945,-0.04455234105662798,0.6553439554970177,0.1432517233180489,0.046757986212016926,0.5540231742408782
1779790157.114133,10.0,10.0,8.916886222187424,0.1277789698332577,-0.044350500893740985,0.6553798731138384,0.1426641139367988,0.04709724264646003,0.5540231742408782
1779790157.1242368,10.0,10.0,9.166304077165268,0.12780264348883974,-0.04415970442936442,0.655395761746376,0.1420791933055489,0.0474349467303667,0.5540231742408782
1779790157.1341753,10.0,10.0,9.377280632886713,0.12783339538839855,-0.04396853885833286,0.6553885574917498,0.14148802217429868,0.04777625954213116,0.5540231742408782
1779790157.144113,10.0,10.0,9.556697036893937,0.12787002311525603,-0.04377950539871063,0.6553490318510522,0.14090368823054858,0.04811362490185192,0.5540231742408782
1779790157.1541245,10.0,10.0,9.708371517675891,0.12792210971776877,-0.043597195360122944,0.6552795733522948,0.14032642423679875,0.048446908424036865,0.5540231742408782
1779790157.1641624,10.0,10.0,9.836165905403686,0.12799349050307407,-0.043415461188054755,0.6551822830497118,0.1397508160180488,0.04877923598407989,0.5540231742408782
1779790157.1741073,10.0,10.0,9.92015154003064,0.1280767781819222,-0.043233737486008124,0.6550578682087691,0.13916828038679885,0.04911556308759461,0.5540231742408782
1779790157.1841507,10.0,10.0,9.961106889599655,0.12817598445914957,-0.043054039654143395,0.6549050291538775,0.1385885417867987,0.04945027532436433,0.5540231742408782
1779790157.1941636,10.0,10.0,9.985717800157595,0.128286218574753,-0.0428790737711853,0.6547278357065849,0.13798461546179883,0.049798952350673706,0.5540231742408782
1779790157.204109,10.0,10.0,9.950747621205698,0.12838812382131834,-0.042701907892582706,0.6545315146419243,0.1374051174992986,0.05013352565531805,0.5540231742408782
1779790157.214132,10.0,10.0,9.855040397493335,0.12850711704083356,-0.042518012294710035,0.6543166435052279,0.13682734292429866,0.05046710396172517,0.5540231742408782
1779790157.2241633,10.0,10.0,9.742380664965188,0.12864085624945662,-0.0423311316599446,0.6540815955368792,0.13621866122429863,0.050818526505071,0.5540231742408782
1779790157.234119,10.0,10.0,9.584255169090362,0.1287843369844967,-0.04213817750175881,0.6538422426301383,0.13563348645554893,0.05115637731533161,0.5540231742408782
1779790157.2441242,10.0,10.0,9.391038848567346,0.12892929805709374,-0.041933768199274385,0.6536006867160349,0.13504906065554864,0.05149379570828315,0.5540231742408782
1779790157.2541733,10.0,10.0,9.162829003174576,0.12908400310811868,-0.0417196758697689,0.6533564383330344,0.13504906065554864,0.05149379570828315,0.5540231742408782
1779790157.2641168,10.0,10.0,8.94580652020251,0.12923995795436183,-0.041504213710420096,0.6531311111752831,0.13447215508679888,0.05182687229369781,0.5540231742408782
1779790157.2741077,10.0,10.0,8.71806455098602,0.12939173162303189,-0.04129228592928904,0.6529165869359165,0.1338421920430488,0.052190581626586435,0.5540231742408782
1779790157.2841978,10.0,10.0,8.48358322555428,0.12952840725790662,-0.04106403967389583,0.6527217828429275,0.13325998046804866,0.05252672163613807,0.5540231742408782
1779790157.294179,10.0,10.0,8.25826435965589,0.12964992816890372,-0.04082134480714425,0.6525463958702937,0.1326757265680486,0.0528640407825782,0.5540231742408782
1779790157.3041632,10.0,10.0,8.058581404948631,0.12974137567299154,-0.04057353841587363,0.6523843728133237,0.13208121969929895,0.053207279483285894,0.5540231742408782
1779790157.3141375,10.0,10.0,7.8464376627893415,0.12980754503638478,-0.0403154699045253,0.6522426511088202,0.13149129911804866,0.05354787028967126,0.5540231742408782
1779790157.3241513,10.0,10.0,7.614354191630215,0.12985221769086863,-0.04005007365129047,0.6521343796731728,0.1309058279117988,0.05388589224820238,0.5540231742408782
1779790157.3341076,10.0,10.0,7.399751353766675,0.12988690631184838,-0.03978302967719812,0.6520569045540745,0.1303271031617986,0.0542200191384017,0.5540231742408782
1779790157.3442132,10.0,10.0,7.2387157863556455,0.12990408937889372,-0.039514940831043524,0.6520089535344351,0.12973810963679888,0.054560074708611225,0.5540231742408782
1779790157.354119,10.0,10.0,7.087138882202257,0.12990154092889378,-0.039250538470147846,0.6519816988075895,0.12915642894929869,0.05489590821012187,0.5540231742408782
1779790157.364119,10.0,10.0,6.972684925892525,0.12988668746085147,-0.03898460490844305,0.6519665816072748,0.1285692123617989,0.05523493786498748,0.5540231742408782
1779790157.3741074,10.0,10.0,6.882937487366052,0.12985511235313923,-0.0387040442165081,0.6519622094081592,0.12796787511179863,0.055582120088148876,0.5540231742408782
1779790157.3841124,10.0,10.0,6.797780155532289,0.12979152798358823,-0.0384218562490953,0.6519640663818536,0.1273914446305486,0.05591492238166769,0.5540231742408782
1779790157.3941174,10.0,10.0,6.755648201767977,0.12971448416738773,-0.03814806232768182,0.6519786441408613,0.12681238901804862,0.05624924029542032,0.5540231742408782
1779790157.404113,10.0,10.0,6.753014000492956,0.12961772682302086,-0.03787289303526077,0.6520079142510534,0.12622069999304888,0.056590852113280465,0.5540231742408782
1779790157.4141104,10.0,10.0,6.791193974768778,0.1295120818686233,-0.03759600836921707,0.6520598190256008,0.12562329416804857,0.05693576452715986,0.5540231742408782
1779790157.424143,10.0,10.0,6.8831438221271615,0.12941001785890344,-0.03733626661979481,0.6521398654675932,0.1250286012805489,0.05727911062584294,0.5540231742408782
1779790157.4341505,10.0,10.0,7.011071167392623,0.12931360448263432,-0.03708656513976528,0.6522473940615687,0.12444440486804881,0.05761639658185949,0.5540231742408782
1779790157.4441996,10.0,10.0,7.172480713887662,0.12923716553612927,-0.036837402042622786,0.6523780646796208,0.12386314746179869,0.057951985701826456,0.5540231742408782
1779790157.454157,10.0,10.0,7.350781504899818,0.12915793270218373,-0.03658063745936383,0.6525157087169663,0.12328054084304882,0.05828835378999335,0.5540231742408782
1779790157.464147,10.0,10.0,7.542632972652786,0.129080743139549,-0.036324390842570935,0.6526523986132624,0.12328054084304882,0.05828835378999335,0.5540231742408782
1779790157.4741056,10.0,10.0,7.751441874908252,0.12901447406435348,-0.03607953686141424,0.6527696404507874,0.12265022162429887,0.058652268760614024,0.5540231742408782
1779790157.484128,10.0,10.0,7.990638745323301,0.12895518891908436,-0.035836335476148784,0.6528666783954212,0.12206189083679883,0.058991941699149716,0.5540231742408782
1779790157.4941123,10.0,10.0,8.244517245335775,0.12890864875880803,-0.035591840311233094,0.6529320494158694,0.12147465118679873,0.059330984669156095,0.5540231742408782
1779790157.5041337,10.0,10.0,8.495856746429329,0.12887250700042893,-0.03535107499603005,0.6529732260416272,0.12089323875554855,0.059666663292848574,0.5540231742408782
1779790157.51416,10.0,10.0,8.716742013034956,0.128855812502478,-0.035121777847643545,0.6530032777910098,0.12029998862429855,0.06000917641582254,0.5540231742408782
1779790157.5241318,10.0,10.0,8.933796338464258,0.12886362624428208,-0.034900757460222184,0.6530314194392752,0.11969786460554896,0.06035681288013317,0.5540231742408782
1779790157.5341513,10.0,10.0,9.142062322663223,0.12889178484157315,-0.034683011639722455,0.6530540588861429,0.1191143258680489,0.060693719127311405,0.5540231742408782
1779790157.544121,10.0,10.0,9.359924075948419,0.1289408109376239,-0.034468455311804806,0.6530651606029253,0.1185219521117987,0.061035726274943344,0.5540231742408782
1779790157.554159,10.0,10.0,9.541199093636088,0.12899945372403165,-0.034255258156382896,0.6530597773290114,0.11794238760554873,0.0613703379986395,0.5540231742408782
1779790157.5641475,10.0,10.0,9.652926133356404,0.12907399222840205,-0.03404247893634222,0.6530360260528493,0.11736268956179893,0.061705026820247144,0.5540231742408782
1779790157.5741065,10.0,10.0,9.734018579398539,0.12915894065528027,-0.03383380367712465,0.6529818934119362,0.11676237516179858,0.06205161850068576,0.5540231742408782
1779790157.5841203,10.0,10.0,9.809994349699153,0.12926259734147472,-0.03363211176740875,0.6529008157441958,0.11617613468054863,0.062390084600345286,0.5540231742408782
1779790157.5941346,10.0,10.0,9.837795699281033,0.12938345144449567,-0.03343358078093484,0.6527954839243568,0.11559240992429859,0.06272709824549888,0.5540231742408782
1779790157.6041105,10.0,10.0,9.817843631187639,0.1295108958770828,-0.03322573664230109,0.6526569386175294,0.11500792894304873,0.06306454849735971,0.5540231742408782
1779790157.6141274,10.0,10.0,9.765540525287435,0.1296478635913347,-0.03300502818869018,0.6524828356496886,0.11442084814304859,0.06340349975527584,0.5540231742408782
1779790157.6241732,10.0,10.0,9.674379311800312,0.12979875664902235,-0.03279250240731989,0.6522776510497312,0.11383720292429875,0.06374046747943231,0.5540231742408782
1779790157.6341562,10.0,10.0,9.553459004189989,0.12995922452788747,-0.03257127067208723,0.6520423484450728,0.11325938998679883,0.06407406793443914,0.5540231742408782
1779790157.644103,10.0,10.0,9.375506011825033,0.130124689900823,-0.032338766197655196,0.6517836963473522,0.11267407262429871,0.06441200107123993,0.5540231742408782
1779790157.6541636,10.0,10.0,9.16293355334483,0.13029366102427167,-0.03210455063039959,0.6515047473989511,0.11209005598679872,0.06474918323411177,0.5540231742408782
1779790157.6641586,10.0,10.0,8.946961407893886,0.13046824432995707,-0.031860844783439736,0.6512185063813125,0.11151002033054855,0.0650840669763874,0.5540231742408782
1779790157.6741676,10.0,10.0,8.727946320856526,0.13063470005989128,-0.031606241259813955,0.650922902333824,0.1109215503805486,0.06542382026042988,0.5540231742408782
1779790157.6841023,10.0,10.0,8.50898984113115,0.13079559961659842,-0.03134334664400425,0.6506183150322535,0.11034418834304882,0.06575716038820023,0.5540231742408782
1779790157.6940944,10.0,10.0,8.285626046085925,0.13093511102849656,-0.031062289012098718,0.6503152150531337,0.10976812922429877,0.06608974827547973,0.5540231742408782
1779790157.7041173,10.0,10.0,8.05701879897965,0.13104533045878256,-0.030775068982324835,0.6500049716637463,0.10918033669304869,0.06642911045162461,0.5540231742408782
1779790157.714115,10.0,10.0,7.819705164136409,0.13111729359200547,-0.030485165850516346,0.649705264978794,0.10918033669304869,0.06642911045162461,0.5540231742408782
1779790157.724152,10.0,10.0,7.575608601804568,0.13116712617536322,-0.03021415720545465,0.6494219045875568,0.10860076431179888,0.06676372672195405,0.5540231742408782
1779790157.7341309,10.0,10.0,7.379968309415954,0.1312006362058945,-0.029930129756601,0.6491581517251642,0.1080144691555488,0.06710222438823961,0.5540231742408782
1779790157.744121,10.0,10.0,7.20707382940334,0.1312117329459753,-0.02966049344700887,0.6489330733351655,0.10743355605554858,0.06743761472290051,0.5540231742408782
1779790157.7541003,10.0,10.0,7.041898079407124,0.13120326487043457,-0.029382452112064594,0.6487404110700158,0.10685726816804858,0.06777033468987936,0.5540231742408782
1779790157.7642102,10.0,10.0,6.891185616563851,0.13117512263240064,-0.029117356248883057,0.6485849145672755,0.10628215022429885,0.06810237918951906,0.5540231742408782
1779790157.7741334,10.0,10.0,6.762796773650793,0.13112046241223685,-0.02885623042799343,0.6484699402772306,0.10570223859929875,0.06843719132231905,0.5540231742408782
1779790157.7840924,10.0,10.0,6.651021753890017,0.13103760675209794,-0.02859910688440808,0.6483941433659616,0.1051186575617988,0.0687741219914136,0.5540231742408782
1779790157.7941186,10.0,10.0,6.573384875603531,0.13093413338569332,-0.02834122210337479,0.6483575951307737,0.10452473175554886,0.06911702521553068,0.5540231742408782
1779790157.8041084,10.0,10.0,6.561910379277066,0.1308231116233528,-0.028078949693516167,0.648360931030831,0.10393550889929876,0.06945721319019937,0.5540231742408782
1779790157.8141146,10.0,10.0,6.598371886494868,0.13071478961587982,-0.027816490352955282,0.6483923081608847,0.10334802236804883,0.0697963986971618,0.5540231742408782
1779790157.8241348,10.0,10.0,6.678223687167731,0.13060681536000765,-0.027546548171560735,0.6484486963575231,0.1027343570867987,0.07015069851248387,0.5540231742408782
1779790157.8340986,10.0,10.0,6.786401918631003,0.13049450794155623,-0.027280062348157004,0.6485317370573749,0.10214727684929861,0.07048964944564046,0.5540231742408782
1779790157.8441944,10.0,10.0,6.914097039577867,0.1303952333588491,-0.027015438247224806,0.6486325043946185,0.10156322865554859,0.07082684982752174,0.5540231742408782
1779790157.8540955,10.0,10.0,7.108228224320471,0.13030123921956702,-0.0267520556016894,0.6487336114649254,0.10096547453054863,0.07117196333249969,0.5540231742408782
1779790157.8640926,10.0,10.0,7.335221601783409,0.13020590770620966,-0.026499469104698786,0.6488343707120715,0.10038217924304876,0.07150872902375477,0.5540231742408782
1779790157.8741071,10.0,10.0,7.55832493285939,0.13011843421360647,-0.026248035174720793,0.6489264594023414,0.09975690559304881,0.07186973093389942,0.5540231742408782
1779790157.884136,10.0,10.0,7.796318978487308,0.13004235732443079,-0.02599222149222372,0.6489988868225339,0.09916385723054891,0.07221212756563121,0.5540231742408782
1779790157.8940935,10.0,10.0,8.064331310296202,0.12998157327909093,-0.025738567871616363,0.6490538121505389,0.09858654081179871,0.07254544135540422,0.5540231742408782
1779790157.904105,10.0,10.0,8.320955031915434,0.1299415564596618,-0.02549420634567278,0.6490884617567877,0.09818130092429886,0.07255548162092255,0.5540231742408782
1779790157.9141026,10.0,10.0,8.560847649138243,0.1299288319541441,-0.025254837666896554,0.6491144436332398,0.09818130092429886,0.07188752648938466,0.5540231742408782
1779790157.9241636,10.0,10.0,8.792143950444427,0.12993658944035388,-0.025016476113563207,0.6491379444606831,0.09818130092429886,0.0712090552546702,0.5540231742408782
1779790157.9341211,10.0,10.0,9.007806436658722,0.1299629804523774,-0.024785858961745507,0.649145054872958,0.09818130092429886,0.0712090552546702,0.5540231742408782
1779790157.9441311,10.0,10.0,9.221532870597663,0.12999982849047026,-0.024564203485682272,0.6491233001440462,0.09818130092429886,0.0705208000546547,0.5540231742408782
1779790157.9541643,10.0,10.0,9.418233860700628,0.13003813279263474,-0.024349905272111724,0.6490700010970166,0.09818130092429886,0.0698190365470898,0.5540231742408782
1779790157.9641426,10.0,10.0,9.552053380168948,0.13008170190957044,-0.02414173723645592,0.648994327141592,0.09818130092429886,0.06915218962496018,0.5540231742408782
1779790157.9741015,10.0,10.0,9.645598644013877,0.13014187448450865,-0.023937077739418573,0.6488873441617309,0.09818130092429886,0.06846855081666067,0.5540231742408782
1779790157.9841187,10.0,10.0,9.72807630489812,0.13021953760529503,-0.0237412292394904,0.6487557817313351,0.09818130092429886,0.06780124124210951,0.5540231742408782
1779790157.9941478,10.0,10.0,9.773228730026261,0.13030927279908575,-0.02355023559844577,0.648591374056154,0.09818130092429886,0.06713061223548686,0.5540231742408782
1779790158.0041027,10.0,10.0,9.78036254490375,0.13041271419424857,-0.02335622946846383,0.6484020327369441,0.09818130092429886,0.06645715957468593,0.5540231742408782
1779790158.0141118,10.0,10.0,9.736864598120054,0.1305352183635501,-0.023165556552775714,0.6481758251747147,0.09818130092429886,0.0657806802850023,0.5540231742408782
1779790158.024166,10.0,10.0,9.655575245233168,0.13066425603160708,-0.022982972442739634,0.6479077101665824,0.09818130092429886,0.06508320457746482,0.5540231742408782
1779790158.034119,10.0,10.0,9.523987792697534,0.13080137330080982,-0.02279816350703129,0.647603349923553,0.09818130092429886,0.06441444514648348,0.5540231742408782
1779790158.0441408,10.0,10.0,9.369688670983992,0.13094148059285995,-0.022605946835477363,0.6472555151843441,0.09818130092429886,0.06373224768591453,0.5540231742408782
1779790158.0541801,10.0,10.0,9.162733543050022,0.13107605868644348,-0.022407769905943443,0.6468844318329297,0.09818130092429886,0.06306440323242318,0.5540231742408782
1779790158.0641003,10.0,10.0,8.925555778695593,0.1312197615658265,-0.022205665289496076,0.6464928061420969,0.09818130092429886,0.06238822330607108,0.5540231742408782
1779790158.0741549,10.0,10.0,8.728439447468917,0.1313686843736031,-0.022001159615092778,0.6460881531948227,0.09818130092429886,0.06170804383624752,0.5540231742408782
1779790158.0841625,10.0,10.0,8.560874162093754,0.13151358369121766,-0.021795635281112127,0.6456866231240582,0.09818130092429886,0.061042606500365776,0.5540231742408782
1779790158.0941246,10.0,10.0,8.372431028181223,0.1316517071716368,-0.02159093278016422,0.6452862823769553,0.09818130092429886,0.06037860791413864,0.5540231742408782
1779790158.1041043,10.0,10.0,8.185362928898009,0.1317697012371973,-0.021382898032087365,0.6448976223461182,0.09818130092429886,0.05970086556970465,0.5540231742408782
1779790158.1141014,10.0,10.0,8.002574312781281,0.13184887189669794,-0.021168241556826665,0.6445194300050512,0.09818130092429886,0.05902120928747784,0.5540231742408782
1779790158.1241367,10.0,10.0,7.820741197379582,0.1318993151715875,-0.020961140708910964,0.6441716248195558,0.09818130092429886,0.05830206555938615,0.5540231742408782
1779790158.1341078,10.0,10.0,7.647900474906504,0.13193793162440454,-0.02075480864474126,0.6438591417174352,0.09818130092429886,0.05761793935198967,0.5540231742408782
1779790158.1441474,10.0,10.0,7.47329068878318,0.13195938438779728,-0.020539912889414393,0.6435982373900624,0.09818130092429886,0.05693903859032533,0.5540231742408782
1779790158.154155,10.0,10.0,7.28523050790913,0.13196798231932022,-0.02033863221209104,0.6433831914206701,0.09818130092429886,0.05693903859032533,0.5540231742408782
1779790158.1641483,10.0,10.0,7.115379951246857,0.13194962687373746,-0.020146147245733503,0.6432135336754538,0.09818130092429886,0.05623625793592352,0.5540231742408782
1779790158.1741364,10.0,10.0,6.9506727354517865,0.1319028806938419,-0.01995991697929661,0.6430913213178652,0.09818130092429886,0.0555497792354699,0.5540231742408782
1779790158.1841657,10.0,10.0,6.814323709839126,0.13183355523918813,-0.019785707846852053,0.6430204782931596,0.09818130092429886,0.054875792994766526,0.5540231742408782
1779790158.1941044,10.0,10.0,6.701665381765631,0.13173877496695688,-0.019618337778956683,0.6429951528622045,0.09818130092429886,0.054195341506363764,0.5540231742408782
1779790158.2041457,10.0,10.0,6.640123322204503,0.1316413763094156,-0.01944769084506113,0.6430001634498136,0.09818130092429886,0.05351710520269007,0.5540231742408782
1779790158.2140994,10.0,10.0,6.665222511874214,0.13154730433715475,-0.019288528982421674,0.6430204896243643,0.09818130092429886,0.052850376752835326,0.5540231742408782
1779790158.2241075,10.0,10.0,6.7314548558719505,0.1314459327951568,-0.01914097262966822,0.6430596799099864,0.09818130092429886,0.05216982121147999,0.5540231742408782
1779790158.2341435,10.0,10.0,6.795555661415466,0.13133281474036648,-0.01900874248632526,0.6431204079947114,0.09818130092429886,0.05148226417949471,0.5540231742408782
1779790158.2441654,10.0,10.0,6.890962712944863,0.1312190199042003,-0.018881005234079117,0.6431922884037193,0.09818130092429886,0.05078345247621743,0.5540231742408782
1779790158.2541435,10.0,10.0,7.055691136128634,0.13112147612541009,-0.018759697752082666,0.6432783573511688,0.09818130092429886,0.050116291316769895,0.5540231742408782
1779790158.2642093,10.0,10.0,7.240524445284676,0.13102780583861792,-0.01865742730722675,0.6433734631120728,0.09818130092429886,0.0494408844479943,0.5540231742408782
1779790158.2741332,10.0,10.0,7.416132473607812,0.13094142325643882,-0.018561923835298734,0.643459077176915,0.09818130092429886,0.04876969185368925,0.5540231742408782
1779790158.2840931,10.0,10.0,7.636037466920534,0.13086437004127877,-0.01847332643830504,0.6435229942622109,0.09818130092429886,0.048060705044738194,0.5540231742408782
1779790158.2941122,10.0,10.0,7.887197036056614,0.13079940145960914,-0.01839494624885276,0.6435690065553084,0.09818130092429886,0.04739143086990758,0.5540231742408782
1779790158.304099,10.0,10.0,8.129709765867652,0.13074914694143577,-0.018324641914839825,0.6435977804893882,0.09818130092429886,0.04672084473154228,0.5540231742408782
1779790158.314095,10.0,10.0,8.35217445050642,0.1307169525736723,-0.01825865552228105,0.6436121333956368,0.09818130092429886,0.04604986173703608,0.5540231742408782
1779790158.324102,10.0,10.0,8.589230135052071,0.1307084979306404,-0.01820114830115906,0.643623902939302,0.09818130092429886,0.04537552988724494,0.5540231742408782
1779790158.3341055,10.0,10.0,8.809990003296537,0.13071567955658178,-0.018149896349497874,0.643627128307229,0.09818130092429886,0.04469260496533663,0.5540231742408782
1779790158.3441331,10.0,10.0,8.989024715108052,0.1307377286482345,-0.01810213846667671,0.6436244593021189,0.09818130092429886,0.04402470842041707,0.5540231742408782
1779790158.354143,10.0,10.0,9.137152830126661,0.13077047524898527,-0.018059094720735858,0.6436090818284872,0.09818130092429886,0.043346661451547946,0.5540231742408782
1779790158.3641286,10.0,10.0,9.282847381746446,0.1308172258857496,-0.018021614697091085,0.6435695004955636,0.09818130092429886,0.04266319574007626,0.5540231742408782
1779790158.374107,10.0,10.0,9.392323626529125,0.13087216908660756,-0.01799218619960104,0.6435073456190606,0.09818130092429886,0.04199556926517907,0.5540231742408782
1779790158.3840725,10.0,10.0,9.43926999315544,0.13092660355506877,-0.017964657791634347,0.6434232004046362,0.09818130092429886,0.04132568077522868,0.5540231742408782
1779790158.394198,10.0,10.0,9.47699077775858,0.13099090372150773,-0.01794103573860374,0.6433144296128469,0.09818130092429886,0.04065368511556671,0.5540231742408782
1779790158.4041314,10.0,10.0,9.490351503525922,0.13106432186245598,-0.0179151272241387,0.6431800856442808,0.09818130092429886,0.04065368511556671,0.5540231742408782
1779790158.414144,10.0,10.0,9.479132528387188,0.13114673861592174,-0.017882412861104518,0.6430212218637334,0.09818130092429886,0.03997999823819487,0.5540231742408782
1779790158.4241405,10.0,10.0,9.414046381637924,0.13123906141967398,-0.01784531272887497,0.6428367914241818,0.09818130092429886,0.03930481590815619,0.5540231742408782
1779790158.4341333,10.0,10.0,9.316365414778954,0.13133471454437606,-0.017800988228960236,0.6426306420556621,0.09818130092429886,0.0386306018811213,0.5540231742408782
1779790158.444129,10.0,10.0,9.178676159475055,0.13143322810606708,-0.01775553609620836,0.6423943608289328,0.09818130092429886,0.037933981849984214,0.5540231742408782
1779790158.4541092,10.0,10.0,8.986558831012868,0.13152992135257832,-0.017706403791403813,0.6421344245958707,0.09818130092429886,0.037267818286849635,0.5540231742408782
1779790158.46418,10.0,10.0,8.771799092577833,0.13162556063147168,-0.01765658647562224,0.6418606827143863,0.09818130092429886,0.03653785909224936,0.5540231742408782
1779790158.4741113,10.0,10.0,8.562972416397779,0.1317180785036291,-0.01760373844706284,0.6415655975498434,0.09818130092429886,0.035841060768132066,0.5540231742408782
1779790158.4841037,10.0,10.0,8.356445965923292,0.13180440751750902,-0.01755603285923413,0.6412634456446192,0.09818130092429886,0.035158899810533675,0.5540231742408782
1779790158.4941251,10.0,10.0,8.146434823281067,0.13188254776568933,-0.017508228257775562,0.6409523052630991,0.09818130092429886,0.03447842493944491,0.5540231742408782
1779790158.5041084,10.0,10.0,7.944311496467623,0.13194944140559225,-0.017462561270007455,0.640641583451004,0.09818130092429886,0.03378983971879882,0.5540231742408782
1779790158.51413,10.0,10.0,7.762458712025621,0.13200179503294976,-0.017425421210042872,0.6403305870291756,0.09818130092429886,0.03311112251121877,0.5540231742408782
1779790158.5241654,10.0,10.0,7.609015736032329,0.13202578189012143,-0.017389946785279012,0.6400249851401012,0.09818130092429886,0.032402988780591224,0.5540231742408782
1779790158.5341356,10.0,10.0,7.468672526995483,0.13203053510844648,-0.01736470901741664,0.6397354990461176,0.09818130092429886,0.03172195948003878,0.5540231742408782
1779790158.5441399,10.0,10.0,7.339219068204668,0.13203104522438566,-0.017337160818783715,0.6394721315074446,0.09818130092429886,0.03105057105573948,0.5540231742408782
1779790158.554152,10.0,10.0,7.201230561343439,0.13202383061820003,-0.01731183758548118,0.6392504371010035,0.09818130092429886,0.03037926323675462,0.5540231742408782
1779790158.5642238,10.0,10.0,7.071652941587178,0.13200011756223087,-0.017288454902114392,0.6390567834865797,0.09818130092429886,0.029669820205620485,0.5540231742408782
1779790158.574139,10.0,10.0,6.959009928299715,0.1319550943505324,-0.01726610338388354,0.6388933624196997,0.09818130092429886,0.028967035004585397,0.5540231742408782
1779790158.5841706,10.0,10.0,6.85468099226458,0.13188367197773274,-0.017249248487579597,0.6387684456411368,0.09818130092429886,0.028967035004585397,0.5540231742408782
1779790158.5941336,10.0,10.0,6.763570673014193,0.13180135235618184,-0.017243177479962506,0.6386783416062005,0.09818130092429886,0.028300955424264605,0.5540231742408782
1779790158.6041136,10.0,10.0,6.700318125837441,0.13170541290912618,-0.017244782511502126,0.6386258923701378,0.09818130092429886,0.027597851958893596,0.5540231742408782
1779790158.6141918,10.0,10.0,6.681697018574011,0.13160041635921135,-0.01725129690551763,0.6386012345642046,0.09818130092429886,0.026931568624445915,0.5540231742408782
1779790158.6240978,10.0,10.0,6.7210254787042505,0.13149003650701946,-0.017261671478677302,0.638590514176221,0.09818130092429886,0.026252321734078057,0.5540231742408782
1779790158.6341004,10.0,10.0,6.799448398052297,0.13137259528985037,-0.017275576085193062,0.6385860032892711,0.09818130092429886,0.02557132036284488,0.5540231742408782
1779790158.6440983,10.0,10.0,6.904362476278629,0.13124660653417894,-0.017293011661999216,0.6385898194679952,0.09818130092429886,0.02487146683100696,0.5540231742408782
1779790158.654217,10.0,10.0,7.049288517513389,0.13113266284955974,-0.017309626327161376,0.6386077693272341,0.09818130092429886,0.024204701943133344,0.5540231742408782
1779790158.6641614,10.0,10.0,7.237244892301007,0.13103087768993668,-0.01732694535366142,0.6386308594282999,0.09818130092429886,0.02350526741603623,0.5540231742408782
1779790158.674117,10.0,10.0,7.423267392587796,0.1309443644622312,-0.01734867505865272,0.6386635563375298,0.09818130092429886,0.022789794574775292,0.5540231742408782
1779790158.6841042,10.0,10.0,7.605741284671442,0.1308660413822685,-0.017373346847111667,0.638696479158907,0.09818130092429886,0.022065736390673385,0.5540231742408782
1779790158.694127,10.0,10.0,7.780332488407935,0.1307940182659689,-0.017396110112191384,0.6387279211349189,0.09818130092429886,0.021355109611065584,0.5540231742408782
1779790158.7040904,10.0,10.0,7.947121360235661,0.13072946631349208,-0.01742112447950868,0.6387566222143888,0.09818130092429886,0.020655304208589534,0.5540231742408782
1779790158.7141194,10.0,10.0,8.097371582537978,0.13067703952327064,-0.017443438864663287,0.6387789726556452,0.09818130092429886,0.01998811310631326,0.5540231742408782
1779790158.724134,10.0,10.0,8.256156792360025,0.13063572571030704,-0.017459612358037977,0.6387951337585001,0.09818130092429886,0.019306969230600095,0.5540231742408782
1779790158.734116,10.0,10.0,8.421340529360451,0.13060994455655076,-0.017473233032652254,0.638804904854113,0.09818130092429886,0.018623420185833725,0.5540231742408782
1779790158.7441027,10.0,10.0,8.583738627692211,0.13060341654013646,-0.01747983513525929,0.63880731443292,0.09818130092429886,0.017954749933819028,0.5540231742408782
1779790158.7541378,10.0,10.0,8.731359165508858,0.13061374363428818,-0.017483408131322913,0.6387937906050631,0.09818130092429886,0.017283763626765154,0.5540231742408782
1779790158.764183,10.0,10.0,8.847205785232902,0.13063135958376396,-0.01748201183150066,0.6387634404335645,0.09818130092429886,0.017283763626765154,0.5540231742408782
1779790158.7741013,10.0,10.0,8.924135131583995,0.13065966917858374,-0.01747338659169561,0.6387063996505731,0.09818130092429886,0.01660983330965248,0.5540231742408782
1779790158.78413,10.0,10.0,9.000618990410947,0.1306980207372121,-0.017457911626273644,0.6386162067894775,0.09818130092429886,0.015899261934019623,0.5540231742408782
1779790158.794113,10.0,10.0,9.06322271911502,0.13074683960304162,-0.017437574010199193,0.638497326309336,0.09818130092429886,0.015195072407840729,0.5540231742408782
1779790158.8040817,10.0,10.0,9.092514757280501,0.13081010838088114,-0.017413013857464126,0.6383445126365904,0.09818130092429886,0.014517837597595092,0.5540231742408782
1779790158.814188,10.0,10.0,9.08945019517221,0.13088183852694057,-0.01738538402312827,0.6381625742184348,0.09818130092429886,0.013838169624025285,0.5540231742408782
1779790158.8241355,10.0,10.0,9.055689033248129,0.13095579930615234,-0.0173536782561825,0.637943684827064,0.09818130092429886,0.013173580884786365,0.5540231742408782
1779790158.8341205,10.0,10.0,8.984898103288327,0.1310357747865271,-0.017322603079008562,0.6376844838130633,0.09818130092429886,0.012507218763677283,0.5540231742408782
1779790158.8441148,10.0,10.0,8.886698574218519,0.13111695204509893,-0.01728608783094231,0.6373953731158789,0.09818130092429886,0.011808919855692426,0.5540231742408782
1779790158.8541176,10.0,10.0,8.747756437926839,0.131201817353287,-0.01724872402508665,0.637069511528612,0.09818130092429886,0.01110816953289812,0.5540231742408782
1779790158.8641186,10.0,10.0,8.58502030707407,0.13128476007481313,-0.017206200169367258,0.6367301524943807,0.09818130092429886,0.010433636007441236,0.5540231742408782
1779790158.8741343,10.0,10.0,8.403945982237067,0.13136568430794948,-0.017159439817874374,0.6363708257914558,0.09818130092429886,0.00975480299061394,0.5540231742408782
1779790158.884113,10.0,10.0,8.241019842045215,0.13144494876239102,-0.017111444043338638,0.6360062320980078,0.09818130092429886,0.009081073115080938,0.5540231742408782
1779790158.8941934,10.0,10.0,8.107156055963655,0.13151922658386753,-0.017063030994322704,0.6356400177759194,0.09818130092429886,0.008406061283793656,0.5540231742408782
1779790158.9041233,10.0,10.0,7.974188337541246,0.1315882107425866,-0.017017639656098715,0.6352669203299953,0.09818130092429886,0.007729658117742856,0.5540231742408782
1779790158.914163,10.0,10.0,7.849197917250452,0.13163090283832507,-0.016978117315664117,0.6349103865459227,0.09818130092429886,0.00705401703239727,0.5540231742408782
1779790158.9241598,10.0,10.0,7.716866271690527,0.1316494796764232,-0.016947090856318504,0.6345668968945726,0.09818130092429886,0.0063834400522506714,0.5540231742408782
1779790158.9341238,10.0,10.0,7.604520839477874,0.13165455855167058,-0.016923037136181124,0.6342580774878334,0.09818130092429886,0.005711734013134564,0.5540231742408782
1779790158.9440937,10.0,10.0,7.488729042279799,0.1316379939213462,-0.016904844514321896,0.6339859772463036,0.09818130092429886,0.00503280272407452,0.5540231742408782
1779790158.9541192,10.0,10.0,7.372457281352405,0.13161080933086625,-0.016892962509495815,0.6337508562102944,0.09818130092429886,0.004356307780981573,0.5540231742408782
1779790158.9641428,10.0,10.0,7.271783380206421,0.13156558268772056,-0.016892146446570874,0.6335677559896076,0.09818130092429886,0.0036769177366150884,0.5540231742408782
1779790158.9740953,10.0,10.0,7.162407229374644,0.1314913952225039,-0.016898556035289954,0.6334226421794608,0.09818130092429886,0.0029960946583616702,0.5540231742408782
1779790158.984179,10.0,10.0,7.052838001009232,0.1314037280335407,-0.01691455666764803,0.6333218626430953,0.09818130092429886,0.0029960946583616702,0.5540231742408782
1779790158.9941206,10.0,10.0,6.981747761184073,0.13130309001934123,-0.016937721087210696,0.6332668845516196,0.09818130092429886,0.0023228177574162127,0.5540231742408782
1779790159.0041072,10.0,10.0,6.950655106106225,0.1311891003453377,-0.016965922574139754,0.6332358594918278,0.09818130092429886,0.0016369507090542666,0.5540231742408782
1779790159.0141633,10.0,10.0,6.949899641810154,0.13107731936433273,-0.01699696516890671,0.6332156593174461,0.09818130092429886,0.0009665142848307943,0.5540231742408782
1779790159.0241246,10.0,10.0,6.977910250347572,0.1309577308219864,-0.017030760712932098,0.6331990560924633,0.09818130092429886,0.00029976505036649614,0.5540231742408782
1779790159.034119,10.0,10.0,7.049369707479439,0.1308282426920158,-0.017073094643480332,0.6331881675519787,0.09818130092429886,-0.00040965583216817647,0.5540231742408782
1779790159.0440993,10.0,10.0,7.174637668477338,0.1306961965478661,-0.017111973394895952,0.6331944353065112,0.09818130092429886,-0.001111429147470427,0.5540231742408782
1779790159.0541291,10.0,10.0,7.3437362386180105,0.13058066950633093,-0.01714845923579079,0.6332063686809519,0.09818130092429886,-0.0017783332922289528,0.5540231742408782
1779790159.0641463,10.0,10.0,7.540497243799997,0.13048533829697756,-0.017183448266670242,0.6332309462026364,0.09818130092429886,-0.0024673720720295497,0.5540231742408782
1779790159.0741332,10.0,10.0,7.7327151579747895,0.13040365756196118,-0.017217670045046426,0.6332629499813615,0.09818130092429886,-0.0031358607834694185,0.5540231742408782
1779790159.0842018,10.0,10.0,7.926791571816724,0.13033088493710174,-0.01724850121240824,0.6332938931506676,0.09818130092429886,-0.0038303163573152645,0.5540231742408782
1779790159.0941317,10.0,10.0,8.118100559332936,0.13026029778901088,-0.017285141274181928,0.6333231337207242,0.09818130092429886,-0.004514814869032718,0.5540231742408782
1779790159.1041098,10.0,10.0,8.314873785385144,0.13019720915242963,-0.017324648693589892,0.6333494244124492,0.09818130092429886,-0.005193116254514891,0.5540231742408782
1779790159.1141317,10.0,10.0,8.502901854509975,0.1301400551472947,-0.017363096985245473,0.6333746793252695,0.09818130092429886,-0.005876473301449052,0.5540231742408782
1779790159.1241179,10.0,10.0,8.674550613720088,0.1300948163965654,-0.01740359339602625,0.6333938960403921,0.09818130092429886,-0.006545389591281476,0.5540231742408782
1779790159.134112,10.0,10.0,8.830980432859935,0.13006364834522063,-0.017445339186361215,0.6334070508017772,0.09818130092429886,-0.007225195457745843,0.5540231742408782
1779790159.1441262,10.0,10.0,8.961154220884165,0.13004610677276784,-0.017488631304569482,0.6334162099205031,0.09818130092429886,-0.007919554772867939,0.5540231742408782
1779790159.1541493,10.0,10.0,9.08002285069448,0.13004954434560997,-0.017535503304211688,0.6334149244445332,0.09818130092429886,-0.008597381749634356,0.5540231742408782
1779790159.164166,10.0,10.0,9.200866848235991,0.13006696300861909,-0.017589871260494917,0.6334013394335531,0.09818130092429886,-0.00928174944821436,0.5540231742408782
1779790159.1741138,10.0,10.0,9.27984238864059,0.13009782159382963,-0.01764781796022331,0.6333714294044588,0.09818130092429886,-0.009951987379415474,0.5540231742408782
1779790159.184119,10.0,10.0,9.326562743367912,0.13014296955037105,-0.017716371026344588,0.6333227266026585,0.09818130092429886,-0.01064902121914144,0.5540231742408782
1779790159.1941302,10.0,10.0,9.35291571547076,0.1301998365236259,-0.017784541134891228,0.6332360238077132,0.09818130092429886,-0.01064902121914144,0.5540231742408782
1779790159.2041268,10.0,10.0,9.357558028353619,0.13025898417141024,-0.017854055465325196,0.6331227580875971,0.09818130092429886,-0.011316660749371514,0.5540231742408782
1779790159.2141194,10.0,10.0,9.339242753602521,0.13031885779101976,-0.017924432812074908,0.6329805624617547,0.09818130092429886,-0.0120299373069073,0.5540231742408782
1779790159.2241147,10.0,10.0,9.302151595238465,0.1303880278401444,-0.0179980642048026,0.6328024060291386,0.09818130092429886,-0.012735702306500968,0.5540231742408782
1779790159.234119,10.0,10.0,9.235140089260176,0.13046397733859705,-0.01807369925695577,0.632591529692259,0.09818130092429886,-0.013402065661696121,0.5540231742408782
1779790159.2441077,10.0,10.0,9.14921334848938,0.13054807730785462,-0.018148059842533065,0.632351962297523,0.09818130092429886,-0.014092143671981406,0.5540231742408782
1779790159.254148,10.0,10.0,9.009677097414869,0.13062935056886968,-0.01822532487208743,0.6320935208188346,0.09818130092429886,-0.014762847568150814,0.5540231742408782
1779790159.264153,10.0,10.0,8.831484519283714,0.13071360678203647,-0.0183080595777421,0.6318123498250839,0.09818130092429886,-0.015486932447485464,0.5540231742408782
1779790159.2741156,10.0,10.0,8.6527668669726,0.13079483346499926,-0.018391879032416385,0.6315221889792314,0.09818130092429886,-0.016177302676392568,0.5540231742408782
1779790159.2841332,10.0,10.0,8.462512850564186,0.13087236363002666,-0.018474125433637707,0.6312186485550795,0.09818130092429886,-0.01684380463895353,0.5540231742408782
1779790159.294136,10.0,10.0,8.286942605047736,0.13094753765030936,-0.018554388361215545,0.6309252982871887,0.09818130092429886,-0.017524671299935075,0.5540231742408782
1779790159.3041015,10.0,10.0,8.103040752491061,0.1310154062576314,-0.018631653062855188,0.6306283539700216,0.09818130092429886,-0.018212592712109156,0.5540231742408782
1779790159.3141127,10.0,10.0,7.91903132186194,0.1310620204377469,-0.018710869667041597,0.6303373231689806,0.09818130092429886,-0.018924657591851995,0.5540231742408782
1779790159.3241315,10.0,10.0,7.731615107371097,0.13109226356387702,-0.018787800506713956,0.6300462852303127,0.09818130092429886,-0.019644163167008656,0.5540231742408782
1779790159.334167,10.0,10.0,7.572209590409867,0.13111017442853906,-0.018867024344812074,0.6297667154323151,0.09818130092429886,-0.02034570934549803,0.5540231742408782
1779790159.344168,10.0,10.0,7.433643800031471,0.1311063498059161,-0.01894751272848812,0.6295079915616353,0.09818130092429886,-0.02101955048364499,0.5540231742408782
1779790159.3541355,10.0,10.0,7.302590011737133,0.13108220715589666,-0.019027685656989066,0.6292695197383621,0.09818130092429886,-0.02168667332146847,0.5540231742408782
1779790159.3641622,10.0,10.0,7.177234348381026,0.1310375305234021,-0.019106790471820585,0.6290491437868581,0.09818130092429886,-0.02168667332146847,0.5540231742408782
1779790159.3741357,10.0,10.0,7.073724200462502,0.13096738515920717,-0.019189247463031533,0.628859974732126,0.09818130092429886,-0.02237302055926599,0.5540231742408782
1779790159.3841097,10.0,10.0,6.97339062474445,0.13087451252511395,-0.019276568142531866,0.6287097641097803,0.09818130092429886,-0.023065620197369918,0.5540231742408782
1779790159.3941274,10.0,10.0,6.885300800449065,0.13076408047865626,-0.019363565778798227,0.6285867411612326,0.09818130092429886,-0.023732951920521,0.5540231742408782
1779790159.4041154,10.0,10.0,6.839040548688178,0.13064891696157965,-0.019454835504037118,0.6285003020183572,0.09818130092429886,-0.024429538696283056,0.5540231742408782
1779790159.414144,10.0,10.0,6.844717918501091,0.13051913059679668,-0.01955214712074097,0.6284515520932438,0.09818130092429886,-0.02511460722592137,0.5540231742408782
1779790159.4241185,10.0,10.0,6.892742913258696,0.1303850801218874,-0.019646810046765308,0.6284271458084576,0.09818130092429886,-0.02579957618428872,0.5540231742408782
1779790159.4341586,10.0,10.0,6.969796042024646,0.13024776173890662,-0.019745938560832257,0.6284155897713659,0.09818130092429886,-0.026507577153221495,0.5540231742408782
1779790159.4440923,10.0,10.0,7.070160925385948,0.13010725490327793,-0.019850933629541746,0.6284143518495097,0.09818130092429886,-0.027190315987921237,0.5540231742408782
1779790159.4541223,10.0,10.0,7.1992761062835395,0.12998894578291287,-0.01996475109036714,0.62842460218241,0.09818130092429886,-0.027865033067462415,0.5540231742408782
1779790159.4641812,10.0,10.0,7.375664399297582,0.12988753878981557,-0.02008023229202444,0.6284558977466742,0.09818130092429886,-0.02853082250762253,0.5540231742408782
1779790159.4741104,10.0,10.0,7.5394401315628,0.12979337307437958,-0.020193447631792268,0.6284951051316754,0.09818130092429886,-0.029242340102611394,0.5540231742408782
1779790159.4840918,10.0,10.0,7.687732785657714,0.1297094741479438,-0.0203131726943883,0.6285286998107474,0.09818130092429886,-0.02993355951272829,0.5540231742408782
1779790159.4941354,10.0,10.0,7.856695125064722,0.1296299496191774,-0.02044656519967117,0.6285618449476753,0.09818130092429886,-0.030617182083051066,0.5540231742408782
1779790159.5041356,10.0,10.0,8.017524750894225,0.12955994664324727,-0.020586087494692994,0.6285888644166735,0.09818130092429886,-0.03129483206587548,0.5540231742408782
1779790159.5141475,10.0,10.0,8.15696923041413,0.1294976762965218,-0.02072206976476328,0.6286131998823886,0.09818130092429886,-0.03196561143615907,0.5540231742408782
1779790159.5241432,10.0,10.0,8.28278648475161,0.1294480115494506,-0.0208699360054697,0.628629358401192,0.09818130092429886,-0.032648281291934776,0.5540231742408782
1779790159.5341434,10.0,10.0,8.410053066089171,0.12941139628161807,-0.021021260934823635,0.6286374313777798,0.09818130092429886,-0.03332103052360189,0.5540231742408782
1779790159.544109,10.0,10.0,8.527931541312917,0.1293927090767577,-0.021181998842534806,0.6286359023882304,0.09818130092429886,-0.03399639439421587,0.5540231742408782
1779790159.5541475,10.0,10.0,8.641590392564229,0.12938906262226524,-0.021340140602407964,0.6286199065168481,0.09818130092429886,-0.034672686232701026,0.5540231742408782
1779790159.5640993,10.0,10.0,8.727130244655715,0.129410313747333,-0.021499778630350026,0.6285834581084037,0.09818130092429886,-0.034672686232701026,0.5540231742408782
1779790159.5741122,10.0,10.0,8.796969566560492,0.129452142158222,-0.02166041196986057,0.6285252214313721,0.09818130092429886,-0.03534346755154148,0.5540231742408782
1779790159.5841534,10.0,10.0,8.851479134586477,0.12950832084472785,-0.02182137216017758,0.6284393271789536,0.09818130092429886,-0.036048469885863424,0.5540231742408782
1779790159.594263,10.0,10.0,8.86683552077115,0.1295725042674984,-0.021982393763892428,0.6283217139254621,0.09818130092429886,-0.03671503173408094,0.5540231742408782
1779790159.6041465,10.0,10.0,8.84205190478587,0.12963980409282644,-0.02214284518608815,0.6281727136247368,0.09818130092429886,-0.03739258214563439,0.5540231742408782
1779790159.6141033,10.0,10.0,8.778151624051654,0.12971417078342612,-0.022298811497528794,0.6279834282617177,0.09818130092429886,-0.038077690360887116,0.5540231742408782
1779790159.6241186,10.0,10.0,8.687288128149415,0.12979453693791296,-0.022462372419511354,0.6277586373986883,0.09818130092429886,-0.03877652940891624,0.5540231742408782
1779790159.6341105,10.0,10.0,8.575256214967034,0.12987531532169755,-0.02261593108514889,0.6275124671064501,0.09818130092429886,-0.039450947774645445,0.5540231742408782
1779790159.6441126,10.0,10.0,8.421949869833956,0.1299611328760644,-0.022761795906740045,0.627253007055114,0.09818130092429886,-0.04011840829742452,0.5540231742408782
1779790159.654111,10.0,10.0,8.261614535861904,0.13004902644910105,-0.022909612294757548,0.6269769336576544,0.09818130092429886,-0.04078560660936172,0.5540231742408782
1779790159.664105,10.0,10.0,8.104058329623973,0.13013324046589442,-0.023055148071174775,0.6267032319839385,0.09818130092429886,-0.04147138188068152,0.5540231742408782
1779790159.6741445,10.0,10.0,7.943164547573247,0.13021477588782313,-0.023207222441499885,0.6264189765419017,0.09818130092429886,-0.04215085201074763,0.5540231742408782
1779790159.68415,10.0,10.0,7.79929667092778,0.13028407848024529,-0.02336068256384732,0.6261371631782002,0.09818130092429886,-0.0428166563898458,0.5540231742408782
1779790159.6941218,10.0,10.0,7.650512934060581,0.13033789253060893,-0.02352424459781607,0.6258583878823942,0.09818130092429886,-0.04349548096292564,0.5540231742408782
1779790159.7041667,10.0,10.0,7.4994404045375065,0.13036857589119447,-0.02369559181825132,0.6255920505649735,0.09818130092429886,-0.044180933423275774,0.5540231742408782
1779790159.7140903,10.0,10.0,7.3446772066363755,0.13038336861704308,-0.023867139761347262,0.6253484857026865,0.09818130092429886,-0.04487006527915673,0.5540231742408782
1779790159.724097,10.0,10.0,7.185843387852174,0.13037828295526555,-0.024041375492094303,0.6251262482150792,0.09818130092429886,-0.04556233171398668,0.5540231742408782
1779790159.7341053,10.0,10.0,7.048802425034163,0.13034833898534906,-0.024219053135236885,0.6249318144248605,0.09818130092429886,-0.04624902189784432,0.5540231742408782
1779790159.7440996,10.0,10.0,6.9158954037940354,0.13030449848034362,-0.024404097328163538,0.6247668112969917,0.09818130092429886,-0.04694185321939441,0.5540231742408782
1779790159.7540889,10.0,10.0,6.8100075915618445,0.13023488417054968,-0.024591211648835026,0.6246344634691928,0.09818130092429886,-0.047617506061035125,0.5540231742408782
1779790159.7641737,10.0,10.0,6.726648374934654,0.13015214340769346,-0.02478670446906772,0.624537848657438,0.09818130092429886,-0.048287576091560806,0.5540231742408782
1779790159.7741876,10.0,10.0,6.663862933582106,0.13005905123069303,-0.02499264938817879,0.6244733130537213,0.09818130092429886,-0.04896248575350162,0.5540231742408782
1779790159.784145,10.0,10.0,6.631122982643738,0.12995761123575902,-0.025209181561592048,0.6244294961960706,0.09818130092429886,-0.04963444432562514,0.5540231742408782
1779790159.794126,10.0,10.0,6.616740238327407,0.12984762788494678,-0.02543088732531057,0.6243979971316794,0.09818130092429886,-0.04963444432562514,0.5540231742408782
1779790159.8041909,10.0,10.0,6.6176208256284115,0.1297251902927571,-0.025655636109695238,0.6243725646372809,0.09818130092429886,-0.05029984522348801,0.5540231742408782
1779790159.8141043,10.0,10.0,6.6557329511342065,0.12958878999576975,-0.025885723084504438,0.6243607333039635,0.09818130092429886,-0.05101369446197276,0.5540231742408782
1779790159.8241153,10.0,10.0,6.724225227736912,0.12943067281668846,-0.026120505080422882,0.6243703830523648,0.09818130092429886,-0.05169093381885215,0.5540231742408782
1779790159.8341703,10.0,10.0,6.819195781284039,0.12926790676365138,-0.026360029388914425,0.6243970887189112,0.09818130092429886,-0.05237031873201838,0.5540231742408782
1779790159.8441904,10.0,10.0,6.9452577836307405,0.12912421236211233,-0.02660358564201556,0.624436980621215,0.09818130092429886,-0.05307128638388775,0.5540231742408782
1779790159.8541112,10.0,10.0,7.098996606431726,0.129000944981982,-0.026850914640605933,0.6244968734601501,0.09818130092429886,-0.05374055406352776,0.5540231742408782
1779790159.8641188,10.0,10.0,7.24014773039123,0.12890081825483238,-0.02711009732968687,0.6245601251510169,0.09818130092429886,-0.05443706601469428,0.5540231742408782
1779790159.874075,10.0,10.0,7.39119212485885,0.12880042150185478,-0.027383957315251714,0.6246174835738814,0.09818130092429886,-0.05510338708619905,0.5540231742408782
1779790159.8841264,10.0,10.0,7.545622685846532,0.12870017204715034,-0.027669902746867005,0.624661214192554,0.09818130092429886,-0.05580568943477046,0.5540231742408782
1779790159.8940942,10.0,10.0,7.688033201216615,0.1285998319598586,-0.02795338085009693,0.6246915954275417,0.09818130092429886,-0.056482969126782905,0.5540231742408782
1779790159.9041173,10.0,10.0,7.825625515620817,0.12850441813941668,-0.02824505093496446,0.6247117149206359,0.09818130092429886,-0.05716032630641807,0.5540231742408782
1779790159.9142258,10.0,10.0,7.960881819027657,0.1284207438414423,-0.028546183099096997,0.6247332960625305,0.09818130092429886,-0.05785201492909833,0.5540231742408782
1779790159.924088,10.0,10.0,8.094269875642302,0.12835037112723768,-0.028853698695388744,0.6247497743687291,0.09818130092429886,-0.05852861782225802,0.5540231742408782
1779790159.9341779,10.0,10.0,8.235556834361116,0.1282996509989809,-0.029168089625614863,0.6247596597185836,0.09818130092429886,-0.059197732605112796,0.5540231742408782
1779790159.944139,10.0,10.0,8.370552374212437,0.1282654869578602,-0.029496048792468373,0.6247557825076674,0.09818130092429886,-0.05987763414573395,0.5540231742408782
1779790159.9541073,10.0,10.0,8.491233853756977,0.1282560648790931,-0.02983517351404696,0.6247397253437014,0.09818130092429886,-0.060550706123418126,0.5540231742408782
1779790159.9640868,10.0,10.0,8.605915196280801,0.12826676378298257,-0.03017520902111864,0.6247158537932341,0.09818130092429886,-0.06125469975465063,0.5540231742408782
1779790159.974136,10.0,10.0,8.684742218518496,0.12829702483041144,-0.03051094094732982,0.6246662785976856,0.09818130092429886,-0.06192614221893544,0.5540231742408782
1779790159.9841084,10.0,10.0,8.727121957556701,0.12833966776481548,-0.030853634757524593,0.6245952665034812,0.09818130092429886,-0.06259818535843971,0.5540231742408782
1779790159.9941108,10.0,10.0,8.736507451902506,0.12839780185844477,-0.03119836661689281,0.6244923439909227,0.09818130092429886,-0.06259818535843971,0.5540231742408782
1779790160.0040975,10.0,10.0,8.733118651714639,0.12847009306662108,-0.03154509897539629,0.6243647137855911,0.09818130092429886,-0.06327917042674493,0.5540231742408782
1779790160.014123,10.0,10.0,8.692371967058845,0.12855555480786202,-0.03188261988189665,0.6242100877404338,0.09818130092429886,-0.06399223290280072,0.5540231742408782
1779790160.0241258,10.0,10.0,8.606545983426914,0.12864793880859915,-0.032221750537229026,0.6240357933791879,0.09818130092429886,-0.06469012514690686,0.5540231742408782
1779790160.03407,10.0,10.0,8.45930828908714,0.12874488260073325,-0.03255343201186868,0.6238368509180284,0.09818130092429886,-0.06536281449291696,0.5540231742408782
1779790160.0441647,10.0,10.0,8.281932712614985,0.12885070316926286,-0.03288977805678105,0.6236230413966297,0.09818130092429886,-0.06604576221294431,0.5540231742408782
1779790160.0541196,10.0,10.0,8.099479514820034,0.12894993853814946,-0.03321698393459808,0.6233973570891513,0.09818130092429886,-0.06671348696007379,0.5540231742408782
1779790160.0641263,10.0,10.0,7.89874818613824,0.12904176773197013,-0.03352875644198967,0.6231768201522146,0.09818130092429886,-0.06737983472681178,0.5540231742408782
1779790160.0741007,10.0,10.0,7.686075191721599,0.129124553464199,-0.033840426276606564,0.6229637411889999,0.09818130092429886,-0.0680694532673189,0.5540231742408782
1779790160.0841992,10.0,10.0,7.481453456445697,0.12919468556564326,-0.03416726051017731,0.6227597488376223,0.09818130092429886,-0.06874866053702448,0.5540231742408782
1779790160.0941374,10.0,10.0,7.278950385424107,0.12923876912480609,-0.034505444205042216,0.622568831571219,0.09818130092429886,-0.06942267737007478,0.5540231742408782
1779790160.104172,10.0,10.0,7.08266018686128,0.1292647415210821,-0.03484236706074583,0.6223999247440561,0.09818130092429886,-0.07010320498211084,0.5540231742408782
1779790160.1141202,10.0,10.0,6.887365938686249,0.12926843566360716,-0.03517500106721887,0.6222662412267301,0.09818130092429886,-0.07078932904516226,0.5540231742408782
1779790160.124133,10.0,10.0,6.687465971810836,0.1292463476069597,-0.03552222888674048,0.6221557460106091,0.09818130092429886,-0.07147901136844012,0.5540231742408782
1779790160.134145,10.0,10.0,6.504176006352918,0.12921156049132318,-0.03587531251525388,0.622063672429122,0.09818130092429886,-0.0721652811835666,0.5540231742408782
1779790160.1440914,10.0,10.0,6.345816400370426,0.12915417490417178,-0.03622153158995411,0.6219821106842964,0.09818130092429886,-0.07283314843517699,0.5540231742408782
1779790160.1541696,10.0,10.0,6.214442755084668,0.1290760369278341,-0.03655764782402246,0.6219013788471914,0.09818130092429886,-0.07351018027071866,0.5540231742408782
1779790160.1642337,10.0,10.0,6.106782961535759,0.1289746524235261,-0.03689901507320026,0.6218311885605354,0.09818130092429886,-0.07418548685375206,0.5540231742408782
1779790160.174112,10.0,10.0,6.0217238357227805,0.12885490312157383,-0.03725816486235832,0.6217682299710953,0.09818130092429886,-0.07489252146823835,0.5540231742408782
1779790160.1841135,10.0,10.0,6.009279091747332,0.12871470483314773,-0.037626008080960116,0.6217129103294179,0.09818130092429886,-0.07556265073490194,0.5540231742408782
1779790160.194112,10.0,10.0,6.01805266165419,0.12855818382329964,-0.03799147017658614,0.6216804050806057,0.09818130092429886,-0.07626219392653658,0.5540231742408782
1779790160.204134,10.0,10.0,6.0556005674116555,0.12837929668038542,-0.038356735983657776,0.621669917051786,0.09818130092429886,-0.07626219392653658,0.5540231742408782
1779790160.2141602,10.0,10.0,6.1174565988933995,0.1281928382168033,-0.03873197233062208,0.6216838782809865,0.09818130092429886,-0.0769290811188476,0.5540231742408782
1779790160.224117,10.0,10.0,6.203014654579755,0.12799191272086174,-0.039121902981366155,0.6217192310435942,0.09818130092429886,-0.07762851759450203,0.5540231742408782
1779790160.2341082,10.0,10.0,6.325520952966098,0.12779117235616314,-0.0395222462274802,0.6217719009315432,0.09818130092429886,-0.07829956248817423,0.5540231742408782
1779790160.2441065,10.0,10.0,6.496114398311324,0.12761264108740974,-0.03993247496119678,0.6218448424737261,0.09818130092429886,-0.07897720526133725,0.5540231742408782
1779790160.2541075,10.0,10.0,6.669636531957614,0.1274502074510933,-0.04035419571197861,0.6219351965228349,0.09818130092429886,-0.07964349710448454,0.5540231742408782
1779790160.2641516,10.0,10.0,6.831900974836938,0.12729835406784326,-0.04078525652768507,0.6220294826950229,0.09818130092429886,-0.0803074832848979,0.5540231742408782
1779790160.2741024,10.0,10.0,7.013235231858765,0.12715177872590086,-0.04123036090716682,0.6221114242918665,0.09818130092429886,-0.08101941865054195,0.5540231742408782
1779790160.284078,10.0,10.0,7.206750299663279,0.12700520542474747,-0.0416792129269813,0.6221794774505589,0.09818130092429886,-0.08172317416808983,0.5540231742408782
1779790160.294092,10.0,10.0,7.39946020587031,0.12686817917423573,-0.042137473241431814,0.6222327771220114,0.09818130092429886,-0.08243069027104992,0.5540231742408782
1779790160.304122,10.0,10.0,7.574270667094314,0.1267395551527432,-0.04258312270229297,0.6222652037784325,0.09818130092429886,-0.08311089513706847,0.5540231742408782
1779790160.3141584,10.0,10.0,7.760304794571996,0.12662181900536593,-0.04304046750021403,0.622276476935476,0.09818130092429886,-0.08379087611386966,0.5540231742408782
1779790160.3241615,10.0,10.0,7.92896810276797,0.12650686025745128,-0.04349221578639813,0.6222771913075728,0.09818130092429886,-0.08445429091237272,0.5540231742408782
1779790160.3342102,10.0,10.0,8.086257522965806,0.12641011032048838,-0.04395998157164854,0.6222724777509084,0.09818130092429886,-0.0851233913408564,0.5540231742408782
1779790160.344183,10.0,10.0,8.257414420819424,0.1263250121797176,-0.04442575717353674,0.6222705271959796,0.09818130092429886,-0.08579934354582866,0.5540231742408782
1779790160.3540947,10.0,10.0,8.395086943707668,0.12627091306134888,-0.04489782162508411,0.6222588027552465,0.09818130092429886,-0.0864660843365455,0.5540231742408782
1779790160.3641088,10.0,10.0,8.537337815633968,0.12624412686306508,-0.045360662060262354,0.6222302103239347,0.09818130092429886,-0.08716921767979263,0.5540231742408782
1779790160.3741093,10.0,10.0,8.656840914962416,0.1262326982812071,-0.045830086216299804,0.6221909675383323,0.09818130092429886,-0.08783502465696678,0.5540231742408782
1779790160.3840678,10.0,10.0,8.760144191817256,0.12624749099825314,-0.046309258090641285,0.6221274696823953,0.09818130092429886,-0.08853830381724158,0.5540231742408782
1779790160.3941226,10.0,10.0,8.816393342781359,0.12627297911953628,-0.04679421005750202,0.6220401636009824,0.09818130092429886,-0.089204366510067,0.5540231742408782
1779790160.4041212,10.0,10.0,8.821195271048358,0.1263013297795133,-0.047262850471083945,0.6219287553981618,0.09818130092429886,-0.08988103000335401,0.5540231742408782
1779790160.4142356,10.0,10.0,8.79398462542792,0.1263464134915565,-0.047727092694856366,0.6217946419950173,0.09818130092429886,-0.09055170330717605,0.5540231742408782
1779790160.4241366,10.0,10.0,8.739181170374694,0.1264059512854587,-0.0482096767532769,0.6216336104383057,0.09818130092429886,-0.09055170330717605,0.5540231742408782
1779790160.4341102,10.0,10.0,8.662399518826755,0.12647581576986802,-0.048685098717308875,0.6214474260739333,0.09818130092429886,-0.0912329479882467,0.5540231742408782
1779790160.4441285,10.0,10.0,8.536972213187312,0.12655548579864945,-0.049157644428758404,0.621250264790544,0.09818130092429886,-0.09190952425112486,0.5540231742408782
1779790160.4540899,10.0,10.0,8.362946269569074,0.12664042530691855,-0.0496222314488729,0.6210546395721703,0.09818130092429886,-0.09257560324687869,0.5540231742408782
1779790160.46407,10.0,10.0,8.178203214473218,0.12673307517299334,-0.05009414078937644,0.6208677316333817,0.09818130092429886,-0.09328155303464272,0.5540231742408782
1779790160.4740894,10.0,10.0,7.983561908188904,0.12682195819102435,-0.05056510402217193,0.6206849916372466,0.09818130092429886,-0.09397749042125556,0.5540231742408782
1779790160.4840953,10.0,10.0,7.789393070200898,0.1269015160116666,-0.051021743612711716,0.6205185329587518,0.09818130092429886,-0.09466599295812607,0.5540231742408782
1779790160.4941125,10.0,10.0,7.580849227107061,0.12696310483475937,-0.05148918415049657,0.6203679141020196,0.09818130092429886,-0.09538867032967306,0.5540231742408782
1779790160.504129,10.0,10.0,7.3599196644033285,0.12699024092207606,-0.051964960723448216,0.6202264380913229,0.09818130092429886,-0.09607004907147623,0.5540231742408782
1779790160.514117,10.0,10.0,7.134687549945935,0.12699927910519354,-0.052446036018657896,0.6201015864600936,0.09818130092429886,-0.09675150659994035,0.5540231742408782
1779790160.5241265,10.0,10.0,6.918856783648844,0.12699731178467794,-0.05293554230251255,0.6199881068354806,0.09818130092429886,-0.09743908181845923,0.5540231742408782
1779790160.5341697,10.0,10.0,6.734235948201187,0.12697742526603076,-0.053406485063759467,0.6198815501742115,0.09818130092429886,-0.09810671810109378,0.5540231742408782
1779790160.544173,10.0,10.0,6.563980967073531,0.12693315727931037,-0.0538796430213768,0.6197751943049479,0.09818130092429886,-0.09877978286911657,0.5540231742408782
1779790160.554096,10.0,10.0,6.400027665817589,0.12686003318247197,-0.05434512553647258,0.6196762006532545,0.09818130092429886,-0.09944925683600775,0.5540231742408782
1779790160.5641186,10.0,10.0,6.276360785491824,0.12675462251197187,-0.05482192879453786,0.619581652718199,0.09818130092429886,-0.10012761356051364,0.5540231742408782
1779790160.5740943,10.0,10.0,6.1773892549916685,0.12661988609161964,-0.05529731519437797,0.6194996854902757,0.09850262019929915,-0.10024016027343187,0.5540231742408782
1779790160.5841095,10.0,10.0,6.077322259618146,0.1264663209693739,-0.05577570137397304,0.6194295066058289,0.09908953472429913,-0.09990130501443184,0.5540231742408782
1779790160.5941365,10.0,10.0,6.014719248666641,0.1262856693866443,-0.056246772087321546,0.6193789638923147,0.09967805541179889,-0.09956152243708018,0.5540231742408782
1779790160.6041613,10.0,10.0,5.977040362129741,0.126095832803381,-0.05672950467851882,0.6193496686022285,0.10026004266179886,-0.09922551194162776,0.5540231742408782
1779790160.6141682,10.0,10.0,5.997679774473863,0.12590285811941876,-0.05721323972193616,0.6193370905157474,0.10084758893054893,-0.09888629194520354,0.5540231742408782
1779790160.6241891,10.0,10.0,6.065999654196966,0.12569222918610615,-0.057712984290899695,0.6193506256387037,0.10143352059929892,-0.09854800413852402,0.5540231742408782
1779790160.634125,10.0,10.0,6.149090767627131,0.12546748934100777,-0.05821393923454692,0.6193856864932731,0.10143352059929892,-0.09854800413852402,0.5540231742408782
1779790160.6441655,10.0,10.0,6.265329076247721,0.12523535923840504,-0.05871180495170668,0.6194438870240816,0.1020112585555488,-0.09821444697396209,0.5540231742408782
1779790160.654101,10.0,10.0,6.423663915860525,0.1250146519995276,-0.059215186952642614,0.6195208203497333,0.10263486124304919,-0.09785440979446636,0.5540231742408782
1779790160.66414,10.0,10.0,6.60329371528751,0.12482024124367745,-0.05971356568202468,0.6196140046286965,0.1032549038680492,-0.09749642801801356,0.5540231742408782
1779790160.674139,10.0,10.0,6.82230203997404,0.12464831230080474,-0.06019459891485531,0.619720770185335,0.10385616506804915,-0.09714928970234031,0.5540231742408782
1779790160.6840906,10.0,10.0,7.064017477979967,0.1244862441193741,-0.06066939737902425,0.6198169763955228,0.10445424549929913,-0.09680398780436109,0.5540231742408782
1779790160.6941144,10.0,10.0,7.2916724851886885,0.12432049063073101,-0.061136671275721366,0.6199051698358528,0.1050370803805491,-0.09646748792877832,0.5540231742408782
1779790160.7041256,10.0,10.0,7.4889515608983315,0.12415720721739082,-0.06161297235121714,0.6199724069863517,0.10562182911179913,-0.09612988309138282,0.5540231742408782
1779790160.7141194,10.0,10.0,7.706270783564715,0.12400471822848548,-0.06207934647235741,0.6200176240526999,0.10621045346804889,-0.09579004066085045,0.5540231742408782
1779790160.7241423,10.0,10.0,7.94538001781887,0.12385860702203175,-0.06254191372343071,0.620035954470444,0.10678974465554919,-0.09545558673780798,0.5540231742408782
1779790160.7341857,10.0,10.0,8.15843741526491,0.12372354178248453,-0.06299286611002379,0.6200323323564709,0.10738419347429884,-0.09511238155228341,0.5540231742408782
1779790160.7441263,10.0,10.0,8.349466783574226,0.12360859846914421,-0.06342954181873364,0.6200141201675732,0.10797217821179902,-0.09477290840580828,0.5540231742408782
1779790160.7541707,10.0,10.0,8.533514710022525,0.12351603228598085,-0.06385059080253733,0.6199963623353327,0.10856355443054908,-0.09443147718672061,0.5540231742408782
1779790160.7641864,10.0,10.0,8.696724123928268,0.123446376938704,-0.06426401585733844,0.6199745605753706,0.10914735360554906,-0.09409442057588169,0.5540231742408782
1779790160.774085,10.0,10.0,8.845496463616074,0.12340045572445275,-0.06466674662409488,0.6199424724731053,0.10972531976804886,-0.09376073165637994,0.5540231742408782
1779790160.784069,10.0,10.0,9.002112451132625,0.1233873667421377,-0.06507360724337356,0.619890412411594,0.11031349783679886,-0.09342114689005568,0.5540231742408782
1779790160.7941096,10.0,10.0,9.145408890395977,0.12338158346798848,-0.06546527113782642,0.6198167616433391,0.11090093419304903,-0.09308199035164287,0.5540231742408782
1779790160.8040898,10.0,10.0,9.238248396319307,0.12339452492803765,-0.06585862503889475,0.6197221454827319,0.1114931766617992,-0.09274005900288444,0.5540231742408782
1779790160.814184,10.0,10.0,9.298481361422596,0.12342260899125011,-0.0662360680222293,0.6196040897191039,0.11207171151179887,-0.09240604175150154,0.5540231742408782
1779790160.8241088,10.0,10.0,9.324313185556381,0.12346959019124426,-0.06660436032130697,0.6194642636869452,0.11266226383679886,-0.09206508620769223,0.5540231742408782
1779790160.8341072,10.0,10.0,9.301116707410346,0.12352914036832571,-0.06695981131520491,0.6193012020779916,0.11324637013679911,-0.09172785227815174,0.5540231742408782
1779790160.844102,10.0,10.0,9.236730516598609,0.12360450813239579,-0.06728730766260745,0.6191195547358563,0.11324637013679911,-0.09172785227815174,0.5540231742408782
1779790160.8541045,10.0,10.0,9.148728183646826,0.12368947272680611,-0.06760057346068865,0.6189093796882049,0.11382986775554912,-0.0913909697708949,0.5540231742408782
1779790160.8641307,10.0,10.0,8.996130263937673,0.12377288195200639,-0.06789315148670791,0.6186806588223026,0.11442321986804899,-0.0910483977690189,0.5540231742408782
1779790160.8741856,10.0,10.0,8.787443837635491,0.12386330702171033,-0.06817982112653866,0.6184366761627308,0.11502981182429897,-0.09069818173978969,0.5540231742408782
1779790160.8840938,10.0,10.0,8.556945563748364,0.12394366107661889,-0.06844212533402576,0.6181850801438092,0.11561497084304898,-0.09036034002279564,0.5540231742408782
1779790160.8941514,10.0,10.0,8.296069208036927,0.12402282772680326,-0.06869491613800882,0.6179467993405324,0.11619242985554917,-0.09002694390648268,0.5540231742408782
1779790160.90417,10.0,10.0,8.023406768349883,0.12409888031890402,-0.06894151041485953,0.617724393842454,0.11678943107429898,-0.08968226509213094,0.5540231742408782
1779790160.9141877,10.0,10.0,7.748092642987039,0.12415863577618948,-0.06918459911666854,0.6175230636179583,0.11738219087429899,-0.08934003506203615,0.5540231742408782
