t_sec,T_des_target_N,T_des_active_N,T_meas_N,ee_x_m,ee_y_m,ee_z_m,ee_des_x_m,ee_des_y_m,ee_des_z_m
1779791022.0754538,10.0,0.020071581999999998,0.0029614375390761313,0.24913154828582118,-0.011667414277917445,0.5546714337481253,0.2491239574704613,-0.011671306060309281,0.5546728305196915
1779791022.0854936,10.0,0.039970116,0.013899867461004129,0.2491516099789287,-0.01165164238881886,0.5546654872529777,0.2491239574704613,-0.011671306060309281,0.5546728305196915
1779791022.0955749,10.0,0.05999272600000001,0.028445363058171805,0.24918322300075516,-0.011621645050251244,0.5546571052569176,0.2491239574704613,-0.011671306060309281,0.5546728305196915
1779791022.105497,10.0,0.07991668800000001,0.09175583742280972,0.24922267594334943,-0.011590177027501444,0.5546486394683161,0.2491239574704613,-0.011671306060309281,0.5546728305196915
1779791022.1155205,10.0,0.09996033600000001,0.16127589703503006,0.24926758426454146,-0.011567266983269632,0.5546291803830398,0.2491239574704613,-0.011671306060309281,0.5546728305196915
1779791022.1255565,10.0,0.12010916400000005,0.22600032609778153,0.2493083349613208,-0.011546160551822327,0.5546145736195112,0.2491239574704613,-0.011671306060309281,0.5546728305196915
1779791022.135471,10.0,0.13999128800000005,0.3221934260630474,0.24934461543199982,-0.01152960670141241,0.5545978671858146,0.2491239574704613,-0.011671306060309281,0.5546728305196915
1779791022.1455164,10.0,0.15995372400000007,0.4227777596984269,0.2493788746985625,-0.011517128790034992,0.5545774247732199,0.2491239574704613,-0.011671306060309281,0.5546728305196915
1779791022.1555028,10.0,0.1799640700000001,0.5132639701248899,0.24941187715776555,-0.011503520073143404,0.5545517101909682,0.2491239574704613,-0.011671306060309281,0.5546728305196915
1779791022.1654556,10.0,0.1999103940000001,0.6025070081794278,0.2494445918127202,-0.011494899488725306,0.5545297446002019,0.2491239574704613,-0.011671306060309281,0.5546728305196915
1779791022.1755328,10.0,0.22011154000000005,0.6760172608654123,0.2494770867403026,-0.011490666829438131,0.5545082229661014,0.2491239574704613,-0.011671306060309281,0.5546728305196915
1779791022.1855147,10.0,0.24005039200000008,0.7446329481674646,0.24950898121797357,-0.011493111981227188,0.5544813542618001,0.2491239574704613,-0.011671306060309281,0.5546728305196915
1779791022.19557,10.0,0.26007728800000013,0.8105892675323628,0.24953729439166844,-0.011495524002577256,0.5544553505114989,0.2491239574704613,-0.011671306060309281,0.5546728305196915
1779791022.2055094,10.0,0.2799513580000001,0.8772776143716019,0.24956453354755828,-0.011499464800768864,0.5544267869403757,0.2491239574704613,-0.011671306060309281,0.5546728305196915
1779791022.2155015,10.0,0.3000245220000001,0.9341721185729921,0.2495926147857093,-0.011502745887624885,0.5544024667324791,0.2491239574704613,-0.011671306060309281,0.5546728305196915
1779791022.2254403,10.0,0.3199049020000001,0.9913505729593403,0.24961615216184999,-0.011508314766215224,0.5543781542902632,0.2491239574704613,-0.011671306060309281,0.5546728305196915
1779791022.2355418,10.0,0.3400726860000002,1.0481077635299583,0.24963876918545053,-0.011509959804647175,0.5543541959327363,0.2491239574704613,-0.011671306060309281,0.5546728305196915
1779791022.2454512,10.0,0.3599449900000002,1.1184862544961431,0.24965794345350406,-0.011515096333053332,0.5543337907145948,0.2491239574704613,-0.011671306060309281,0.5546728305196915
1779791022.2555099,10.0,0.3800266320000002,1.1927665667777732,0.24967576177687034,-0.011513934125763297,0.5543144021360953,0.2491239574704613,-0.011671306060309281,0.5546728305196915
1779791022.2654464,10.0,0.40001179000000026,1.2625940017977102,0.24969293735767414,-0.011519317213451556,0.5542973799470857,0.2491239574704613,-0.011671306060309281,0.5546728305196915
1779791022.2754889,10.0,0.41990553400000025,1.3296018172188906,0.2497085461665419,-0.011520088286113981,0.5542821092358047,0.2491239574704613,-0.011671306060309281,0.5546728305196915
1779791022.2855294,10.0,0.4401815840000003,1.3803636135001704,0.2497242729779107,-0.01152410436505233,0.5542672808379606,0.2491239574704613,-0.011671306060309281,0.5546728305196915
1779791022.2954826,10.0,0.4602431460000003,1.4223078333663357,0.2497404578619315,-0.011521164327851694,0.5542531157455278,0.2491239574704613,-0.011671306060309281,0.5546728305196915
1779791022.3054848,10.0,0.47997763000000027,1.4687992373400698,0.24975143717734868,-0.011524424314290647,0.5542396528693692,0.2491239574704613,-0.011671306060309281,0.5546728305196915
1779791022.3155181,10.0,0.5000870840000002,1.5008677498146248,0.24976488691214843,-0.011523934441599522,0.5542271369974343,0.2491239574704613,-0.011671306060309281,0.5546728305196915
1779791022.3254583,10.0,0.5199471460000002,1.5176704570276605,0.24977586792224674,-0.011520856884471103,0.5542151445246158,0.2491239574704613,-0.011671306060309281,0.5546728305196915
1779791022.3354716,10.0,0.5399527820000003,1.5419948550385558,0.24978491445707066,-0.011519513673133966,0.5542057479781916,0.2491239574704613,-0.011671306060309281,0.5546728305196915
1779791022.3454638,10.0,0.5599521480000003,1.573001206156197,0.24979378371443922,-0.011520630632105889,0.5541971637293748,0.2491239574704613,-0.011671306060309281,0.5546728305196915
1779791022.355578,10.0,0.5800205440000001,1.5921450543786064,0.2498005840913249,-0.01152120910319687,0.5541893599458588,0.2491239574704613,-0.011671306060309281,0.5546728305196915
1779791022.365488,10.0,0.6000829680000003,1.6018981779756514,0.2498066973266026,-0.011519963695485181,0.5541820582948652,0.2491239574704613,-0.011671306060309281,0.5546728305196915
1779791022.3755503,10.0,0.6199848880000003,1.62289991057401,0.2498130713214674,-0.011518434418302978,0.5541757160203631,0.2491239574704613,-0.011671306060309281,0.5546728305196915
1779791022.3854692,10.0,0.6399927700000001,1.6445354501854381,0.24981745821445892,-0.011520491894007664,0.5541705185520064,0.2491239574704613,-0.011671306060309281,0.5546728305196915
1779791022.3955219,10.0,0.6601633800000002,1.6550121335656764,0.2498235029108867,-0.011519084126642591,0.5541635950442416,0.2491239574704613,-0.011671306060309281,0.5546728305196915
1779791022.4054654,10.0,0.6799287820000002,1.6661687554248625,0.2498281876733141,-0.011517981700669507,0.5541600702254182,0.2491239574704613,-0.011671306060309281,0.5546728305196915
1779791022.4155228,10.0,0.7000592140000004,1.6842818721230615,0.24983122101747737,-0.011517430726313466,0.5541543346964481,0.2491239574704613,-0.011671306060309281,0.5546728305196915
1779791022.4254882,10.0,0.7199806520000005,1.6931173297804933,0.24983513307256364,-0.011516847963987054,0.5541517127604384,0.2491239574704613,-0.011671306060309281,0.5546728305196915
1779791022.435482,10.0,0.7399114280000005,1.69897397146992,0.249837066206282,-0.011515386661969213,0.5541511995041306,0.2491239574704613,-0.011671306060309281,0.5546728305196915
1779791022.445507,10.0,0.7600678300000002,1.7004587108099456,0.24983906206922468,-0.011514715134555173,0.5541483476386282,0.2491239574704613,-0.011671306060309281,0.5546728305196915
1779791022.4555268,10.0,0.7799918520000002,1.7050926415325567,0.24984015869840448,-0.011514139603834536,0.5541473117132726,0.2491239574704613,-0.011671306060309281,0.5546728305196915
1779791022.4654984,10.0,0.7999681940000003,1.7061714906557401,0.24984094584293334,-0.011513057129369321,0.5541475739765596,0.2491239574704613,-0.011671306060309281,0.5546728305196915
1779791022.4754941,10.0,0.8199643940000002,1.7000363227740842,0.24984144565013136,-0.011511822629615136,0.5541477417600592,0.2491239574704613,-0.011671306060309281,0.5546728305196915
1779791022.4855359,10.0,0.8401417560000003,1.6983775148831575,0.2498408945545519,-0.011511605316704738,0.5541488327577889,0.2491239574704613,-0.011671306060309281,0.5546728305196915
1779791022.4954684,10.0,0.8600804460000004,1.6963063384530797,0.24984137741869336,-0.011510031300948107,0.5541484722908345,0.2491239574704613,-0.011671306060309281,0.5546728305196915
1779791022.5054781,10.0,0.8799513080000004,1.6877396340092334,0.24984307203641046,-0.011508265540255668,0.5541473807522173,0.2491239574704613,-0.011671306060309281,0.5546728305196915
1779791022.5155408,10.0,0.9001762600000006,1.6770869742040468,0.24984405432844065,-0.011506253985051035,0.5541455643617793,0.2491239574704613,-0.011671306060309281,0.5546728305196915
1779791022.5254886,10.0,0.9199904540000005,1.6615117003242807,0.24984499086058432,-0.011505708952867696,0.5541438888484548,0.2491239574704613,-0.011671306060309281,0.5546728305196915
1779791022.5354497,10.0,0.9399122940000004,1.640396305287758,0.2498475531487273,-0.011503929120142873,0.5541465673843968,0.2491239574704613,-0.011671306060309281,0.5546728305196915
1779791022.5455394,10.0,0.9599619940000005,1.6176755099162197,0.24984664679697963,-0.011502962733135351,0.554143844136961,0.2491239574704613,-0.011671306060309281,0.5546728305196915
1779791022.5554965,10.0,0.9800457780000005,1.5951858274904724,0.2498469465654347,-0.011501543690530275,0.5541440814535157,0.2491239574704613,-0.011671306060309281,0.5546728305196915
1779791022.5655007,10.0,1.0000147660000003,1.5706881021519294,0.24984771455802923,-0.011499686135938852,0.5541476750266985,0.2491239574704613,-0.011671306060309281,0.5546728305196915
1779791022.575527,10.0,1.020153496,1.5452985625217428,0.24984742081777972,-0.011499468566251721,0.5541450756036194,0.2491239574704613,-0.011671306060309281,0.5546728305196915
1779791022.5855112,10.0,1.0399901120000001,1.5246546396729745,0.24984856293964197,-0.011499463600117912,0.554146681472617,0.2491239574704613,-0.011671306060309281,0.5546728305196915
1779791022.5955064,10.0,1.0601344920000002,1.5054671764799095,0.24984920677334327,-0.011496117871228723,0.5541460001193312,0.2491239574704613,-0.011671306060309281,0.5546728305196915
1779791022.6055145,10.0,1.0799506700000001,1.4751252664683152,0.24984766000724787,-0.011496772050682762,0.5541461445340905,0.2491239574704613,-0.011671306060309281,0.5546728305196915
1779791022.6155558,10.0,1.100149332,1.4524250269823342,0.2498485001237406,-0.011498217734842133,0.5541470019821847,0.2491239574704613,-0.011671306060309281,0.5546728305196915
1779791022.625504,10.0,1.120152986,1.4319596236223548,0.24984970953614435,-0.011497753257002492,0.5541449472078059,0.2491239574704613,-0.011671306060309281,0.5546728305196915
1779791022.6355042,10.0,1.1399759159999998,1.4038836033267088,0.24985135146265952,-0.011495791605754832,0.5541455510796888,0.2491239574704613,-0.011671306060309281,0.5546728305196915
1779791022.6454754,10.0,1.1600072420000003,1.3724672915927292,0.24985498374407863,-0.011491913227170818,0.5541484473995211,0.2491239574704613,-0.011671306060309281,0.5546728305196915
1779791022.6554549,10.0,1.1799579160000002,1.3522063150941033,0.24985809938758846,-0.011489822772250106,0.5541474891223924,0.2491239574704613,-0.011671306060309281,0.5546728305196915
1779791022.6655097,10.0,1.1999573000000001,1.3253426355776083,0.24986309047459132,-0.011486052398281191,0.5541496961558865,0.2491239574704613,-0.011671306060309281,0.5546728305196915
1779791022.6754606,10.0,1.2199484700000003,1.2949088343101167,0.24986750265775684,-0.011483681075695525,0.5541514774604401,0.2491239574704613,-0.011671306060309281,0.5546728305196915
1779791022.6854682,10.0,1.2400340600000006,1.261533161583389,0.24987553657607636,-0.01147859320898166,0.5541530840309462,0.2491239574704613,-0.011671306060309281,0.5546728305196915
1779791022.69548,10.0,1.2600355880000005,1.2331282844659253,0.24988572176379725,-0.011471786989610338,0.5541581020871638,0.2491239574704613,-0.011671306060309281,0.5546728305196915
1779791022.7054653,10.0,1.279989328,1.2060234401886418,0.24989851023698598,-0.011454149783154987,0.5541615714869006,0.2491239574704613,-0.011671306060309281,0.5546728305196915
1779791022.715467,10.0,1.2999351920000002,1.1789626253178613,0.24990872338771994,-0.01144528088855713,0.5541666550152992,0.2491239574704613,-0.011671306060309281,0.5546728305196915
1779791022.7255807,10.0,1.3200968840000005,1.1611916440539793,0.24992126769879427,-0.011436926669325002,0.5541716391304928,0.2491239574704613,-0.011671306060309281,0.5546728305196915
1779791022.7354972,10.0,1.3399997060000004,1.1365749713100906,0.24993198491203938,-0.01143104278026299,0.5541766387222773,0.2491239574704613,-0.011671306060309281,0.5546728305196915
1779791022.7454937,10.0,1.3598946740000004,1.1064135523596443,0.24994506155568724,-0.011424385265579593,0.5541808653133423,0.2491239574704613,-0.011671306060309281,0.5546728305196915
1779791022.7555592,10.0,1.3800640200000003,1.0808639845719303,0.24995757909833854,-0.01141425174236686,0.5541877824529244,0.2491239574704613,-0.011671306060309281,0.5546728305196915
1779791022.7654686,10.0,1.4001083500000002,1.05454652842282,0.24996830876245987,-0.011408665647635508,0.5541919510237134,0.2491239574704613,-0.011671306060309281,0.5546728305196915
1779791022.7754962,10.0,1.4200818660000003,1.0292596244725774,0.2499804299770407,-0.011403480082636456,0.5541961147118898,0.2491239574704613,-0.011671306060309281,0.5546728305196915
1779791022.785461,10.0,1.4401353740000002,1.0096285775246354,0.24999041841750844,-0.011399146284101092,0.554200010457469,0.2491239574704613,-0.011671306060309281,0.5546728305196915
1779791022.7954612,10.0,1.460031584,0.9963352868701213,0.25000061434244736,-0.011390863715156022,0.5542022472251644,0.2491239574704613,-0.011671306060309281,0.5546728305196915
1779791022.8054876,10.0,1.4799916140000002,0.9717877880491872,0.2500080149724535,-0.011382591181862207,0.554205757196679,0.2491239574704613,-0.011671306060309281,0.5546728305196915
1779791022.8154936,10.0,1.50006488,0.942989814372455,0.25001801553463776,-0.011371831437931074,0.5542090819699859,0.2491239574704613,-0.011671306060309281,0.5546728305196915
1779791022.8255012,10.0,1.5199956359999998,0.9201094031969828,0.2500297075810421,-0.011355515878422824,0.5542146515705245,0.2491239574704613,-0.011671306060309281,0.5546728305196915
1779791022.8354573,10.0,1.5399412380000002,0.8939621103484381,0.2500508922696635,-0.011340532612607182,0.554221277493821,0.2491239574704613,-0.011671306060309281,0.5546728305196915
1779791022.845474,10.0,1.5599688379999999,0.8538226252715653,0.2500855427315997,-0.01132201839428728,0.5542354197784427,0.2491239574704613,-0.011671306060309281,0.5546728305196915
1779791022.8555455,10.0,1.5800248099999998,0.8056125026648556,0.2501219698686339,-0.011296919133226167,0.5542511624355008,0.2491239574704613,-0.011671306060309281,0.5546728305196915
1779791022.865541,10.0,1.599953542,0.7475571343382788,0.2501581147393797,-0.011274379571959215,0.5542690823812616,0.2491239574704613,-0.011671306060309281,0.5546728305196915
1779791022.8754876,10.0,1.6199731039999992,0.6903804983371142,0.25018511584591685,-0.011254638030324607,0.5542817460128748,0.2491239574704613,-0.011671306060309281,0.5546728305196915
1779791022.885493,10.0,1.6400199999999996,0.6371246506514446,0.2502029583210201,-0.011234058571622907,0.554292512668322,0.2491239574704613,-0.011671306060309281,0.5546728305196915
1779791022.89549,10.0,1.660075452,0.5689304711998772,0.2502176187389215,-0.011215167273956054,0.5543018048575757,0.2491239574704613,-0.011671306060309281,0.5546728305196915
1779791022.9055061,10.0,1.679892792,0.4980984270025697,0.2502325329915842,-0.011193846807989447,0.5543114104167954,0.2491239574704613,-0.011671306060309281,0.5546728305196915
1779791022.9155068,10.0,1.700018836,0.42379400545043233,0.2502449295724008,-0.01117930204407241,0.5543291753233622,0.2491239574704613,-0.011671306060309281,0.5546728305196915
1779791022.9254935,10.0,1.7200287619999992,0.3586471466469617,0.2502555854719839,-0.011171345513717651,0.5543494462751137,0.2491239574704613,-0.011671306060309281,0.5546728305196915
1779791022.9354923,10.0,1.7399971279999993,0.2990767705775812,0.2502660602996496,-0.011159850091218573,0.5543801313785612,0.2491239574704613,-0.011671306060309281,0.5546728305196915
1779791022.945478,10.0,1.7599802219999992,0.26548357922535337,0.2502761856125312,-0.011149483606869308,0.5544142886180575,0.2491239574704613,-0.011671306060309281,0.5546728305196915
1779791022.955478,10.0,1.7799444619999993,0.26664689605344744,0.25028616103427065,-0.011137351541377748,0.5544433327807946,0.2491239574704613,-0.011671306060309281,0.5546728305196915
1779791022.9655035,10.0,1.7999799139999995,0.28446403767252093,0.25029752141921996,-0.011123907163621567,0.5544731090815213,0.2491239574704613,-0.011671306060309281,0.5546728305196915
1779791022.9755669,10.0,1.8199618459999996,0.30696033485663204,0.25031778104731933,-0.011111818933831799,0.5545003201720147,0.2491239574704613,-0.011671306060309281,0.5546728305196915
1779791022.9854991,10.0,1.8400416039999996,0.3253786754913465,0.25034472639383637,-0.011096520093180236,0.5545158775659491,0.2491239574704613,-0.011671306060309281,0.5546728305196915
1779791022.9954767,10.0,1.8599902339999992,0.3404388969616988,0.25037761889630783,-0.011072869318495117,0.5545292719870824,0.2491239574704613,-0.011671306060309281,0.5546728305196915
1779791023.005488,10.0,1.879962947999999,0.335564337547159,0.25041033388864936,-0.011052369317150028,0.5545345458109618,0.2491239574704613,-0.011671306060309281,0.5546728305196915
1779791023.0155137,10.0,1.9000892339999989,0.3319024752271318,0.25043842578184633,-0.011034385866045836,0.554543320188229,0.2491239574704613,-0.011671306060309281,0.5546728305196915
1779791023.0254807,10.0,1.9199705959999989,0.32240405801772853,0.2504633680527573,-0.011017965252342778,0.5545506886005446,0.2491239574704613,-0.011671306060309281,0.5546728305196915
1779791023.0355127,10.0,1.9399990559999987,0.31346156751467524,0.2504818228368543,-0.01100268091230437,0.5545573111307338,0.2491239574704613,-0.011671306060309281,0.5546728305196915
1779791023.0454636,10.0,1.9599547979999985,0.31142397326064264,0.2504932740958963,-0.010992193149041918,0.554564454394524,0.2491239574704613,-0.011671306060309281,0.5546728305196915
1779791023.0555658,10.0,1.9799126439999981,0.3120267234161803,0.25050627566498346,-0.01098499914446599,0.5545717767752382,0.2491239574704613,-0.011671306060309281,0.5546728305196915
1779791023.0654435,10.0,1.9999203259999985,0.32213687199743324,0.25052524196362846,-0.010981963221218095,0.5545819333560743,0.2491239574704613,-0.011671306060309281,0.5546728305196915
1779791023.0754788,10.0,2.0200269139999985,0.33527595838226776,0.2505428738660541,-0.010973009254543092,0.554591208913198,0.2491239574704613,-0.011671306060309281,0.5546728305196915
1779791023.0855422,10.0,2.040132659999999,0.352612924832571,0.2505644194321764,-0.010965692665922159,0.554599293172612,0.2491239574704613,-0.011671306060309281,0.5546728305196915
1779791023.0954878,10.0,2.060061671999999,0.3691050190497537,0.2505851547463592,-0.010956222111092782,0.5546083061553075,0.2491239574704613,-0.011671306060309281,0.5546728305196915
1779791023.1054995,10.0,2.079909791999999,0.36861855657638626,0.2506136199086638,-0.010942641321216572,0.5546237050700696,0.2491239574704613,-0.011671306060309281,0.5546728305196915
1779791023.1155005,10.0,2.100149751999999,0.37004061849395403,0.250643597210831,-0.010921326897588967,0.5546371639219615,0.2491239574704613,-0.011671306060309281,0.5546728305196915
1779791023.1254742,10.0,2.1199622039999992,0.38192307722786156,0.2506692633282691,-0.010899496475459338,0.5546496616183119,0.2491239574704613,-0.011671306060309281,0.5546728305196915
1779791023.135476,10.0,2.1400093999999994,0.3859365576576558,0.25069111706237046,-0.010885147401884865,0.5546589708005185,0.2491239574704613,-0.011671306060309281,0.5546728305196915
1779791023.1455157,10.0,2.1600301039999996,0.3969640823838191,0.2507097328578619,-0.010868647059478997,0.554667713325724,0.2491239574704613,-0.011671306060309281,0.5546728305196915
1779791023.155508,10.0,2.180132263999999,0.41582870862275706,0.2507254672104373,-0.010858012602807896,0.5546730498081777,0.2491239574704613,-0.011671306060309281,0.5546728305196915
1779791023.1654515,10.0,2.200067547999999,0.4310490238611626,0.25074289685379414,-0.010847130325609642,0.5546817331930275,0.2491239574704613,-0.011671306060309281,0.5546728305196915
1779791023.1754901,10.0,2.220044611999999,0.44314036818448693,0.25075809381270525,-0.01083792855909556,0.5546874779594702,0.2491239574704613,-0.011671306060309281,0.5546728305196915
1779791023.1854718,10.0,2.2400903839999984,0.45202400471076243,0.2507716202568578,-0.010831667262386093,0.5546905993044468,0.2491239574704613,-0.011671306060309281,0.5546728305196915
1779791023.1954765,10.0,2.260073317999999,0.4655816586808077,0.2507891277369966,-0.010828171321973277,0.5546997657461494,0.2491239574704613,-0.011671306060309281,0.5546728305196915
1779791023.2054431,10.0,2.280064427999999,0.4704393268335441,0.25080339430890847,-0.010825701288444883,0.5547080019065765,0.2491239574704613,-0.011671306060309281,0.5546728305196915
1779791023.2155144,10.0,2.2999936199999986,0.4740942286528487,0.2508178025702667,-0.010820601613767229,0.5547161361627427,0.2491239574704613,-0.011671306060309281,0.5546728305196915
1779791023.2255127,10.0,2.3200312579999984,0.47249116876693026,0.25082674830180246,-0.010812590955837455,0.5547180217474386,0.2491239574704613,-0.011671306060309281,0.5546728305196915
1779791023.2355359,10.0,2.3400958259999984,0.48002220683471636,0.25083446625150146,-0.010809439182732979,0.5547225997611943,0.2491239574704613,-0.011671306060309281,0.5546728305196915
1779791023.24553,10.0,2.3599661879999987,0.48202642798285794,0.2508420220010643,-0.01080349311478854,0.5547247701607347,0.2491239574704613,-0.011671306060309281,0.5546728305196915
1779791023.2554727,10.0,2.3800660419999993,0.4848437400733687,0.2508538382394304,-0.010795051495500006,0.554730603216294,0.2491239574704613,-0.011671306060309281,0.5546728305196915
1779791023.26548,10.0,2.400043125999999,0.49870624383658524,0.2508668744725134,-0.010788290771596092,0.5547381371789158,0.2491239574704613,-0.011671306060309281,0.5546728305196915
1779791023.27547,10.0,2.420089059999999,0.5174455337790058,0.2508826769505613,-0.010775666547874282,0.5547448728154742,0.2491239574704613,-0.011671306060309281,0.5546728305196915
1779791023.2854748,10.0,2.4401227499999996,0.5405916051512418,0.25089792966839347,-0.01075888970192512,0.5547437285625363,0.2491239574704613,-0.011671306060309281,0.5546728305196915
1779791023.2955356,10.0,2.4599912059999993,0.5445020127180897,0.2509158861916823,-0.010745906702562084,0.5547462556878546,0.2491239574704613,-0.011671306060309281,0.5546728305196915
1779791023.30547,10.0,2.479980853999999,0.5448330760976682,0.25093286285151406,-0.010732174156649694,0.5547502161685572,0.2491239574704613,-0.011671306060309281,0.5546728305196915
1779791023.3154938,10.0,2.5000102359999987,0.5529043416968893,0.250942246383469,-0.01071753293991165,0.5547466110282914,0.2491239574704613,-0.011671306060309281,0.5546728305196915
1779791023.3254957,10.0,2.519919749999999,0.5549250918237155,0.2509475739863356,-0.010701936616837184,0.5547459566015691,0.2491239574704613,-0.011671306060309281,0.5546728305196915
1779791023.335545,10.0,2.5399191159999996,0.5594140519117828,0.25095007339275804,-0.010688822236042533,0.5547460539343623,0.2491239574704613,-0.011671306060309281,0.5546728305196915
1779791023.3454742,10.0,2.56000821,0.5513552927654345,0.2509507852632982,-0.010680474588449907,0.5547463397204668,0.2491239574704613,-0.011671306060309281,0.5546728305196915
1779791023.3555062,10.0,2.5800730400000003,0.5274648687990439,0.25095364004356185,-0.010671598206906394,0.5547512344126758,0.2491239574704613,-0.011671306060309281,0.5546728305196915
1779791023.36544,10.0,2.6000852700000006,0.517611990086821,0.2509566390876696,-0.010662660034236453,0.5547614065418612,0.2491239574704613,-0.011671306060309281,0.5546728305196915
1779791023.3754945,10.0,2.6198874819999993,0.5064048486535979,0.2509588687512889,-0.010661119273967946,0.5547815327600052,0.2491239574704613,-0.011671306060309281,0.5546728305196915
1779791023.385503,10.0,2.639959844,0.4927875238015111,0.25096098444164067,-0.010662706593891215,0.5548113984146527,0.2491239574704613,-0.011671306060309281,0.5546728305196915
1779791023.3954778,10.0,2.6599333020000007,0.49045473293178815,0.250962892049673,-0.010660082338324696,0.5548477252069008,0.2491239574704613,-0.011671306060309281,0.5546728305196915
1779791023.405481,10.0,2.6798992420000007,0.48971162487519104,0.2509663887925147,-0.010654656755433293,0.5548918223660154,0.2491239574704613,-0.011671306060309281,0.5546728305196915
1779791023.4155388,10.0,2.700110390000001,0.4998715875782511,0.25097070807414157,-0.01064226954293578,0.5549466282730915,0.2491239574704613,-0.011671306060309281,0.5546728305196915
1779791023.425514,10.0,2.720051944000002,0.5125866890278896,0.2509761769549492,-0.010634946731057564,0.5549999467642097,0.2491239574704613,-0.011671306060309281,0.5546728305196915
1779791023.4354517,10.0,2.7398975180000025,0.5223166646700623,0.2509803617971168,-0.010626829962218278,0.5550546734011915,0.2491239574704613,-0.011671306060309281,0.5546728305196915
1779791023.4454691,10.0,2.759992666000003,0.5240451020355168,0.25098457675723923,-0.01061904538785444,0.5551069209619114,0.2491239574704613,-0.011671306060309281,0.5546728305196915
1779791023.4554727,10.0,2.7800015280000028,0.5338515665527107,0.2509881317401571,-0.010610119060935314,0.5551614133986068,0.2491239574704613,-0.011671306060309281,0.5546728305196915
1779791023.4654799,10.0,2.7999933600000033,0.5341161471851062,0.2509928381665592,-0.01060337825693554,0.5552131680318302,0.2491239574704613,-0.011671306060309281,0.5546728305196915
1779791023.47548,10.0,2.8200457440000037,0.5364187490662659,0.25099644023518236,-0.010598069031249272,0.555263042487869,0.2491239574704613,-0.011671306060309281,0.5546728305196915
1779791023.4854689,10.0,2.840000926000003,0.5416355740606864,0.25100053872434686,-0.01058889956909407,0.5553167039223664,0.2491239574704613,-0.011671306060309281,0.5546728305196915
1779791023.49551,10.0,2.859981576000003,0.5497102061300352,0.25100382683046046,-0.01058413003173746,0.5553681249907569,0.2491239574704613,-0.011671306060309281,0.5546728305196915
1779791023.5054648,10.0,2.879917982000003,0.5652757186457771,0.25100907121203586,-0.010578614226312196,0.5554167309423087,0.2491239574704613,-0.011671306060309281,0.5546728305196915
1779791023.5154307,10.0,2.8999492880000037,0.5810050466291979,0.2510137770689709,-0.010573666369259377,0.5554591727092762,0.2491239574704613,-0.011671306060309281,0.5546728305196915
1779791023.5254989,10.0,2.920047400000003,0.6124394380221752,0.25101786157190265,-0.010566844368624359,0.5555009869931233,0.2491239574704613,-0.011671306060309281,0.5546728305196915
1779791023.535488,10.0,2.940033120000003,0.6503774967902363,0.25102056846925147,-0.010561161656191446,0.5555356270874626,0.2491239574704613,-0.011671306060309281,0.5546728305196915
1779791023.5454955,10.0,2.9599621520000023,0.6831574321087002,0.25102225637581665,-0.010556468895084301,0.5555614509218031,0.2491239574704613,-0.011671306060309281,0.5546728305196915
1779791023.5555143,10.0,2.9801095360000023,0.7000216710770236,0.2510216796796138,-0.010548704511335216,0.5555758155541539,0.2491239574704613,-0.011671306060309281,0.5546728305196915
1779791023.565502,10.0,3.0000068480000017,0.7099251792365309,0.25102343168469793,-0.01054637474536449,0.5555832000620379,0.2491239574704613,-0.011671306060309281,0.5546728305196915
1779791023.5755033,10.0,3.020007736000002,0.7120004577870244,0.2510249876483469,-0.010547667796701068,0.5555889375252805,0.2491239574704613,-0.011671306060309281,0.5546728305196915
1779791023.5854669,10.0,3.0399005000000026,0.7175399297856829,0.25102707877066627,-0.010548499856282331,0.555593937548232,0.2491239574704613,-0.011671306060309281,0.5546728305196915
1779791023.5954766,10.0,3.060091788000003,0.7225622797854887,0.2510285941723139,-0.010549190772311213,0.5556006460634222,0.2491239574704613,-0.011671306060309281,0.5546728305196915
1779791023.6054742,10.0,3.0799712260000027,0.7253194850215225,0.25102801096676575,-0.010549402321542422,0.5556093902300675,0.2491239574704613,-0.011671306060309281,0.5546728305196915
1779791023.615554,10.0,3.1000119300000035,0.7276579625144608,0.2510285649811625,-0.010549997367944253,0.5556219801912975,0.2491239574704613,-0.011671306060309281,0.5546728305196915
1779791023.625479,10.0,3.119967392000004,0.7346005807127589,0.25103039019469836,-0.010546775553595348,0.555642767873177,0.2491239574704613,-0.011671306060309281,0.5546728305196915
1779791023.6354825,10.0,3.1401055800000033,0.746230402557477,0.2510329479614487,-0.010543063345076712,0.555668552532101,0.2491239574704613,-0.011671306060309281,0.5546728305196915
1779791023.6454616,10.0,3.1599196340000035,0.7570724789947276,0.25103417674066075,-0.010537307031537838,0.5556963470718947,0.2491239574704613,-0.011671306060309281,0.5546728305196915
1779791023.655482,10.0,3.180084092000003,0.7693985350353654,0.2510361436740338,-0.010532326095080903,0.5557244636015459,0.2491239574704613,-0.011671306060309281,0.5546728305196915
1779791023.6654963,10.0,3.1999898400000033,0.7874792558172672,0.2510350034534574,-0.010525077641803231,0.5557551614584778,0.2491239574704613,-0.011671306060309281,0.5546728305196915
1779791023.6754684,10.0,3.219933660000004,0.7926464454496999,0.25103539089553545,-0.010522019588874273,0.5557843528356554,0.2491239574704613,-0.011671306060309281,0.5546728305196915
1779791023.6854522,10.0,3.2399906940000047,0.7910207456008902,0.2510343768085636,-0.010518802126755508,0.5558120132550798,0.2491239574704613,-0.011671306060309281,0.5546728305196915
1779791023.6954532,10.0,3.2600537800000047,0.7989650465212549,0.2510322967586065,-0.010510839352615578,0.5558511869291707,0.2491239574704613,-0.011671306060309281,0.5546728305196915
1779791023.7054594,10.0,3.2799165880000034,0.8034090191487248,0.25102997890056916,-0.01050526852081475,0.5558924194700244,0.2491239574704613,-0.011671306060309281,0.5546728305196915
1779791023.7154944,10.0,3.3001392960000038,0.8065028162909252,0.25102800598714464,-0.010502519796573668,0.5559369567338124,0.2491239574704613,-0.011671306060309281,0.5546728305196915
1779791023.7254934,10.0,3.320047026000004,0.8208446466590189,0.2510255485329635,-0.010489737520050457,0.55598619691228,0.2491239574704613,-0.011671306060309281,0.5546728305196915
1779791023.7354934,10.0,3.3399044640000053,0.8461761680355647,0.2510250063507046,-0.010482096850919507,0.5560415655710255,0.2491239574704613,-0.011671306060309281,0.5546728305196915
1779791023.7454576,10.0,3.359902126000005,0.884489521709696,0.2510233934139427,-0.010474300485480707,0.5560927196881583,0.2491239574704613,-0.011671306060309281,0.5546728305196915
1779791023.7554934,10.0,3.380019694000005,0.910098930026959,0.25102381059291073,-0.010465638021673057,0.5561436197889417,0.2491239574704613,-0.011671306060309281,0.5546728305196915
1779791023.7654893,10.0,3.399911456000005,0.9195862151418212,0.25102326606941033,-0.010456453481635337,0.5561845297674078,0.2491239574704613,-0.011671306060309281,0.5546728305196915
1779791023.775524,10.0,3.4199048700000043,0.9179545660034133,0.25102099236474146,-0.010447708531100542,0.556225180308977,0.2491239574704613,-0.011671306060309281,0.5546728305196915
1779791023.785452,10.0,3.439934792000004,0.8950896423096235,0.2510175659420765,-0.010439557242661848,0.5562711343385387,0.2491239574704613,-0.011671306060309281,0.5546728305196915
1779791023.7955372,10.0,3.460013808000004,0.8860080077196306,0.2510138527511511,-0.010431332874586167,0.5563229893083577,0.2491239574704613,-0.011671306060309281,0.5546728305196915
1779791023.8054993,10.0,3.480050464000004,0.9003979198440389,0.25100914020365217,-0.010420093589972777,0.5563857098979099,0.2491239574704613,-0.011671306060309281,0.5546728305196915
1779791023.815524,10.0,3.499933910000004,0.9243846866423008,0.2510076504737199,-0.01040725331186509,0.5564587023615167,0.2491239574704613,-0.011671306060309281,0.5546728305196915
1779791023.8254623,10.0,3.520097446000005,0.9656641833484989,0.25100648149893373,-0.010397122791579266,0.5565346633600846,0.2491239574704613,-0.011671306060309281,0.5546728305196915
1779791023.835455,10.0,3.539910758000005,1.0177433412272687,0.2510101127682681,-0.010383684324576464,0.5566085525390219,0.2491239574704613,-0.011671306060309281,0.5546728305196915
1779791023.8454833,10.0,3.5599657700000047,1.0775626191314331,0.251014446645679,-0.010372079354636691,0.5566755534425114,0.2491239574704613,-0.011671306060309281,0.5546728305196915
1779791023.8554723,10.0,3.5799496460000046,1.1335059868374335,0.25101941238109765,-0.010362266623306025,0.5567295585930435,0.2491239574704613,-0.011671306060309281,0.5546728305196915
1779791023.8654823,10.0,3.5999263880000036,1.1727915307991015,0.2510223240310868,-0.01035298479291057,0.5567649276471525,0.2491239574704613,-0.011671306060309281,0.5546728305196915
1779791023.875506,10.0,3.6199016880000032,1.1893250476736283,0.25102197889537703,-0.01035065642424804,0.5567786169911165,0.2491239574704613,-0.011671306060309281,0.5546728305196915
1779791023.885461,10.0,3.6400193760000037,1.197745117304959,0.2510213772897897,-0.010350130590315774,0.5567813651839538,0.2491239574704613,-0.011671306060309281,0.5546728305196915
1779791023.8954587,10.0,3.659968166000004,1.189678295476669,0.2510212915844343,-0.01035205075027381,0.5567801060254782,0.2491239574704613,-0.011671306060309281,0.5546728305196915
1779791023.9054956,10.0,3.6798777620000047,1.1642565583204185,0.25102137050996337,-0.01035900605705281,0.5567800274946791,0.2491239574704613,-0.011671306060309281,0.5546728305196915
1779791023.9155004,10.0,3.7000256680000048,1.1388806489690693,0.2510244978953542,-0.010359276488386493,0.5567814613683585,0.2491239574704613,-0.011671306060309281,0.5546728305196915
1779791023.9255078,10.0,3.7199014580000056,1.1349852636091375,0.25102375725434983,-0.01036031054809895,0.5567872497988272,0.2491239574704613,-0.011671306060309281,0.5546728305196915
1779791023.9354844,10.0,3.7400178860000057,1.1480387725842658,0.2510266368240773,-0.01035776874552316,0.5567997018780698,0.2491239574704613,-0.011671306060309281,0.5546728305196915
1779791023.9455118,10.0,3.7599157980000046,1.1689743260512988,0.25102960433147053,-0.010352916024467706,0.5568321187373124,0.2491239574704613,-0.011671306060309281,0.5546728305196915
1779791023.955499,10.0,3.7799271860000054,1.2102841731798675,0.2510329233067908,-0.010345371016285068,0.5568689440388034,0.2491239574704613,-0.011671306060309281,0.5546728305196915
1779791023.9654782,10.0,3.7998809060000047,1.2672810872611624,0.2510367913480568,-0.010333369166933287,0.5569057475453107,0.2491239574704613,-0.011671306060309281,0.5546728305196915
1779791023.975498,10.0,3.819898064000004,1.3392752773607814,0.25103666340931174,-0.010326341112303836,0.5569423812034815,0.2491239574704613,-0.011671306060309281,0.5546728305196915
1779791023.9854536,10.0,3.8399677020000045,1.406987799065125,0.2510372605633042,-0.010320252825476819,0.5569718398988507,0.2491239574704613,-0.011671306060309281,0.5546728305196915
1779791023.9954722,10.0,3.8600698020000044,1.4595221059918888,0.2510406723405984,-0.01031588991247269,0.5569947372460119,0.2491239574704613,-0.011671306060309281,0.5546728305196915
1779791024.005469,10.0,3.8800194540000037,1.5009647966953645,0.25104341638311295,-0.010314092612443253,0.5570073202273923,0.2491239574704613,-0.011671306060309281,0.5546728305196915
1779791024.0154629,10.0,3.8999093720000038,1.5331963519372036,0.25104725387963633,-0.010312366685355847,0.5570054549437466,0.2491239574704613,-0.011671306060309281,0.5546728305196915
1779791024.0254617,10.0,3.9199243860000044,1.5493505733018782,0.251048087319035,-0.010310052461045396,0.5569954745574566,0.2491239574704613,-0.011671306060309281,0.5546728305196915
1779791024.0354874,10.0,3.9399168380000043,1.545787607713286,0.25105109115439855,-0.010310415640037675,0.5569879872464935,0.2491239574704613,-0.011671306060309281,0.5546728305196915
1779791024.0454848,10.0,3.9601488240000036,1.5332676874101152,0.25105424624774947,-0.010311206718941817,0.5569891279884793,0.2491239574704613,-0.011671306060309281,0.5546728305196915
1779791024.0554817,10.0,3.9799679280000038,1.5309144937736139,0.2510555260386974,-0.010315203256608906,0.5569890655585501,0.2491239574704613,-0.011671306060309281,0.5546728305196915
1779791024.0655105,10.0,4.000109802000003,1.542799041610737,0.2510559663843746,-0.010310536540955208,0.556992280619166,0.2491239574704613,-0.011671306060309281,0.5546728305196915
1779791024.0755408,10.0,4.020248472000004,1.5730238230647082,0.2510558422303254,-0.010310536120697338,0.5570033470810342,0.2491239574704613,-0.011671306060309281,0.5546728305196915
1779791024.0854602,10.0,4.039925126000004,1.610050815223163,0.25105619313962285,-0.010309353644474127,0.5570204798317476,0.2491239574704613,-0.011671306060309281,0.5546728305196915
1779791024.0954878,10.0,4.060166450000004,1.6555290742789828,0.2510535162268416,-0.01030955473843577,0.5570363791963047,0.2491239574704613,-0.011671306060309281,0.5546728305196915
1779791024.1054573,10.0,4.079901194000004,1.6996184839389301,0.25105021411338396,-0.01030979833525558,0.5570501109725795,0.2491239574704613,-0.011671306060309281,0.5546728305196915
1779791024.1155221,10.0,4.100055512000003,1.7321308975472447,0.25104556345335827,-0.010310544959257291,0.5570578351580129,0.2491239574704613,-0.011671306060309281,0.5546728305196915
1779791024.1254792,10.0,4.1199580140000025,1.7335127344876997,0.25104391727033853,-0.010312048659401711,0.5570577574629553,0.2491239574704613,-0.011671306060309281,0.5546728305196915
1779791024.135509,10.0,4.1399604240000025,1.7119135358347832,0.25104191155964767,-0.01031382185129448,0.5570587398029337,0.2491239574704613,-0.011671306060309281,0.5546728305196915
1779791024.145477,10.0,4.160009704000003,1.6515480459721303,0.25104028315692845,-0.010311898595975791,0.5570630305814798,0.2491239574704613,-0.011671306060309281,0.5546728305196915
1779791024.1554618,10.0,4.180096174000003,1.5685171494886418,0.25103801323655434,-0.01030788723333418,0.5570754442805157,0.2491239574704613,-0.011671306060309281,0.5546728305196915
1779791024.1655042,10.0,4.199953110000003,1.4924029410770152,0.2510349004221338,-0.01030283916697322,0.557091995304694,0.2491239574704613,-0.011671306060309281,0.5546728305196915
1779791024.1755419,10.0,4.220000826000003,1.4370671831598916,0.25103128771842154,-0.010295146898239292,0.5571239499965781,0.2491239574704613,-0.011671306060309281,0.5546728305196915
1779791024.1854875,10.0,4.240148612000003,1.3973313305662989,0.2510255502280475,-0.010287358657281271,0.5571716114240528,0.2491239574704613,-0.011671306060309281,0.5546728305196915
1779791024.1955478,10.0,4.259945676000004,1.374820450509114,0.25102215240765274,-0.010274701254127779,0.5572443107502663,0.2491239574704613,-0.011671306060309281,0.5546728305196915
1779791024.2054567,10.0,4.279926526000003,1.3987642249371108,0.25102059259041104,-0.010258300036026208,0.5573376325877404,0.2491239574704613,-0.011671306060309281,0.5546728305196915
1779791024.2154818,10.0,4.299965966000004,1.4518585953923222,0.2510175537296873,-0.010237733718677427,0.5574510543013901,0.2491239574704613,-0.011671306060309281,0.5546728305196915
1779791024.2254875,10.0,4.319988094000004,1.5341269693105906,0.2510158451046087,-0.010214145334576853,0.5575893134975994,0.2491239574704613,-0.011671306060309281,0.5546728305196915
1779791024.2354698,10.0,4.340004112000004,1.6554025364827234,0.25101980305168275,-0.01019140292045185,0.5577429988951844,0.2491239574704613,-0.011671306060309281,0.5546728305196915
1779791024.2454774,10.0,4.359947230000005,1.7871179293174786,0.2510231874855295,-0.010163953993766834,0.557904891276166,0.2491239574704613,-0.011671306060309281,0.5546728305196915
1779791024.2554774,10.0,4.379964970000005,1.8879149786139973,0.25102675314591233,-0.010136879220903028,0.55807464289867,0.2491239574704613,-0.011671306060309281,0.5546728305196915
1779791024.265432,10.0,4.3999682220000045,1.9484718393456004,0.2510282323182348,-0.01011068816922685,0.5582475709042322,0.2491239574704613,-0.011671306060309281,0.5546728305196915
1779791024.2754667,10.0,4.419905490000003,1.98906759740863,0.2510312536303959,-0.010081635528480739,0.5584137320931448,0.2491239574704613,-0.011671306060309281,0.5546728305196915
1779791024.2854524,10.0,4.439969158000004,2.0143963310238426,0.25103393699374177,-0.010055368993865678,0.5585713085716395,0.2491239574704613,-0.011671306060309281,0.5546728305196915
1779791024.2954803,10.0,4.460032704000004,2.025118388532281,0.2510370512015899,-0.0100310186771497,0.5587110706655556,0.2491239574704613,-0.011671306060309281,0.5546728305196915
1779791024.3054812,10.0,4.479899678000004,2.035068700361151,0.2510456874694125,-0.010015407697420957,0.5588399560001519,0.2491239574704613,-0.011671306060309281,0.5546728305196915
1779791024.3154721,10.0,4.499976010000004,2.0396061840842497,0.25105370624991497,-0.009995232221579605,0.5589581845548187,0.2491239574704613,-0.011671306060309281,0.5546728305196915
1779791024.325515,10.0,4.520005752000004,2.0490082017691567,0.2510644398764762,-0.009981335717585178,0.5590706481574503,0.2491239574704613,-0.011671306060309281,0.5546728305196915
1779791024.335454,10.0,4.539930296000003,2.060638736661688,0.25107829049535646,-0.009965208750176877,0.5591764577086025,0.2491239574704613,-0.011671306060309281,0.5546728305196915
1779791024.3454804,10.0,4.559909202000004,2.086460249405181,0.25108962600502127,-0.009951799131884764,0.5592931254762861,0.2491239574704613,-0.011671306060309281,0.5546728305196915
1779791024.3554564,10.0,4.579971546000003,2.1461560905978123,0.2511026332059761,-0.009938509137655798,0.5594010049237006,0.2491239574704613,-0.011671306060309281,0.5546728305196915
1779791024.3654742,10.0,4.6000067000000024,2.229296485725411,0.2511126301303717,-0.009926734258170361,0.5595015090216686,0.2491239574704613,-0.011671306060309281,0.5546728305196915
1779791024.37553,10.0,4.620033496000001,2.3124652761431026,0.2511204879770965,-0.009909519106309767,0.5595954686275065,0.2491239574704613,-0.011671306060309281,0.5546728305196915
1779791024.3855057,10.0,4.639962368000003,2.3954968830922585,0.25112696778283883,-0.009896925707195425,0.5596736512896608,0.2491239574704613,-0.011671306060309281,0.5546728305196915
1779791024.395538,10.0,4.660005236000003,2.4764020070472266,0.2511317456640654,-0.009885652380654645,0.5597347180193118,0.2491239574704613,-0.011671306060309281,0.5546728305196915
1779791024.4054475,10.0,4.679899862000003,2.5442828408589198,0.2511400355433935,-0.009872056170465156,0.5597794891387247,0.2491239574704613,-0.011671306060309281,0.5546728305196915
1779791024.4155803,10.0,4.700114316000002,2.5941557298693314,0.2511492417555435,-0.009862518600739324,0.5597988658838813,0.2491239574704613,-0.011671306060309281,0.5546728305196915
1779791024.425536,10.0,4.720098612000002,2.6266493898942302,0.251160671774454,-0.009856096573570464,0.5597981741609321,0.2491239574704613,-0.011671306060309281,0.5546728305196915
1779791024.4354594,10.0,4.739928696000002,2.6376573577670572,0.2511828753045419,-0.009852874099339663,0.5597833109638148,0.2491239574704613,-0.011671306060309281,0.5546728305196915
1779791024.4454656,10.0,4.759948420000003,2.6238327692326857,0.2512068326139683,-0.00984743999329735,0.5597763052803562,0.2491239574704613,-0.011671306060309281,0.5546728305196915
1779791024.455466,10.0,4.779968184000002,2.573957732825996,0.25122747310415644,-0.009837272970165078,0.5597742086174602,0.2491239574704613,-0.011671306060309281,0.5546728305196915
1779791024.4654536,10.0,4.799957430000001,2.5141554120682046,0.2512436822646701,-0.009822582228896223,0.5597767058900583,0.2491239574704613,-0.011671306060309281,0.5546728305196915
1779791024.4754863,10.0,4.8199351140000015,2.4777125754156106,0.2512524176617415,-0.009815383004765827,0.5597675252062391,0.2491239574704613,-0.011671306060309281,0.5546728305196915
1779791024.4854639,10.0,4.839954738000002,2.4691058909663703,0.2512514042372352,-0.009814319102062909,0.5597649928631786,0.2491239574704613,-0.011671306060309281,0.5546728305196915
1779791024.4955099,10.0,4.859989710000002,2.4608918036055005,0.25125328832191807,-0.009815410100240975,0.5597656291179325,0.2491239574704613,-0.011671306060309281,0.5546728305196915
1779791024.5055208,10.0,4.87989065,2.482878473085126,0.2512533581061955,-0.009811878579089758,0.5597749648526418,0.2491239574704613,-0.011671306060309281,0.5546728305196915
1779791024.515504,10.0,4.900089012,2.51700124712942,0.2512544070865445,-0.009805886056378766,0.5597899371333994,0.2491239574704613,-0.011671306060309281,0.5546728305196915
1779791024.5254772,10.0,4.9199369299999995,2.553172280037081,0.25125380046197915,-0.009797985327981882,0.5598222527410528,0.2491239574704613,-0.011671306060309281,0.5546728305196915
1779791024.5354664,10.0,4.939940904,2.585149962885185,0.2512577481592897,-0.009793120776856372,0.5598605210401364,0.2491239574704613,-0.011671306060309281,0.5546728305196915
1779791024.5454514,10.0,4.959909972,2.6346387954593915,0.2512622782874562,-0.009784020599201535,0.5599112651074459,0.2491239574704613,-0.011671306060309281,0.5546728305196915
1779791024.55547,10.0,4.979941016,2.6819068239696557,0.25126609047439646,-0.009775561638600163,0.5599519054480416,0.2491239574704613,-0.011671306060309281,0.5546728305196915
1779791024.5654767,10.0,5.000035342,2.72371945682155,0.2512654906294308,-0.009768224016518,0.559984684971741,0.2491239574704613,-0.011671306060309281,0.5546728305196915
1779791024.575468,10.0,5.019939086000001,2.764028704238343,0.2512644773496535,-0.00976274260937394,0.5600026803224482,0.2491239574704613,-0.011671306060309281,0.5546728305196915
1779791024.585489,10.0,5.040020506,2.7793377032283466,0.25126385422329356,-0.009759564549163519,0.5600057870434696,0.2491239574704613,-0.011671306060309281,0.5546728305196915
1779791024.5954583,10.0,5.059938497999999,2.77004243869474,0.251264923198696,-0.009757789653039821,0.5599986972977427,0.2491239574704613,-0.011671306060309281,0.5546728305196915
1779791024.6055126,10.0,5.079906041999999,2.747593042049241,0.25126879812656544,-0.009758648942308362,0.5599922930618396,0.2491239574704613,-0.011671306060309281,0.5546728305196915
1779791024.6155934,10.0,5.100012469999999,2.725416128400523,0.2512719279274306,-0.009759570477004145,0.5599876964469179,0.2491239574704613,-0.011671306060309281,0.5546728305196915
1779791024.6254792,10.0,5.119912467999999,2.7096835279409044,0.25127239499308446,-0.009760854540760642,0.5599873079578621,0.2491239574704613,-0.011671306060309281,0.5546728305196915
1779791024.635498,10.0,5.140031459999999,2.7011613782273285,0.25127120965776917,-0.009761831596168382,0.5599962558740889,0.2491239574704613,-0.011671306060309281,0.5546728305196915
1779791024.6454809,10.0,5.159969568,2.7010866590411964,0.25127055189998637,-0.009761835966961651,0.5600191324542422,0.2491239574704613,-0.011671306060309281,0.5546728305196915
1779791024.6555126,10.0,5.179961018000001,2.7119114468763694,0.2512709848116518,-0.009757319303116307,0.5600686820184386,0.2491239574704613,-0.011671306060309281,0.5546728305196915
1779791024.665517,10.0,5.200050354000002,2.731961223155888,0.2512734138104131,-0.009745687808973903,0.5601370549284573,0.2491239574704613,-0.011671306060309281,0.5546728305196915
1779791024.675495,10.0,5.219904946000002,2.750108419519179,0.25127535327879114,-0.009734521740325927,0.560231770284233,0.2491239574704613,-0.011671306060309281,0.5546728305196915
1779791024.685478,10.0,5.239978832000002,2.7630479846828857,0.25127787222332365,-0.00971722599190766,0.5603456752063639,0.2491239574704613,-0.011671306060309281,0.5546728305196915
1779791024.695544,10.0,5.260174568000001,2.77360503639339,0.25127662144524676,-0.00969609422715593,0.5604746263165673,0.2491239574704613,-0.011671306060309281,0.5546728305196915
1779791024.705484,10.0,5.279943358000001,2.7645848045557515,0.2512667099492924,-0.009675726759789748,0.5606283143612846,0.2491239574704613,-0.011671306060309281,0.5546728305196915
1779791024.7155552,10.0,5.300137972000001,2.7179007875834755,0.25122331080828425,-0.00963633996793365,0.5608000577443103,0.2491239574704613,-0.011671306060309281,0.5546728305196915
1779791024.7254543,10.0,5.320128922,2.6420924521247477,0.2511676296140156,-0.009591056822847768,0.5610019760896757,0.2491239574704613,-0.011671306060309281,0.5546728305196915
1779791024.7355354,10.0,5.340145218000002,2.5648264558782974,0.251106210322141,-0.009546505514477723,0.561235097609851,0.2491239574704613,-0.011671306060309281,0.5546728305196915
1779791024.7454965,10.0,5.360006201999999,2.5009960872243346,0.2510389594955279,-0.00950577670826941,0.5615030541764948,0.2491239574704613,-0.011671306060309281,0.5546728305196915
1779791024.75549,10.0,5.379934091999997,2.437533727052746,0.25095931690918727,-0.009460068306449028,0.5618157645975201,0.2491239574704613,-0.011671306060309281,0.5546728305196915
1779791024.7656207,10.0,5.400060857999998,2.373784669759499,0.2508743025044677,-0.009413163196973546,0.562155185525743,0.2491239574704613,-0.011671306060309281,0.5546728305196915
1779791024.7754555,10.0,5.419975601999997,2.344192758237805,0.2507757550472819,-0.009363887276296211,0.5625448455192346,0.2491239574704613,-0.011671306060309281,0.5546728305196915
1779791024.7855048,10.0,5.440085437999999,2.3258330505741758,0.2506716802481394,-0.009307880276013675,0.5629709201375004,0.2491239574704613,-0.011671306060309281,0.5546728305196915
1779791024.795552,10.0,5.4603474799999985,2.3320024195543145,0.25055678765046274,-0.009256649648197194,0.5634473816681295,0.2491239574704613,-0.011671306060309281,0.5546728305196915
1779791024.8054612,10.0,5.479951215999997,2.3628727254512367,0.2504380831776412,-0.009185893712954692,0.5639526147821324,0.2491239574704613,-0.011671306060309281,0.5546728305196915
1779791024.8154817,10.0,5.499998111999997,2.4387900205025477,0.2503126011082774,-0.009097575424930579,0.5645004695555431,0.2491239574704613,-0.011671306060309281,0.5546728305196915
1779791024.8254356,10.0,5.520034625999999,2.5454981924408626,0.2501798838436688,-0.009007919707382106,0.5650738398090661,0.2491239574704613,-0.011671306060309281,0.5546728305196915
1779791024.8354552,10.0,5.539943479999998,2.670716881970394,0.25003302763220014,-0.008918050391783103,0.5656693943441191,0.2491239574704613,-0.011671306060309281,0.5546728305196915
1779791024.8455522,10.0,5.560132403999999,2.7947940806583413,0.24987908246817173,-0.008821863128643474,0.5662745357864236,0.2491239574704613,-0.011671306060309281,0.5546728305196915
1779791024.8554943,10.0,5.580095522000001,2.908833348839869,0.2497210873479576,-0.008714122312915682,0.5668935753555067,0.2491239574704613,-0.011671306060309281,0.5546728305196915
1779791024.8654552,10.0,5.599966364000002,2.9812928088147963,0.24955652005253676,-0.0085956677450721,0.5675185649208875,0.2491239574704613,-0.011671306060309281,0.5546728305196915
1779791024.8754985,10.0,5.6199572720000015,3.0456529818176414,0.24939035241197002,-0.008480189570296018,0.5681416854190469,0.2491239574704613,-0.011671306060309281,0.5546728305196915
1779791024.8854916,10.0,5.640009558000001,3.109697336703312,0.24921777383043128,-0.008358168822617779,0.568771797663268,0.2491239574704613,-0.011671306060309281,0.5546728305196915
1779791024.8955424,10.0,5.660082602000002,3.104628212473221,0.2490335614208582,-0.008224632516112147,0.5694046657100293,0.2491239574704613,-0.011671306060309281,0.5546728305196915
1779791024.905453,10.0,5.679928838,3.037051586157918,0.24884641283231018,-0.00808345780002196,0.5700212188841537,0.2491239574704613,-0.011671306060309281,0.5546728305196915
1779791024.9155805,10.0,5.7001076620000015,2.9532494274639896,0.24864696643092873,-0.007940361423909184,0.5706069131973965,0.2491239574704613,-0.011671306060309281,0.5546728305196915
1779791024.9255173,10.0,5.719904284000003,2.854447748661385,0.24843004241336666,-0.00780330703176341,0.5711749327267748,0.2491239574704613,-0.011671306060309281,0.5546728305196915
1779791024.9354568,10.0,5.739905614,2.755769262033473,0.2481963555898499,-0.00766566652572624,0.5717397241231316,0.2491239574704613,-0.011671306060309281,0.5546728305196915
1779791024.945482,10.0,5.759981162,2.679857093050155,0.24794682420774142,-0.007513879342652439,0.5722946660515161,0.2491239574704613,-0.011671306060309281,0.5546728305196915
1779791024.9554582,10.0,5.780004471999998,2.678003429490718,0.24768887765883008,-0.007361701283137275,0.5728633875692702,0.2491239574704613,-0.011671306060309281,0.5546728305196915
1779791024.9655426,10.0,5.8001152479999964,2.709537879256641,0.24741314012551352,-0.007207729330282195,0.5734416636390944,0.2491239574704613,-0.011671306060309281,0.5546728305196915
1779791024.9754648,10.0,5.819919785999997,2.7426461225973453,0.24712127687977586,-0.007049874576244817,0.5740435625477145,0.2491239574704613,-0.011671306060309281,0.5546728305196915
1779791024.985474,10.0,5.839965357999999,2.773698851101033,0.2468146529229507,-0.006879635063970335,0.5746836390267732,0.2491239574704613,-0.011671306060309281,0.5546728305196915
1779791024.995478,10.0,5.860085451999999,2.8544800753351347,0.2465141423991137,-0.00670415648282113,0.575346978633153,0.2491239574704613,-0.011671306060309281,0.5546728305196915
1779791025.0054722,10.0,5.8799889159999985,3.0010851565003285,0.2462183084356364,-0.006531057824104161,0.5760215261461284,0.2491239574704613,-0.011671306060309281,0.5546728305196915
1779791025.0154831,10.0,5.899991967999999,3.1471129483548737,0.24593249144440618,-0.006362144352129972,0.5767167719749525,0.2491239574704613,-0.011671306060309281,0.5546728305196915
1779791025.025461,10.0,5.919972637999998,3.2630341019857054,0.24564223258804815,-0.006188043792641596,0.5774167375963482,0.2491239574704613,-0.011671306060309281,0.5546728305196915
1779791025.0354896,10.0,5.940007729999998,3.3697547407680606,0.245355841082942,-0.006014485863635145,0.578097947649173,0.2491239574704613,-0.011671306060309281,0.5546728305196915
1779791025.0454788,10.0,5.960014829999998,3.475283093715993,0.24507234754574142,-0.005844083404214449,0.5787563115173958,0.2491239574704613,-0.011671306060309281,0.5546728305196915
1779791025.0554817,10.0,5.98002219,3.5526437706734257,0.2447931809740119,-0.005675521677486953,0.579405194101302,0.2491239574704613,-0.011671306060309281,0.5546728305196915
1779791025.065499,10.0,5.999988574000001,3.601734437967876,0.24452269332664542,-0.005502490072831086,0.5800284603635611,0.2491239574704613,-0.011671306060309281,0.5546728305196915
1779791025.0754848,10.0,6.019927684000001,3.6748386700121967,0.24426885683179705,-0.00533631256204606,0.5806194120999678,0.2491239574704613,-0.011671306060309281,0.5546728305196915
1779791025.0855336,10.0,6.039930795999999,3.740299076223804,0.24402673847266457,-0.0051684463012973405,0.5811921158407912,0.2491239574704613,-0.011671306060309281,0.5546728305196915
1779791025.095545,10.0,6.060172440000001,3.7859114032708385,0.24380741892076163,-0.004998946214998735,0.5817352021161688,0.2491239574704613,-0.011671306060309281,0.5546728305196915
1779791025.1054478,10.0,6.079916582,3.837194715083956,0.24360954112587394,-0.004834102060435212,0.582248891343805,0.2491239574704613,-0.011671306060309281,0.5546728305196915
1779791025.1155124,10.0,6.1000701400000015,3.8892019468274635,0.24343330951451336,-0.0046730655484563885,0.5827340121523853,0.2491239574704613,-0.011671306060309281,0.5546728305196915
1779791025.1254864,10.0,6.120042514000003,3.9456995124650036,0.2432767098598736,-0.004523656760844166,0.5831688093808972,0.2491239574704613,-0.011671306060309281,0.5546728305196915
1779791025.1354973,10.0,6.139948964000005,4.01756492942239,0.24312787374420358,-0.004384083821933531,0.5835691939590918,0.2491239574704613,-0.011671306060309281,0.5546728305196915
1779791025.1455119,10.0,6.160034732000007,4.062048609427522,0.24298703352064266,-0.004249282506430698,0.5839192140042038,0.2491239574704613,-0.011671306060309281,0.5546728305196915
1779791025.1555264,10.0,6.180022676000005,4.097512306791085,0.2428640313583952,-0.004134450024176751,0.5842186939821639,0.2491239574704613,-0.011671306060309281,0.5546728305196915
1779791025.1655247,10.0,6.200087364000007,4.126698139882451,0.24275862751653274,-0.004033987114806835,0.5844621921776955,0.2491239574704613,-0.011671306060309281,0.5546728305196915
1779791025.175499,10.0,6.220010606000007,4.142744834299499,0.2426561182100374,-0.003936861127821374,0.5846661844132394,0.2491239574704613,-0.011671306060309281,0.5546728305196915
1779791025.1854737,10.0,6.240185062000006,4.1422419614259836,0.24256726691201905,-0.0038554331779375186,0.5848166984729695,0.2491239574704613,-0.011671306060309281,0.5546728305196915
1779791025.1954622,10.0,6.260075702000006,4.1898490321495405,0.2424898652418324,-0.003788315106768996,0.5849244809603499,0.2491239574704613,-0.011671306060309281,0.5546728305196915
1779791025.2054758,10.0,6.279947866000005,4.257085931377264,0.2424242012240271,-0.0037301001621864254,0.5850100886349082,0.2491239574704613,-0.011671306060309281,0.5546728305196915
1779791025.2155035,10.0,6.300212594000004,4.334716528489349,0.24237911017606203,-0.0036838512125206787,0.5850696137758523,0.2491239574704613,-0.011671306060309281,0.5546728305196915
1779791025.225482,10.0,6.319959500000004,4.425196076498351,0.24235527869190956,-0.0036487472212495915,0.5850971259235537,0.2491239574704613,-0.011671306060309281,0.5546728305196915
1779791025.23545,10.0,6.339902920000004,4.513498103617501,0.24234910772320253,-0.0036183460474224043,0.5850985462797373,0.2491239574704613,-0.011671306060309281,0.5546728305196915
1779791025.2454782,10.0,6.359908116000003,4.57721744109283,0.24236331681616083,-0.0035857672329752672,0.5850827592550417,0.2491239574704613,-0.011671306060309281,0.5546728305196915
1779791025.255497,10.0,6.3800309360000025,4.598620541446838,0.24238414357572305,-0.003556133447636708,0.5850530315548582,0.2491239574704613,-0.011671306060309281,0.5546728305196915
1779791025.2655234,10.0,6.399894504000004,4.573864708941541,0.24241137355025946,-0.0035327615912358248,0.5850019543599673,0.2491239574704613,-0.011671306060309281,0.5546728305196915
1779791025.2754972,10.0,6.419932782000003,4.541938195299431,0.24243971976915688,-0.0035178812818202703,0.5849287150373914,0.2491239574704613,-0.011671306060309281,0.5546728305196915
1779791025.285473,10.0,6.4399776340000034,4.497788302888323,0.24246285278890783,-0.003511331506646763,0.584847642997581,0.2491239574704613,-0.011671306060309281,0.5546728305196915
1779791025.2955241,10.0,6.459976518000005,4.423818626859883,0.2424872731448279,-0.0035098032528785112,0.5847631652829222,0.2491239574704613,-0.011671306060309281,0.5546728305196915
1779791025.3054864,10.0,6.480038242000004,4.330879890428241,0.24250652144418836,-0.0035123554556021675,0.5846872632939988,0.2491239574704613,-0.011671306060309281,0.5546728305196915
1779791025.3155406,10.0,6.4999711000000024,4.24646967994186,0.24252080132421852,-0.0035129894752735586,0.58462076107094,0.2491239574704613,-0.011671306060309281,0.5546728305196915
1779791025.3254588,10.0,6.5199709660000025,4.171424125359245,0.2425269783968386,-0.0035082920441716976,0.584573030131143,0.2491239574704613,-0.011671306060309281,0.5546728305196915
1779791025.335467,10.0,6.539993034000004,4.086090703715285,0.24252083246540532,-0.0034998310757836906,0.5845452624072323,0.2491239574704613,-0.011671306060309281,0.5546728305196915
1779791025.3454454,10.0,6.559980858000003,4.007573392733695,0.24251338742126458,-0.0034952527791198393,0.5845391295092028,0.2491239574704613,-0.011671306060309281,0.5546728305196915
1779791025.355448,10.0,6.579900974000004,3.959705578095693,0.24251116895118296,-0.0034923839638572643,0.5845447745901149,0.2491239574704613,-0.011671306060309281,0.5546728305196915
1779791025.3654883,10.0,6.5999609940000035,3.959615582693698,0.24250241805872993,-0.003492289509410777,0.5845611785686958,0.2491239574704613,-0.011671306060309281,0.5546728305196915
1779791025.3754709,10.0,6.619956250000003,3.9825724434553567,0.2424864093309253,-0.0034911728163016594,0.5845833664649103,0.2491239574704613,-0.011671306060309281,0.5546728305196915
1779791025.3854647,10.0,6.6400364900000035,3.997201664400399,0.24246254489408187,-0.0034814798822716316,0.5846243548252671,0.2491239574704613,-0.011671306060309281,0.5546728305196915
1779791025.3954651,10.0,6.659982494000001,3.988690376124903,0.2424258952703729,-0.003452018379057979,0.5846777814605167,0.2491239574704613,-0.011671306060309281,0.5546728305196915
1779791025.4054697,10.0,6.6800612080000015,3.975653759871888,0.2423722608615758,-0.00341580451130319,0.5847525444901942,0.2491239574704613,-0.011671306060309281,0.5546728305196915
1779791025.4155483,10.0,6.699923736000001,3.973259909971346,0.24231080453113502,-0.003374216170161144,0.5848437875050473,0.2491239574704613,-0.011671306060309281,0.5546728305196915
1779791025.4254696,10.0,6.71993314,4.001796450201602,0.2422429094063267,-0.0033252998177956588,0.5849586005625311,0.2491239574704613,-0.011671306060309281,0.5546728305196915
1779791025.435462,10.0,6.739929298,4.047287360813845,0.24216552212316605,-0.003270592855626828,0.58509518302148,0.2491239574704613,-0.011671306060309281,0.5546728305196915
1779791025.4454815,10.0,6.75989552,4.100180679029549,0.24209048371755787,-0.003218372539158702,0.5852568765116128,0.2491239574704613,-0.011671306060309281,0.5546728305196915
1779791025.4554834,10.0,6.779854949999999,4.176002298449106,0.24201982490314713,-0.003162996096999037,0.585422689127655,0.2491239574704613,-0.011671306060309281,0.5546728305196915
1779791025.4654825,10.0,6.799952962,4.262304761811134,0.2419599456615343,-0.0031005891676874286,0.5856085541120614,0.2491239574704613,-0.011671306060309281,0.5546728305196915
1779791025.4754717,10.0,6.819896322000001,4.3517443893596415,0.2419121654377369,-0.003042797049026235,0.5857877451162172,0.2491239574704613,-0.011671306060309281,0.5546728305196915
1779791025.4854772,10.0,6.8401628320000025,4.446931072442721,0.24187286555721627,-0.0029859813034152404,0.5859782167441236,0.2491239574704613,-0.011671306060309281,0.5546728305196915
1779791025.4954782,10.0,6.860019066000001,4.5204317890675725,0.24183850744854812,-0.002934271715202891,0.5861544203854131,0.2491239574704613,-0.011671306060309281,0.5546728305196915
1779791025.5054398,10.0,6.879871052,4.590683181939421,0.2418058944483277,-0.0028895923065238556,0.5863238312170864,0.2491239574704613,-0.011671306060309281,0.5546728305196915
1779791025.5154724,10.0,6.900005813999998,4.644643655565981,0.24178088435875136,-0.0028503421205792264,0.5864722594009335,0.2491239574704613,-0.011671306060309281,0.5546728305196915
1779791025.525465,10.0,6.919912403999998,4.675590799340572,0.24175810888532914,-0.0028246840469480384,0.5866014171662648,0.2491239574704613,-0.011671306060309281,0.5546728305196915
1779791025.535456,10.0,6.939946213999998,4.6832672226642345,0.2417436705750872,-0.0028010539901319994,0.5867063833091848,0.2491239574704613,-0.011671306060309281,0.5546728305196915
1779791025.545483,10.0,6.959935119999997,4.681448253930457,0.24174322062963816,-0.002787464960919674,0.5867764773825385,0.2491239574704613,-0.011671306060309281,0.5546728305196915
1779791025.555457,10.0,6.979977085999998,4.671354514498812,0.2417462705328271,-0.002772463027120857,0.5868228829317758,0.2491239574704613,-0.011671306060309281,0.5546728305196915
1779791025.5654776,10.0,6.999936213999999,4.660779868826687,0.2417529471281469,-0.0027628405584714153,0.5868479132882792,0.2491239574704613,-0.011671306060309281,0.5546728305196915
1779791025.5754647,10.0,7.019886206,4.6673327267003435,0.24175942493789182,-0.002751509530277235,0.5868643280515988,0.2491239574704613,-0.011671306060309281,0.5546728305196915
1779791025.5855074,10.0,7.039911460000001,4.703910284908279,0.2417678060657492,-0.002738082994383263,0.5868791934701486,0.2491239574704613,-0.011671306060309281,0.5546728305196915
1779791025.5955262,10.0,7.060184544000004,4.755329667004027,0.24177649698601872,-0.002724081944308817,0.5868948769661072,0.2491239574704613,-0.011671306060309281,0.5546728305196915
1779791025.605429,10.0,7.079881718000004,4.840834595083615,0.24179196044426726,-0.002677321752496865,0.5869101589806871,0.2491239574704613,-0.011671306060309281,0.5546728305196915
1779791025.615483,10.0,7.100060822000004,4.954626982864625,0.24181717508058667,-0.002609925664659218,0.586915799196115,0.2491239574704613,-0.011671306060309281,0.5546728305196915
1779791025.6254857,10.0,7.1199349700000045,5.077648529853271,0.2418399646614546,-0.0025406383077840973,0.5869211396033659,0.2491239574704613,-0.011671306060309281,0.5546728305196915
1779791025.6355107,10.0,7.139981586000004,5.200779620015891,0.24186797497436613,-0.00247182662254192,0.5869125078142149,0.2491239574704613,-0.011671306060309281,0.5546728305196915
1779791025.645499,10.0,7.160115606000003,5.319643970497249,0.24190603862090176,-0.002392569867266634,0.5869031108795986,0.2491239574704613,-0.011671306060309281,0.5546728305196915
1779791025.6555254,10.0,7.179925472000005,5.416309658225995,0.24194966486213768,-0.0023118823831367163,0.5868850124059467,0.2491239574704613,-0.011671306060309281,0.5546728305196915
1779791025.6655707,10.0,7.199939426000005,5.488681543605358,0.24199923109152666,-0.002216576832502275,0.5868604867353986,0.2491239574704613,-0.011671306060309281,0.5546728305196915
1779791025.6754475,10.0,7.2198561540000075,5.547374662461766,0.24206851703918622,-0.002101055236174746,0.586823449737828,0.2491239574704613,-0.011671306060309281,0.5546728305196915
1779791025.6854804,10.0,7.240180894000007,5.612512870187003,0.24215282560740692,-0.0019666130046032374,0.5867807360726861,0.2491239574704613,-0.011671306060309281,0.5546728305196915
1779791025.69551,10.0,7.260097944000008,5.652638146016355,0.24225164858602935,-0.0018067120355743688,0.5867314104803228,0.2491239574704613,-0.011671306060309281,0.5546728305196915
1779791025.705504,10.0,7.280008382000009,5.668181603233361,0.2423678021048374,-0.0016480621681574446,0.5866630784834854,0.2491239574704613,-0.011671306060309281,0.5546728305196915
1779791025.7154984,10.0,7.300057662000009,5.6791984307433,0.242495649207817,-0.001490255779834748,0.5865770980571899,0.2491239574704613,-0.011671306060309281,0.5546728305196915
1779791025.725453,10.0,7.319878148000009,5.6678221896543155,0.24262635928132648,-0.001327950764502745,0.5864676464019754,0.2491239574704613,-0.011671306060309281,0.5546728305196915
1779791025.7354782,10.0,7.339917588000008,5.633675859355042,0.24274730559387084,-0.0011747883637939522,0.5863509604547462,0.2491239574704613,-0.011671306060309281,0.5546728305196915
1779791025.7454677,10.0,7.359912044000007,5.592590152256816,0.24286859235087196,-0.0010322763493276583,0.5862240993425762,0.2491239574704613,-0.011671306060309281,0.5546728305196915
1779791025.755475,10.0,7.379984488000008,5.558500220555907,0.24298648686306404,-0.0008958778573983174,0.5860981818941241,0.2491239574704613,-0.011671306060309281,0.5546728305196915
1779791025.7655025,10.0,7.400235890000008,5.519138634987629,0.2430980869007885,-0.0007542037750890304,0.5859846662906667,0.2491239574704613,-0.011671306060309281,0.5546728305196915
1779791025.7755227,10.0,7.4200495240000075,5.471454957504905,0.24321028220291266,-0.0006174104022278292,0.5858865913637296,0.2491239574704613,-0.011671306060309281,0.5546728305196915
1779791025.785457,10.0,7.439957856000006,5.426054119067623,0.2433119587869238,-0.0004930231352081137,0.5858090646959216,0.2491239574704613,-0.011671306060309281,0.5546728305196915
1779791025.7954416,10.0,7.459903580000004,5.3799913980346314,0.24340832565625503,-0.00037069479183329953,0.585737326845685,0.2491239574704613,-0.011671306060309281,0.5546728305196915
1779791025.8054776,10.0,7.479936550000003,5.345161076701936,0.24348507388509766,-0.0002519119273664752,0.5856814748858692,0.2491239574704613,-0.011671306060309281,0.5546728305196915
1779791025.8154526,10.0,7.499923672000004,5.30953844911777,0.2435410170363199,-0.0001536810205215574,0.5856317667455296,0.2491239574704613,-0.011671306060309281,0.5546728305196915
1779791025.825488,10.0,7.519997978000003,5.2858986247236075,0.24358561700359305,-6.821171051083982e-05,0.5856001341643008,0.2491239574704613,-0.011671306060309281,0.5546728305196915
1779791025.8354857,10.0,7.540034154000004,5.270331971010426,0.24361058564227467,5.842901537160384e-06,0.5855897643474182,0.2491239574704613,-0.011671306060309281,0.5546728305196915
1779791025.8454676,10.0,7.559903052000005,5.267653184275089,0.2436215483183097,6.0822300056755235e-05,0.5855915527483035,0.2491239574704613,-0.011671306060309281,0.5546728305196915
1779791025.8555322,10.0,7.579946060000005,5.2867362404653075,0.24362547135543533,0.00010636867760615125,0.5856061807915156,0.2491239574704613,-0.011671306060309281,0.5546728305196915
1779791025.8655376,10.0,7.600096630000004,5.320898110893951,0.24362038957691318,0.00014898255827779707,0.5856476898512166,0.2491239574704613,-0.011671306060309281,0.5546728305196915
1779791025.8754816,10.0,7.619945130000004,5.336445164772383,0.2436147093646977,0.00018759651925673757,0.5857198609073778,0.2491239574704613,-0.011671306060309281,0.5546728305196915
1779791025.8854544,10.0,7.639978440000005,5.374993205984305,0.2436189119504714,0.00023256324692185298,0.5858015586345708,0.2491239574704613,-0.011671306060309281,0.5546728305196915
1779791025.895494,10.0,7.659925826000006,5.440192692942278,0.24362655254599927,0.00029464869734360186,0.5858848162176478,0.2491239574704613,-0.011671306060309281,0.5546728305196915
1779791025.905459,10.0,7.6798938320000065,5.507635888212081,0.24363771770142872,0.00037117753383261677,0.5859574885127855,0.2491239574704613,-0.011671306060309281,0.5546728305196915
1779791025.915451,10.0,7.699955156000007,5.579382984259492,0.24365806583792918,0.00044732779491377285,0.5860252761647055,0.2491239574704613,-0.011671306060309281,0.5546728305196915
1779791025.9254994,10.0,7.719900578000008,5.65426783734161,0.243687473779261,0.0005277139496939134,0.5860802244825942,0.2491239574704613,-0.011671306060309281,0.5546728305196915
1779791025.9354906,10.0,7.739940260000008,5.732840438246769,0.24371947935442032,0.000601808179774833,0.5861138600495334,0.2491239574704613,-0.011671306060309281,0.5546728305196915
1779791025.9455009,10.0,7.759900170000009,5.791756228329032,0.24375745706050098,0.0006715708733509545,0.5861237132405964,0.2491239574704613,-0.011671306060309281,0.5546728305196915
1779791025.9554582,10.0,7.77994852800001,5.8483637465352905,0.24380293917111717,0.0007433248543748538,0.5861241908127512,0.2491239574704613,-0.011671306060309281,0.5546728305196915
1779791025.965476,10.0,7.800264934000008,5.89569157673552,0.24385790440716876,0.0008331514116708083,0.5861176757367975,0.2491239574704613,-0.011671306060309281,0.5546728305196915
1779791025.9755046,10.0,7.820047990000009,5.926639331427835,0.24392715391655473,0.0009317995529600542,0.5861090979866017,0.2491239574704613,-0.011671306060309281,0.5546728305196915
1779791025.9854724,10.0,7.8399523140000085,5.969376187964224,0.24401022458802238,0.0010375662727876414,0.5860919402366672,0.2491239574704613,-0.011671306060309281,0.5546728305196915
1779791025.9954734,10.0,7.859908398000009,6.0225124993069254,0.24411393560209274,0.001163740013250819,0.5860654382204125,0.2491239574704613,-0.011671306060309281,0.5546728305196915
1779791026.005478,10.0,7.879929444000008,6.041283724480011,0.24422587959452793,0.001294466702733354,0.5860247728414005,0.2491239574704613,-0.011671306060309281,0.5546728305196915
1779791026.015465,10.0,7.899940972000009,6.02754490259969,0.24434280133098993,0.001421467692965744,0.5859737698166805,0.2491239574704613,-0.011671306060309281,0.5546728305196915
1779791026.025496,10.0,7.9200116320000085,5.983813841555565,0.24444872205457072,0.0015472932822414654,0.5859081581676818,0.2491239574704613,-0.011671306060309281,0.5546728305196915
1779791026.0354755,10.0,7.939869790000009,5.917261707318957,0.24454331693647852,0.0016583049965549267,0.5858365925556593,0.2491239574704613,-0.011671306060309281,0.5546728305196915
1779791026.0454965,10.0,7.9599231580000085,5.865628297265122,0.2446327728843831,0.0017647244359494311,0.5857675197597164,0.2491239574704613,-0.011671306060309281,0.5546728305196915
1779791026.0555203,10.0,7.980125248000009,5.805772263113866,0.24471677515336626,0.001858942632437881,0.5857040197327787,0.2491239574704613,-0.011671306060309281,0.5546728305196915
1779791026.0654712,10.0,8.000019032000012,5.72562750608119,0.24479374443714488,0.0019416796892922892,0.5856472256138248,0.2491239574704613,-0.011671306060309281,0.5546728305196915
1779791026.0755548,10.0,8.019974374000011,5.644755087247257,0.24486222838738228,0.0020119049779178137,0.5855965827255344,0.2491239574704613,-0.011671306060309281,0.5546728305196915
1779791026.0854976,10.0,8.03995562600001,5.578539242484331,0.24492238726523383,0.0020759287585589543,0.5855477457758503,0.2491239574704613,-0.011671306060309281,0.5546728305196915
1779791026.0954573,10.0,8.06005313600001,5.535425922882175,0.24497455511631272,0.0021391399557816626,0.5855126059535612,0.2491239574704613,-0.011671306060309281,0.5546728305196915
1779791026.105478,10.0,8.07985322400001,5.508919332205953,0.2450148798885882,0.0021933907718768675,0.585488309700974,0.2491239574704613,-0.011671306060309281,0.5546728305196915
1779791026.1154797,10.0,8.100005498000009,5.502365151395514,0.24504535401473185,0.002249851343977043,0.5854790576745983,0.2491239574704613,-0.011671306060309281,0.5546728305196915
1779791026.125458,10.0,8.12009619600001,5.5110071528546785,0.24506338134453712,0.0023073964564909034,0.5854789237105498,0.2491239574704613,-0.011671306060309281,0.5546728305196915
1779791026.1354494,10.0,8.139890014000011,5.534847097104821,0.2450711568361782,0.002354629151838641,0.5854936470788078,0.2491239574704613,-0.011671306060309281,0.5546728305196915
1779791026.1454973,10.0,8.16000257200001,5.575545731413979,0.24507491393822411,0.0023945500290190602,0.5855255723436132,0.2491239574704613,-0.011671306060309281,0.5546728305196915
1779791026.1554637,10.0,8.179997270000012,5.631659653799272,0.2450681852969587,0.002416175192828142,0.5855869564048676,0.2491239574704613,-0.011671306060309281,0.5546728305196915
1779791026.1655269,10.0,8.199905962000011,5.673647848935765,0.24506465975859137,0.002430524986077007,0.5856686690216785,0.2491239574704613,-0.011671306060309281,0.5546728305196915
1779791026.1754975,10.0,8.220086310000013,5.706384904141966,0.24506178373701734,0.00244492874483355,0.5857590941911415,0.2491239574704613,-0.011671306060309281,0.5546728305196915
1779791026.1854951,10.0,8.239947134000014,5.731076875980269,0.24505913346644867,0.0024690297265787986,0.5858483531474395,0.2491239574704613,-0.011671306060309281,0.5546728305196915
1779791026.195471,10.0,8.260021540000015,5.745718550109746,0.24505982913198787,0.002497789907705148,0.5859362772210794,0.2491239574704613,-0.011671306060309281,0.5546728305196915
1779791026.205462,10.0,8.279849962000014,5.741697286540679,0.24506573984647673,0.0025370772028536293,0.5860290392980645,0.2491239574704613,-0.011671306060309281,0.5546728305196915
1779791026.2155368,10.0,8.300083672000012,5.7326797610011875,0.24507512746449955,0.002579107959014074,0.5861293413633422,0.2491239574704613,-0.011671306060309281,0.5546728305196915
1779791026.2254508,10.0,8.319915780000013,5.727925698493961,0.2450895168011879,0.002633807774332856,0.5862425315067697,0.2491239574704613,-0.011671306060309281,0.5546728305196915
1779791026.235485,10.0,8.339942116000014,5.751964219697698,0.24510580042603394,0.0026947354659920576,0.5863726054750911,0.2491239574704613,-0.011671306060309281,0.5546728305196915
1779791026.2454772,10.0,8.359998730000013,5.794059403888173,0.24512365414983142,0.00276755149344705,0.5865292714075003,0.2491239574704613,-0.011671306060309281,0.5546728305196915
1779791026.2555263,10.0,8.380005308000014,5.860622038209808,0.24514103797069922,0.002840570661394269,0.5866992858291881,0.2491239574704613,-0.011671306060309281,0.5546728305196915
1779791026.2655077,10.0,8.399891620000012,5.952252256712583,0.2451586426472795,0.0029130367723516036,0.5868737523934594,0.2491239574704613,-0.011671306060309281,0.5546728305196915
1779791026.2755141,10.0,8.41988960200001,6.072385703161017,0.24517581420298543,0.002993804973136352,0.587046248357293,0.2491239574704613,-0.011671306060309281,0.5546728305196915
1779791026.285506,10.0,8.44004426200001,6.208077302472435,0.24519560356020045,0.0030783080475729548,0.5872143850833479,0.2491239574704613,-0.011671306060309281,0.5546728305196915
1779791026.2954853,10.0,8.460035312000011,6.326541769811498,0.24521758409561897,0.003169899186447711,0.5873684471837713,0.2491239574704613,-0.011671306060309281,0.5546728305196915
1779791026.3054557,10.0,8.48002067000001,6.431549322275099,0.245243393912552,0.003271743379552875,0.5875009439657236,0.2491239574704613,-0.011671306060309281,0.5546728305196915
1779791026.3154552,10.0,8.499896762000011,6.538031101750845,0.2452727269975204,0.0033763343237055814,0.5876133905661018,0.2491239574704613,-0.011671306060309281,0.5546728305196915
1779791026.3254697,10.0,8.51995187200001,6.621809922513925,0.2453031164773305,0.0034807374710468233,0.5876982639697725,0.2491239574704613,-0.011671306060309281,0.5546728305196915
1779791026.3354487,10.0,8.53994077800001,6.6863172153724735,0.24534205696603564,0.0035951191137234537,0.5877533893024681,0.2491239574704613,-0.011671306060309281,0.5546728305196915
1779791026.3455393,10.0,8.559983386000011,6.722518968552456,0.24538620155123242,0.003699317371343717,0.5877811806527015,0.2491239574704613,-0.011671306060309281,0.5546728305196915
1779791026.3554955,10.0,8.57989969200001,6.723185273564989,0.2454405972445565,0.0037928658922230197,0.587785623996871,0.2491239574704613,-0.011671306060309281,0.5546728305196915
1779791026.3654518,10.0,8.599934886000009,6.698244442165299,0.24549969897230114,0.0038827890981685312,0.5877720822867025,0.2491239574704613,-0.011671306060309281,0.5546728305196915
1779791026.3754544,10.0,8.620030574000008,6.660163057667422,0.2455502860652232,0.0039633529566022825,0.5877511449349317,0.2491239574704613,-0.011671306060309281,0.5546728305196915
1779791026.385502,10.0,8.640114600000008,6.619734455994934,0.24559621731882766,0.004031231127429455,0.5877202743330525,0.2491239574704613,-0.011671306060309281,0.5546728305196915
1779791026.3954542,10.0,8.660057036000008,6.579384069756442,0.24564089881137213,0.00409312062466563,0.587688405225023,0.2491239574704613,-0.011671306060309281,0.5546728305196915
1779791026.4055154,10.0,8.679978034000005,6.523643450914691,0.24568404168160052,0.004156704713689592,0.5876560120308827,0.2491239574704613,-0.011671306060309281,0.5546728305196915
1779791026.4154425,10.0,8.699937504000005,6.473178140806481,0.2457252805295267,0.004220075760333774,0.5876298463059608,0.2491239574704613,-0.011671306060309281,0.5546728305196915
1779791026.4255092,10.0,8.720016238000007,6.442713422858404,0.24576298882831504,0.0042823961703321155,0.5876089624428669,0.2491239574704613,-0.011671306060309281,0.5546728305196915
1779791026.4354892,10.0,8.740008932000006,6.424346313631066,0.2457933481576206,0.004346338468737637,0.5875947635127664,0.2491239574704613,-0.011671306060309281,0.5546728305196915
1779791026.4455352,10.0,8.760166276000005,6.400447828649422,0.24581345181723957,0.004403593877472909,0.5875885214981107,0.2491239574704613,-0.011671306060309281,0.5546728305196915
1779791026.4554598,10.0,8.780149430000003,6.400603560888259,0.24582784024855123,0.004454408068130066,0.5875884235650264,0.2491239574704613,-0.011671306060309281,0.5546728305196915
1779791026.4654999,10.0,8.800011536000003,6.432335995380058,0.2458388187493263,0.004499052386975304,0.5876027114591709,0.2491239574704613,-0.011671306060309281,0.5546728305196915
1779791026.4754367,10.0,8.819869934000003,6.473527577693763,0.2458469270787064,0.004542727155724649,0.5876377831643412,0.2491239574704613,-0.011671306060309281,0.5546728305196915
1779791026.485469,10.0,8.840013392000007,6.518204192650325,0.24585806814973804,0.004586383294325255,0.5876908422262864,0.2491239574704613,-0.011671306060309281,0.5546728305196915
1779791026.4954786,10.0,8.860031112000005,6.553839753813105,0.2458694911171735,0.004636207288480697,0.5877525943876192,0.2491239574704613,-0.011671306060309281,0.5546728305196915
1779791026.5054746,10.0,8.879926260000005,6.591375761923141,0.24588335024366664,0.004693740747699681,0.5878185996879088,0.2491239574704613,-0.011671306060309281,0.5546728305196915
1779791026.5154507,10.0,8.899959530000006,6.627744988426682,0.24590011607341666,0.004750719352543803,0.5878813474137268,0.2491239574704613,-0.011671306060309281,0.5546728305196915
1779791026.5254486,10.0,8.919923328000005,6.665629746530693,0.24591962973601056,0.004809041133016673,0.5879299169792678,0.2491239574704613,-0.011671306060309281,0.5546728305196915
1779791026.5354788,10.0,8.939940726000005,6.708498422263452,0.24595385110277015,0.00487556840477429,0.587960639938159,0.2491239574704613,-0.011671306060309281,0.5546728305196915
1779791026.5454476,10.0,8.959918992000004,6.761278533131823,0.24600245726757097,0.0049534629793084204,0.5879798918820728,0.2491239574704613,-0.011671306060309281,0.5546728305196915
1779791026.5554569,10.0,8.979981596000004,6.795774170804516,0.24606852475745233,0.0050452990088451595,0.5879873054490359,0.2491239574704613,-0.011671306060309281,0.5546728305196915
1779791026.5654542,10.0,8.999985750000004,6.822720913037237,0.24613512288460046,0.005142099443826816,0.587989749695558,0.2491239574704613,-0.011671306060309281,0.5546728305196915
1779791026.5754416,10.0,9.019855510000006,6.833687723987784,0.2462071802034265,0.005245604778159494,0.5879882165704505,0.2491239574704613,-0.011671306060309281,0.5546728305196915
1779791026.5854335,10.0,9.039899200000004,6.850205124495284,0.24627155764591271,0.005351514712951511,0.5879811484730869,0.2491239574704613,-0.011671306060309281,0.5546728305196915
1779791026.5955276,10.0,9.060000518000003,6.875903541910074,0.24633476977386104,0.005458273173922392,0.5879665376820258,0.2491239574704613,-0.011671306060309281,0.5546728305196915
1779791026.6054633,10.0,9.07992929,6.907302845702466,0.24639040923070252,0.005563527218529456,0.5879521986439007,0.2491239574704613,-0.011671306060309281,0.5546728305196915
1779791026.615444,10.0,9.099938594000001,6.923383612074331,0.24644455416602498,0.005665035681688111,0.5879325343101091,0.2491239574704613,-0.011671306060309281,0.5546728305196915
1779791026.6254523,10.0,9.119895378000002,6.94277606863739,0.24650201419780485,0.005775046455455971,0.5879165002441117,0.2491239574704613,-0.011671306060309281,0.5546728305196915
1779791026.6354785,10.0,9.139943896000004,6.946049751831901,0.2465567919245124,0.005889660486677176,0.5879051726166815,0.2491239574704613,-0.011671306060309281,0.5546728305196915
1779791026.6454616,10.0,9.160029646000003,6.942770256737341,0.2466031328060226,0.006004040262124485,0.5878900495904169,0.2491239574704613,-0.011671306060309281,0.5546728305196915
1779791026.655497,10.0,9.180041834000004,6.942476680673986,0.24663790964074986,0.006110052973765167,0.5878811984188198,0.2491239574704613,-0.011671306060309281,0.5546728305196915
1779791026.6654549,10.0,9.199993750000004,6.943114322668322,0.2466637737301692,0.006206760007280165,0.5878767998398615,0.2491239574704613,-0.011671306060309281,0.5546728305196915
1779791026.6754699,10.0,9.219877456000006,6.95079323532903,0.24668633670681075,0.00628674011277809,0.5878812381133172,0.2491239574704613,-0.011671306060309281,0.5546728305196915
1779791026.685465,10.0,9.239955310000006,6.95290734043739,0.24670302169225983,0.006358671226187873,0.5879027681047153,0.2491239574704613,-0.011671306060309281,0.5546728305196915
1779791026.6955297,10.0,9.260002086000004,6.957553243532082,0.24672007685928002,0.00642450239112577,0.5879421544077635,0.2491239574704613,-0.011671306060309281,0.5546728305196915
1779791026.7055233,10.0,9.279938572000004,6.965509285181808,0.24673632804578519,0.00648824568728259,0.5879956761424778,0.2491239574704613,-0.011671306060309281,0.5546728305196915
1779791026.7155666,10.0,9.300019472000006,6.980673887212021,0.24675248354738338,0.0065457759486177375,0.5880594441802302,0.2491239574704613,-0.011671306060309281,0.5546728305196915
1779791026.7255592,10.0,9.320204868000005,7.006536532002973,0.24676729474349726,0.006606068178192329,0.5881358434011018,0.2491239574704613,-0.011671306060309281,0.5546728305196915
1779791026.7354395,10.0,9.339895450000004,7.023364939928786,0.24678239892796136,0.006668785242252626,0.5882039606754109,0.2491239574704613,-0.011671306060309281,0.5546728305196915
1779791026.7455347,10.0,9.359982902000004,7.058167986567744,0.2468003469818832,0.0067363000389479176,0.5882656540527404,0.2491239574704613,-0.011671306060309281,0.5546728305196915
1779791026.7554839,10.0,9.379988198000005,7.092221410369895,0.24682192887038837,0.006805348336476499,0.5883209354386504,0.2491239574704613,-0.011671306060309281,0.5546728305196915
1779791026.7654727,10.0,9.400032048000005,7.128432387482208,0.24685056811543563,0.006881960652263089,0.5883612146308527,0.2491239574704613,-0.011671306060309281,0.5546728305196915
1779791026.7754314,10.0,9.419882732000007,7.1813314687713765,0.24689395093954758,0.006974748084080238,0.5883838224690199,0.2491239574704613,-0.011671306060309281,0.5546728305196915
1779791026.7855291,10.0,9.439919026000007,7.234154169840472,0.24695114611840396,0.007078727890438463,0.5883883971990762,0.2491239574704613,-0.011671306060309281,0.5546728305196915
1779791026.7955291,10.0,9.459935424000008,7.27006383277782,0.24701663622399112,0.007182282578527859,0.5883878380494415,0.2491239574704613,-0.011671306060309281,0.5546728305196915
1779791026.8054726,10.0,9.480034678000008,7.302218032420952,0.24709724535790198,0.007283106531108065,0.588385411509122,0.2491239574704613,-0.011671306060309281,0.5546728305196915
1779791026.8154693,10.0,9.500005890000008,7.3347516882367785,0.24718457075933256,0.0073955603499874095,0.5883741884804837,0.2491239574704613,-0.011671306060309281,0.5546728305196915
1779791026.8254967,10.0,9.520031846000009,7.34905031798495,0.24726714631289254,0.007499500963051638,0.5883614161670938,0.2491239574704613,-0.011671306060309281,0.5546728305196915
1779791026.8354402,10.0,9.539948534000011,7.3209539237694035,0.24734220134963814,0.007598899522458672,0.5883368461968925,0.2491239574704613,-0.011671306060309281,0.5546728305196915
1779791026.845506,10.0,9.560024264000011,7.293315831734163,0.24741812020211534,0.007704559630988463,0.5883085969007313,0.2491239574704613,-0.011671306060309281,0.5546728305196915
1779791026.8554842,10.0,9.57999511600001,7.275644906802276,0.24749350120303545,0.007811768564326947,0.588283006191963,0.2491239574704613,-0.011671306060309281,0.5546728305196915
1779791026.8654656,10.0,9.600006664000013,7.26460797365562,0.2475590251348965,0.007917511214515628,0.5882575623875553,0.2491239574704613,-0.011671306060309281,0.5546728305196915
1779791026.8755033,10.0,9.620017812000013,7.254421448002121,0.24760778648906057,0.008018540147808442,0.5882306625596255,0.2491239574704613,-0.011671306060309281,0.5546728305196915
1779791026.8855286,10.0,9.63998726000001,7.2528680196698305,0.2476464052141459,0.00811214418871048,0.5882046846674501,0.2491239574704613,-0.011671306060309281,0.5546728305196915
1779791026.8954341,10.0,9.659988128000009,7.260202519498455,0.2476749471825218,0.008194604960005307,0.5881848254771144,0.2491239574704613,-0.011671306060309281,0.5546728305196915
1779791026.9054663,10.0,9.679957436000011,7.268289514751131,0.24768955063172532,0.008254520916574557,0.5881759125626282,0.2491239574704613,-0.011671306060309281,0.5546728305196915
1779791026.915481,10.0,9.70002549200001,7.274444262905648,0.2476958187525625,0.008300902756230275,0.5881835725842686,0.2491239574704613,-0.011671306060309281,0.5546728305196915
1779791026.9254334,10.0,9.72017716400001,7.287368691377974,0.24769780530512558,0.008336733363117672,0.5882057049979197,0.2491239574704613,-0.011671306060309281,0.5546728305196915
1779791026.9355202,10.0,9.73997759400001,7.28692105585248,0.24769911833901415,0.008371270997355944,0.5882507558303632,0.2491239574704613,-0.011671306060309281,0.5546728305196915
1779791026.9455411,10.0,9.759902278000009,7.254734305686321,0.24769125435270964,0.008396916522312892,0.588309857085228,0.2491239574704613,-0.011671306060309281,0.5546728305196915
1779791026.9554715,10.0,9.77992202200001,7.191808813805358,0.24767550296502158,0.0084158571917284,0.5883877655107265,0.2491239574704613,-0.011671306060309281,0.5546728305196915
1779791026.9654691,10.0,9.799965170000009,7.122439819848387,0.2476555371018012,0.00843512671175732,0.5884888460634158,0.2491239574704613,-0.011671306060309281,0.5546728305196915
1779791026.9754548,10.0,9.819890674000009,7.0540868229129865,0.24762520651681497,0.008457349774583792,0.5886112354564312,0.2491239574704613,-0.011671306060309281,0.5546728305196915
1779791026.9854965,10.0,9.840084648000008,7.012388262427408,0.24757840028528447,0.008489319268211993,0.5887556565716147,0.2491239574704613,-0.011671306060309281,0.5546728305196915
1779791026.9954906,10.0,9.859946392000008,6.9815485392137475,0.2475176988747748,0.008528483050651176,0.5889259845682093,0.2491239574704613,-0.011671306060309281,0.5546728305196915
1779791027.0054533,10.0,9.880062640000009,6.953778203829917,0.2474544904626493,0.00856977529441542,0.5891279766562127,0.2491239574704613,-0.011671306060309281,0.5546728305196915
1779791027.015543,10.0,9.900085228000009,6.932704601569007,0.2473833957553147,0.008626808037470046,0.5893699348985745,0.2491239574704613,-0.011671306060309281,0.5546728305196915
1779791027.0254428,10.0,9.91994168400001,6.920070300992076,0.2473089122498155,0.008686932323934958,0.589655826824405,0.2491239574704613,-0.011671306060309281,0.5546728305196915
1779791027.0354857,10.0,9.939998798000008,6.9333742648716665,0.24722950738984176,0.008760653451560248,0.5899850103602158,0.2491239574704613,-0.011671306060309281,0.5546728305196915
1779791027.045459,10.0,9.959934422000009,6.98817606512129,0.24713502592723713,0.008841055117944977,0.5903565481438351,0.2491239574704613,-0.011671306060309281,0.5546728305196915
1779791027.055465,10.0,9.979925994000011,7.065194889967885,0.24704711353218148,0.008930074964255717,0.5907621092384925,0.2491239574704613,-0.011671306060309281,0.5546728305196915
1779791027.0654585,10.0,9.99995784000001,7.175286069743071,0.24696800577554107,0.009017760157016344,0.591184858394215,0.2491239574704613,-0.011671306060309281,0.5546728305196915
1779791027.0754697,10.0,10.0,7.270931647437044,0.24688776541442492,0.009110795034075862,0.5916308427679622,0.2491239574704613,-0.011671306060309281,0.5546728305196915
1779791027.0854774,10.0,10.0,7.343955274007228,0.24681036117825333,0.009203124412410942,0.5920918102801809,0.2491239574704613,-0.011671306060309281,0.5546728305196915
1779791027.0954957,10.0,10.0,7.385113931698122,0.24672577203056556,0.009298594847739542,0.5925689379656839,0.2491239574704613,-0.011671306060309281,0.5546728305196915
1779791027.1055195,10.0,10.0,7.408439785317574,0.24663950667200593,0.009405910115591802,0.5930415327626208,0.2491239574704613,-0.011671306060309281,0.5546728305196915
1779791027.1154742,10.0,10.0,7.4351563153922635,0.24654939870837375,0.009516499769246449,0.5935160211366604,0.2491239574704613,-0.011671306060309281,0.5546728305196915
1779791027.125484,10.0,10.0,7.4280204320472905,0.24645931038741098,0.009629935901172726,0.5939935597335247,0.2491239574704613,-0.011671306060309281,0.5546728305196915
1779791027.1354878,10.0,10.0,7.387499178244513,0.2463668044558126,0.009743928985322841,0.5944407533220958,0.2491239574704613,-0.011671306060309281,0.5546728305196915
1779791027.1455114,10.0,10.0,7.363478201976348,0.24627474009653486,0.00985380163741614,0.5948714049134324,0.2491239574704613,-0.011671306060309281,0.5546728305196915
1779791027.155479,10.0,10.0,7.330581068172764,0.24617141402765366,0.009966290518237948,0.5952825829382921,0.2491239574704613,-0.011671306060309281,0.5546728305196915
1779791027.1655116,10.0,10.0,7.295605847836647,0.24606691964187258,0.010076382409311977,0.595680779485299,0.2491239574704613,-0.011671306060309281,0.5546728305196915
1779791027.1754422,10.0,10.0,7.299888741729643,0.24594725121035507,0.010191089960091809,0.5960753273707157,0.2491239574704613,-0.011671306060309281,0.5546728305196915
1779791027.1854806,10.0,10.0,7.32797768176307,0.2458269580900292,0.010310299315846493,0.5964725610065129,0.2491239574704613,-0.011671306060309281,0.5546728305196915
1779791027.1955607,10.0,10.0,7.394738712054663,0.24570667691258294,0.010433857152360636,0.596872249824696,0.2491239574704613,-0.011671306060309281,0.5546728305196915
1779791027.2054543,10.0,10.0,7.494780056662469,0.2455886960132624,0.01055257160650063,0.5972775714708128,0.2491239574704613,-0.011671306060309281,0.5546728305196915
1779791027.2155426,10.0,10.0,7.5904787279216945,0.24548477585764047,0.010666814528486095,0.5976811828704257,0.2491239574704613,-0.011671306060309281,0.5546728305196915
1779791027.2254434,10.0,10.0,7.676572955601174,0.24538684924962603,0.01078078917506034,0.5980888125990603,0.2491239574704613,-0.011671306060309281,0.5546728305196915
1779791027.2354622,10.0,10.0,7.744034609510853,0.24530204419986915,0.010883861792314271,0.5984847402357346,0.2491239574704613,-0.011671306060309281,0.5546728305196915
1779791027.245544,10.0,10.0,7.808771741377914,0.24522773731673828,0.010987250471112143,0.5988674232034932,0.2491239574704613,-0.011671306060309281,0.5546728305196915
1779791027.2555437,10.0,10.0,7.860904285819758,0.2451607365704881,0.011079669259401874,0.5992244213848537,0.2491239574704613,-0.011671306060309281,0.5546728305196915
1779791027.2654734,10.0,10.0,7.902735785053492,0.24510242504591287,0.011167642637702318,0.5995686365310109,0.2491239574704613,-0.011671306060309281,0.5546728305196915
1779791027.2754548,10.0,10.0,7.931609670138157,0.24505696842711655,0.011242301832245475,0.5998788174130256,0.2491239574704613,-0.011671306060309281,0.5546728305196915
1779791027.2855237,10.0,10.0,7.948602914241971,0.24502908423270403,0.011306247182715789,0.6001596029529088,0.2491239574704613,-0.011671306060309281,0.5546728305196915
1779791027.2954724,10.0,10.0,7.950361592151397,0.2450160808528425,0.01135960870997291,0.6004055947700363,0.2491239574704613,-0.011671306060309281,0.5546728305196915
1779791027.3054655,10.0,10.0,7.942284332768888,0.2450132248933739,0.011395841865252884,0.6006051998740138,0.2491239574704613,-0.011671306060309281,0.5546728305196915
1779791027.3155534,10.0,10.0,7.9168932970423604,0.2450153602025026,0.011424651929030376,0.6007594316361765,0.2491239574704613,-0.011671306060309281,0.5546728305196915
1779791027.3254917,10.0,10.0,7.886968391222036,0.24501750544501522,0.011448444950423478,0.6008701038819567,0.2491239574704613,-0.011671306060309281,0.5546728305196915
1779791027.3355145,10.0,10.0,7.8730540909908555,0.2450193151152518,0.011462731928829848,0.6009491663249251,0.2491239574704613,-0.011671306060309281,0.5546728305196915
1779791027.3454812,10.0,10.0,7.8649522182393525,0.2450216173074205,0.011470025189508452,0.6010044084564171,0.2491239574704613,-0.011671306060309281,0.5546728305196915
1779791027.3555443,10.0,10.0,7.865530994905314,0.24502241314027082,0.011478954754205156,0.6010499232186156,0.2491239574704613,-0.011671306060309281,0.5546728305196915
1779791027.365479,10.0,10.0,7.8798305350046505,0.24502075927099207,0.0114829041028644,0.6010834200269611,0.2491239574704613,-0.011671306060309281,0.5546728305196915
1779791027.3754811,10.0,10.0,7.9004197044298525,0.24502137099378946,0.011487127566383292,0.6011062485001367,0.2491239574704613,-0.011671306060309281,0.5546728305196915
1779791027.385435,10.0,10.0,7.926712608499219,0.24502291408407037,0.011487698530677683,0.6011170264632169,0.2491239574704613,-0.011671306060309281,0.5546728305196915
1779791027.3954716,10.0,10.0,7.957961641856435,0.24502270518651814,0.01149171559920941,0.6011160168233314,0.2491239574704613,-0.011671306060309281,0.5546728305196915
1779791027.405446,10.0,10.0,7.975465128457268,0.24502632747807754,0.01149011514621452,0.6011097249845975,0.2491239574704613,-0.011671306060309281,0.5546728305196915
1779791027.415468,10.0,10.0,7.973576723671761,0.24503565717239703,0.011489662323072063,0.6010987624745858,0.2491239574704613,-0.011671306060309281,0.5546728305196915
1779791027.4255016,10.0,10.0,7.9704830372883135,0.24504864109748833,0.01148846190045293,0.6010889914525865,0.2491239574704613,-0.011671306060309281,0.5546728305196915
1779791027.4354415,10.0,10.0,7.948980136452776,0.24506170588113377,0.011484370947011317,0.6010780253015724,0.2491239574704613,-0.011671306060309281,0.5546728305196915
1779791027.445511,10.0,10.0,7.907427696248622,0.24506982176536107,0.011477231872118642,0.6010671882942062,0.2491239574704613,-0.011671306060309281,0.5546728305196915
1779791027.4554923,10.0,10.0,7.844014052880276,0.24507772860865734,0.011470288746164153,0.601057840522619,0.2491239574704613,-0.011671306060309281,0.5546728305196915
1779791027.4655578,10.0,10.0,7.798998190270439,0.24508435833706477,0.011464278437329384,0.6010525548262066,0.2491239574704613,-0.011671306060309281,0.5546728305196915
1779791027.4754398,10.0,10.0,7.78690709571386,0.24508984403906756,0.011460597079313987,0.6010484373772496,0.2491239574704613,-0.011671306060309281,0.5546728305196915
1779791027.4854743,10.0,10.0,7.800088593427934,0.2450910356636204,0.011461353235373922,0.6010492886060526,0.2491239574704613,-0.011671306060309281,0.5546728305196915
1779791027.4954572,10.0,10.0,7.825570160878014,0.24509319600157295,0.011466517962703315,0.6010580018282013,0.2491239574704613,-0.011671306060309281,0.5546728305196915
1779791027.5055275,10.0,10.0,7.87637413247726,0.24509600149020885,0.011474111073847623,0.6010687014856005,0.2491239574704613,-0.011671306060309281,0.5546728305196915
1779791027.5154839,10.0,10.0,7.9489853849894825,0.245097031585177,0.011484132434456291,0.6010782947177439,0.2491239574704613,-0.011671306060309281,0.5546728305196915
1779791027.5254738,10.0,10.0,8.04231170700346,0.24509744696795308,0.011490948722077564,0.6010827370766778,0.2491239574704613,-0.011671306060309281,0.5546728305196915
1779791027.5354645,10.0,10.0,8.135180093923495,0.2450999771725211,0.011498597897277344,0.6010866139981313,0.2491239574704613,-0.011671306060309281,0.5546728305196915
1779791027.545477,10.0,10.0,8.213841917897806,0.24510531823750759,0.011505714745947917,0.6010862635274451,0.2491239574704613,-0.011671306060309281,0.5546728305196915
1779791027.555457,10.0,10.0,8.278634198810161,0.24511414029921702,0.011513331540385002,0.6010832125410348,0.2491239574704613,-0.011671306060309281,0.5546728305196915
1779791027.5654743,10.0,10.0,8.336137038063141,0.24513740622268923,0.011534151758300854,0.6010659786189765,0.2491239574704613,-0.011671306060309281,0.5546728305196915
1779791027.5754983,10.0,10.0,8.38867255127015,0.24517120601817996,0.011555491679183903,0.6010407496596967,0.2491239574704613,-0.011671306060309281,0.5546728305196915
1779791027.5855124,10.0,10.0,8.409005798790778,0.2452106486379026,0.011577195526285207,0.6010036935818264,0.2491239574704613,-0.011671306060309281,0.5546728305196915
1779791027.5954466,10.0,10.0,8.410725629044773,0.24526671463230745,0.011594100190549307,0.6009502958697537,0.2491239574704613,-0.011671306060309281,0.5546728305196915
1779791027.6054633,10.0,10.0,8.43495023043607,0.24533551052253308,0.011620058904973606,0.6008815337715593,0.2491239574704613,-0.011671306060309281,0.5546728305196915
1779791027.6154635,10.0,10.0,8.430508021929136,0.2454171575335645,0.011650237594103571,0.6007912503741573,0.2491239574704613,-0.011671306060309281,0.5546728305196915
1779791027.625496,10.0,10.0,8.407091196009828,0.2455134030139287,0.011677662659771337,0.6006763415817765,0.2491239574704613,-0.011671306060309281,0.5546728305196915
1779791027.6354253,10.0,10.0,8.346440708104707,0.24561383815497262,0.01170687595667449,0.6005533007331405,0.2491239574704613,-0.011671306060309281,0.5546728305196915
1779791027.645492,10.0,10.0,8.257166426312747,0.245721895642756,0.011750266469317263,0.6004211644706517,0.2491239574704613,-0.011671306060309281,0.5546728305196915
1779791027.6555052,10.0,10.0,8.199862107657957,0.2458407530908006,0.011798156505947816,0.6002821604362764,0.2491239574704613,-0.011671306060309281,0.5546728305196915
1779791027.665518,10.0,10.0,8.192429308811548,0.24595667891752307,0.011843956219898482,0.6001504332538841,0.2491239574704613,-0.011671306060309281,0.5546728305196915
1779791027.6755028,10.0,10.0,8.183792948186891,0.2460690226029639,0.011883524944230795,0.6000383555708837,0.2491239574704613,-0.011671306060309281,0.5546728305196915
1779791027.6855273,10.0,10.0,8.173244904986733,0.24618443859717112,0.011929897816449809,0.599934278595746,0.2491239574704613,-0.011671306060309281,0.5546728305196915
1779791027.6954281,10.0,10.0,8.18847422097884,0.2462996707070786,0.011977661398475415,0.5998373805654927,0.2491239574704613,-0.011671306060309281,0.5546728305196915
1779791027.7055304,10.0,10.0,8.20814620954846,0.24640295395941358,0.01202772566312903,0.5997535043751739,0.2491239574704613,-0.011671306060309281,0.5546728305196915
1779791027.7154908,10.0,10.0,8.199805506300098,0.24649881746991703,0.012066220771094493,0.599673143006117,0.2491239574704613,-0.011671306060309281,0.5546728305196915
1779791027.72545,10.0,10.0,8.208973219479365,0.246602191864668,0.012098292586476593,0.5995898489927304,0.2491239574704613,-0.011671306060309281,0.5546728305196915
1779791027.735485,10.0,10.0,8.227004500559255,0.24670080309837336,0.012138352372601744,0.599510389156287,0.2491239574704613,-0.011671306060309281,0.5546728305196915
1779791027.7454612,10.0,10.0,8.216993271590448,0.2468080077905664,0.01217394456639443,0.5994326608189287,0.2491239574704613,-0.011671306060309281,0.5546728305196915
1779791027.755476,10.0,10.0,8.210534472358809,0.24692241442095708,0.012214466844722814,0.5993580143804205,0.2491239574704613,-0.011671306060309281,0.5546728305196915
1779791027.765577,10.0,10.0,8.170689223816655,0.24703008554725578,0.012251737103103299,0.5992930635927439,0.2491239574704613,-0.011671306060309281,0.5546728305196915
1779791027.7754982,10.0,10.0,8.099452201022306,0.24713443085529443,0.012296901809646928,0.5992276661313182,0.24914091136871583,-0.011661185164981457,0.5547172902239581
1779791027.785523,10.0,10.0,8.071389611249622,0.24723171405685807,0.012338535759599967,0.5991678507153082,0.2491373787447478,-0.011661185164981457,0.555556100565629
1779791027.7954934,10.0,10.0,8.075257924823967,0.24731683739684596,0.012385647127840902,0.5991158079884411,0.24912692509014597,-0.011661185164981457,0.5563879981654567
1779791027.8055012,10.0,10.0,8.069006299355264,0.24739487274234373,0.012432077772270823,0.5990749200103929,0.2491100039669599,-0.011661185164981457,0.5572016226989985
1779791027.8154552,10.0,10.0,8.071144607455954,0.2474750528860856,0.012476169280906469,0.5990453845830961,0.24908671430558357,-0.011661185164981457,0.558007436572494
1779791027.8254483,10.0,10.0,8.131671838280482,0.24756125499577236,0.012528002344001553,0.5990227557755996,0.24905660228355328,-0.011661185164981457,0.5588210049715984
1779791027.835464,10.0,10.0,8.235599319035519,0.24765333727645236,0.012582515529568182,0.5990066347107006,0.24901997515356636,-0.011661185164981457,0.559632121829795
1779791027.8454552,10.0,10.0,8.332979231017974,0.2477555643575756,0.012647472680523787,0.5989928912008687,0.2489765910883647,-0.011661185164981457,0.5604459187163705
1779791027.8554342,10.0,10.0,8.4061280273518,0.24786132623707782,0.012714994089308856,0.598980467379225,0.24892632933027606,-0.011661185164981457,0.5612631024129625
1779791027.8655057,10.0,10.0,8.472026914544406,0.2479770053134343,0.012781458562462295,0.5989607243561273,0.2488694229598609,-0.011661185164981457,0.562079249194023
1779791027.8755383,10.0,10.0,8.521493134687601,0.24808979575048873,0.012859241754699963,0.5989379770234153,0.24880296795164955,-0.011661185164981457,0.5629298410657865
1779791027.8854966,10.0,10.0,8.531462323012917,0.24820282266541172,0.012925083662130273,0.5989064944324253,0.24873333537594042,-0.011661185164981457,0.5637349285777585
1779791027.8955204,10.0,10.0,8.51398908947669,0.24832215545123038,0.012984557962198807,0.5988628129984724,0.24873333537594042,-0.011661185164981457,0.5637349285777585
1779791027.9054484,10.0,10.0,8.487270751215094,0.24845014614049793,0.013039067063767059,0.5988135050150534,0.24865347992595274,-0.011661185164981457,0.564577031564775
1779791027.9154472,10.0,10.0,8.438084424739504,0.24858834595097215,0.013090836889920866,0.5987556904733414,0.2485668324424545,-0.011661185164981457,0.5654153793468972
1779791027.9254491,10.0,10.0,8.360832218699889,0.24872542948492543,0.013132381724085459,0.5986807684557827,0.24847680235673267,-0.011661185164981457,0.5662212399206344
1779791027.9354692,10.0,10.0,8.26863155845812,0.24885502471065085,0.013160907888783137,0.5986048302324655,0.2483766283080163,-0.011661185164981457,0.5670554297534383
1779791027.9454603,10.0,10.0,8.155062461854028,0.24895878167290128,0.01317610603529977,0.5985172295624982,0.24827165970406204,-0.011661185164981457,0.5678721032304914
1779791027.9554465,10.0,10.0,8.052753775208442,0.2490554416487935,0.013183500197666016,0.5984261830853147,0.24815769066485802,-0.011661185164981457,0.5687040304777988
1779791027.9655123,10.0,10.0,7.973327952034174,0.2491451541492837,0.013182712802135326,0.5983400725034128,0.24803890434635525,-0.011661185164981457,0.5695205208847098
1779791027.9754574,10.0,10.0,7.887792105577397,0.2492258796734616,0.013168003008680177,0.5982633905403912,0.24791428630896487,-0.011661185164981457,0.5703303055337746
1779791027.9854422,10.0,10.0,7.810939436594428,0.2492936254131152,0.013141260494446697,0.5982003570802824,0.24778538613704618,-0.011661185164981457,0.5711249312964354
1779791027.9954526,10.0,10.0,7.731252716746503,0.24934778169771168,0.013110982515677003,0.5981492640621843,0.24764812014697415,-0.011661185164981457,0.5719297890210497
1779791028.0054512,10.0,10.0,7.642543378426892,0.2493883478911482,0.013081438528648515,0.5981165672819019,0.24750480119836496,-0.011661185164981457,0.5727306934464619
1779791028.0154543,10.0,10.0,7.546971472483862,0.24941429210653732,0.013058967869655859,0.5981035550569679,0.24735386323956118,-0.011661185164981457,0.5735361852215777
1779791028.0255148,10.0,10.0,7.461734961590564,0.24943271218686328,0.013045355379818102,0.5981257149253101,0.24719585810786268,-0.011661185164981457,0.5743427671954442
1779791028.0355155,10.0,10.0,7.395831078156394,0.24944826341514748,0.013035132636977476,0.5981796804996663,0.2470340536043293,-0.011661185164981457,0.5751344860017037
1779791028.0454707,10.0,10.0,7.3442698718300905,0.24944524092720036,0.013041059859199672,0.5982684624170498,0.2468548407366056,-0.011661185164981457,0.575975565560275
1779791028.0555036,10.0,10.0,7.311732181850695,0.24943398025923783,0.013052551945601634,0.598386548131583,0.24666989482915677,-0.011661185164981457,0.5768084821083656
1779791028.0654535,10.0,10.0,7.303706201813242,0.24941634395449386,0.013067327079041255,0.5985405940977341,0.24648420942436886,-0.011661185164981457,0.5776127681087037
1779791028.0754883,10.0,10.0,7.2812093437720105,0.24938888427653208,0.013093431883979946,0.5987386494554872,0.24629286468595432,-0.011661185164981457,0.5784115042864608
1779791028.085489,10.0,10.0,7.245294685156413,0.24935099902514524,0.013127945375914132,0.598987969906614,0.24609883118005157,-0.011661185164981457,0.5791933374406862
1779791028.0954916,10.0,10.0,7.206048101312622,0.24930541687122934,0.013173626318493545,0.599286041391369,0.24589847395944567,-0.011661185164981457,0.5799737047791638
1779791028.105454,10.0,10.0,7.188571260879028,0.2492424480890618,0.013226336748804121,0.5996378803500962,0.24568754389875377,-0.011661185164981457,0.5807683436667013
1779791028.1154702,10.0,10.0,7.191110371362893,0.24916200259032756,0.013282166551320175,0.6000388217669091,0.24568754389875377,-0.011661185164981457,0.5807683436667013
1779791028.1254869,10.0,10.0,7.2036061628989625,0.24909172615500347,0.01333337912855642,0.6004992864787542,0.24547301578375516,-0.011661185164981457,0.5815507131062204
1779791028.135434,10.0,10.0,7.249169698125759,0.24903980927025,0.013387036114170161,0.6009905873503009,0.24523846123720786,-0.011661185164981457,0.5823789055270978
1779791028.1454623,10.0,10.0,7.328667872286056,0.24898597945142312,0.013447529694412026,0.6015147126942512,0.24500338728751883,-0.011661185164981457,0.5831828303399713
1779791028.1554697,10.0,10.0,7.402084401786429,0.24893822935936905,0.013520487046158911,0.6020651669723556,0.24477058659299708,-0.011661185164981457,0.5839553441999716
1779791028.165507,10.0,10.0,7.502123759689331,0.24889770493175883,0.013603685438787125,0.6026348148859249,0.24451745185745385,-0.011661185164981457,0.5847707638968478
1779791028.1754608,10.0,10.0,7.608409562988393,0.24886349486484644,0.013712448419018516,0.6032107398196906,0.2442714032978722,-0.011661185164981457,0.5855406999978772
1779791028.1854596,10.0,10.0,7.682507263510673,0.2488328674466347,0.013825918273984567,0.6037977783765468,0.2440161694877079,-0.011661185164981457,0.5863175400180446
1779791028.1954794,10.0,10.0,7.730177666642841,0.24880598844527346,0.013939580574946524,0.6043777292850858,0.24375689699780315,-0.011661185164981457,0.5870855306726646
1779791028.2054873,10.0,10.0,7.766764956585782,0.24878012926798823,0.014048870885633554,0.6049346865943548,0.2434860732119499,-0.011661185164981457,0.5878665806220882
1779791028.2155106,10.0,10.0,7.78170777496449,0.24875539451211628,0.014160591313002483,0.6054705289101793,0.24320846483655958,-0.011661185164981457,0.5886462998931488
1779791028.2254415,10.0,10.0,7.7607153207219755,0.2487323371465189,0.014263923297999458,0.6059752157107433,0.24291544500024811,-0.011661185164981457,0.5894479161069662
1779791028.2354858,10.0,10.0,7.75211927356253,0.2487157553009712,0.014365223876028082,0.6064551980427181,0.24261957584022983,-0.011661185164981457,0.5902365256500397
1779791028.245446,10.0,10.0,7.746525311528045,0.2487041173812881,0.014459486981729113,0.6069023527060347,0.24232487478482814,-0.011661185164981457,0.5910025916762762
1779791028.2554824,10.0,10.0,7.7385918999162335,0.24869497554232717,0.014552603182651388,0.6073370235418776,0.24201792146422177,-0.011661185164981457,0.5917811868684081
1779791028.2655792,10.0,10.0,7.726575670650916,0.24869287485988134,0.014635015982150387,0.6077680960453621,0.2417148842069616,-0.011661185164981457,0.5925316841565144
1779791028.2754514,10.0,10.0,7.741895575515064,0.2486875001357217,0.014712303372190897,0.6081845429982345,0.24139288663576722,-0.011661185164981457,0.5933105434333458
1779791028.2855413,10.0,10.0,7.788437790788666,0.24867958393738618,0.014781963213663082,0.6085900441321819,0.24107872663675353,-0.011661185164981457,0.5940530459967764
1779791028.2955604,10.0,10.0,7.868578649663661,0.2486716751953782,0.014846693611715632,0.6089638732719515,0.24075775265698432,-0.011661185164981457,0.5947949071389591
1779791028.3055165,10.0,10.0,7.972397000802615,0.24866394831149824,0.014912387098213057,0.6093132140453249,0.24042537416656454,-0.011661185164981457,0.595546265605875
1779791028.315422,10.0,10.0,8.059469011192137,0.24866221606164465,0.01497003723769866,0.6096277895103973,0.24042537416656454,-0.011661185164981457,0.595546265605875
1779791028.3254707,10.0,10.0,8.136829800742486,0.24866472152111976,0.015024435826209307,0.6098998405484706,0.2400917363553752,-0.011661185164981457,0.59628414304973
1779791028.3354366,10.0,10.0,8.20371078898334,0.24866774721161197,0.015076278052766269,0.6101266294928267,0.23974549809251858,-0.011661185164981457,0.5970335056139064
1779791028.34547,10.0,10.0,8.237252374274707,0.2486720675138377,0.015116259857091585,0.6103025434179911,0.23939757629532252,-0.011661185164981457,0.5977705723290643
1779791028.3554916,10.0,10.0,8.2473936175205,0.2486815992669124,0.015144461571900442,0.6104400209519437,0.2390392683517035,-0.011661185164981457,0.5985137911971073
1779791028.3655267,10.0,10.0,8.236209736402541,0.24871166635608127,0.01515994852806656,0.6105315913710437,0.2386794931064841,-0.011661185164981457,0.599244674280796
1779791028.3754773,10.0,10.0,8.213678864340006,0.2487578510761455,0.015171872878750116,0.6105769241892663,0.23831451123766736,-0.011661185164981457,0.5999711532310963
1779791028.385519,10.0,10.0,8.171962134805897,0.2488063794667598,0.015179907483628814,0.6105778132801339,0.23794102569802547,-0.011661185164981457,0.6006996803179312
1779791028.395448,10.0,10.0,8.094220919394491,0.24884078469196652,0.01518169874618838,0.6105505312874903,0.23755512559520944,-0.011661185164981457,0.60143735730035
1779791028.4055016,10.0,10.0,8.027720965870612,0.24888033350021838,0.015174941393851485,0.6105099916604139,0.23715594769921952,-0.011661185164981457,0.602185055403594
1779791028.4154916,10.0,10.0,8.009147235014805,0.2489310088783705,0.01517134583268786,0.6104660320241566,0.23675728523772313,-0.011661185164981457,0.6029169151487521
1779791028.425459,10.0,10.0,8.022666009640945,0.24899078543891193,0.01516816966449362,0.6104207926716998,0.23634618798571325,-0.011661185164981457,0.6036567423745122
1779791028.435508,10.0,10.0,8.041132466622068,0.24905134642831492,0.015151980540698787,0.6103707820196249,0.23593936817134784,-0.011661185164981457,0.6043746728883286
1779791028.4454281,10.0,10.0,8.050234761921025,0.24910487749575663,0.015132735480854639,0.6103264488677885,0.2355364453710417,-0.011661185164981457,0.605072399604014
1779791028.455452,10.0,10.0,8.049682607066826,0.2491635323025356,0.015112492527552673,0.6102808352770185,0.23511626358692814,-0.011661185164981457,0.6057864753584383
1779791028.4654806,10.0,10.0,8.059711417200809,0.24922971836051266,0.015094663133628972,0.610239887131259,0.23469078340741154,-0.011661185164981457,0.6064960483420088
1779791028.4754548,10.0,10.0,8.061512723032072,0.249303124790184,0.015072450682316664,0.6102026170256434,0.23425859670977442,-0.011661185164981457,0.6072034558918326
1779791028.4854913,10.0,10.0,8.059505619361115,0.24938788736981546,0.015036730259116438,0.6101633812782695,0.23383060411296444,-0.011661185164981457,0.607891264134631
1779791028.4954796,10.0,10.0,8.061122002049503,0.24948322531274317,0.014999029573085099,0.6101301600446803,0.23337174374217332,-0.011661185164981457,0.6086151559081795
1779791028.50544,10.0,10.0,8.055870102058552,0.24958363226817326,0.014964369221146143,0.610095786898658,0.23290845899078075,-0.011661185164981457,0.6093323845222249
1779791028.5154805,10.0,10.0,8.034113615955688,0.2496829342107981,0.014933435823825784,0.6100615432455037,0.23290845899078075,-0.011661185164981457,0.6093323845222249
1779791028.5254867,10.0,10.0,8.008193473598638,0.24977176211835153,0.014895494214590943,0.6100319358570228,0.2324577708837474,-0.011661185164981457,0.6100174629549464
1779791028.535472,10.0,10.0,7.966124755451754,0.24985036391370374,0.014856091819949633,0.6100057991000907,0.2320001462441275,-0.011661185164981457,0.6107007968052566
1779791028.5455334,10.0,10.0,7.93837477385277,0.24991338644255928,0.014822541105218818,0.6099789146438802,0.23154481179892497,-0.011661185164981457,0.6113688629283021
1779791028.5554419,10.0,10.0,7.941234353677404,0.24997387211501884,0.014795624713809852,0.6099614204105813,0.2310628890974564,-0.011661185164981457,0.6120635250738327
1779791028.5654511,10.0,10.0,7.96897015018941,0.2500376105860252,0.014768622106374292,0.6099653348552349,0.2305986959656224,-0.011661185164981457,0.6127209809213832
1779791028.575457,10.0,10.0,8.017699726222192,0.25010081243601107,0.014744336765265941,0.6099780731648897,0.2301080757992611,-0.011661185164981457,0.6134038706433983
1779791028.5854712,10.0,10.0,8.094332207548643,0.25017607741138337,0.014726980212950238,0.6100005837878439,0.2296236043149434,-0.011661185164981457,0.6140665132592715
1779791028.595478,10.0,10.0,8.162788213554368,0.2502575312336967,0.014714817519879327,0.6100242554404621,0.2291354154505725,-0.011661185164981457,0.614722883119533
1779791028.6054614,10.0,10.0,8.218844422142435,0.2503414052735066,0.014703880435792478,0.6100439729094114,0.2286471167947471,-0.011661185164981457,0.6153683654151684
1779791028.6154652,10.0,10.0,8.267909217408066,0.25043265111449453,0.014699130057976354,0.6100478552045049,0.22814361520134682,-0.011661185164981457,0.6160227560518431
1779791028.625468,10.0,10.0,8.312644020875352,0.2505242491661224,0.014696328259012395,0.610048108150725,0.22764159022333766,-0.011661185164981457,0.6166642719696888
1779791028.635439,10.0,10.0,8.327318685473157,0.2506104652526223,0.014694539513900293,0.6100497506865017,0.2271374896970942,-0.011661185164981457,0.6172977720031323
1779791028.645435,10.0,10.0,8.302873224808973,0.2507039153500874,0.014685704947394443,0.6100411009847161,0.22662140789526938,-0.011661185164981457,0.6179355896021983
1779791028.655447,10.0,10.0,8.28873383744291,0.2508059074423921,0.014674857167590495,0.6100264460003488,0.22609436808794034,-0.011661185164981457,0.6185760718880882
1779791028.6654587,10.0,10.0,8.269464343930121,0.25091615445586174,0.014662471015723157,0.6100030169521766,0.22555818685279275,-0.011661185164981457,0.6192167187646096
1779791028.6754415,10.0,10.0,8.228210679989333,0.25102721019042956,0.014645902994345919,0.6099800842291024,0.2250359304075449,-0.011661185164981457,0.6198304243125657
1779791028.6855476,10.0,10.0,8.190432219732216,0.25113272222876404,0.01462604251303923,0.6099530922935316,0.22450798564720062,-0.011661185164981457,0.6204407726587517
1779791028.6954765,10.0,10.0,8.163942122772356,0.2512355870148535,0.01460822396026226,0.609924626244998,0.22395769322244632,-0.011661185164981457,0.6210665103492615
1779791028.7054336,10.0,10.0,8.157192006519297,0.25133578969388826,0.0145917079850522,0.609896125254146,0.22339410258207495,-0.011661185164981457,0.6216966248516209
1779791028.7155018,10.0,10.0,8.142432351933957,0.2514257767036838,0.014571373133935993,0.6098751778007202,0.22284704215435572,-0.011661185164981457,0.6222981445443576
1779791028.725451,10.0,10.0,8.132318559685206,0.2515118448900432,0.014542721949778905,0.6098544860410823,0.22229516314374606,-0.011661185164981457,0.6228951382578469
1779791028.7354465,10.0,10.0,8.155191516535087,0.2516040546003032,0.014508370839809465,0.6098372248444455,0.22174219138134602,-0.011661185164981457,0.623483674558104
1779791028.745486,10.0,10.0,8.223885467336391,0.2517010789768262,0.014479134098299795,0.6098230747017217,0.22174219138134602,-0.011661185164981457,0.623483674558104
1779791028.7554793,10.0,10.0,8.29325077258729,0.251799360141484,0.01444970099658497,0.6098064637828768,0.22117127114652593,-0.011661185164981457,0.6240814500665047
1779791028.7654734,10.0,10.0,8.339873404014092,0.2519018137521076,0.014416225734483479,0.6097840147192262,0.22058223184216966,-0.011661185164981457,0.6246879628347369
1779791028.775521,10.0,10.0,8.359363133164337,0.25200779295729187,0.014386032722848278,0.6097544928945284,0.21999784459568436,-0.011661185164981457,0.6252796757973789
1779791028.785461,10.0,10.0,8.367579091478122,0.25211813660099697,0.01435723915491172,0.609721408774082,0.21939309729817844,-0.011661185164981457,0.6258817724310625
1779791028.7954829,10.0,10.0,8.356638578159844,0.2522339366933198,0.01432350573623694,0.609678850481695,0.21878689535288784,-0.011661185164981457,0.626475133087169
1779791028.8054955,10.0,10.0,8.327166159346506,0.25236416904943937,0.014293778040880133,0.6096247242843823,0.21818560474555657,-0.011661185164981457,0.6270538605503975
1779791028.8154821,10.0,10.0,8.284664443610914,0.2524912701154464,0.014260492177298566,0.6095717472331587,0.21757564226714185,-0.011661185164981457,0.6276311756947069
1779791028.8254967,10.0,10.0,8.211267216586016,0.2526209497724167,0.014217948443643925,0.609508157829358,0.21697346204659554,-0.011661185164981457,0.6281917089818652
1779791028.8354573,10.0,10.0,8.158069300370936,0.2527451101809585,0.014175728199445209,0.6094461646091646,0.21635027643849394,-0.011661185164981457,0.6287621712857432
1779791028.845462,10.0,10.0,8.124024928888167,0.2528674336429184,0.014131662883429725,0.6093756374690651,0.2157514033047689,-0.011661185164981457,0.6293013613001847
1779791028.855469,10.0,10.0,8.118807677829285,0.25299207092883796,0.014090182118322756,0.6093106107729979,0.21512983568896213,-0.011661185164981457,0.6298518445374077
1779791028.8654652,10.0,10.0,8.128623325315553,0.2531129328707362,0.01403856281304021,0.6092451572509704,0.21451334570114386,-0.011661185164981457,0.6303888327722829
1779791028.8754613,10.0,10.0,8.16129725363358,0.2532299614309133,0.013990139526985943,0.6091763742274944,0.21387377987323522,-0.011661185164981457,0.630936653624335
1779791028.885489,10.0,10.0,8.204473750721279,0.25335415123324956,0.013943409745767882,0.6091032395304705,0.21325059235487512,-0.011661185164981457,0.6314615577956577
1779791028.89548,10.0,10.0,8.2771539552534,0.25348629311681214,0.013892877487024387,0.6090281801292957,0.21261054525580178,-0.011661185164981457,0.6319917202544996
1779791028.9054675,10.0,10.0,8.3283086708176,0.2536153446979666,0.013843873049866052,0.608953193127078,0.21198364425573543,-0.011661185164981457,0.6325023859317226
1779791028.9155316,10.0,10.0,8.33850177413662,0.25374324036680235,0.013794275124762768,0.608869489877827,0.21133852002932127,-0.011661185164981457,0.6330191795708376
1779791028.9255097,10.0,10.0,8.329709499507102,0.25387415124686885,0.013752975505311259,0.608775923686809,0.21069876538219798,-0.011661185164981457,0.6335231101846329
1779791028.9355428,10.0,10.0,8.305792955393487,0.25400798100232447,0.01371825043919274,0.6086788618568951,0.21069876538219798,-0.011661185164981457,0.6335231101846329
1779791028.9454353,10.0,10.0,8.251550772855444,0.2541430376064135,0.013685485152409988,0.6085799791211266,0.21005865165671292,-0.011661185164981457,0.6340189538175109
1779791028.955453,10.0,10.0,8.160960061728636,0.25427372218069033,0.013656011808619643,0.6084811070355398,0.20940167848703625,-0.011661185164981457,0.6345193148926594
1779791028.9654639,10.0,10.0,8.05489146985331,0.2544022456885594,0.013619569225888526,0.6083787696626909,0.20872990665679983,-0.011661185164981457,0.6350221661110604
1779791028.9754481,10.0,10.0,7.96908524629388,0.2545294991544356,0.01358529737330624,0.6082800562483651,0.20807088136330795,-0.011661185164981457,0.6355070074246424
1779791028.9854226,10.0,10.0,7.911618821329669,0.2546567748356149,0.013557677473177319,0.6081842783277136,0.20741646000494277,-0.011661185164981457,0.6359803110781002
1779791028.9954667,10.0,10.0,7.886345976889992,0.25478162751450606,0.013539733049306257,0.608093625650184,0.20675046676239464,-0.011661185164981457,0.636453791324676
1779791029.0054493,10.0,10.0,7.8733403021988035,0.25489994384928316,0.01351849085057662,0.6080071545570497,0.20607553313982904,-0.011661185164981457,0.6369253414900645
1779791029.0154898,10.0,10.0,7.883045293040459,0.2550030181334506,0.013503079152033422,0.6079302077113775,0.20539387154646158,-0.011661185164981457,0.6373932703955748
1779791029.0254638,10.0,10.0,7.919377131278708,0.25509164048731175,0.013484252489371717,0.6078620128416423,0.20471212477777803,-0.011661185164981457,0.6378530338699379
1779791029.0354736,10.0,10.0,7.960815546718316,0.25516744308463046,0.013469764100045451,0.6078071765138214,0.2040199992523208,-0.011661185164981457,0.6383115230037262
1779791029.045454,10.0,10.0,7.988263936649142,0.25523654110954547,0.013460042544773357,0.6077594446062002,0.2033399173856785,-0.011661185164981457,0.6387540455919462
1779791029.0555193,10.0,10.0,8.014463966985732,0.25530169728614244,0.01345611860360485,0.6077132259848776,0.20266090250673283,-0.011661185164981457,0.6391880990812194
1779791029.0654855,10.0,10.0,8.032713040753961,0.2553617615200314,0.013459002030488285,0.6076725679524173,0.2019444698271802,-0.011661185164981457,0.6396377804176452
1779791029.0754364,10.0,10.0,8.011439221071882,0.25541947419459715,0.013473277174228844,0.6076344113363524,0.20123714036562465,-0.011661185164981457,0.6400735252244216
1779791029.0854897,10.0,10.0,7.996094719578695,0.255484583658602,0.013500418530639977,0.6075945369546255,0.20054167787573887,-0.011661185164981457,0.6404941150238472
1779791029.0954754,10.0,10.0,7.963010357858525,0.2555481723959218,0.013536048516353802,0.6075635562229451,0.19984864199788846,-0.011661185164981457,0.6409056136636286
1779791029.105448,10.0,10.0,7.909419284075704,0.25561213483087775,0.013570562079566643,0.6075400841666372,0.19912183067893877,-0.011661185164981457,0.6413291097339586
1779791029.1154618,10.0,10.0,7.872901484746137,0.255673858096577,0.013613532277296952,0.607518328728553,0.19842072992181106,-0.011661185164981457,0.6417299195775112
1779791029.1255054,10.0,10.0,7.867004542551115,0.25572598231877436,0.013666542167138574,0.6075012067880585,0.19769432927504546,-0.011661185164981457,0.6421373244272148
1779791029.1354713,10.0,10.0,7.874265631383229,0.25576441772864733,0.013727214661709048,0.6075019310880059,0.19698626920942355,-0.011661185164981457,0.642526840686706
1779791029.1454928,10.0,10.0,7.887419273255073,0.25579788019965927,0.01378838843364081,0.6075189088551913,0.1962344238811561,-0.011661185164981457,0.6429323404821964
1779791029.155467,10.0,10.0,7.938552604521213,0.255839226426455,0.013854199431651603,0.607541219840768,0.1962344238811561,-0.011661185164981457,0.6429323404821964
1779791029.1655183,10.0,10.0,8.02549417211948,0.2558804456426524,0.013934262763324365,0.6075584794706996,0.19551006202332935,-0.011661185164981457,0.6433152278538785
1779791029.1754713,10.0,10.0,8.11185488006689,0.25592799661013066,0.01402377813276818,0.6075795049213308,0.1947777080868031,-0.011661185164981457,0.643694670236236
1779791029.185452,10.0,10.0,8.184175141514201,0.25598243234281626,0.01411889452370252,0.6075900209689596,0.194056421272752,-0.011661185164981457,0.6440609361543443
1779791029.1954439,10.0,10.0,8.238215028952386,0.25603864478548544,0.014222498536316248,0.6075924888666044,0.19326923492388695,-0.011661185164981457,0.644452343578886
1779791029.205457,10.0,10.0,8.271431265744315,0.2560980372241509,0.014337719567069708,0.6075741074252956,0.19253531068796267,-0.011661185164981457,0.6448095407736891
1779791029.2155042,10.0,10.0,8.274414504178246,0.25616680329583663,0.014459354874232246,0.6075477679320864,0.19179463156628226,-0.011661185164981457,0.6451625578181933
1779791029.2255175,10.0,10.0,8.24432456474393,0.25624092329761144,0.01458654477722952,0.6075157158971228,0.1909950931271525,-0.011661185164981457,0.6455353085532385
1779791029.2355814,10.0,10.0,8.192769266632713,0.25632452038215864,0.014714437519443355,0.6074742830900831,0.19025287581150083,-0.011661185164981457,0.6458736953188241
1779791029.2454338,10.0,10.0,8.13001479417629,0.25641473788332986,0.014847994003332933,0.607425218900135,0.18951729762020306,-0.011661185164981457,0.6462018796642668
1779791029.2555096,10.0,10.0,8.055289884948714,0.2565066535854298,0.01498811922872081,0.6073661525768523,0.1887435359714916,-0.011661185164981457,0.6465394750451939
1779791029.2654994,10.0,10.0,7.992117371051952,0.25659905839320896,0.01512826119561068,0.6073035342659225,0.18799803643839033,-0.011661185164981457,0.6468574238749529
1779791029.2754624,10.0,10.0,7.965599720391155,0.25669170529905366,0.015267236520968404,0.6072375029954659,0.18720766726758106,-0.011661185164981457,0.6471867519445603
1779791029.2854588,10.0,10.0,7.9526907921726435,0.2567829280398461,0.015411332579612306,0.607176492496293,0.18642573358288048,-0.011661185164981457,0.6475047903780085
1779791029.2955048,10.0,10.0,7.957038829115416,0.2568707135396117,0.015557611714572091,0.6071180668808582,0.18567393264366425,-0.011661185164981457,0.6478033550955061
1779791029.3055096,10.0,10.0,7.9756716889585935,0.2569528911823074,0.01570301409456806,0.607065594333674,0.1848891583949531,-0.011661185164981457,0.6481075407652491
1779791029.3155136,10.0,10.0,8.008787881133056,0.2570310924249292,0.015853783768512757,0.607021586550698,0.1841296578872291,-0.011661185164981457,0.6483947297838715
1779791029.3254838,10.0,10.0,8.06013509360726,0.2571092308041113,0.016012414970354206,0.6069817323466509,0.1841296578872291,-0.011661185164981457,0.6483947297838715
1779791029.3354743,10.0,10.0,8.104664289359077,0.25718847712950876,0.01617709977067122,0.6069435263203442,0.18332675347492652,-0.011661185164981457,0.6486907026249243
1779791029.3455658,10.0,10.0,8.137206805301698,0.2572638614281155,0.016343765898103886,0.6069005107403318,0.18251685152969485,-0.011661185164981457,0.6489813854504406
1779791029.3554368,10.0,10.0,8.135879112390711,0.2573378695330487,0.016508484822094865,0.6068563044048874,0.18175413349653294,-0.011661185164981457,0.6492479722707075
1779791029.365519,10.0,10.0,8.111253754568642,0.2574192194773136,0.01668150525138469,0.606804912281518,0.1809841775606487,-0.011661185164981457,0.6495101042699023
1779791029.3755262,10.0,10.0,8.090302172130977,0.25750245232877733,0.016859205353649587,0.6067524740610452,0.18021751669776995,-0.011661185164981457,0.649764199255006
1779791029.385477,10.0,10.0,8.045183510476257,0.25757991676232295,0.017033011289591976,0.6067034385155489,0.1794066877991056,-0.011661185164981457,0.6500254860198476
1779791029.3954473,10.0,10.0,7.98817350585323,0.25765838920276385,0.017207042344710287,0.6066482286816965,0.1786037005253895,-0.011661185164981457,0.6502767617184371
1779791029.405445,10.0,10.0,7.9315626328695625,0.257731207497199,0.0173833075910363,0.6065984453902048,0.17782576993088586,-0.011661185164981457,0.6505131492497959
1779791029.4154665,10.0,10.0,7.893221539603465,0.25779844499795995,0.017552219337765903,0.606554514065429,0.17704951422404044,-0.011661185164981457,0.6507421662170809
1779791029.425456,10.0,10.0,7.881136654325435,0.257861249549606,0.01772260213330522,0.606521126324777,0.176216103515389,-0.011661185164981457,0.6509804714846724
1779791029.435467,10.0,10.0,7.890734982329935,0.25791491590408366,0.017889837516836645,0.6065053324235534,0.17542289210883552,-0.011661185164981457,0.6512000494243944
1779791029.445449,10.0,10.0,7.905441397531206,0.2579661912009006,0.01805393277379739,0.6065085149751277,0.1746278730234578,-0.011661185164981457,0.6514130987223076
1779791029.4554653,10.0,10.0,7.945654122123618,0.25801489180318776,0.018216268921680462,0.6065196474656384,0.17380875564549872,-0.011661185164981457,0.6516252946313439
1779791029.4654264,10.0,10.0,8.032202874439184,0.2580612438328228,0.01838221464734132,0.6065376994773757,0.17301470786796344,-0.011661185164981457,0.6518239584351702
1779791029.475441,10.0,10.0,8.108882731793084,0.25810678991558994,0.01855271588160733,0.606556513819781,0.172228617300524,-0.011661185164981457,0.6520138489837215
1779791029.4855134,10.0,10.0,8.164211255471105,0.25815007558252345,0.0187182842719301,0.6065702265077313,0.1714324416163329,-0.011661185164981457,0.652199337532628
1779791029.4954605,10.0,10.0,8.197645323349295,0.2581958605547001,0.018886377931328007,0.606572473908759,0.1706117306694537,-0.011661185164981457,0.6523833802881349
1779791029.5054917,10.0,10.0,8.214752905607806,0.2582454333489618,0.01906258318030505,0.6065601387242594,0.16982306161689317,-0.011661185164981457,0.6525534251697629
1779791029.5154645,10.0,10.0,8.213883161737,0.2582982393202893,0.01924049072265968,0.6065378663716475,0.16903077216604687,-0.011661185164981457,0.6527175632242223
1779791029.525458,10.0,10.0,8.190646081893485,0.25835835411551217,0.019412562898675996,0.6065060803451012,0.16823242253595042,-0.011661185164981457,0.6528762109683313
1779791029.5354412,10.0,10.0,8.161863085957123,0.25842428511310866,0.019583371403930204,0.6064662647394243,0.16823242253595042,-0.011661185164981457,0.6528762109683313
1779791029.5454566,10.0,10.0,8.119300574716242,0.2584903713520132,0.019762447405148518,0.6064253513418078,0.16743759980123116,-0.011661185164981457,0.6530274635942078
1779791029.5554743,10.0,10.0,8.063892352485883,0.25855747687525316,0.01993931758772403,0.6063774721296213,0.16662862384290064,-0.011661185164981457,0.6531745824768922
1779791029.5654552,10.0,10.0,8.016797159466206,0.25862389893839455,0.02011315445097751,0.6063270938818149,0.16579368776880996,-0.011661185164981457,0.6533192325058677
1779791029.575451,10.0,10.0,7.984993884571918,0.2586860855694483,0.02028585063394218,0.606282757406275,0.16497729559781396,-0.011661185164981457,0.6534536384039252
1779791029.5854528,10.0,10.0,7.973472011852477,0.25874636518648175,0.02045720366981159,0.6062425988218072,0.16417883334123826,-0.011661185164981457,0.6535783947462005
1779791029.5954635,10.0,10.0,7.9727015663649645,0.25879954710856207,0.020618222661349012,0.6062108244416377,0.16334791472877683,-0.011661185164981457,0.6537012167680551
1779791029.6055143,10.0,10.0,7.975936791511914,0.25884456693277086,0.020776864042723147,0.6061943040402041,0.16254434051906,-0.011661185164981457,0.6538132253425639
1779791029.615443,10.0,10.0,7.985377687455942,0.2588875404875586,0.02093478829350913,0.6061876357610612,0.16170814337552394,-0.011661185164981457,0.6539227364949527
1779791029.6254592,10.0,10.0,8.013259125176365,0.25892539301950346,0.021095435520537338,0.6061862256208024,0.16090484421029408,-0.011661185164981457,0.6540211946421616
1779791029.6354747,10.0,10.0,8.035515392613267,0.2589613025516196,0.021250956555023782,0.6061880378614967,0.16006278093467344,-0.011661185164981457,0.6541173303663054
1779791029.6454732,10.0,10.0,8.04239082272064,0.2589985091591523,0.021398400104424405,0.606185466318086,0.1592608706874906,-0.011661185164981457,0.6542021702017721
1779791029.6554534,10.0,10.0,8.034960423410652,0.2590380004059,0.021554452289896758,0.6061722193721293,0.15844079406184527,-0.011661185164981457,0.6542821777354013
1779791029.6654806,10.0,10.0,8.02681712925957,0.25908142638248627,0.021715388393520052,0.6061477651887313,0.15763207502690094,-0.011661185164981457,0.6543544044558043
1779791029.6754324,10.0,10.0,7.998246281458112,0.2591221121244648,0.021869743516532963,0.6061239150898536,0.15679096772576703,-0.011661185164981457,0.6544225097172052
1779791029.68545,10.0,10.0,7.956246042164109,0.25916547382950883,0.022015361636696644,0.6061035618207938,0.1559793085972984,-0.011661185164981457,0.6544814635292746
1779791029.69546,10.0,10.0,7.923758131845458,0.2592068928997084,0.02215545483853896,0.6060894155106966,0.15513628934788629,-0.011661185164981457,0.6545356713307647
1779791029.7054331,10.0,10.0,7.89337221748007,0.2592479057936876,0.02229969755523319,0.606088221811985,0.15430884193719616,-0.011661185164981457,0.6545819290960839
1779791029.7154946,10.0,10.0,7.890611691953897,0.25928539738923845,0.02243927149361959,0.6060994256748283,0.1534773618929368,-0.011661185164981457,0.6546214876484538
1779791029.725504,10.0,10.0,7.897301688496508,0.2593189500488145,0.022570321398985415,0.6061355357508333,0.15265538321872332,-0.011661185164981457,0.6546537792645717
1779791029.7355106,10.0,10.0,7.922523870768578,0.25935274655879514,0.022707748102838397,0.6061828357938929,0.1518458191977148,-0.011661185164981457,0.6546789665824301
1779791029.7454545,10.0,10.0,7.971613184590171,0.2593826499740129,0.022844850668908376,0.6062239261659083,0.1518458191977148,-0.011661185164981457,0.6546789665824301
1779791029.755444,10.0,10.0,8.03266570314969,0.25941341117187144,0.022987966747432788,0.6062674382607447,0.15103865823837012,-0.011661185164981457,0.6546975470705217
1779791029.7654393,10.0,10.0,8.094608314356739,0.2594442425240996,0.023132612742101245,0.6063002889673376,0.15021697194425784,-0.011661185164981457,0.6547097662084813
1779791029.7754433,10.0,10.0,8.155071450614765,0.25947753688785596,0.023283115917193186,0.6063220332706919,0.1493997990637318,-0.011661185164981457,0.654715220793018
1779791029.7855055,10.0,10.0,8.200811552378696,0.259513650844947,0.02343838243021173,0.6063250966784586,0.1485778655570027,-0.011661185164981457,0.6547139707921558
1779791029.7954729,10.0,10.0,8.220293016381397,0.2595534751493085,0.023599120727525694,0.6063078607802496,0.14774074842745355,-0.011661185164981457,0.6547057531457421
1779791029.8054898,10.0,10.0,8.208523864430836,0.25959584683250586,0.023760685399608253,0.6062731687999087,0.14689519617721283,-0.011661185164981457,0.6546903365437078
1779791029.815444,10.0,10.0,8.17047327287834,0.25964351049159695,0.023921796865526524,0.6062287007501678,0.14607710131222615,-0.011661185164981457,0.6546686102274774
1779791029.825448,10.0,10.0,8.11874184284579,0.2596940832007278,0.024081883303146992,0.6061800971452603,0.14524632280578958,-0.011661185164981457,0.6546396880270992
1779791029.8354414,10.0,10.0,8.056493215371805,0.2597520920693307,0.02424903566020135,0.6061294578214795,0.14441642653006342,-0.011661185164981457,0.6546038897754445
1779791029.8454924,10.0,10.0,8.008833418273909,0.25981189059984655,0.024420479606887764,0.6060800825864967,0.1435959260077909,-0.011661185164981457,0.6545617032404193
1779791029.855517,10.0,10.0,7.978970049896772,0.2598756424191748,0.02460369705212649,0.6060277277576769,0.14278965555625664,-0.011661185164981457,0.6545136598447008
1779791029.8654797,10.0,10.0,7.953910314279835,0.25993744911620703,0.024793069247514437,0.6059784724866893,0.14193107447642286,-0.011661185164981457,0.6544553085230761
1779791029.8755167,10.0,10.0,7.946027486390603,0.2599966689567988,0.024983574099788713,0.6059295607629924,0.14109115392075872,-0.011661185164981457,0.6543910363670069
1779791029.8854675,10.0,10.0,7.958889623256893,0.2600532052394347,0.025179299717263143,0.6058829894997224,0.14028377202143963,-0.011661185164981457,0.6543225390078986
1779791029.8954983,10.0,10.0,7.997005589749127,0.26010343496727667,0.025375909505907773,0.6058471736394692,0.1394413160450479,-0.011661185164981457,0.6542440334921183
1779791029.9054677,10.0,10.0,8.05379522495769,0.2601584274169221,0.02558198793458351,0.605812722783966,0.13863757398687293,-0.011661185164981457,0.6541624256600154
1779791029.9154565,10.0,10.0,8.110707678055418,0.260208883676515,0.025789628234030994,0.6057805307330167,0.13781703407421234,-0.011661185164981457,0.6540723362635728
1779791029.925491,10.0,10.0,8.151879154973443,0.2602561081009732,0.02598775582641448,0.6057451420635618,0.1370071243939959,-0.011661185164981457,0.6539766823031519
1779791029.9354393,10.0,10.0,8.165453942927382,0.2603054796097662,0.02617860108132723,0.605709327139298,0.13616989120179188,-0.011661185164981457,0.653870750604931
1779791029.945448,10.0,10.0,8.156174384051235,0.2603569816164891,0.02638231398257972,0.6056738353108438,0.13616989120179188,-0.011661185164981457,0.653870750604931
1779791029.9554706,10.0,10.0,8.123749615943487,0.2604113838025806,0.026585551920823743,0.605632650001942,0.13536613055361388,-0.011661185164981457,0.6537622893878521
1779791029.965456,10.0,10.0,8.071869230515654,0.26046612806357405,0.026782808516312564,0.6055880425872668,0.13456704318308896,-0.011661185164981457,0.6536478679481871
1779791029.9754562,10.0,10.0,8.025576868069116,0.2605191089330365,0.026976736494712644,0.6055436453489509,0.13376335379423732,-0.011661185164981457,0.6535261359211163
1779791029.9854436,10.0,10.0,7.96570096836206,0.26057765030966507,0.027177309753301987,0.6055018464562512,0.13293547057286506,-0.011661185164981457,0.653393738339945
1779791029.995429,10.0,10.0,7.922240123486313,0.2606330325221297,0.02737934207340209,0.6054590673722237,0.13213082709490045,-0.011661185164981457,0.6532582219589731
1779791030.0054684,10.0,10.0,7.908968369327432,0.2606841809933903,0.02757293408921758,0.6054220713142214,0.1313337405704804,-0.011661185164981457,0.653117307252041
1779791030.0154688,10.0,10.0,7.9030594134791485,0.260733689178404,0.027765515598686747,0.6053936314337444,0.13053570388813712,-0.011661185164981457,0.6529695443969804
1779791030.0254498,10.0,10.0,7.9227615053075935,0.26078275966512776,0.027955874169044832,0.6053748396964106,0.1297320734627081,-0.011661185164981457,0.6528139606376504
1779791030.0354714,10.0,10.0,7.9647176328116105,0.26083100890259087,0.028147000543906342,0.6053641159047266,0.12888709007596755,-0.011661185164981457,0.6526429919123194
1779791030.0454242,10.0,10.0,8.029066876481652,0.2608775374438704,0.028335754342986283,0.6053621589577767,0.12809886452285849,-0.011661185164981457,0.6524766538143338
1779791030.0554378,10.0,10.0,8.106466381913027,0.2609207521583402,0.02852260176184961,0.6053559791678323,0.127308002184316,-0.011661185164981457,0.6523030759904219
1779791030.065467,10.0,10.0,8.161625134889425,0.2609622867548063,0.02870731661460996,0.6053402724407316,0.12650806048240637,-0.011661185164981457,0.6521206587518729
1779791030.0754611,10.0,10.0,8.201912986441574,0.26100608066321385,0.028888222209236796,0.6053213518705384,0.12572348884794804,-0.011661185164981457,0.6519350206346056
1779791030.085435,10.0,10.0,8.223479168228298,0.2610525639128916,0.029071525776271395,0.6052900638778492,0.1249077057353537,-0.011661185164981457,0.6517348928669312
1779791030.095539,10.0,10.0,8.223064883236047,0.2610993944800746,0.0292505756176611,0.6052514786147749,0.12412359766595599,-0.011661185164981457,0.6515356675289523
1779791030.1054847,10.0,10.0,8.197952679514964,0.26114793175600176,0.02941892416312253,0.6052089413292717,0.12331824275089925,-0.011661185164981457,0.6513239912779318
1779791030.115447,10.0,10.0,8.155452510720565,0.26119687509462924,0.02958722887497936,0.6051619274550416,0.12252582977493823,-0.011661185164981457,0.6511086958656997
1779791030.1254878,10.0,10.0,8.109332907542282,0.26124543197722894,0.029755341753160018,0.6051146269112462,0.12172190026626858,-0.011661185164981457,0.6508831067205685
1779791030.1354802,10.0,10.0,8.064311172677352,0.2612941792894421,0.029923777424353308,0.6050711029263904,0.12091895381245982,-0.011661185164981457,0.6506505396771806
1779791030.1454504,10.0,10.0,8.025956767885932,0.2613409630309317,0.030083124119704024,0.6050295826778899,0.12013909638285236,-0.011661185164981457,0.6504176704436907
1779791030.1554773,10.0,10.0,7.99859040635691,0.2613854265388404,0.0302450437097305,0.6049899243765339,0.11934839835967787,-0.011661185164981457,0.6501744798892568
1779791030.1654754,10.0,10.0,7.991650458482606,0.2614308426907806,0.030416357981371163,0.6049552151562948,0.11857594621247661,-0.011661185164981457,0.6499299608267298
1779791030.175488,10.0,10.0,8.010542632024292,0.2614756585708826,0.030596075426788896,0.6049236756127526,0.11857594621247661,-0.011661185164981457,0.6499299608267298
1779791030.1854262,10.0,10.0,8.044073779712427,0.2615193319824699,0.030777087929250636,0.6049020901731069,0.11780957528572208,-0.011661185164981457,0.6496805356545441
1779791030.195438,10.0,10.0,8.087244065733293,0.26156353431230583,0.03095935120868293,0.604875414863205,0.11698749925442531,-0.011661185164981457,0.6494053551917194
1779791030.2055035,10.0,10.0,8.140104138758627,0.26160562835636436,0.031138538186255782,0.6048454662609758,0.1162029779853749,-0.011661185164981457,0.6491353236655708
1779791030.215452,10.0,10.0,8.187321887586908,0.2616501643705025,0.03132289070173554,0.6048053427928561,0.115441598498118,-0.011661185164981457,0.6488662665319024
1779791030.2254772,10.0,10.0,8.221698815876813,0.261697814936399,0.03151153791607109,0.6047619141985712,0.11467752127724476,-0.011661185164981457,0.6485892729022498
1779791030.2354746,10.0,10.0,8.223268046859221,0.26175119665660423,0.03170933865535949,0.6047145363166634,0.11389846744331666,-0.011661185164981457,0.648299583097768
1779791030.2454653,10.0,10.0,8.203306247155291,0.26180838046332705,0.03191895063883633,0.6046589546646097,0.11313524774232142,-0.011661185164981457,0.6480086005881383
1779791030.2554414,10.0,10.0,8.184413329939412,0.2618729320573265,0.03213547856278237,0.604597803172339,0.11237076913726399,-0.011661185164981457,0.6477099462717381
1779791030.2654638,10.0,10.0,8.166151979670941,0.26193643040101644,0.03235224014923637,0.6045343531955436,0.1116222319345346,-0.011661185164981457,0.647410478597095
1779791030.2754424,10.0,10.0,8.123967497541525,0.2620000610869508,0.03257064939949385,0.6044744406927306,0.1108774020176641,-0.011661185164981457,0.6471055112653974
1779791030.285441,10.0,10.0,8.07452310216611,0.2620659672913763,0.032790238494188155,0.6044136761190584,0.11009203794866657,-0.011661185164981457,0.6467763265076503
1779791030.2954369,10.0,10.0,8.04841868027958,0.26212535329002506,0.03300802263400204,0.6043547960299543,0.1093084798339134,-0.011661185164981457,0.6464400204568779
1779791030.3054233,10.0,10.0,8.031502953369841,0.262177767352788,0.03322358965935443,0.6043019877440707,0.1085674942537436,-0.011661185164981457,0.6461146687174
1779791030.315475,10.0,10.0,8.04285582447329,0.2622268613709584,0.033418801398403614,0.6042534564633387,0.10779726092505812,-0.011661185164981457,0.6457688511075732
1779791030.3255117,10.0,10.0,8.07925629431469,0.26227431146513525,0.033616793537480115,0.6042130194745793,0.10705673171218663,-0.011661185164981457,0.6454289607681575
1779791030.335502,10.0,10.0,8.126180751743254,0.26232440490823894,0.0338249246973042,0.6041770665077835,0.10632090083100629,-0.011661185164981457,0.645083950251456
1779791030.3454742,10.0,10.0,8.171178982383774,0.2623749187271957,0.03403455938240782,0.6041337666525777,0.10556022471629067,-0.011661185164981457,0.6447195766489889
1779791030.3554766,10.0,10.0,8.20944087558047,0.2624215634528945,0.034240673337016636,0.6040936097845037,0.10481720579088386,-0.011661185164981457,0.6443559994726586
1779791030.365434,10.0,10.0,8.239484394559758,0.2624735228839193,0.03444765704394758,0.6040488863643034,0.1040948011590141,-0.011661185164981457,0.6439951613818873
1779791030.3755271,10.0,10.0,8.258479494078266,0.2625267719014356,0.03465507022709674,0.603997450081294,0.10336646045817208,-0.011661185164981457,0.64362393370455
1779791030.3855007,10.0,10.0,8.270986705515236,0.26258154858088417,0.0348563060036817,0.6039385889153968,0.10336646045817208,-0.011661185164981457,0.64362393370455
1779791030.3954597,10.0,10.0,8.261219318587202,0.2626383489776381,0.03505104722741039,0.603876234853298,0.10263986285666746,-0.011661185164981457,0.6432460731652391
1779791030.4055078,10.0,10.0,8.237236415730425,0.2626958536512291,0.03524566887152989,0.6038041423863032,0.10192494916252728,-0.011661185164981457,0.6428668628267102
1779791030.4155047,10.0,10.0,8.198528567038336,0.26275659437269777,0.03543716148829403,0.6037302619317703,0.10120688113062432,-0.011661185164981457,0.642478468027216
1779791030.425453,10.0,10.0,8.146421984607793,0.2628201312616418,0.035627574516554524,0.6036547642775684,0.10048149634686213,-0.011661185164981457,0.6420783702412212
1779791030.4354832,10.0,10.0,8.10295800608406,0.2628859920830114,0.03582500897045791,0.6035810329398921,0.09975245728262547,-0.011661185164981457,0.6416683051540952
1779791030.4454968,10.0,10.0,8.073031048945357,0.26295070673447846,0.03602818003965301,0.6035070942450643,0.09900308738752597,-0.011661185164981457,0.6412383772031767
1779791030.455538,10.0,10.0,8.068966239015266,0.2630130077719682,0.036224649473119035,0.6034401129895499,0.09830608922800957,-0.011661185164981457,0.6408307163406897
1779791030.4654834,10.0,10.0,8.068117194482676,0.2630634221055961,0.03641846612161494,0.6033815988201287,0.09758436286678213,-0.011661185164981457,0.6404005738806385
1779791030.47546,10.0,10.0,8.056359762377832,0.2631117681899005,0.036609980243323875,0.6033279082820683,0.09689443212567345,-0.011661185164981457,0.6399816418102475
1779791030.4854586,10.0,10.0,8.063514546262669,0.26315573577713014,0.036798079604083045,0.6032820432403382,0.09618992110944588,-0.011661185164981457,0.6395459315344515
1779791030.495455,10.0,10.0,8.091339886070095,0.263192421261525,0.03697615335010996,0.6032434581099338,0.09550474447470064,-0.011661185164981457,0.6391143805399765
1779791030.5054526,10.0,10.0,8.113710958344813,0.2632305215137569,0.03715297210971492,0.6031980626718568,0.09479070197675457,-0.011661185164981457,0.6386563370419072
1779791030.515442,10.0,10.0,8.136193911764234,0.2632682965885972,0.0373262304037289,0.6031493074470814,0.09411611376362913,-0.011661185164981457,0.6382156855295744
1779791030.5254676,10.0,10.0,8.139822070720012,0.26330887035844214,0.03749688192315509,0.603095518176034,0.09343631665181959,-0.011661185164981457,0.6377637234116036
1779791030.5354357,10.0,10.0,8.1169792776522,0.26335016686554263,0.03766405770812854,0.6030369413584902,0.09276963410910519,-0.011661185164981457,0.6373126448299503
1779791030.5455582,10.0,10.0,8.061635617923631,0.2633923961502682,0.03783217303724387,0.6029786678460304,0.09210336323601359,-0.011661185164981457,0.63685396410569
1779791030.555433,10.0,10.0,7.998181309669053,0.26343493135623075,0.037995952840041716,0.6029236979325868,0.09139360823379739,-0.011661185164981457,0.6363565320098535
1779791030.565476,10.0,10.0,7.932594207336483,0.26347572873866826,0.038162090846806974,0.6028724682076004,0.09072583716440488,-0.011661185164981457,0.6358800746579106
1779791030.5754743,10.0,10.0,7.882539846905871,0.26352257672610585,0.038339004176509456,0.602821007847272,0.09007176264577549,-0.011661185164981457,0.6354053053643435
1779791030.5854657,10.0,10.0,7.860178447440218,0.2635722228957817,0.03853666692239659,0.602776306975339,0.08941246965764493,-0.011661185164981457,0.6349185062834567
1779791030.595517,10.0,10.0,7.863565798660569,0.26361994720660137,0.038737254587613214,0.6027421664962304,0.08875674979177295,-0.011661185164981457,0.6344259882791203
1779791030.6054592,10.0,10.0,7.898705581179098,0.2636688739436383,0.03893863456851844,0.6027131795175998,0.08875674979177295,-0.011661185164981457,0.6344259882791203
1779791030.6154459,10.0,10.0,7.9552209596668595,0.2637170982265329,0.039142765754901915,0.6026972488880213,0.0880826554594423,-0.011661185164981457,0.6339108170253103
1779791030.6254406,10.0,10.0,8.037249422542569,0.2637628815157472,0.03934393011735671,0.6026802307944915,0.08743786848266724,-0.011661185164981457,0.6334094851319536
1779791030.635436,10.0,10.0,8.12702295672294,0.26380601166390133,0.039538836495633035,0.6026590974243472,0.0867925021510863,-0.011661185164981457,0.6328991594711131
1779791030.6454728,10.0,10.0,8.217961295809852,0.263843263481494,0.03972188646659529,0.6026279295531659,0.08615373687528305,-0.011661185164981457,0.6323854718819338
1779791030.6554961,10.0,10.0,8.284625626711625,0.2638807214078558,0.03989584559387707,0.602591204581717,0.08553081808134946,-0.011661185164981457,0.631876141896043
1779791030.6654668,10.0,10.0,8.3159164424,0.263921330434365,0.04007223890879159,0.6025483017264711,0.0848950721860953,-0.011661185164981457,0.6313476128146734
1779791030.67548,10.0,10.0,8.321309770628677,0.2639639053742998,0.040248380049929255,0.6025057161647973,0.08426287087412279,-0.011661185164981457,0.6308131239347773
1779791030.6854966,10.0,10.0,8.294810961961849,0.2640101157692287,0.0404228999106259,0.6024580562802004,0.08362876518790877,-0.011661185164981457,0.6302679132555629
1779791030.6955075,10.0,10.0,8.243129086424178,0.26405684110782074,0.040603415993683084,0.6024034373302468,0.08302070216193233,-0.011661185164981457,0.6297363392445025
1779791030.705417,10.0,10.0,8.184334935275103,0.2641042207916542,0.04078189231341365,0.6023454822865845,0.08240705113961475,-0.011661185164981457,0.6291910008336659
1779791030.7154536,10.0,10.0,8.122097511410312,0.2641515561956186,0.04095645397293354,0.602287410666176,0.08176891694488411,-0.011661185164981457,0.6286142322512837
1779791030.7255049,10.0,10.0,8.064172319035233,0.2641978128245698,0.041127286345308205,0.6022390013853038,0.0811372270678947,-0.011661185164981457,0.6280333499243899
1779791030.7354543,10.0,10.0,8.021982226697649,0.26424164216980023,0.04129460806300795,0.6021925172756849,0.08053585566644594,-0.011661185164981457,0.6274709428562265
1779791030.7454455,10.0,10.0,8.005009301696052,0.2642814753732103,0.04146545041393437,0.6021558254999027,0.07995190699414634,-0.011661185164981457,0.6269158444914694
1779791030.7554977,10.0,10.0,8.006364995586138,0.2643222234894999,0.04164079454757872,0.602116784872551,0.07933752522164067,-0.011661185164981457,0.626322031036054
1779791030.7655175,10.0,10.0,8.041122456441855,0.2643641673627797,0.04182601896713752,0.6020875858164203,0.07874953451296324,-0.011661185164981457,0.6257440999040326
1779791030.7754753,10.0,10.0,8.08599225141782,0.26440495074899717,0.042010719402060664,0.6020606888612131,0.07817521895980542,-0.011661185164981457,0.6251702966906604
1779791030.7854824,10.0,10.0,8.135882676830748,0.2644451007494449,0.04219627161364076,0.602030905674655,0.07759874469029385,-0.011661185164981457,0.6245848509149471
1779791030.7954607,10.0,10.0,8.183530875692423,0.2644839192826093,0.042381341256214296,0.601996368143165,0.07703362854061926,-0.011661185164981457,0.6240014834903246
1779791030.8054876,10.0,10.0,8.212185228026328,0.2645204785766336,0.042560602752890225,0.6019595766593987,0.07703362854061926,-0.011661185164981457,0.6240014834903246
1779791030.815521,10.0,10.0,8.222111567841774,0.26455525704971605,0.042714012966262704,0.601922122329594,0.07647123001989017,-0.011661185164981457,0.6234113884630959
1779791030.8255124,10.0,10.0,8.205261629004207,0.264590003698548,0.042860173844975855,0.6018835639988015,0.07590971067974508,-0.011661185164981457,0.6228124812674665
1779791030.835464,10.0,10.0,8.169957011705758,0.2646217943380592,0.04300253692613734,0.6018344988425466,0.07532783599793078,-0.011661185164981457,0.6221813242801952
1779791030.845449,10.0,10.0,8.104041528091056,0.2646533518333513,0.043141625393990184,0.6017889072656731,0.07477663872780063,-0.011661185164981457,0.6215732776184746
1779791030.8554757,10.0,10.0,8.023640051955802,0.26468770603012604,0.04328067321847177,0.6017506753696659,0.07423982606093324,-0.011661185164981457,0.6209713286182181
1779791030.8654695,10.0,10.0,7.944003433545275,0.2647239704717721,0.04342695358327034,0.6017145165799322,0.07368249701701482,-0.011661185164981457,0.6203358858463841
1779791030.8754287,10.0,10.0,7.89181779144085,0.26476054522327747,0.043585883140352825,0.6016762051447537,0.0731548834750855,-0.011661185164981457,0.6197241981229261
1779791030.8854992,10.0,10.0,7.862408415514165,0.26479751109848565,0.04374270848887028,0.6016409705038319,0.07261917179834629,-0.011661185164981457,0.6190927519543378
1779791030.8955019,10.0,10.0,7.865413785094135,0.2648336245000433,0.04390269171252518,0.6016114124869183,0.07209900207398126,-0.011661185164981457,0.6184693339126849
1779791030.9054706,10.0,10.0,7.881504613119149,0.26486570447705043,0.04406676648149617,0.6015900434683416,0.07155860395598032,-0.011661185164981457,0.6178106078070883
1779791030.9154882,10.0,10.0,7.9065019420823175,0.26489307234450155,0.044225904361368265,0.6015742058549985,0.07104200780758571,-0.011661185164981457,0.617170029408038
1779791030.925478,10.0,10.0,7.943090397515084,0.26491313859268434,0.044370098069029675,0.6015614401591479,0.0705236511477361,-0.011661185164981457,0.6165162548761279
1779791030.9354346,10.0,10.0,7.983925935853721,0.26491248311712157,0.04451136691253108,0.6015450361909035,0.06999981466602037,-0.011661185164981457,0.615844001089287
1779791030.9454556,10.0,10.0,8.017825921880714,0.26491715345876693,0.04464491304933563,0.6015184837218244,0.06950943030665527,-0.011661185164981457,0.6152037962645791
1779791030.9554539,10.0,10.0,8.041489612030222,0.2649381588587654,0.04477200921161913,0.6014902877382705,0.06901242860491488,-0.011661185164981457,0.6145438623149948
1779791030.9654942,10.0,10.0,8.04222409615144,0.26496307116615486,0.04488889631131475,0.6014645130889257,0.06853215821400926,-0.011661185164981457,0.613895188488707
1779791030.9754617,10.0,10.0,8.021412927257856,0.2649869886901918,0.044999768303932736,0.6014346706730522,0.06805747334447165,-0.011661185164981457,0.6132431227094528
1779791030.9854515,10.0,10.0,7.970978796065836,0.2650071774386872,0.04509905684534618,0.6014057660171793,0.06757690763970783,-0.011661185164981457,0.6125715261549005
1779791030.995475,10.0,10.0,7.9102877053624505,0.26502534848052645,0.045194521739556945,0.601373607755023,0.06711094132142423,-0.011661185164981457,0.6119089472355184
1779791031.0054548,10.0,10.0,7.849476170588509,0.2650374363738262,0.04528280483902196,0.6013455370680216,0.06662880140000865,-0.011661185164981457,0.6112111460544889
1779791031.015512,10.0,10.0,7.789322785767332,0.26504755431595817,0.045371135358789366,0.6013182091733363,0.06662880140000865,-0.011661185164981457,0.6112111460544889
1779791031.0254455,10.0,10.0,7.7529550142151615,0.2650529091975632,0.0454541242004819,0.6012934991387685,0.06616489618807117,-0.011661185164981457,0.6105275698675044
1779791031.0355155,10.0,10.0,7.736098149289659,0.2650542751482538,0.045531434626211814,0.6012707515845648,0.06570602757661406,-0.011661185164981457,0.6098392365186008
1779791031.0454774,10.0,10.0,7.737696194945166,0.2650573622587371,0.045613495003223134,0.6012658986478255,0.06526255795165672,-0.011661185164981457,0.6091620601620933
1779791031.0554645,10.0,10.0,7.753851657181356,0.26505953452919684,0.04570537557333782,0.6012777853348398,0.0648178796183716,-0.011661185164981457,0.6084708004322834
1779791031.0654502,10.0,10.0,7.77433410735473,0.2650605009835539,0.04579301089757225,0.6012969367676114,0.06438645394440004,-0.011661185164981457,0.6077879775988584
1779791031.0754657,10.0,10.0,7.841653729295898,0.26506178624091176,0.04587918605672562,0.6013208971500245,0.0639619194171431,-0.011661185164981457,0.607103906975045
1779791031.0854313,10.0,10.0,7.928233015732258,0.2650562304816409,0.045959365393291894,0.6013417602995187,0.06354128534334422,-0.011661185164981457,0.6064137572472564
1779791031.0954375,10.0,10.0,7.99531593992115,0.26504991528849675,0.046026115882677875,0.6013592117678991,0.06309460946169546,-0.011661185164981457,0.6056668456415351
1779791031.1054494,10.0,10.0,8.034495996823605,0.265050207400522,0.04609424502284107,0.6013686853682955,0.06268401726059372,-0.011661185164981457,0.6049669783609984
1779791031.115446,10.0,10.0,8.048084646164252,0.26505689742232974,0.04616947367454862,0.6013680510382406,0.062280941392514305,-0.011661185164981457,0.6042670000150527
1779791031.1254342,10.0,10.0,8.044902048293164,0.2650721705919471,0.046256482296210884,0.6013597339401171,0.06188012180611355,-0.011661185164981457,0.6035576955239154
1779791031.1355057,10.0,10.0,8.043723115522855,0.26510090043668727,0.04636471136245292,0.6013449509558026,0.06148370517583565,-0.011661185164981457,0.6028426189785496
1779791031.1454475,10.0,10.0,8.03466589333134,0.265136500977844,0.046492138015534326,0.6013197864688768,0.06109843126460246,-0.011661185164981457,0.6021341355413395
1779791031.155442,10.0,10.0,8.021255577639646,0.2651752969001112,0.046623601744854096,0.6012871141451231,0.06071369742629121,-0.011661185164981457,0.6014127488824824
1779791031.1654484,10.0,10.0,8.027640604510019,0.26520808219179487,0.04675366247213496,0.6012584026028467,0.060334909686504595,-0.011661185164981457,0.600688309387898
1779791031.1754577,10.0,10.0,8.039517157593727,0.2652438851403543,0.04688749658781273,0.6012276861153548,0.05995668636247237,-0.011661185164981457,0.5999502108456596
1779791031.1854439,10.0,10.0,8.079645056917776,0.2652796577171696,0.04702810629942427,0.601197197590856,0.0595963760135885,-0.011661185164981457,0.5992327007548709
1779791031.1954713,10.0,10.0,8.135274325798834,0.2653116910129964,0.04716077601181755,0.6011618437420769,0.059230978045212684,-0.011661185164981457,0.5984900220616329
1779791031.2054262,10.0,10.0,8.196932392510236,0.26534445622812475,0.04729348209225115,0.6011145321279117,0.058873035896420706,-0.011661185164981457,0.5977470636085231
1779791031.215433,10.0,10.0,8.253082221961295,0.2653844706848349,0.047422400346298736,0.6010520515427819,0.05852783561876032,-0.011661185164981457,0.5970153254154665
1779791031.225422,10.0,10.0,8.263158248338192,0.26541957505358743,0.04756261284767155,0.6009765912110631,0.05818184317203587,-0.011661185164981457,0.5962661023548722
1779791031.2354722,10.0,10.0,8.22788333011973,0.2654591743476068,0.04770438190743928,0.6008832865889078,0.05784606207958112,-0.011661185164981457,0.5955230367234882
1779791031.2454214,10.0,10.0,8.185213107690373,0.2655013449901896,0.0478462878990306,0.6007751213540555,0.057514108345109505,-0.011661185164981457,0.5947721279642297
1779791031.2554536,10.0,10.0,8.119067066647602,0.26554171686145034,0.048001434127607656,0.6006617505599949,0.057514108345109505,-0.011661185164981457,0.5947721279642297
1779791031.2654197,10.0,10.0,8.040905233434918,0.26559172825988603,0.04816803397099275,0.6005523438583468,0.057168909945799234,-0.011661185164981457,0.5939730513894459
1779791031.2754183,10.0,10.0,7.967797156079609,0.26563998245694326,0.04834289684999772,0.6004526263616491,0.05685090637045245,-0.011661185164981457,0.5932195164136944
1779791031.2854407,10.0,10.0,7.906113527029632,0.2656823271016859,0.04851036033806586,0.6003630735094008,0.05653949970179134,-0.011661185164981457,0.5924644440305311
1779791031.295492,10.0,10.0,7.865105399189625,0.2657262590146881,0.04867506935669699,0.6002942028560688,0.056230262087605676,-0.011661185164981457,0.5916967842184312
1779791031.305463,10.0,10.0,7.836182653125022,0.2657661373169686,0.048839529631409806,0.6002427931009771,0.05593364142776705,-0.011661185164981457,0.5909426842420576
1779791031.3154573,10.0,10.0,7.831439536696018,0.26580223930832164,0.049005849667817535,0.6001985866166996,0.05564012406472066,-0.011661185164981457,0.5901782513879238
1779791031.3255203,10.0,10.0,7.858786896571512,0.26583282266696756,0.049166851712630126,0.6001551122817947,0.05535552268799532,-0.011661185164981457,0.5894185942067827
1779791031.3354452,10.0,10.0,7.9167683369224155,0.2658563122396549,0.049331562577041486,0.6001175769075909,0.055077715388364756,-0.011661185164981457,0.5886583778165377
1779791031.345452,10.0,10.0,7.9751600743889774,0.2658806291170831,0.049497452840369584,0.6000855709502007,0.05480117474280666,-0.011661185164981457,0.5878820162331362
1779791031.3554952,10.0,10.0,8.014630279030216,0.26590535143161587,0.04965902119489693,0.6000568547470833,0.05453450298160481,-0.011661185164981457,0.5871135109241472
1779791031.3654573,10.0,10.0,8.031432072140548,0.26592962044588153,0.049821302313342974,0.6000248902399046,0.05426748052335431,-0.011661185164981457,0.5863230252271329
1779791031.3754656,10.0,10.0,8.032709849391209,0.2659583882816838,0.049977442745705696,0.5999912485313028,0.05401512414656143,-0.011661185164981457,0.5855552154795282
1779791031.3854535,10.0,10.0,8.013323813279401,0.26598739044639347,0.05012630446478355,0.5999482561758345,0.05375675331013724,-0.011661185164981457,0.5847465796762816
1779791031.3954685,10.0,10.0,7.977409843960786,0.26601979779391915,0.050271357080816384,0.5998949468867399,0.05351802769761657,-0.011661185164981457,0.5839775468780561
1779791031.4054742,10.0,10.0,7.932863499670007,0.26605178539546565,0.05041819638502831,0.5998422660644775,0.05327419283509502,-0.011661185164981457,0.583168539489636
1779791031.4154508,10.0,10.0,7.8794624335635755,0.2660825503594074,0.05056392998020245,0.5997877808095786,0.05303152233816463,-0.011661185164981457,0.5823377451273328
1779791031.4254823,10.0,10.0,7.841530117652107,0.26610509925788034,0.05070644631462464,0.5997321040741959,0.05280601685721931,-0.011661185164981457,0.58154069517226
1779791031.4354267,10.0,10.0,7.8163544123934505,0.26612381719987593,0.050852561753619706,0.5996850730092911,0.05259308220018058,-0.011661185164981457,0.580763908637596
1779791031.4454367,10.0,10.0,7.8074326910879055,0.26614087426929034,0.05099715869106625,0.599641246813327,0.05238124442313771,-0.011661185164981457,0.5799656420396743
1779791031.4554381,10.0,10.0,7.818358195286583,0.26615738691307395,0.051150818331608464,0.5996217371630301,0.05238124442313771,-0.011661185164981457,0.5799656420396743
1779791031.4655073,10.0,10.0,7.846532238855641,0.2661739359708956,0.05129782311928763,0.5996129681514573,0.05217355275714017,-0.011661185164981457,0.5791559192638185
1779791031.475498,10.0,10.0,7.908421892691871,0.26618997204268346,0.05144930570640693,0.5996156339486518,0.0519776659490408,-0.011661185164981457,0.578365159215051
1779791031.4854805,10.0,10.0,7.978149151964255,0.2662002238086749,0.0515873348547364,0.5996160522198805,0.05178421497075916,-0.011661185164981457,0.5775557324295505
1779791031.4955215,10.0,10.0,8.03960022728725,0.26621027503420247,0.05171755055219903,0.5996122568078313,0.05160356116609552,-0.011661185164981457,0.5767715145701365
1779791031.505491,10.0,10.0,8.071339509522558,0.2662184574576946,0.051846591592524915,0.5996025536827326,0.051421877797501764,-0.011661185164981457,0.5759520922300414
1779791031.5155368,10.0,10.0,8.053571614042939,0.2662229636812176,0.051965300777965635,0.5995809052030945,0.051252455277140146,-0.011661185164981457,0.5751569394485638
1779791031.5254703,10.0,10.0,8.01263515004261,0.26622324487368,0.05207031359844019,0.599542401130782,0.05108427035781252,-0.011661185164981457,0.5743343007888274
1779791031.5354102,10.0,10.0,7.984093035641811,0.26622164969853823,0.052164656425799226,0.5994996224524638,0.05092662206285967,-0.011661185164981457,0.573529204495699
1779791031.545454,10.0,10.0,7.934464522066106,0.2662116975893697,0.05225689796577673,0.5994693709093949,0.050776521947217684,-0.011661185164981457,0.5727279652628758
1779791031.5554523,10.0,10.0,7.8457581475936,0.26619521688368614,0.052344783624993535,0.59943501278791,0.050634354424040434,-0.011661185164981457,0.5719335185033051
1779791031.5654602,10.0,10.0,7.770690152521153,0.2661787382343989,0.052420964937272094,0.5993977685254399,0.050498218885834584,-0.011661185164981457,0.5711356416797599
1779791031.5754478,10.0,10.0,7.728811580730945,0.26615369457545063,0.052501407299743945,0.5993623504143742,0.050367597569795614,-0.011661185164981457,0.570330692096992
1779791031.585452,10.0,10.0,7.715951192107333,0.26612697395766166,0.05257985733720871,0.5993371388391847,0.05024378083619313,-0.011661185164981457,0.569526280719791
1779791031.5954738,10.0,10.0,7.715142408723731,0.2660855092365028,0.05265751606661549,0.5993227655408502,0.05012501568239869,-0.011661185164981457,0.5687102834312732
1779791031.605525,10.0,10.0,7.720520340687551,0.26602118239785066,0.052723430058010654,0.599315652643498,0.05001501853315696,-0.011661185164981457,0.567908636161099
1779791031.615469,10.0,10.0,7.739095182005317,0.2659360429362734,0.05278955419775782,0.5993226949928865,0.049911181530091914,-0.011661185164981457,0.5671034820121721
1779791031.6254427,10.0,10.0,7.786567806521433,0.2658411605275527,0.05285238590900025,0.5993327355207988,0.049811894798097195,-0.011661185164981457,0.5662804365437845
1779791031.6354816,10.0,10.0,7.835980510477081,0.2657340042539301,0.05291200063603869,0.5993464970353054,0.04972131327298568,-0.011661185164981457,0.5654739717526942
1779791031.6454723,10.0,10.0,7.841541168989391,0.2656257494422335,0.05296267899950809,0.5993606494951336,0.04963790239235075,-0.011661185164981457,0.5646730255489886
1779791031.6554155,10.0,10.0,7.812893590488123,0.2655088157870029,0.053007425771867726,0.599371517141395,0.04955675961723241,-0.011661185164981457,0.5638258093038901
1779791031.665448,10.0,10.0,7.757491036775206,0.2653853329362993,0.053055344858610944,0.599370422640077,0.04948435741023574,-0.011661185164981457,0.5629963318449891
1779791031.6754572,10.0,10.0,7.662187869535266,0.2652329917657394,0.053106873645261954,0.5993645502242542,0.04942027883133446,-0.011661185164981457,0.5621851906608599
1779791031.6854312,10.0,10.0,7.525948912244947,0.2650441847161123,0.05316271555936234,0.5993484716045918,0.04942027883133446,-0.011661185164981457,0.5621851906608599
1779791031.6954448,10.0,10.0,7.393277505803644,0.2648174193145486,0.05322395058188438,0.5993180835813141,0.04935955628031452,-0.011661185164981457,0.561324729359921
1779791031.7054002,10.0,10.0,7.26663409925666,0.2645489334738296,0.05330524566748449,0.5992868042500096,0.04930735097147676,-0.011661185164981457,0.5604827229252539
1779791031.715463,10.0,10.0,7.1224282008194555,0.26425286325400066,0.05340135768330361,0.599265768793341,0.04926416522683555,-0.011661185164981457,0.5596789798374681
1779791031.725459,10.0,10.0,7.0094827530104995,0.26395595762077984,0.05350018141922102,0.5992635251436857,0.04922713037962853,-0.011661185164981457,0.558867226108922
1779791031.7354705,10.0,10.0,6.938441694780955,0.2636594641704582,0.05361229981231476,0.5992882494616812,0.049196681015215404,-0.011661185164981457,0.5580548396693015
1779791031.745432,10.0,10.0,6.886548133995199,0.263363558894366,0.05373630522217493,0.5993523317811631,0.049172977175746896,-0.011661185164981457,0.5572477743389407
1779791031.7554107,10.0,10.0,6.861976159118695,0.2630636060321923,0.05387087280121081,0.5994453669301129,0.04915487571189972,-0.011661185164981457,0.5563866844564898
1779791031.7654595,10.0,10.0,6.890040392719598,0.26275015509720484,0.054019917377447775,0.5995734002083435,0.04914448388758508,-0.011661185164981457,0.5555608298297339
1779791031.7754736,10.0,10.0,6.91787650259721,0.2624227396095237,0.054184828990943616,0.599746631260037,0.04914091861536862,-0.011661185164981457,0.554753586456685
1779791031.7854736,10.0,10.0,6.9490393853752455,0.2620836732745471,0.05436861690762398,0.599970672323436,0.049143918485251764,-0.011661185164981457,0.5539400488112669
1779791031.795501,10.0,10.0,7.013062337199708,0.26175278075729397,0.05455968962933869,0.6002488068583349,0.04915362045632524,-0.011661185164981457,0.5531212996568445
1779791031.8054342,10.0,10.0,7.092759763799042,0.26143895110437904,0.054760407755548676,0.600561474948769,0.049169868052268084,-0.011661185164981457,0.5523092111248845
1779791031.8154373,10.0,10.0,7.193856316474212,0.2611430565099873,0.05496248646957635,0.6009101921319002,0.04919363360846904,-0.011661185164981457,0.5514687628268901
1779791031.8254592,10.0,10.0,7.279579998285713,0.26086810156974327,0.05517395323746815,0.601297187882909,0.04922429480052212,-0.011661185164981457,0.5506326977716709
1779791031.8354473,10.0,10.0,7.340621391492281,0.2606105810928067,0.05538335937805104,0.6016989605441048,0.049262163192735936,-0.011661185164981457,0.5497925832493709
1779791031.845436,10.0,10.0,7.41454386810979,0.26037459315389017,0.05559626575233292,0.6021123386007637,0.049306931204587706,-0.011661185164981457,0.5489556599376999
1779791031.8554301,10.0,10.0,7.518471811737474,0.260163276297089,0.05582959552751857,0.602515125256015,0.04935750819736101,-0.011661185164981457,0.5481373761791525
1779791031.8654673,10.0,10.0,7.623907214899914,0.25997288893200093,0.0560640769075926,0.6029195895423808,0.04941542501724844,-0.011661185164981457,0.5473110053498879
1779791031.8755226,10.0,10.0,7.754104828343207,0.2597949117548367,0.05629842916216059,0.6032900848016538,0.049478982528587706,-0.011661185164981457,0.5464997213872756
1779791031.8855503,10.0,10.0,7.911268782564122,0.25963422343375225,0.05654006994018771,0.6036218204411296,0.04954957994008233,-0.011661185164981457,0.5456841273786187
1779791031.8954945,10.0,10.0,8.066296523149884,0.2594727261152664,0.05677716977674729,0.6039198751356989,0.04954957994008233,-0.011661185164981457,0.5456841273786187
1779791031.905458,10.0,10.0,8.213173075171989,0.25932824584900815,0.0570030552044032,0.6041755474165633,0.04962866685310083,-0.011661185164981457,0.5448508111836535
1779791031.9155147,10.0,10.0,8.374768729465455,0.25920306881325406,0.05721806452747517,0.6043739159879462,0.049715330074762615,-0.011661185164981457,0.5440125758849117
1779791031.9254415,10.0,10.0,8.542666495624214,0.25909288268872793,0.05743171387782522,0.604528571500878,0.049805727843490605,-0.011661185164981457,0.5432037658200902
1779791031.9354706,10.0,10.0,8.684519287061049,0.2589978667153939,0.0576417848425251,0.6046330295225172,0.04990762981370225,-0.011661185164981457,0.5423561130061055
1779791031.9454293,10.0,10.0,8.80758796189319,0.2589172615507864,0.0578382187060582,0.6046882586419354,0.050017260945277364,-0.011661185164981457,0.5415056382792823
1779791031.9554706,10.0,10.0,8.896099314376261,0.2588556154236926,0.058025584935031814,0.6046969790040841,0.05013627793845202,-0.011661185164981457,0.5406413754214257
1779791031.965476,10.0,10.0,8.958328860423007,0.2588191094707651,0.05819683341103891,0.6046872782229474,0.05025841581729909,-0.011661185164981457,0.5398074349480082
1779791031.9755194,10.0,10.0,9.020168081681796,0.2588148278637284,0.05835306546730617,0.6046591009698118,0.05038197639973452,-0.011661185164981457,0.5390097365778804
1779791031.9854343,10.0,10.0,9.078714515928214,0.25883820987310263,0.05850246643909602,0.604599250479329,0.05051397328716431,-0.011661185164981457,0.5382011052147422
1779791031.9955094,10.0,10.0,9.105126770375508,0.25888068226420896,0.058657557824908134,0.6045067390197374,0.050653074190539965,-0.011661185164981457,0.537390835852196
1779791032.0054927,10.0,10.0,9.089228850408404,0.2589402631049739,0.058810293338995887,0.60436814851897,0.050799574817204374,-0.011661185164981457,0.5365777081218361
1779791032.0154638,10.0,10.0,9.082829017595445,0.2590175301509944,0.058964225798504744,0.6041762880037259,0.050950615787483056,-0.011661185164981457,0.5357770805013892
1779791032.0254197,10.0,10.0,9.10518786285691,0.2591111628934965,0.05912505273250333,0.6039244230089177,0.05110784104493937,-0.011661185164981457,0.5349793678273367
1779791032.0354548,10.0,10.0,9.11727607327563,0.2592285371260333,0.0592932426047962,0.6036162896809409,0.051277141467537285,-0.011661185164981457,0.5341563113256589
1779791032.0454447,10.0,10.0,9.138396060854491,0.2593811143989253,0.05947019090757317,0.6032478393982346,0.05145391523823181,-0.011661185164981457,0.5333321327939169
1779791032.0554368,10.0,10.0,9.164932620815229,0.2595543762808755,0.05964135219285331,0.6028207467937596,0.051638494515311634,-0.011661185164981457,0.532505677366592
1779791032.0654356,10.0,10.0,9.182206339315984,0.25975532334492085,0.059810096824410415,0.6023394968917315,0.051638494515311634,-0.011661185164981457,0.532505677366592
1779791032.0754619,10.0,10.0,9.165758334208848,0.25998136908548364,0.05998585672207908,0.6018143443525462,0.05182895846146804,-0.011661185164981457,0.5316854925458889
1779791032.0854933,10.0,10.0,9.113429566366404,0.26022244296083075,0.0601771449892598,0.6012471071131085,0.05202717050587763,-0.011661185164981457,0.5308634840332724
1779791032.0954423,10.0,10.0,9.036576767100133,0.2604700102938222,0.060371949364153875,0.600649784884957,0.05222307744706986,-0.011661185164981457,0.5300795362409714
1779791032.105466,10.0,10.0,8.941350794924313,0.260739594505332,0.060566885641772025,0.600035463117377,0.05243699566869017,-0.011661185164981457,0.5292527853323699
1779791032.1154506,10.0,10.0,8.854012681146887,0.26103346858168514,0.06077797521015701,0.5994052305613331,0.05265395157400135,-0.011661185164981457,0.5284426309340853
1779791032.1254363,10.0,10.0,8.775682479599219,0.2613396019810124,0.06099953638054488,0.5987754186834011,0.052870061752370995,-0.011661185164981457,0.5276614709804732
1779791032.1354585,10.0,10.0,8.691943812247619,0.2616530974271778,0.06123619173661851,0.5981415666705766,0.05309820575093083,-0.011661185164981457,0.5268623928068099
1779791032.1454518,10.0,10.0,8.636678052224445,0.2619724725380298,0.06147874485649051,0.5975027694603618,0.053328692837707,-0.011661185164981457,0.5260795859174521
1779791032.1554642,10.0,10.0,8.620955849503183,0.26227707554251983,0.06170393850346985,0.5968605468797139,0.05356338267092317,-0.011661185164981457,0.5253057615332778
1779791032.1654403,10.0,10.0,8.617818350069342,0.26256030978188105,0.061915140348547504,0.5962301706690749,0.053811518399906916,-0.011661185164981457,0.5245111384604292
1779791032.1754763,10.0,10.0,8.603314477388151,0.2628374482096253,0.062116920187955185,0.5956213740679211,0.05407027575640466,-0.011661185164981457,0.5237062953326803
1779791032.1854475,10.0,10.0,8.586848659059857,0.26310592151871937,0.06231541664829238,0.5950434685179795,0.054324536188597644,-0.011661185164981457,0.5229373401797994
1779791032.1954286,10.0,10.0,8.561514184465075,0.2633654566119698,0.06251121359061668,0.5945044749501319,0.05459292466865981,-0.011661185164981457,0.522147500882569
1779791032.2054327,10.0,10.0,8.517101471642244,0.2636142919988644,0.06272079979037094,0.5940124854912753,0.05485903507682685,-0.011661185164981457,0.5213849723538102
1779791032.215446,10.0,10.0,8.436417649855255,0.26385395931881833,0.0629521557553349,0.593570055327527,0.0551419251519272,-0.011661185164981457,0.5205953186959467
1779791032.2255504,10.0,10.0,8.368590237155916,0.26410187177931926,0.0632172609221567,0.5931756688138698,0.05543346352603587,-0.011661185164981457,0.5198026039272319
1779791032.235444,10.0,10.0,8.334858970864131,0.26433745414427334,0.06350139294372234,0.5928421730823686,0.055723099467980625,-0.011661185164981457,0.5190348550055797
1779791032.2454457,10.0,10.0,8.270298854222379,0.26456084829322857,0.06379129829259986,0.5925705708127723,0.056020821768823975,-0.011661185164981457,0.5182649192863085
1779791032.2554896,10.0,10.0,8.21472314829596,0.26476970390287036,0.06407092251537373,0.592347527693042,0.056324147834799304,-0.011661185164981457,0.5174993174586746
1779791032.265492,10.0,10.0,8.20363427952661,0.2649521624445014,0.06433478282950711,0.5921561725063224,0.056324147834799304,-0.011661185164981457,0.5174993174586746
1779791032.2754338,10.0,10.0,8.179131884828488,0.26510252039607846,0.06459939477613659,0.5919881147923448,0.056634316083420594,-0.011661185164981457,0.5167349052295249
1779791032.2854702,10.0,10.0,8.134640111304567,0.26523109645589765,0.06486507701436006,0.5918470254480419,0.056948153239281735,-0.011661185164981457,0.515979328087841
1779791032.2954438,10.0,10.0,8.120208209296395,0.2653412444368128,0.06511581390246943,0.5917428236013323,0.057268162001651385,-0.011661185164981457,0.5152263431911809
1779791032.3054907,10.0,10.0,8.128345580097141,0.2654303251832824,0.06537168382000585,0.5916754580029102,0.05760076927811139,-0.011661185164981457,0.5144613339766301
1779791032.3154683,10.0,10.0,8.146304221415829,0.26550587727372826,0.06563990775784995,0.5916319053620431,0.057931250372218884,-0.011661185164981457,0.5137180225897322
1779791032.3254993,10.0,10.0,8.163543335577144,0.2655619106935737,0.06591448174217472,0.5916123573278099,0.05828468913768278,-0.011661185164981457,0.5129406007411234
1779791032.3354564,10.0,10.0,8.166630820112552,0.2656027988822483,0.06617291683493347,0.5916166850466743,0.058637038412651554,-0.011661185164981457,0.5121826395107789
1779791032.3454707,10.0,10.0,8.186004839542969,0.2656401824945272,0.06642561748636813,0.5916190704853967,0.058985588067750866,-0.011661185164981457,0.5114487363136528
1779791032.355493,10.0,10.0,8.225134013138808,0.26567021346983444,0.06666957469964051,0.5916210076779088,0.0593389111479897,-0.011661185164981457,0.5107200930319372
1779791032.3654392,10.0,10.0,8.251200351255168,0.26569508208174103,0.06688775841146408,0.5916238506233271,0.059704720848855836,-0.011661185164981457,0.5099811416095092
1779791032.375438,10.0,10.0,8.24967634223246,0.2657220634908536,0.0670861246080142,0.591621264599261,0.0600698652940915,-0.011661185164981457,0.5092584470193209
1779791032.3854475,10.0,10.0,8.218068675707363,0.2657527720721984,0.06728349790206761,0.5916056807794005,0.06043999441302142,-0.011661185164981457,0.5085403750358519
1779791032.3954523,10.0,10.0,8.180040904606537,0.2657901968754065,0.06748462165141153,0.5915744125625269,0.06082381484249463,-0.011661185164981457,0.5078104340283305
1779791032.4054592,10.0,10.0,8.147754824913653,0.2658284853387218,0.06769360123230733,0.5915330630385508,0.06120541962337167,-0.011661185164981457,0.5070988646234841
1779791032.4155204,10.0,10.0,8.110617234464035,0.26587062434956643,0.06789595493239263,0.5914895848083952,0.061596548854418204,-0.011661185164981457,0.5063835314381129
1779791032.4254746,10.0,10.0,8.098837370861437,0.2659091857162816,0.06808461801489582,0.5914443160817733,0.061995813078984635,-0.011661185164981457,0.5056672955771992
1779791032.4354355,10.0,10.0,8.115305305759808,0.2659456376229714,0.06826592830589923,0.591404805052137,0.06240199852543393,-0.011661185164981457,0.5049525074062948
1779791032.4454863,10.0,10.0,8.145506808419242,0.2659776429475818,0.06844402061733347,0.5913695742394747,0.06281332627580263,-0.011661185164981457,0.5042423149831684
1779791032.4555113,10.0,10.0,8.196208528208448,0.26601260222363843,0.06861111132036371,0.5913340301688723,0.06322236684425045,-0.011661185164981457,0.5035491244881678
1779791032.4654505,10.0,10.0,8.254970880300066,0.2660435572018888,0.06878527685303927,0.5912907794711794,0.0636594316706646,-0.011661185164981457,0.502822236240743
1779791032.475463,10.0,10.0,8.331692279620865,0.26607381849794065,0.0689597927496821,0.5912359699390562,0.0640806161070426,-0.011661185164981457,0.5021347022874426
1779791032.4854848,10.0,10.0,8.406294876542095,0.2661041146806072,0.06913209476017781,0.5911754979755668,0.0640806161070426,-0.011661185164981457,0.5021347022874426
1779791032.4954696,10.0,10.0,8.453175253977141,0.26613875035843254,0.06929866114324111,0.5911105526065303,0.06452794509281021,-0.011661185164981457,0.5014178454930507
1779791032.5054405,10.0,10.0,8.487318137659003,0.26617442040888883,0.06946650670405094,0.5910429419620381,0.06497561184615028,-0.011661185164981457,0.5007136822944483
1779791032.5154626,10.0,10.0,8.50965873144291,0.26621275588213716,0.0696316232658335,0.5909666006540273,0.06541567468355891,-0.011661185164981457,0.5000338886005263
1779791032.5254922,10.0,10.0,8.50573870557837,0.2662517129112533,0.06979410563868124,0.5908815004641442,0.06586013768626367,-0.011661185164981457,0.4993593210976673
1779791032.5354607,10.0,10.0,8.468734561483865,0.2662986048112524,0.06995837136974507,0.5907734563572556,0.06632019100897885,-0.011661185164981457,0.49867335505334975
1779791032.5454888,10.0,10.0,8.401305860705033,0.2663395134942372,0.07011173555110144,0.590655403953015,0.06677542777935372,-0.011661185164981457,0.49800641104896265
1779791032.5554867,10.0,10.0,8.295146561880651,0.2663814217146267,0.0702694041976359,0.5905332509959685,0.06724456413337479,-0.011661185164981457,0.49733099084843296
1779791032.565503,10.0,10.0,8.20653795567211,0.2664329345367816,0.07043580899749956,0.5904081657257507,0.0677175455865486,-0.011661185164981457,0.4966618264646196
1779791032.5754755,10.0,10.0,8.161198671206998,0.2664892329625447,0.07061488967092573,0.5902918816743304,0.0681876848034719,-0.011661185164981457,0.4960080171563832
1779791032.5854518,10.0,10.0,8.138154153477869,0.2665526969791579,0.0708097552738163,0.5901890094149527,0.06866958869651954,-0.011661185164981457,0.4953491830610893
1779791032.5955193,10.0,10.0,8.154489648873346,0.26662409963975525,0.07101286876984578,0.590091492037515,0.06916534992412351,-0.011661185164981457,0.49468298500479235
1779791032.6054242,10.0,10.0,8.209937386492086,0.2666940319327714,0.07122202227878008,0.5900045733041801,0.06966414088797782,-0.011661185164981457,0.494024181301769
1779791032.6154482,10.0,10.0,8.254319429013567,0.2667594757811986,0.07144399832868877,0.5899187601538057,0.07017734395711264,-0.011661185164981457,0.4933579563844629
1779791032.6254883,10.0,10.0,8.31117284326376,0.26682887629058816,0.07168683847014498,0.5898314176822278,0.07069047960915145,-0.011661185164981457,0.4927032204060108
1779791032.635444,10.0,10.0,8.378713545291085,0.2669038302902166,0.071927614038936,0.5897451888719671,0.07119292458579363,-0.011661185164981457,0.4920728280445187
1779791032.645493,10.0,10.0,8.431670173309088,0.2669904460441145,0.07217144871659223,0.5896694580986384,0.07171515223410371,-0.011661185164981457,0.49142849704021985
1779791032.6554708,10.0,10.0,8.45949240233563,0.267087365852416,0.07241855070603789,0.5895907966489443,0.07223041914839948,-0.011661185164981457,0.49080330212087925
1779791032.665423,10.0,10.0,8.472669956684447,0.26718674060510483,0.07266326469258733,0.5895069465372482,0.07277301619971063,-0.011661185164981457,0.49015593551573644
1779791032.6754313,10.0,10.0,8.480238133511257,0.2672887309059611,0.07290962837710692,0.5894073484560503,0.0732960759555911,-0.011661185164981457,0.48954224128530016
1779791032.6855357,10.0,10.0,8.46861413460312,0.2673957557492063,0.07314795619870289,0.5892965487120401,0.0732960759555911,-0.011661185164981457,0.48954224128530016
1779791032.695491,10.0,10.0,8.431264970072055,0.26751304999421327,0.07339453728760426,0.5891764111645686,0.0739422625254125,-0.011661185164981457,0.4887977039260461
1779791032.705448,10.0,10.0,8.377046333634073,0.26762839464382737,0.0736379586921171,0.5890502660782663,0.07449078761406666,-0.011661185164981457,0.48817715330314615
1779791032.7154703,10.0,10.0,8.323513360799097,0.26773748176274953,0.0738959913634397,0.5889205749226836,0.0750595467831788,-0.011661185164981457,0.4875444950338985
1779791032.7254725,10.0,10.0,8.300632644252193,0.26783930765424857,0.07415697515558745,0.5887908220300452,0.07560612412602205,-0.011661185164981457,0.4869465728626862
1779791032.735438,10.0,10.0,8.298113080216337,0.2679250681874712,0.07443262067750402,0.5886634239911566,0.07616774248632804,-0.011661185164981457,0.48634219398170603
1779791032.745457,10.0,10.0,8.26792618483744,0.26800682320779323,0.07470095987467121,0.5885476935215959,0.07675340427476804,-0.011661185164981457,0.4857224489002483
1779791032.7554553,10.0,10.0,8.256647272559636,0.268084748699953,0.07498190684779366,0.5884361307143848,0.07731222096150489,-0.011661185164981457,0.48514085337711177
1779791032.765432,10.0,10.0,8.262512541032732,0.26815433496475194,0.07526954982284419,0.5883307638130674,0.07791585909391044,-0.011661185164981457,0.4845230212170069
1779791032.775442,10.0,10.0,8.25702378333849,0.2682122862052592,0.0755547553284034,0.5882356534932311,0.07850797985606209,-0.011661185164981457,0.4839272165868807
1779791032.7855046,10.0,10.0,8.25492879806625,0.268267134177528,0.07584382686228096,0.5881465241398357,0.07908183484133888,-0.011661185164981457,0.4833592261673116
1779791032.7955341,10.0,10.0,8.272016436470208,0.2683148220339384,0.07613317299890442,0.5880697587406066,0.07968438823808252,-0.011661185164981457,0.4827725827101056
1779791032.8054829,10.0,10.0,8.29898429997631,0.26836419503488596,0.07642258443636045,0.5879991033592251,0.0802699162891973,-0.011661185164981457,0.4822118592110453
1779791032.8154626,10.0,10.0,8.333597306189729,0.268420861946495,0.07671895581870918,0.5879330637318039,0.08089869178761991,-0.011661185164981457,0.4816197320558005
1779791032.825521,10.0,10.0,8.366512979224662,0.2684874584823626,0.07701737311858006,0.5878680180616694,0.08149320681041297,-0.011661185164981457,0.4810691841983425
1779791032.8354723,10.0,10.0,8.387578922421635,0.2685613835328729,0.0773118604185486,0.5877991796853905,0.08210049988482565,-0.011661185164981457,0.48051593848247875
1779791032.8455172,10.0,10.0,8.390499168726727,0.2686480674863631,0.07760129229438126,0.5877294379871895,0.0827318543861971,-0.011661185164981457,0.4799503424144581
1779791032.8554835,10.0,10.0,8.38185302422104,0.2687404040418793,0.07788093572300953,0.5876551950614405,0.0827318543861971,-0.011661185164981457,0.4799503424144581
1779791032.8654857,10.0,10.0,8.373891107683244,0.2688401984587332,0.07815341348343212,0.5875773799924842,0.0833761367333399,-0.011661185164981457,0.47938299710889765
1779791032.8754306,10.0,10.0,8.355671561547034,0.268928844433231,0.07842907504287949,0.587497951039101,0.08399626495188331,-0.011661185164981457,0.47884609537672423
1779791032.885447,10.0,10.0,8.330770163682052,0.2690108290450896,0.0787064129139354,0.5874158591161829,0.08463574481544642,-0.011661185164981457,0.4783016600117991
1779791032.8954668,10.0,10.0,8.31654038115375,0.26909227683851167,0.0789956389403741,0.587334740792529,0.08525674231428129,-0.011661185164981457,0.47778173407167207
1779791032.9054565,10.0,10.0,8.318902691984412,0.26916271156733323,0.079299831720044,0.5872597484055297,0.08588275975900198,-0.011661185164981457,0.47726617725935633
1779791032.915445,10.0,10.0,8.329263059462898,0.26923550556921044,0.0795981598755054,0.5871885700087175,0.08652647021528106,-0.011661185164981457,0.47674484501473435
1779791032.9254334,10.0,10.0,8.367424465064289,0.26931281884422964,0.07990632971536502,0.5871251386955978,0.08715853672924298,-0.011661185164981457,0.4762414504194411
1779791032.935519,10.0,10.0,8.427841898268708,0.26939985664521354,0.08020922192868979,0.5870614587934334,0.08784072613514546,-0.011661185164981457,0.4757074089323355
1779791032.9454658,10.0,10.0,8.499224048985452,0.26950384970911767,0.08051899429717631,0.5870027941743153,0.0885137248103211,-0.011661185164981457,0.47518981008796785
1779791032.9556482,10.0,10.0,8.562021456883768,0.26961372841595177,0.080821164453888,0.5869449108917598,0.08916947025911215,-0.011661185164981457,0.4746941447140196
1779791032.9654515,10.0,10.0,8.600612034528826,0.26973768452900504,0.08112336497392178,0.586881863463316,0.08983679897479224,-0.011661185164981457,0.47419833879620477
1779791032.9754887,10.0,10.0,8.623945721627535,0.2698694743746473,0.08141762452929108,0.5868097325410075,0.09049999874478104,-0.011661185164981457,0.47371405366939123
1779791032.9854407,10.0,10.0,8.633165936712349,0.2699953789181108,0.08170823077327247,0.5867256392617547,0.09116339472348575,-0.011661185164981457,0.4732379052180619
1779791032.9954336,10.0,10.0,8.618199976673072,0.27011475045052286,0.08199021738231224,0.5866225013812307,0.09182200573394467,-0.011661185164981457,0.47277324049556024
1779791033.0054464,10.0,10.0,8.576078008596335,0.2702346480540722,0.08225544955748013,0.5865058096038331,0.09249997678766558,-0.011661185164981457,0.4723031507245242
1779791033.0154712,10.0,10.0,8.489795998464984,0.2703523663265594,0.08251389087352627,0.5863780277516717,0.09318270431174686,-0.011661185164981457,0.4718380616087008
1779791033.0254369,10.0,10.0,8.396141346636833,0.2704629017397565,0.08277230334711269,0.5862463869231718,0.09388360083233255,-0.011661185164981457,0.4713691124885714
1779791033.0354714,10.0,10.0,8.331897662250451,0.2705720460137656,0.08304035324160446,0.5861065466157439,0.09456099931877202,-0.011661185164981457,0.4709239501290001
1779791033.0454583,10.0,10.0,8.271418634670193,0.27066948749402187,0.08331745300006914,0.5859772490474995,0.09456099931877202,-0.011661185164981457,0.4709239501290001
1779791033.0554645,10.0,10.0,8.217556918902579,0.27075767236006837,0.08358375615634833,0.5858534830240365,0.0952744429345325,-0.011661185164981457,0.4704635317373383
1779791033.06548,10.0,10.0,8.192500886286092,0.27083214835812053,0.08384447399529776,0.5857334990545987,0.09596973131679282,-0.011661185164981457,0.4700230201664616
1779791033.0754282,10.0,10.0,8.1722114771358,0.27089170335095863,0.08409575001526763,0.5856152673125985,0.09666554404198599,-0.011661185164981457,0.4695901435895171
1779791033.08543,10.0,10.0,8.146054708390276,0.27093586087165267,0.08434195697901528,0.5855140894206847,0.09737373697757779,-0.011661185164981457,0.4691576243408684
1779791033.095547,10.0,10.0,8.117639591297895,0.2709731741521736,0.08458155004750648,0.5854314393175577,0.09807636277593124,-0.011661185164981457,0.468736419627592
1779791033.1054425,10.0,10.0,8.11430796276215,0.27100315608401054,0.08481833522144407,0.5853672887158092,0.09877546441163831,-0.011661185164981457,0.46832503703384987
1779791033.1154497,10.0,10.0,8.120311435018154,0.27102945028131376,0.08505769578210873,0.5853236188691859,0.09948662932857841,-0.011661185164981457,0.46791433314223957
1779791033.1254606,10.0,10.0,8.13182165971882,0.27105752599300714,0.0852974414022558,0.585302188984244,0.1002003231173351,-0.011661185164981457,0.46750994358755826
1779791033.135474,10.0,10.0,8.142745949879039,0.2710873564256532,0.08553862313205568,0.5852974211867693,0.10090688885476382,-0.011661185164981457,0.46711715940030474
1779791033.145422,10.0,10.0,8.132927874594158,0.2711142564067036,0.08577772079066151,0.5852974573337568,0.101619437748207,-0.011661185164981457,0.4667285708275192
1779791033.155437,10.0,10.0,8.128606585401636,0.2711392358302512,0.08600326822906035,0.5852958251205798,0.10233952021940629,-0.011661185164981457,0.4663434461384089
1779791033.165463,10.0,10.0,8.110661101435692,0.2711626981217385,0.08620816502942244,0.5852960518187698,0.10307883160713346,-0.011661185164981457,0.4659558533020347
1779791033.1754878,10.0,10.0,8.093152884744931,0.27118466638130023,0.08640688506996677,0.5853052075563283,0.10379561587278052,-0.011661185164981457,0.4655875346404444
1779791033.1854372,10.0,10.0,8.09369178508554,0.27120566157256426,0.08660728278187071,0.5853217848454366,0.10452980549828403,-0.011661185164981457,0.4652177948649273
1779791033.1954787,10.0,10.0,8.107084079718486,0.27122661080463933,0.08680550730170618,0.5853398478124751,0.10526041804868055,-0.011661185164981457,0.4648573214232388
1779791033.2055087,10.0,10.0,8.127393441969215,0.27124758159507395,0.08699684288218998,0.5853576700328914,0.10598616382654247,-0.011661185164981457,0.4645065332809851
1779791033.2154355,10.0,10.0,8.164002489352145,0.27126719632426294,0.08718714240999753,0.5853700394816892,0.10675270523651767,-0.011661185164981457,0.4641438164984716
1779791033.2254407,10.0,10.0,8.198766847153337,0.271286904224838,0.087359578353571,0.5853746651854235,0.10749538042302367,-0.011661185164981457,0.4637999370570723
1779791033.2354774,10.0,10.0,8.214032798093717,0.27130688275100795,0.08751646981023348,0.585361753384473,0.10823870956089185,-0.011661185164981457,0.46346310451029593
1779791033.2454548,10.0,10.0,8.223606050574023,0.2713251443285389,0.08766011279793715,0.5853262958870987,0.1089898333348168,-0.011661185164981457,0.46313012621770033
1779791033.255442,10.0,10.0,8.214321829958894,0.2713437167521625,0.08779424518156985,0.5852713757937394,0.10972877719310173,-0.011661185164981457,0.4628097145344134
1779791033.265446,10.0,10.0,8.172117396045595,0.2713643480828578,0.08792260886303538,0.585203759462358,0.11048809222649594,-0.011661185164981457,0.4624877966852729
1779791033.2754924,10.0,10.0,8.105182629935408,0.27138637475486904,0.08805063850063738,0.5851448228675225,0.11123369367562977,-0.011661185164981457,0.4621788451080258
1779791033.2854488,10.0,10.0,8.036253284882035,0.2714144505149481,0.08819375617964595,0.5850907725784363,0.11123369367562977,-0.011661185164981457,0.4621788451080258
1779791033.2954555,10.0,10.0,7.969735317548184,0.27144215709760644,0.08835165659373329,0.5850392280209835,0.11201235417081684,-0.011661185164981457,0.4618636833402644
1779791033.3054206,10.0,10.0,7.923398254791519,0.27146992974772355,0.08853309042897756,0.5849921238327607,0.11280158781136262,-0.011661185164981457,0.4615519709493341
1779791033.3154314,10.0,10.0,7.904639833714786,0.2715033940215819,0.08872399137439609,0.5849555321758932,0.11355235757691376,-0.011661185164981457,0.46126260069529784
1779791033.325442,10.0,10.0,7.920981872623333,0.27154096691106483,0.08893985288012714,0.5849293434544423,0.11431159701295637,-0.011661185164981457,0.46097698934913917
1779791033.3355052,10.0,10.0,7.971604714611839,0.27158142261665025,0.0891754863926756,0.5849177137024699,0.1151364872063757,-0.011661185164981457,0.46067461197178183
1779791033.345447,10.0,10.0,8.054824088500103,0.2716310109631509,0.08942977186679864,0.5849163112285515,0.11590701442843523,-0.011661185164981457,0.4603995546504541
1779791033.3554468,10.0,10.0,8.1832154095179,0.2716889625137757,0.0896913054354977,0.584919164502153,0.11666882705777823,-0.011661185164981457,0.46013456553690585
1779791033.3654704,10.0,10.0,8.330869640846927,0.2717598979045868,0.08994254368914216,0.5849270978123988,0.11746312685252192,-0.011661185164981457,0.4598655798023453
1779791033.3754666,10.0,10.0,8.473250750263228,0.27183468641564196,0.09018625433559892,0.5849313532076386,0.11823992588962676,-0.011661185164981457,0.45960967230691935
1779791033.385456,10.0,10.0,8.59834066334485,0.27191200901267815,0.09041176065589512,0.5849300893630087,0.11902493266570016,-0.011661185164981457,0.45935818689068475
1779791033.3954105,10.0,10.0,8.691528004617146,0.2719934608875038,0.09063515583493895,0.5849130259485978,0.11982417447601279,-0.011661185164981457,0.4591094424155401
1779791033.4054275,10.0,10.0,8.760489129498167,0.27208339661573155,0.09084261746596166,0.5848887225804783,0.12060757414714632,-0.011661185164981457,0.4588727227581344
1779791033.4155478,10.0,10.0,8.803443614616004,0.2721795180994614,0.09104725498621055,0.5848565531525317,0.12139239566338,-0.011661185164981457,0.4586425634732515
1779791033.425447,10.0,10.0,8.814119454433646,0.2722813626775902,0.09124810664094717,0.5848228402998228,0.12218923643027249,-0.011661185164981457,0.45841598572592135
1779791033.4354918,10.0,10.0,8.80287485909292,0.27238635060352767,0.09143216429200385,0.584770310687728,0.12297787798207888,-0.011661185164981457,0.45819874036130803
1779791033.4454389,10.0,10.0,8.79690866389262,0.27249529414800167,0.09160433051369861,0.5847033632834076,0.12379525664146757,-0.011661185164981457,0.4579808786421081
1779791033.455449,10.0,10.0,8.795491130413023,0.27260283948481134,0.09176317175407186,0.5846188268248148,0.12464525430086854,-0.011661185164981457,0.45776215068606235
1779791033.4654827,10.0,10.0,8.753217986270474,0.2727167967680931,0.09190497706228953,0.5845098526151133,0.12544672278421315,-0.011661185164981457,0.45756317340164526
1779791033.4754674,10.0,10.0,8.698494613085007,0.2728394700430643,0.09205150513393047,0.584388797626798,0.12544672278421315,-0.011661185164981457,0.45756317340164526
1779791033.4854968,10.0,10.0,8.641060724105243,0.27295967212269184,0.09219944372296403,0.5842656973426966,0.12623820934085875,-0.011661185164981457,0.4573735493579697
1779791033.4954317,10.0,10.0,8.574157496724657,0.27308139618115856,0.09235283880471333,0.5841341025107656,0.12703908055505286,-0.011661185164981457,0.457188590026397
1779791033.505467,10.0,10.0,8.527952433826258,0.2731920126849259,0.09251308171018453,0.5840059227956319,0.1278286487848447,-0.011661185164981457,0.45701301007132744
1779791033.515421,10.0,10.0,8.484386967076446,0.2732903943773402,0.09267631825212892,0.5838931143422389,0.1286350267808705,-0.011661185164981457,0.4568405913015937
1779791033.5254624,10.0,10.0,8.426849999825471,0.2733869155006783,0.09284815002750167,0.583802945220975,0.12946101228028725,-0.011661185164981457,0.4566711701874014
1779791033.535533,10.0,10.0,8.371219999067037,0.2734776267686328,0.09302299093758447,0.583731372402731,0.1302559869314761,-0.011661185164981457,0.45651494680355503
1779791033.5454512,10.0,10.0,8.324722220733246,0.2735540314405387,0.09321466202670732,0.5836726428548166,0.13109065487635232,-0.011661185164981457,0.4563581045376573
1779791033.5554626,10.0,10.0,8.283490129477011,0.27361289943352907,0.09340765892351782,0.5836249142172415,0.13192595504062696,-0.011661185164981457,0.4562084735323828
1779791033.565425,10.0,10.0,8.260740198023726,0.2736592732314023,0.09360107999336605,0.5835841397538222,0.1327346750656063,-0.011661185164981457,0.4560705590256159
1779791033.5754924,10.0,10.0,8.26368953729644,0.27368939544410587,0.09380152331385096,0.5835580683708369,0.13354275743765723,-0.011661185164981457,0.45593955885645704
1779791033.5854497,10.0,10.0,8.278275145581716,0.2737086603957768,0.09400208519980964,0.5835602277666871,0.1343472671448986,-0.011661185164981457,0.455815868900473
1779791033.5954404,10.0,10.0,8.300924524492094,0.27372718253077033,0.09419607511890596,0.5835782182255563,0.1352021218792098,-0.011661185164981457,0.45569177014316115
1779791033.605492,10.0,10.0,8.32272493102595,0.27374122877660684,0.09437618979596349,0.583608352378242,0.13601684200253053,-0.011661185164981457,0.4555805025568791
1779791033.6154432,10.0,10.0,8.31416715338084,0.2737531565395224,0.09453989848611138,0.5836440999304027,0.13688611354821756,-0.011661185164981457,0.4554692968849872
1779791033.6254036,10.0,10.0,8.295334109157357,0.27376099568608936,0.09468954517157468,0.5836755332089779,0.13768912779749692,-0.011661185164981457,0.45537343667981767
1779791033.635438,10.0,10.0,8.26075391683704,0.2737665576194444,0.09482232076885183,0.5836998923082073,0.13852150117395845,-0.011661185164981457,0.4552810139879559
1779791033.6454515,10.0,10.0,8.185329984213748,0.27376480036310663,0.09494723144455432,0.5837240287055832,0.1393519294126677,-0.011661185164981457,0.45519583006421205
1779791033.655454,10.0,10.0,8.091204289554845,0.27375784590906366,0.09505937999130046,0.5837535402527617,0.1393519294126677,-0.011661185164981457,0.45519583006421205
1779791033.665452,10.0,10.0,7.999025800155856,0.2737474046353748,0.09514963663188819,0.5837896618569904,0.14021905014318195,-0.011661185164981457,0.4551143491278762
1779791033.6754124,10.0,10.0,7.901815825961426,0.2737191156235559,0.09522497730668793,0.583840620394927,0.14103823498681298,-0.011661185164981457,0.45504436330321824
1779791033.6854596,10.0,10.0,7.80892062940713,0.2736742976347559,0.09529339847140834,0.5838980732347607,0.1418686352795864,-0.011661185164981457,0.4549803364500882
1779791033.695515,10.0,10.0,7.741216694768401,0.27359173218842564,0.09535113487730518,0.5839705716807084,0.1426844931795522,-0.011661185164981457,0.45492420025017977
1779791033.7054305,10.0,10.0,7.688678568026537,0.2734857448476367,0.09541516057224793,0.5840605857328717,0.14349635102704233,-0.011661185164981457,0.45487498830928996
1779791033.7154424,10.0,10.0,7.628728223721208,0.27337477248818415,0.09547536940209747,0.5841752885545174,0.1443129632970614,-0.011661185164981457,0.4548321693148064
1779791033.725455,10.0,10.0,7.585660391647071,0.2732599595083499,0.09555050328948611,0.5843167440597521,0.14512573750169255,-0.011661185164981457,0.4547961965287986
1779791033.7354538,10.0,10.0,7.543827767466518,0.27314242121654386,0.09563103924576688,0.5844912382414009,0.1459362662697835,-0.011661185164981457,0.4547669178495116
1779791033.7454915,10.0,10.0,7.51161559742651,0.2730114619665764,0.09572482781084879,0.5846932799116593,0.14675420219701757,-0.011661185164981457,0.45474404186869394
1779791033.7554412,10.0,10.0,7.489101150594344,0.27287164935181424,0.09583713801805532,0.584934022779471,0.14756345527840886,-0.011661185164981457,0.4547279985206484
1779791033.7654378,10.0,10.0,7.468909162358453,0.27272440132281134,0.09596783094152558,0.5852127494777437,0.1484060732433277,-0.011661185164981457,0.4547182558796462
1779791033.7754421,10.0,10.0,7.47014632289189,0.27257782480579384,0.09612416840789742,0.5855431565736793,0.14921361513555711,-0.011661185164981457,0.4547155823369149
1779791033.7854524,10.0,10.0,7.49630524713744,0.27245238541230865,0.09629471047833231,0.5859179138072161,0.15003496084924897,-0.011661185164981457,0.45471955260983565
1779791033.795501,10.0,10.0,7.576326415483549,0.272350342853592,0.09647756411588448,0.5863280893342913,0.1508451095166599,-0.011661185164981457,0.4547300784186314
1779791033.8054879,10.0,10.0,7.671588884137559,0.272260029297905,0.09667721423351361,0.5867779948814468,0.15165162522697231,-0.011661185164981457,0.4547470792963666
1779791033.8154526,10.0,10.0,7.765776798234585,0.27216990121948864,0.0968808922216097,0.5872419996496663,0.15250071095029036,-0.011661185164981457,0.45477201311044896
1779791033.8254507,10.0,10.0,7.842774757145413,0.2720795602984564,0.09708677527013791,0.587717896888936,0.15334767283820291,-0.011661185164981457,0.4548040792993613
1779791033.8354554,10.0,10.0,7.934518869024057,0.2719950889055079,0.09728415953365649,0.5881845804527679,0.15415559677426163,-0.011661185164981457,0.45484137040199746
1779791033.845452,10.0,10.0,8.01294672171733,0.2719074561245567,0.09747365150973791,0.5886479020132505,0.15496971829444497,-0.011661185164981457,0.45488557539086755
1779791033.8554535,10.0,10.0,8.0502033518573,0.2718204822763834,0.09764733087080821,0.5890914004978343,0.15579107917503524,-0.011661185164981457,0.4549369245864543
1779791033.8654718,10.0,10.0,8.07998559012203,0.27173466545608765,0.09781466410964294,0.5895059236392824,0.15662234528803662,-0.011661185164981457,0.45499580787989397
1779791033.8754456,10.0,10.0,8.136247719951458,0.27165298917171254,0.09797675381580019,0.5898960903338852,0.15662234528803662,-0.011661185164981457,0.45499580787989397
1779791033.8854177,10.0,10.0,8.213115921676755,0.271580376666549,0.09812860146155353,0.5902483671421637,0.15743690175287126,-0.011661185164981457,0.4550602673185398
1779791033.895434,10.0,10.0,8.300035134687446,0.2715131537784869,0.09826835368864954,0.5905664136467998,0.15828832691673309,-0.011661185164981457,0.4551348108358725
1779791033.9054182,10.0,10.0,8.374019460311882,0.27145920068482243,0.09840097203043142,0.5908410631631987,0.15909277862927065,-0.011661185164981457,0.45521198643242483
1779791033.9154775,10.0,10.0,8.457462819181867,0.27142165865861795,0.09851986771908973,0.5910751212886418,0.15994139306610197,-0.011661185164981457,0.4553005188387406
1779791033.925434,10.0,10.0,8.54947902669137,0.2714040457824099,0.0986217617322568,0.5912554926250354,0.16076679414943554,-0.011661185164981457,0.4553936607892925
1779791033.9354196,10.0,10.0,8.639251079220573,0.2714008971275439,0.09870589131326812,0.5913932144391876,0.1615885721446241,-0.011661185164981457,0.4554933016419577
1779791033.9454367,10.0,10.0,8.739836649411739,0.27143974273420995,0.09877427948012474,0.5914797531701705,0.16240343633469526,-0.011661185164981457,0.45559893050146966
1779791033.9554963,10.0,10.0,8.861656332446428,0.27150937146563126,0.09882155141594244,0.5915193691084999,0.1632030976642356,-0.011661185164981457,0.4557092181458861
1779791033.9654636,10.0,10.0,8.947196605091863,0.27159038651164763,0.09886068930323064,0.5915161045880073,0.16402645510781363,-0.011661185164981457,0.4558296590971211
1779791033.9754694,10.0,10.0,8.988923774506812,0.27168652785376574,0.09888486808104884,0.5914841870385328,0.1648314292606147,-0.011661185164981457,0.45595418872017435
1779791033.9854748,10.0,10.0,9.02828934901818,0.2717966282480446,0.0988995636695308,0.5914223725108837,0.16569140175619815,-0.011661185164981457,0.4560946591949596
1779791033.9954615,10.0,10.0,9.100875005515174,0.27193501824290695,0.09891052303170436,0.5913304755795977,0.16652756613210032,-0.011661185164981457,0.4562386335519765
1779791034.0054443,10.0,10.0,9.174710423249028,0.2720942275561632,0.09891764154587418,0.5912144250708752,0.16732246701297362,-0.011661185164981457,0.4563822907585401
1779791034.0154495,10.0,10.0,9.212927955016939,0.2722783899143991,0.09891842681971165,0.5910652487665793,0.16813581040177142,-0.011661185164981457,0.45653615984473406
1779791034.0254328,10.0,10.0,9.203258354298201,0.2724977418725416,0.09891656172393228,0.5908813591036364,0.16893258489752297,-0.011661185164981457,0.4566936723330727
1779791034.0354884,10.0,10.0,9.183396931783452,0.27273745894068946,0.09890297879655333,0.5906444402102122,0.16972502147368626,-0.011661185164981457,0.4568570130419952
1779791034.0454721,10.0,10.0,9.162530230580172,0.27300156636032225,0.09888173762124638,0.5903685309832051,0.17055210351412406,-0.011661185164981457,0.4570346424621869
1779791034.0555062,10.0,10.0,9.088907624858553,0.27327151529203597,0.09886569735910915,0.5900613324278812,0.17137314604561502,-0.011661185164981457,0.457218234190981
1779791034.0654738,10.0,10.0,8.966387567180192,0.2735409974126742,0.09884895056800239,0.5897261932919491,0.17137314604561502,-0.011661185164981457,0.457218234190981
1779791034.0754373,10.0,10.0,8.831581571854125,0.27381806063578923,0.09883056935977558,0.5893697710626968,0.17216364311114077,-0.011661185164981457,0.4574018681561701
1779791034.085417,10.0,10.0,8.714325106057387,0.2740869967162197,0.09880914934845862,0.5889970834924675,0.17295689596270417,-0.011661185164981457,0.45759295875065986
1779791034.0954654,10.0,10.0,8.575868762225545,0.2743495517907961,0.09879073170709725,0.5886238748449684,0.17375273598299715,-0.011661185164981457,0.4577915749231697
1779791034.1055114,10.0,10.0,8.430668638823786,0.2746124361945574,0.09877007398737178,0.588255483861857,0.174584000456991,-0.011661185164981457,0.4580064600665908
1779791034.1154253,10.0,10.0,8.307414827703088,0.27487130345979505,0.0987562904360662,0.5878883012507469,0.17537220174981796,-0.011661185164981457,0.45821726884660874
1779791034.1254268,10.0,10.0,8.228505447041343,0.27512541469732193,0.09874665323929137,0.5875310389639958,0.17619222931718162,-0.011661185164981457,0.4584439287371874
1779791034.1354158,10.0,10.0,8.162760625618914,0.2753639386142247,0.0987414495389138,0.5871945928943986,0.17698511525739333,-0.011661185164981457,0.45867025247938664
1779791034.1454408,10.0,10.0,8.102977245147263,0.275590567990328,0.09873988307404943,0.5868722700045059,0.17776424020445683,-0.011661185164981457,0.45889956012820865
1779791034.1554346,10.0,10.0,8.069893933466632,0.2758024228263192,0.09874384700136761,0.5865827741940434,0.17853449887171943,-0.011661185164981457,0.4591330417401969
1779791034.165414,10.0,10.0,8.012971816511696,0.27598605226955586,0.09876012711344682,0.586324419352698,0.17932650613873077,-0.011661185164981457,0.45938020113685996
1779791034.1754577,10.0,10.0,7.925260538368049,0.27614904217247355,0.09878062562116349,0.5861058629030118,0.18009530896827822,-0.011661185164981457,0.45962704308847013
1779791034.185423,10.0,10.0,7.84782749498054,0.27629658381096517,0.09880145371694524,0.5859342181196089,0.1808623264416118,-0.011661185164981457,0.45988016258473874
1779791034.195441,10.0,10.0,7.748435283434529,0.27642360845754177,0.09882512233476298,0.5857989766667557,0.1816681731159028,-0.011661185164981457,0.4601535273539408
1779791034.2054405,10.0,10.0,7.603514982395089,0.2765192102240059,0.09884269905531552,0.585694219270284,0.18246201370731333,-0.011661185164981457,0.4604303283270414
1779791034.2154818,10.0,10.0,7.432832737833306,0.27658385547998304,0.09885774454675561,0.585620037473393,0.1832285452943673,-0.011661185164981457,0.4607047415597234
1779791034.2254376,10.0,10.0,7.265258106797424,0.27662772184136153,0.09886376940583079,0.5855819899585302,0.1840015394115261,-0.011661185164981457,0.46098863014192526
1779791034.2354214,10.0,10.0,7.1339599240852385,0.27665073500734344,0.09888145742078587,0.585583427894936,0.1847850447917931,-0.011661185164981457,0.46128378532839615
1779791034.2454424,10.0,10.0,7.064504983198099,0.27665767306893013,0.09890922174415188,0.5856190821923268,0.18557042726543263,-0.011661185164981457,0.46158720161847017
1779791034.2554271,10.0,10.0,7.052305210325652,0.27665613430642433,0.09897371783711024,0.5856971128988795,0.18633711022131802,-0.011661185164981457,0.46189075969445637
1779791034.2653987,10.0,10.0,7.084333071045976,0.27665910987873127,0.09908926757978893,0.5858214494805856,0.1870902776924496,-0.011661185164981457,0.46219612229096046
1779791034.2754877,10.0,10.0,7.141441239586967,0.27665851264968155,0.09923323715727961,0.5859931677973628,0.1870902776924496,-0.011661185164981457,0.46219612229096046
1779791034.2854924,10.0,10.0,7.205158544370463,0.2766514634056827,0.0994007223047733,0.5862223794009832,0.18783406292044894,-0.011661185164981457,0.46250471042761443
1779791034.2954628,10.0,10.0,7.293123092333689,0.27664366278867053,0.09956170464202353,0.5864877210420815,0.1886229600477435,-0.011661185164981457,0.46283972756700836
1779791034.3054948,10.0,10.0,7.411124553165158,0.2766291600471268,0.09973220011126711,0.5867825000053329,0.18937593698935287,-0.011661185164981457,0.463166974736222
1779791034.3154228,10.0,10.0,7.5241490285053345,0.2766101892982706,0.09990582196462908,0.587099522271854,0.19011460602630612,-0.011661185164981457,0.46349518347186297
1779791034.3254147,10.0,10.0,7.6265170537068645,0.27658986537043173,0.10008594164274388,0.5874413601317776,0.19085689724092966,-0.011661185164981457,0.46383224322622985
1779791034.3354907,10.0,10.0,7.705215195138437,0.2765753855640463,0.10028248976734733,0.587782094334857,0.19160899310919746,-0.011661185164981457,0.46418124178009956
1779791034.3455,10.0,10.0,7.794151131144054,0.27657400671539695,0.10048622197860377,0.5881211435939366,0.1923404796272765,-0.011661185164981457,0.46452798856293104
1779791034.3554318,10.0,10.0,7.904429282823504,0.27659761947885814,0.10068777604175512,0.588457823543889,0.19308344228773136,-0.011661185164981457,0.46488764277516076
1779791034.365442,10.0,10.0,8.039197659245744,0.2766387511342613,0.1008866864636316,0.5887797545626114,0.1938176038642511,-0.011661185164981457,0.4652505172110273
1779791034.375433,10.0,10.0,8.194811605771957,0.2766850287733027,0.10108273270485768,0.5890833665811704,0.19455680551896268,-0.011661185164981457,0.46562348802344
1779791034.3854563,10.0,10.0,8.3425733039244,0.2767341440531881,0.10126012831532734,0.5893573187506829,0.1952818924510388,-0.011661185164981457,0.4659968438671019
1779791034.395426,10.0,10.0,8.47113897172003,0.2767815693038226,0.10142563012044212,0.5896070479378402,0.1959959245251046,-0.011661185164981457,0.46637186488497895
1779791034.4054177,10.0,10.0,8.55889546241284,0.27683630231646467,0.1015808826040833,0.589819989696402,0.1967321875457473,-0.011661185164981457,0.4667663067166634
1779791034.4154236,10.0,10.0,8.641020986343737,0.27689872535060966,0.10171684788663601,0.5899871528430743,0.1974511641165648,-0.011661185164981457,0.4671591770373622
1779791034.4254644,10.0,10.0,8.712735017385231,0.27696938948229816,0.10183614081973372,0.5901133165743575,0.19819589683637603,-0.011661185164981457,0.4675742430748234
1779791034.43546,10.0,10.0,8.771973599568334,0.2770563295146614,0.10193176367739658,0.5901973638344179,0.1989283493792218,-0.011661185164981457,0.4679906401231246
1779791034.4454267,10.0,10.0,8.817396427200965,0.27715747554400977,0.10201393057255877,0.5902378483718049,0.19966441776505392,-0.011661185164981457,0.4684173792008134
1779791034.455477,10.0,10.0,8.859248211592373,0.2772716551695764,0.10208856495150152,0.5902415426296916,0.20038788127883375,-0.011661185164981457,0.4688450250104993
1779791034.4654255,10.0,10.0,8.880526909506374,0.27740084441406926,0.10215427163021504,0.5902212011111356,0.20109243524762208,-0.011661185164981457,0.46926943739892113
1779791034.4754605,10.0,10.0,8.886083438850308,0.27754178375343,0.10221777302824274,0.5901835499157886,0.20109243524762208,-0.011661185164981457,0.46926943739892113
1779791034.4854915,10.0,10.0,8.873478974371732,0.2776977407264431,0.10227661495193593,0.590120637491576,0.2017799805624477,-0.011661185164981457,0.4696912746934782
1779791034.4954495,10.0,10.0,8.84251171577715,0.27786694009014273,0.10232838421302683,0.5900301710583297,0.20250374911187705,-0.011661185164981457,0.4701436483402553
1779791034.5054917,10.0,10.0,8.780096410604656,0.2780270232216925,0.10237398483938796,0.5899201092745869,0.20320146337077463,-0.011661185164981457,0.4705879342911758
1779791034.515461,10.0,10.0,8.675908691368095,0.2781745400443756,0.1024255990065875,0.5897990561475501,0.20388703462323185,-0.011661185164981457,0.47103245133908134
1779791034.5254426,10.0,10.0,8.563655152614079,0.27830930288602856,0.10246791750616328,0.5896698122938943,0.20455938502573398,-0.011661185164981457,0.4714761855401409
1779791034.5354528,10.0,10.0,8.447209186723684,0.27843105589426426,0.10251521044117466,0.5895418457289824,0.20527128722896418,-0.011661185164981457,0.4719545692807272
1779791034.545419,10.0,10.0,8.331403112795527,0.27854744300377177,0.1025660806149014,0.5894242835415219,0.20595184255065482,-0.011661185164981457,0.47242024559207985
1779791034.555468,10.0,10.0,8.2297536998111,0.2786716872380425,0.10261564057388864,0.5893208739602219,0.2066282764575271,-0.011661185164981457,0.4728913366516061
1779791034.5654573,10.0,10.0,8.153791076820598,0.27880919839428786,0.10266699049258055,0.5892279113104648,0.20732921208430108,-0.011661185164981457,0.47338830548339667
1779791034.5754943,10.0,10.0,8.099345378698615,0.27895858934542833,0.10272152812292061,0.5891474231293962,0.20798332982976706,-0.011661185164981457,0.4738603161800301
1779791034.5854237,10.0,10.0,8.058882920091147,0.2791106252789143,0.10278292075511218,0.5890832803025747,0.2086672435012816,-0.011661185164981457,0.47436248636690087
1779791034.5954208,10.0,10.0,8.018890188085646,0.2792614823602928,0.10284539661294817,0.5890329246071427,0.20934795554815458,-0.011661185164981457,0.47487125847212447
1779791034.6054645,10.0,10.0,8.001544045662836,0.27940738222855743,0.10291789382423214,0.5890012707276422,0.20999251717104908,-0.011661185164981457,0.47536139991633175
1779791034.6154382,10.0,10.0,8.011436895747169,0.27954317871962736,0.10300024374732841,0.5889755705988837,0.21065044843240563,-0.011661185164981457,0.47587028431798856
1779791034.6254213,10.0,10.0,8.024641550758284,0.2796580870245982,0.1030890136030072,0.5889744814018032,0.21128758115415577,-0.011661185164981457,0.4763714978276932
1779791034.6354005,10.0,10.0,8.014249028814008,0.27975950045682735,0.10317205157091812,0.5890022560313396,0.21194761817971794,-0.011661185164981457,0.4768996347768627
1779791034.645431,10.0,10.0,8.028460323457042,0.2798607541025632,0.10326067332928143,0.5890547658700106,0.21258246736140438,-0.011661185164981457,0.47741633873747524
1779791034.655447,10.0,10.0,8.07171292826668,0.27996773072296816,0.10336096697509353,0.5891220444252919,0.21258246736140438,-0.011661185164981457,0.47741633873747524
1779791034.6654298,10.0,10.0,8.12929911036286,0.28008603229055096,0.10346115442297792,0.5892046693370617,0.2132659900582272,-0.011661185164981457,0.47798241909584027
1779791034.6754358,10.0,10.0,8.18930751970169,0.2802216617853083,0.10355994379031813,0.5892991960433709,0.21388951066998343,-0.011661185164981457,0.4785078207985506
1779791034.6854386,10.0,10.0,8.254724558586028,0.28036958469354234,0.10365926009776984,0.5893904986161076,0.21451651951956383,-0.011661185164981457,0.47904502094944784
1779791034.6954334,10.0,10.0,8.3099204888992,0.2805274262844144,0.10375480321957377,0.5894699878979544,0.21514617068924843,-0.011661185164981457,0.4795936167420375
1779791034.7054353,10.0,10.0,8.356801791470948,0.28068633234890733,0.10383986984588434,0.5895379237132563,0.2157641846196541,-0.011661185164981457,0.4801411671181852
1779791034.7155063,10.0,10.0,8.389464335301053,0.28085365821207176,0.1039172819662793,0.5895960583053931,0.21637525442763636,-0.011661185164981457,0.48069161980961955
1779791034.725476,10.0,10.0,8.408195355062599,0.2810273148958855,0.10398190298871572,0.589652769834724,0.21700153620709053,-0.011661185164981457,0.4812653305943523
1779791034.7354171,10.0,10.0,8.422711140836462,0.28121731599656435,0.10404667702486159,0.5896977118901269,0.21760096533549875,-0.011661185164981457,0.48182371128212187
1779791034.7454128,10.0,10.0,8.445851785217023,0.281425033222632,0.10411127958803837,0.5897372279947484,0.2182003683965363,-0.011661185164981457,0.48239134559680247
1779791034.7554536,10.0,10.0,8.46138756244504,0.2816494935533372,0.10416440540697357,0.589760753323511,0.21878797734118158,-0.011661185164981457,0.48295702886375186
1779791034.7654753,10.0,10.0,8.461827847618496,0.2818814087211612,0.10421518254616044,0.5897794225193584,0.21937818194417155,-0.011661185164981457,0.4835346186827797
1779791034.7754524,10.0,10.0,8.429700773231284,0.2821224402416778,0.10426480980876304,0.5897926247714322,0.21996038958043626,-0.011661185164981457,0.4841138455322067
1779791034.785449,10.0,10.0,8.406719024284078,0.28237965156741507,0.10433552035918274,0.5898018758158976,0.22054721613337105,-0.011661185164981457,0.48470741608096096
1779791034.7954118,10.0,10.0,8.404115059576396,0.28265035140970984,0.10442079878458048,0.5898118712863137,0.22110801922862114,-0.011661185164981457,0.48528404009218057
1779791034.8054414,10.0,10.0,8.432142377389582,0.28292312533835706,0.10452537694057205,0.5898193195720187,0.22169024578374544,-0.011661185164981457,0.48589263764558527
1779791034.8154569,10.0,10.0,8.488117684349449,0.28319045717302427,0.10463880974253668,0.5898182510989388,0.2222483328529791,-0.011661185164981457,0.48648576090495477
1779791034.8254957,10.0,10.0,8.566017788927459,0.2834592274603739,0.10474188484520279,0.5898061605833509,0.2228220553745713,-0.011661185164981457,0.48710572659124607
1779791034.8354208,10.0,10.0,8.642959379517759,0.283719226070772,0.10483920946953297,0.5897862845630412,0.22336464411477805,-0.011661185164981457,0.48770184462807353
1779791034.8454318,10.0,10.0,8.702673072969528,0.2839675349273751,0.10492265110808173,0.5897518334391267,0.2239233761236152,-0.011661185164981457,0.48832592593865215
1779791034.8554306,10.0,10.0,8.745586859701788,0.2842167526387906,0.10497851495192616,0.5897073164341909,0.2239233761236152,-0.011661185164981457,0.48832592593865215
1779791034.8654418,10.0,10.0,8.778095309438594,0.28445791208446064,0.10501467146488912,0.5896496895617677,0.22446497664778872,-0.011661185164981457,0.4889410533090854
1779791034.8754325,10.0,10.0,8.777038866942888,0.2847041541799051,0.10503459985766435,0.5895804623523978,0.22499466395246812,-0.011661185164981457,0.4895526199606445
1779791034.885442,10.0,10.0,8.749893766385712,0.2849636590990474,0.1050419457432516,0.589504800652967,0.22552524650776853,-0.011661185164981457,0.4901753874259084
1779791034.8954182,10.0,10.0,8.671168419055693,0.28522994835023535,0.10503386658473478,0.5894198056520924,0.22606066914713804,-0.011661185164981457,0.4908144536823223
1779791034.905423,10.0,10.0,8.537949389325716,0.28550221596370245,0.10502367063093286,0.5893412227926557,0.22657922214429552,-0.011661185164981457,0.4914438558629747
1779791034.9154298,10.0,10.0,8.401812914567223,0.2857752827380976,0.10501705249185098,0.5892606813805131,0.22711182110005232,-0.011661185164981457,0.49210136232502427
1779791034.925434,10.0,10.0,8.295043988342142,0.28603836158025137,0.10500378717894876,0.5891794693189624,0.22762203312856852,-0.011661185164981457,0.4927420653680218
1779791034.9354517,10.0,10.0,8.202100732686748,0.28627319108073057,0.10500037931886529,0.5890911360702522,0.22814475861901132,-0.011661185164981457,0.49340982924188065
1779791034.9454384,10.0,10.0,8.09869542261076,0.2864857556271572,0.10497877449175581,0.588992540235249,0.22865799214419588,-0.011661185164981457,0.49407700490808065
1779791034.955435,10.0,10.0,8.006227486726743,0.2866707118680625,0.10495372857116803,0.5888937395147851,0.22915406601670227,-0.011661185164981457,0.4947330994251581
1779791034.9654834,10.0,10.0,7.924754298570634,0.28684426683746306,0.10492451160535163,0.5888047670225702,0.22972584082288108,-0.011661185164981457,0.4955034866372625
1779791034.9754336,10.0,10.0,7.854818668313608,0.28700684083425654,0.1048970670605591,0.5887299792442441,0.2302090835441474,-0.011661185164981457,0.49616684573771386
1779791034.9854336,10.0,10.0,7.805027557033699,0.28716310912661946,0.1048593094130115,0.5886667186864923,0.2306832096686899,-0.011661185164981457,0.4968289979654038
1779791034.9954915,10.0,10.0,7.770196244586917,0.2872986630480915,0.10481509222535094,0.5886150927093405,0.23115369973363856,-0.011661185164981457,0.4974975294905528
1779791035.0054178,10.0,10.0,7.726473738068232,0.28739663121983877,0.10477587084909296,0.5885816604320955,0.2316158513332147,-0.011661185164981457,0.49816571700139356
1779791035.0155098,10.0,10.0,7.635738321680955,0.2874639622129663,0.10474185996071222,0.5885739195318068,0.23208146501672242,-0.011661185164981457,0.4988508571879083
1779791035.0254169,10.0,10.0,7.532307105102583,0.28751000797123105,0.10472614309616003,0.5885942486921322,0.23208146501672242,-0.011661185164981457,0.4988508571879083
1779791035.0354662,10.0,10.0,7.405095428872558,0.28753399866965174,0.10471720827258585,0.5886454808716165,0.2325337419143639,-0.011661185164981457,0.49952827643054665
1779791035.045413,10.0,10.0,7.254304219769757,0.2875363664270311,0.10471546129867713,0.58873686181294,0.23297697366038914,-0.011661185164981457,0.5002039547392821
1779791035.0554266,10.0,10.0,7.107050382432385,0.2875165871042439,0.10471885419891923,0.5888654044986908,0.23342156463650768,-0.011661185164981457,0.500893892171936
1779791035.0654392,10.0,10.0,6.99159492686727,0.2874796825258296,0.10474156662521607,0.589031039604859,0.2338557831681061,-0.011661185164981457,0.5015799699171666
1779791035.0754726,10.0,10.0,6.911011906993684,0.2874324587022615,0.10478729338220552,0.5892458483707451,0.23429283959284694,-0.011661185164981457,0.5022832269276697
1779791035.0854561,10.0,10.0,6.819099218657831,0.287376408612871,0.10486036693690506,0.5895222902237405,0.23474643223659622,-0.011661185164981457,0.5030271161990931
1779791035.095501,10.0,10.0,6.702272674075217,0.28731331574274493,0.1049484364246043,0.589857621850792,0.23517782356525432,-0.011661185164981457,0.503748412155381
1779791035.1054318,10.0,10.0,6.59609881441144,0.2872391829923199,0.1050642262743593,0.5902437048167075,0.23558972853675417,-0.011661185164981457,0.5044502397061288
1779791035.1154249,10.0,10.0,6.52528041016369,0.2871469438514023,0.10520331369123731,0.590683213811918,0.2359982956483612,-0.011661185164981457,0.5051595794900446
1779791035.1254394,10.0,10.0,6.479335389751996,0.28703658637072543,0.10536174721102569,0.5911920085957687,0.23641974474271224,-0.011661185164981457,0.5059056670787333
1779791035.1355686,10.0,10.0,6.4686027972436415,0.28691680931800617,0.10553055339336943,0.5917621662851092,0.23683194800063043,-0.011661185164981457,0.506650161942243
1779791035.145508,10.0,10.0,6.502309302712861,0.2867962543367022,0.1057194955778238,0.5923972793455029,0.23721688854203934,-0.011661185164981457,0.5073592231990729
1779791035.1554468,10.0,10.0,6.56480698830484,0.2866754907772602,0.10593332087991064,0.5931063133884835,0.2376159151887601,-0.011661185164981457,0.5081089715906617
1779791035.1654124,10.0,10.0,6.6407834537383605,0.2865493744315499,0.10618247133056151,0.5938894860071667,0.2380075350293229,-0.011661185164981457,0.5088600960164951
1779791035.1754313,10.0,10.0,6.738162900262456,0.2864169306117106,0.10644687632409656,0.5947410237395727,0.23837429095109294,-0.011661185164981457,0.5095779444180746
1779791035.1854465,10.0,10.0,6.823024851474903,0.28627373332220035,0.10673760550987754,0.5956503386245278,0.2387357051908667,-0.011661185164981457,0.5102996474664877
1779791035.195415,10.0,10.0,6.852566533226951,0.2861161225995974,0.1070481822254758,0.596601623889497,0.23909641450283117,-0.011661185164981457,0.5110348111957455
1779791035.2054431,10.0,10.0,6.847589583208472,0.2859359441861292,0.10736968539923948,0.5975802672190406,0.2394469940634277,-0.011661185164981457,0.511764287811761
1779791035.215479,10.0,10.0,6.815862815748124,0.2857514304830232,0.10770752942354508,0.5985953942810569,0.2397911209833005,-0.011661185164981457,0.51249542445888
1779791035.22543,10.0,10.0,6.77648648393707,0.2855640096192825,0.10805958665529682,0.5996453507267782,0.24013319533188612,-0.011661185164981457,0.5132377996774036
1779791035.235473,10.0,10.0,6.715125436139399,0.28536994026784473,0.10842537936620439,0.6007242059724407,0.24013319533188612,-0.011661185164981457,0.5132377996774036
1779791035.2454078,10.0,10.0,6.70474966073611,0.28516291999524684,0.10880569339894981,0.6018182629304473,0.2404653470205899,-0.011661185164981457,0.5139743304031712
1779791035.255399,10.0,10.0,6.7835010725560485,0.28493810729681707,0.1091931332013152,0.6029122047066006,0.24079981198311665,-0.011661185164981457,0.5147324852288032
1779791035.265424,10.0,10.0,6.909103791508428,0.2846883556545021,0.10958892023708407,0.6040149522639394,0.24114051786590027,-0.011661185164981457,0.5155227962813635
1779791035.275466,10.0,10.0,7.086189632454306,0.28442776828856936,0.10997572856592841,0.6051015666420582,0.2414581689334199,-0.011661185164981457,0.5162769820722121
1779791035.2854645,10.0,10.0,7.28236743772043,0.28416605945972495,0.11037734821492798,0.6062088608502862,0.241788971040127,-0.011661185164981457,0.5170813023358964
1779791035.2954667,10.0,10.0,7.4103165324580305,0.2839188846922905,0.11079275404731502,0.6073553160572351,0.24209356091733122,-0.011661185164981457,0.5178400227632738
1779791035.3054702,10.0,10.0,7.453546029195636,0.2837056822764263,0.11122373535864158,0.6085252361281545,0.2424060481891401,-0.011661185164981457,0.518637664385739
1779791035.3154216,10.0,10.0,7.478634498299687,0.28350844660674546,0.11167849508810844,0.6096924486771287,0.2427075165937886,-0.011661185164981457,0.5194268836534576
1779791035.3254502,10.0,10.0,7.4868693683378424,0.2833050369674321,0.11216583029591073,0.6108578525357661,0.2429950060433703,-0.011661185164981457,0.5201987641155641
1779791035.3354366,10.0,10.0,7.458947370779193,0.2831021669462574,0.11263816183252473,0.6120097208630575,0.24327429496646932,-0.011661185164981457,0.520967873094397
1779791035.345483,10.0,10.0,7.458067935324943,0.2828938153441191,0.11308350179397489,0.6131302321763304,0.24354954336722637,-0.011661185164981457,0.5217457180705608
1779791035.3554437,10.0,10.0,7.530927746624521,0.28268085395816667,0.11350759353175585,0.6142043666493283,0.2438184038759896,-0.011661185164981457,0.5225259237976447
1779791035.365488,10.0,10.0,7.621390321894586,0.2824749376125138,0.11391777589040945,0.6152255486064647,0.24408559909158203,-0.011661185164981457,0.5233227816425751
1779791035.3755057,10.0,10.0,7.710797723216966,0.28229019804859734,0.11430134077333973,0.6162036656143484,0.2443360762828846,-0.011661185164981457,0.5240907199109885
1779791035.3854375,10.0,10.0,7.837887986787289,0.2821271070021902,0.11465318792657404,0.6171197926759138,0.24458193938737086,-0.011661185164981457,0.5248657623805913
1779791035.395424,10.0,10.0,7.96440708222303,0.28197369735848427,0.11499446614655708,0.61798815147473,0.24482264245329446,-0.011661185164981457,0.5256465631571009
1779791035.4054358,10.0,10.0,8.03462776053684,0.2818331141604079,0.11531854417654058,0.6188103926984768,0.2450622530177011,-0.011661185164981457,0.5264472659144601
1779791035.4154537,10.0,10.0,8.07072123539863,0.281711282002909,0.11562206425577701,0.6195979024593611,0.24528742878765306,-0.011661185164981457,0.5272228806813768
1779791035.4254136,10.0,10.0,8.038429702595288,0.2816110455407289,0.11590509681413169,0.620333782596126,0.24528742878765306,-0.011661185164981457,0.5272228806813768
1779791035.4354403,10.0,10.0,7.995438554440366,0.28152993224421363,0.11615572808266753,0.6210005067787991,0.24550830846066626,-0.011661185164981457,0.5280074151895757
1779791035.4454024,10.0,10.0,7.959433892358836,0.28145940657241386,0.11638690772925883,0.6216088841948503,0.24572959443553846,-0.011661185164981457,0.5288191023605368
1779791035.455435,10.0,10.0,7.9130020766079845,0.2814037651375325,0.11659772019805469,0.6221695306338348,0.24593813807564027,-0.011661185164981457,0.5296098413240022
1779791035.4654534,10.0,10.0,7.876179141009052,0.2813619934939829,0.1167969920981098,0.6226862619752845,0.24614682051890832,-0.011661185164981457,0.5304286542349721
1779791035.475486,10.0,10.0,7.865835876254186,0.2813263994149014,0.11697723478259996,0.623178421113881,0.24635042719332176,-0.011661185164981457,0.5312568680486567
1779791035.4854596,10.0,10.0,7.861213309148657,0.28129707279856736,0.1171496852694792,0.623656708223429,0.2465379746217353,-0.011661185164981457,0.532048132749887
1779791035.4954474,10.0,10.0,7.882096644788643,0.28126850470643355,0.11731108065511478,0.624130107529108,0.24671991292811765,-0.011661185164981457,0.5328446058230829
1779791035.5054557,10.0,10.0,7.923379912221222,0.28124608013647734,0.11746750102213643,0.6245794960429629,0.2468951233695412,-0.011661185164981457,0.5336415425491445
1779791035.5154886,10.0,10.0,8.022874338423156,0.2812352464419255,0.11761665681903466,0.6249993014582204,0.2470790540544929,-0.011661185164981457,0.5345135706041503
1779791035.5254204,10.0,10.0,8.174204567377169,0.28122964533142114,0.1177563724234905,0.6253857389766215,0.24724765111045746,-0.011661185164981457,0.5353488933094159
1779791035.5354278,10.0,10.0,8.307832972845858,0.2812302187310964,0.11789219788013704,0.6257358928921308,0.2474080015758038,-0.011661185164981457,0.5361796721902585
1779791035.5454547,10.0,10.0,8.415084180054377,0.2812398750489624,0.11801014506794905,0.6260459180221829,0.2475540911274958,-0.011661185164981457,0.5369716540615732
1779791035.5554874,10.0,10.0,8.512519352748278,0.2812587365325605,0.11810646335319583,0.62630408531275,0.24770511551019406,-0.011661185164981457,0.5378307205540303
1779791035.5654163,10.0,10.0,8.58839174949268,0.281285050104237,0.1181965567988531,0.6265261053871689,0.24784205428178305,-0.011661185164981457,0.5386505507529552
1779791035.5754282,10.0,10.0,8.604330959864884,0.28131941635238206,0.11827050266788015,0.6266995530349244,0.24796858182287104,-0.011661185164981457,0.5394482196771567
1779791035.5854387,10.0,10.0,8.580585380070005,0.2813667409527414,0.11831463996041139,0.6268346485956169,0.24796858182287104,-0.011661185164981457,0.5394482196771567
1779791035.5954385,10.0,10.0,8.522298073299387,0.2814206729218125,0.11833286465957095,0.6269102278502987,0.24809523227127925,-0.011661185164981457,0.5402918816986807
1779791035.6055064,10.0,10.0,8.458819761311979,0.2814753635998731,0.11833630034217647,0.626932826367818,0.24820854521918342,-0.011661185164981457,0.5410919027174367
1779791035.6154387,10.0,10.0,8.370219538271062,0.2815369464117939,0.11832212060985234,0.6269197368474794,0.2483167531198283,-0.011661185164981457,0.5419033579721194
1779791035.6254628,10.0,10.0,8.271293792809251,0.28160930055885924,0.11828948227454261,0.626873652567043,0.24841761054192527,-0.011661185164981457,0.5427098487541265
1779791035.635441,10.0,10.0,8.228463937353297,0.2816947638438766,0.11825232839026524,0.6268158135377251,0.24851445980459627,-0.011661185164981457,0.5435397841558259
1779791035.6454372,10.0,10.0,8.20939783164819,0.28178951596679763,0.1182064518672792,0.6267482797046985,0.24860178649470052,-0.011661185164981457,0.5443456802013952
1779791035.655448,10.0,10.0,8.20623305157342,0.2818862380121245,0.11816452548037348,0.6266766198427258,0.24868326709744468,-0.011661185164981457,0.5451594364563408
1779791035.6654341,10.0,10.0,8.224638821552974,0.2819844502271324,0.1181093262427776,0.6266102037525697,0.248758689035999,-0.011661185164981457,0.5459806617682434
1779791035.6754355,10.0,10.0,8.247355053661346,0.2820784400639014,0.11804659455306703,0.6265483345578116,0.24882635407229955,-0.011661185164981457,0.5467901211569507
1779791035.685432,10.0,10.0,8.246979023575696,0.2821720748728185,0.11798307326250039,0.6264850312157331,0.24888848168361652,-0.011661185164981457,0.5476146954476058
1779791035.695451,10.0,10.0,8.241017675234101,0.28227244370782245,0.11791379236912303,0.6264220934259745,0.24894301808820182,-0.011661185164981457,0.5484275119070745
1779791035.70539,10.0,10.0,8.235961886187509,0.28236993877964217,0.11784927814470024,0.6263574240195156,0.24899229540357223,-0.011661185164981457,0.549265683493905
1779791035.7154129,10.0,10.0,8.187680172274934,0.28246365135386137,0.1177826782412521,0.6262924882717736,0.2490347412267582,-0.011661185164981457,0.5501087392956743
1779791035.7254775,10.0,10.0,8.10316266733014,0.2825525355020264,0.1177229656792611,0.6262288420605113,0.24906988298433066,-0.011661185164981457,0.5509471829363628
1779791035.7354987,10.0,10.0,8.001031628573694,0.2826334818900835,0.11766900334787433,0.6261713170554698,0.24909754445195595,-0.011661185164981457,0.5517708138699567
1779791035.7454703,10.0,10.0,7.897940774943382,0.2827084151863774,0.11762136035526638,0.6261287882057557,0.24911807190072613,-0.011661185164981457,0.5525784141333515
1779791035.7554624,10.0,10.0,7.816676637089397,0.28277525388148195,0.11758492994609933,0.6261032692643406,0.2491320571748216,-0.011661185164981457,0.5533848555696824
1779791035.7654939,10.0,10.0,7.755287821919363,0.2828311134302841,0.11755718280071259,0.6261013923216381,0.24913961507043816,-0.011661185164981457,0.5542063791378825
1779791035.7754238,10.0,10.0,7.703186932957715,0.28287412786482136,0.11754590299050419,0.6261242994276464,0.24914046094022627,-0.011661185164981457,0.5550157033762717
1779791035.785434,10.0,10.0,7.664574505380549,0.28290747181376863,0.11754720042745216,0.626177688347473,0.2491342900633499,-0.011661185164981457,0.5558663035947427
1779791035.7954144,10.0,10.0,7.641888251783929,0.2829272251508396,0.11756326214051736,0.6262651535162532,0.24912172511961192,-0.011661185164981457,0.5566743526598008
1779791035.8054438,10.0,10.0,7.616469072755884,0.2829278488356238,0.11759288061538166,0.626392892107139,0.24910217996570935,-0.011661185164981457,0.5574985010179364
1779791035.8154478,10.0,10.0,7.589103276327092,0.28291202726645837,0.1176264347023124,0.6265683062701052,0.24910217996570935,-0.011661185164981457,0.5574985010179364
1779791035.8254366,10.0,10.0,7.589272483365016,0.2828898931362323,0.11767917488913197,0.6267919641459655,0.2490759370038171,-0.011661185164981457,0.5583198109372167
1779791035.8354478,10.0,10.0,7.620931812022636,0.2828582682781728,0.11775494649759216,0.6270624764018341,0.24904294705388916,-0.011661185164981457,0.5591408546505608
1779791035.8454325,10.0,10.0,7.665711220244105,0.2828199213139802,0.11785362390751261,0.6273779494858243,0.24900336968123857,-0.011661185164981457,0.5599585915535575
1779791035.8554516,10.0,10.0,7.699228131163142,0.28277851656063285,0.11796578976686835,0.6277386092124096,0.2489547734767417,-0.011661185164981457,0.5608141569015893
1779791035.8654935,10.0,10.0,7.724836810783108,0.282736474483967,0.11809419258453338,0.6281342852483432,0.248902439521381,-0.011661185164981457,0.5616175486377848
1779791035.8754408,10.0,10.0,7.72674453551908,0.28269526000591955,0.11824005990039027,0.6285463059415037,0.24884269876358553,-0.011661185164981457,0.5624326533716183
1779791035.8855035,10.0,10.0,7.723341230326822,0.28265259148393346,0.11840056016357932,0.6289733086826034,0.24877649388130638,-0.011661185164981457,0.563244958018882
1779791035.8954492,10.0,10.0,7.711913099504084,0.2826085886382868,0.11855702271049429,0.6294019873096112,0.24870281004827247,-0.011661185164981457,0.5640658678980567
1779791035.905462,10.0,10.0,7.705052489970402,0.282565738140716,0.11871431917521168,0.6298289875775973,0.24862355453594207,-0.011661185164981457,0.5648744786584307
1779791035.9154427,10.0,10.0,7.714258694822873,0.2825234928180049,0.11887577065696531,0.6302468582278901,0.24853804963907308,-0.011661185164981457,0.5656795381520285
1779791035.9254184,10.0,10.0,7.731355002174875,0.2824853771908981,0.11903201019294653,0.6306544976502566,0.24843995632643864,-0.011661185164981457,0.5665350175482197
1779791035.9354196,10.0,10.0,7.768432579892833,0.28245241412859196,0.11918527903519535,0.6310598784801114,0.24833569275494047,-0.011661185164981457,0.5673802844371075
1779791035.94544,10.0,10.0,7.798831125860526,0.2824274487970552,0.11932278248504156,0.631444019345048,0.24822769680736137,-0.011661185164981457,0.5681992109914347
1779791035.9554574,10.0,10.0,7.856386344065704,0.28241419385608113,0.11944822777978158,0.6318125631085122,0.2481140928809845,-0.011661185164981457,0.5690092378797275
1779791035.9654872,10.0,10.0,7.932123264624952,0.2824138352342458,0.11956007201374441,0.6321503898287122,0.24799431241585976,-0.011661185164981457,0.5698153938004363
1779791035.9754763,10.0,10.0,8.033102610473955,0.2824254886342136,0.11965395646494295,0.6324524035823356,0.24786784848929896,-0.011661185164981457,0.570621274683004
1779791035.9854405,10.0,10.0,8.131663104458243,0.28245299514851835,0.11973141446652595,0.632709610299602,0.24773516951882998,-0.011661185164981457,0.5714240047523819
1779791035.9954517,10.0,10.0,8.226631122800303,0.2824979766518868,0.11979530452024094,0.6329278280695274,0.24758747038620263,-0.011661185164981457,0.5722733183100908
1779791036.0054395,10.0,10.0,8.323083972330314,0.2825549233043756,0.11984480403269306,0.6330957377409137,0.24743389208472497,-0.011661185164981457,0.5731136521385607
1779791036.015437,10.0,10.0,8.415047294726083,0.28262917866859155,0.11987769474370435,0.6332158974817225,0.24743389208472497,-0.011661185164981457,0.5731136521385607
1779791036.0254252,10.0,10.0,8.506986580558012,0.28271506443195243,0.11988848348662441,0.6332794126762317,0.24728011473330955,-0.011661185164981457,0.5739170341298603
1779791036.035437,10.0,10.0,8.58007933697275,0.2828098774862473,0.11988626416724046,0.6332859903169616,0.24712088924232775,-0.011661185164981457,0.5747136542881702
1779791036.045437,10.0,10.0,8.642089499611268,0.28291049201152296,0.11986406727559687,0.6332489270244734,0.2469542272933837,-0.011661185164981457,0.5755135180858704
1779791036.0555348,10.0,10.0,8.683090321790175,0.28303286903755615,0.11983241786468121,0.6331838608784238,0.24678363918797505,-0.011661185164981457,0.5763002196056237
1779791036.0654333,10.0,10.0,8.699247817468034,0.28318413176098167,0.1197857635792347,0.6331057453622488,0.24659800346257346,-0.011661185164981457,0.5771234831554898
1779791036.0754557,10.0,10.0,8.706406149079394,0.28338435140514623,0.11971261848253142,0.6330055582385042,0.24640464314076485,-0.011661185164981457,0.5779484309924161
1779791036.085485,10.0,10.0,8.723437964842484,0.283643639440957,0.11961964913838549,0.6328821529459392,0.24621159982495358,-0.011661185164981457,0.5787422378582607
1779791036.0954573,10.0,10.0,8.735354478402868,0.2839398459404867,0.11952035796409234,0.6327459599067125,0.24601454925418484,-0.011661185164981457,0.5795247938192224
1779791036.1054482,10.0,10.0,8.707497521684493,0.2842667278345829,0.11940414277291535,0.6325877739879295,0.24580741440519002,-0.011661185164981457,0.5803199928983592
1779791036.1154985,10.0,10.0,8.66695268362506,0.2846141560780906,0.11927017811994525,0.6324121315803789,0.24559214610095684,-0.011661185164981457,0.5811193306667954
1779791036.125413,10.0,10.0,8.636117373063605,0.28497733293472394,0.11912475852325953,0.6322224735666502,0.2453718645502518,-0.011661185164981457,0.5819112109406157
1779791036.1354585,10.0,10.0,8.60094385344137,0.2853445161802167,0.11897083727465244,0.632023627408197,0.2451444732036875,-0.011661185164981457,0.5827033410628049
1779791036.14541,10.0,10.0,8.57820389198463,0.2857327351347449,0.11879655660305828,0.6318110124388858,0.2449132644299836,-0.011661185164981457,0.5834845738261226
1779791036.1554954,10.0,10.0,8.580011309843583,0.2861356383645789,0.11860800442067437,0.6315963307309395,0.24467295395622876,-0.011661185164981457,0.5842727689348628
1779791036.1654341,10.0,10.0,8.566302182042573,0.28653642087015235,0.11840554445243054,0.6313837157385211,0.24441796861798595,-0.011661185164981457,0.5850846580476572
1779791036.175391,10.0,10.0,8.544939976680087,0.28694212513902306,0.11818893410137707,0.631171296513269,0.24417091889334316,-0.011661185164981457,0.5858491016860038
1779791036.185448,10.0,10.0,8.537550637690266,0.2873580881870524,0.11796430795871041,0.6309635931662555,0.2439061536304564,-0.011661185164981457,0.5866459311313985
1779791036.1954956,10.0,10.0,8.549181107787971,0.28777638836900654,0.11773361846074759,0.6307745718402482,0.2436253793697917,-0.011661185164981457,0.587467430806671
1779791036.20548,10.0,10.0,8.551605279664773,0.2882016205254925,0.11748565963572248,0.6305881188149751,0.2436253793697917,-0.011661185164981457,0.587467430806671
1779791036.2154522,10.0,10.0,8.604401579512606,0.288643576818221,0.11723143882416015,0.6304002578660436,0.2433436798325135,-0.011661185164981457,0.588269071619051
1779791036.2254372,10.0,10.0,8.671441061955251,0.28907999929902617,0.11698029318547258,0.6302167827750785,0.243067400045852,-0.011661185164981457,0.589034861372865
1779791036.2354574,10.0,10.0,8.650700734166522,0.28951250150622443,0.1167339443187991,0.6300210613301169,0.24278542188420169,-0.011661185164981457,0.5897969705475647
1779791036.245466,10.0,10.0,8.611486903310617,0.2899586311077266,0.11648206502551982,0.6297913792393869,0.24249838455934022,-0.011661185164981457,0.5905538343578757
1779791036.2554197,10.0,10.0,8.612512346659903,0.29040466362765954,0.1162319491563221,0.6295520955020343,0.2422069801817057,-0.011661185164981457,0.5913038988395355
1779791036.2654347,10.0,10.0,8.55605767824293,0.2908275298618091,0.11599711083418753,0.6293153972680863,0.2418938676328339,-0.011661185164981457,0.5920905356007915
1779791036.2754269,10.0,10.0,8.427180858868697,0.29125077633484164,0.11575851988191273,0.6290654532583752,0.2415729720461254,-0.011661185164981457,0.5928772403793069
1779791036.2854593,10.0,10.0,8.34288281985721,0.2916809705105797,0.11551815330612183,0.6288172231793071,0.2412582340988205,-0.011661185164981457,0.5936308338305305
1779791036.295419,10.0,10.0,8.280390376459575,0.2920993723460943,0.11529441110025779,0.6285905898869903,0.24093994584367837,-0.011661185164981457,0.5943758291320299
1779791036.305425,10.0,10.0,8.176666902861761,0.29252054027619945,0.1150704547151083,0.6283761082085961,0.24061558235250877,-0.011661185164981457,0.5951183351581549
1779791036.3154757,10.0,10.0,8.136660092792653,0.29296481044441064,0.11484926903051362,0.628163898577079,0.24028299909308723,-0.011661185164981457,0.5958630934766382
1779791036.3254778,10.0,10.0,8.164835720923486,0.2934080394333168,0.11464574249214554,0.6279661385660477,0.23993981452903648,-0.011661185164981457,0.5966149495502893
1779791036.3354783,10.0,10.0,8.171418118096899,0.2938477503307278,0.11444679823408269,0.6277755193219269,0.239597417754673,-0.011661185164981457,0.5973491161058699
1779791036.3454149,10.0,10.0,8.208619660677314,0.29429145151519714,0.1142572418283175,0.6276085744218043,0.23923300179064286,-0.011661185164981457,0.5981138882042306
1779791036.3554747,10.0,10.0,8.291502495370445,0.29472176283306256,0.11408316290396504,0.6274547467663156,0.23887081090643938,-0.011661185164981457,0.5988578840254145
1779791036.3654408,10.0,10.0,8.350073013036207,0.2951402929850453,0.11390640500533386,0.627304572224871,0.23849678491967932,-0.011661185164981457,0.5996101865959566
1779791036.3754222,10.0,10.0,8.391995568643214,0.2955529203754362,0.11371965493889359,0.6271427011576391,0.23811901778381342,-0.011661185164981457,0.6003543177386589
1779791036.3854342,10.0,10.0,8.451581872931362,0.29594560894311656,0.11352949803851634,0.6269625035257663,0.23774406368129328,-0.011661185164981457,0.6010780558720288
1779791036.3954165,10.0,10.0,8.478845406972352,0.29632197175716696,0.11334275114875529,0.6267671598224681,0.2373500147716506,-0.011661185164981457,0.6018234541786561
1779791036.4054284,10.0,10.0,8.474838236024283,0.2967025872630563,0.11314801855751334,0.6265603295588098,0.2369670354865788,-0.011661185164981457,0.6025336688470313
1779791036.4154334,10.0,10.0,8.497640008198037,0.29709637682995754,0.11295127334056804,0.6263418912368337,0.2369670354865788,-0.011661185164981457,0.6025336688470313
1779791036.4254277,10.0,10.0,8.511423736158207,0.29749461230543045,0.11276054455813565,0.6261330597659656,0.23655634090711566,-0.011661185164981457,0.603280385581546
1779791036.4354625,10.0,10.0,8.468394437317517,0.29790476761268325,0.11255440930115923,0.6259164425160458,0.23615073006579287,-0.011661185164981457,0.6040033987588762
1779791036.4454136,10.0,10.0,8.45089852559484,0.29832487141553116,0.11233808263749236,0.6256822506363999,0.23574391603349984,-0.011661185164981457,0.6047147517576301
1779791036.455455,10.0,10.0,8.454525650097938,0.29873541096511036,0.11212372910683652,0.6254489363475686,0.23532861857061446,-0.011661185164981457,0.605427281670837
1779791036.465415,10.0,10.0,8.389954601159618,0.29913433263348804,0.11190255967698069,0.625222673438243,0.2349149293399527,-0.011661185164981457,0.6061239000130432
1779791036.475439,10.0,10.0,8.291704025852239,0.29953013100946513,0.1116729222158612,0.6249885539400184,0.2344983700202192,-0.011661185164981457,0.6068126216132447
1779791036.485433,10.0,10.0,8.238701378451161,0.299915052885183,0.111444020113504,0.6247569901057075,0.23407611131189307,-0.011661185164981457,0.6074982406932506
1779791036.4954152,10.0,10.0,8.195076417676937,0.30028470215369873,0.11121523593915665,0.6245425655885838,0.23361629769383616,-0.011661185164981457,0.6082310593414357
1779791036.5054293,10.0,10.0,8.140429941487644,0.3006553385575015,0.11098814416689794,0.6243392488542583,0.23317780393020168,-0.011661185164981457,0.608917038278025
1779791036.515417,10.0,10.0,8.129945522665615,0.3010395039057447,0.11075464168061606,0.6241399659406528,0.2327358128117504,-0.011661185164981457,0.6095962670478398
1779791036.5254312,10.0,10.0,8.173398086156583,0.3014168106787492,0.11054176973664713,0.6239661421658113,0.23227672030343707,-0.011661185164981457,0.6102892661965936
1779791036.5354278,10.0,10.0,8.176008083279969,0.30178153381121897,0.11035272331163053,0.6238110793471998,0.23181782786656815,-0.011661185164981457,0.6109696889193975
1779791036.5454824,10.0,10.0,8.171167454467934,0.302156450514969,0.11016298306868487,0.6236533376447417,0.23135419680397087,-0.011661185164981457,0.6116451238001229
1779791036.5554895,10.0,10.0,8.213578229458362,0.30252433548634045,0.10998372645165813,0.6235016016868636,0.23087970133726674,-0.011661185164981457,0.6123243244845373
1779791036.5654104,10.0,10.0,8.229370859118248,0.3028843568516063,0.10981479263538012,0.6233511133536951,0.23039883256199675,-0.011661185164981457,0.6130006332928645
1779791036.575469,10.0,10.0,8.193135027954517,0.30323698982566966,0.10964262566503864,0.6232017182200417,0.22992231733037996,-0.011661185164981457,0.6136592956371283
1779791036.5854342,10.0,10.0,8.170065719228315,0.30358902300721496,0.10946603945035427,0.6230388758239189,0.2294457177895793,-0.011661185164981457,0.6143069820370277
1779791036.5954158,10.0,10.0,8.163284436538621,0.30392975929522176,0.10930153868446002,0.6228820320716572,0.22894283814332264,-0.011661185164981457,0.6149787493632802
1779791036.6054907,10.0,10.0,8.138049542119083,0.30426141444429905,0.10914187277798443,0.62273443823397,0.22845371671720208,-0.011661185164981457,0.6156210475331919
1779791036.6154075,10.0,10.0,8.118021848295843,0.3045853417500773,0.10898897399391948,0.6225988948579707,0.2279461614154953,-0.011661185164981457,0.6162763597315543
1779791036.6254725,10.0,10.0,8.125019830657106,0.3049079911079959,0.10883949542194957,0.6224745772949539,0.22744451897524323,-0.011661185164981457,0.6169131847866407
1779791036.6354532,10.0,10.0,8.165656464239635,0.3052183270929685,0.10870318874178257,0.6223674174896526,0.22692884175112385,-0.011661185164981457,0.6175569267486168
1779791036.6454728,10.0,10.0,8.227220514381777,0.3055365729080801,0.10856993572739564,0.6222694557343604,0.22640911923359405,-0.011661185164981457,0.6181948758133069
1779791036.6554744,10.0,10.0,8.290005554166047,0.30585777716993123,0.10844119450313493,0.6221744444846502,0.22640911923359405,-0.011661185164981457,0.6181948758133069
1779791036.6654272,10.0,10.0,8.337972066206905,0.30617853793083954,0.10831735448898865,0.6220819590590798,0.2258830136480611,-0.011661185164981457,0.6188299048481606
1779791036.6754575,10.0,10.0,8.37091579625987,0.30650170382894515,0.10818381932704806,0.6219753812859682,0.22535205860147758,-0.011661185164981457,0.6194601389997473
1779791036.6854506,10.0,10.0,8.415826866251226,0.3068192301030511,0.10805363654097361,0.6218603036736013,0.22480949105699036,-0.011661185164981457,0.6200934271657922
1779791036.695428,10.0,10.0,8.440912156281776,0.3071311277829089,0.10792151297124292,0.6217354724178897,0.22426035546871656,-0.011661185164981457,0.6207236548075381
1779791036.7054198,10.0,10.0,8.447175330635023,0.30743170707354633,0.1077824889319037,0.6215978821411153,0.223704870990195,-0.011661185164981457,0.6213505011527717
1779791036.715438,10.0,10.0,8.418692067590925,0.3077263213162468,0.10763477528283336,0.6214451033145416,0.22316383286415323,-0.011661185164981457,0.6219510160125536
1779791036.7254612,10.0,10.0,8.371426223253987,0.3080188398894207,0.10748237124402804,0.6212871780179356,0.22260924594117967,-0.011661185164981457,0.6225565746011344
1779791036.7354293,10.0,10.0,8.300488031565807,0.3083014081823898,0.10733535775326769,0.621129129560056,0.22204727205354172,-0.011661185164981457,0.6231601508286404
1779791036.745431,10.0,10.0,8.211698915053326,0.30858225381454896,0.10718640408975176,0.6209686047677458,0.22146390395982138,-0.011661185164981457,0.623776288200711
1779791036.7554445,10.0,10.0,8.125708022170116,0.3088519672597507,0.10704125008658874,0.6207985918470259,0.22090428473403997,-0.011661185164981457,0.6243576282877802
1779791036.7654548,10.0,10.0,8.038888299627494,0.3091019864114028,0.10689806912487092,0.6206261815247807,0.22031443673354442,-0.011661185164981457,0.6249603371322696
1779791036.7754974,10.0,10.0,7.965659980066251,0.3093387660820759,0.10675886697127983,0.6204566238731931,0.21973350826142543,-0.011661185164981457,0.6255441184095009
1779791036.7854633,10.0,10.0,7.930162573081878,0.3095626600124953,0.10662281273887216,0.6202938395079488,0.21915258218377784,-0.011661185164981457,0.6261183986507874
1779791036.7954643,10.0,10.0,7.889631395838232,0.309772594108487,0.10649580709319659,0.6201456759900789,0.2185680525428023,-0.011661185164981457,0.6266868840216552
1779791036.8054156,10.0,10.0,7.832254389218688,0.3099720830145863,0.106384654257846,0.6200125237975107,0.21797301411774941,-0.011661185164981457,0.6272561764814293
1779791036.8154407,10.0,10.0,7.769237110391827,0.3101561002530212,0.10628531545750929,0.6199029688772127,0.21738495358995105,-0.011661185164981457,0.627809678129421
1779791036.8254356,10.0,10.0,7.727770140197223,0.31033060367552767,0.10619582663661029,0.619819251262515,0.21675731591586353,-0.011661185164981457,0.628390665939211
1779791036.835453,10.0,10.0,7.710336003933082,0.3104893750690043,0.10611823489953073,0.6197679790067032,0.2161602680665922,-0.011661185164981457,0.6289341912348446
1779791036.8454616,10.0,10.0,7.6858037722094075,0.3106269803371783,0.10606284488407289,0.6197599901233973,0.21553050852051855,-0.011661185164981457,0.6294980497951287
1779791036.8554533,10.0,10.0,7.6452234775978996,0.3107409936786272,0.10602627200781856,0.619803291863066,0.21553050852051855,-0.011661185164981457,0.6294980497951287
1779791036.8653991,10.0,10.0,7.62080925695564,0.3108447900499622,0.10599835005533588,0.619886429295617,0.21489880338690195,-0.011661185164981457,0.6300541226534748
1779791036.8754368,10.0,10.0,7.61208351869717,0.31093276582061313,0.10599478122605167,0.6200309459180632,0.2142765077033287,-0.011661185164981457,0.6305927863006096
1779791036.8854516,10.0,10.0,7.606582955766821,0.3110102114569962,0.10601212724420557,0.6202350723547175,0.21364821711333407,-0.011661185164981457,0.6311276459688664
1779791036.8954341,10.0,10.0,7.605848396051012,0.31107692834330813,0.1060419690575061,0.6204774934309475,0.213024846613283,-0.011661185164981457,0.6316495719187902
1779791036.9054167,10.0,10.0,7.632448613723402,0.3111299735183184,0.10609221907224503,0.6207480059836089,0.21238846893367322,-0.011661185164981457,0.6321735862465554
1779791036.915422,10.0,10.0,7.65895642235108,0.31116781151591494,0.10615552778066056,0.621041458676058,0.211747999971969,-0.011661185164981457,0.6326921707259442
1779791036.9254088,10.0,10.0,7.670529829485689,0.31119208869176734,0.10622063178618697,0.6213392854024943,0.2111170383704016,-0.011661185164981457,0.6331945956810074
1779791036.9354248,10.0,10.0,7.675150569055598,0.3112026761403278,0.10629196135812126,0.6216347288015079,0.2104805217226889,-0.011661185164981457,0.6336930983072524
1779791036.94541,10.0,10.0,7.668096489750491,0.3112034814713087,0.10637221812421659,0.6219211781482687,0.2098412556127022,-0.011661185164981457,0.6341854760693102
1779791036.9554737,10.0,10.0,7.6634414071911765,0.31119543515538806,0.10646388942236797,0.6222032444556386,0.20919535260262775,-0.011661185164981457,0.6346746960349824
1779791036.9654813,10.0,10.0,7.660219870825301,0.31118084331831386,0.1065519152159402,0.6224923051156478,0.20852585241693075,-0.011661185164981457,0.6351731769170965
1779791036.9754398,10.0,10.0,7.675533940963586,0.3111674719364886,0.10665215269307869,0.6227837098437607,0.20787439833204727,-0.011661185164981457,0.6356499584254197
1779791036.985448,10.0,10.0,7.701666715077636,0.31115069908393733,0.10675529928316713,0.6230728515360374,0.207206553534485,-0.011661185164981457,0.6361304267952036
1779791036.9954586,10.0,10.0,7.740305216630996,0.3111308536342156,0.10685646607184539,0.6233575509233343,0.20654213259198126,-0.011661185164981457,0.6366002297106153
1779791037.005407,10.0,10.0,7.8058096083022726,0.3111132116315671,0.10694715439709102,0.6236247806414834,0.2058777467615747,-0.011661185164981457,0.6370619675557844
1779791037.0154212,10.0,10.0,7.85384920022769,0.31109832001681587,0.10702780188346277,0.6238743519197518,0.2051926280844895,-0.011661185164981457,0.6375298364087477
1779791037.0254462,10.0,10.0,7.8976327476742,0.311086761609089,0.10710594539047824,0.6241029596577423,0.2045085994297783,-0.011661185164981457,0.6379887155718071
1779791037.035462,10.0,10.0,7.922553370957702,0.3110759651893213,0.10717211621324131,0.6243044189318983,0.20379105204666112,-0.011661185164981457,0.6384613744631971
1779791037.0454297,10.0,10.0,7.9290389110773996,0.31106734545306663,0.10722501760201501,0.6244769666380765,0.20310547378327706,-0.011661185164981457,0.638904783276965
1779791037.055472,10.0,10.0,7.93608699474255,0.31105915410362905,0.1072643868277253,0.6246079538819657,0.2024100901597262,-0.011661185164981457,0.6393464875611998
1779791037.0654688,10.0,10.0,7.934404423640568,0.3110535929421764,0.10729465863375104,0.6247105672643309,0.201721625111793,-0.011661185164981457,0.6397759376600521
1779791037.0754464,10.0,10.0,7.916949299535221,0.3110514963116802,0.107321160249989,0.6247949752503492,0.20102999665667018,-0.011661185164981457,0.640199606054765
1779791037.085493,10.0,10.0,7.886729404632998,0.31105479772266686,0.1073401831935803,0.6248713896318144,0.20102999665667018,-0.011661185164981457,0.640199606054765
1779791037.095432,10.0,10.0,7.861228606063441,0.3110572847889068,0.10736524764204008,0.6249448576386842,0.20032893932561538,-0.011661185164981457,0.6406212355536299
1779791037.105451,10.0,10.0,7.8310127380696075,0.31105699104907886,0.10738871415401964,0.6250186347667335,0.19961948127655135,-0.011661185164981457,0.6410400251014572
1779791037.1154277,10.0,10.0,7.816223890303062,0.3110537862491522,0.10741400992888267,0.6250932517024202,0.1989186883155867,-0.011661185164981457,0.6414460172447105
1779791037.1254425,10.0,10.0,7.828872301412875,0.31105108396913256,0.10743660785358641,0.6251775900050034,0.1982150306262754,-0.011661185164981457,0.6418460948741083
1779791037.1354046,10.0,10.0,7.857632413237384,0.31104642933672483,0.1074672828070418,0.6252783973898053,0.19750775953420405,-0.011661185164981457,0.6422406837282141
1779791037.1454375,10.0,10.0,7.892206788659243,0.3110406023482549,0.10750116632456766,0.6253952695505166,0.1967995697341227,-0.011661185164981457,0.6426283097278874
1779791037.1554196,10.0,10.0,7.933840896089887,0.31103349618346976,0.10753639238946232,0.6255064951322714,0.19608830065115065,-0.011661185164981457,0.6430101913108863
1779791037.165482,10.0,10.0,7.963722520311562,0.31102706813063785,0.10757513925288843,0.6256129152662442,0.19535759796540567,-0.011661185164981457,0.6433948538380483
1779791037.1754777,10.0,10.0,7.990254626837048,0.31101773424765405,0.10760903388365467,0.6257136149873561,0.19463127352800444,-0.011661185164981457,0.6437696234846
1779791037.185478,10.0,10.0,7.992880229826395,0.3110116172304115,0.10763961325926133,0.6258001632874985,0.19386988752518272,-0.011661185164981457,0.6441544663066178
1779791037.1954248,10.0,10.0,7.984836017977632,0.3110043939742243,0.10766535570305265,0.6258651307144757,0.1931473579002246,-0.011661185164981457,0.6445121742460271
1779791037.2054172,10.0,10.0,7.957963969298389,0.3109981919469543,0.10768640306053465,0.6259097534867739,0.19238199134941394,-0.011661185164981457,0.6448832275168171
1779791037.2154272,10.0,10.0,7.908479586270119,0.31099881747880254,0.10769712200057809,0.625948073150532,0.1916377425407352,-0.011661185164981457,0.6452363786040346
1779791037.2254548,10.0,10.0,7.854054118809797,0.3110002935347517,0.10771325624552498,0.6259907800776011,0.190892658966016,-0.011661185164981457,0.6455824452229688
1779791037.235428,10.0,10.0,7.79556894453923,0.3110046939101847,0.10772331819916121,0.6260321611506325,0.19014460400624575,-0.011661185164981457,0.6459224481435748
1779791037.245393,10.0,10.0,7.759113245201033,0.31101088403318433,0.10773365538854758,0.626080091920763,0.1894019033844934,-0.011661185164981457,0.6462527206175744
1779791037.255442,10.0,10.0,7.751142518601195,0.3110128615481149,0.10775030086773202,0.6261420744710902,0.18865846774881526,-0.011661185164981457,0.6465761172979969
1779791037.265493,10.0,10.0,7.773147517572333,0.3110150533804703,0.1077703338065258,0.626216963909691,0.18788666195533912,-0.011661185164981457,0.646904312340634
1779791037.275415,10.0,10.0,7.826147032379087,0.3110123782596834,0.10779707128044172,0.6263104254539975,0.18712157361403084,-0.011661185164981457,0.6472221464651082
1779791037.2854729,10.0,10.0,7.899937966015009,0.3110068961594604,0.10783019662896882,0.6264117543764622,0.18635986811468705,-0.011661185164981457,0.6475312294756232
1779791037.2954485,10.0,10.0,7.983876125193517,0.311000730866793,0.10786532675938959,0.626514176637634,0.1855853978171015,-0.011661185164981457,0.6478380526988402
1779791037.3054073,10.0,10.0,8.070584850603764,0.3109935549309155,0.10790059150412241,0.6266087425687,0.18480901312798534,-0.011661185164981457,0.6481381790670266
1779791037.315399,10.0,10.0,8.147838542299066,0.31098523660597965,0.10793398185852658,0.6266909018240331,0.18480901312798534,-0.011661185164981457,0.6481381790670266
1779791037.3254507,10.0,10.0,8.182395293014551,0.3109745097473969,0.10796156001163164,0.6267687084215394,0.1840555098120625,-0.011661185164981457,0.648422390325454
1779791037.3354316,10.0,10.0,8.183740441220863,0.3109662152961944,0.10798259002127918,0.6268190558717511,0.18325925419725805,-0.011661185164981457,0.6487152297564248
1779791037.3454275,10.0,10.0,8.167755221758817,0.3109605076181371,0.1079948309549661,0.6268503384006698,0.18249635825880853,-0.011661185164981457,0.6489886388305145
1779791037.3554306,10.0,10.0,8.131240026766381,0.3109589008449624,0.10799920790767871,0.6268576618734958,0.18170011941304073,-0.011661185164981457,0.6492665896012144
1779791037.365448,10.0,10.0,8.063245094993096,0.310962440075597,0.10799231203416393,0.6268454590683854,0.18092021032997216,-0.011661185164981457,0.6495315680496023
1779791037.3754709,10.0,10.0,7.990458115773938,0.3109700368907254,0.10798748373907321,0.6268312855409356,0.18014991599575472,-0.011661185164981457,0.6497862750223644
1779791037.3854277,10.0,10.0,7.92076582386641,0.31098111010077356,0.10797467517944709,0.6268141729284227,0.179372336175276,-0.011661185164981457,0.6500363876029861
1779791037.3954463,10.0,10.0,7.859354137715808,0.31099082045123055,0.10796480622587061,0.626804253068404,0.17855600855466755,-0.011661185164981457,0.6502914527563942
1779791037.405479,10.0,10.0,7.829249605809391,0.31100013071639276,0.10795704727481444,0.6267961457216725,0.17776223423536733,-0.011661185164981457,0.6505321509120637
1779791037.415415,10.0,10.0,7.83539110811358,0.31100674914116816,0.10795627375982879,0.6267944715551993,0.17697296491166856,-0.011661185164981457,0.6507643809730065
1779791037.4254236,10.0,10.0,7.850383818403975,0.3110094759991369,0.10795848335607251,0.6268075110618763,0.17618070637549696,-0.011661185164981457,0.6509904201600638
1779791037.4354308,10.0,10.0,7.879257050363506,0.3110108086834153,0.10796507377891164,0.6268307436082479,0.175383774932766,-0.011661185164981457,0.6512106962659301
1779791037.445466,10.0,10.0,7.921201418651264,0.3110120482590723,0.10797851710720578,0.6268590325121879,0.1745932551712234,-0.011661185164981457,0.6514222164628607
1779791037.4554465,10.0,10.0,7.979049237769039,0.31100971167576746,0.10799416996218106,0.6268876181795364,0.17380152205119018,-0.011661185164981457,0.651627135615781
1779791037.4654486,10.0,10.0,8.035975864899166,0.31100431523710004,0.10800975828122508,0.6269122803860714,0.17299290141732868,-0.011661185164981457,0.6518293168864865
1779791037.4754455,10.0,10.0,8.08778805915202,0.31100068659013547,0.1080152149821838,0.6269236821438194,0.1721992606957091,-0.011661185164981457,0.6520208102725825
1779791037.4854677,10.0,10.0,8.121020274074905,0.31099646035338546,0.10802038303599101,0.6269268641600821,0.17140519169005755,-0.011661185164981457,0.6522055647416773
1779791037.495488,10.0,10.0,8.125504770046694,0.31099456496011507,0.1080209669308191,0.626922909491337,0.17059848573952982,-0.011661185164981457,0.652386291047623
1779791037.505447,10.0,10.0,8.10249231033249,0.31099527729247867,0.1080185195509813,0.6269184947617811,0.1698110030787626,-0.011661185164981457,0.6525559734728689
1779791037.5154545,10.0,10.0,8.049761999793139,0.31100119421426536,0.10801109725128849,0.626911687382695,0.16898187104193305,-0.011661185164981457,0.6527274751820882
1779791037.5254953,10.0,10.0,7.980364635258837,0.3110089340624022,0.10800365468931608,0.6269029589002045,0.16898187104193305,-0.011661185164981457,0.6527274751820882
1779791037.5354347,10.0,10.0,7.906604890983449,0.3110196311079521,0.10799386561065191,0.6268930027300122,0.16819038000374079,-0.011661185164981457,0.6528843785822275
1779791037.5453904,10.0,10.0,7.8490203137344965,0.311030556940095,0.10798695858181812,0.6268869629619042,0.16738158881686052,-0.011661185164981457,0.6530378712119485
1779791037.5554516,10.0,10.0,7.818525638324783,0.31104237083372005,0.10798267116471204,0.6268735470209995,0.1665846452553412,-0.011661185164981457,0.6531823835636367
1779791037.5654244,10.0,10.0,7.815604755524975,0.3110501968293212,0.10798322857664888,0.6268646525932752,0.16574839687456874,-0.011661185164981457,0.6533268708045163
1779791037.5754678,10.0,10.0,7.819090848654358,0.31105403335047116,0.10798200402423569,0.6268614269539317,0.16495425777209863,-0.011661185164981457,0.653457330633542
1779791037.5855215,10.0,10.0,7.837742058939828,0.3110516444221003,0.10798361390227541,0.6268705192492667,0.1641557103664247,-0.011661185164981457,0.6535819091908909
1779791037.5954106,10.0,10.0,7.871325080104865,0.3110480303799813,0.107986788568508,0.6268867318298295,0.16329857879196616,-0.011661185164981457,0.6537082852041749
1779791037.6055095,10.0,10.0,7.9090999266358715,0.3110438935551719,0.10799570094711072,0.6269040264261303,0.162481288214992,-0.011661185164981457,0.6538217330411527
1779791037.615444,10.0,10.0,7.944071165787959,0.3110365082935054,0.10800155898040477,0.6269236148050865,0.16167855947222406,-0.011661185164981457,0.6539264796027066
1779791037.6253817,10.0,10.0,7.969646920600305,0.31103000406378095,0.10800955882165136,0.6269417302585164,0.1608576895374336,-0.011661185164981457,0.6540267693214138
1779791037.6354418,10.0,10.0,7.974315467156156,0.31102719634281106,0.1080135569279918,0.6269481208455522,0.16005710944577864,-0.011661185164981457,0.6541179533630803
1779791037.6454878,10.0,10.0,7.961889970709623,0.31102685054184914,0.10801847417494606,0.6269453225498531,0.1592040445069716,-0.011661185164981457,0.6542079342678093
1779791037.6554775,10.0,10.0,7.931641187105381,0.31102781718679373,0.10801739888839922,0.626938788094173,0.15839370616807577,-0.011661185164981457,0.6542865646837789
1779791037.6654353,10.0,10.0,7.889725755049048,0.31103226501140513,0.10801669098164254,0.6269322349886496,0.15757127239780447,-0.011661185164981457,0.6543595673342757
1779791037.675397,10.0,10.0,7.837291024417638,0.31103425057462397,0.10801775057297239,0.6269283033104062,0.15677040376015447,-0.011661185164981457,0.6544240853627331
1779791037.685516,10.0,10.0,7.789759914905761,0.3110355869944145,0.10801846674749072,0.626930424473327,0.15594720306424245,-0.011661185164981457,0.654483658994643
1779791037.6954305,10.0,10.0,7.743136977662218,0.31103484471666304,0.10801908257052542,0.6269389691380618,0.1551181001610694,-0.011661185164981457,0.6545367621432845
1779791037.7055137,10.0,10.0,7.72357867214321,0.31103488056676365,0.10802378344961652,0.6269610098347586,0.15427355604370505,-0.011661185164981457,0.6545837488361868
1779791037.7154264,10.0,10.0,7.723917662651997,0.3110357248618003,0.10803916792111753,0.6270016858083503,0.15345899443515362,-0.011661185164981457,0.6546222832025523
1779791037.7254243,10.0,10.0,7.738293937363549,0.3110355638704745,0.10806199611139371,0.6270703542623032,0.15263716470244512,-0.011661185164981457,0.6546544182823454
1779791037.7354844,10.0,10.0,7.765608899575764,0.3110325545843455,0.1080931879865354,0.6271527298884619,0.15263716470244512,-0.011661185164981457,0.6546544182823454
1779791037.7454112,10.0,10.0,7.812953791037615,0.31102444577185234,0.10813063247787459,0.6272461003366311,0.15182533536498596,-0.011661185164981457,0.6546795187537965
1779791037.7555213,10.0,10.0,7.890009127769686,0.3110101092377061,0.10817095680725124,0.6273415847229344,0.15096746984403328,-0.011661185164981457,0.6546988729370822
1779791037.7654324,10.0,10.0,7.957569755970218,0.3109951923965611,0.10821292610364064,0.6274395912076216,0.15013784450470194,-0.011661185164981457,0.6547105864060159
1779791037.7753897,10.0,10.0,8.008297130633729,0.3109835689652667,0.10825735178936635,0.6275307284344186,0.149321968180963,-0.011661185164981457,0.6547153919997803
1779791037.785489,10.0,10.0,8.035601055367508,0.310973878272379,0.10829936989829109,0.6276157319320329,0.14849452942652916,-0.011661185164981457,0.6547134668377396
1779791037.7954283,10.0,10.0,8.044033714867458,0.3109647881766634,0.10834076931671713,0.627679218446094,0.14765535171058702,-0.011661185164981457,0.6547045208611598
1779791037.8054209,10.0,10.0,8.039001367824266,0.31095985345384686,0.10837151434107502,0.6277174555453613,0.14683856673215467,-0.011661185164981457,0.6546890484400308
1779791037.8154352,10.0,10.0,8.035176643847441,0.310957768275134,0.10839987435096482,0.6277235328098645,0.1460227974331744,-0.011661185164981457,0.6546669309127391
1779791037.8254352,10.0,10.0,8.041253667814074,0.31096374843402874,0.1084381850460775,0.6276964752064957,0.14521116414006505,-0.011661185164981457,0.6546383115072503
1779791037.8353891,10.0,10.0,8.037057578704026,0.31097340163220116,0.10845769369912377,0.627673388426483,0.14438866329430072,-0.011661185164981457,0.6546025727722707
1779791037.845463,10.0,10.0,8.017442432196667,0.31098700492112735,0.10847805789246484,0.6276468793318845,0.14358328216792543,-0.011661185164981457,0.6545610002579862
1779791037.8554988,10.0,10.0,8.015423072841187,0.3110053924613122,0.10850425801446104,0.6276179579214488,0.14273508528929998,-0.011661185164981457,0.6545101719551318
1779791037.8654299,10.0,10.0,8.034931716061566,0.3110247045097858,0.10854513215860698,0.6275820292288001,0.1418895437004897,-0.011661185164981457,0.6544522977169692
1779791037.87545,10.0,10.0,8.07091599326217,0.31104500863056167,0.10858149028596205,0.6275527103149209,0.14107759911456594,-0.011661185164981457,0.6543899407578524
1779791037.8854635,10.0,10.0,8.117341623693514,0.31107196802070575,0.10861156559997621,0.6275201893745456,0.14026871067221786,-0.011661185164981457,0.6543211985919422
1779791037.8954499,10.0,10.0,8.16318675620949,0.31110425830139654,0.10864793730956994,0.6274760972954485,0.13944495077615898,-0.011661185164981457,0.654244387649576
1779791037.9054415,10.0,10.0,8.195274312316306,0.31114251041308355,0.1086932563069425,0.6274165521620599,0.13862388205559062,-0.011661185164981457,0.6541609785983259
1779791037.9154432,10.0,10.0,8.231767472075184,0.31118929574012266,0.10873883970246125,0.627349545482079,0.13779772781764862,-0.011661185164981457,0.6540701339934245
1779791037.9254327,10.0,10.0,8.24326515026747,0.31124559756181924,0.10877081080902835,0.6272767131753045,0.13697359977038837,-0.011661185164981457,0.6539725784708916
1779791037.935456,10.0,10.0,8.238587536966323,0.31131300875799095,0.10880030006903885,0.6271946270528157,0.13697359977038837,-0.011661185164981457,0.6539725784708916
1779791037.9454606,10.0,10.0,8.231727630235218,0.31138991960366075,0.1088334177269378,0.6270913974537102,0.13616377100535007,-0.011661185164981457,0.6538699497972593
1779791037.9554052,10.0,10.0,8.203390142873562,0.3114669908589856,0.10886663602956476,0.6269835155998451,0.13536184863193693,-0.011661185164981457,0.6537616937914568
1779791037.9654381,10.0,10.0,8.138602696376017,0.31155070565899023,0.10889976886274173,0.6268733559434988,0.13453226981931207,-0.011661185164981457,0.6536427391873645
1779791037.975438,10.0,10.0,8.071678152113622,0.3116404614450406,0.10893830026670775,0.6267681830534793,0.13371329539293833,-0.011661185164981457,0.6535183325126446
1779791037.9854045,10.0,10.0,8.02565392348412,0.31173034701632896,0.10897427569022185,0.6266592270836141,0.13290664808601482,-0.011661185164981457,0.65338900063923
1779791037.9954479,10.0,10.0,7.996634126211276,0.31181777212709927,0.10901108378903222,0.6265497535605933,0.13208770441311304,-0.011661185164981457,0.6532507685579151
1779791038.0054767,10.0,10.0,7.9932006330538545,0.3119078773870156,0.10904216748632596,0.6264399515249992,0.13129112174227237,-0.011661185164981457,0.6531095852477035
1779791038.0154788,10.0,10.0,8.029911098486451,0.3119919779347075,0.10907509749107334,0.6263386735172523,0.13049960679970232,-0.011661185164981457,0.6529627022449409
1779791038.0254645,10.0,10.0,8.076997100493427,0.3120716267591472,0.10911508396325144,0.6262409273183892,0.12970653496502227,-0.011661185164981457,0.6528089043734427
1779791038.0354004,10.0,10.0,8.13184476133221,0.31214998406297295,0.10916487942769126,0.6261455975482858,0.12890764333867963,-0.011661185164981457,0.6526472405874948
1779791038.045424,10.0,10.0,8.188971235676828,0.31222921247421725,0.10921653018604513,0.6260497136414858,0.12811467400867466,-0.011661185164981457,0.6524800553021806
1779791038.0554028,10.0,10.0,8.233392379883492,0.3123058955820842,0.10927003085103171,0.6259603957854166,0.12732527571661165,-0.011661185164981457,0.6523069389312286
1779791038.0654054,10.0,10.0,8.273102106293278,0.3123929195785154,0.10932350763714242,0.6258611474747678,0.12650906066798734,-0.011661185164981457,0.6521208911475409
1779791038.0754437,10.0,10.0,8.309934033493878,0.3124849685254575,0.1093864603497976,0.6257571042058057,0.125704794662434,-0.011661185164981457,0.6519305158317322
1779791038.085436,10.0,10.0,8.323515683805864,0.3125819319578504,0.10945628721394753,0.6256428481962235,0.12491344362425164,-0.011661185164981457,0.6517363258797466
1779791038.0955036,10.0,10.0,8.318437308856367,0.3126885035384819,0.10952618435920806,0.625518106371862,0.12413189891970813,-0.011661185164981457,0.6515378121072933
1779791038.1055171,10.0,10.0,8.309924898049918,0.3128007338755437,0.10959531106362848,0.6253768248404417,0.12332331631698676,-0.011661185164981457,0.6513253472591718
1779791038.1154678,10.0,10.0,8.294371743038898,0.3129227339465848,0.10967338765159776,0.625223305430054,0.12254433320616634,-0.011661185164981457,0.6511138029314396
1779791038.1254299,10.0,10.0,8.2545777024581,0.31305406820330595,0.10974928958227098,0.6250615839400037,0.12175768403694684,-0.011661185164981457,0.6508933020867383
1779791038.1354666,10.0,10.0,8.227562177316829,0.3132005312482028,0.10982485108596461,0.6248997326388461,0.12097619072554394,-0.011661185164981457,0.6506673589665869
1779791038.145501,10.0,10.0,8.232101265391226,0.31335353668687127,0.1099078440449766,0.6247327657672644,0.12020386071474093,-0.011661185164981457,0.6504372728719573
1779791038.1554828,10.0,10.0,8.276420876399373,0.3135174843844276,0.10999035154650591,0.6245718270855513,0.1193968200734313,-0.011661185164981457,0.6501895787208694
1779791038.1654058,10.0,10.0,8.337038690988205,0.3136933532700133,0.11006900735333634,0.6244043289953622,0.11862100150273355,-0.011661185164981457,0.6499444123581518
1779791038.1754823,10.0,10.0,8.43498652169472,0.31387706036976776,0.11015699417350709,0.6242257260846011,0.11862100150273355,-0.011661185164981457,0.6499444123581518
1779791038.1854799,10.0,10.0,8.550623216425054,0.3140724747262615,0.11024943111359718,0.6240409845138245,0.1178173065309554,-0.011661185164981457,0.6496830860379086
1779791038.1954412,10.0,10.0,8.634677511802602,0.31427615298994543,0.11034129446522466,0.6238430819642506,0.11702665849887448,-0.011661185164981457,0.6494186433000989
1779791038.205443,10.0,10.0,8.711132928323082,0.3144910702732613,0.11042908560207161,0.6236226393958538,0.11624308823661392,-0.011661185164981457,0.6491493064007616
1779791038.2154338,10.0,10.0,8.76645760729379,0.31470997864601413,0.11051659011852111,0.6233811434074862,0.1154476934769498,-0.011661185164981457,0.6488684478818232
1779791038.225447,10.0,10.0,8.777546798971251,0.31493478390901686,0.11059457408671787,0.6231112799601713,0.11467348571987795,-0.011661185164981457,0.6485877912497405
1779791038.2354662,10.0,10.0,8.768610041404516,0.3151597430202757,0.11065677659354653,0.6228053385777977,0.11389581996137446,-0.011661185164981457,0.6482985860501054
1779791038.2454317,10.0,10.0,8.737706624904346,0.3153755286702641,0.11071432891512772,0.6224562950689375,0.11311479167323005,-0.011661185164981457,0.6480007031638909
1779791038.255467,10.0,10.0,8.654387618001087,0.3155930127029976,0.11076096421190318,0.6220761334171536,0.11235882399127373,-0.011661185164981457,0.6477052222532578
1779791038.26546,10.0,10.0,8.539605027305926,0.3158127732243792,0.11079360948169967,0.6216845962230146,0.1115830047642741,-0.011661185164981457,0.6473945915650082
1779791038.275449,10.0,10.0,8.406887075387468,0.3160406677622078,0.11082010299119405,0.6212800936766196,0.11083238440258142,-0.011661185164981457,0.6470868542667625
1779791038.2854457,10.0,10.0,8.29572790623748,0.31628030479606783,0.11085170348893222,0.6208744832281928,0.11008876555030114,-0.011661185164981457,0.6467749384051341
1779791038.2954264,10.0,10.0,8.224828786531484,0.31652961959931086,0.11087623934486973,0.6204711107273264,0.10932510052804456,-0.011661185164981457,0.6464472363998205
1779791038.3054044,10.0,10.0,8.188294960284072,0.3167814492092087,0.11090210229154268,0.620085948942426,0.10857984467844103,-0.011661185164981457,0.6461201502546651
1779791038.3154204,10.0,10.0,8.167376728927003,0.3170433765201517,0.11093783304843804,0.6197235587249464,0.10779861059616305,-0.011661185164981457,0.6457694639270399
1779791038.3254702,10.0,10.0,8.164622007364512,0.31730449772195063,0.1109841072476934,0.6193909390135482,0.10705112244143025,-0.011661185164981457,0.6454263582787334
1779791038.335485,10.0,10.0,8.129213829160406,0.31755760666899957,0.11104472019940974,0.6190876740068719,0.10629145770643164,-0.011661185164981457,0.6450699930957043
1779791038.3454313,10.0,10.0,8.070426264234921,0.31780043484106074,0.11110824107604086,0.6188124347779795,0.1055377459159206,-0.011661185164981457,0.6447086887634392
1779791038.3554132,10.0,10.0,8.018116938020004,0.31803680824424346,0.11117747575926717,0.6185589409369615,0.10480366088637649,-0.011661185164981457,0.6443493007716672
1779791038.3654532,10.0,10.0,7.966354031317476,0.31826112555040137,0.11124906424024744,0.6183183131025042,0.10405229802682298,-0.011661185164981457,0.643973703690158
1779791038.3754072,10.0,10.0,7.906872042830843,0.3184694675810256,0.11131582010102725,0.6181088275044806,0.10405229802682298,-0.011661185164981457,0.643973703690158
1779791038.385436,10.0,10.0,7.827333424283671,0.3186554601588301,0.11138413232803904,0.6179390652497021,0.10332786428991753,-0.011661185164981457,0.6436040518786851
1779791038.3954275,10.0,10.0,7.748328347458876,0.3188294099106438,0.11145390679493104,0.6177996198782465,0.10258012138132874,-0.011661185164981457,0.6432146679617536
1779791038.405488,10.0,10.0,7.694208943297021,0.3189825963810176,0.1115354974414936,0.6176970981766201,0.1018528305511962,-0.011661185164981457,0.6428281963810131
1779791038.4154015,10.0,10.0,7.6568127738503895,0.3191141279563295,0.1116333262264098,0.6176442675988313,0.10113481822070838,-0.011661185164981457,0.6424390705387658
1779791038.4254477,10.0,10.0,7.628728364188132,0.3192361421349346,0.11173849032549925,0.6176366900707646,0.1004174226595625,-0.011661185164981457,0.6420426516257495
1779791038.435403,10.0,10.0,7.633061965294877,0.31934646907669845,0.1118971973771569,0.6176814086795542,0.09966222399285077,-0.011661185164981457,0.6416169914198884
1779791038.445442,10.0,10.0,7.657896719724386,0.3194348326643443,0.11209179819123116,0.6177755655499341,0.09895106389244893,-0.011661185164981457,0.641208209981935
1779791038.4554632,10.0,10.0,7.688913400136401,0.31950374514461244,0.11228498255456384,0.6179019364402678,0.09825262907471013,-0.011661185164981457,0.6407991357800586
1779791038.4654026,10.0,10.0,7.734902384437385,0.3195521019532268,0.11247795534204061,0.6180673264495933,0.09751959523218465,-0.011661185164981457,0.6403615699351222
1779791038.4754555,10.0,10.0,7.765554115715126,0.3195805866546043,0.1126682905068111,0.6182522713730307,0.09683064670918237,-0.011661185164981457,0.6399425247009283
1779791038.485468,10.0,10.0,7.798552346069431,0.31960636443323437,0.11285736135723066,0.6184532959076968,0.09611081810197758,-0.011661185164981457,0.639496504277789
1779791038.495419,10.0,10.0,7.839660687763419,0.31963032382278384,0.1130539553903966,0.6186646304370353,0.09542851799659649,-0.011661185164981457,0.6390658896155688
1779791038.5054839,10.0,10.0,7.882492754290666,0.3196509972078355,0.11326116035173073,0.6188743537650492,0.09473056742975419,-0.011661185164981457,0.6386173703744503
1779791038.5154092,10.0,10.0,7.9358947742503645,0.31967132490151046,0.11346710114117599,0.6190781518422486,0.09405149049426814,-0.011661185164981457,0.6381730642941035
1779791038.5254335,10.0,10.0,7.997970487050059,0.3196951973856395,0.11367518043269036,0.619269485301319,0.09335254177514724,-0.011661185164981457,0.6377074700705808
1779791038.5354228,10.0,10.0,8.038126327842706,0.3197206969942863,0.11389313588635148,0.6194543003173253,0.09268625173990816,-0.011661185164981457,0.6372556758767367
1779791038.5454154,10.0,10.0,8.057732072073485,0.3197481838326059,0.11410631407973369,0.619609237302703,0.0919935896709057,-0.011661185164981457,0.636777627664716
1779791038.5554395,10.0,10.0,8.076454754664068,0.31977353048397833,0.11430705378720922,0.6197409261295077,0.09130551469866327,-0.011661185164981457,0.6362941492412675
1779791038.5654101,10.0,10.0,8.101651586132997,0.319799310610235,0.11449055978755451,0.6198357609506406,0.09064175496134699,-0.011661185164981457,0.6358194935301861
1779791038.575422,10.0,10.0,8.1498258472736,0.31983184854198776,0.11465999608023934,0.6198923153952531,0.09064175496134699,-0.011661185164981457,0.6358194935301861
1779791038.5854285,10.0,10.0,8.200847926403334,0.3198693847827199,0.11480795221241548,0.6199132429385312,0.08998996069613321,-0.011661185164981457,0.6353453582933934
1779791038.5954971,10.0,10.0,8.241805323386052,0.31991668292127107,0.11493985365777058,0.6198973944668306,0.08929962726344637,-0.011661185164981457,0.6348343471793979
1779791038.605432,10.0,10.0,8.253538488836353,0.31996949975095496,0.11506372967842413,0.6198422578470882,0.08862532448262297,-0.011661185164981457,0.6343262570854745
1779791038.615464,10.0,10.0,8.264443200156025,0.320030244423981,0.11519012620013418,0.6197539937420178,0.08798647160034465,-0.011661185164981457,0.6338365676225572
1779791038.625411,10.0,10.0,8.266720196099467,0.32009093391991467,0.11532369401912425,0.6196569064315344,0.08731506470224576,-0.011661185164981457,0.6333130411226852
1779791038.6354554,10.0,10.0,8.224423980740236,0.32014952772457594,0.11546412937011258,0.6195545252313964,0.08666772982804524,-0.011661185164981457,0.6327994952698544
1779791038.6454701,10.0,10.0,8.157304235455582,0.3202158367206703,0.11560021944078072,0.6194458658643639,0.0860359037342954,-0.011661185164981457,0.6322897656011728
1779791038.655558,10.0,10.0,8.079919422569121,0.3202821746440782,0.11573698835578064,0.6193375911482509,0.08540655375478279,-0.011661185164981457,0.6317735318584572
1779791038.665439,10.0,10.0,8.005315512529174,0.32034622018591435,0.11586897547226772,0.6192423447501804,0.08477232345155736,-0.011661185164981457,0.6312445366118757
1779791038.6754017,10.0,10.0,7.93730403110238,0.32040933286587087,0.11600239590931688,0.6191496655060982,0.08415736170478658,-0.011661185164981457,0.6307230441646222
1779791038.6854367,10.0,10.0,7.87617803324999,0.32047102997863486,0.1161380533571195,0.6190678237831274,0.083539667552511,-0.011661185164981457,0.6301905637433985
1779791038.695414,10.0,10.0,7.826024844607895,0.3205358336450056,0.11628589773426948,0.6189942609218553,0.08292205423771956,-0.011661185164981457,0.629649279679297
1779791038.7054288,10.0,10.0,7.793350684479328,0.3205897104079305,0.1164411948786828,0.6189416066734803,0.08231999949593602,-0.011661185164981457,0.6291129062266821
1779791038.7154548,10.0,10.0,7.768269073315884,0.32063371378380484,0.1166040976845015,0.6189083140885118,0.08171070094137184,-0.011661185164981457,0.6285611158263633
1779791038.725444,10.0,10.0,7.766722064362858,0.3206591278311888,0.11678199347606619,0.6189013290663467,0.08107085823749716,-0.011661185164981457,0.6279717356106478
1779791038.735471,10.0,10.0,7.776779405649735,0.32067301165865125,0.116972808175871,0.6189231791403718,0.08047293543849007,-0.011661185164981457,0.6274115604718122
1779791038.7454445,10.0,10.0,7.790927375287447,0.32067928551131836,0.11717983129499344,0.6189836864911592,0.07987130474992479,-0.011661185164981457,0.6268385175551483
1779791038.7554164,10.0,10.0,7.823290111525559,0.3206799510587425,0.11739029286411183,0.6190838845202644,0.07928197612889645,-0.011661185164981457,0.6262678386460048
1779791038.765447,10.0,10.0,7.851528989196147,0.3206812305290034,0.11759775870093891,0.6192002931161164,0.07869163949096716,-0.011661185164981457,0.6256866774275185
1779791038.775477,10.0,10.0,7.872918871335411,0.3206819813879087,0.11780061045845283,0.6193434913944782,0.07869163949096716,-0.011661185164981457,0.6256866774275185
1779791038.785405,10.0,10.0,7.874217088514178,0.3206849297829783,0.11800247757070273,0.6194998087560192,0.0781148434369664,-0.011661185164981457,0.6251094311528015
1779791038.7954583,10.0,10.0,7.860734604671817,0.3206937446756638,0.11820311771811248,0.619656177907276,0.0775397386572744,-0.011661185164981457,0.6245243810245675
1779791038.8054569,10.0,10.0,7.839170287925706,0.3207005227363889,0.11840699658776359,0.6198114676937316,0.0769607870516211,-0.011661185164981457,0.6239255960131815
1779791038.8154452,10.0,10.0,7.801606892856531,0.32070634184599195,0.11861343231711048,0.6199846071695735,0.07637846963527062,-0.011661185164981457,0.6233131292671348
1779791038.8254292,10.0,10.0,7.757501503102085,0.3207086074942077,0.1188345936064662,0.6201635713698026,0.07581438602915586,-0.011661185164981457,0.6227098253678972
1779791038.8354247,10.0,10.0,7.721619988389282,0.320703996000894,0.11907059491100407,0.6203554048618305,0.0752566157948347,-0.011661185164981457,0.6221033208604984
1779791038.845458,10.0,10.0,7.698433202386537,0.3206965736589403,0.11931367527285103,0.6205666877180692,0.07471589462266012,-0.011661185164981457,0.6215056515814992
1779791038.85549,10.0,10.0,7.694550703980288,0.32068714401869014,0.11956731817881344,0.6208012269369065,0.07414813169733026,-0.011661185164981457,0.620867524849734
1779791038.8654077,10.0,10.0,7.727989938003857,0.32067169616386426,0.11983250685348563,0.6210687180411376,0.07358429356871168,-0.011661185164981457,0.6202227883660775
1779791038.8754122,10.0,10.0,7.762180094533751,0.320658026782966,0.12011567199000284,0.6213616726178436,0.07305781134846631,-0.011661185164981457,0.6196105625647967
1779791038.8854465,10.0,10.0,7.812512510444111,0.3206466707851494,0.12041110413820033,0.6216656550074294,0.07250519554786986,-0.011661185164981457,0.6189570305041459
1779791038.8954432,10.0,10.0,7.87588500057765,0.32063830680788097,0.12070615256780672,0.6219945841527779,0.07198673775748457,-0.011661185164981457,0.6183334267621353
1779791038.9054017,10.0,10.0,7.942318041387673,0.32063548254124896,0.12098369952361382,0.6223210878706333,0.07146830020604597,-0.011661185164981457,0.6176994067969611
1779791038.9154472,10.0,10.0,8.01103594062423,0.32063436939467377,0.12125542904698454,0.6226426493592496,0.07096024277464999,-0.011661185164981457,0.6170676453340977
1779791038.9254286,10.0,10.0,8.064333634706749,0.3206315508241009,0.12151600328456436,0.6229409169312781,0.07045229082177815,-0.011661185164981457,0.6164253686934912
1779791038.9354188,10.0,10.0,8.094785211851082,0.3206206879788056,0.12177476202075775,0.6232135960642995,0.06994673324735043,-0.011661185164981457,0.615775216480811
1779791038.9454567,10.0,10.0,8.09404092090985,0.3206184785323814,0.12202207591211353,0.6234561332493842,0.06945106213443972,-0.011661185164981457,0.6151268787422934
1779791038.9554021,10.0,10.0,8.083826763698463,0.32061403822227835,0.12225690993921404,0.6236700552166693,0.06895126905147167,-0.011661185164981457,0.6144618634306298
1779791038.9654558,10.0,10.0,8.051582959447908,0.32060677368904505,0.1224810733161129,0.623857700089115,0.06846975918460721,-0.011661185164981457,0.6138101005194145
1779791038.9754167,10.0,10.0,8.002221225973278,0.32060207299860927,0.12269565903963592,0.6240114483594037,0.06846975918460721,-0.011661185164981457,0.6138101005194145
1779791038.9854105,10.0,10.0,7.947993039542833,0.320603638008834,0.12290527837467191,0.6241542915328941,0.06798782455020727,-0.011661185164981457,0.6131465108664425
1779791038.995476,10.0,10.0,7.907330687016409,0.32061266241839065,0.12312006446987296,0.6242883672593966,0.0674960053109667,-0.011661185164981457,0.6124573026111854
1779791039.0054858,10.0,10.0,7.863228884032829,0.3206274031856346,0.1233339843892008,0.6244241591287012,0.06702627584921486,-0.011661185164981457,0.6117873232803115
1779791039.015409,10.0,10.0,7.84428343795494,0.3206439485598567,0.12355600015906905,0.624566039062127,0.06656809650422224,-0.011661185164981457,0.6111223838886654
1779791039.0254226,10.0,10.0,7.841837857780255,0.32066217772207045,0.12379022865724393,0.6247159753939993,0.06609552912691971,-0.011661185164981457,0.6104243028494493
1779791039.0354288,10.0,10.0,7.8429492152674385,0.32067514622946597,0.12403913919090578,0.6248826803646875,0.06563326634899655,-0.011661185164981457,0.6097289471933905
1779791039.04542,10.0,10.0,7.840141147620437,0.32069016079750984,0.12430540806803271,0.6250682672050184,0.06518289781115541,-0.011661185164981457,0.6090391415491766
1779791039.0554109,10.0,10.0,7.854271283939197,0.32070629535482315,0.12457277630312025,0.6252622502974827,0.06472293961967393,-0.011661185164981457,0.6083215820917254
1779791039.0654192,10.0,10.0,7.894134135866937,0.320724038551736,0.1248496984013108,0.6254575517868987,0.0642912614060516,-0.011661185164981457,0.6076356551013408
1779791039.0754533,10.0,10.0,7.93761847200343,0.3207417276162817,0.12511761863336227,0.6256458856044892,0.06386381422390136,-0.011661185164981457,0.6069440605770124
1779791039.0854366,10.0,10.0,7.9709770910226085,0.3207579619099047,0.12537726982595307,0.6258197389625155,0.06343906576524597,-0.011661185164981457,0.6062441271821368
1779791039.0954132,10.0,10.0,7.994709413518975,0.3207696440653498,0.1256229707318713,0.6259650382971261,0.06301789486565099,-0.011661185164981457,0.6055370673553715
1779791039.1054463,10.0,10.0,8.000476687490758,0.32077809049894895,0.1258531715684103,0.6260862617235613,0.06260540002162826,-0.011661185164981457,0.6048314742700188
1779791039.1154943,10.0,10.0,7.993094193151602,0.32079001326746787,0.12606037522130187,0.6261719944803414,0.06219190643712533,-0.011661185164981457,0.6041106015984805
1779791039.1254525,10.0,10.0,7.966324221622107,0.3207997135179021,0.12626082071105155,0.6262349477483802,0.061790768798758805,-0.011661185164981457,0.6033977147585984
1779791039.1354856,10.0,10.0,7.909194305516889,0.32081033460588915,0.12646173034154176,0.6262785076518165,0.061397927157731624,-0.011661185164981457,0.6026860543324093
1779791039.145449,10.0,10.0,7.846421802901078,0.3208253843310971,0.12666859979229708,0.626312385682951,0.06100585618644502,-0.011661185164981457,0.6019618472475534
1779791039.1554792,10.0,10.0,7.78832488860177,0.32084682427793215,0.12688203889964966,0.6263455126026675,0.06062252154561579,-0.011661185164981457,0.6012396857809855
1779791039.1654496,10.0,10.0,7.7604309598308046,0.32087449636191473,0.12710562494454852,0.6263855736475379,0.06023195869879647,-0.011661185164981457,0.6004888902025368
1779791039.1754189,10.0,10.0,7.747665702501426,0.32090096728053735,0.12733282821783487,0.6264362048609318,0.05986541163949641,-0.011661185164981457,0.5997698026044977
1779791039.1854777,10.0,10.0,7.7517588834737445,0.32092413425225064,0.12757165711905918,0.6265044188871248,0.059492959513226557,-0.011661185164981457,0.5990240734344962
1779791039.195445,10.0,10.0,7.7687696870515195,0.3209444047508183,0.12783757737944879,0.626593416605143,0.059492959513226557,-0.011661185164981457,0.5990240734344962
1779791039.2055104,10.0,10.0,7.802355722882833,0.3209593859103755,0.12812303283430893,0.6267025542492273,0.05912968615397121,-0.011661185164981457,0.5982813605328422
1779791039.2154694,10.0,10.0,7.8436326849789255,0.3209696671523797,0.12840526752348388,0.6268194742491151,0.05878058373578804,-0.011661185164981457,0.5975525864695275
1779791039.225388,10.0,10.0,7.88739197549204,0.32097373096308746,0.12867806572864487,0.626939625840435,0.058434731623402764,-0.011661185164981457,0.5968153059459781
1779791039.2354057,10.0,10.0,7.940073248698611,0.32097774754319996,0.12894524340203095,0.6270508709333188,0.05807864376910607,-0.011661185164981457,0.5960394402469152
1779791039.2454312,10.0,10.0,7.986716491828821,0.3209858925768515,0.12920254927458663,0.6271544774650497,0.05773959859625735,-0.011661185164981457,0.5952840168191611
1779791039.2554672,10.0,10.0,8.018022056790167,0.32099792146618533,0.12945102314247436,0.6272424718772535,0.05740839331114084,-0.011661185164981457,0.5945294370053799
1779791039.2654915,10.0,10.0,8.025641743190642,0.32100783738640604,0.12969809247450317,0.6273126597223739,0.05708987915414196,-0.011661185164981457,0.5937873803527571
1779791039.2753904,10.0,10.0,7.995331159928215,0.32101840173983304,0.12993139534316625,0.6273491906225322,0.05676906216321445,-0.011661185164981457,0.5930227545990726
1779791039.2854202,10.0,10.0,7.951682777013885,0.32103859527891393,0.13015597864100573,0.6273623359952393,0.05646249268779066,-0.011661185164981457,0.5922749849238345
1779791039.2954426,10.0,10.0,7.90537974912811,0.3210594761857922,0.13038469624637583,0.6273718318504857,0.056148923245814136,-0.011661185164981457,0.5914917729800898
1779791039.3054335,10.0,10.0,7.851462982118403,0.32108451388029036,0.13061763445532526,0.6273719257336997,0.05585171727975627,-0.011661185164981457,0.5907311950583365
1779791039.3154085,10.0,10.0,7.810969444321447,0.321111987953139,0.13086553779387783,0.6273686018026491,0.055550762352651856,-0.011661185164981457,0.5899417394128467
1779791039.3254452,10.0,10.0,7.795283663840358,0.3211454845774891,0.13112136356761828,0.6273730098502825,0.0552686542228209,-0.011661185164981457,0.5891829221475764
1779791039.3354402,10.0,10.0,7.792533300044415,0.32117993015776897,0.13139278413729347,0.6273954450124435,0.05499178496267326,-0.011661185164981457,0.5884192944859264
1779791039.3454702,10.0,10.0,7.8100385580838605,0.32121502371214306,0.13168014054802554,0.6274389335618827,0.054717648737029,-0.011661185164981457,0.5876434691599789
1779791039.355426,10.0,10.0,7.857054584641052,0.3212480754079238,0.13198331645415295,0.627508836543582,0.05444120707764202,-0.011661185164981457,0.5868397835923762
1779791039.3654475,10.0,10.0,7.929537717116037,0.32128350533540867,0.13229651814690674,0.6275832474752623,0.054180780219478,-0.011661185164981457,0.5860615841930412
1779791039.3754373,10.0,10.0,8.008702946694468,0.3213165401527054,0.13260900685870447,0.6276647262436136,0.05392668149164195,-0.011661185164981457,0.5852810663083771
1779791039.385407,10.0,10.0,8.084255239092592,0.32135311616257767,0.1329067736519605,0.6277421759601832,0.053682894859148095,-0.011661185164981457,0.5845109763811531
1779791039.3954163,10.0,10.0,8.13277445904563,0.32138464571522285,0.13319589706406718,0.6278259885908236,0.053682894859148095,-0.011661185164981457,0.5845109763811531
1779791039.4054635,10.0,10.0,8.141800475811937,0.3214140958672539,0.1334693210873336,0.6278948853034259,0.05343191547127915,-0.011661185164981457,0.5836946535718376
1779791039.4154367,10.0,10.0,8.14010707647184,0.321449731040851,0.13373868826830188,0.6279381479243008,0.05319993412949711,-0.011661185164981457,0.5829171318122458
1779791039.4254074,10.0,10.0,8.132351632500495,0.3214894115207927,0.13400467796731352,0.6279634646744654,0.05296552082773712,-0.011661185164981457,0.582107055527094
1779791039.435386,10.0,10.0,8.118508016049056,0.32152870099871644,0.1342515750352033,0.6279614073027743,0.05273801354176827,-0.011661185164981457,0.5812952716260678
1779791039.4454117,10.0,10.0,8.081577382631709,0.32157027775574876,0.13449728884183554,0.6279438006477795,0.052526870026806866,-0.011661185164981457,0.5805172421448366
1779791039.4554634,10.0,10.0,8.030208708611147,0.3216135141497305,0.1347473677528513,0.6279199096986472,0.05231831640730361,-0.011661185164981457,0.5797232567621913
1779791039.465405,10.0,10.0,7.984736348879841,0.32165426848190953,0.1350088816573527,0.6278879038240731,0.052118085972388456,-0.011661185164981457,0.578934791015298
1779791039.4754314,10.0,10.0,7.942004020061292,0.3216968209345723,0.13527405021442646,0.6278559328708053,0.051925778770895686,-0.011661185164981457,0.5781509562897235
1779791039.4854748,10.0,10.0,7.932732809202005,0.3217354912908772,0.13554274993730253,0.6278456498983054,0.0517310510276959,-0.011661185164981457,0.577327922113265
1779791039.4954083,10.0,10.0,7.93871482798357,0.32177561004229693,0.13582382057202383,0.6278459445080287,0.051552298182838324,-0.011661185164981457,0.5765435785740646
1779791039.5054133,10.0,10.0,7.973839179268091,0.3218200671935172,0.13612820471586398,0.6278682412594768,0.051371410398468736,-0.011661185164981457,0.5757185242000512
1779791039.515403,10.0,10.0,8.021202713599736,0.3218709281954015,0.13644273484920627,0.6278973220640091,0.05120348616731843,-0.011661185164981457,0.5749210190792345
1779791039.5254085,10.0,10.0,8.091124844869695,0.3219262780170308,0.13675190567576068,0.6279350152304415,0.051035972583218486,-0.011661185164981457,0.5740913393226816
1779791039.5354133,10.0,10.0,8.154249937278777,0.32198633226024576,0.13705691620115773,0.6279727425135895,0.050882393291610706,-0.011661185164981457,0.5732968266483407
1779791039.5454538,10.0,10.0,8.202202724513265,0.3220407312009717,0.13735703004145877,0.6279962974174007,0.050734278740208555,-0.011661185164981457,0.5724957317155845
1779791039.555462,10.0,10.0,8.216119048768087,0.3220845450300617,0.1376478869805896,0.6279908098449686,0.05059358550264395,-0.011661185164981457,0.5716986228181032
1779791039.5654464,10.0,10.0,8.22088176425477,0.32210985708729695,0.13791743296566691,0.6279578085038803,0.05045584276693241,-0.011661185164981457,0.5708790095019691
1779791039.5754151,10.0,10.0,8.201977534963204,0.3221173600270721,0.13816416823523148,0.6278924165195283,0.050325534087664464,-0.011661185164981457,0.5700622561990426
1779791039.5854063,10.0,10.0,8.164467124641758,0.3221205466090122,0.13839531615012762,0.6278005517189595,0.05019777055958621,-0.011661185164981457,0.5692157243153311
1779791039.5954754,10.0,10.0,8.107452153250081,0.32212447927791016,0.13862391805719143,0.627688191495876,0.050080574406241946,-0.011661185164981457,0.5683921650599154
1779791039.6054177,10.0,10.0,8.015350215324602,0.32213183028215603,0.13884027909274252,0.6275779991311428,0.050080574406241946,-0.011661185164981457,0.5683921650599154
1779791039.6154323,10.0,10.0,7.903379737813202,0.3221399760748464,0.13904728867214874,0.6274653174014095,0.04997220317040918,-0.011661185164981457,0.5675828520998737
1779791039.625446,10.0,10.0,7.800210041526402,0.32214452660100823,0.1392493528376028,0.6273615303223996,0.049871045368222816,-0.011661185164981457,0.566777632895478
1779791039.63543,10.0,10.0,7.701602325454146,0.3221401831080838,0.1394453493469077,0.627265081634869,0.04977416323859471,-0.011661185164981457,0.565951630091196
1779791039.6454442,10.0,10.0,7.605250740017829,0.3221286380618351,0.1396285951941101,0.6271932115318122,0.04968546737542884,-0.011661185164981457,0.565137391499734
1779791039.6555042,10.0,10.0,7.507012431633159,0.3220907622764158,0.13979427295995164,0.6271470826615891,0.04960271646444572,-0.011661185164981457,0.5643149179805785
1779791039.6653936,10.0,10.0,7.395743943312234,0.3220176712639834,0.13996111120835122,0.627125927356624,0.049527930528622616,-0.011661185164981457,0.5635049839411732
1779791039.6754477,10.0,10.0,7.270875681865468,0.3219177260796377,0.1401326998195767,0.6271407538197066,0.04945757918388641,-0.011661185164981457,0.5626674916173977
1779791039.6854677,10.0,10.0,7.142394699430929,0.3218122181815256,0.14030690808222682,0.6271999706101635,0.04939630700678624,-0.011661185164981457,0.5618579573023603
1779791039.6954198,10.0,10.0,7.042296604498566,0.3217077373699562,0.14048256164505668,0.6273198035171748,0.04934111002274888,-0.011661185164981457,0.5610400834239758
1779791039.7053912,10.0,10.0,6.928681501965553,0.3215968476908656,0.14066281472784095,0.6275090839088892,0.04929333289613988,-0.011661185164981457,0.5602347107487868
1779791039.7154076,10.0,10.0,6.814648568621413,0.32148879828944443,0.140858243867445,0.6277609328367378,0.049252060823520155,-0.011661185164981457,0.5594291038023721
1779791039.7254167,10.0,10.0,6.738950527744479,0.32137372756154475,0.1410745659910003,0.6280720887103176,0.0492170258417208,-0.011661185164981457,0.5586164658249754
1779791039.7354543,10.0,10.0,6.6832520650697855,0.3212426409773,0.14133269086249242,0.6284548444015662,0.0491880257460183,-0.011661185164981457,0.557784864085404
1779791039.7454498,10.0,10.0,6.635714128300323,0.32109794219713905,0.14162463858042074,0.6288928848201011,0.04916618089579983,-0.011661185164981457,0.556963502495335
1779791039.7554529,10.0,10.0,6.623533957093561,0.3209427740293571,0.1419482328456192,0.629391834270117,0.04915128571590546,-0.011661185164981457,0.5561559582137966
1779791039.7654414,10.0,10.0,6.672369893866692,0.32077693391676126,0.14231029148116475,0.6299479116342762,0.04914280801551632,-0.011661185164981457,0.5553314477448588
1779791039.7754505,10.0,10.0,6.736699895957912,0.32059266623499605,0.14271593362498863,0.630568165396529,0.04914112372769394,-0.011661185164981457,0.5545094764505234
1779791039.785438,10.0,10.0,6.812084634207014,0.32040313251135816,0.14315055413746777,0.6312561612469227,0.049146014000295474,-0.011661185164981457,0.5537053592578776
1779791039.7954357,10.0,10.0,6.877305170650355,0.3202126513744094,0.14360004341607796,0.6320162917320765,0.0491580094890377,-0.011661185164981457,0.5528664132114235
1779791039.805401,10.0,10.0,6.884745085721455,0.32001331919563025,0.1440765766224308,0.6328346214130457,0.049176152332815415,-0.011661185164981457,0.5520609471065026
1779791039.8153985,10.0,10.0,6.85400291997392,0.31981634887568305,0.14457258706533113,0.6336908208117816,0.04920139356440409,-0.011661185164981457,0.5512380887208825
1779791039.8254209,10.0,10.0,6.804424073816305,0.31960447970592054,0.14509326472426665,0.6345696312043646,0.049232869181679934,-0.011661185164981457,0.5504280037682989
1779791039.8354304,10.0,10.0,6.746800306648218,0.3193759584849485,0.1456314980594877,0.6354774733484377,0.04927067369420432,-0.011661185164981457,0.549622852909067
1779791039.8453853,10.0,10.0,6.674614740517805,0.319135679565973,0.14618457079867755,0.6364368326009685,0.049314991343258924,-0.011661185164981457,0.5488176166007838
1779791039.855438,10.0,10.0,6.627316864561763,0.3188792431442037,0.1467588888930797,0.6374332395781053,0.049314991343258924,-0.011661185164981457,0.5488176166007838
1779791039.8653753,10.0,10.0,6.651802087447325,0.3186049493771417,0.14735364389400057,0.6384691756486689,0.04936810451975876,-0.011661185164981457,0.5479785676726479
1779791039.8755133,10.0,10.0,6.720933863243628,0.3183211530581359,0.14797026997606394,0.6395353895624645,0.04942769629177177,-0.011661185164981457,0.5471475485068478
1779791039.8854198,10.0,10.0,6.846846302180387,0.31803776509452464,0.14859355547179096,0.6406129827688889,0.04949378894605996,-0.011661185164981457,0.5463220471130168
1779791039.895409,10.0,10.0,7.045085771429923,0.31774556115004077,0.14922362295454786,0.6416930581273498,0.04957051919736219,-0.011661185164981457,0.5454561282878481
1779791039.9054325,10.0,10.0,7.264930293338156,0.3174450744565365,0.14984894490580378,0.6427761187665602,0.04965017226082721,-0.011661185164981457,0.5446362291061311
1779791039.9154706,10.0,10.0,7.4043024290674655,0.31712802869314693,0.15046230019240506,0.6438923649447912,0.04973476566684304,-0.011661185164981457,0.5438335435153475
1779791039.9255095,10.0,10.0,7.45135371706519,0.3167998658581269,0.15107847839173827,0.6450249771845264,0.04982634471285405,-0.011661185164981457,0.5430272349431491
1779791039.9354382,10.0,10.0,7.4165449885058,0.31645699495362045,0.15169832434018163,0.6461504778432794,0.04992477205990184,-0.011661185164981457,0.5422192485463673
1779791039.9454284,10.0,10.0,7.331932731836314,0.3161005830904469,0.15231881197846397,0.6472722454551416,0.050030054393634116,-0.011661185164981457,0.5414099921585427
1779791039.9554274,10.0,10.0,7.225822075597595,0.3157260659728293,0.15293308094907573,0.6483815171050319,0.05014354799718054,-0.011661185164981457,0.5405903287411886
1779791039.9654107,10.0,10.0,7.128838864061615,0.3153396718531869,0.15353822959544958,0.6494677667444942,0.050260873679914386,-0.011661185164981457,0.5397911415578492
1779791039.975413,10.0,10.0,7.071176182111182,0.31494143242740297,0.15414830321817274,0.6505516532028282,0.050393744070345386,-0.011661185164981457,0.5389359187896798
1779791039.9854228,10.0,10.0,7.076090478893559,0.31455504391964795,0.1547668942930271,0.6516090125265874,0.05052960610004012,-0.011661185164981457,0.5381080133369026
1779791039.9955084,10.0,10.0,7.1417119354946905,0.3141759931052523,0.15539463502320583,0.6526551499382282,0.05066899308272252,-0.011661185164981457,0.5373005822897587
1779791040.0054688,10.0,10.0,7.268972363689776,0.31379238642798574,0.15602674724119422,0.6536803160519926,0.050815822791716675,-0.011661185164981457,0.5364898336074299
1779791040.0154123,10.0,10.0,7.423976380615708,0.313418202188609,0.15666327765074498,0.6546969364812053,0.05096850721638327,-0.011661185164981457,0.535684553306762
1779791040.025381,10.0,10.0,7.582551570754573,0.3130491922061331,0.15730044979148436,0.655730984496429,0.051131201193624215,-0.011661185164981457,0.5348636867653445
1779791040.0354254,10.0,10.0,7.648874260394548,0.3126674819356058,0.15793322858782774,0.6567605138622574,0.05129450695355528,-0.011661185164981457,0.5340738229358689
1779791040.0454135,10.0,10.0,7.630466065387457,0.31228654594912336,0.15855734300263585,0.6577693922189582,0.051464961001375514,-0.011661185164981457,0.5332817341090222
1779791040.055461,10.0,10.0,7.585928639927496,0.3119064681792635,0.15917245333355595,0.6587507665599587,0.051464961001375514,-0.011661185164981457,0.5332817341090222
1779791040.0654316,10.0,10.0,7.543530583417019,0.3115516653046744,0.15978049848520182,0.6597075154407204,0.05165877603106955,-0.011661185164981457,0.532416827534109
1779791040.075378,10.0,10.0,7.538900292241514,0.3112132669096483,0.16036771135897745,0.6606432827075663,0.05185205511331728,-0.011661185164981457,0.5315881166722695
1779791040.0854278,10.0,10.0,7.554751784358671,0.31089340445258923,0.16095407557714436,0.6615469325488585,0.05205607187736769,-0.011661185164981457,0.5307461183252831
1779791040.0954142,10.0,10.0,7.6096131742086754,0.3105997110500517,0.16152548093270555,0.6623927724680503,0.05225778355909197,-0.011661185164981457,0.5299434033385688
1779791040.1054645,10.0,10.0,7.7431666420232315,0.31032746340460526,0.1620797526558607,0.6631707675434634,0.052461181617208086,-0.011661185164981457,0.5291611071312987
1779791040.1154556,10.0,10.0,7.878198439472944,0.31006221334057854,0.16260943791689758,0.6638951512724237,0.052673645710024336,-0.011661185164981457,0.5283704111285937
1779791040.1253965,10.0,10.0,8.010800059355416,0.30982069933876655,0.1631044475918577,0.6645382929196433,0.05289432210292308,-0.011661185164981457,0.5275752896635196
1779791040.1354008,10.0,10.0,8.152561734078974,0.30960310233356064,0.16356039286863555,0.6651147756592289,0.053119355390663175,-0.011661185164981457,0.5267895682857083
1779791040.1454275,10.0,10.0,8.272624297900597,0.3094051965667492,0.16398678207691034,0.6656194973353545,0.053349408919332736,-0.011661185164981457,0.5260103637709693
1779791040.1555054,10.0,10.0,8.361572338901313,0.3092292740933181,0.1643941949061791,0.6660582601396248,0.053584184640973725,-0.011661185164981457,0.525238243034858
1779791040.1655242,10.0,10.0,8.392306080568634,0.3090708896963971,0.16478681719940153,0.6664397439312509,0.0538413250116864,-0.011661185164981457,0.5244172253049989
1779791040.175399,10.0,10.0,8.364006998131716,0.3089402849462023,0.1651450995351402,0.6667449496184076,0.054100229636350916,-0.011661185164981457,0.5236146103756663
1779791040.1854303,10.0,10.0,8.341120193944784,0.3088468803833758,0.16544779952696634,0.6669610062222697,0.05435408916258186,-0.011661185164981457,0.5228492989387753
1779791040.1954958,10.0,10.0,8.336263186767937,0.3087767879400528,0.16570498369818848,0.6670930123145655,0.05462008908026522,-0.011661185164981457,0.5220687467057292
1779791040.2054985,10.0,10.0,8.322442380005342,0.3087277813290731,0.16591700366875717,0.6671318422322963,0.05489237587146553,-0.011661185164981457,0.5212908112746226
1779791040.215414,10.0,10.0,8.29749988203417,0.30869535475812176,0.16609890127441218,0.6671004461912478,0.055175435370489384,-0.011661185164981457,0.520503141237027
1779791040.2254047,10.0,10.0,8.26393565094293,0.30867849982183226,0.16626341319671245,0.6669964042538584,0.05545532462265432,-0.011661185164981457,0.5197439841210917
1779791040.2354243,10.0,10.0,8.222672691549853,0.3086662393172563,0.16641246072857166,0.6668543048420672,0.05575415828220462,-0.011661185164981457,0.5189536439740849
1779791040.2454345,10.0,10.0,8.181530156437956,0.3086561984109427,0.16654727151067913,0.6666900114649659,0.05575415828220462,-0.011661185164981457,0.5189536439740849
1779791040.2554603,10.0,10.0,8.153922834375443,0.3086413819748311,0.16668685165140126,0.6665175592557944,0.05604522807403922,-0.011661185164981457,0.5182026301266205
1779791040.2654557,10.0,10.0,8.14087064257054,0.3086294208935736,0.1668343035913228,0.6663311384151961,0.056345485626189434,-0.011661185164981457,0.5174461454150507
1779791040.2754152,10.0,10.0,8.137668887687184,0.3086093045389709,0.16698051656636967,0.6661485056981106,0.05665490786963587,-0.011661185164981457,0.5166847900202799
1779791040.2854571,10.0,10.0,8.104949305397117,0.30857890641190805,0.16711410115200767,0.6659708489211403,0.05696993997554531,-0.011661185164981457,0.5159275161317026
1779791040.2954466,10.0,10.0,8.04270494191421,0.3085447975778831,0.1672346115886526,0.6658057546977453,0.057288488697959966,-0.011661185164981457,0.5151790860760703
1779791040.3054366,10.0,10.0,7.957996062777149,0.30849531065273905,0.1673607155342954,0.6656464095248055,0.05761106222712478,-0.011661185164981457,0.514437935404972
1779791040.3154185,10.0,10.0,7.845401667126563,0.3084347496080837,0.16749214651463118,0.6654960895205743,0.05794039285361449,-0.011661185164981457,0.5136976888272349
1779791040.3253999,10.0,10.0,7.737014321924835,0.30836452908947143,0.16761159843168844,0.6653639381530086,0.058278493252103714,-0.011661185164981457,0.5129540787874385
1779791040.3354,10.0,10.0,7.647434456167836,0.3082829435271746,0.16772790868148452,0.6652555769498785,0.05862019489313827,-0.011661185164981457,0.5122184985269531
1779791040.345481,10.0,10.0,7.567500725812064,0.30819241998410835,0.16785621776764748,0.6651753360132849,0.058979218533322414,-0.011661185164981457,0.511462011054806
1779791040.3553972,10.0,10.0,7.4935424114803,0.3080969708978028,0.16799910454699088,0.6651351016498076,0.059329624562426325,-0.011661185164981457,0.5107390535513957
1779791040.3654177,10.0,10.0,7.409528268998419,0.3079886298009482,0.16817685896163412,0.6651391629941741,0.05970487733769472,-0.011661185164981457,0.5099808287473728
1779791040.3754258,10.0,10.0,7.3205215419644185,0.307873109284519,0.16838513257144433,0.6651946414741354,0.06007267824115095,-0.011661185164981457,0.5092529356042943
1779791040.3854446,10.0,10.0,7.258198284192593,0.3077601104343913,0.16861614021202784,0.665299448251977,0.06045070630090979,-0.011661185164981457,0.5085198036964879
1779791040.3954084,10.0,10.0,7.2227252937198365,0.30764739273621244,0.16887617878657102,0.6654569468819005,0.0608263984724747,-0.011661185164981457,0.5078055696655349
1779791040.4055235,10.0,10.0,7.213140661341436,0.30752249087344335,0.16917565705250834,0.665687138859853,0.06120947692168724,-0.011661185164981457,0.5070913726239958
1779791040.4154143,10.0,10.0,7.20767086629963,0.30739782870874327,0.1695128311999685,0.6659840163019873,0.06161266237253357,-0.011661185164981457,0.5063543563255316
1779791040.4254243,10.0,10.0,7.230541292531973,0.307272740936823,0.1698846983586999,0.6663487537811118,0.062012124316748685,-0.011661185164981457,0.5056383263177064
1779791040.4354188,10.0,10.0,7.285373950960784,0.3071522076952082,0.17027002438269764,0.6667550853316818,0.06241501702516225,-0.011661185164981457,0.504929822532577
1779791040.4455116,10.0,10.0,7.355876581302896,0.3070255816862701,0.17066790263776027,0.6672032287590616,0.0628259468122507,-0.011661185164981457,0.5042207354701885
1779791040.4554672,10.0,10.0,7.417706888233083,0.30689525640508264,0.1710706322098563,0.6676746557246236,0.06324361364327544,-0.011661185164981457,0.5035134637543521
1779791040.4654012,10.0,10.0,7.488890082995297,0.3067651459823201,0.17148585785058829,0.6681597509273834,0.06366643208211478,-0.011661185164981457,0.5028107065378198
1779791040.4754426,10.0,10.0,7.571059320938066,0.3066366929624998,0.1718979519857833,0.6686508769750457,0.06366643208211478,-0.011661185164981457,0.5028107065378198
1779791040.4854205,10.0,10.0,7.656369596303227,0.3065072528453736,0.1723192070253882,0.6691396324655977,0.0641126242737175,-0.011661185164981457,0.5020829577281549
1779791040.4954004,10.0,10.0,7.745402894070288,0.3063814037099826,0.1727332893056268,0.6696095636370816,0.06455056078888227,-0.011661185164981457,0.5013819587457525
1779791040.5054038,10.0,10.0,7.847537374500291,0.30626442273279897,0.17311932854340922,0.6700406233550188,0.06498928708630372,-0.011661185164981457,0.5006923745121459
1779791040.5154188,10.0,10.0,7.950040407465713,0.3061528230656897,0.17349683221641413,0.670430888690535,0.0654276358461249,-0.011661185164981457,0.5000155787709853
1779791040.525435,10.0,10.0,8.035559030384425,0.30605016264413787,0.17385567396994442,0.6707874321627951,0.06589643582035534,-0.011661185164981457,0.49930475111142586
1779791040.5354304,10.0,10.0,8.094886031127517,0.305961076976842,0.17418658116321536,0.6711026533598443,0.06638254056785067,-0.011661185164981457,0.4985813233940772
1779791040.5453935,10.0,10.0,8.137967940854212,0.3058867963826332,0.17449593942896607,0.6713711568254394,0.06685823203076993,-0.011661185164981457,0.49788633210084166
1779791040.5554047,10.0,10.0,8.166378315303819,0.30582528635940864,0.17478249215058891,0.6715795257312495,0.06731863924346823,-0.011661185164981457,0.49722541952069055
1779791040.5653963,10.0,10.0,8.208054363322704,0.30577615554419796,0.175050370261767,0.671728375353874,0.06780807722202473,-0.011661185164981457,0.49653506014480253
1779791040.5754776,10.0,10.0,8.230191625468393,0.3057406615508203,0.17528721115564738,0.6718150366031285,0.06829144837818671,-0.011661185164981457,0.4958652004991959
1779791040.5854251,10.0,10.0,8.242936968615918,0.30572387566204845,0.17549803740679204,0.6718287922351566,0.06877477677108676,-0.011661185164981457,0.49520686404328035
1779791040.595412,10.0,10.0,8.251264886168919,0.3057227960533698,0.17569162281262227,0.6717758236383963,0.06926451148380497,-0.011661185164981457,0.4945511084406187
1779791040.6054156,10.0,10.0,8.255816015230215,0.30573361728862186,0.1758688062775578,0.6716620307252417,0.06977462631165324,-0.011661185164981457,0.49387977043689546
1779791040.6154475,10.0,10.0,8.242904894739704,0.3057587511797516,0.17603692248813263,0.671501920830596,0.07026864548593101,-0.011661185164981457,0.4932406368582309
1779791040.6254451,10.0,10.0,8.19850908349806,0.30579427206529525,0.17620139961084053,0.6713179288930811,0.07077298407434943,-0.011661185164981457,0.4925989883172132
1779791040.6354654,10.0,10.0,8.129466592076906,0.3058466976383832,0.17636442710535613,0.6711098486197685,0.07128379328744969,-0.011661185164981457,0.4919599253895249
1779791040.6454139,10.0,10.0,8.074081886407381,0.30592255133637075,0.17651650296517213,0.6708922545465112,0.07180637401121964,-0.011661185164981457,0.49131705963711303
1779791040.6554232,10.0,10.0,8.030975574768398,0.3060087835961164,0.17667966616924954,0.6706755026191529,0.07233064732041236,-0.011661185164981457,0.49068288194732856
1779791040.6654265,10.0,10.0,7.969098119746303,0.3061032431147104,0.17685296513962037,0.6704620772043209,0.07286955088020661,-0.011661185164981457,0.49004191702033434
1779791040.6754212,10.0,10.0,7.913391506668612,0.3062116622607427,0.17703020766328423,0.6702589678739913,0.07286955088020661,-0.011661185164981457,0.49004191702033434
1779791040.6854916,10.0,10.0,7.882369414013508,0.3063282133769021,0.17722570470692256,0.6700604491472251,0.0733919677608664,-0.011661185164981457,0.4894308138923407
1779791040.695492,10.0,10.0,7.875971811951236,0.3064538166393024,0.1774404958016393,0.6698591633849279,0.07393213204264512,-0.011661185164981457,0.48880926250550827
1779791040.705527,10.0,10.0,7.871206233006813,0.3065781374181453,0.17766844677886362,0.6696555577060985,0.0744718101321564,-0.011661185164981457,0.48819845045147914
1779791040.7154434,10.0,10.0,7.869773748095693,0.3066997301183925,0.17789761466958082,0.6694608572394127,0.07501302994924966,-0.011661185164981457,0.4875958330683783
1779791040.7254322,10.0,10.0,7.866465325373644,0.30682129695770116,0.1781215493131766,0.6692721164623788,0.07558868867166588,-0.011661185164981457,0.486965496615426
1779791040.7354002,10.0,10.0,7.882552177856232,0.30694786462415813,0.17833026620076173,0.6690742229674298,0.07615806191067473,-0.011661185164981457,0.4863525272826817
1779791040.7454026,10.0,10.0,7.896789060753579,0.30706419741739394,0.17853185800919374,0.6688681836552038,0.07671674866232545,-0.011661185164981457,0.48576092840457136
1779791040.7554545,10.0,10.0,7.877701120693246,0.307183099780573,0.1787198727803394,0.6686604740689893,0.07728927243440695,-0.011661185164981457,0.4851645531810116
1779791040.765436,10.0,10.0,7.835417273147801,0.30730571928413053,0.17889110413862844,0.6684608217134692,0.0778578443717142,-0.011661185164981457,0.4845819380247464
1779791040.775472,10.0,10.0,7.769125339228725,0.3074185786630666,0.17907718640970893,0.668263470084604,0.07843435371478127,-0.011661185164981457,0.4840007575794908
1779791040.7854345,10.0,10.0,7.67804442212013,0.3075299916273209,0.1792666544218094,0.6680626435578685,0.0790071859525294,-0.011661185164981457,0.48343259470986094
1779791040.795463,10.0,10.0,7.602561261034991,0.30764022963988363,0.1794642029252593,0.6678713762604879,0.07959801529514607,-0.011661185164981457,0.48285607077453147
1779791040.8053977,10.0,10.0,7.550529081002078,0.307747653494327,0.17967821132887915,0.6676985142527437,0.08021039853298509,-0.011661185164981457,0.48226844141633507
1779791040.8154545,10.0,10.0,7.513783409075018,0.30785604629113206,0.17991191157219763,0.6675399469080462,0.08082108401849294,-0.011661185164981457,0.48169226381006963
1779791040.825496,10.0,10.0,7.492184906248555,0.3079539915294209,0.18017713672322716,0.6674073413134056,0.08142174736389587,-0.011661185164981457,0.48113488708465635
1779791040.8354125,10.0,10.0,7.48378774741163,0.3080489976693145,0.18046049474503367,0.6672919566455063,0.0820483040034041,-0.011661185164981457,0.4805631315717347
1779791040.8453813,10.0,10.0,7.515575218891646,0.30812035746987054,0.18076670708493803,0.6671978263040016,0.08266001599082415,-0.011661185164981457,0.48001421356534896
1779791040.8554134,10.0,10.0,7.556879342053574,0.3081764746205516,0.18106848166167225,0.6671261594945722,0.08328151939354644,-0.011661185164981457,0.47946570217578266
1779791040.86542,10.0,10.0,7.597295513517768,0.30822426072999104,0.18135876129240447,0.6670875850037122,0.08390107204847067,-0.011661185164981457,0.47892793578738513
1779791040.8754127,10.0,10.0,7.603198168266873,0.30825088313963184,0.18162559263182154,0.6670749933806572,0.08452622930365711,-0.011661185164981457,0.47839424263491426
1779791040.8854234,10.0,10.0,7.57167020672203,0.3082662402988458,0.18187147928499925,0.667075787399522,0.08452622930365711,-0.011661185164981457,0.47839424263491426
1779791040.8954167,10.0,10.0,7.5082263124311615,0.30826454736660547,0.18211620316301683,0.6670808483160905,0.08514558500675765,-0.011661185164981457,0.47787417251374764
1779791040.905427,10.0,10.0,7.4082324592350695,0.3082368826066558,0.1823686277021033,0.6670928771423322,0.08577495567375157,-0.011661185164981457,0.47735435337728016
1779791040.9154568,10.0,10.0,7.286054342855184,0.30817332910576056,0.1826155033652432,0.6671179250940467,0.0864149996733179,-0.011661185164981457,0.47683449274027034
1779791040.9254506,10.0,10.0,7.14907870549894,0.308031702427053,0.1828673098449339,0.6671460546699938,0.0870475359155514,-0.011661185164981457,0.4763292514728092
1779791040.9354763,10.0,10.0,6.982939533546508,0.3077728489627459,0.18312182328546028,0.6671712647296189,0.08769089545072303,-0.011661185164981457,0.475823886247179
1779791040.9453876,10.0,10.0,6.7525414300540385,0.30738658157132187,0.18338120817944426,0.6672122331909291,0.08832819984221696,-0.011661185164981457,0.4753315895482373
1779791040.9554346,10.0,10.0,6.457053482278267,0.30687533740416867,0.1836386730739765,0.6672863869797636,0.08897738235776392,-0.011661185164981457,0.47483846422846243
1779791040.9654415,10.0,10.0,6.1354962747786725,0.3062349530563362,0.18390524238783912,0.6673840030644757,0.08964008883884253,-0.011661185164981457,0.47434359489844385
1779791040.9754674,10.0,10.0,5.78026188430077,0.30546325948259556,0.18420582567328195,0.6675138971270725,0.09029190489308472,-0.011661185164981457,0.4738651110415425
1779791040.985419,10.0,10.0,5.386800755952205,0.30458722512123887,0.18454044345042875,0.6677106147932929,0.09097506636834327,-0.011661185164981457,0.47337224349888796
1779791040.9954443,10.0,10.0,4.9574678220351664,0.30358859470373073,0.18489940346311606,0.6679980667368388,0.09163423839335405,-0.011661185164981457,0.47290490524674056
1779791041.0054114,10.0,10.0,4.503094271017752,0.302491810969204,0.18530465619364578,0.668364497069411,0.09231493294250315,-0.011661185164981457,0.4724306352102307
1779791041.0154278,10.0,10.0,4.045752156204086,0.3013109124050359,0.18578084173610765,0.6688322227200747,0.09299948526838464,-0.011661185164981457,0.47196206490141795
1779791041.0253727,10.0,10.0,3.545951754208734,0.3000474303841309,0.18634048706004777,0.6694498797139719,0.09370018937604105,-0.011661185164981457,0.4714910021795018
1779791041.035385,10.0,10.0,3.0790765142047216,0.2987333735229967,0.18695913405607026,0.670189929478306,0.09437238237120824,-0.011661185164981457,0.4710471136502027
1779791041.0454013,10.0,10.0,2.682953487891794,0.29735711035120643,0.18763255284206237,0.6710352388413379,0.09506763732977622,-0.011661185164981457,0.4705961108722172
1779791041.0554402,10.0,10.0,2.3953409305625195,0.29592915987941315,0.18837442913440908,0.67197793125443,0.09574570975510516,-0.011661185164981457,0.4701640778423811
1779791041.0654352,10.0,10.0,2.200983723299136,0.2944448468872812,0.1891964716007547,0.6730064586564608,0.09647071440480959,-0.011661185164981457,0.4697105539949106
1779791041.0754294,10.0,10.0,2.095335796366044,0.2929065427320599,0.19009007283869547,0.6741353426310853,0.09720324840566666,-0.011661185164981457,0.46926101147401456
1779791041.0854201,10.0,10.0,2.0337428470339507,0.2912879874966568,0.19105723431843022,0.6754000417956909,0.0978925624298746,-0.011661185164981457,0.46884584803876933
1779791041.0954316,10.0,10.0,1.9029611208272657,0.28955264543648007,0.19215198260694832,0.6767831290602345,0.0978925624298746,-0.011661185164981457,0.46884584803876933
1779791041.1054025,10.0,10.0,1.6431003803387467,0.2877139188896851,0.19333570749618875,0.6782946382710776,0.09862284384730649,-0.011661185164981457,0.4684141952441683
1779791041.115414,10.0,10.0,1.3729400617056848,0.28580566429629367,0.1945709975766804,0.6799389478529277,0.09936136251020802,-0.011661185164981457,0.46798611157683695
1779791041.1254354,10.0,10.0,1.190901305864026,0.28382328669092544,0.19586346475619798,0.6816593032630526,0.10008438520340562,-0.011661185164981457,0.4675751104239248
1779791041.135396,10.0,10.0,1.1651294483604233,0.2817897889863919,0.19720979620659246,0.6833913098143286,0.10081954257252973,-0.011661185164981457,0.46716531138374895
1779791041.1454167,10.0,10.0,1.2931805969376473,0.279654054039248,0.1986110487698173,0.6852004362545164,0.10153945330677866,-0.011661185164981457,0.4667718171371661
1779791041.155402,10.0,10.0,1.3172268520631631,0.27741159402803106,0.20010356889483374,0.6871360170432814,0.10225430186674983,-0.011661185164981457,0.46638862995647096
1779791041.1653848,10.0,10.0,1.1758156498001977,0.27507610208902644,0.2016700424636096,0.6892147403732133,0.10301315328303179,-0.011661185164981457,0.4659899680956423
1779791041.1754472,10.0,10.0,0.9873713494369734,0.2726717193954939,0.20331219968316014,0.6913567157797271,0.10372930439135847,-0.011661185164981457,0.4656213027239952
1779791041.1854029,10.0,10.0,0.899957502681049,0.2702121064684736,0.20500957569204817,0.693488135449063,0.10449001149501264,-0.011661185164981457,0.4652376416544082
1779791041.1955502,10.0,10.0,1.0203507250386956,0.2676877226846448,0.20674347385840314,0.6956748105276412,0.10521660892803858,-0.011661185164981457,0.46487872797075275
1779791041.2054648,10.0,10.0,1.0738588432272151,0.2650500229432335,0.20854428931304878,0.6979596379257729,0.1059640939970545,-0.011661185164981457,0.4645170944998167
1779791041.2155075,10.0,10.0,0.9404127012931884,0.262284097966859,0.2104128410557648,0.7003542376883117,0.10669975911207111,-0.011661185164981457,0.4641686145245389
1779791041.2254515,10.0,10.0,0.8205511919100072,0.2594316724604461,0.21230547124774365,0.7027291486024562,0.10743233265346566,-0.011661185164981457,0.4638288436759711
1779791041.2354412,10.0,10.0,0.8588472414166423,0.2565450710614391,0.2142170360258338,0.7050473642910049,0.1081787853345797,-0.011661185164981457,0.4634899880578625
1779791041.2453997,10.0,10.0,1.0370681886908382,0.25356032479954715,0.2162080428512565,0.7074893360383909,0.10891652921273545,-0.011661185164981457,0.46316229775183987
1779791041.255425,10.0,10.0,0.9572214766043934,0.2504606417242891,0.21827406463467958,0.710052691322175,0.1096793836617038,-0.011661185164981457,0.4628309117617081
1779791041.2654448,10.0,10.0,0.8768165715094182,0.2472640480869926,0.2203684983922496,0.7126261625002983,0.11042642775653438,-0.011661185164981457,0.46251366461759996
1779791041.275447,10.0,10.0,0.828556240240728,0.24401525570261384,0.22246363900144983,0.715122370771137,0.11119255424318908,-0.011661185164981457,0.46219570835958845
1779791041.2854433,10.0,10.0,0.9245761790091008,0.24067749978407085,0.22465233763756126,0.717714410556125,0.11194766293413397,-0.011661185164981457,0.4618895774870096
1779791041.2954147,10.0,10.0,0.8363916251786565,0.23722943026233978,0.2269239305992302,0.7204329304052909,0.11194766293413397,-0.011661185164981457,0.4618895774870096
1779791041.3054338,10.0,10.0,0.8283219481062539,0.23373839751864206,0.22916910103528138,0.7231049610572234,0.11274152143167682,-0.011661185164981457,0.46157542271523433
1779791041.3154576,10.0,10.0,0.8623247903181751,0.23018789216296914,0.23141455866348964,0.7257205710513811,0.11351152230507688,-0.011661185164981457,0.4612781617131172
1779791041.3254464,10.0,10.0,0.9495580973819667,0.22650646331965035,0.2337532347928283,0.728429559542054,0.1143035719638123,-0.011661185164981457,0.46097997151130676
1779791041.3354342,10.0,10.0,0.8159253681212976,0.22270138887148141,0.23614516468219718,0.731163176350167,0.11509430210874039,-0.011661185164981457,0.4606898764532652
1779791041.3454084,10.0,10.0,0.7878439727102942,0.21887793049595688,0.23850671101457116,0.7337626131324201,0.11589609464640041,-0.011661185164981457,0.46040340313779804
1779791041.3553948,10.0,10.0,0.9888037696051499,0.21494737337584266,0.24094275437403392,0.7364616199572519,0.11666645756535376,-0.011661185164981457,0.46013537907772084
1779791041.3654172,10.0,10.0,0.9303845336294755,0.2108519788551046,0.24348692764704413,0.7392636447220343,0.11746039982725873,-0.011661185164981457,0.4598664906117663
1779791041.3754342,10.0,10.0,0.9994579522080362,0.20668811260158784,0.2460220504198233,0.7419541301208638,0.11822499476694615,-0.011661185164981457,0.45961452489469734
1779791041.3854153,10.0,10.0,0.9391250931118099,0.20247362433512892,0.24855471326832854,0.7446048178316188,0.1190275222694406,-0.011661185164981457,0.45935736907487773
1779791041.3953953,10.0,10.0,0.9328732024546336,0.19811297424044558,0.251178911576386,0.747372707547854,0.1198193900003649,-0.011661185164981457,0.4591109096620445
1779791041.405439,10.0,10.0,0.8656560831528367,0.1937045363123721,0.25378450192563645,0.7500775827985454,0.12060478537898628,-0.011661185164981457,0.45887355304552335
1779791041.415443,10.0,10.0,0.8967229409075818,0.18930969056506522,0.25634462387171486,0.752736682624459,0.12138989273668807,-0.011661185164981457,0.4586432864224649
1779791041.4254482,10.0,10.0,1.060353385747291,0.18482871664888353,0.2589740949636457,0.7554886461940709,0.12218065644549028,-0.011661185164981457,0.458418387446435
1779791041.435423,10.0,10.0,0.9148952179138974,0.18022530447420737,0.26167016077874194,0.7581777209606326,0.12299781965049839,-0.011661185164981457,0.45819333693911224
1779791041.4454637,10.0,10.0,0.824600045694378,0.1755249368984358,0.2643674250685453,0.7608044715645387,0.12382385224474637,-0.011661185164981457,0.45797339076475213
1779791041.455435,10.0,10.0,0.7421338023848417,0.17070190440171076,0.26710497677505485,0.763522604908239,0.12461596348575535,-0.011661185164981457,0.4577695558324321
1779791041.4653933,10.0,10.0,0.7353607792594835,0.1657894940403063,0.2698370415475519,0.7661449224158848,0.12540881420876007,-0.011661185164981457,0.45757242664129216
1779791041.475419,10.0,10.0,0.6872807832750413,0.16080986965437943,0.272562057994694,0.7686811889781321,0.12620444987155513,-0.011661185164981457,0.45738149849051024
1779791041.4854486,10.0,10.0,0.6590910726613104,0.15576749470744436,0.27535497838011047,0.7713075649755682,0.12620444987155513,-0.011661185164981457,0.45738149849051024
1779791041.495482,10.0,10.0,0.573517618943377,0.15070566934210378,0.2780918377892517,0.773836998630551,0.12700399849258304,-0.011661185164981457,0.45719654705485085
1779791041.5054479,10.0,10.0,0.6992462756048502,0.14553463324139276,0.28081236326600656,0.7763365011354255,0.12783610269341544,-0.011661185164981457,0.45701138441711614
1779791041.5153937,10.0,10.0,0.684780336125641,0.1402025904687922,0.28367774757707964,0.7789081489617601,0.1286268786990322,-0.011661185164981457,0.45684229876866583
1779791041.5254004,10.0,10.0,0.6706903098569464,0.13485946754213596,0.2865019098343951,0.7813056242106862,0.12944927972497697,-0.011661185164981457,0.45667352592765326
1779791041.5354302,10.0,10.0,0.7081442417427108,0.12939809596723173,0.2893225775329815,0.7837367534282003,0.1302658758114131,-0.011661185164981457,0.4565130455928604
1779791041.545469,10.0,10.0,0.7247603194126048,0.12380400598604667,0.29222737297983475,0.7862161701661812,0.13109347774457653,-0.011661185164981457,0.45635758653544833
1779791041.5554514,10.0,10.0,0.7346340354245359,0.1182575296132859,0.29500558923063597,0.7885447420163351,0.13189033634777683,-0.011661185164981457,0.4562147048407096
1779791041.5654955,10.0,10.0,0.8030675338697272,0.11261816497005273,0.2977989286216959,0.7909549850852189,0.13269244237456895,-0.011661185164981457,0.4560775922869562
1779791041.5754068,10.0,10.0,0.720449270095831,0.10692939341073052,0.3006098148825411,0.7933462031326448,0.1334876946544596,-0.011661185164981457,0.4559482697952476
1779791041.585409,10.0,10.0,0.6968733138216958,0.10121001518323848,0.3033456138329183,0.7956472876187294,0.13432238088459816,-0.011661185164981457,0.45581959464618604
1779791041.595447,10.0,10.0,0.6859533667465545,0.09533177522796199,0.3061643349040288,0.798037334474463,0.13513692118345935,-0.011661185164981457,0.45570096981825897
1779791041.6053944,10.0,10.0,0.6959205175999676,0.08947828692369454,0.3089355218971688,0.8002950007645573,0.1359451530597383,-0.011661185164981457,0.4555900195295929
1779791041.6154354,10.0,10.0,0.7018308438670419,0.08349393164287536,0.3116408331403006,0.8025779879227427,0.13675932927915732,-0.011661185164981457,0.4554850342695448
1779791041.625471,10.0,10.0,0.7294365780522343,0.077388162307258,0.31441667235612863,0.8049029254156447,0.13760812395557495,-0.011661185164981457,0.45538280796358194
1779791041.6354854,10.0,10.0,0.754305976002962,0.07137275674266662,0.3170499808378764,0.8070579901669213,0.1384434698163813,-0.011661185164981457,0.4552893785502963
1779791041.645482,10.0,10.0,0.7996839378205614,0.06520153597092952,0.3196963373582282,0.8093003131258305,0.13927613938297503,-0.011661185164981457,0.45520331408104886
1779791041.6554527,10.0,10.0,0.7562802153505558,0.05895675616349809,0.32236493720801623,0.8113998513658436,0.140107943039462,-0.011661185164981457,0.45512436411402646
1779791041.665476,10.0,10.0,0.698269879232774,0.052659927366277226,0.32498925546357854,0.8134342892581663,0.14094656021725838,-0.011661185164981457,0.4550518583596289
1779791041.6754043,10.0,10.0,0.658792411189468,0.046209719706885824,0.32762938028096034,0.8155297025047474,0.14094656021725838,-0.011661185164981457,0.4550518583596289
1779791041.6854072,10.0,10.0,0.6786780063362511,0.03977381498758147,0.33016136149232006,0.8174398987518183,0.1417533166369887,-0.011661185164981457,0.454988812032996
1779791041.695404,10.0,10.0,0.5957444930634949,0.033184502796955694,0.3326619054899183,0.8194148580714805,0.1425865316232617,-0.011661185164981457,0.4549305865688838
1779791041.70541,10.0,10.0,0.6895365945893324,0.026559024159760494,0.3351540839395849,0.8213095187154466,0.14339760151714642,-0.011661185164981457,0.454880620179923
1779791041.7154818,10.0,10.0,0.6880757967693073,0.019983651186112467,0.33752132557520825,0.8230585414178446,0.1442524518121807,-0.011661185164981457,0.4548351125616158
1779791041.7254295,10.0,10.0,0.7294794838434547,0.013225079723924341,0.3398791483403967,0.8248973063315924,0.14507596766804642,-0.011661185164981457,0.4547982089023808
1779791041.7354996,10.0,10.0,0.663172879318792,0.0065068886360863335,0.3422030973536491,0.8265473408802306,0.14590526674554585,-0.011661185164981457,0.4547679165970666
1779791041.7455153,10.0,10.0,0.6666520945357943,-0.0003522897105031374,0.34448449358931804,0.828167172621586,0.14674901376756652,-0.011661185164981457,0.45474416587141553
1779791041.7553961,10.0,10.0,0.6409134736980083,-0.007284839900982185,0.34676618484115523,0.8297830147597488,0.14757386091040386,-0.011661185164981457,0.4547278348975319
1779791041.7654378,10.0,10.0,0.6152211536022988,-0.014223403488952183,0.3489610427155799,0.8312688971104275,0.14839390312599854,-0.011661185164981457,0.45471834605334416
1779791041.7754104,10.0,10.0,0.602886544111443,-0.021351531961526338,0.35114098028513674,0.8327809349760044,0.14920124558846706,-0.011661185164981457,0.45471557410881674
1779791041.7854242,10.0,10.0,0.5806766493057889,-0.02833835177244466,0.3532883345851788,0.8341786350492141,0.1500551550452607,-0.011661185164981457,0.45471973520242936
1779791041.7954228,10.0,10.0,0.7353572388445031,-0.03538664122363883,0.3553194916714867,0.8355459945166138,0.150858533775958,-0.011661185164981457,0.454730308129285
1779791041.8054159,10.0,10.0,0.7260648429485236,-0.04251463278907797,0.3573636668198952,0.8369103021556898,0.15167248568086908,-0.011661185164981457,0.45474760538568804
1779791041.8154352,10.0,10.0,0.7143549195452265,-0.04963092236862881,0.3593680168412625,0.8381035449947288,0.1524959297085726,-0.011661185164981457,0.45477185249406127
1779791041.8254032,10.0,10.0,0.760513172491997,-0.05697069566905892,0.36134358898145313,0.8393339726167705,0.15334554966661054,-0.011661185164981457,0.4548039899260601
1779791041.8353705,10.0,10.0,0.7154073107533017,-0.06420661329305218,0.36322905694311897,0.8405159618308156,0.15415043691846883,-0.011661185164981457,0.454841111459131
1779791041.845436,10.0,10.0,0.7221806484749619,-0.07153230911865417,0.3650457135996836,0.8416671385227992,0.154972119328374,-0.011661185164981457,0.45488571560982183
1779791041.8554528,10.0,10.0,0.6807760615571716,-0.07893913308314864,0.36692275335093194,0.8428076119849554,0.1558326101239174,-0.011661185164981457,0.45493970127360445
1779791041.8654706,10.0,10.0,0.6623819180794688,-0.08625571593589942,0.3687159616313994,0.8438221975189304,0.1558326101239174,-0.011661185164981457,0.45493970127360445
1779791041.8753998,10.0,10.0,0.7929767336998027,-0.09367464408091662,0.3704228126564065,0.8448754957383683,0.1566556926954211,-0.011661185164981457,0.4549983153630926
1779791041.885401,10.0,10.0,0.709109465604589,-0.1010226082045663,0.37211985295323885,0.8458372396820787,0.15750374191141733,-0.011661185164981457,0.45506585412410777
1779791041.8954036,10.0,10.0,0.8031959428146879,-0.10851014708172299,0.37375240000709253,0.8466994795572039,0.1583080070111287,-0.011661185164981457,0.45513662059630067
1779791041.9054272,10.0,10.0,0.7605870156441658,-0.11612985194976432,0.37534399092936066,0.8475830361169162,0.15915109926447088,-0.011661185164981457,0.45521783664446236
1779791041.9154458,10.0,10.0,0.7155540136017542,-0.12362219418328724,0.3768206828686257,0.8483807157500303,0.1599811084169291,-0.011661185164981457,0.45530484155418954
1779791041.9254138,10.0,10.0,0.7322149032431623,-0.13127282532115578,0.3782588490985834,0.849210780530945,0.16079536607964737,-0.011661185164981457,0.4553970093731545
1779791041.9353998,10.0,10.0,0.6619091223106346,-0.13884298546325444,0.3797318803025467,0.8499629123041967,0.16163724726536863,-0.011661185164981457,0.4554994201760198
1779791041.9454908,10.0,10.0,0.6847536382340936,-0.14643339601286648,0.38111504536692287,0.8506518157789213,0.16243716904692737,-0.011661185164981457,0.4556034500267945
1779791041.9554284,10.0,10.0,0.6669356343298632,-0.15411541341381557,0.3824670616902309,0.8513434228207356,0.1632804452234268,-0.011661185164981457,0.4557202348930678
