t_sec,T_des_target_N,T_des_active_N,T_meas_N,ee_x_m,ee_y_m,ee_z_m,ee_des_x_m,ee_des_y_m,ee_des_z_m
1779788817.718583,10.0,0.020000473999999997,0.0009505218052179719,0.24815062907802635,-0.011793621422542179,0.5541380428038702,0.2481489220380859,-0.011795191568203087,0.554135978924569
1779788817.7285304,10.0,0.040000205999999996,0.010092313636222542,0.24815331662952608,-0.011786729119504263,0.5541391198859802,0.2481489220380859,-0.011795191568203087,0.554135978924569
1779788817.738544,10.0,0.06000228199999999,0.02914172399975544,0.24816051894295102,-0.011777883797657476,0.5541398397835365,0.2481489220380859,-0.011795191568203087,0.554135978924569
1779788817.7485442,10.0,0.07999952999999997,0.04099063638529514,0.2481665500457986,-0.011760292969709873,0.5541383820464211,0.2481489220380859,-0.011795191568203087,0.554135978924569
1779788817.7585373,10.0,0.10000252799999997,0.06331822695416034,0.24817537423507163,-0.011747452625815918,0.5541375668241239,0.2481489220380859,-0.011795191568203087,0.554135978924569
1779788817.768574,10.0,0.12001195799999997,0.08358376632964147,0.24818297532769443,-0.011733377649177848,0.5541375222899495,0.2481489220380859,-0.011795191568203087,0.554135978924569
1779788817.7785268,10.0,0.14000427799999998,0.10541692178018798,0.24819427480794992,-0.011717440387537506,0.554137604107357,0.2481489220380859,-0.011795191568203087,0.554135978924569
1779788817.788536,10.0,0.160005432,0.12921564381943984,0.24820677093356389,-0.011696422483703374,0.5541379326659523,0.2481489220380859,-0.011795191568203087,0.554135978924569
1779788817.798547,10.0,0.180003442,0.14995285168153558,0.24821585163983928,-0.011677039560708315,0.5541349330577634,0.2481489220380859,-0.011795191568203087,0.554135978924569
1779788817.8085616,10.0,0.20000411399999998,0.16908763854397024,0.24822449040738154,-0.011660973932316139,0.5541308356430711,0.2481489220380859,-0.011795191568203087,0.554135978924569
1779788817.8185332,10.0,0.220002986,0.18423345991852338,0.24823208097966523,-0.011649464006579385,0.5541250404778814,0.2481489220380859,-0.011795191568203087,0.554135978924569
1779788817.82854,10.0,0.2400051820000001,0.189944204629303,0.2482400184913973,-0.011637140478125649,0.5541202532779593,0.2481489220380859,-0.011795191568203087,0.554135978924569
1779788817.8385231,10.0,0.26000327200000006,0.1845697270314983,0.24824626245352044,-0.011623054185616466,0.5541153580098811,0.2481489220380859,-0.011795191568203087,0.554135978924569
1779788817.848557,10.0,0.2799940080000001,0.17309765340838318,0.2482509571730358,-0.011612010314324203,0.5541121264726219,0.2481489220380859,-0.011795191568203087,0.554135978924569
1779788817.8585253,10.0,0.2999996900000001,0.16922321979246785,0.24825536447249824,-0.011603198130815966,0.5541069748652685,0.2481489220380859,-0.011795191568203087,0.554135978924569
1779788817.868556,10.0,0.3200022680000002,0.1682963501564461,0.24825898679258943,-0.011594632737933359,0.5541040749258421,0.2481489220380859,-0.011795191568203087,0.554135978924569
1779788817.8785307,10.0,0.33999915600000014,0.16160595897136892,0.24826276249002935,-0.011582768868709077,0.5540994179668303,0.2481489220380859,-0.011795191568203087,0.554135978924569
1779788817.8885462,10.0,0.36000291600000006,0.15135690218420444,0.2482658066325281,-0.01157687653015852,0.5540972856451274,0.2481489220380859,-0.011795191568203087,0.554135978924569
1779788817.89857,10.0,0.3801653300000001,0.13919960667236264,0.24827000659629395,-0.011570907653643,0.5540929058482132,0.2481489220380859,-0.011795191568203087,0.554135978924569
1779788817.9085202,10.0,0.40000191999999996,0.13065556525570626,0.2482726976700383,-0.011564579456286148,0.5540919010926836,0.2481489220380859,-0.011795191568203087,0.554135978924569
1779788817.9185534,10.0,0.419999988,0.12589419489231723,0.24827546675159234,-0.01156193988803117,0.5540893323827424,0.2481489220380859,-0.011795191568203087,0.554135978924569
1779788817.928592,10.0,0.44000439,0.12323802319146701,0.24827804996896116,-0.011556805870662238,0.5540878649554356,0.2481489220380859,-0.011795191568203087,0.554135978924569
1779788817.9385152,10.0,0.4600032400000001,0.1210915012675566,0.24827885594595514,-0.011554984847997597,0.5540865094079098,0.2481489220380859,-0.011795191568203087,0.554135978924569
1779788817.948528,10.0,0.4800042940000001,0.12092019162703117,0.24828039162189236,-0.011550749834987932,0.5540853966939855,0.2481489220380859,-0.011795191568203087,0.554135978924569
1779788817.9585207,10.0,0.49999941800000014,0.1228063220278068,0.2482821517177336,-0.01154847829200197,0.5540837549104675,0.2481489220380859,-0.011795191568203087,0.554135978924569
1779788817.9685411,10.0,0.5199996520000002,0.12155820916007208,0.24828155281854833,-0.011546207008854455,0.5540848598525729,0.2481489220380859,-0.011795191568203087,0.554135978924569
1779788817.9785426,10.0,0.5399917100000002,0.11828654315530487,0.2482837255825988,-0.011544832158239537,0.5540845115961011,0.2481489220380859,-0.011795191568203087,0.554135978924569
1779788817.988498,10.0,0.5600050880000003,0.11134243395570174,0.24828383382166114,-0.011542015569878232,0.5540835340311846,0.2481489220380859,-0.011795191568203087,0.554135978924569
1779788817.998516,10.0,0.5800057820000003,0.10953515394553762,0.24828404869553414,-0.01154103317813849,0.554082413212995,0.2481489220380859,-0.011795191568203087,0.554135978924569
1779788818.0085762,10.0,0.6000035920000003,0.1116273626771558,0.24828501833501984,-0.011542226035863157,0.5540835386077291,0.2481489220380859,-0.011795191568203087,0.554135978924569
1779788818.0185428,10.0,0.6200029040000004,0.10872399146444199,0.24828481612896272,-0.011541236549126291,0.5540847271703994,0.2481489220380859,-0.011795191568203087,0.554135978924569
1779788818.028518,10.0,0.6400035000000004,0.10446953908445293,0.24828517416197243,-0.01153819087053897,0.5540842206700657,0.2481489220380859,-0.011795191568203087,0.554135978924569
1779788818.0385182,10.0,0.6600043960000004,0.10332280659779769,0.24828500417337185,-0.011537827359636687,0.5540828009051573,0.2481489220380859,-0.011795191568203087,0.554135978924569
1779788818.0485787,10.0,0.6800011620000003,0.09429060919859099,0.2482854249981171,-0.011536672799266918,0.5540835806383186,0.2481489220380859,-0.011795191568203087,0.554135978924569
1779788818.058554,10.0,0.7001013440000003,0.0884743497269905,0.24828608556210413,-0.011537170419061205,0.554083475555255,0.2481489220380859,-0.011795191568203087,0.554135978924569
1779788818.0685322,10.0,0.7200000100000004,0.08635325655998899,0.24828666775724612,-0.011537775515198266,0.5540835931747841,0.2481489220380859,-0.011795191568203087,0.554135978924569
1779788818.078511,10.0,0.7400044320000004,0.09169058856979319,0.24828615200920381,-0.011535447577231435,0.5540820906356959,0.2481489220380859,-0.011795191568203087,0.554135978924569
1779788818.0885391,10.0,0.7599992760000006,0.09504191214217557,0.2482864155830858,-0.011535229477580474,0.554082720261599,0.2481489220380859,-0.011795191568203087,0.554135978924569
1779788818.0985208,10.0,0.7800059020000008,0.09897690256526408,0.24828750599693372,-0.011534112179570696,0.5540830775186029,0.2481489220380859,-0.011795191568203087,0.554135978924569
1779788818.1085815,10.0,0.8000057960000011,0.10040793963475995,0.248286910287305,-0.011534873318899954,0.5540827384173075,0.2481489220380859,-0.011795191568203087,0.554135978924569
1779788818.1186004,10.0,0.819991384000001,0.10356714610716095,0.24828762050040223,-0.011534872435203753,0.554083036102546,0.2481489220380859,-0.011795191568203087,0.554135978924569
1779788818.1285164,10.0,0.840005544000001,0.10999838207848028,0.24828650369191496,-0.011534795869009778,0.554084278213564,0.2481489220380859,-0.011795191568203087,0.554135978924569
1779788818.1385076,10.0,0.860003534000001,0.10783091611217803,0.2482869600114662,-0.01153299364332395,0.5540825788997071,0.2481489220380859,-0.011795191568203087,0.554135978924569
1779788818.1485188,10.0,0.8799998220000007,0.10782355939054855,0.24828602485052267,-0.011532706264953905,0.5540839793027494,0.2481489220380859,-0.011795191568203087,0.554135978924569
1779788818.158547,10.0,0.8999998140000007,0.10588721318229007,0.24828748006350712,-0.011531577735988414,0.554083486217376,0.2481489220380859,-0.011795191568203087,0.554135978924569
1779788818.168538,10.0,0.920000670000001,0.10671042842009844,0.24828723730956903,-0.011531489888954083,0.5540831384860675,0.2481489220380859,-0.011795191568203087,0.554135978924569
1779788818.1785214,10.0,0.9399995820000013,0.1081666261976493,0.24828728624066007,-0.011531976777104247,0.5540825241028972,0.2481489220380859,-0.011795191568203087,0.554135978924569
1779788818.1885147,10.0,0.9601765860000016,0.11592256285115274,0.24828785786241386,-0.011531185619520408,0.5540813863801055,0.2481489220380859,-0.011795191568203087,0.554135978924569
1779788818.1985214,10.0,0.9800011140000016,0.1221956725855932,0.24828772067878327,-0.011533488884933442,0.5540841828575278,0.2481489220380859,-0.011795191568203087,0.554135978924569
1779788818.2085812,10.0,1.0000007660000014,0.1265323178875611,0.24828754140645432,-0.011530868498311517,0.5540822265650946,0.2481489220380859,-0.011795191568203087,0.554135978924569
1779788818.218584,10.0,1.0202160420000015,0.13115715281804827,0.248287116550225,-0.011530812613868655,0.5540832306111779,0.2481489220380859,-0.011795191568203087,0.554135978924569
1779788818.2285094,10.0,1.0400054840000015,0.13267100724845382,0.24828716564158654,-0.011529319931445278,0.5540833217685365,0.2481489220380859,-0.011795191568203087,0.554135978924569
1779788818.2385216,10.0,1.0600052180000015,0.12872257437425952,0.24828672651742195,-0.011529697450345678,0.5540834705260584,0.2481489220380859,-0.011795191568203087,0.554135978924569
1779788818.2485065,10.0,1.0800045100000013,0.12851624946494955,0.24828672380082104,-0.011530331160125848,0.5540852491936193,0.2481489220380859,-0.011795191568203087,0.554135978924569
1779788818.2585154,10.0,1.1000044240000013,0.12814593580856515,0.24828654893260468,-0.011528349499721239,0.5540840024309172,0.2481489220380859,-0.011795191568203087,0.554135978924569
1779788818.2685354,10.0,1.1200011720000014,0.1290168630873078,0.24828684739609802,-0.011528983391628805,0.554084410756905,0.2481489220380859,-0.011795191568203087,0.554135978924569
1779788818.2785368,10.0,1.1399995620000014,0.13956538901817697,0.24828689546072646,-0.011529095747584567,0.5540834111192537,0.2481489220380859,-0.011795191568203087,0.554135978924569
1779788818.288522,10.0,1.1600027620000015,0.15120077353147526,0.2482867249999559,-0.011529147013295089,0.5540829942959349,0.2481489220380859,-0.011795191568203087,0.554135978924569
1779788818.298512,10.0,1.1800111720000017,0.16444212168363123,0.24828593178590963,-0.011529112433662793,0.5540831993361012,0.2481489220380859,-0.011795191568203087,0.554135978924569
1779788818.3085275,10.0,1.2000011280000014,0.1750299875936939,0.24828633643775738,-0.011527259536953856,0.5540860019472457,0.2481489220380859,-0.011795191568203087,0.554135978924569
1779788818.3185606,10.0,1.2200396540000011,0.17695410659197275,0.24828635965406876,-0.011527108075756567,0.5540844754267177,0.2481489220380859,-0.011795191568203087,0.554135978924569
1779788818.3284981,10.0,1.2400006540000015,0.17907945912767953,0.248286880978937,-0.011528016294882044,0.5540834982753569,0.2481489220380859,-0.011795191568203087,0.554135978924569
1779788818.33851,10.0,1.2599994460000015,0.17995332046915202,0.2482864325816545,-0.011528852087733646,0.5540864221056673,0.2481489220380859,-0.011795191568203087,0.554135978924569
1779788818.3485248,10.0,1.2799996220000014,0.18846431966577396,0.2482848243132651,-0.011528586984688366,0.5540860692830214,0.2481489220380859,-0.011795191568203087,0.554135978924569
1779788818.3585026,10.0,1.2999996560000013,0.19228957533361468,0.24828490281452897,-0.01152806337185247,0.5540857891159875,0.2481489220380859,-0.011795191568203087,0.554135978924569
1779788818.3685088,10.0,1.3200023140000012,0.19485417748557549,0.24828309523971753,-0.011526535759426533,0.5540879431348461,0.2481489220380859,-0.011795191568203087,0.554135978924569
1779788818.378526,10.0,1.339999904000001,0.1896761078014553,0.24828431006046206,-0.0115265410566001,0.5540872478021565,0.2481489220380859,-0.011795191568203087,0.554135978924569
1779788818.3886354,10.0,1.3600036840000007,0.19111863708515067,0.24828401494510327,-0.011524575132799284,0.5540872501573253,0.2481489220380859,-0.011795191568203087,0.554135978924569
1779788818.3985176,10.0,1.380005042000001,0.20577180419674496,0.24828296297939095,-0.011526364974436642,0.5540880742565136,0.2481489220380859,-0.011795191568203087,0.554135978924569
1779788818.4085064,10.0,1.4000041340000011,0.21662542165698573,0.24828186517654896,-0.011523298914147844,0.5540891235178625,0.2481489220380859,-0.011795191568203087,0.554135978924569
1779788818.4185152,10.0,1.4200023440000011,0.22753522811850732,0.2482801400548331,-0.011521344874392186,0.5540910982254801,0.2481489220380859,-0.011795191568203087,0.554135978924569
1779788818.4285064,10.0,1.4400041420000016,0.23712750615328054,0.24827995174565495,-0.01152012475503621,0.5540899670237669,0.2481489220380859,-0.011795191568203087,0.554135978924569
1779788818.4385211,10.0,1.4600057180000017,0.24617352221802133,0.24827956697610942,-0.011520973733941654,0.5540907669184956,0.2481489220380859,-0.011795191568203087,0.554135978924569
1779788818.448499,10.0,1.4800057720000017,0.24555962185014774,0.2482797566582318,-0.011521038233438221,0.5540908964861717,0.2481489220380859,-0.011795191568203087,0.554135978924569
1779788818.4584997,10.0,1.5000020400000018,0.24553772508856733,0.2482790016822388,-0.011521106360457622,0.5540920792202763,0.2481489220380859,-0.011795191568203087,0.554135978924569
1779788818.4685082,10.0,1.5200057820000021,0.2501540675389369,0.2482771837610294,-0.01151823814312065,0.5540947012694489,0.2481489220380859,-0.011795191568203087,0.554135978924569
1779788818.4785125,10.0,1.540005694000002,0.26091039391749726,0.24827752051930924,-0.011517620971575994,0.5540943527267593,0.2481489220380859,-0.011795191568203087,0.554135978924569
1779788818.4885278,10.0,1.5600000180000018,0.2761666739500598,0.24827616414821296,-0.011517413583076975,0.5540942857827595,0.2481489220380859,-0.011795191568203087,0.554135978924569
1779788818.4984956,10.0,1.5800068040000017,0.2886386034334926,0.24827507554916803,-0.011517728181711399,0.554096312643086,0.2481489220380859,-0.011795191568203087,0.554135978924569
1779788818.508515,10.0,1.6000052960000017,0.2997387019893247,0.24827464860331447,-0.011517367955100296,0.554097329276147,0.2481489220380859,-0.011795191568203087,0.554135978924569
1779788818.518516,10.0,1.620001704000002,0.3080431925706802,0.24827492956099947,-0.01151679729604275,0.5540967813071216,0.2481489220380859,-0.011795191568203087,0.554135978924569
1779788818.5285056,10.0,1.640001798000002,0.31398138817873616,0.2482740603282779,-0.011515956711014103,0.5540977726913825,0.2481489220380859,-0.011795191568203087,0.554135978924569
1779788818.5385098,10.0,1.659993456000002,0.3208136374826452,0.24827421313828035,-0.011513933944284502,0.5540990510765689,0.2481489220380859,-0.011795191568203087,0.554135978924569
1779788818.5485332,10.0,1.6799991600000022,0.3198166479254659,0.24827346707258457,-0.011514667705794596,0.5541017691730818,0.2481489220380859,-0.011795191568203087,0.554135978924569
1779788818.5585728,10.0,1.7000030820000023,0.32131456663847774,0.24827082927276845,-0.0115118844097546,0.5541015036233284,0.2481489220380859,-0.011795191568203087,0.554135978924569
1779788818.568524,10.0,1.7200047600000024,0.33307104982389835,0.2482695741690828,-0.011509440804443926,0.5541018648812509,0.2481489220380859,-0.011795191568203087,0.554135978924569
1779788818.5785108,10.0,1.7400054140000023,0.3448209949386358,0.24826729735728623,-0.011507728118164527,0.5541051279427257,0.2481489220380859,-0.011795191568203087,0.554135978924569
1779788818.588505,10.0,1.7600035440000021,0.35140234120208774,0.24826565345427803,-0.011507243128179759,0.5541060718628951,0.2481489220380859,-0.011795191568203087,0.554135978924569
1779788818.5985322,10.0,1.7800012540000023,0.35417751562068417,0.24826245766771182,-0.011503467691513374,0.5541089130205986,0.2481489220380859,-0.011795191568203087,0.554135978924569
1779788818.6085267,10.0,1.799999546000002,0.3559576207394489,0.24826209718603248,-0.011503428921844637,0.5541127452883001,0.2481489220380859,-0.011795191568203087,0.554135978924569
1779788818.6185315,10.0,1.820000100000002,0.3673554005766638,0.24825805142017898,-0.011500629185219356,0.5541146306130009,0.2481489220380859,-0.011795191568203087,0.554135978924569
1779788818.62852,10.0,1.8399994940000017,0.3798925196521734,0.24825577448035918,-0.0114967845653237,0.5541166738311244,0.2481489220380859,-0.011795191568203087,0.554135978924569
1779788818.6385605,10.0,1.8600020920000016,0.38850560092367453,0.2482540361642702,-0.01149424279125239,0.5541199052244963,0.2481489220380859,-0.011795191568203087,0.554135978924569
1779788818.6484888,10.0,1.8799998020000017,0.3980995441922607,0.2482506134967747,-0.011492092518086822,0.5541253161419362,0.2481489220380859,-0.011795191568203087,0.554135978924569
1779788818.6584995,10.0,1.9000011980000018,0.40297162352462623,0.24824827623810564,-0.011488132714872102,0.5541259288696493,0.2481489220380859,-0.011795191568203087,0.554135978924569
1779788818.6684928,10.0,1.9200001300000018,0.40894155413561706,0.24824479816105172,-0.01148674978647781,0.5541291806679792,0.2481489220380859,-0.011795191568203087,0.554135978924569
1779788818.6785533,10.0,1.9399992040000016,0.41466770390830376,0.24824280766352635,-0.01148582604508462,0.554131871992505,0.2481489220380859,-0.011795191568203087,0.554135978924569
1779788818.6885688,10.0,1.9600001180000022,0.424200117818803,0.24824006049730718,-0.011481455502266221,0.5541358864924792,0.2481489220380859,-0.011795191568203087,0.554135978924569
1779788818.6985102,10.0,1.9800027380000018,0.441163576175009,0.24823629425097735,-0.011477279036928658,0.5541393366545923,0.2481489220380859,-0.011795191568203087,0.554135978924569
1779788818.7084982,10.0,2.000007360000002,0.455531899055816,0.24823382195142332,-0.011474982342809878,0.5541428541546102,0.2481489220380859,-0.011795191568203087,0.554135978924569
1779788818.7185242,10.0,2.020002326000002,0.47169466994228826,0.24822950874094463,-0.011470184522905791,0.5541464812179674,0.2481489220380859,-0.011795191568203087,0.554135978924569
1779788818.7285316,10.0,2.0399996540000016,0.48982158186676256,0.24822699889062896,-0.011469612046196174,0.5541493549107339,0.2481489220380859,-0.011795191568203087,0.554135978924569
1779788818.7385504,10.0,2.0600001080000014,0.5000158589293728,0.24822369950548673,-0.01146611700454511,0.5541535832712109,0.2481489220380859,-0.011795191568203087,0.554135978924569
1779788818.748588,10.0,2.079999482000001,0.508593659866673,0.24822213784131233,-0.01146294711473456,0.5541568700999004,0.2481489220380859,-0.011795191568203087,0.554135978924569
1779788818.758577,10.0,2.100002282000001,0.5116253797700632,0.24821846246216345,-0.011460611319763891,0.5541591889060996,0.2481489220380859,-0.011795191568203087,0.554135978924569
1779788818.7684963,10.0,2.1200026560000014,0.5163187704244081,0.24821362295980948,-0.011456170981234037,0.5541647021451622,0.2481489220380859,-0.011795191568203087,0.554135978924569
1779788818.778513,10.0,2.140004934000001,0.5212022495484366,0.2482082152568181,-0.011450357065902821,0.5541718231866488,0.2481489220380859,-0.011795191568203087,0.554135978924569
1779788818.7884707,10.0,2.160003184000001,0.5334247806644479,0.2482030909307703,-0.011446247862727585,0.5541781065821086,0.2481489220380859,-0.011795191568203087,0.554135978924569
1779788818.7985852,10.0,2.1800018160000008,0.5455682933958952,0.2481981736859578,-0.0114412591499656,0.5541816372380316,0.2481489220380859,-0.011795191568203087,0.554135978924569
1779788818.808529,10.0,2.2000041540000006,0.5696345471485164,0.24819285629696064,-0.01143617784393308,0.5541886643030133,0.2481489220380859,-0.011795191568203087,0.554135978924569
1779788818.8186066,10.0,2.2199994400000005,0.5872048028560293,0.24818931884271167,-0.011431719069193125,0.5541924487526706,0.2481489220380859,-0.011795191568203087,0.554135978924569
1779788818.828541,10.0,2.2400026400000006,0.598487528690527,0.24818579005409644,-0.01142685849790677,0.5541967157141766,0.2481489220380859,-0.011795191568203087,0.554135978924569
1779788818.838556,10.0,2.260006260000001,0.6047802639662427,0.2481816592678694,-0.011424089585896677,0.5542018711041395,0.2481489220380859,-0.011795191568203087,0.554135978924569
1779788818.8485675,10.0,2.280005994000001,0.6108308963546077,0.24817531324540182,-0.011416924662701847,0.5542096806978943,0.2481489220380859,-0.011795191568203087,0.554135978924569
1779788818.8585043,10.0,2.300000958000001,0.6196000501705959,0.24816808464163667,-0.011410201781995106,0.5542153159207434,0.2481489220380859,-0.011795191568203087,0.554135978924569
1779788818.868487,10.0,2.3199997900000007,0.6292766352991385,0.24816199364634622,-0.011405363742341343,0.5542254507804527,0.2481489220380859,-0.011795191568203087,0.554135978924569
1779788818.8785717,10.0,2.3400004660000002,0.6325373659065584,0.24815444988577368,-0.011398473584414056,0.5542345421598246,0.2481489220380859,-0.011795191568203087,0.554135978924569
1779788818.888491,10.0,2.360001462,0.6361668498251941,0.24814643300470124,-0.011389463830023998,0.5542435177012276,0.2481489220380859,-0.011795191568203087,0.554135978924569
1779788818.898519,10.0,2.3800003939999996,0.6526483695617155,0.24813856481041613,-0.011381884939455689,0.5542535281973193,0.2481489220380859,-0.011795191568203087,0.554135978924569
1779788818.9084902,10.0,2.400000528,0.668530749402798,0.24813061802824554,-0.011375092292073083,0.5542609973185372,0.2481489220380859,-0.011795191568203087,0.554135978924569
1779788818.9185085,10.0,2.4200008619999998,0.6917868861607271,0.24812161899990093,-0.011365612342904651,0.5542708761220212,0.2481489220380859,-0.011795191568203087,0.554135978924569
1779788818.9285085,10.0,2.4399997739999995,0.711599620655635,0.24811366790393052,-0.01135626019386806,0.5542788234432309,0.2481489220380859,-0.011795191568203087,0.554135978924569
1779788818.9385831,10.0,2.4600006899999998,0.7231391153950567,0.24810550884336466,-0.011350415442037756,0.554289989569693,0.2481489220380859,-0.011795191568203087,0.554135978924569
1779788818.9485037,10.0,2.4800008439999996,0.7302013012961575,0.24809799454963022,-0.011343091660229832,0.5542977260714915,0.2481489220380859,-0.011795191568203087,0.554135978924569
1779788818.958578,10.0,2.500000618,0.7374959546166228,0.24808881907822322,-0.011335000261894951,0.5543072625795344,0.2481489220380859,-0.011795191568203087,0.554135978924569
1779788818.9684925,10.0,2.5199991500000003,0.7405307361574349,0.2480809908723705,-0.011326777099547531,0.554318076706104,0.2481489220380859,-0.011795191568203087,0.554135978924569
1779788818.9785364,10.0,2.5400055560000014,0.7508768435703905,0.24807159615270913,-0.011316128999611897,0.5543281665821128,0.2481489220380859,-0.011795191568203087,0.554135978924569
1779788818.98851,10.0,2.5600053700000003,0.7695095332387647,0.24806152340187082,-0.01130720295175546,0.5543386284580224,0.2481489220380859,-0.011795191568203087,0.554135978924569
1779788818.9984872,10.0,2.5800032800000006,0.7879162596167856,0.24805394372892955,-0.011298552144161606,0.5543498416449293,0.2481489220380859,-0.011795191568203087,0.554135978924569
1779788819.00851,10.0,2.600000348,0.8060127857625674,0.24804637653774253,-0.01129022971100795,0.5543557091339969,0.2481489220380859,-0.011795191568203087,0.554135978924569
1779788819.0185528,10.0,2.620003089999999,0.8233842684191203,0.2480392332075179,-0.011284688699121487,0.5543639069810979,0.2481489220380859,-0.011795191568203087,0.554135978924569
1779788819.028485,10.0,2.6400000799999996,0.8363466993791053,0.2480297747904188,-0.01127495342724936,0.5543734181054982,0.2481489220380859,-0.011795191568203087,0.554135978924569
1779788819.038531,10.0,2.6599991720000005,0.8342737443606909,0.24802147312200673,-0.011268728211048254,0.5543842796382007,0.2481489220380859,-0.011795191568203087,0.554135978924569
1779788819.0484807,10.0,2.680002194,0.8366586126677499,0.24801096093785166,-0.011258289208316716,0.5543968434006639,0.2481489220380859,-0.011795191568203087,0.554135978924569
1779788819.0584948,10.0,2.700006196,0.8436268151053201,0.24800033416966183,-0.011247520706682959,0.554406925709501,0.2481489220380859,-0.011795191568203087,0.554135978924569
1779788819.068555,10.0,2.720006852,0.8525159410739054,0.2479859623249308,-0.01123344175096583,0.5544203374810884,0.2481489220380859,-0.011795191568203087,0.554135978924569
1779788819.078526,10.0,2.740005124,0.8639243443344697,0.2479734326415572,-0.011220238975731406,0.5544333625836673,0.2481489220380859,-0.011795191568203087,0.554135978924569
1779788819.0884912,10.0,2.760005140000001,0.8889759352734437,0.2479588721001115,-0.011206189782076449,0.5544486584625223,0.2481489220380859,-0.011795191568203087,0.554135978924569
1779788819.0985248,10.0,2.7800333680000016,0.9234741498703118,0.24794738046379486,-0.011193662048812884,0.5544594176767258,0.2481489220380859,-0.011795191568203087,0.554135978924569
1779788819.108512,10.0,2.8000002020000023,0.9637309541066413,0.24793753788524073,-0.01118382187082932,0.5544692345147998,0.2481489220380859,-0.011795191568203087,0.554135978924569
1779788819.1185398,10.0,2.820007050000002,0.992762427618655,0.24793053510718652,-0.011177129060397617,0.5544766708630676,0.2481489220380859,-0.011795191568203087,0.554135978924569
1779788819.1284838,10.0,2.8400051600000014,1.0014880966084145,0.24792469922942983,-0.01117099804570421,0.5544809488542533,0.2481489220380859,-0.011795191568203087,0.554135978924569
1779788819.1384978,10.0,2.860004014000001,0.9994571214604343,0.24792041433519463,-0.011167321531340818,0.554487268583965,0.2481489220380859,-0.011795191568203087,0.554135978924569
1779788819.1484907,10.0,2.880004970000001,0.9855034785529989,0.24791264154617285,-0.011161681116821507,0.5544964194802108,0.2481489220380859,-0.011795191568203087,0.554135978924569
1779788819.1584573,10.0,2.900004184000002,0.9803109360232198,0.2479027390027316,-0.011152289363743486,0.5545074726754812,0.2481489220380859,-0.011795191568203087,0.554135978924569
1779788819.168541,10.0,2.920005782000001,0.9861602794479769,0.24789057075561932,-0.011140010838126439,0.554519778313262,0.2481489220380859,-0.011795191568203087,0.554135978924569
1779788819.178511,10.0,2.940005016000002,1.0075314182291648,0.24787645410213888,-0.01112580412259188,0.5545362992930626,0.2481489220380859,-0.011795191568203087,0.554135978924569
1779788819.188516,10.0,2.9600054520000025,1.0395903597557254,0.24786625476043816,-0.01111697289688156,0.5545508167492392,0.2481489220380859,-0.011795191568203087,0.554135978924569
1779788819.198611,10.0,2.9800020020000026,1.0792335440634646,0.24785587484193822,-0.011106298299758044,0.5545612679742964,0.2481489220380859,-0.011795191568203087,0.554135978924569
1779788819.208513,10.0,3.0000099320000033,1.1110606119919633,0.24784899854125453,-0.011098794557598237,0.5545704002645887,0.2481489220380859,-0.011795191568203087,0.554135978924569
1779788819.2185228,10.0,3.020004156000003,1.1224921677551967,0.2478438763606861,-0.011090751543675942,0.554575726968771,0.2481489220380859,-0.011795191568203087,0.554135978924569
1779788819.2285662,10.0,3.0400061760000026,1.1315231230593492,0.24783607375722652,-0.01108393271045969,0.5545820248552877,0.2481489220380859,-0.011795191568203087,0.554135978924569
1779788819.2384934,10.0,3.060004388000003,1.1249100586842058,0.24782894703741903,-0.011077385233682418,0.5545897915583653,0.2481489220380859,-0.011795191568203087,0.554135978924569
1779788819.248562,10.0,3.0800031400000027,1.113560833190277,0.24781819326780202,-0.011070684498782148,0.5546031093987479,0.2481489220380859,-0.011795191568203087,0.554135978924569
1779788819.2584736,10.0,3.0999995280000023,1.1057191729324194,0.24780332209211736,-0.011057306776904035,0.5546197775118595,0.2481489220380859,-0.011795191568203087,0.554135978924569
1779788819.2685194,10.0,3.1200019480000023,1.1117950951817914,0.2477854098918527,-0.011042382217138522,0.5546437066001735,0.2481489220380859,-0.011795191568203087,0.554135978924569
1779788819.278499,10.0,3.1400024840000027,1.12046910339842,0.24776856339037867,-0.011026894878678284,0.5546735893319836,0.2481489220380859,-0.011795191568203087,0.554135978924569
1779788819.288474,10.0,3.1599995340000033,1.138276084353332,0.24775003306729876,-0.011010328259458965,0.554715070741678,0.2481489220380859,-0.011795191568203087,0.554135978924569
1779788819.2984965,10.0,3.180005700000004,1.1638667249125496,0.24773166897709212,-0.010995403126816917,0.5547502480052421,0.2481489220380859,-0.011795191568203087,0.554135978924569
1779788819.3084788,10.0,3.200005756000005,1.1978491749138906,0.24771288550579162,-0.010978978962917373,0.5547798079371702,0.2481489220380859,-0.011795191568203087,0.554135978924569
1779788819.3184917,10.0,3.220006052000005,1.2431917022884826,0.24769495172853398,-0.010962254314603589,0.554801344243697,0.2481489220380859,-0.011795191568203087,0.554135978924569
1779788819.3284924,10.0,3.240003382000005,1.286113057781369,0.2476802951001422,-0.010947681939497259,0.5548144195782024,0.2481489220380859,-0.011795191568203087,0.554135978924569
1779788819.338484,10.0,3.260006262000006,1.3110753821831274,0.2476693240587757,-0.010937861509130821,0.5548302635939014,0.2481489220380859,-0.011795191568203087,0.554135978924569
1779788819.348494,10.0,3.2800049560000053,1.3166143904841003,0.2476602019913068,-0.01092824621698444,0.5548393227180691,0.2481489220380859,-0.011795191568203087,0.554135978924569
1779788819.3584955,10.0,3.3000048100000057,1.3058211517023712,0.24765116439660437,-0.010921626931139653,0.5548502751663307,0.2481489220380859,-0.011795191568203087,0.554135978924569
1779788819.3685267,10.0,3.3200068900000064,1.2844315072302182,0.24764275631537236,-0.010914032295410917,0.5548605293203883,0.2481489220380859,-0.011795191568203087,0.554135978924569
1779788819.3785255,10.0,3.340005002000006,1.2715484815196738,0.2476314439835582,-0.010901983037849134,0.5548732297232478,0.2481489220380859,-0.011795191568203087,0.554135978924569
1779788819.388484,10.0,3.3600058980000065,1.2602143424436327,0.24761338777786518,-0.010884123930221085,0.5548947450050168,0.2481489220380859,-0.011795191568203087,0.554135978924569
1779788819.3985114,10.0,3.380005132000007,1.2635352911457678,0.2475939564620981,-0.0108661803949666,0.5549253846809004,0.2481489220380859,-0.011795191568203087,0.554135978924569
1779788819.408473,10.0,3.4000046860000066,1.286551335385743,0.24757126134556895,-0.010846648732835631,0.5549631333476002,0.2481489220380859,-0.011795191568203087,0.554135978924569
1779788819.4184854,10.0,3.420005884000006,1.3310954056133735,0.24754934289090275,-0.010827589114364058,0.5550076660111641,0.2481489220380859,-0.011795191568203087,0.554135978924569
1779788819.4284775,10.0,3.440006160000007,1.3888311142668541,0.24752747718064677,-0.010810036013065464,0.5550466201358026,0.2481489220380859,-0.011795191568203087,0.554135978924569
1779788819.4384794,10.0,3.460004372000007,1.4408564387075726,0.24750900819861812,-0.010795987960529723,0.5550785994548775,0.2481489220380859,-0.011795191568203087,0.554135978924569
1779788819.4484951,10.0,3.480005288000007,1.4907382727556477,0.24749243896533465,-0.010782601970819091,0.5550983503876317,0.2481489220380859,-0.011795191568203087,0.554135978924569
1779788819.4584768,10.0,3.5000050640000073,1.5281825504064566,0.2474811039620171,-0.010771150792870986,0.5551105274902717,0.2481489220380859,-0.011795191568203087,0.554135978924569
1779788819.4684744,10.0,3.520005500000008,1.5475189369584945,0.24747503117203928,-0.010763077461665209,0.55511582111662,0.2481489220380859,-0.011795191568203087,0.554135978924569
1779788819.4785461,10.0,3.540005756000009,1.5409082355205452,0.24746765266906665,-0.010757885521255174,0.5551251374444104,0.2481489220380859,-0.011795191568203087,0.554135978924569
1779788819.4884717,10.0,3.5600049880000095,1.5070788776687163,0.24746269787579162,-0.010756116677744095,0.5551309724829843,0.2481489220380859,-0.011795191568203087,0.554135978924569
1779788819.4985712,10.0,3.58000636600001,1.4662382872956021,0.24745697946493123,-0.010749251433402038,0.555136781230084,0.2481489220380859,-0.011795191568203087,0.554135978924569
1779788819.508497,10.0,3.600006162000009,1.4323070743970483,0.24744913930652024,-0.010742710127675623,0.5551467522725027,0.2481489220380859,-0.011795191568203087,0.554135978924569
1779788819.5184832,10.0,3.6200057560000087,1.4127700804137353,0.24743869140868824,-0.010733023902220055,0.5551601158446411,0.2481489220380859,-0.011795191568203087,0.554135978924569
1779788819.5284534,10.0,3.640005170000009,1.4083775585164442,0.24742497203431693,-0.010716005965341927,0.5551802580405759,0.2481489220380859,-0.011795191568203087,0.554135978924569
1779788819.538497,10.0,3.66000606800001,1.4180576711317536,0.24740475580215068,-0.01069733817663516,0.5552134946045343,0.2481489220380859,-0.011795191568203087,0.554135978924569
1779788819.5484695,10.0,3.6800062020000106,1.4574335052049008,0.24737511628527387,-0.010671329750595962,0.5552553024403835,0.2481489220380859,-0.011795191568203087,0.554135978924569
1779788819.5584884,10.0,3.7000055960000107,1.5151877173369799,0.24734740279951878,-0.010647356529057465,0.5553039934820733,0.2481489220380859,-0.011795191568203087,0.554135978924569
1779788819.5685394,10.0,3.7200057320000113,1.5907805804040838,0.24732192082728913,-0.010628375052246956,0.5553548687567402,0.2481489220380859,-0.011795191568203087,0.554135978924569
1779788819.5785446,10.0,3.740001078000012,1.6640257959709113,0.24729904116202747,-0.010613806924630495,0.5553988966919052,0.2481489220380859,-0.011795191568203087,0.554135978924569
1779788819.5885158,10.0,3.7600064440000125,1.7085742321302624,0.2472761926644429,-0.010600636063801343,0.5554382109602987,0.2481489220380859,-0.011795191568203087,0.554135978924569
1779788819.598533,10.0,3.780007320000012,1.735350194202792,0.24725564085783952,-0.010584119222905431,0.5554689469053409,0.2481489220380859,-0.011795191568203087,0.554135978924569
1779788819.6085012,10.0,3.800006214000012,1.7548447365483404,0.24724130140453032,-0.010570257805081789,0.5554854840828464,0.2481489220380859,-0.011795191568203087,0.554135978924569
1779788819.6184793,10.0,3.8200067500000126,1.7438001278117605,0.24722934767271879,-0.01055966601922029,0.5554967286697493,0.2481489220380859,-0.011795191568203087,0.554135978924569
1779788819.628475,10.0,3.8400060440000123,1.6949393225449187,0.2472178309797287,-0.010547540135495432,0.5555083254629359,0.2481489220380859,-0.011795191568203087,0.554135978924569
1779788819.638446,10.0,3.860005438000012,1.6384650245968666,0.24720731441265947,-0.010535591453962368,0.5555175595183812,0.2481489220380859,-0.011795191568203087,0.554135978924569
1779788819.6484737,10.0,3.880006296000013,1.6041801633644734,0.24719674595579533,-0.01052223806482806,0.5555273601073554,0.2481489220380859,-0.011795191568203087,0.554135978924569
1779788819.6585166,10.0,3.9000028640000126,1.5918575945520395,0.24718453944087243,-0.010509197210916808,0.555540723651303,0.2481489220380859,-0.011795191568203087,0.554135978924569
1779788819.6684682,10.0,3.9199996740000125,1.5916602161921274,0.24716388111366377,-0.010488977230936886,0.5555635240294003,0.2481489220380859,-0.011795191568203087,0.554135978924569
1779788819.6784847,10.0,3.9400050780000133,1.6030658397025643,0.24714063949806578,-0.010464940828144005,0.5555969365281476,0.2481489220380859,-0.011795191568203087,0.554135978924569
1779788819.6885378,10.0,3.9600016880000135,1.640772066008572,0.24711215437932812,-0.010439808515522528,0.5556396527420439,0.2481489220380859,-0.011795191568203087,0.554135978924569
1779788819.6985242,10.0,3.9800002600000135,1.7053331832981895,0.24708248175334066,-0.010415690833082131,0.5556911351808989,0.2481489220380859,-0.011795191568203087,0.554135978924569
1779788819.7084866,10.0,4.000000376000013,1.7922412702009045,0.24705484685652107,-0.010395609388127863,0.5557434365785344,0.2481489220380859,-0.011795191568203087,0.554135978924569
1779788819.7184665,10.0,4.019999930000013,1.8649159325498486,0.24702979736905845,-0.010382705762149823,0.5557927279624251,0.2481489220380859,-0.011795191568203087,0.554135978924569
1779788819.7284951,10.0,4.0400054760000135,1.9155430759540157,0.2470093106148053,-0.010370645509813254,0.5558372486271448,0.2481489220380859,-0.011795191568203087,0.554135978924569
1779788819.7385235,10.0,4.060004810000014,1.9479901235210817,0.24699402195303977,-0.010361103712976195,0.5558740304603348,0.2481489220380859,-0.011795191568203087,0.554135978924569
1779788819.748461,10.0,4.080005466000014,1.9638786826432613,0.24697965228121363,-0.010350449560450468,0.5558961884201529,0.2481489220380859,-0.011795191568203087,0.554135978924569
1779788819.7585528,10.0,4.100002896000014,1.9503170207509752,0.24696871386251262,-0.010338522075864448,0.555908322912441,0.2481489220380859,-0.011795191568203087,0.554135978924569
1779788819.7685404,10.0,4.119999666000014,1.9121161521767034,0.24696121880922764,-0.01033028469724422,0.5559114273124969,0.2481489220380859,-0.011795191568203087,0.554135978924569
1779788819.7784746,10.0,4.140003548000014,1.8588713431122919,0.24695297504920588,-0.010321121036713983,0.5559218187565044,0.2481489220380859,-0.011795191568203087,0.554135978924569
1779788819.7884905,10.0,4.160006590000013,1.8100086499132533,0.24694696323724222,-0.010312755982172189,0.5559294413076832,0.2481489220380859,-0.011795191568203087,0.554135978924569
1779788819.798455,10.0,4.180005862000014,1.7924131544414077,0.24693850100326578,-0.01030157418000846,0.5559362712208774,0.2481489220380859,-0.011795191568203087,0.554135978924569
1779788819.8084633,10.0,4.200005758000014,1.7926757744854662,0.24692528345588577,-0.010288994481803615,0.5559521434414534,0.2481489220380859,-0.011795191568203087,0.554135978924569
1779788819.8184998,10.0,4.220003910000013,1.8006320784305792,0.2469075798965536,-0.010271564497219075,0.5559743909026302,0.2481489220380859,-0.011795191568203087,0.554135978924569
1779788819.8284698,10.0,4.240004346000013,1.8277320645577708,0.24688102568407308,-0.010248529802527592,0.5560131162267994,0.2481489220380859,-0.011795191568203087,0.554135978924569
1779788819.8384862,10.0,4.260005784000013,1.872304095976463,0.24685005662014067,-0.010224946216506355,0.5560649876701711,0.2481489220380859,-0.011795191568203087,0.554135978924569
1779788819.8484554,10.0,4.2800043360000135,1.9512720965785393,0.24682275502467108,-0.010203081967002463,0.5561235647006402,0.2481489220380859,-0.011795191568203087,0.554135978924569
1779788819.858448,10.0,4.300004932000015,2.037595125866551,0.2467980093968949,-0.010191143629911194,0.5561867182458654,0.2481489220380859,-0.011795191568203087,0.554135978924569
1779788819.868466,10.0,4.320005730000015,2.092273915895446,0.24677381271970716,-0.010182513380964738,0.5562518529484745,0.2481489220380859,-0.011795191568203087,0.554135978924569
1779788819.8784645,10.0,4.340006246000015,2.1169929488782184,0.24675418878980382,-0.010171886215708734,0.5563123212418783,0.2481489220380859,-0.011795191568203087,0.554135978924569
1779788819.8885143,10.0,4.360005440000015,2.130723407935867,0.24673735463620716,-0.010163334182743034,0.5563614946328093,0.2481489220380859,-0.011795191568203087,0.554135978924569
1779788819.8984694,10.0,4.380003712000015,2.1387034629135506,0.24671882152991156,-0.010150616989359209,0.5563932796893032,0.2481489220380859,-0.011795191568203087,0.554135978924569
1779788819.9085286,10.0,4.399999840000014,2.103020024298414,0.24669826000690495,-0.010134209888746647,0.5564279486233211,0.2481489220380859,-0.011795191568203087,0.554135978924569
1779788819.9185085,10.0,4.419999534000015,2.0553695366899394,0.246678011168057,-0.010117749315923094,0.5564629437675571,0.2481489220380859,-0.011795191568203087,0.554135978924569
1779788819.928452,10.0,4.440000150000014,2.0239431992787424,0.2466579323735598,-0.010100010315465119,0.5564981576768989,0.2481489220380859,-0.011795191568203087,0.554135978924569
1779788819.9384782,10.0,4.460006136000014,2.009172393590202,0.24663490462983206,-0.010074381428576305,0.5565381175761007,0.2481489220380859,-0.011795191568203087,0.554135978924569
1779788819.948525,10.0,4.480005290000014,2.008174238535832,0.2466009978766104,-0.01004660156441113,0.5565930186769621,0.2481489220380859,-0.011795191568203087,0.554135978924569
1779788819.9584444,10.0,4.500005406000013,2.024681914238602,0.24655588649898516,-0.010007814287861691,0.5566605873888993,0.2481489220380859,-0.011795191568203087,0.554135978924569
1779788819.968472,10.0,4.520005862000013,2.062163572180474,0.2465012357852105,-0.009959481855530364,0.5567468544377184,0.2481489220380859,-0.011795191568203087,0.554135978924569
1779788819.9785082,10.0,4.540007700000014,2.1205667031830413,0.2464440563776455,-0.009913017019694905,0.5568429846251277,0.2481489220380859,-0.011795191568203087,0.554135978924569
1779788819.98846,10.0,4.560005952000013,2.2079373079885585,0.2463923596735967,-0.009872889708584949,0.5569468952727096,0.2481489220380859,-0.011795191568203087,0.554135978924569
1779788819.9984443,10.0,4.580005688000013,2.2824531848720313,0.24633915031504702,-0.009837653403951051,0.5570541979462139,0.2481489220380859,-0.011795191568203087,0.554135978924569
1779788820.0084448,10.0,4.600002338000014,2.332205305442474,0.24629324488978954,-0.009808143051995124,0.5571626771891459,0.2481489220380859,-0.011795191568203087,0.554135978924569
1779788820.018479,10.0,4.619999608000013,2.3750943819892765,0.24624859087546552,-0.009778924548010751,0.5572639217016793,0.2481489220380859,-0.011795191568203087,0.554135978924569
1779788820.0284553,10.0,4.640000968000014,2.3911948159630114,0.24620476447868098,-0.009751117065450631,0.5573577104237787,0.2481489220380859,-0.011795191568203087,0.554135978924569
1779788820.038485,10.0,4.659999622000014,2.3881319336362563,0.24616703392758427,-0.009721862768704216,0.5574386516405012,0.2481489220380859,-0.011795191568203087,0.554135978924569
1779788820.0484853,10.0,4.679999338000015,2.372300686869843,0.24612611634352075,-0.009689203237554457,0.5575125748812543,0.2481489220380859,-0.011795191568203087,0.554135978924569
1779788820.0584726,10.0,4.699999254000015,2.321109017357619,0.24608365325405152,-0.009657083092691148,0.5575829194026445,0.2481489220380859,-0.011795191568203087,0.554135978924569
1779788820.068462,10.0,4.719999510000015,2.2740932471724364,0.24604265537734799,-0.00961975583742682,0.5576555715957969,0.2481489220380859,-0.011795191568203087,0.554135978924569
1779788820.078481,10.0,4.740000428000015,2.257381486745668,0.24599931678152082,-0.00957945373198442,0.5577285687699335,0.2481489220380859,-0.011795191568203087,0.554135978924569
1779788820.0884614,10.0,4.760000486000015,2.25431429061075,0.24595051651906177,-0.009538166882670441,0.5578139430259814,0.2481489220380859,-0.011795191568203087,0.554135978924569
1779788820.098456,10.0,4.780004870000017,2.2662359460419856,0.24589491617521406,-0.009492128124815964,0.5579101805077216,0.2481489220380859,-0.011795191568203087,0.554135978924569
1779788820.108461,10.0,4.800004044000016,2.29474875225501,0.24583075899542928,-0.009438503574768175,0.558023009480996,0.2481489220380859,-0.011795191568203087,0.554135978924569
1779788820.118466,10.0,4.820004162000016,2.340139329701377,0.2457592722012633,-0.009383987169914468,0.5581612340747899,0.2481489220380859,-0.011795191568203087,0.554135978924569
1779788820.1284516,10.0,4.840005700000016,2.4082352185587044,0.24569050682357707,-0.00933321047459322,0.5583081147855673,0.2481489220380859,-0.011795191568203087,0.554135978924569
1779788820.138473,10.0,4.8600069800000165,2.4841779754349496,0.2456259490992242,-0.009295264365384666,0.558462789267536,0.2481489220380859,-0.011795191568203087,0.554135978924569
1779788820.1484864,10.0,4.880005514000016,2.536900996062534,0.2455669135262251,-0.00926608763168873,0.5586269660222826,0.2481489220380859,-0.011795191568203087,0.554135978924569
1779788820.1585174,10.0,4.900003046000015,2.5730599171505175,0.2455114788327878,-0.009236261938647553,0.5587872427367219,0.2481489220380859,-0.011795191568203087,0.554135978924569
1779788820.1684482,10.0,4.920004424000015,2.599212036008207,0.24546290563220396,-0.009209774480733192,0.5589394835821674,0.2481489220380859,-0.011795191568203087,0.554135978924569
1779788820.1784766,10.0,4.940005342000015,2.6157274403854625,0.24541527084301357,-0.009185222482461645,0.5590816533400818,0.2481489220380859,-0.011795191568203087,0.554135978924569
1779788820.1884735,10.0,4.9600050180000155,2.5942044464317844,0.24536400261425595,-0.00915744578546067,0.5592159111314657,0.2481489220380859,-0.011795191568203087,0.554135978924569
1779788820.1984594,10.0,4.9800050340000155,2.5414216727907726,0.24531710318951447,-0.009129684242600909,0.5593442279021723,0.2481489220380859,-0.011795191568203087,0.554135978924569
1779788820.2084606,10.0,5.000004070000016,2.4961365863996163,0.24526882169558842,-0.009099581523844383,0.5594700182667754,0.2481489220380859,-0.011795191568203087,0.554135978924569
1779788820.2184439,10.0,5.020004546000014,2.480390344660406,0.24521839185686012,-0.009063982633398882,0.5596050356630722,0.2481489220380859,-0.011795191568203087,0.554135978924569
1779788820.228444,10.0,5.040008150000013,2.476578139293242,0.24516244730717446,-0.009029487932079874,0.5597522764196182,0.2481489220380859,-0.011795191568203087,0.554135978924569
1779788820.2384624,10.0,5.060005982000013,2.4730540298042625,0.24509667366436078,-0.008988751108358376,0.5599141951045055,0.2481489220380859,-0.011795191568203087,0.554135978924569
1779788820.248498,10.0,5.079999888000013,2.486614789099179,0.24501415921274317,-0.008934957232014948,0.560088464820687,0.2481489220380859,-0.011795191568203087,0.554135978924569
1779788820.2584383,10.0,5.099999864000013,2.530939868219857,0.24492242306938775,-0.008878401951593649,0.560281886476485,0.2481489220380859,-0.011795191568203087,0.554135978924569
1779788820.2684474,10.0,5.1200024060000136,2.5966442174164115,0.24481796891870006,-0.008829423681463125,0.5604903367214318,0.2481489220380859,-0.011795191568203087,0.554135978924569
1779788820.2784624,10.0,5.140004064000015,2.67730944178735,0.24471120490069326,-0.008789967019736786,0.5607016631659747,0.2481489220380859,-0.011795191568203087,0.554135978924569
1779788820.2885034,10.0,5.159999572000017,2.757876309000632,0.24462546843928978,-0.008753774940888298,0.5609263757751988,0.2481489220380859,-0.011795191568203087,0.554135978924569
1779788820.2984447,10.0,5.180000110000017,2.818018878666569,0.24454583125974355,-0.008717167456384211,0.5611571276670804,0.2481489220380859,-0.011795191568203087,0.554135978924569
1779788820.308442,10.0,5.200000828000016,2.848659228527748,0.24447089608940462,-0.008679377624030161,0.561383542851431,0.2481489220380859,-0.011795191568203087,0.554135978924569
1779788820.318481,10.0,5.220002488000018,2.8575943271091604,0.24440094375821433,-0.008643365033967787,0.5615979749199194,0.2481489220380859,-0.011795191568203087,0.554135978924569
1779788820.3284585,10.0,5.240000000000018,2.8449819738928217,0.24433077436105846,-0.00860555867441906,0.5617973080907674,0.2481489220380859,-0.011795191568203087,0.554135978924569
1779788820.3384848,10.0,5.259999074000019,2.807080000019747,0.24425306827419094,-0.008561210285499877,0.5619913834490242,0.2481489220380859,-0.011795191568203087,0.554135978924569
1779788820.348499,10.0,5.279999530000018,2.7500042999935084,0.24417206413494347,-0.008514880465297265,0.5621834997425804,0.2481489220380859,-0.011795191568203087,0.554135978924569
1779788820.3584752,10.0,5.299999928000019,2.7056205663634985,0.24408962497609443,-0.008462812238465699,0.5623685458159536,0.2481489220380859,-0.011795191568203087,0.554135978924569
1779788820.3684373,10.0,5.320000086000017,2.6995614223841895,0.2439958539869213,-0.008401121583178602,0.5625530508792718,0.2481489220380859,-0.011795191568203087,0.554135978924569
1779788820.3784685,10.0,5.339999520000017,2.715289773644923,0.24389158462201824,-0.008327675503188534,0.5627488731851186,0.2481489220380859,-0.011795191568203087,0.554135978924569
1779788820.3884823,10.0,5.360004726000019,2.7397722138969236,0.2437754373801585,-0.008246984578919621,0.562949179680777,0.2481489220380859,-0.011795191568203087,0.554135978924569
1779788820.3985126,10.0,5.379999614000019,2.7782846925867886,0.2436417625122552,-0.008156780247604307,0.563163306782977,0.2481489220380859,-0.011795191568203087,0.554135978924569
1779788820.4084573,10.0,5.399999770000019,2.8384418329552052,0.24351185789282573,-0.008072762217372747,0.5633815217239355,0.2481489220380859,-0.011795191568203087,0.554135978924569
1779788820.418477,10.0,5.419999386000018,2.9285297900196334,0.24338235952665002,-0.007990372860998903,0.563603862305994,0.2481489220380859,-0.011795191568203087,0.554135978924569
1779788820.4284496,10.0,5.439999944000018,3.007539157786042,0.2432521356969069,-0.007909216078674595,0.5638277978593963,0.2481489220380859,-0.011795191568203087,0.554135978924569
1779788820.4384923,10.0,5.460003006000019,3.062110161351184,0.24312705143713828,-0.007830075426445255,0.5640508772327177,0.2481489220380859,-0.011795191568203087,0.554135978924569
1779788820.4484434,10.0,5.480000016000016,3.0972760320509383,0.24300773289641303,-0.007747525651494892,0.5642656642018826,0.2481489220380859,-0.011795191568203087,0.554135978924569
1779788820.4584768,10.0,5.500007126000016,3.114269854174381,0.24289177350971589,-0.007663585346509566,0.5644732721876459,0.2481489220380859,-0.011795191568203087,0.554135978924569
1779788820.4684308,10.0,5.520002154000015,3.0960557070482784,0.2427774308911424,-0.00758016672260074,0.5646690485038026,0.2481489220380859,-0.011795191568203087,0.554135978924569
1779788820.4784265,10.0,5.539999284000016,3.0395656277812737,0.24265849731819333,-0.007488734463855489,0.5648575590898781,0.2481489220380859,-0.011795191568203087,0.554135978924569
1779788820.4884892,10.0,5.560000122000016,2.971638919392892,0.24253652301900694,-0.00740076908434434,0.5650423377743474,0.2481489220380859,-0.011795191568203087,0.554135978924569
1779788820.4984453,10.0,5.579999458000017,2.913240505498231,0.24241171457502506,-0.007309192721230708,0.5652258630985894,0.2481489220380859,-0.011795191568203087,0.554135978924569
1779788820.50845,10.0,5.600000796000018,2.8737309066956613,0.24228463584351978,-0.007219582452912188,0.5654085722438039,0.2481489220380859,-0.011795191568203087,0.554135978924569
1779788820.5184388,10.0,5.620000012000018,2.8587067074105583,0.2421463052012398,-0.007125453813706289,0.5655959613867855,0.2481489220380859,-0.011795191568203087,0.554135978924569
1779788820.5284379,10.0,5.63999874600002,2.854006028187162,0.24199814939051256,-0.007035926973975272,0.5657981368739465,0.2481489220380859,-0.011795191568203087,0.554135978924569
1779788820.5384417,10.0,5.6600026700000186,2.8606990538158805,0.24184547684774008,-0.0069462304161067275,0.5660140333089979,0.2481489220380859,-0.011795191568203087,0.554135978924569
1779788820.548433,10.0,5.679999080000019,2.8878334489371045,0.24167677172202331,-0.006854903156050422,0.5662440561307706,0.2481489220380859,-0.011795191568203087,0.554135978924569
1779788820.558453,10.0,5.700000598000018,2.932449298119523,0.24148931933853934,-0.006763203349389151,0.5664961409086403,0.2481489220380859,-0.011795191568203087,0.554135978924569
1779788820.56846,10.0,5.720000114000019,2.9809376442524904,0.24128878446953386,-0.00667275219381866,0.5667695791080256,0.2481489220380859,-0.011795191568203087,0.554135978924569
1779788820.5784469,10.0,5.740000090000018,3.038676099371606,0.2410894721735792,-0.006581696755332613,0.5670513099109862,0.2481489220380859,-0.011795191568203087,0.554135978924569
1779788820.5884461,10.0,5.759999246000017,3.090412405873844,0.24088876942573048,-0.006497665843483254,0.5673465953994288,0.2481489220380859,-0.011795191568203087,0.554135978924569
1779788820.5984325,10.0,5.780000324000017,3.114753313299681,0.2406949423672755,-0.006422630180687642,0.5676530710292473,0.2481489220380859,-0.011795191568203087,0.554135978924569
1779788820.6084318,10.0,5.799999620000018,3.1064690339056877,0.24050442084731433,-0.006354715330688408,0.5679673818139189,0.2481489220380859,-0.011795191568203087,0.554135978924569
1779788820.6185088,10.0,5.820015404000019,3.0789473728092593,0.24030535011294007,-0.0062868528956116325,0.5682853730319027,0.2481489220380859,-0.011795191568203087,0.554135978924569
1779788820.6284578,10.0,5.840006164000019,3.0560951433395416,0.24009453171730355,-0.006210481849629147,0.5686033321113936,0.2481489220380859,-0.011795191568203087,0.554135978924569
1779788820.638426,10.0,5.860005500000021,3.064041548853368,0.2398668941708196,-0.006140461679834848,0.568928055054814,0.2481489220380859,-0.011795191568203087,0.554135978924569
1779788820.648479,10.0,5.88000593600002,3.064602941372813,0.23961949823797166,-0.006070332883224594,0.5692712532683128,0.2481489220380859,-0.011795191568203087,0.554135978924569
1779788820.6584568,10.0,5.900005372000021,3.0792853956830477,0.2393507447647079,-0.005991993652328019,0.5696321558028753,0.2481489220380859,-0.011795191568203087,0.554135978924569
1779788820.6684453,10.0,5.920007332000021,3.1176822506381563,0.23907272286331466,-0.005909126109090893,0.5700068866950749,0.2481489220380859,-0.011795191568203087,0.554135978924569
1779788820.6784394,10.0,5.940006386000021,3.171684038509042,0.23879463221550631,-0.0058374125505495835,0.5703997368452342,0.2481489220380859,-0.011795191568203087,0.554135978924569
1779788820.6884737,10.0,5.96000592200002,3.249655235245696,0.23851739713998668,-0.005769656908031881,0.5708064681083164,0.2481489220380859,-0.011795191568203087,0.554135978924569
1779788820.6984484,10.0,5.980005678000019,3.298855605499763,0.23824233612077342,-0.00570219604417201,0.571235646638618,0.2481489220380859,-0.011795191568203087,0.554135978924569
1779788820.7084265,10.0,6.00000607600002,3.32322832264265,0.2379719726112536,-0.005647296630402374,0.5716627515751753,0.2481489220380859,-0.011795191568203087,0.554135978924569
1779788820.718458,10.0,6.020008818000021,3.376488796644294,0.23772174976774407,-0.005595845135221759,0.5720868623092441,0.2481489220380859,-0.011795191568203087,0.554135978924569
1779788820.7284412,10.0,6.04000184000002,3.4247286437098277,0.23748078954505505,-0.005549481809700653,0.5725050405067306,0.2481489220380859,-0.011795191568203087,0.554135978924569
1779788820.7384872,10.0,6.059999954000021,3.4308840984777134,0.23724104994981426,-0.005504262519318812,0.5729145468973619,0.2481489220380859,-0.011795191568203087,0.554135978924569
1779788820.7484388,10.0,6.07999886800002,3.402676383530032,0.2370057691478608,-0.00546036698937647,0.5733063027241473,0.2481489220380859,-0.011795191568203087,0.554135978924569
1779788820.7584925,10.0,6.100000468000023,3.3619804977169707,0.23676225916627608,-0.005410184826676151,0.5736832655282285,0.2481489220380859,-0.011795191568203087,0.554135978924569
1779788820.7684743,10.0,6.120005212000024,3.3405584090594647,0.23651101124116636,-0.00535342936877053,0.574046815275641,0.2481489220380859,-0.011795191568203087,0.554135978924569
1779788820.778425,10.0,6.1400058700000235,3.3408059975692646,0.23624195985312701,-0.0052886265167172795,0.5744172854743611,0.2481489220380859,-0.011795191568203087,0.554135978924569
1779788820.7885041,10.0,6.159999776000023,3.3312482152300493,0.23595185599038904,-0.005216145618076476,0.5747856721777995,0.2481489220380859,-0.011795191568203087,0.554135978924569
1779788820.7984545,10.0,6.180004520000024,3.3393680578386697,0.23565695420694066,-0.005141019994360683,0.5751590788943789,0.2481489220380859,-0.011795191568203087,0.554135978924569
1779788820.8084779,10.0,6.199998666000024,3.3720976452533225,0.2353462429282643,-0.0050678124271116036,0.5755453543739625,0.2481489220380859,-0.011795191568203087,0.554135978924569
1779788820.8184898,10.0,6.219998884000024,3.3875654733494622,0.23501666388037745,-0.004989640179482536,0.5759535402944249,0.2481489220380859,-0.011795191568203087,0.554135978924569
1779788820.8284495,10.0,6.240006314000025,3.398451153290959,0.23468049888820827,-0.0049114771291366,0.5763736646279475,0.2481489220380859,-0.011795191568203087,0.554135978924569
1779788820.838421,10.0,6.260004726000027,3.430860543792785,0.23433990745758634,-0.004841557953178311,0.576826136511278,0.2481489220380859,-0.011795191568203087,0.554135978924569
1779788820.848438,10.0,6.280006066000028,3.466712464526508,0.23399861519677265,-0.004783299575319475,0.5772996635247427,0.2481489220380859,-0.011795191568203087,0.554135978924569
1779788820.858439,10.0,6.3000064020000295,3.494799014550382,0.23365581089873677,-0.004727739087499976,0.577796973425768,0.2481489220380859,-0.011795191568203087,0.554135978924569
1779788820.868465,10.0,6.32000561800003,3.5015214578499028,0.23331966256696213,-0.004682709003905295,0.5783038949631345,0.2481489220380859,-0.011795191568203087,0.554135978924569
1779788820.878448,10.0,6.340006256000031,3.505461099021872,0.23298351951070131,-0.004652868737991955,0.5788147620773907,0.2481489220380859,-0.011795191568203087,0.554135978924569
1779788820.8884718,10.0,6.3600003200000295,3.508740889372828,0.23262842367138212,-0.004617050718550609,0.5793336195481327,0.2481489220380859,-0.011795191568203087,0.554135978924569
1779788820.8984761,10.0,6.380002000000032,3.4890128988707905,0.23224150013071873,-0.004572849390582115,0.5798639656147079,0.2481489220380859,-0.011795191568203087,0.554135978924569
1779788820.908482,10.0,6.400005984000032,3.4839595964942025,0.23183474632256915,-0.004540339105882146,0.5803970369363548,0.2481489220380859,-0.011795191568203087,0.554135978924569
1779788820.918471,10.0,6.420007504000033,3.513156921540737,0.2313996863826873,-0.004503708848235228,0.5809256941103073,0.2481489220380859,-0.011795191568203087,0.554135978924569
1779788820.9284163,10.0,6.439999866000034,3.5339475155653477,0.23093637663567199,-0.004451852331556755,0.581482012282028,0.2481489220380859,-0.011795191568203087,0.554135978924569
1779788820.9384289,10.0,6.460016854000033,3.545630864478235,0.23047566592928612,-0.0044100917878092845,0.5820537969371578,0.2481489220380859,-0.011795191568203087,0.554135978924569
1779788820.9483995,10.0,6.479999418000033,3.598117580209997,0.23002779668612847,-0.004373968598303254,0.5826242160211909,0.2481489220380859,-0.011795191568203087,0.554135978924569
1779788820.9584925,10.0,6.500006206000033,3.6633552223933514,0.22957693805062493,-0.004334388613707958,0.5831980379345262,0.2481489220380859,-0.011795191568203087,0.554135978924569
1779788820.9684632,10.0,6.520005282000032,3.7107145216527466,0.22913631867953227,-0.004286403181495854,0.5837798252309238,0.2481489220380859,-0.011795191568203087,0.554135978924569
1779788820.9784236,10.0,6.540007062000033,3.7589477771766373,0.2287135066310999,-0.004246554804646879,0.5843564449261243,0.2481489220380859,-0.011795191568203087,0.554135978924569
1779788820.9884412,10.0,6.560000146000032,3.7945960442336215,0.22828399346567033,-0.0042083161987032415,0.5849320404114273,0.2481489220380859,-0.011795191568203087,0.554135978924569
1779788820.9984324,10.0,6.579999660000033,3.767775584099055,0.22786543868951395,-0.00417986002545511,0.5855082589726769,0.2481489220380859,-0.011795191568203087,0.554135978924569
1779788821.008469,10.0,6.599999298000033,3.718347277581492,0.22745945308756366,-0.004165500521503078,0.5860695474144368,0.2481489220380859,-0.011795191568203087,0.554135978924569
1779788821.018485,10.0,6.619999314000035,3.6396811249016388,0.22703075911666654,-0.004144333897326293,0.5866317698374378,0.2481489220380859,-0.011795191568203087,0.554135978924569
1779788821.02844,10.0,6.640005884000036,3.5099235256220087,0.22658024815282976,-0.004115122238934952,0.587186474610157,0.2481489220380859,-0.011795191568203087,0.554135978924569
1779788821.0384886,10.0,6.660006022000038,3.405760327664157,0.2261193706910913,-0.004087857467547546,0.5877246781982317,0.2481489220380859,-0.011795191568203087,0.554135978924569
1779788821.0484657,10.0,6.679998466000039,3.3504916100235183,0.2256313397389993,-0.004043333733730556,0.5882634766939207,0.2481489220380859,-0.011795191568203087,0.554135978924569
1779788821.058459,10.0,6.700007240000039,3.2915506964133043,0.22512130542317185,-0.004001270019313652,0.588827504852419,0.2481489220380859,-0.011795191568203087,0.554135978924569
1779788821.0684135,10.0,6.720005314000039,3.258352959054122,0.22459091339803064,-0.0039625888471450715,0.5893932443507578,0.2481489220380859,-0.011795191568203087,0.554135978924569
1779788821.0784285,10.0,6.740005232000039,3.29503923581956,0.2240570370606361,-0.003928672544835463,0.5899717074190276,0.2481489220380859,-0.011795191568203087,0.554135978924569
1779788821.08843,10.0,6.76000567000004,3.357456752627588,0.22351081665492323,-0.003893520369537275,0.5905891435592804,0.2481489220380859,-0.011795191568203087,0.554135978924569
1779788821.0984352,10.0,6.78000709000004,3.420525273930244,0.22295151283484324,-0.0038564477173719273,0.5912329770731052,0.2481489220380859,-0.011795191568203087,0.554135978924569
1779788821.1084144,10.0,6.800004724000041,3.488355149350544,0.22237517516459546,-0.0038179789366961222,0.5919132951782153,0.2481489220380859,-0.011795191568203087,0.554135978924569
1779788821.1184144,10.0,6.820006264000041,3.5385260772164746,0.22178887005843237,-0.0037891195562164957,0.5926114228073005,0.2481489220380859,-0.011795191568203087,0.554135978924569
1779788821.1284795,10.0,6.8400039780000395,3.6057359000752824,0.22120657216939632,-0.003779061308419317,0.5933195890663032,0.2481489220380859,-0.011795191568203087,0.554135978924569
1779788821.138484,10.0,6.86000447600004,3.6713139095959213,0.2206032633431819,-0.0037550317985278205,0.5940305821154072,0.2481489220380859,-0.011795191568203087,0.554135978924569
1779788821.1484818,10.0,6.880007300000042,3.695060957600693,0.22000075544863731,-0.0037241661514415625,0.5947415149847514,0.2481489220380859,-0.011795191568203087,0.554135978924569
1779788821.1584215,10.0,6.9000054540000395,3.701633417264124,0.21941394845103063,-0.0036898867872126,0.5954472970389956,0.2481489220380859,-0.011795191568203087,0.554135978924569
1779788821.1684558,10.0,6.92000519000004,3.718243975750583,0.21882772912773246,-0.003647302286520896,0.5961454704091861,0.2481489220380859,-0.011795191568203087,0.554135978924569
1779788821.178428,10.0,6.94000520800004,3.7201231364277048,0.2182330599311401,-0.0035946743175561745,0.5968416389081862,0.2481489220380859,-0.011795191568203087,0.554135978924569
1779788821.188441,10.0,6.960003042000041,3.677607334256872,0.21762261831759938,-0.0035275600838574972,0.5975494177015126,0.2481489220380859,-0.011795191568203087,0.554135978924569
1779788821.198418,10.0,6.98000308000004,3.6356729719028373,0.217001818941397,-0.003450078822128206,0.5982729063716622,0.2481489220380859,-0.011795191568203087,0.554135978924569
1779788821.2084649,10.0,6.999999812000039,3.6155496444386666,0.21637544044235862,-0.0033748228169431962,0.5990191065763462,0.2481489220380859,-0.011795191568203087,0.554135978924569
1779788821.2185202,10.0,7.020000010000038,3.580509947352921,0.2157253952256737,-0.0032919192542388725,0.5998003384055742,0.2481489220380859,-0.011795191568203087,0.554135978924569
1779788821.2284777,10.0,7.039999346000037,3.5325862213831853,0.21505809906382042,-0.003210926280768991,0.6005956804150607,0.2481489220380859,-0.011795191568203087,0.554135978924569
1779788821.2384207,10.0,7.060004794000038,3.509528264057998,0.214369850378809,-0.00313704811965922,0.6014084232979802,0.2481489220380859,-0.011795191568203087,0.554135978924569
1779788821.248423,10.0,7.080006494000038,3.51336319228878,0.2136576295535811,-0.003076760939683532,0.6022442401696748,0.2481489220380859,-0.011795191568203087,0.554135978924569
1779788821.2584305,10.0,7.100000180000038,3.5372599224410224,0.21290549428012762,-0.0030104693453157205,0.603121627713371,0.2481489220380859,-0.011795191568203087,0.554135978924569
1779788821.2684147,10.0,7.120002182000037,3.5210125403027424,0.21211356415255447,-0.002935959215745597,0.6040568264646627,0.2481489220380859,-0.011795191568203087,0.554135978924569
1779788821.2784364,10.0,7.140002020000038,3.5264031238090165,0.21128681210946768,-0.00286122941305525,0.6050244060136419,0.2481489220380859,-0.011795191568203087,0.554135978924569
1779788821.288447,10.0,7.1600026980000395,3.6029190898898,0.21042967617311845,-0.0027753777962758065,0.6060331270547898,0.2481489220380859,-0.011795191568203087,0.554135978924569
1779788821.2983983,10.0,7.180000110000041,3.716827372915387,0.2095463820081605,-0.0026863685772266746,0.6070635715264945,0.2481489220380859,-0.011795191568203087,0.554135978924569
1779788821.30846,10.0,7.200001370000042,3.798319968882684,0.20865368434750536,-0.002605882658357257,0.6081153663554447,0.2481489220380859,-0.011795191568203087,0.554135978924569
1779788821.318454,10.0,7.220004094000042,3.855881049183424,0.20775414864635064,-0.0025211133980181585,0.6091748742854052,0.2481489220380859,-0.011795191568203087,0.554135978924569
1779788821.328407,10.0,7.240005012000042,3.8956774161987995,0.20684935716614536,-0.002442558342391054,0.6102558164108354,0.2481489220380859,-0.011795191568203087,0.554135978924569
1779788821.3384116,10.0,7.2600057520000405,3.8843204457544656,0.20594164079585484,-0.0023625185132964193,0.6113772335122122,0.2481489220380859,-0.011795191568203087,0.554135978924569
1779788821.3483984,10.0,7.280005248000041,3.822009880745113,0.20504467147785443,-0.0022905230224361337,0.6125126303486436,0.2481489220380859,-0.011795191568203087,0.554135978924569
1779788821.3584266,10.0,7.30000616800004,3.7691617050630923,0.20415480384970616,-0.002230848008633527,0.6136468011458899,0.2481489220380859,-0.011795191568203087,0.554135978924569
1779788821.3684123,10.0,7.320006526000041,3.710256976534835,0.20323352673876718,-0.0021707006945115488,0.614786401698609,0.2481489220380859,-0.011795191568203087,0.554135978924569
1779788821.3784754,10.0,7.340005842000043,3.6067711979873294,0.2022736745353445,-0.0021242664697024368,0.6159538235743846,0.2481489220380859,-0.011795191568203087,0.554135978924569
1779788821.388443,10.0,7.359999128000043,3.5084826673773035,0.20128949250709227,-0.002092643720222308,0.6171248529546796,0.2481489220380859,-0.011795191568203087,0.554135978924569
1779788821.3984163,10.0,7.379999526000043,3.510327848018904,0.20028259654540975,-0.00206237847861689,0.6183044063573925,0.2481489220380859,-0.011795191568203087,0.554135978924569
1779788821.408437,10.0,7.400000024000041,3.5918576750609903,0.1992402379004639,-0.002016311199305362,0.6194789663215019,0.2481489220380859,-0.011795191568203087,0.554135978924569
1779788821.4184227,10.0,7.420006614000042,3.6847338937772625,0.19816063734163755,-0.0019551647304973606,0.6206683028119329,0.2481489220380859,-0.011795191568203087,0.554135978924569
1779788821.4284816,10.0,7.440000420000043,3.770184779984394,0.1970583437576927,-0.0018772455658561062,0.621865350025718,0.2481489220380859,-0.011795191568203087,0.554135978924569
1779788821.4384694,10.0,7.460005948000043,3.888736478854451,0.19596028452384134,-0.0018093753199978496,0.6230847355996832,0.2481489220380859,-0.011795191568203087,0.554135978924569
1779788821.4484875,10.0,7.480005346000044,3.9844281485350015,0.19486487427371382,-0.0017677120736717309,0.6243372619856387,0.2481489220380859,-0.011795191568203087,0.554135978924569
1779788821.4584355,10.0,7.500001776000044,4.002378853314905,0.19378274028261683,-0.0017356375737450813,0.6256139274754486,0.2481489220380859,-0.011795191568203087,0.554135978924569
1779788821.4684198,10.0,7.519999390000044,3.966206481603923,0.19271261772961915,-0.001722845933691264,0.6268967442802572,0.2481489220380859,-0.011795191568203087,0.554135978924569
1779788821.4784162,10.0,7.539999668000044,3.9014974399589826,0.19165486801721718,-0.0017303362784917829,0.628190262241905,0.2481489220380859,-0.011795191568203087,0.554135978924569
1779788821.4884245,10.0,7.559999444000043,3.8409882115599348,0.19057775142185404,-0.001748425733763712,0.6294830808509522,0.2481489220380859,-0.011795191568203087,0.554135978924569
1779788821.4983943,10.0,7.579999864000042,3.825925085971169,0.18946724885906038,-0.0017368118680255317,0.6307547262084374,0.2481489220380859,-0.011795191568203087,0.554135978924569
1779788821.5084085,10.0,7.599999720000044,3.8498908829311813,0.18832283314746381,-0.0016904643910221951,0.6320091711111864,0.2481489220380859,-0.011795191568203087,0.554135978924569
1779788821.518465,10.0,7.620002624000045,3.891973719807793,0.1871367313437213,-0.0016020186743448072,0.6332571095837349,0.2481489220380859,-0.011795191568203087,0.554135978924569
1779788821.5284054,10.0,7.639999456000045,3.9449410755303354,0.18593242018053258,-0.0015169969757521217,0.6345288839874393,0.2481489220380859,-0.011795191568203087,0.554135978924569
1779788821.5384028,10.0,7.660004762000044,3.987557816442004,0.1847439393748826,-0.001466094960718928,0.6358238303103125,0.2481489220380859,-0.011795191568203087,0.554135978924569
1779788821.54842,10.0,7.680005242000044,4.047039483492528,0.183588689328408,-0.0014486537434690414,0.6371278648157433,0.2481489220380859,-0.011795191568203087,0.554135978924569
1779788821.5584116,10.0,7.700005180000042,4.099316192658485,0.1824461196548706,-0.0014487036264830369,0.638439497211469,0.2481489220380859,-0.011795191568203087,0.554135978924569
1779788821.568464,10.0,7.720005818000043,4.067205479957258,0.1812926939091007,-0.0014667276296581745,0.6397610999971886,0.2481489220380859,-0.011795191568203087,0.554135978924569
1779788821.5784392,10.0,7.740006998000043,4.027938011121853,0.18013961023784217,-0.0015056708059221447,0.6410584847829002,0.2481489220380859,-0.011795191568203087,0.554135978924569
1779788821.588415,10.0,7.760004712000043,4.078559791551315,0.17897180884199634,-0.0015291929719236659,0.6423139396915828,0.2481489220380859,-0.011795191568203087,0.554135978924569
1779788821.5983913,10.0,7.780002044000044,4.197459049247506,0.17779034124155985,-0.0015296911291050332,0.6435394819875293,0.2481489220380859,-0.011795191568203087,0.554135978924569
1779788821.6084094,10.0,7.8000053280000445,4.305614534552043,0.1765982642068298,-0.001525910798057429,0.6447564685915876,0.2481489220380859,-0.011795191568203087,0.554135978924569
1779788821.6184788,10.0,7.820008290000043,4.363972764389404,0.17544239524406838,-0.001540241915778737,0.6459740584084234,0.2481489220380859,-0.011795191568203087,0.554135978924569
1779788821.6284146,10.0,7.840004882000046,4.398316835839539,0.174335218021028,-0.001586538465689579,0.6472238747346962,0.2481489220380859,-0.011795191568203087,0.554135978924569
1779788821.6384037,10.0,7.860001574000046,4.399135731793022,0.1732697309708399,-0.0016552663456892824,0.648458392515353,0.2481489220380859,-0.011795191568203087,0.554135978924569
1779788821.6484587,10.0,7.880006480000045,4.3843705235532004,0.1722305360363263,-0.0017461410478204658,0.649669517149291,0.2481489220380859,-0.011795191568203087,0.554135978924569
1779788821.6583946,10.0,7.900005636000045,4.367583342557143,0.17118698772358382,-0.0018506084710358723,0.6508689870237466,0.2481489220380859,-0.011795191568203087,0.554135978924569
1779788821.668396,10.0,7.9200060360000455,4.361231248740486,0.1701564168674279,-0.001972167855018627,0.6520457978145732,0.2481489220380859,-0.011795191568203087,0.554135978924569
1779788821.6784635,10.0,7.940005932000046,4.448872296259433,0.16912810505706677,-0.0020813775041409704,0.6531823456563312,0.2481489220380859,-0.011795191568203087,0.554135978924569
1779788821.688424,10.0,7.960005268000044,4.627765010447219,0.16810291718206913,-0.0021693230223177825,0.6542864649921843,0.2481489220380859,-0.011795191568203087,0.554135978924569
1779788821.6984808,10.0,7.980005908000042,4.832580609053562,0.16710673465674128,-0.0022601278834748625,0.6553583513099989,0.2481489220380859,-0.011795191568203087,0.554135978924569
1779788821.708477,10.0,8.000005244000043,5.021820904555655,0.16613201484692058,-0.002362846657590649,0.6564249533253178,0.2481489220380859,-0.011795191568203087,0.554135978924569
1779788821.7184,10.0,8.019999612000042,5.141768993077732,0.1652010846646538,-0.00250332136460205,0.6575004546447517,0.2481489220380859,-0.011795191568203087,0.554135978924569
1779788821.7284217,10.0,8.040005900000041,5.201016213198526,0.16430040750105432,-0.002656258544121754,0.6585512163672205,0.2481489220380859,-0.011795191568203087,0.554135978924569
1779788821.7384582,10.0,8.060000848000042,5.264544614619497,0.16346609843985543,-0.0028488961547850377,0.65956678609636,0.2481489220380859,-0.011795191568203087,0.554135978924569
1779788821.7484171,10.0,8.079999084000043,5.372642654348775,0.16267529649386914,-0.003072001054550041,0.6605395773090618,0.2481489220380859,-0.011795191568203087,0.554135978924569
1779788821.7584443,10.0,8.100004652000043,5.493468791922339,0.16192449274902365,-0.0033162166620195714,0.6614818812342421,0.2481489220380859,-0.011795191568203087,0.554135978924569
1779788821.7683809,10.0,8.120001082000044,5.594109010369812,0.1612034184780168,-0.0035621957935388525,0.6623776564621091,0.2481489220380859,-0.011795191568203087,0.554135978924569
1779788821.7784283,10.0,8.139999818000044,5.709113436576428,0.16054228311906182,-0.0038152055750208225,0.6632072173043662,0.2481489220380859,-0.011795191568203087,0.554135978924569
1779788821.7883997,10.0,8.160004844000044,5.898534897820912,0.15995227382794386,-0.004067985378288819,0.6639697206671911,0.2481489220380859,-0.011795191568203087,0.554135978924569
1779788821.798414,10.0,8.180005222000045,6.1112509376545185,0.15939427566980285,-0.004299161065550915,0.664670084594391,0.2481489220380859,-0.011795191568203087,0.554135978924569
1779788821.8083951,10.0,8.200005582000045,6.308804998232864,0.15888094232083536,-0.004536523555735498,0.6653031311789501,0.2481489220380859,-0.011795191568203087,0.554135978924569
1779788821.8184063,10.0,8.220005800000044,6.491225009039691,0.15842270516025694,-0.004781551552415587,0.6658844548066144,0.2481489220380859,-0.011795191568203087,0.554135978924569
1779788821.8284245,10.0,8.240005838000043,6.669573215306263,0.15801859914775016,-0.005046668055706128,0.6663979796643221,0.2481489220380859,-0.011795191568203087,0.554135978924569
1779788821.8384058,10.0,8.260006496000042,6.818493228519828,0.15765881757414238,-0.005319577561569251,0.6668570785455199,0.2481489220380859,-0.011795191568203087,0.554135978924569
1779788821.8483856,10.0,8.280006334000042,6.923502740748426,0.15735964998738736,-0.005598668067521396,0.6672477671191578,0.2481489220380859,-0.011795191568203087,0.554135978924569
1779788821.858396,10.0,8.30000737400004,7.027129366149492,0.15711651086078432,-0.0058871486390193305,0.6675606545134588,0.2481489220380859,-0.011795191568203087,0.554135978924569
1779788821.868388,10.0,8.320007190000041,7.139544098746724,0.15694106239181696,-0.006170968319009223,0.6677919041902188,0.2481489220380859,-0.011795191568203087,0.554135978924569
1779788821.878406,10.0,8.340007308000043,7.255167169537331,0.15682638208625913,-0.006450956701414624,0.667945452148105,0.2481489220380859,-0.011795191568203087,0.554135978924569
1779788821.8883924,10.0,8.360007786000045,7.357195548074876,0.1567491117185164,-0.006718945269802798,0.6680232492101634,0.2481489220380859,-0.011795191568203087,0.554135978924569
1779788821.898412,10.0,8.380001894000044,7.409814185516187,0.15669947480285956,-0.006984746257853588,0.6680357552937807,0.2481489220380859,-0.011795191568203087,0.554135978924569
1779788821.9084246,10.0,8.400006158000043,7.441696656718714,0.15669344556309556,-0.007246115413941834,0.667969158442319,0.2481489220380859,-0.011795191568203087,0.554135978924569
1779788821.9184494,10.0,8.420006156000042,7.521248421882995,0.15672425042349453,-0.0074952358146535515,0.66783092008179,0.2481489220380859,-0.011795191568203087,0.554135978924569
1779788821.928503,10.0,8.440005472000044,7.5914070501354685,0.15677170350225764,-0.007727695952468583,0.6676440819653973,0.2481489220380859,-0.011795191568203087,0.554135978924569
1779788821.9384174,10.0,8.460002324000044,7.58902698631238,0.15684365215614865,-0.00794973055404416,0.6674318480898581,0.2481489220380859,-0.011795191568203087,0.554135978924569
1779788821.9484174,10.0,8.480001340000046,7.567426090074214,0.15695971510562684,-0.008168048033176506,0.6671799037011279,0.2481489220380859,-0.011795191568203087,0.554135978924569
1779788821.9583907,10.0,8.499999896000048,7.564846343295364,0.1571029475528107,-0.008374658472436795,0.6668967703750913,0.2481489220380859,-0.011795191568203087,0.554135978924569
1779788821.968408,10.0,8.51999851000005,7.490031814025303,0.1572430259093096,-0.00856589772908757,0.6665976235018386,0.2481489220380859,-0.011795191568203087,0.554135978924569
1779788821.9784057,10.0,8.54000211600005,7.319645241523291,0.15737973686067533,-0.008747911065371147,0.6662888750422689,0.2481489220380859,-0.011795191568203087,0.554135978924569
1779788821.9884188,10.0,8.56000221200005,7.125773290388703,0.15752640216423996,-0.008922692026257392,0.6659624031169867,0.2481489220380859,-0.011795191568203087,0.554135978924569
1779788821.9983778,10.0,8.580000246000049,6.939821011317572,0.1576631170019121,-0.009091506768268077,0.6656411154128994,0.2481489220380859,-0.011795191568203087,0.554135978924569
1779788822.0083964,10.0,8.599999544000049,6.726851695204267,0.157779728543543,-0.00924313778600446,0.6653409176112184,0.2481489220380859,-0.011795191568203087,0.554135978924569
1779788822.018463,10.0,8.619999504000047,6.478618824382617,0.15789040828447384,-0.009378905419281838,0.6650609150407689,0.2481489220380859,-0.011795191568203087,0.554135978924569
1779788822.0283754,10.0,8.640006234000047,6.238393679998179,0.15798983777671993,-0.009494105098418438,0.6648095453711158,0.2481489220380859,-0.011795191568203087,0.554135978924569
1779788822.0384195,10.0,8.660004730000047,6.014219137174463,0.15806783565763385,-0.009597945881850745,0.6645848546370333,0.2481489220380859,-0.011795191568203087,0.554135978924569
1779788822.0483925,10.0,8.67999996000005,5.799200429844914,0.1581247738308332,-0.009698965024121707,0.6643857074081567,0.2481489220380859,-0.011795191568203087,0.554135978924569
1779788822.0584369,10.0,8.700006512000048,5.604591958852952,0.15816368358655722,-0.009800638723241184,0.6642098087987606,0.2481489220380859,-0.011795191568203087,0.554135978924569
1779788822.0684571,10.0,8.720005148000048,5.429366775314807,0.15818065730227138,-0.009902081469211206,0.6640451172087639,0.2481489220380859,-0.011795191568203087,0.554135978924569
1779788822.078375,10.0,8.73999909600005,5.2719514936850596,0.15816644398814383,-0.009998350958949244,0.6638934182651919,0.2481489220380859,-0.011795191568203087,0.554135978924569
1779788822.08845,10.0,8.76000598800005,5.119797702807018,0.158124014703419,-0.0100840427324245,0.6637630822345204,0.2481489220380859,-0.011795191568203087,0.554135978924569
1779788822.09839,10.0,8.78000217800005,4.970371754681552,0.15805695241733886,-0.01016164577029675,0.6636542972886322,0.2481489220380859,-0.011795191568203087,0.554135978924569
1779788822.1084151,10.0,8.800002198000051,4.8483588899099,0.15796991538181887,-0.01024178241300339,0.6635649385086493,0.2481489220380859,-0.011795191568203087,0.554135978924569
1779788822.1184158,10.0,8.820005644000053,4.775642993447391,0.15787022722039412,-0.010326112836023305,0.6634981332418971,0.2481489220380859,-0.011795191568203087,0.554135978924569
1779788822.1283891,10.0,8.840002376000053,4.720253447711256,0.15775346607073604,-0.01041718260812211,0.6634536912838441,0.2481489220380859,-0.011795191568203087,0.554135978924569
1779788822.1383934,10.0,8.859998948000051,4.66653823597441,0.15761694625915643,-0.010510855453410394,0.6634362595001149,0.2481489220380859,-0.011795191568203087,0.554135978924569
1779788822.1483984,10.0,8.880000190000054,4.6231379540257205,0.15746736139729803,-0.010608833521772377,0.663439735509873,0.2481489220380859,-0.011795191568203087,0.554135978924569
1779788822.1584485,10.0,8.899998566000054,4.615435572419825,0.15730262653932098,-0.010718851657563654,0.6634678352896461,0.2481489220380859,-0.011795191568203087,0.554135978924569
1779788822.168384,10.0,8.920002352000054,4.644191850581059,0.15712745776490847,-0.010831600347585043,0.6635235048540339,0.2481489220380859,-0.011795191568203087,0.554135978924569
1779788822.1783752,10.0,8.939999124000053,4.694806115911939,0.1569389154702995,-0.010944609945180416,0.6636143560055777,0.2481489220380859,-0.011795191568203087,0.554135978924569
1779788822.1884043,10.0,8.960005454000052,4.77518568814159,0.15674006390588752,-0.011063813188290372,0.6637342021122128,0.2481489220380859,-0.011795191568203087,0.554135978924569
1779788822.1984081,10.0,8.980004572000054,4.894192203281085,0.15653364413526394,-0.011186507404414911,0.6638908728527938,0.2481489220380859,-0.011795191568203087,0.554135978924569
1779788822.2084267,10.0,9.000001466000054,5.03230439241564,0.1563152648239884,-0.011313704670810056,0.6640893043253763,0.2481489220380859,-0.011795191568203087,0.554135978924569
1779788822.2184305,10.0,9.020004990000054,5.188063284974239,0.1561021561585498,-0.011434315951679345,0.6643193371327258,0.2481489220380859,-0.011795191568203087,0.554135978924569
1779788822.2283804,10.0,9.040001764000053,5.379426359366603,0.155892312617815,-0.011560797461151063,0.6645639860956266,0.2481489220380859,-0.011795191568203087,0.554135978924569
1779788822.2384527,10.0,9.059999798000053,5.572075689307362,0.155689197012723,-0.011692389019776586,0.6648235265183102,0.2481489220380859,-0.011795191568203087,0.554135978924569
1779788822.248401,10.0,9.080007632000054,5.772244790401013,0.15549653649804707,-0.011837417095685462,0.665093844809863,0.2481489220380859,-0.011795191568203087,0.554135978924569
1779788822.25841,10.0,9.100001720000053,5.989390988084897,0.15532374703488855,-0.011981927479999198,0.665363076909674,0.2481489220380859,-0.011795191568203087,0.554135978924569
1779788822.2683935,10.0,9.120002300000055,6.214529293199099,0.15516951003488774,-0.012135710758185024,0.6656269282441527,0.2481489220380859,-0.011795191568203087,0.554135978924569
1779788822.2783635,10.0,9.140000234000055,6.415766334656404,0.1550378008227061,-0.012297036573333073,0.6658768573441977,0.2481489220380859,-0.011795191568203087,0.554135978924569
1779788822.288385,10.0,9.159999894000055,6.599507479723249,0.15493125090864857,-0.012465587600933558,0.6661087961323342,0.2481489220380859,-0.011795191568203087,0.554135978924569
1779788822.2983475,10.0,9.179999672000054,6.776192062877292,0.15485166910456297,-0.01264051610972851,0.6663132821008032,0.2481489220380859,-0.011795191568203087,0.554135978924569
1779788822.3084004,10.0,9.199999370000052,6.952294702357619,0.1547944837633625,-0.012812779401312197,0.6664890197293679,0.2481489220380859,-0.011795191568203087,0.554135978924569
1779788822.3184276,10.0,9.220003958000055,7.104844405306676,0.1547508406293963,-0.012982673774031846,0.6666317618395076,0.2481489220380859,-0.011795191568203087,0.554135978924569
1779788822.32839,10.0,9.240001692000057,7.242101778788726,0.15471863183263765,-0.01314356666298592,0.6667423624525718,0.2481489220380859,-0.011795191568203087,0.554135978924569
1779788822.3383622,10.0,9.259999146000057,7.379178077416219,0.15470565528967506,-0.013296222854871882,0.666812575928384,0.2481489220380859,-0.011795191568203087,0.554135978924569
1779788822.3484244,10.0,9.28000193000006,7.511999585161295,0.1547123347895478,-0.013437851624655101,0.6668536944411975,0.2481489220380859,-0.011795191568203087,0.554135978924569
1779788822.3584027,10.0,9.30000006600006,7.614553985284931,0.15473103480829134,-0.013566247276785803,0.6668545456325449,0.2481489220380859,-0.011795191568203087,0.554135978924569
1779788822.3684483,10.0,9.32000150800006,7.682095256828806,0.15476773894607743,-0.013684596693942232,0.6668176839011487,0.2481489220380859,-0.011795191568203087,0.554135978924569
1779788822.3783886,10.0,9.340004412000058,7.7376690869916835,0.1548259334929961,-0.013793614548439694,0.6667435139028853,0.2481489220380859,-0.011795191568203087,0.554135978924569
1779788822.3883805,10.0,9.36000006200006,7.752021996149272,0.15489747613102345,-0.013896126565626162,0.6666446042556959,0.2481489220380859,-0.011795191568203087,0.554135978924569
1779788822.3983653,10.0,9.379998598000059,7.730580069859499,0.15497923275307343,-0.014000990270195579,0.6665323081988503,0.2481489220380859,-0.011795191568203087,0.554135978924569
1779788822.4084024,10.0,9.400000800000058,7.679233581613818,0.1550730375779563,-0.014108538907670986,0.6663958096632278,0.2481489220380859,-0.011795191568203087,0.554135978924569
1779788822.4184332,10.0,9.420001320000058,7.592843866164218,0.15516611311729195,-0.014206794023220271,0.6662527478765858,0.2481489220380859,-0.011795191568203087,0.554135978924569
1779788822.428391,10.0,9.440010456000058,7.460668393779181,0.15525909001435098,-0.01430581726960124,0.6661069448303528,0.2481489220380859,-0.011795191568203087,0.554135978924569
1779788822.4384499,10.0,9.460002460000057,7.312820315590722,0.1553456435913588,-0.014404315989627494,0.6659634350773022,0.2481489220380859,-0.011795191568203087,0.554135978924569
1779788822.448408,10.0,9.480004464000059,7.153320985172062,0.15543054316949312,-0.014503771367101905,0.6658274001849515,0.2481489220380859,-0.011795191568203087,0.554135978924569
1779788822.4583945,10.0,9.499999092000058,6.992947934782559,0.15550738186982396,-0.014603629746514368,0.6657089994162166,0.2481489220380859,-0.011795191568203087,0.554135978924569
1779788822.4683738,10.0,9.520005382000056,6.8284080298748675,0.15557414904535843,-0.014701382915067061,0.6656008710454452,0.2481489220380859,-0.011795191568203087,0.554135978924569
1779788822.4784296,10.0,9.540002576000056,6.68166878077831,0.1556267647612734,-0.014786214284084193,0.6655007461694746,0.2481489220380859,-0.011795191568203087,0.554135978924569
1779788822.4883704,10.0,9.560000352000056,6.550779316170545,0.15566493928171815,-0.014865340352430189,0.6654113354133329,0.2481489220380859,-0.011795191568203087,0.554135978924569
1779788822.4984353,10.0,9.580002014000055,6.430991651068577,0.1556771639761425,-0.01493533856998645,0.665332009896601,0.2481489220380859,-0.011795191568203087,0.554135978924569
1779788822.5083923,10.0,9.599998466000056,6.314942667322796,0.15566034163432513,-0.014993976153334584,0.6652689028832312,0.2481489220380859,-0.011795191568203087,0.554135978924569
1779788822.5184164,10.0,9.620004656000056,6.198770249994083,0.15561935177343778,-0.0150503055042022,0.6652192200286714,0.2481489220380859,-0.011795191568203087,0.554135978924569
1779788822.5283809,10.0,9.640000928000054,6.0975157050778614,0.1555590549763462,-0.015110691525803232,0.6651878136021252,0.2481489220380859,-0.011795191568203087,0.554135978924569
1779788822.5384603,10.0,9.660008360000054,6.022521593153904,0.15548812445228438,-0.015179375519318151,0.6651773088235761,0.2481489220380859,-0.011795191568203087,0.554135978924569
1779788822.54847,10.0,9.679998460000053,5.97401798987357,0.15540942728517507,-0.01524420126106325,0.6651973275854182,0.2481489220380859,-0.011795191568203087,0.554135978924569
1779788822.558402,10.0,9.699999262000054,5.926069879228166,0.1553155582778448,-0.015305096441369478,0.6652432776926634,0.2481489220380859,-0.011795191568203087,0.554135978924569
1779788822.5684273,10.0,9.720003588000054,5.883567375644161,0.15520901413730773,-0.015369456880190669,0.6653160958246834,0.2481489220380859,-0.011795191568203087,0.554135978924569
1779788822.578373,10.0,9.740005390000054,5.880249406495786,0.15509670423867503,-0.015436043044688994,0.6654164648423452,0.2481489220380859,-0.011795191568203087,0.554135978924569
1779788822.5883803,10.0,9.760000320000051,5.898252049745697,0.15497444637412877,-0.015519482727680393,0.6655490684432661,0.2481489220380859,-0.011795191568203087,0.554135978924569
1779788822.5983884,10.0,9.78000037800005,5.953505998672381,0.1548400064999301,-0.015604020640852718,0.6657103842733993,0.2481489220380859,-0.011795191568203087,0.554135978924569
1779788822.6083875,10.0,9.799998514000048,6.048275459025547,0.1546976639458292,-0.015695673541599734,0.6659063525678263,0.2481489220380859,-0.011795191568203087,0.554135978924569
1779788822.618389,10.0,9.820002942000048,6.167004822899844,0.15455059651558206,-0.01579860673855132,0.6661338211777107,0.2481489220380859,-0.011795191568203087,0.554135978924569
1779788822.628371,10.0,9.840007488000047,6.3163709449261844,0.15440880304138196,-0.01590102375065802,0.6663752157114785,0.2481489220380859,-0.011795191568203087,0.554135978924569
1779788822.6383643,10.0,9.860006966000046,6.498922730570962,0.15426814884147708,-0.01600769597723245,0.6666272269218323,0.2481489220380859,-0.011795191568203087,0.554135978924569
1779788822.6483977,10.0,9.880001516000048,6.683770660929179,0.15413476285801125,-0.016114664515989658,0.6668859638261105,0.2481489220380859,-0.011795191568203087,0.554135978924569
1779788822.6583843,10.0,9.900000352000047,6.872708315040328,0.1540161795678262,-0.01622773100798563,0.6671513754241558,0.2481489220380859,-0.011795191568203087,0.554135978924569
1779788822.6683679,10.0,9.919999148000048,7.062627300406897,0.15391196893707995,-0.016359184214999423,0.6674112728894712,0.2481489220380859,-0.011795191568203087,0.554135978924569
1779788822.6783772,10.0,9.940004176000048,7.233980919554047,0.15382121879800412,-0.016491834626403554,0.6676636241232637,0.2481489220380859,-0.011795191568203087,0.554135978924569
1779788822.688448,10.0,9.96000535800005,7.382582567202509,0.15374353823496245,-0.016635574136636105,0.66790286324894,0.2481489220380859,-0.011795191568203087,0.554135978924569
1779788822.6984658,10.0,9.98000517600005,7.51576704224537,0.1536785687978593,-0.016781716856791164,0.66812094947763,0.2481489220380859,-0.011795191568203087,0.554135978924569
1779788822.7083774,10.0,10.0,7.616744769255556,0.15363357046180734,-0.016929886661765963,0.6683202071870958,0.2481489220380859,-0.011795191568203087,0.554135978924569
1779788822.7183821,10.0,10.0,7.692007991381046,0.1535954271016528,-0.017069113342965955,0.6684895939003808,0.2481489220380859,-0.011795191568203087,0.554135978924569
1779788822.7283945,10.0,10.0,7.759532156929779,0.15356660729120053,-0.017199893146644853,0.6686275146480688,0.2481489220380859,-0.011795191568203087,0.554135978924569
1779788822.7383618,10.0,10.0,7.825587846771048,0.15355616951078038,-0.017320491722814784,0.6687298711665963,0.2481489220380859,-0.011795191568203087,0.554135978924569
1779788822.7483554,10.0,10.0,7.915888315585758,0.15356480419295002,-0.0174340765376573,0.6687925620649049,0.2481489220380859,-0.011795191568203087,0.554135978924569
1779788822.7583764,10.0,10.0,8.006308819024799,0.1535893655982038,-0.017540003898290756,0.668816900883035,0.2481489220380859,-0.011795191568203087,0.554135978924569
1779788822.768385,10.0,10.0,8.065641003008228,0.15363171511824184,-0.017632989418722142,0.6688001581722803,0.2481489220380859,-0.011795191568203087,0.554135978924569
1779788822.778372,10.0,10.0,8.10495513551938,0.15368852134946373,-0.017718281437144875,0.6687478197586056,0.2481489220380859,-0.011795191568203087,0.554135978924569
1779788822.788352,10.0,10.0,8.12421154405033,0.1537649077747772,-0.017802561605107414,0.668656790226966,0.2481489220380859,-0.011795191568203087,0.554135978924569
1779788822.798381,10.0,10.0,8.123660297226948,0.15384790452877342,-0.01789299988125988,0.6685493704981443,0.2481489220380859,-0.011795191568203087,0.554135978924569
1779788822.8084238,10.0,10.0,8.071960062216048,0.15393642614944344,-0.01798840970289608,0.6684346027931873,0.2481489220380859,-0.011795191568203087,0.554135978924569
1779788822.8183696,10.0,10.0,7.960913299354168,0.1540142988314938,-0.01807863701986766,0.6683075685954565,0.2481489220380859,-0.011795191568203087,0.554135978924569
1779788822.828354,10.0,10.0,7.808094967546332,0.15408915104012935,-0.018172102363122233,0.6681803542168353,0.2481489220380859,-0.011795191568203087,0.554135978924569
1779788822.8384142,10.0,10.0,7.648587843023447,0.1541549834889942,-0.018267063681899086,0.6680605316604877,0.2481489220380859,-0.011795191568203087,0.554135978924569
1779788822.8483744,10.0,10.0,7.475408785616914,0.15421012188112254,-0.018364718538722628,0.6679499882009903,0.2481489220380859,-0.011795191568203087,0.554135978924569
1779788822.8584113,10.0,10.0,7.320043301470529,0.1542517735998774,-0.018455486066618038,0.6678522767845643,0.2481489220380859,-0.011795191568203087,0.554135978924569
1779788822.868339,10.0,10.0,7.176179264929925,0.1542830209149388,-0.018537643847214215,0.6677616435292704,0.2481489220380859,-0.011795191568203087,0.554135978924569
1779788822.878365,10.0,10.0,7.038249153799238,0.1542965705337971,-0.01861637909702059,0.6676775013745989,0.2481489220380859,-0.011795191568203087,0.554135978924569
1779788822.8883488,10.0,10.0,6.9274932935259725,0.15429319571139535,-0.018686159542355092,0.6676033325958434,0.2481489220380859,-0.011795191568203087,0.554135978924569
1779788822.8983474,10.0,10.0,6.835082594754832,0.15427227449092054,-0.01874545765328963,0.667544092543007,0.2481489220380859,-0.011795191568203087,0.554135978924569
1779788822.9083512,10.0,10.0,6.743481654041691,0.15423125893272033,-0.018798916621226184,0.6674986094561229,0.2481489220380859,-0.011795191568203087,0.554135978924569
1779788822.9184287,10.0,10.0,6.667805276203874,0.15417506058556762,-0.018849485177688002,0.6674654785415156,0.2481489220380859,-0.011795191568203087,0.554135978924569
1779788822.9283571,10.0,10.0,6.606630359822964,0.15411504811679178,-0.018902366119725927,0.6674510873323576,0.2481489220380859,-0.011795191568203087,0.554135978924569
1779788822.9384243,10.0,10.0,6.56353062728237,0.15404858464734017,-0.018958968804080028,0.6674667388979764,0.2481489220380859,-0.011795191568203087,0.554135978924569
1779788822.9484272,10.0,10.0,6.509019459306469,0.15396706286820774,-0.019010433410719157,0.6675039308090043,0.2481489220380859,-0.011795191568203087,0.554135978924569
1779788822.9583504,10.0,10.0,6.450340813123515,0.15387676333265932,-0.019059102961298837,0.6675650927121052,0.2481489220380859,-0.011795191568203087,0.554135978924569
1779788822.9683502,10.0,10.0,6.423657881879026,0.1537765494495625,-0.01910763751310615,0.6676470008612377,0.2481489220380859,-0.011795191568203087,0.554135978924569
1779788822.978345,10.0,10.0,6.431405448902537,0.15366959461303834,-0.01916048138555517,0.6677533664744058,0.2481489220380859,-0.011795191568203087,0.554135978924569
1779788822.9883518,10.0,10.0,6.467418843566588,0.15355432542333905,-0.019212365571754063,0.667886906161204,0.2481489220380859,-0.011795191568203087,0.554135978924569
1779788822.9983914,10.0,10.0,6.542156364446114,0.15342347689867492,-0.01927713335016398,0.66805240821482,0.2481489220380859,-0.011795191568203087,0.554135978924569
1779788823.0083497,10.0,10.0,6.640127571479492,0.15329397573522668,-0.019348768201057413,0.6682477080874348,0.2481489220380859,-0.011795191568203087,0.554135978924569
1779788823.0183682,10.0,10.0,6.796671029799251,0.1531745393744676,-0.019430524924729145,0.6684620781447453,0.2481489220380859,-0.011795191568203087,0.554135978924569
1779788823.0283623,10.0,10.0,6.9940335336688815,0.1530599196302889,-0.01951707079125087,0.6686924325090866,0.2481489220380859,-0.011795191568203087,0.554135978924569
1779788823.0384672,10.0,10.0,7.192200882879205,0.15295263627913044,-0.01960398060345287,0.6689267690057132,0.2481489220380859,-0.011795191568203087,0.554135978924569
1779788823.048375,10.0,10.0,7.386916314960496,0.15285726711149322,-0.019692300454752405,0.6691525269459692,0.2481489220380859,-0.011795191568203087,0.554135978924569
1779788823.0583847,10.0,10.0,7.568387428264545,0.15277598078701501,-0.01979146291544778,0.6693775889906601,0.2481489220380859,-0.011795191568203087,0.554135978924569
1779788823.068428,10.0,10.0,7.730360296030272,0.15271176891528712,-0.01990367869493928,0.6695940970528076,0.2481489220380859,-0.011795191568203087,0.554135978924569
1779788823.0783443,10.0,10.0,7.872921293900354,0.15265012861083543,-0.02002735315564422,0.669801478322046,0.2481489220380859,-0.011795191568203087,0.554135978924569
1779788823.088432,10.0,10.0,7.98479011285541,0.15259554174900827,-0.020161303699462205,0.6699906592537861,0.2481489220380859,-0.011795191568203087,0.554135978924569
1779788823.0984185,10.0,10.0,8.063105942224546,0.152552836533823,-0.020295651422115646,0.670162350181586,0.2481489220380859,-0.011795191568203087,0.554135978924569
1779788823.1083548,10.0,10.0,8.111830305868105,0.15252068741544092,-0.020420348380775385,0.6703213866182558,0.2481489220380859,-0.011795191568203087,0.554135978924569
1779788823.1183584,10.0,10.0,8.15583512359626,0.15249953772488425,-0.02053351082929743,0.6704560231601304,0.2481489220380859,-0.011795191568203087,0.554135978924569
1779788823.128396,10.0,10.0,8.212435981911801,0.15249004182197096,-0.020643148105524575,0.6705611052608103,0.2481489220380859,-0.011795191568203087,0.554135978924569
1779788823.1383414,10.0,10.0,8.292074532249273,0.15250141800400502,-0.020752159877822106,0.6706383176662014,0.2481489220380859,-0.011795191568203087,0.554135978924569
1779788823.1483462,10.0,10.0,8.367547352254126,0.15252608404349258,-0.02085276987067392,0.6706887379431167,0.2481489220380859,-0.011795191568203087,0.554135978924569
1779788823.1583278,10.0,10.0,8.42506004155756,0.15256732768128206,-0.020950662182505804,0.670703921539337,0.2481489220380859,-0.011795191568203087,0.554135978924569
1779788823.1684127,10.0,10.0,8.47558419609345,0.15262762010024022,-0.02104112173373308,0.6706828104531514,0.2481489220380859,-0.011795191568203087,0.554135978924569
1779788823.1783478,10.0,10.0,8.506812635735182,0.15269927667995392,-0.021128161516059493,0.670628228758335,0.2481489220380859,-0.011795191568203087,0.554135978924569
1779788823.188389,10.0,10.0,8.500459845691482,0.1527788407586601,-0.021206427950643033,0.6705482730036637,0.2481489220380859,-0.011795191568203087,0.554135978924569
1779788823.198341,10.0,10.0,8.440649716140381,0.15286324720989322,-0.021288914216025218,0.6704617579475826,0.2481489220380859,-0.011795191568203087,0.554135978924569
1779788823.208387,10.0,10.0,8.328548564942858,0.15294074485886927,-0.02137778389321839,0.6703716248957852,0.2481489220380859,-0.011795191568203087,0.554135978924569
1779788823.2184165,10.0,10.0,8.170725554378409,0.15301541386926948,-0.021465429195368098,0.6702770118227229,0.2481489220380859,-0.011795191568203087,0.554135978924569
1779788823.2283719,10.0,10.0,8.000497248431476,0.15308552759327834,-0.021551786648585695,0.6701888930403305,0.2481489220380859,-0.011795191568203087,0.554135978924569
1779788823.238355,10.0,10.0,7.817633885528945,0.15315201083110597,-0.021633911090369114,0.6701025561600803,0.2481489220380859,-0.011795191568203087,0.554135978924569
1779788823.2483506,10.0,10.0,7.632898008672879,0.15320305638965487,-0.02171187335029605,0.6700206936313905,0.2481489220380859,-0.011795191568203087,0.554135978924569
1779788823.2583244,10.0,10.0,7.462162528380751,0.1532429826042574,-0.021780128354290537,0.6699439280323293,0.2481489220380859,-0.011795191568203087,0.554135978924569
1779788823.268338,10.0,10.0,7.32223918128589,0.15326713944764855,-0.021852940917633134,0.6698729446516644,0.2481489220380859,-0.011795191568203087,0.554135978924569
1779788823.2783902,10.0,10.0,7.187597123437144,0.15327860572098176,-0.021920994479522154,0.669810090834669,0.2481489220380859,-0.011795191568203087,0.554135978924569
1779788823.2884195,10.0,10.0,7.0786514303120205,0.15327120374177286,-0.021976571504121165,0.6697537592298751,0.2481489220380859,-0.011795191568203087,0.554135978924569
1779788823.2983341,10.0,10.0,7.0012514452808325,0.15324408511511547,-0.022028663120028956,0.6697102716890376,0.2481489220380859,-0.011795191568203087,0.554135978924569
1779788823.3084133,10.0,10.0,6.934660227683113,0.1531971481078726,-0.02208748833617557,0.6696804331670791,0.2481489220380859,-0.011795191568203087,0.554135978924569
1779788823.3183367,10.0,10.0,6.880288188277152,0.1531417342287208,-0.02214401346925799,0.6696690847183522,0.2481489220380859,-0.011795191568203087,0.554135978924569
1779788823.3283732,10.0,10.0,6.8435802542841,0.15307725586459062,-0.022204454540357,0.6696784376048049,0.2481489220380859,-0.011795191568203087,0.554135978924569
1779788823.3383431,10.0,10.0,6.796143845674058,0.1530071416039996,-0.022265898071566342,0.6697157445958855,0.2481489220380859,-0.011795191568203087,0.554135978924569
1779788823.3484313,10.0,10.0,6.7356773010602895,0.15292243204735315,-0.022325437303465426,0.6697803538984891,0.2481489220380859,-0.011795191568203087,0.554135978924569
1779788823.3583612,10.0,10.0,6.690325350515935,0.15283392324656855,-0.022390450036340662,0.669873717892826,0.2481489220380859,-0.011795191568203087,0.554135978924569
1779788823.36842,10.0,10.0,6.682689648430978,0.15273841325814383,-0.02245992200325635,0.6699900199020181,0.2481489220380859,-0.011795191568203087,0.554135978924569
1779788823.378385,10.0,10.0,6.714265246166445,0.1526373129373183,-0.022531003311688676,0.6701332835354556,0.2481489220380859,-0.011795191568203087,0.554135978924569
1779788823.3883507,10.0,10.0,6.781513774320341,0.15252340275468634,-0.022606001033135387,0.6703005947654598,0.2481489220380859,-0.011795191568203087,0.554135978924569
1779788823.3983345,10.0,10.0,6.870587325514047,0.15240959663565679,-0.02269101860408002,0.6704939478264587,0.2481489220380859,-0.011795191568203087,0.554135978924569
1779788823.4083438,10.0,10.0,6.985647661709934,0.15230146532405872,-0.02278785484115006,0.6707042003702475,0.2481489220380859,-0.011795191568203087,0.554135978924569
1779788823.418336,10.0,10.0,7.1239025033040635,0.15220054529003288,-0.02288849829926022,0.6709233437296953,0.24815278307610075,-0.011795085751710765,0.5541589904344826
1779788823.4284263,10.0,10.0,7.286062730877152,0.1521048770191419,-0.022992376816966836,0.6711480184308259,0.24813853043042036,-0.00842418437420969,0.5541589904344826
1779788823.43837,10.0,10.0,7.4629664212929745,0.15202148514646205,-0.023090235448131408,0.6713710747140811,0.24809847740096722,-0.005209835208635865,0.5541589904344826
1779788823.4483647,10.0,10.0,7.632658025209241,0.1519526982282355,-0.023191775522664635,0.671587146291698,0.24803122344791936,-0.0019401838373237917,0.5541589904344826
1779788823.4584014,10.0,10.0,7.791989909920289,0.15189466220172107,-0.023289628803491322,0.6717897889735419,0.2479352781720515,0.0013884013543130035,0.5541589904344826
1779788823.4683816,10.0,10.0,7.945965093167645,0.15185366779782158,-0.023384843664401005,0.6719749880585821,0.24781395567472778,0.004659611107523821,0.5541589904344826
1779788823.4783974,10.0,10.0,8.059315991678435,0.15182338487272842,-0.023480799411420485,0.6721507842233703,0.24766554700148866,0.007936197644127063,0.5541589904344826
1779788823.4883811,10.0,10.0,8.129606315328946,0.15180610715877849,-0.02356644171693558,0.6723078372664003,0.24749526156336052,0.011124777425841219,0.5541589904344826
1779788823.4984107,10.0,10.0,8.173550387339725,0.15179723436363246,-0.023647228995531237,0.6724445506162889,0.24729011989335806,0.0144553073854915,0.5541589904344826
1779788823.508404,10.0,10.0,8.203230102438113,0.1517928815783433,-0.02371272246749728,0.6725580945111233,0.24706453406388604,0.017684982078485484,0.5541589904344826
1779788823.518383,10.0,10.0,8.244388899407562,0.1517974543041287,-0.023766793334942294,0.672638793730544,0.24680336589047866,0.021027675949060236,0.5541589904344826
1779788823.5283728,10.0,10.0,8.314706749453958,0.15180937087836158,-0.023809273645983123,0.6726820526864415,0.24652729263197046,0.024223438450819056,0.5541589904344826
1779788823.5383515,10.0,10.0,8.37130660225323,0.1518339329004834,-0.02383537499398273,0.6726910161988597,0.24622574274070277,0.027415446794193762,0.5541589904344826
1779788823.5483668,10.0,10.0,8.414832718467007,0.15186976340268837,-0.023848645268610944,0.6726707507211005,0.2458855839729964,0.030727001656541263,0.5541589904344826
1779788823.5583684,10.0,10.0,8.438056083106895,0.15191755766503406,-0.023853979410012813,0.6726306202795305,0.24553150605903676,0.03391730311683234,0.5541589904344826
1779788823.5683644,10.0,10.0,8.440657711912687,0.15198146105056207,-0.023849010518950647,0.6725849718296895,0.2451504975980134,0.03711554394224336,0.5541589904344826
1779788823.5783317,10.0,10.0,8.42207734307469,0.15205648193133536,-0.0238251708930072,0.6725246214345106,0.2447300299009337,0.04041491542062906,0.5541589904344826
1779788823.588424,10.0,10.0,8.364779349720482,0.15213804223379573,-0.023788450856568433,0.6724540746917649,0.24430019559507762,0.043581695452715175,0.5541589904344826
1779788823.5984058,10.0,10.0,8.255868411439558,0.15221235599938188,-0.02373356997912324,0.6723806917353025,0.24430019559507762,0.043581695452715175,0.5541589904344826
1779788823.6083822,10.0,10.0,8.118310368410983,0.15228404219215413,-0.023658947509904514,0.6723148543553488,0.24384348461801872,0.04675568189934195,0.5541589904344826
1779788823.6184072,10.0,10.0,7.970975196549385,0.15234787404136335,-0.023568036035613377,0.6722587261407981,0.24334242487155597,0.05004691195030858,0.5541589904344826
1779788823.628403,10.0,10.0,7.809756092851865,0.15240137830506523,-0.023465308881597754,0.6722171709144359,0.24282756034836325,0.0532515808046062,0.5541589904344826
1779788823.6383665,10.0,10.0,7.657572936876586,0.15244987379869088,-0.02335001170689036,0.672192423108476,0.24226996247676144,0.05654860058666444,0.5541589904344826
1779788823.64834,10.0,10.0,7.530760617554713,0.1524968748711247,-0.02322079620540686,0.6721841484902441,0.2416969560826788,0.05977416179979433,0.5541589904344826
1779788823.6583664,10.0,10.0,7.429330844216096,0.15254117938412948,-0.023085314369879754,0.6721745201733039,0.24108252674964212,0.06307381116041239,0.5541589904344826
1779788823.66834,10.0,10.0,7.329102794602886,0.15257542591968465,-0.022937867482266013,0.6721650805689757,0.2404692664473755,0.06622334593617465,0.5541589904344826
1779788823.6783376,10.0,10.0,7.240680008516915,0.1525849488827308,-0.02276815892046111,0.672156252195148,0.23980149372965612,0.06950896272687057,0.5541589904344826
1779788823.6883445,10.0,10.0,7.162167486058612,0.15255683350385,-0.022560443652822525,0.6721494026732913,0.23913938635476498,0.07263536372639243,0.5541589904344826
1779788823.6983755,10.0,10.0,7.120828455785018,0.1525250649484093,-0.02235603468524467,0.6721549241903528,0.2384524566818638,0.07575577650404944,0.5541589904344826
1779788823.7083635,10.0,10.0,7.088656078470218,0.15248758608251473,-0.02216854268455925,0.672177426212618,0.23771838925664276,0.07896608489587631,0.5541589904344826
1779788823.7184,10.0,10.0,7.061332734810927,0.15243824956513322,-0.021979207395257643,0.6722165396785461,0.23697029949999213,0.0821189926325552,0.5541589904344826
1779788823.7283618,10.0,10.0,7.046483553677809,0.15237013725589835,-0.021783067134790685,0.6722787996806193,0.23620237046038609,0.08524303480817644,0.5541589904344826
1779788823.738341,10.0,10.0,7.069571299866424,0.15228250566752966,-0.02156900474326771,0.672358729043592,0.2353844492951714,0.08845698985584613,0.5541589904344826
1779788823.7483172,10.0,10.0,7.1327606739478515,0.15217621296461933,-0.02135054609936286,0.6724547250808731,0.23456969623900084,0.09155275142373573,0.5541589904344826
1779788823.7584128,10.0,10.0,7.240395309055062,0.15206897920570422,-0.02111686822527695,0.6725692231821306,0.23372162984683312,0.09467291219134288,0.5541589904344826
1779788823.7683477,10.0,10.0,7.398996587755391,0.1519641236105978,-0.020880366646520043,0.6726853323971196,0.23283293173013905,0.09784029554044993,0.5541589904344826
1779788823.7783842,10.0,10.0,7.573539891079116,0.15186988968818013,-0.020651216532319046,0.672802003214076,0.23193534054794426,0.10094198158759357,0.5541589904344826
1779788823.7883356,10.0,10.0,7.7603525224003915,0.15179420065134863,-0.02042029394043681,0.67290707765857,0.23102046031007464,0.104010803793215,0.5541589904344826
1779788823.7983148,10.0,10.0,7.9672243092959745,0.15172909265459303,-0.020181818694947336,0.6730043169334506,0.23003920027132865,0.10720655193209844,0.5541589904344826
1779788823.8083415,10.0,10.0,8.154517804174718,0.15167261650220037,-0.01992788068523846,0.6730914200275416,0.2290667057622032,0.11028346835160163,0.5541589904344826
1779788823.8183293,10.0,10.0,8.318675726062008,0.15162471431620275,-0.01967227914184773,0.6731512829166774,0.22807558866776365,0.11333371359496025,0.5541589904344826
1779788823.8283248,10.0,10.0,8.45301709931568,0.15157795504719812,-0.019415490757153285,0.6731919183592499,0.22704151814293624,0.1164306733645463,0.5541589904344826
1779788823.838318,10.0,10.0,8.573970269370932,0.15155367841185355,-0.019157634600753762,0.6732172861268524,0.22599742015040122,0.11947529905421117,0.5541589904344826
1779788823.8483784,10.0,10.0,8.691517126377788,0.15155405231827204,-0.018895316972177743,0.6732361065297258,0.22490772685785568,0.12257068471828772,0.5541589904344826
1779788823.858346,10.0,10.0,8.795718272073989,0.15158163930883414,-0.018637931063693845,0.673245727681074,0.22378497001028788,0.12567808320627719,0.5541589904344826
1779788823.8683383,10.0,10.0,8.885158505975788,0.15163328097036866,-0.018373023147217334,0.6732337959629807,0.22378497001028788,0.12567808320627719,0.5541589904344826
1779788823.878359,10.0,10.0,8.958306131740688,0.15171450591702143,-0.018102067554916956,0.6731948619272445,0.22266555199619284,0.1286989107976817,0.5541589904344826
1779788823.8883164,10.0,10.0,9.019403492085551,0.15182499625754606,-0.017826002839037746,0.6731313264792873,0.22146023261654654,0.13187080661501774,0.5541589904344826
1779788823.898344,10.0,10.0,9.06183654897485,0.15195956482547887,-0.01754264891255058,0.6730418574136287,0.2202867455823945,0.13488354139302464,0.5541589904344826
1779788823.9083054,10.0,10.0,9.082044413699883,0.15211218867732754,-0.017242994380381294,0.6729249530922482,0.2190636444039787,0.1379493740695203,0.5541589904344826
1779788823.9183278,10.0,10.0,9.066877895303364,0.15227088675187167,-0.01693450621108843,0.6727815475133838,0.21785381636368975,0.1409117643419748,0.5541589904344826
1779788823.9283338,10.0,10.0,9.004592802218376,0.15243331307123584,-0.016613891665967856,0.6726120250493645,0.21660581840747048,0.1438987237978359,0.5541589904344826
1779788823.9383295,10.0,10.0,8.922666416107592,0.15260539022754674,-0.016281744414540774,0.6724189278572725,0.2153039619247686,0.14694425489175228,0.5541589904344826
1779788823.94832,10.0,10.0,8.8010870834188,0.15277115193111349,-0.015932025562035646,0.6722155445330402,0.21401688682206985,0.1498885249781724,0.5541589904344826
1779788823.9583158,10.0,10.0,8.646679975605883,0.15293387194886662,-0.015546602096260256,0.6720086738894802,0.2127111079661844,0.152811494853297,0.5541589904344826
1779788823.9683373,10.0,10.0,8.494569146368898,0.15309318935618596,-0.015132776084769803,0.6717986871768753,0.2113233166196052,0.15585105074064423,0.5541589904344826
1779788823.9783256,10.0,10.0,8.34061987329995,0.15323313973304434,-0.014697534978645482,0.6715946051151681,0.2099674049083826,0.1587575728909402,0.5541589904344826
1779788823.9883192,10.0,10.0,8.161278010925272,0.15335932296738988,-0.01423318675546621,0.6713954117469498,0.20858932817518408,0.16165085244904487,0.5541589904344826
1779788823.998343,10.0,10.0,7.993830831866935,0.1534690284049429,-0.01374012852236363,0.6712083978371574,0.20716560583415558,0.16457882330363752,0.5541589904344826
1779788824.00834,10.0,10.0,7.833179096077856,0.15356632931377637,-0.01322487388521929,0.6710469050595698,0.20573289561464544,0.16746559725441973,0.5541589904344826
1779788824.018347,10.0,10.0,7.654379500415169,0.1536474207412073,-0.012699714755853764,0.6709120238025709,0.20428763617008824,0.17031988561692427,0.5541589904344826
1779788824.0283852,10.0,10.0,7.483672690342812,0.15371694046246615,-0.012158897117751645,0.6708001186446488,0.20282021359383604,0.17316133423176686,0.5541589904344826
1779788824.0383961,10.0,10.0,7.355099359763111,0.15376616241868837,-0.01160086833389908,0.6707126847824311,0.20129009303299886,0.17606622033624594,0.5541589904344826
1779788824.0483115,10.0,10.0,7.2322360348867765,0.15378429058278248,-0.011033901388495878,0.6706500507448733,0.19975949632881404,0.1789154705697788,0.5541589904344826
1779788824.0583236,10.0,10.0,7.1164224411681145,0.15377709086063787,-0.010445809195694808,0.6705921472830008,0.1982239224358419,0.18171967361485797,0.5541589904344826
1779788824.0683568,10.0,10.0,7.038854583183237,0.15374844659884251,-0.009843658885950691,0.6705379784024867,0.196596853782083,0.18463419065439882,0.5541589904344826
1779788824.0783837,10.0,10.0,6.997736499995963,0.15371684515330905,-0.009243787716399074,0.6704983442627871,0.1949993219304915,0.18744139960698816,0.5541589904344826
1779788824.0883315,10.0,10.0,6.9816158056388025,0.15367966392468393,-0.008648864863954029,0.6704822038169638,0.19339001943567977,0.19021708512434846,0.5541589904344826
1779788824.098434,10.0,10.0,7.009314485717715,0.1536375015299873,-0.008041648005735546,0.6704817144676942,0.19174357281818907,0.19300482526955987,0.5541589904344826
1779788824.1084418,10.0,10.0,7.089054359646514,0.1536049873040484,-0.007436984581074386,0.670507246693932,0.1900738387608679,0.1957804281418524,0.5541589904344826
1779788824.1183202,10.0,10.0,7.195426024056371,0.1535599076951453,-0.006834149118281234,0.6705519486394512,0.1884029580492648,0.19850800317737197,0.5541589904344826
1779788824.1283813,10.0,10.0,7.318419386906117,0.15352166067064638,-0.006229962501581482,0.6706034016451407,0.18671122953709948,0.20122068309644117,0.5541589904344826
1779788824.1383824,10.0,10.0,7.470808043678886,0.1534938870369922,-0.00563270370650785,0.6706527179324754,0.18492026318635543,0.20404089644724405,0.5541589904344826
1779788824.148306,10.0,10.0,7.637595385411367,0.1534777137549235,-0.005041063658377202,0.6706986919886934,0.18317468544994706,0.2067404962896646,0.5541589904344826
1779788824.1583445,10.0,10.0,7.797440499669276,0.15347843659026655,-0.004458389382360821,0.6707216569121498,0.18139777478756527,0.20944058044779276,0.5541589904344826
1779788824.1683593,10.0,10.0,7.963962409225045,0.15349603672866605,-0.003886894538366315,0.6707282472369399,0.17960881888670746,0.21211183680401915,0.5541589904344826
1779788824.1783335,10.0,10.0,8.132807376986213,0.15352794966771577,-0.003331941370342434,0.6707211171121159,0.17779819438018588,0.21476900177483416,0.5541589904344826
1779788824.188329,10.0,10.0,8.304676145441801,0.15358518665760293,-0.002788959084661712,0.6707022635454649,0.17779819438018588,0.21476900177483416,0.5541589904344826
1779788824.1984053,10.0,10.0,8.469084293963267,0.15366995087367794,-0.0022608003003742666,0.6706675218707947,0.1759747291495574,0.2173994260477289,0.5541589904344826
1779788824.2083313,10.0,10.0,8.624323030694768,0.15378150484001468,-0.0017286447467002334,0.670619853603714,0.17411413459844835,0.220037870066166,0.5541589904344826
1779788824.2183125,10.0,10.0,8.784409785868476,0.15392227289929228,-0.0011962491277614478,0.6705513375071361,0.17222988283830146,0.22266455930087498,0.5541589904344826
1779788824.2283182,10.0,10.0,8.910377955094326,0.15407421713420563,-0.0006723037461464936,0.6704634881430991,0.17029879063701767,0.2253108209521826,0.5541589904344826
1779788824.2383027,10.0,10.0,8.973810158377406,0.1542508857549007,-0.0001485496267435136,0.6703510144719007,0.16835849931268507,0.22792460530166175,0.5541589904344826
1779788824.2483068,10.0,10.0,9.019704117252209,0.15445055474950167,0.00037046091963813173,0.670214772034765,0.1663989861963253,0.23051990596437624,0.5541589904344826
1779788824.2583485,10.0,10.0,9.02659448424001,0.1546539613904626,0.000893890001852044,0.6700523128015357,0.16444336094015768,0.2330670018476965,0.5541589904344826
1779788824.2683318,10.0,10.0,8.982286157052746,0.1548607055525648,0.001428748920375692,0.6698591762498042,0.16246321961163881,0.23560356374732502,0.5541589904344826
1779788824.2783363,10.0,10.0,8.915302935986638,0.15506842244607472,0.001966284438022636,0.6696564420364927,0.1604309519650414,0.23816382677330739,0.5541589904344826
1779788824.2882996,10.0,10.0,8.794054604487313,0.155272335163875,0.0024989459670486107,0.6694376082686743,0.15840990773817878,0.24066798161866396,0.5541589904344826
1779788824.2983038,10.0,10.0,8.65523510096994,0.15547224110744792,0.003056401451732574,0.6692026672403896,0.156377652414699,0.24314507408537453,0.5541589904344826
1779788824.3083413,10.0,10.0,8.507035370974101,0.15565004180274927,0.0036442085999215403,0.6689664588282367,0.15428561429418317,0.24565338647767535,0.5541589904344826
1779788824.3183057,10.0,10.0,8.339872425622918,0.1558129323377063,0.0042434047027040105,0.6687362994852386,0.15218513797879532,0.2481305281487046,0.5541589904344826
1779788824.3283114,10.0,10.0,8.153794361191034,0.1559573918437161,0.0048711063422763575,0.6685063904389265,0.15009164040315334,0.2505594376868833,0.5541589904344826
1779788824.3383904,10.0,10.0,8.001553192034999,0.1560987441929752,0.005509488140883288,0.6682776526988673,0.14797702657137182,0.252973425708726,0.5541589904344826
1779788824.3483036,10.0,10.0,7.859714395390005,0.15621948869990748,0.0061570255260188726,0.6680577841060288,0.14580693052240104,0.25541068140828604,0.5541589904344826
1779788824.3583047,10.0,10.0,7.712488631206292,0.1563329987914387,0.006821647987983145,0.6678507765364189,0.14361346480460777,0.25783405038816404,0.5541589904344826
1779788824.3683195,10.0,10.0,7.594604593445048,0.156435108459829,0.007497823559589707,0.6676665164345957,0.14143373771927545,0.2602033329547479,0.5541589904344826
1779788824.3783393,10.0,10.0,7.4553344583684105,0.15651247836799523,0.008180358176856962,0.6675076877926132,0.13918074239316383,0.2626125621041007,0.5541589904344826
1779788824.3884003,10.0,10.0,7.339535832294797,0.15658437479839143,0.008891896183180332,0.6673648683441502,0.13697945298089279,0.26492852781568926,0.5541589904344826
1779788824.398383,10.0,10.0,7.282359384764044,0.15663112762345324,0.009603223567248003,0.6672411819346893,0.13475733865347708,0.2672292961578412,0.5541589904344826
1779788824.408395,10.0,10.0,7.2097589283845025,0.15666658893188568,0.010321597973684522,0.6671284294609097,0.13235310389451407,0.2696776950686525,0.5541589904344826
1779788824.418345,10.0,10.0,7.160109806280656,0.15670261405076172,0.011043815801143813,0.6670237640110354,0.13004439711835672,0.2719897621908654,0.5541589904344826
1779788824.4283128,10.0,10.0,7.143638900615639,0.15672483706127377,0.011753225516514709,0.6669359761860174,0.12775359012703938,0.2742470171140084,0.5541589904344826
1779788824.4383736,10.0,10.0,7.15866864473207,0.15674450589676844,0.012462483407725112,0.666861905996876,0.12545826663456808,0.2764727393593427,0.5541589904344826
1779788824.4483137,10.0,10.0,7.222363813438965,0.15675010700355343,0.013182545546274944,0.6668026724616333,0.12314689709839202,0.2786784620636356,0.5541589904344826
1779788824.458325,10.0,10.0,7.316027245871606,0.15673941544857656,0.01390017754084103,0.6667657983604633,0.1208046150860658,0.2808781071113126,0.5541589904344826
1779788824.468312,10.0,10.0,7.430777985049204,0.15674838872450159,0.01462742394862357,0.6667336856545623,0.11840895081163541,0.2830916680214453,0.5541589904344826
1779788824.4783828,10.0,10.0,7.57123989871497,0.15676856145494011,0.015337601034818934,0.6667115303799573,0.1160057726619115,0.28527619270894533,0.5541589904344826
1779788824.4882984,10.0,10.0,7.690885097096055,0.15680203604881085,0.016027554310062128,0.6666913001909459,0.11362550705883259,0.2874051427672127,0.5541589904344826
1779788824.4982963,10.0,10.0,7.81343192801766,0.15686551512032262,0.016713176273532852,0.6666645499017267,0.11118979101161844,0.2895486575398317,0.5541589904344826
1779788824.5083668,10.0,10.0,7.956421126451993,0.15694302957294867,0.01738253393540328,0.6666326017763953,0.10872197459484931,0.2916850469064885,0.5541589904344826
1779788824.5183132,10.0,10.0,8.09038149406044,0.15703408507974714,0.018033719922620282,0.6665944315482166,0.10627937439766791,0.2937652737695474,0.5541589904344826
1779788824.5283113,10.0,10.0,8.222744280176824,0.15714372793540368,0.01867265930673412,0.666549997480831,0.10627937439766791,0.2937652737695474,0.5541589904344826
1779788824.5382946,10.0,10.0,8.351740770389592,0.1572694580562491,0.019296862608968457,0.6664977246174457,0.10375810062438032,0.295877414971908,0.5541589904344826
1779788824.5482872,10.0,10.0,8.442417340829419,0.15742067418161007,0.01990080396265143,0.6664306167878223,0.10128589652958656,0.29791453534977685,0.5541589904344826
1779788824.558311,10.0,10.0,8.522330287530519,0.15759135991392062,0.02050160755473018,0.6663424639063198,0.09880469366830427,0.29992597386988634,0.5541589904344826
1779788824.5683436,10.0,10.0,8.606692641959686,0.157775338181263,0.02109843036251132,0.6662329885324241,0.09629844599588924,0.3019247035215849,0.5541589904344826
1779788824.5783224,10.0,10.0,8.648601340166666,0.15798189611320507,0.021667013262515075,0.6661021263752629,0.09373081068002143,0.3039386395652802,0.5541589904344826
1779788824.588291,10.0,10.0,8.654143395136778,0.15820074994964678,0.02223066483254015,0.6659433493881545,0.09117138398752817,0.3059127828192011,0.5541589904344826
1779788824.598279,10.0,10.0,8.631803166795983,0.1584221005197762,0.022789841665351564,0.6657622955019228,0.0886150059683608,0.30785194943396166,0.5541589904344826
1779788824.6083026,10.0,10.0,8.552222192763375,0.15864435242710884,0.023351534972189416,0.6655613723436214,0.0860472212758204,0.30976753938950247,0.5541589904344826
1779788824.6183264,10.0,10.0,8.439409394727587,0.1588723144301595,0.023918042578292147,0.6653392103745434,0.08346190416821733,0.31166415625085186,0.5541589904344826
1779788824.6283095,10.0,10.0,8.31551613280475,0.1590756527413791,0.024486198881302084,0.6651091676067176,0.08082649101657419,0.31356500304581214,0.5541589904344826
1779788824.6383636,10.0,10.0,8.149286747338408,0.15925435768997137,0.025073453837615035,0.6648840342635967,0.07820725019870514,0.31542221582804586,0.5541589904344826
1779788824.6482897,10.0,10.0,7.985108510824212,0.15942335562218038,0.025677069731182292,0.664657985565826,0.07558714943411188,0.3172486927910001,0.5541589904344826
1779788824.6583033,10.0,10.0,7.830264637215337,0.15956651252866944,0.026287838926954958,0.6644456672166086,0.0727914612576544,0.3191635843930942,0.5541589904344826
1779788824.6683276,10.0,10.0,7.659552198723404,0.15969370098455385,0.026906867556883398,0.6642490037229455,0.0701285994766506,0.32095541134010974,0.5541589904344826
1779788824.6783164,10.0,10.0,7.5236573258033985,0.15980724917555192,0.027555083219195507,0.6640594163572321,0.0673887334344829,0.32276691676360686,0.5541589904344826
1779788824.6883595,10.0,10.0,7.430345964061633,0.1598989407888652,0.02821156040834408,0.66389081055554,0.06462573475881772,0.3245612370964494,0.5541589904344826
1779788824.6983051,10.0,10.0,7.3153917950443175,0.1599680238538906,0.028883492887661243,0.6637400490173927,0.061812264222159075,0.32635535432262064,0.5541589904344826
1779788824.708284,10.0,10.0,7.231682156296779,0.16002294421772,0.029577172242669335,0.6635952794711534,0.059095916674308,0.3280564535183049,0.5541589904344826
1779788824.7183387,10.0,10.0,7.184492416381844,0.1600609311339105,0.030267900742603288,0.663458172596405,0.05637508815829559,0.3297302086100721,0.5541589904344826
1779788824.7283573,10.0,10.0,7.140215075977059,0.16008800300274217,0.030965322260808774,0.6633269935266617,0.0536339074099737,0.331386416421752,0.5541589904344826
1779788824.7382977,10.0,10.0,7.13246089871301,0.16009814966466426,0.03166565954938751,0.6632074339439614,0.050840785523600884,0.33304341328105747,0.5541589904344826
1779788824.7482884,10.0,10.0,7.134135571630111,0.16009832172941246,0.03235795854045551,0.6631072262310533,0.04806540050908578,0.334659735937981,0.5541589904344826
1779788824.7583308,10.0,10.0,7.157256045216171,0.16009351251688902,0.033058755707520426,0.6630179525962989,0.04528099428401319,0.33625153187275664,0.5541589904344826
1779788824.7683313,10.0,10.0,7.219424914656943,0.1600712291899128,0.0337679788829623,0.6629408355520088,0.042488395607651025,0.3378184598897875,0.5541589904344826
1779788824.7783506,10.0,10.0,7.305776336325477,0.16003741713145309,0.0344741310162836,0.6628802202462707,0.039559517850742326,0.33943048970675366,0.5541589904344826
1779788824.7883306,10.0,10.0,7.4386082068321135,0.16002839455183507,0.0351871530641297,0.6628209717395177,0.03662144760597266,0.3410157518821766,0.5541589904344826
1779788824.798335,10.0,10.0,7.621270130898716,0.16003323671551914,0.035881776614193304,0.6627744109896871,0.03375918400221356,0.3425298655388754,0.5541589904344826
1779788824.8083515,10.0,10.0,7.7867788670991835,0.16007117621324557,0.03655020742241713,0.6627346968224804,0.030883718790734233,0.34402129256293423,0.5541589904344826
1779788824.8183305,10.0,10.0,7.932602934828565,0.1601380379760077,0.03719854196157637,0.6626910421943318,0.027981020900639586,0.34549706050701684,0.5541589904344826
1779788824.8283434,10.0,10.0,8.085875974524223,0.1602332209833047,0.03781774971443804,0.6626529181231116,0.02509146062302056,0.34693679275171213,0.5541589904344826
1779788824.8383305,10.0,10.0,8.22191097580441,0.16035098555740238,0.038409422790828054,0.6626173547276071,0.022191049204794644,0.3483528308501437,0.5541589904344826
1779788824.8483105,10.0,10.0,8.327173372482628,0.16048629506682333,0.03899614394142449,0.662567035342983,0.022191049204794644,0.3483528308501437,0.5541589904344826
1779788824.8582876,10.0,10.0,8.409253526270247,0.16063526915808907,0.039572908590172276,0.6625010302266038,0.019236620766371865,0.34976562017679624,0.5541589904344826
1779788824.8682902,10.0,10.0,8.484666978204825,0.16080330362171003,0.040127402350649835,0.6624338818381778,0.01627637073119126,0.3511515588878239,0.5541589904344826
1779788824.8783114,10.0,10.0,8.54739029023721,0.16098130728747684,0.04066815337643655,0.6623524254184886,0.013365137673101268,0.35248594594754246,0.5541589904344826
1779788824.8883095,10.0,10.0,8.59742648219209,0.16117579668363333,0.04120119823468065,0.662252305752295,0.010444505696022122,0.3537964538091572,0.5541589904344826
1779788824.8983076,10.0,10.0,8.631679046887,0.1613803247303767,0.04172627749328746,0.6621319243070631,0.007456571267914519,0.3551082597552973,0.5541589904344826
1779788824.908279,10.0,10.0,8.61576113700779,0.1615949112206581,0.04224628646378099,0.6620065365372395,0.004460642128176734,0.3563945396004644,0.5541589904344826
1779788824.918362,10.0,10.0,8.562190855254165,0.16181200973423104,0.04276415865023895,0.6618553671407716,0.0015159714285422343,0.35763077311147673,0.5541589904344826
1779788824.9283211,10.0,10.0,8.496850763711365,0.16202986286235263,0.04328868936033944,0.6616876705131863,-0.0015122065757999792,0.35887336859608554,0.5541589904344826
1779788824.9382968,10.0,10.0,8.405564841409458,0.16223029626954827,0.04381786185313707,0.6615145219802729,-0.004499406457766336,0.3600709214371591,0.5541589904344826
1779788824.9482958,10.0,10.0,8.288465121909576,0.1624029360244547,0.04435709855863804,0.661338217777243,-0.007483212060879679,0.3612393967755074,0.5541589904344826
1779788824.958278,10.0,10.0,8.149579910244396,0.16255665944982228,0.04491391449125116,0.6611528691152975,-0.010524670627376748,0.362402209175441,0.5541589904344826
1779788824.9683228,10.0,10.0,8.00968057288506,0.16268596482833578,0.04548061622546297,0.6609801595788325,-0.01354129407385432,0.3635276238292616,0.5541589904344826
1779788824.9783452,10.0,10.0,7.86270310476782,0.16279368283232754,0.04605841309837196,0.6608150804034242,-0.016554666288825876,0.36462433151702045,0.5541589904344826
1779788824.9882796,10.0,10.0,7.745414045805318,0.1628856623830655,0.04665660115249111,0.6606600277640295,-0.019563028464043036,0.3656920439684779,0.5541589904344826
1779788824.9982996,10.0,10.0,7.653150279945247,0.16296393100328366,0.04726920872923248,0.6605231985055217,-0.022598008941233733,0.3667419266120305,0.5541589904344826
1779788825.00831,10.0,10.0,7.560840631686053,0.16303510174246594,0.04787474825934648,0.660398412998401,-0.025686408607542593,0.36778239766851284,0.5541589904344826
1779788825.0182817,10.0,10.0,7.460455688905858,0.1631022629452722,0.04847975723609137,0.6602812095226687,-0.02875009089633704,0.36878697036015917,0.5541589904344826
1779788825.028371,10.0,10.0,7.405774256396891,0.16316498865076076,0.04907338837445295,0.6601669038778297,-0.03180001563440968,0.3697599719971558,0.5541589904344826
1779788825.038302,10.0,10.0,7.384858232194286,0.1632085227912814,0.0496573001141338,0.6600702255839047,-0.03490395503179053,0.37072269815970105,0.5541589904344826
1779788825.0482929,10.0,10.0,7.357479562356606,0.16323910665452407,0.05024633666835347,0.6599826997039916,-0.03800301334906611,0.3716564340484157,0.5541589904344826
1779788825.0583112,10.0,10.0,7.34221154389293,0.16324671576740493,0.05084856641470048,0.6598995322083049,-0.041114624703212116,0.3725665320405621,0.5541589904344826
1779788825.0683582,10.0,10.0,7.370917400065669,0.16323482545259527,0.05145555007545096,0.6598318417815394,-0.044202335686754496,0.37344267152903093,0.5541589904344826
1779788825.0783322,10.0,10.0,7.439370499422217,0.16320929663569733,0.05206741661198001,0.6597794412547615,-0.04737271767245313,0.37431450882805406,0.5541589904344826
1779788825.088339,10.0,10.0,7.5460374963373384,0.16319014161284415,0.05265851427439112,0.6597316755794517,-0.05050920334481698,0.3751495322217315,0.5541589904344826
1779788825.0983334,10.0,10.0,7.699851822575793,0.1631839404040364,0.053231321842271036,0.6596934250904141,-0.053616928772487776,0.3759501032794316,0.5541589904344826
1779788825.108313,10.0,10.0,7.875271972673314,0.163199855350157,0.05377182895137096,0.6596665468447742,-0.056812685324060225,0.37674570971304117,0.5541589904344826
1779788825.118281,10.0,10.0,8.038106081270708,0.1632442441934487,0.05428673663442472,0.6596437540503037,-0.0599381232940793,0.37749686352040535,0.5541589904344826
1779788825.1282725,10.0,10.0,8.19203657509193,0.16331829280408938,0.05477884509264221,0.659618387261415,-0.063053587469696,0.378219255373939,0.5541589904344826
1779788825.1382997,10.0,10.0,8.321549182654495,0.16340684699014718,0.05525579889992063,0.6595945556957958,-0.06632263763039234,0.3789491180710348,0.5541589904344826
1779788825.148319,10.0,10.0,8.438541155155598,0.1635044246640536,0.0557101692491782,0.6595625528936717,-0.06946906957859059,0.37962453501652366,0.5541589904344826
1779788825.1582892,10.0,10.0,8.550016786854709,0.16361873227432547,0.056156440466877004,0.6595231880325014,-0.072638153468324,0.3802781158307273,0.5541589904344826
1779788825.1682703,10.0,10.0,8.643636025527334,0.16374503756618497,0.05657883089846462,0.6594756112091124,-0.07583040204494942,0.3809095204023889,0.5541589904344826
1779788825.178333,10.0,10.0,8.709152495045187,0.16389209473188107,0.056995948943874414,0.6594139568000924,-0.07896946157372606,0.3815041511471945,0.5541589904344826
1779788825.1882753,10.0,10.0,8.75653806476307,0.16404615832397565,0.05740616230682504,0.659339854637675,-0.07896946157372606,0.3815041511471945,0.5541589904344826
1779788825.1983068,10.0,10.0,8.771723936014158,0.16421522494159277,0.05779362249175599,0.6592499591492083,-0.08211325420894985,0.3820737056433683,0.5541589904344826
1779788825.2083645,10.0,10.0,8.73486245122207,0.1643953018147473,0.05816810743968358,0.6591535588404687,-0.08532971874820164,0.3826296426889575,0.5541589904344826
1779788825.2182813,10.0,10.0,8.673051760415081,0.16456934906366139,0.05853327224071209,0.659034175109255,-0.08854564340163865,0.38315851740864837,0.5541589904344826
1779788825.2282803,10.0,10.0,8.592444531969658,0.16474326629388455,0.05889631359539038,0.6588934050941304,-0.09178471495054272,0.38366404978161667,0.5541589904344826
1779788825.2382786,10.0,10.0,8.502329707009295,0.16490033898726353,0.05926134994641774,0.6587439072801206,-0.09500553566716544,0.38413982025693716,0.5541589904344826
1779788825.248301,10.0,10.0,8.389677919983681,0.16503548518262143,0.05963232212348598,0.6585929969723159,-0.09817065767202957,0.38458131164237613,0.5541589904344826
1779788825.2583613,10.0,10.0,8.260447611388658,0.16514904904332903,0.060020546701695994,0.6584441814532819,-0.1013596196191984,0.38500009958317233,0.5541589904344826
1779788825.2682705,10.0,10.0,8.13013872001183,0.16523509801328426,0.06042382444903978,0.6582996187871994,-0.1047134442858432,0.3854124409899301,0.5541589904344826
1779788825.2783487,10.0,10.0,8.005004893044282,0.16531234879466764,0.060835657230979175,0.6581684148587773,-0.10791484335558518,0.3857792521256932,0.5541589904344826
1779788825.2882793,10.0,10.0,7.902308037006756,0.16536918457235333,0.06126224724905991,0.6580522513872422,-0.11115595930376096,0.386124033110974,0.5541589904344826
1779788825.2982893,10.0,10.0,7.809848634926185,0.1654208949223267,0.06169508206964303,0.6579449159164733,-0.11435142195192918,0.3864378427430332,0.5541589904344826
1779788825.3082767,10.0,10.0,7.72592127153504,0.1654497179194194,0.06213514107418161,0.6578467081617955,-0.1175655729983868,0.386727392313187,0.5541589904344826
1779788825.3183312,10.0,10.0,7.6449215318546555,0.16546683035615645,0.06258716044432058,0.6577498013040051,-0.12085445198561681,0.38699664190111366,0.5541589904344826
1779788825.3283165,10.0,10.0,7.587779394919451,0.16545955409317797,0.06304484124532941,0.6576582148168979,-0.12408944039816563,0.3872348587553112,0.5541589904344826
1779788825.3383744,10.0,10.0,7.560027335603727,0.1654349485708054,0.06350775560637016,0.657581807831471,-0.1273058061364664,0.3874455778751368,0.5541589904344826
1779788825.3482776,10.0,10.0,7.568168303670646,0.16540026635413088,0.06397687560102168,0.6575176482625839,-0.13057009622466784,0.38763284305149626,0.5541589904344826
1779788825.358311,10.0,10.0,7.609684863992025,0.16536187743153535,0.06443929520228708,0.6574636872540932,-0.1339132356197074,0.38779690189634825,0.5541589904344826
1779788825.3684251,10.0,10.0,7.6716370085839065,0.16532839265756072,0.06488488714452922,0.6574203976455468,-0.1372936296330304,0.38793429243762323,0.5541589904344826
1779788825.378282,10.0,10.0,7.78580112077599,0.16531679306941185,0.06531449280181421,0.6573867386014636,-0.1405110214185107,0.3880384698167359,0.5541589904344826
1779788825.3882709,10.0,10.0,7.941158663760493,0.16532263434549274,0.06570127083202211,0.6573646462147428,-0.14378493098362508,0.388117879923222,0.5541589904344826
1779788825.3982744,10.0,10.0,8.093134240814944,0.16535429408056218,0.06606205343098043,0.657343453568495,-0.14701126592708988,0.38816990464901435,0.5541589904344826
1779788825.4082727,10.0,10.0,8.247341737516233,0.16540825275327903,0.06641166869224017,0.6573198383667416,-0.15022452966546576,0.38819584733855916,0.5541589904344826
1779788825.4183168,10.0,10.0,8.388332472293177,0.16547437788475533,0.06673611769875375,0.6572925203322199,-0.15348129164962984,0.38819580097999734,0.5541589904344826
1779788825.4282851,10.0,10.0,8.498642804108789,0.16555493558744883,0.06704036328858738,0.657263208907838,-0.15676134810319628,0.38816895174821525,0.5541589904344826
1779788825.4382434,10.0,10.0,8.581298814830618,0.16564798125789912,0.06733078738238844,0.6572242441423769,-0.159995590501031,0.3881161351415675,0.5541589904344826
1779788825.4483075,10.0,10.0,8.64302955486449,0.16575303513004927,0.06759299971179054,0.6571822016652858,-0.16333546413983593,0.38803412992815267,0.5541589904344826
1779788825.4583285,10.0,10.0,8.66088744493203,0.16586958106122487,0.06783568607370727,0.6571347845780232,-0.1665404675957682,0.38792918312864744,0.5541589904344826
1779788825.468263,10.0,10.0,8.654834762955915,0.16598425364800265,0.06807431749490321,0.6570757786908321,-0.1665404675957682,0.38792918312864744,0.5541589904344826
1779788825.478291,10.0,10.0,8.632376052221339,0.16610749243742792,0.06830313327180892,0.6570046272196604,-0.16981940786274172,0.387795185210482,0.5541589904344826
1779788825.4882703,10.0,10.0,8.594398376619974,0.16623242977846753,0.06852262254115254,0.65691888115312,-0.17307068997287536,0.38763569714877744,0.5541589904344826
1779788825.498305,10.0,10.0,8.536781740348214,0.1663564143117131,0.0687366820153786,0.6568161752559125,-0.17628316903259136,0.3874520463637035,0.5541589904344826
1779788825.5082886,10.0,10.0,8.46058642175501,0.1664718128248301,0.06895756101455874,0.6567048972076097,-0.17954998887164922,0.3872386811760554,0.5541589904344826
1779788825.5183012,10.0,10.0,8.369179789232007,0.1665635576732064,0.06919050021764789,0.6565917051817096,-0.18283580537059405,0.3869969664509478,0.5541589904344826
1779788825.5283642,10.0,10.0,8.265012930233535,0.16663411144025997,0.06943553344720127,0.6564758765175824,-0.1861029709339125,0.386729618525198,0.5541589904344826
1779788825.5382643,10.0,10.0,8.169979792606457,0.1666849813081641,0.06969486158236436,0.6563643265579351,-0.1893847481160358,0.3864339108937357,0.5541589904344826
1779788825.5482733,10.0,10.0,8.08341261642112,0.16670770303428778,0.06996724542862957,0.6562612354488297,-0.19259720486986912,0.3861180230398923,0.5541589904344826
1779788825.558243,10.0,10.0,7.998834579480593,0.16672054438413716,0.07024643726642985,0.6561762471165611,-0.19591995388237812,0.38576371696192396,0.5541589904344826
1779788825.5683317,10.0,10.0,7.916955884960208,0.16671555466960636,0.07053332293199972,0.6560960225506224,-0.1991166602438145,0.3853963186491015,0.5541589904344826
1779788825.578272,10.0,10.0,7.839587363448026,0.16669320565331733,0.0708244124989343,0.6560268070042538,-0.2022984834025944,0.38500472049250606,0.5541589904344826
1779788825.5882707,10.0,10.0,7.787622660748873,0.16665885413344472,0.07110733818735666,0.6559611976380462,-0.2055893304875475,0.38457242899639804,0.5541589904344826
1779788825.598288,10.0,10.0,7.771095849580389,0.16662205807498776,0.07138741404284395,0.6559062893473576,-0.20877140246670653,0.38412796706523034,0.5541589904344826
1779788825.6082747,10.0,10.0,7.782096204992274,0.16656856168260872,0.07166277880762724,0.655857146494125,-0.21195379997873212,0.38365735229979525,0.5541589904344826
1779788825.6183336,10.0,10.0,7.817328983834042,0.16650888791348414,0.07193179307565038,0.6558154207648086,-0.21528229450160316,0.3831370970712558,0.5541589904344826
1779788825.628312,10.0,10.0,7.88611385753037,0.16644794928385898,0.07219035946391868,0.6557817738209246,-0.21846474337975905,0.3826127606736027,0.5541589904344826
1779788825.6382842,10.0,10.0,8.009560852731592,0.1664235841611689,0.07242082077109471,0.6557521551361711,-0.2216617651995582,0.3820594297654782,0.5541589904344826
1779788825.6482995,10.0,10.0,8.162780920743332,0.16641804620053674,0.07262571211103135,0.6557296426958455,-0.22484230469480768,0.3814823918269523,0.5541589904344826
1779788825.6582875,10.0,10.0,8.294761794885654,0.1664399238232544,0.07280886731240208,0.6557036376619142,-0.22799851497544601,0.38088346463312056,0.5541589904344826
1779788825.668331,10.0,10.0,8.40972445195122,0.16647892929767028,0.07296623151619004,0.655677031415573,-0.23127863458023282,0.38023312946771215,0.5541589904344826
1779788825.6782544,10.0,10.0,8.510075776649016,0.16652916721983013,0.07310923847083049,0.6556468141720715,-0.2344158855423811,0.3795843900705718,0.5541589904344826
1779788825.6883287,10.0,10.0,8.60393213147483,0.16658969363837972,0.07324379128285664,0.6556126354325154,-0.2375949020196015,0.37890021948713687,0.5541589904344826
1779788825.6982505,10.0,10.0,8.670611488275165,0.166647908850642,0.07336611243986323,0.6555829374524706,-0.24075268077646442,0.3781937777969276,0.5541589904344826
1779788825.708286,10.0,10.0,8.687927737689263,0.1667107104783184,0.07348355140755683,0.655544113124511,-0.2439578078881963,0.37744923704174377,0.5541589904344826
1779788825.7182944,10.0,10.0,8.679202135696347,0.16677301305178527,0.07358873774615833,0.6555013947491252,-0.24707281126454508,0.37669892790070686,0.5541589904344826
1779788825.7283175,10.0,10.0,8.655089118480692,0.16684313215726493,0.07368620856899236,0.6554454627519098,-0.2501791210696256,0.3759243463577829,0.5541589904344826
1779788825.7383513,10.0,10.0,8.627800837465749,0.16691659901233974,0.07377793125501608,0.6553716785260861,-0.2533441808414145,0.3751078699808867,0.5541589904344826
1779788825.7482824,10.0,10.0,8.58029381032466,0.16698885017202225,0.07386725334929832,0.655280622059634,-0.2533441808414145,0.3751078699808867,0.5541589904344826
1779788825.758275,10.0,10.0,8.520362254740581,0.16705676275758594,0.07396318909730457,0.6551776769477266,-0.25645111974972834,0.3742794717126138,0.5541589904344826
1779788825.7682867,10.0,10.0,8.456915472825472,0.16711938040569868,0.07406852501522929,0.6550711560914758,-0.2596916887605616,0.37338684608361855,0.5541589904344826
1779788825.7782915,10.0,10.0,8.383980582765538,0.16717319115635149,0.0741782250637341,0.654975091055363,-0.26277843135060364,0.37250925526038675,0.5541589904344826
1779788825.7882998,10.0,10.0,8.293242310030973,0.1672108500327673,0.07430154083828099,0.6548861634575307,-0.2658568933569835,0.3716072681184152,0.5541589904344826
1779788825.798297,10.0,10.0,8.199663049889757,0.16722481251404162,0.07443639188332303,0.654811814562449,-0.2690911600760528,0.37063064605560875,0.5541589904344826
1779788825.808289,10.0,10.0,8.105468720782252,0.16722279836569753,0.0745785844196315,0.6547481234346094,-0.2723285069220095,0.36962312691282906,0.5541589904344826
1779788825.8182936,10.0,10.0,8.02884693485164,0.16721552954641747,0.07472186095134765,0.6546978137410946,-0.27538591696943504,0.3686438647963233,0.5541589904344826
1779788825.828332,10.0,10.0,7.971858651445773,0.16719940305112127,0.07486615795458128,0.6546518146862964,-0.27842871112102774,0.3676423167252836,0.5541589904344826
1779788825.838268,10.0,10.0,7.946693030706064,0.16716704985313063,0.07501707227431606,0.6546048491851226,-0.28159533858043706,0.36657121080541566,0.5541589904344826
1779788825.8483343,10.0,10.0,7.935476235824595,0.16711249261381236,0.07517508357819776,0.6545635759901475,-0.28461863019173117,0.3655209533904084,0.5541589904344826
1779788825.8582869,10.0,10.0,7.934405967782084,0.1670582659725569,0.07532784823169858,0.6545305904493202,-0.2876367667670534,0.3644453322693792,0.5541589904344826
1779788825.8683476,10.0,10.0,7.989858748905538,0.16700637697943627,0.07547670090624693,0.6545076006156078,-0.29073696054286935,0.3633119739098218,0.5541589904344826
1779788825.8783066,10.0,10.0,8.0847270875239,0.1669726795663939,0.07560695024581533,0.6544927055033073,-0.2937452583094704,0.3621843601624022,0.5541589904344826
1779788825.8883018,10.0,10.0,8.187626835116296,0.1669459625348107,0.07570347786586472,0.6544807802383974,-0.2967384821307095,0.36103492197161874,0.5541589904344826
1779788825.898268,10.0,10.0,8.286779453368565,0.16693938387813437,0.07578175448985315,0.6544665453048537,-0.299862617550529,0.35980570645407023,0.5541589904344826
1779788825.9082878,10.0,10.0,8.382384637918557,0.16695214454863533,0.07583400867572629,0.6544597431948339,-0.3028503319920375,0.3586017024870029,0.5541589904344826
1779788825.918266,10.0,10.0,8.462879856083319,0.16697174587667654,0.07587517099213292,0.6544482199731397,-0.3059588198225073,0.3573191921675879,0.5541589904344826
1779788825.9283192,10.0,10.0,8.535647993485496,0.16699093803792514,0.07590849547904624,0.6544344142234053,-0.3089168937194614,0.3560701985169871,0.5541589904344826
1779788825.9382517,10.0,10.0,8.601394246385324,0.16701094528914218,0.07593491668826297,0.6544193685043449,-0.3118528462919421,0.35480273741353546,0.5541589904344826
1779788825.948257,10.0,10.0,8.647856410448645,0.1670358365591032,0.07595211314103936,0.6543997890316803,-0.3148268972012003,0.35349028810759614,0.5541589904344826
1779788825.9583495,10.0,10.0,8.672225896676737,0.16706243836068238,0.0759677013455288,0.654373677746025,-0.3177737021434407,0.352161226727228,0.5541589904344826
1779788825.9682941,10.0,10.0,8.674676834562456,0.16709793212976903,0.0759743593566251,0.6543400214196357,-0.3206882162209086,0.35081838387939673,0.5541589904344826
1779788825.9782495,10.0,10.0,8.658440837915894,0.16713298825698403,0.07598442528095181,0.6542887774789031,-0.32358162189104045,0.3494570717178205,0.5541589904344826
1779788825.9882731,10.0,10.0,8.629933953369441,0.167183673638815,0.07598803158322777,0.6542164271901625,-0.32663594335416457,0.347989217954872,0.5541589904344826
1779788825.9983556,10.0,10.0,8.597281994224291,0.16723502952791672,0.07600088927256825,0.6541216898482379,-0.32950744456650716,0.34658000249012133,0.5541589904344826
1779788826.0083072,10.0,10.0,8.528171260089538,0.1672799814400321,0.07601355537497344,0.6540265701801148,-0.33244187447902374,0.3451102896593795,0.5541589904344826
1779788826.0182843,10.0,10.0,8.440665797606844,0.1673254196645343,0.0760354024267698,0.6539270381475313,-0.33530676043909446,0.34364617541493603,0.5541589904344826
1779788826.0282574,10.0,10.0,8.36709199845941,0.16736578290400603,0.07605431627103502,0.6538356729167817,-0.33530676043909446,0.34364617541493603,0.5541589904344826
1779788826.0382612,10.0,10.0,8.27683857738895,0.1673936213946606,0.07607506747018183,0.6537606403399276,-0.33815038270167386,0.3421640104557199,0.5541589904344826
1779788826.0482874,10.0,10.0,8.169800784362561,0.16740582299617945,0.076108939757045,0.6537001786130363,-0.34101965957793867,0.3406389022849194,0.5541589904344826
1779788826.0582974,10.0,10.0,8.066381399741033,0.16739943003915658,0.07614925928857418,0.6536570604433547,-0.34388014411459966,0.3390885156974873,0.5541589904344826
1779788826.0682616,10.0,10.0,7.976028927737283,0.1673797187181599,0.07619840688286315,0.6536335617373162,-0.3467023824196651,0.33752916102038066,0.5541589904344826
1779788826.0782833,10.0,10.0,7.914211241460851,0.1673487219523192,0.07625582602884971,0.6536211751268907,-0.3495390208177328,0.3359317237241299,0.5541589904344826
1779788826.088247,10.0,10.0,7.885481112415187,0.16730397179449227,0.07631110857234301,0.6536130275794872,-0.3523481703254677,0.3343195912870242,0.5541589904344826
1779788826.0983224,10.0,10.0,7.875300074572066,0.16725154335574602,0.07636523248019825,0.6536054023158974,-0.3551352212781824,0.332690049028938,0.5541589904344826
1779788826.1083357,10.0,10.0,7.875757137905332,0.1671836123121895,0.07642209469556788,0.6536044352166032,-0.3578878004964203,0.33105082373935846,0.5541589904344826
1779788826.1182735,10.0,10.0,7.903637643583831,0.16711609670516858,0.07647634863580709,0.6536086313304713,-0.3607665754341576,0.3293042568857283,0.5541589904344826
1779788826.1283367,10.0,10.0,7.9863788496556705,0.1670594411342548,0.07651577615283202,0.6536198910710093,-0.36353976559667633,0.32759015927785506,0.5541589904344826
1779788826.1382973,10.0,10.0,8.093134844917143,0.16701670344374991,0.07653974630801476,0.6536253545412424,-0.36630020822768383,0.3258526808596059,0.5541589904344826
1779788826.1482463,10.0,10.0,8.198872866651952,0.1669888025061532,0.07655895401839244,0.6536331093150142,-0.36902527043070366,0.32410640728268975,0.5541589904344826
1779788826.1582527,10.0,10.0,8.293861646091658,0.16697950907092174,0.07656866869112221,0.6536341702999445,-0.3717388324569012,0.32233635217612694,0.5541589904344826
1779788826.1682534,10.0,10.0,8.379195362727907,0.16698075894835795,0.07657071953807429,0.6536331586095444,-0.3744461357178198,0.32053890665246265,0.5541589904344826
1779788826.1782386,10.0,10.0,8.453883283194788,0.16698882915474536,0.07656963344667247,0.6536267645368365,-0.37711947753406605,0.3187326598595354,0.5541589904344826
1779788826.1882439,10.0,10.0,8.502236440502587,0.16699641536155263,0.07656670363313031,0.6536181260689468,-0.379765787252926,0.31691349084989684,0.5541589904344826
1779788826.1982884,10.0,10.0,8.531419746076484,0.16700631910150787,0.07656362751179914,0.653611606972488,-0.38249747772637577,0.31500253097355974,0.5541589904344826
1779788826.2082894,10.0,10.0,8.562105660683166,0.16702631883807847,0.0765536271208985,0.6535950055879067,-0.38512073020318505,0.313135237051216,0.5541589904344826
1779788826.2182693,10.0,10.0,8.610006053872535,0.16705871988892704,0.07653389211025158,0.6535647083695996,-0.3877143970159872,0.3112574513378207,0.5541589904344826
1779788826.228241,10.0,10.0,8.645028364572445,0.16708878366214477,0.07651788298073202,0.6535168243113478,-0.3904042100216082,0.3092763273210058,0.5541589904344826
1779788826.2383225,10.0,10.0,8.640409561775472,0.16713350402383043,0.07649339895718575,0.6534545362468324,-0.39297977760621305,0.30734657827455397,0.5541589904344826
1779788826.248291,10.0,10.0,8.620910565133679,0.16718863787316238,0.0764705536498737,0.653370954259922,-0.39557351650184747,0.3053702138343065,0.5541589904344826
1779788826.258266,10.0,10.0,8.582466740833308,0.16725167292836537,0.0764395385657449,0.6532682991766924,-0.398153492762801,0.3033708672699814,0.5541589904344826
1779788826.2682974,10.0,10.0,8.520772904313224,0.167312768770713,0.07641682840832081,0.6531439093983092,-0.4006764928954277,0.3013827772038614,0.5541589904344826
1779788826.2782884,10.0,10.0,8.430335364073684,0.16737283324721725,0.07639841799578548,0.6530150673100575,-0.4032225795880533,0.29934287887824007,0.5541589904344826
1779788826.288237,10.0,10.0,8.319376389234156,0.1674194150012041,0.07639177375612595,0.652882612350198,-0.4057578245925755,0.29727745129984595,0.5541589904344826
1779788826.2982566,10.0,10.0,8.191051664671296,0.1674553884248308,0.07639382002374157,0.6527616194714033,-0.4082288133254286,0.2952308586125527,0.5541589904344826
1779788826.308243,10.0,10.0,8.05000064536747,0.1674778661723541,0.07640445531528152,0.6526510373488377,-0.4107024891675769,0.2931482295940661,0.5541589904344826
1779788826.3182702,10.0,10.0,7.905530383029361,0.16748905093745503,0.07642924275172136,0.6525490256241543,-0.41315922911657077,0.2910456877787233,0.5541589904344826
1779788826.3282487,10.0,10.0,7.776967495656826,0.16748952720374852,0.07645384233636891,0.6524680911425792,-0.41558929875591444,0.2889317679167162,0.5541589904344826
1779788826.3382936,10.0,10.0,7.674375097218973,0.167484635692258,0.07648376192558333,0.6524015782291092,-0.41558929875591444,0.2889317679167162,0.5541589904344826
1779788826.3482687,10.0,10.0,7.60149896006563,0.16746828147996606,0.07651559382669215,0.6523551356759348,-0.4179965916029925,0.28680340920231945,0.5541589904344826
1779788826.3582675,10.0,10.0,7.550486159260867,0.1674375661619893,0.07655251029185844,0.6523214094485343,-0.4204134739414882,0.2846315350325582,0.5541589904344826
1779788826.3683128,10.0,10.0,7.516482348464479,0.1673903053681809,0.07659655669211553,0.652305388673311,-0.4228147264651012,0.2824381721006424,0.5541589904344826
1779788826.3782866,10.0,10.0,7.487952374957139,0.16732762119314212,0.07664440141705067,0.6523088191851092,-0.4251644061959514,0.28025686253476084,0.5541589904344826
1779788826.3882508,10.0,10.0,7.4817740251396705,0.16725404212743417,0.07669328778315207,0.6523300035116046,-0.42749625523315893,0.2780570481692897,0.5541589904344826
1779788826.3983045,10.0,10.0,7.507614950219264,0.16717683316499704,0.07674184048045929,0.6523531365478457,-0.429845692014998,0.27580450695545294,0.5541589904344826
1779788826.408305,10.0,10.0,7.554543136212156,0.16708785505576343,0.0767928875413228,0.6523745809136027,-0.43216455729363235,0.2735448740632192,0.5541589904344826
1779788826.4182675,10.0,10.0,7.61262417726816,0.16701209723016275,0.0768358383064235,0.6523991443180535,-0.43443306976837315,0.2712984777555865,0.5541589904344826
1779788826.4282384,10.0,10.0,7.690649023694373,0.16695396125986023,0.07686097090163148,0.6524209465697434,-0.43669514218917893,0.26902232056578496,0.5541589904344826
1779788826.438252,10.0,10.0,7.799846628958768,0.1669158878365041,0.07687945162233571,0.6524364671952182,-0.4390134460947144,0.2666512114604112,0.5541589904344826
1779788826.4482532,10.0,10.0,7.931728028753225,0.16689088753379308,0.07689786563578307,0.6524451837347313,-0.4412572823791878,0.2643183412439845,0.5541589904344826
1779788826.458251,10.0,10.0,8.058258730692883,0.16688023570461968,0.07691053146764311,0.6524465542117622,-0.4434975763147797,0.26195097498084363,0.5541589904344826
1779788826.468241,10.0,10.0,8.180817464136863,0.16688619980490257,0.07691128971480973,0.6524407576315764,-0.44569094187986447,0.2595952796150371,0.5541589904344826
1779788826.4782674,10.0,10.0,8.286418543596438,0.16689702897560116,0.07690732508844404,0.6524271140103318,-0.44785221953794996,0.2572363822679453,0.5541589904344826
1779788826.488232,10.0,10.0,8.370926333840057,0.16691169772001088,0.07689793813386027,0.6524138366224315,-0.4499974777443456,0.2548570130849353,0.5541589904344826
1779788826.4982438,10.0,10.0,8.442096828752453,0.1669353628259794,0.07688241573572363,0.652392788946473,-0.45222538006451285,0.25234485436969334,0.5541589904344826
1779788826.5082316,10.0,10.0,8.516605989549078,0.16697107468454087,0.07685575078376702,0.652361691026863,-0.454337240079844,0.24992377622789633,0.5541589904344826
1779788826.51823,10.0,10.0,8.57354327117793,0.16701098521461302,0.07682859394541323,0.6523162416618236,-0.45645292137715965,0.2474584004673099,0.5541589904344826
1779788826.528261,10.0,10.0,8.59278746546046,0.16706057715794367,0.0767990697989277,0.6522532861542935,-0.4585342163943502,0.24499299445402087,0.5541589904344826
1779788826.5382502,10.0,10.0,8.586285495826594,0.1671228291369653,0.0767695965881344,0.652173134338022,-0.4605981309409244,0.24250775650612985,0.5541589904344826
1779788826.5482557,10.0,10.0,8.564938934995329,0.1671948861921834,0.07673027606323855,0.6520673534489418,-0.46264263015637275,0.24000503837289536,0.5541589904344826
1779788826.5582216,10.0,10.0,8.515141932037835,0.16726682986217842,0.07669485663611735,0.6519415904045434,-0.4646789729813282,0.23747066213990436,0.5541589904344826
1779788826.5682468,10.0,10.0,8.431255097041491,0.16733344678155557,0.07666785275890743,0.6517981456547981,-0.46668583563377464,0.23493106643634032,0.5541589904344826
1779788826.5782409,10.0,10.0,8.311999067657137,0.16739666620050617,0.07664942716634474,0.651644337457651,-0.46865136352346315,0.2324021949719613,0.5541589904344826
1779788826.588284,10.0,10.0,8.17579565600108,0.16745572796800762,0.07663446398647886,0.6514894886148929,-0.47064059791997204,0.2297995944693149,0.5541589904344826
1779788826.598303,10.0,10.0,8.031926988188712,0.16750197211648704,0.07662876485737954,0.6513401729911904,-0.472578917200146,0.227220427359327,0.5541589904344826
1779788826.6082032,10.0,10.0,7.882068797836912,0.16753602077322052,0.07663539022415508,0.6511910200585582,-0.47449272038154533,0.22463069135875627,0.5541589904344826
1779788826.6182454,10.0,10.0,7.728476583278316,0.16755169820666335,0.0766538607291566,0.6510591393804992,-0.47637013342031875,0.22204711637425814,0.5541589904344826
1779788826.6282327,10.0,10.0,7.589417823812117,0.16755434514390335,0.0766869283101371,0.6509360791090512,-0.47831332470394794,0.219326550454263,0.5541589904344826
1779788826.6382523,10.0,10.0,7.47978072528036,0.16754866971641974,0.0767212959591986,0.6508305142369913,-0.4801581565236349,0.21669843176680745,0.5541589904344826
1779788826.648267,10.0,10.0,7.399876339579398,0.16753489298415128,0.07674930007527771,0.6507423490053681,-0.4820112715355026,0.21401255069079703,0.5541589904344826
1779788826.6582446,10.0,10.0,7.339304317230521,0.1675031766820353,0.0767669831017717,0.6506702349629682,-0.4838616807334867,0.21128297005793362,0.5541589904344826
1779788826.6682408,10.0,10.0,7.276518170440381,0.16745530418388296,0.07679249573437535,0.6506230118869956,-0.4838616807334867,0.21128297005793362,0.5541589904344826
1779788826.6782222,10.0,10.0,7.203841152148255,0.16740523042213756,0.0768294703415297,0.6506034403647953,-0.4856408073252221,0.20861202171438153,0.5541589904344826
1779788826.6882677,10.0,10.0,7.152318834179961,0.16734245894533714,0.07687990074635292,0.6506136780748403,-0.48747335036666606,0.20581140522368271,0.5541589904344826
1779788826.6982083,10.0,10.0,7.136351819420113,0.16725877317923052,0.07693680705997352,0.6506452771819955,-0.48920436611733153,0.20311808593130679,0.5541589904344826
1779788826.7082167,10.0,10.0,7.139488391373099,0.16716331789134822,0.0769918505447842,0.6506810031505654,-0.49095745967801663,0.20034117425586048,0.5541589904344826
1779788826.7182276,10.0,10.0,7.157876502352827,0.16705659863805752,0.07704677276437957,0.6507226542582204,-0.49266250774935993,0.19759096645292568,0.5541589904344826
1779788826.7281978,10.0,10.0,7.192043659256187,0.1669443144526464,0.07709020975130296,0.6507730342641164,-0.4943476842547554,0.19482302373731442,0.5541589904344826
1779788826.738235,10.0,10.0,7.271484254832046,0.1668436105203028,0.07712138201736579,0.6508301087918034,-0.49601834783247767,0.1920280685369863,0.5541589904344826
1779788826.7482352,10.0,10.0,7.411757868231115,0.16675727485808264,0.07714230371560435,0.6508854949511088,-0.4976805703084839,0.1891948890923005,0.5541589904344826
1779788826.7582934,10.0,10.0,7.595581755497409,0.1666780047697638,0.07715357976680624,0.6509336675786697,-0.4992935387739974,0.18639362253203298,0.5541589904344826
1779788826.7682388,10.0,10.0,7.798640394598094,0.16661493108567513,0.07716540055095238,0.6509698486629408,-0.5009103048922291,0.18353208678155966,0.5541589904344826
1779788826.7782083,10.0,10.0,7.99766746466181,0.16656744321194075,0.07716441751791628,0.6509948244894086,-0.502477285290604,0.18070512599649366,0.5541589904344826
1779788826.7882724,10.0,10.0,8.193050067601208,0.1665401873236891,0.0771494235181649,0.6510106256849812,-0.5040100434656662,0.17788662798058844,0.5541589904344826
1779788826.7982554,10.0,10.0,8.382773252567226,0.16652997593533211,0.07712598087561766,0.6510224808868454,-0.5055772978460322,0.17494771255771346,0.5541589904344826
1779788826.8082387,10.0,10.0,8.528729210710779,0.16652863727127268,0.07709653337347033,0.6510300437810965,-0.5070801774764303,0.17207285548348197,0.5541589904344826
1779788826.8182323,10.0,10.0,8.626246999231196,0.16653353377233485,0.07706695181482029,0.6510333854252736,-0.508557535351556,0.1691901570228687,0.5541589904344826
1779788826.8282115,10.0,10.0,8.709128350462183,0.16655745417209966,0.07703186734942766,0.6510256709441165,-0.5100194755975519,0.16627955060019536,0.5541589904344826
1779788826.8382251,10.0,10.0,8.789537706386174,0.16659005899056592,0.07699888898816898,0.6510131262780354,-0.5114360284137762,0.16340155488440497,0.5541589904344826
1779788826.8482962,10.0,10.0,8.84745899621266,0.16664037927814931,0.07696015950971295,0.6509882400050411,-0.5128234903116036,0.1605247898269004,0.5541589904344826
1779788826.858299,10.0,10.0,8.885630491910026,0.1667015031222517,0.07691491439896386,0.6509461118373432,-0.5142746635966509,0.15745145296205368,0.5541589904344826
1779788826.8682964,10.0,10.0,8.896151313978562,0.16677202277432374,0.07686230518819506,0.6508798024010167,-0.5156571326412874,0.15445901121925026,0.5541589904344826
1779788826.878264,10.0,10.0,8.888482197484768,0.16686010455288922,0.07680219424414715,0.6507896672894883,-0.516994280160526,0.15150138055143172,0.5541589904344826
1779788826.8882573,10.0,10.0,8.865258385802495,0.1669588627572438,0.07673662513002522,0.6506744833115545,-0.5182903904216275,0.14857183145217154,0.5541589904344826
1779788826.898253,10.0,10.0,8.81320231189397,0.16706184510676486,0.07666853871517436,0.6505314179320504,-0.5195613820942044,0.1456357694960371,0.5541589904344826
1779788826.908279,10.0,10.0,8.718348960466415,0.16716145486720974,0.07660064815498668,0.6503725419066224,-0.5208735423103986,0.14253504234738576,0.5541589904344826
1779788826.9181957,10.0,10.0,8.570821969896063,0.16725291990420688,0.07652827046430619,0.6502076658053246,-0.5220975726839978,0.1395750748393793,0.5541589904344826
1779788826.9282207,10.0,10.0,8.38963165984633,0.16732913442104666,0.0764474357973671,0.6500362858626031,-0.523322726077683,0.13654315132308834,0.5541589904344826
1779788826.9382398,10.0,10.0,8.205334077199414,0.167392026571047,0.07637877073784453,0.6498740655221852,-0.524525395745479,0.1334953018015834,0.5541589904344826
1779788826.9482827,10.0,10.0,8.009146169768687,0.1674447115419091,0.07633278062197324,0.6497272821181691,-0.5256753445713207,0.1305105260204591,0.5541589904344826
1779788826.9582496,10.0,10.0,7.811127201655319,0.16748306991496217,0.07630491759466529,0.6496021227660864,-0.5256753445713207,0.1305105260204591,0.5541589904344826
1779788826.9682915,10.0,10.0,7.62181097903975,0.16750356540844083,0.07628673299541176,0.6494990134960348,-0.5268178703620451,0.1274722841418104,0.5541589904344826
1779788826.978249,10.0,10.0,7.444661365153413,0.16750780439041046,0.07628533247470794,0.6494204746501483,-0.5279245996098215,0.12445552281770736,0.5541589904344826
1779788826.9881883,10.0,10.0,7.285411448336001,0.16749817787331614,0.07628718628928265,0.6493623079452601,-0.5290189242177781,0.12139637289569855,0.5541589904344826
1779788826.998214,10.0,10.0,7.162115371721204,0.16747503943043507,0.07628764489122478,0.6493286242076646,-0.5300730770186511,0.11837286391208812,0.5541589904344826
1779788827.0082455,10.0,10.0,7.075303641211418,0.16744880203829773,0.0762849880901452,0.6493174208193334,-0.5311441859543983,0.11521807139869092,0.5541589904344826
1779788827.0182416,10.0,10.0,7.019523047688191,0.16741527328938666,0.07628185016731483,0.649327862817346,-0.5321484488967944,0.11217886663639606,0.5541589904344826
1779788827.0282204,10.0,10.0,6.966385454990393,0.16737136982073866,0.07628666558527886,0.6493496195310571,-0.5331318053829686,0.10912085958805792,0.5541589904344826
1779788827.0382893,10.0,10.0,6.914793243025436,0.1673084517535034,0.07630144511117345,0.6493825659573962,-0.5341031133435507,0.10601437383953291,0.5541589904344826
1779788827.048233,10.0,10.0,6.8715071825276395,0.16722576619978022,0.07631215480856397,0.6494242723119088,-0.535036523619252,0.10294213505515545,0.5541589904344826
1779788827.0582078,10.0,10.0,6.857969888298052,0.16712392154822103,0.07633152084040748,0.6494823422248335,-0.5359479608640739,0.09985315108862233,0.5541589904344826
1779788827.0682511,10.0,10.0,6.878530246045252,0.16700520377151792,0.07634557519257927,0.6495584383700116,-0.5368287788280555,0.09677720725605907,0.5541589904344826
1779788827.0782402,10.0,10.0,6.916476331716739,0.16686978803886976,0.0763566768351035,0.6496599418368222,-0.5377264921294458,0.09354231571687296,0.5541589904344826
1779788827.0882251,10.0,10.0,6.989694131141279,0.1667366874584109,0.0763675759753293,0.6497797693536732,-0.5385615999745492,0.09043409318512649,0.5541589904344826
1779788827.0982175,10.0,10.0,7.128274587714018,0.16661680574449195,0.07637093975464229,0.6499102568217081,-0.5393996438390929,0.08720982685339246,0.5541589904344826
1779788827.1082609,10.0,10.0,7.316958635016402,0.1665020107449512,0.0763581027064331,0.6500448619212339,-0.5401806234780302,0.0841009912899684,0.5541589904344826
1779788827.1182356,10.0,10.0,7.517829207156525,0.1663952533358578,0.07633708542726678,0.6501759826651864,-0.5409350729053458,0.0809926745931128,0.5541589904344826
1779788827.1282442,10.0,10.0,7.7227170047217735,0.16629841695064523,0.07630816481348171,0.6502928327411929,-0.5416975144419561,0.07773541905894335,0.5541589904344826
1779788827.1382782,10.0,10.0,7.94885881465944,0.16622780459007136,0.0762621656468193,0.6503912130123971,-0.5424066331805611,0.07458977678278103,0.5541589904344826
1779788827.1482177,10.0,10.0,8.18452090361498,0.166179158941213,0.07619977371669516,0.6504614897158792,-0.543105747540377,0.07136621268114388,0.5541589904344826
1779788827.158241,10.0,10.0,8.407340701357603,0.16614550100072023,0.07612076169358614,0.6505080404221883,-0.5437645594155402,0.0682041174744778,0.5541589904344826
1779788827.1682193,10.0,10.0,8.578666426537568,0.16612105156795887,0.07604344147766635,0.6505378046007154,-0.5443937374861298,0.065057639651876,0.5541589904344826
1779788827.1782334,10.0,10.0,8.705884750532002,0.1661078779339188,0.07596156440738308,0.6505580377033133,-0.5450189471551896,0.06179255226857234,0.5541589904344826
1779788827.188228,10.0,10.0,8.824702679719044,0.16611292117640986,0.07587607712948746,0.6505712345381243,-0.5456017479888514,0.058607726523006394,0.5541589904344826
1779788827.1982574,10.0,10.0,8.950453921775612,0.16613990545737722,0.07578507874242375,0.6505742764700465,-0.5461544766245835,0.05544335719066793,0.5541589904344826
1779788827.2082367,10.0,10.0,9.073672763079433,0.1661844603834398,0.07569167835895836,0.650565955520987,-0.5467079184807776,0.05211334947312835,0.5541589904344826
1779788827.2182398,10.0,10.0,9.149602824553984,0.16624273105899862,0.0755986986400026,0.650541751409782,-0.5472099413952924,0.04893064675780286,0.5541589904344826
1779788827.2282095,10.0,10.0,9.191034996141804,0.16631374345789932,0.07550904392634235,0.6504999595827795,-0.5477039796627278,0.045622334065791914,0.5541589904344826
1779788827.2382212,10.0,10.0,9.216909473167119,0.16640256434339454,0.07541572290040668,0.650433847844579,-0.5477039796627278,0.045622334065791914,0.5541589904344826
1779788827.248199,10.0,10.0,9.22107980383516,0.16650526245459546,0.07531898220768496,0.6503493068368882,-0.5481534884253977,0.042433252874966666,0.5541589904344826
1779788827.2582698,10.0,10.0,9.184246215924137,0.16661733584964816,0.07522154916270245,0.6502371989893728,-0.5485939790886863,0.03911089258050534,0.5541589904344826
1779788827.2682095,10.0,10.0,9.10464233809238,0.1667314129908499,0.0751227083465915,0.6501030851208235,-0.5489892453483458,0.035929728786779296,0.5541589904344826
1779788827.2781992,10.0,10.0,8.9643603268501,0.16684319210702034,0.0750208378573708,0.6499469634324769,-0.5493595847954462,0.032740325931125185,0.5541589904344826
1779788827.288206,10.0,10.0,8.766830392135283,0.1669545086189965,0.07491564188719291,0.6497832882427869,-0.5497169763680418,0.029426004823179662,0.5541589904344826
1779788827.298197,10.0,10.0,8.542899842772306,0.16705812117705848,0.07481829545726672,0.6496157106018972,-0.550036781493344,0.026213223433987735,0.5541589904344826
1779788827.3082187,10.0,10.0,8.306157958885986,0.16714747983706493,0.07472571905729905,0.6494568432251553,-0.5503298744270795,0.02300677635412819,0.5541589904344826
1779788827.3182607,10.0,10.0,8.059020790061561,0.1672237667751078,0.07463874996620566,0.6493089327632775,-0.5505989486821317,0.01977533842953451,0.5541589904344826
1779788827.3282182,10.0,10.0,7.826641678081952,0.16728242555426892,0.074561910364706,0.6491721662358457,-0.5508405214311838,0.016560078874838853,0.5541589904344826
1779788827.3382125,10.0,10.0,7.607079629839505,0.16732628957895082,0.07449392768353456,0.6490567798347655,-0.5510556562637856,0.013351115337097562,0.5541589904344826
1779788827.3482,10.0,10.0,7.414857007142872,0.16735398871518756,0.07442846038786816,0.6489673052805217,-0.5512482817075739,0.010080395937679957,0.5541589904344826
1779788827.3582215,10.0,10.0,7.239782365156109,0.16736036705226204,0.07436856805386334,0.6489075562430159,-0.5514150246589956,0.006788570915582319,0.5541589904344826
1779788827.3682077,10.0,10.0,7.082217197231967,0.16734540750849683,0.07432086504834404,0.6488740396674548,-0.5515563153670188,0.003451567680640151,0.5541589904344826
1779788827.378215,10.0,10.0,6.9534434100228975,0.16731295409601443,0.07428023641623231,0.6488608295864089,-0.5516660057598832,0.00023807808241755983,0.5541589904344826
1779788827.3882477,10.0,10.0,6.843984247723571,0.16727360466401048,0.07424570870079265,0.6488632707694467,-0.5517496034315024,-0.002964502719727145,0.5541589904344826
1779788827.3982134,10.0,10.0,6.760624199513249,0.16722845145978513,0.0742133327156087,0.6488781889489007,-0.5518096190395081,-0.0063166237919015595,0.5541589904344826
1779788827.4082742,10.0,10.0,6.687219840333063,0.16716377379103006,0.0741810220903768,0.6489098103712281,-0.5518408031661939,-0.009535705262753689,0.5541589904344826
1779788827.4182236,10.0,10.0,6.6071276897806905,0.1670773054233363,0.07415896687717663,0.6489597704653727,-0.5518461305522704,-0.012733096615741004,0.5541589904344826
1779788827.4282024,10.0,10.0,6.544090900708953,0.16698204990553187,0.07413134513339405,0.6490256706420764,-0.5518246856396043,-0.01604638671460043,0.5541589904344826
1779788827.4381986,10.0,10.0,6.521718810848294,0.1668758205669789,0.07410538836486075,0.6491139980340827,-0.5517778331477267,-0.019250839341453947,0.5541589904344826
1779788827.448214,10.0,10.0,6.54341638576495,0.1667608191664746,0.07407510837112438,0.6492244194642086,-0.551705318806277,-0.022454420551832277,0.5541589904344826
1779788827.458237,10.0,10.0,6.606530907431297,0.16662893182993496,0.07404272612304558,0.6493569328788104,-0.5516013850500803,-0.025822452905993262,0.5541589904344826
1779788827.4682329,10.0,10.0,6.694448203383464,0.166492333092307,0.07400867496503556,0.6495103471496841,-0.551475837492092,-0.02903355081467907,0.5541589904344826
1779788827.4782114,10.0,10.0,6.827825285218248,0.16635913902320923,0.0739590937318838,0.6496781898049858,-0.5513177620619851,-0.03237471684394434,0.5541589904344826
1779788827.4882205,10.0,10.0,7.01847330451316,0.16623047456287782,0.07390155347674243,0.6498491926043016,-0.5511369226755887,-0.03562796446673751,0.5541589904344826
1779788827.4982395,10.0,10.0,7.237056179222175,0.16611056583239728,0.07383762187059682,0.6500257979037071,-0.5509222942380287,-0.03898693551145288,0.5541589904344826
1779788827.5082483,10.0,10.0,7.454446191795701,0.16599975381168386,0.07377198694843153,0.6501895614108847,-0.5509222942380287,-0.03898693551145288,0.5541589904344826
1779788827.5181923,10.0,10.0,7.671240667692335,0.16590396207000957,0.07369446037553505,0.6503414070794056,-0.5506901465453484,-0.0422034509104719,0.5541589904344826
1779788827.5282123,10.0,10.0,7.892431259867048,0.16582287260576928,0.07359566816391633,0.6504692401088119,-0.5504252264191027,-0.04549908544629999,0.5541589904344826
1779788827.5382667,10.0,10.0,8.107093520083254,0.16576004940986241,0.07348163420643683,0.6505719158780178,-0.5501419577739557,-0.04869665204500376,0.5541589904344826
1779788827.5482066,10.0,10.0,8.304300538539323,0.1657063037933628,0.07335900674039389,0.6506474442253635,-0.5498341620645268,-0.05188067493338778,0.5541589904344826
1779788827.5582542,10.0,10.0,8.460693018191368,0.16566350716458328,0.07322356209118956,0.6506977518634285,-0.5494981180227093,-0.05508782028655656,0.5541589904344826
1779788827.5682237,10.0,10.0,8.594095680932789,0.16563106204580003,0.07307730289801119,0.6507344377463798,-0.5491301944368916,-0.058343698999827914,0.5541589904344826
1779788827.5782113,10.0,10.0,8.732357892941982,0.16562163601195692,0.07292159921831627,0.650760112660518,-0.5487433990777141,-0.06153435659458348,0.5541589904344826
1779788827.5881922,10.0,10.0,8.881365809558266,0.1656320803467038,0.07275708171929306,0.6507773218739602,-0.5483327426398866,-0.06470859098064619,0.5541589904344826
1779788827.5982153,10.0,10.0,9.019421772839411,0.16565318815159183,0.07258033646336812,0.65078295446568,-0.5478772569833552,-0.06801658269974228,0.5541589904344826
1779788827.60821,10.0,10.0,9.110820715375079,0.16569192061080001,0.07239688461126922,0.6507721653264368,-0.5474130928341182,-0.0711947816717497,0.5541589904344826
1779788827.618222,10.0,10.0,9.165023150602394,0.16574790358563202,0.07219989148428584,0.6507402034256164,-0.5469168148723144,-0.07441086639805322,0.5541589904344826
1779788827.628244,10.0,10.0,9.203922141265183,0.16583024062535007,0.07199134596870628,0.6506841104161355,-0.5463934784098318,-0.07762826827257449,0.5541589904344826
1779788827.638171,10.0,10.0,9.21586426412086,0.1659250729447092,0.0717781481699295,0.650602662444966,-0.5458538234452478,-0.08078487378517668,0.5541589904344826
1779788827.6482043,10.0,10.0,9.177753423243319,0.16602495879578358,0.07155507243096593,0.6505010104765666,-0.5452902480026033,-0.08392978238158635,0.5541589904344826
1779788827.658209,10.0,10.0,9.079581871270419,0.16612880045830739,0.07132425294680442,0.6503757920153513,-0.5446876302826398,-0.08714281238099403,0.5541589904344826
1779788827.6681957,10.0,10.0,8.934246708523904,0.16623681221853756,0.07108630301110531,0.6502287694986809,-0.5440628263275309,-0.09033057351432186,0.5541589904344826
1779788827.678191,10.0,10.0,8.729084599943176,0.16633556349769552,0.07084255033022656,0.650078349119829,-0.5434180661916372,-0.09348482523321475,0.5541589904344826
1779788827.6882534,10.0,10.0,8.487487018141893,0.166425392574015,0.07059756720151304,0.6499210324874104,-0.5427368901847788,-0.09668468365665447,0.5541589904344826
1779788827.69819,10.0,10.0,8.242194321922897,0.1665053907121157,0.07035727312215681,0.6497706549535726,-0.5420348642074122,-0.09985538910526051,0.5541589904344826
1779788827.7082503,10.0,10.0,8.015601819109024,0.16657516390420418,0.07012080548692391,0.6496307251036088,-0.5413127898752699,-0.10299607743052272,0.5541589904344826
1779788827.7182162,10.0,10.0,7.80018063036013,0.16663294176247676,0.06989914543579293,0.6495087309027617,-0.5405319004274591,-0.10626893404917995,0.5541589904344826
1779788827.7282028,10.0,10.0,7.6061075465546,0.16666788178196434,0.06969186872096703,0.6494070942215233,-0.5397593668674219,-0.10939268413976594,0.5541589904344826
1779788827.738195,10.0,10.0,7.412368820412762,0.16668087940210005,0.06949156510359153,0.6493327785177465,-0.5389281862581051,-0.11263896490209627,0.5541589904344826
1779788827.7482278,10.0,10.0,7.233837748075989,0.16667290247368505,0.06931860625365664,0.6492816772095651,-0.5380936115545256,-0.11578991165342933,0.5541589904344826
1779788827.758262,10.0,10.0,7.06844855584708,0.16664297698536293,0.06915864243708499,0.6492450942662238,-0.5371978233631242,-0.11906180514850276,0.5541589904344826
1779788827.7681932,10.0,10.0,6.915760555285025,0.16659207913122656,0.06901934164725668,0.6492220138218682,-0.5363214491800808,-0.12216192639620094,0.5541589904344826
1779788827.7782218,10.0,10.0,6.775183610853601,0.16651361263186226,0.06888940401497105,0.6492123593797907,-0.5353860647263756,-0.12537001285221708,0.5541589904344826
1779788827.7882156,10.0,10.0,6.663086726049204,0.16641427892186342,0.06875484864358175,0.6492169753861936,-0.5344644429435195,-0.12843729776304175,0.5541589904344826
1779788827.798214,10.0,10.0,6.589069111317702,0.16630694517065311,0.06861539449879281,0.6492409094840447,-0.5344644429435195,-0.12843729776304175,0.5541589904344826
1779788827.8081927,10.0,10.0,6.546221287043013,0.16619001104122252,0.06847488877243811,0.6492820246797365,-0.5335185240923247,-0.13149636347906798,0.5541589904344826
1779788827.8182352,10.0,10.0,6.522832406127342,0.16606086806491005,0.0683350078539326,0.6493500885144369,-0.5325065947735425,-0.13467656277298728,0.5541589904344826
1779788827.828194,10.0,10.0,6.50329336531605,0.16592348075297572,0.06819494583639539,0.6494391259418758,-0.5314901375527643,-0.1377820216913485,0.5541589904344826
1779788827.8381732,10.0,10.0,6.516085054072878,0.16578059471342882,0.06805415574932099,0.6495493844603248,-0.5304525061858419,-0.1408668711548761,0.5541589904344826
1779788827.8481748,10.0,10.0,6.569186948953849,0.16563202522895631,0.06790528698630043,0.6496819387296819,-0.5294013000752672,-0.1439103395842088,0.5541589904344826
1779788827.8581998,10.0,10.0,6.65302996274402,0.16547322549268517,0.06775082310929105,0.649841746603707,-0.528329568817501,-0.14693427193289715,0.5541589904344826
1779788827.8682325,10.0,10.0,6.764318429395408,0.16531752714588724,0.06758868340958425,0.6500207388856283,-0.5272169732529693,-0.14999473232868524,0.5541589904344826
1779788827.8781946,10.0,10.0,6.904537041797222,0.16517217790680597,0.06741946329121888,0.6502090509314536,-0.5260727404320672,-0.15306394038048418,0.5541589904344826
1779788827.8882074,10.0,10.0,7.077191509821031,0.1650401506171969,0.06724136383318241,0.6503958196785149,-0.5249181556946025,-0.1560855611154546,0.5541589904344826
1779788827.898167,10.0,10.0,7.260559184674163,0.1649184033482928,0.06706832733702403,0.6505721274900891,-0.5236964562925308,-0.15920555300581027,0.5541589904344826
1779788827.9081862,10.0,10.0,7.452966041140685,0.16481201647748986,0.06687883135485105,0.6507274874084703,-0.5224981101317879,-0.162193398747654,0.5541589904344826
1779788827.9182174,10.0,10.0,7.662444029340775,0.1647208998903834,0.06668285050378506,0.6508590276086346,-0.5212820621555472,-0.1651563146893614,0.5541589904344826
1779788827.9282222,10.0,10.0,7.863892349388407,0.16463831591145003,0.06647993941662055,0.6509598146181375,-0.5199439480143164,-0.16834094088336551,0.5541589904344826
1779788827.938206,10.0,10.0,8.060440517590932,0.1645525630722069,0.06626326849792799,0.6510383638990472,-0.5186480400157653,-0.1713538497846653,0.5541589904344826
1779788827.948186,10.0,10.0,8.239949252186433,0.1644747845584242,0.06603028290875086,0.6510924795022757,-0.5173498023950843,-0.1743058149752143,0.5541589904344826
1779788827.9581897,10.0,10.0,8.42470750970918,0.16441507076532635,0.06577761720162521,0.6511298824307785,-0.5160342936827182,-0.17723294125071773,0.5541589904344826
1779788827.9681716,10.0,10.0,8.599698335976147,0.16436346976262547,0.0655138324074501,0.6511687824516482,-0.5146363467715996,-0.1802765189456952,0.5541589904344826
1779788827.978218,10.0,10.0,8.733356357190297,0.1643350871163191,0.06523697880158448,0.6512022360682532,-0.5132591365726916,-0.18321096686682622,0.5541589904344826
1779788827.9881902,10.0,10.0,8.83514372005895,0.16433361427171422,0.06494640011439867,0.6512211316602777,-0.5117955071261756,-0.18626354594908132,0.5541589904344826
1779788827.9981844,10.0,10.0,8.925252504607155,0.164346031711733,0.06464461476659157,0.6512212623781718,-0.5103815632645098,-0.1891511430829163,0.5541589904344826
1779788828.008214,10.0,10.0,8.998566937510166,0.16436688359042192,0.06433947254248688,0.6512026603736788,-0.5088931874353056,-0.1921288261190944,0.5541589904344826
1779788828.0182214,10.0,10.0,9.030863683558595,0.16439930814758721,0.06402622475216585,0.6511627753512386,-0.5074354617307492,-0.19498655972998252,0.5541589904344826
1779788828.0282264,10.0,10.0,9.021254283559033,0.16444330168884785,0.06369641371204929,0.6510987350632206,-0.505951603944556,-0.19783871510048964,0.5541589904344826
1779788828.0382311,10.0,10.0,8.978428685035675,0.16449732557032962,0.0633574734380518,0.6510165897656388,-0.5043997171675225,-0.2007631181816519,0.5541589904344826
1779788828.0481834,10.0,10.0,8.896442799923618,0.16456340898158323,0.06301027453716629,0.6509095533256896,-0.5028685301952918,-0.20359251279437826,0.5541589904344826
1779788828.0582576,10.0,10.0,8.780301364161556,0.16463385524946977,0.06266974809544959,0.6507885925998271,-0.5028685301952918,-0.20359251279437826,0.5541589904344826
1779788828.0681932,10.0,10.0,8.61273719688159,0.1646954405071139,0.062326090510646553,0.6506634106292847,-0.5013175214316169,-0.20640432021293173,0.5541589904344826
1779788828.078207,10.0,10.0,8.415112333205293,0.1647538747267805,0.06198427264498156,0.6505357963967934,-0.49971017229455705,-0.2092631722210114,0.5541589904344826
1779788828.0881717,10.0,10.0,8.237599338333819,0.16480345940613486,0.06164465488755612,0.6504090112705864,-0.49808873108834784,-0.21209268295647346,0.5541589904344826
1779788828.098244,10.0,10.0,8.080776928865127,0.16484069147774055,0.061298800914472186,0.6502966429232879,-0.4964712734233341,-0.21486306761895566,0.5541589904344826
1779788828.1082757,10.0,10.0,7.91172379643423,0.16486130921811676,0.060961432298674956,0.6502040290569141,-0.4948052275604521,-0.2176644153676306,0.5541589904344826
1779788828.1181796,10.0,10.0,7.733676712509334,0.16486960631007508,0.06063781202974904,0.6501375761985612,-0.49313067549974754,-0.22042876177244355,0.5541589904344826
1779788828.128202,10.0,10.0,7.562430146855327,0.16486021603783707,0.06032951281697653,0.6500982604234353,-0.49143191499475547,-0.22318258423047332,0.5541589904344826
1779788828.1381855,10.0,10.0,7.3947040846831325,0.16483621838036938,0.06004420127410696,0.6500749070801953,-0.48966488456734725,-0.22599522019109855,0.5541589904344826
1779788828.148178,10.0,10.0,7.240215556877768,0.1647914441798029,0.05977665622331063,0.6500596329874053,-0.4879274774759532,-0.22871111559885807,0.5541589904344826
1779788828.1581702,10.0,10.0,7.112237139675359,0.16472961755707483,0.05952679829046762,0.6500543624314429,-0.4861433090475178,-0.2314508618543242,0.5541589904344826
1779788828.1681945,10.0,10.0,6.988452452468191,0.16463506420121501,0.05928196516949653,0.6500665020352315,-0.48434786292082643,-0.23415940141971997,0.5541589904344826
1779788828.1782198,10.0,10.0,6.877620628437936,0.16451218886721003,0.05904187187137368,0.6500932830326356,-0.48255614570346983,-0.23681553721677137,0.5541589904344826
1779788828.1881676,10.0,10.0,6.787574118327086,0.16437292912876422,0.05880922670841724,0.650148227134838,-0.48074128510741954,-0.23946001851989177,0.5541589904344826
1779788828.1982152,10.0,10.0,6.737826788317273,0.16421766724409312,0.058573646023980346,0.6502198670678692,-0.47883219077419137,-0.24219362774117534,0.5541589904344826
1779788828.208184,10.0,10.0,6.737699843950845,0.16405908039283534,0.05833805524549184,0.6503163566586847,-0.4769652657758815,-0.24482071938702427,0.5541589904344826
1779788828.2181816,10.0,10.0,6.768955340857017,0.16389776074704962,0.05810319834170519,0.6504344306369355,-0.4750603037333766,-0.24745590679495902,0.5541589904344826
1779788828.228257,10.0,10.0,6.821416290052756,0.16373377722437316,0.05786219387116514,0.6505747167113597,-0.4731444356004877,-0.2500614271155774,0.5541589904344826
1779788828.2381928,10.0,10.0,6.895331309821662,0.16356518842466594,0.05761695020425682,0.6507383755607492,-0.47120959172678356,-0.2526486836116506,0.5541589904344826
1779788828.2482388,10.0,10.0,7.0039579199681725,0.163404523425935,0.05736559487342911,0.6509056463116174,-0.4692620164944471,-0.25520966345293483,0.5541589904344826
1779788828.2582362,10.0,10.0,7.157600607081424,0.16325523643405418,0.05709784622909565,0.651075420412504,-0.46725615665779563,-0.25780330171028165,0.5541589904344826
1779788828.2681935,10.0,10.0,7.327587538776249,0.1631111324459101,0.05682334443630327,0.6512414944493344,-0.46526317468533596,-0.2603374529164007,0.5541589904344826
1779788828.2781572,10.0,10.0,7.504975934587213,0.16297200493076663,0.05653754609566374,0.6513968900553443,-0.46325577882978775,-0.26284808300035517,0.5541589904344826
1779788828.2882042,10.0,10.0,7.671206290282826,0.16284221326614307,0.05624602962159021,0.6515392900366347,-0.4611161249622191,-0.2654792846483234,0.5541589904344826
1779788828.2981787,10.0,10.0,7.84118246758926,0.16271751517923957,0.05594543062991097,0.6516606949914738,-0.45906530514172206,-0.2679591057963327,0.5541589904344826
1779788828.3082342,10.0,10.0,8.010175226091517,0.16260167582150406,0.05562792319006617,0.6517688107661135,-0.45693613870232097,-0.2704913129206386,0.5541589904344826
1779788828.3182466,10.0,10.0,8.197260781463587,0.16252143835637725,0.055283541655501055,0.6518532146919219,-0.45484431712375184,-0.27293829106074435,0.5541589904344826
1779788828.328258,10.0,10.0,8.405478533419544,0.16246205143049924,0.054927238926180774,0.6519231937011092,-0.45273322067418476,-0.2753679546533071,0.5541589904344826
1779788828.3381789,10.0,10.0,8.574528605830944,0.1624102457125584,0.05455795060098004,0.6519960012659839,-0.45057121893175167,-0.27781584316362257,0.5541589904344826
1779788828.3482249,10.0,10.0,8.698323000365871,0.16238279175178386,0.05418100726068651,0.6520559921905743,-0.4484073665198467,-0.2802260419799928,0.5541589904344826
1779788828.358225,10.0,10.0,8.811066562101676,0.16237264245997504,0.05379228523207171,0.6521020388221634,-0.4484073665198467,-0.2802260419799928,0.5541589904344826
1779788828.3682406,10.0,10.0,8.907184110336706,0.16237512074538404,0.05339454864127426,0.6521279924928634,-0.4462327862182759,-0.2826091635040742,0.5541589904344826
1779788828.378168,10.0,10.0,8.970332872035682,0.16238804740804746,0.05299836872290031,0.6521419429915631,-0.4439614811159567,-0.285057620789921,0.5541589904344826
1779788828.3881812,10.0,10.0,8.992350559627933,0.16241654658297683,0.05258471144618851,0.652129694121245,-0.441765846342257,-0.2873860355520942,0.5541589904344826
1779788828.3981824,10.0,10.0,8.990458773761258,0.16245978223520188,0.05215838733604121,0.6520957227772146,-0.43955070771437743,-0.28969778704465277,0.5541589904344826
1779788828.408221,10.0,10.0,8.944608206646235,0.1625153184813613,0.051723360934691154,0.6520355141690634,-0.43722353875256903,-0.2920870630489934,0.5541589904344826
1779788828.4181485,10.0,10.0,8.854268328610122,0.16257379658687915,0.05128329081579942,0.6519495810628976,-0.4349688453547341,-0.2943643824169273,0.5541589904344826
1779788828.4281476,10.0,10.0,8.717863573551648,0.16263155891291306,0.05083010686401105,0.6518415696060017,-0.4326533805664683,-0.29666556324051,0.5541589904344826
1779788828.4382062,10.0,10.0,8.5470960128198,0.16268673165138353,0.05037839211101284,0.6517179195349868,-0.4303209320604524,-0.298946103171341,0.5541589904344826
1779788828.44819,10.0,10.0,8.365988192461106,0.16272447298992368,0.049923138856400935,0.6515934395979023,-0.42801555221336574,-0.3011640423281768,0.5541589904344826
1779788828.458182,10.0,10.0,8.19069254036662,0.16276105102720587,0.0494592533913991,0.6514637610316817,-0.4256933636414464,-0.3033626692914631,0.5541589904344826
1779788828.468234,10.0,10.0,8.046862261768322,0.16278008386583975,0.04899204460159312,0.6513530821679023,-0.42333268897188425,-0.30556205413898563,0.5541589904344826
1779788828.4781942,10.0,10.0,7.8775762827662605,0.1627842185850279,0.048521433364581944,0.6512566801364993,-0.4209201990318563,-0.30777337733964344,0.5541589904344826
1779788828.4882026,10.0,10.0,7.687609592694296,0.16276533307932456,0.048050017073302996,0.6511862888618869,-0.4185402651811162,-0.3099196597052461,0.5541589904344826
1779788828.498248,10.0,10.0,7.493399028472,0.16272903814334316,0.047586099593334076,0.6511326343256428,-0.41614609663185687,-0.3120442661175643,0.5541589904344826
1779788828.5082276,10.0,10.0,7.329373603172724,0.16267177683855413,0.04712547521043087,0.6510910611443019,-0.4136334944444159,-0.3142375403805825,0.5541589904344826
1779788828.5182507,10.0,10.0,7.184195089203004,0.16258536933918205,0.04667771808948303,0.6510542048135258,-0.4111957216856339,-0.3163305856771292,0.5541589904344826
1779788828.5281694,10.0,10.0,7.05014618254644,0.16246719599513834,0.04624573827686111,0.6510289209158265,-0.40865534442636053,-0.31847591017104676,0.5541589904344826
1779788828.538169,10.0,10.0,6.928275006751757,0.16231831171014116,0.04582143602884411,0.6510234810055847,-0.40618607295406073,-0.32052686646424283,0.5541589904344826
1779788828.5481856,10.0,10.0,6.82433073338265,0.16214372498950735,0.045406720505065334,0.651042366059794,-0.4037114405485316,-0.32254901143028064,0.5541589904344826
1779788828.5581827,10.0,10.0,6.740491432853718,0.1619544909986289,0.045008777476503344,0.6510862114749079,-0.4011775841004307,-0.32458572019677734,0.5541589904344826
1779788828.5681596,10.0,10.0,6.687735410205901,0.16174177615133373,0.04462044641995695,0.6511595891663572,-0.3986304142399981,-0.32659929438685337,0.5541589904344826
1779788828.5781543,10.0,10.0,6.674337640687225,0.16152970479414736,0.04423995502067417,0.6512518417721193,-0.39608350754942534,-0.3285793869184753,0.5541589904344826
1779788828.5881608,10.0,10.0,6.714435938919148,0.16131533883068847,0.04386462604377033,0.6513690626978037,-0.3935371613217079,-0.3305264026809116,0.5541589904344826
1779788828.5981967,10.0,10.0,6.798658841495929,0.16109776199316672,0.04348691251044328,0.6515087579973949,-0.39087391984660447,-0.3325285265263043,0.5541589904344826
1779788828.6082544,10.0,10.0,6.900246629958019,0.160871617619566,0.04310094199417912,0.6516611105397878,-0.38830138000732994,-0.3344297947702884,0.5541589904344826
1779788828.61818,10.0,10.0,7.0302953577905996,0.16065347593974705,0.042709976661906617,0.651819825677043,-0.3857013284052573,-0.33631935768344984,0.5541589904344826
1779788828.628233,10.0,10.0,7.207652383734423,0.16044975745848922,0.04230066908376797,0.6519789509049242,-0.38304178870810357,-0.3382194115223828,0.5541589904344826
1779788828.6381578,10.0,10.0,7.411056810291491,0.16025817845741686,0.04189048817023185,0.6521345114623207,-0.38040253172317895,-0.3400728034894318,0.5541589904344826
1779788828.6481829,10.0,10.0,7.623013192113701,0.16007775983325281,0.04147162221768082,0.6522816267526529,-0.37776976561350273,-0.34189024608156426,0.5541589904344826
1779788828.658159,10.0,10.0,7.827286199270935,0.15990801254455117,0.04104448893238016,0.6524153601818931,-0.37776976561350273,-0.34189024608156426,0.5541589904344826
1779788828.6681643,10.0,10.0,8.026924086826387,0.1597681650604823,0.04059678854407357,0.6525336599729825,-0.37492538072828274,-0.3438191330646855,0.5541589904344826
1779788828.6781635,10.0,10.0,8.258164104465765,0.1596632012914393,0.04012407479112006,0.6526270691816456,-0.3722104630218902,-0.3456272229330595,0.5541589904344826
1779788828.688185,10.0,10.0,8.480922414151186,0.15957020194442442,0.039634996581730524,0.6527017336031933,-0.3694730902223681,-0.3474181719726739,0.5541589904344826
1779788828.6981485,10.0,10.0,8.655981420424865,0.1594811803898416,0.03913331032989676,0.6527553446174711,-0.3667678926633219,-0.34915690925506576,0.5541589904344826
1779788828.7082071,10.0,10.0,8.8198901062013,0.1594143016592054,0.03862930137353903,0.652798262696219,-0.3639199354706122,-0.35095445777280077,0.5541589904344826
1779788828.718216,10.0,10.0,8.992986253845238,0.15936676645267192,0.03811089904408808,0.6528381385440922,-0.36119324365509753,-0.3526442872952312,0.5541589904344826
1779788828.728184,10.0,10.0,9.11989053169995,0.15933285068641764,0.03758894404248791,0.6528665173993956,-0.35841010221456515,-0.3543381211313696,0.5541589904344826
1779788828.738208,10.0,10.0,9.169700731264639,0.15931198417995937,0.03705952692891014,0.6528830839542107,-0.3556110055523042,-0.35601056249430363,0.5541589904344826
1779788828.74823,10.0,10.0,9.180262224990994,0.15931216258952438,0.03651179143949944,0.6528763235581829,-0.3528329031963836,-0.3576400636269465,0.5541589904344826
1779788828.7581587,10.0,10.0,9.18081999386788,0.15932762652417976,0.03594817935450318,0.65284331313608,-0.3500622498304825,-0.35923546044420124,0.5541589904344826
1779788828.7681715,10.0,10.0,9.16111078148766,0.15935346783616086,0.03538096622483989,0.6527877591604252,-0.34715409977839173,-0.360878533834936,0.5541589904344826
1779788828.7781796,10.0,10.0,9.093197391825043,0.15938904306839852,0.03480276664043298,0.652710171444343,-0.34433968014789906,-0.3624383543819576,0.5541589904344826
1779788828.7881532,10.0,10.0,8.984877061918649,0.15944077633477,0.034224690556563374,0.6526124116036227,-0.34136996392187013,-0.36405237417580066,0.5541589904344826
1779788828.7981806,10.0,10.0,8.851821812048701,0.15949617569808658,0.03364921545669232,0.6524950425957771,-0.3385287832476733,-0.36556631007637813,0.5541589904344826
1779788828.80816,10.0,10.0,8.681900728511987,0.15953699803624427,0.033085880700910376,0.6523707665101901,-0.3356387243406824,-0.3670763625024097,0.5541589904344826
1779788828.8181996,10.0,10.0,8.488729888885574,0.1595663303952785,0.03253132481267703,0.6522407607719626,-0.33275559105837105,-0.3685531004258229,0.5541589904344826
1779788828.8281887,10.0,10.0,8.303788847328523,0.1595819048336487,0.031979339481140456,0.6521184205435865,-0.3298614952948249,-0.37000599338140583,0.5541589904344826
1779788828.838182,10.0,10.0,8.104649973105017,0.1595787520034293,0.031429537474702736,0.6520059204485927,-0.32697581254849006,-0.3714256309531095,0.5541589904344826
1779788828.8481653,10.0,10.0,7.895078665546265,0.15956105189150188,0.030886601373495078,0.651907643870208,-0.32405440107970107,-0.3728336654587661,0.5541589904344826
1779788828.8581645,10.0,10.0,7.7097825102370825,0.15952103147484092,0.03033988102655481,0.6518207701809323,-0.32114691047508737,-0.37420617819974794,0.5541589904344826
1779788828.8681703,10.0,10.0,7.540952834212188,0.15945962370859365,0.029805716273894015,0.6517403765265755,-0.31824361984853033,-0.3755483520784242,0.5541589904344826
1779788828.8781762,10.0,10.0,7.384953535712014,0.15937987165569684,0.02929144781777915,0.6516649596657443,-0.3153282105010574,-0.3768679300599844,0.5541589904344826
1779788828.8881853,10.0,10.0,7.250804926876144,0.15928028920276086,0.028788560707684638,0.6515996020152072,-0.31223126999216855,-0.3782390627412706,0.5541589904344826
1779788828.8981466,10.0,10.0,7.142206670374971,0.15915261551658352,0.028292415447827,0.6515470340142253,-0.3092731240587643,-0.37951961757579367,0.5541589904344826
1779788828.9081423,10.0,10.0,7.062214577678336,0.15900256625028172,0.027811461356753303,0.6515109800856287,-0.3062757032297656,-0.38078845265188815,0.5541589904344826
1779788828.9181705,10.0,10.0,6.9975390032947455,0.15883254737065958,0.02734708419079954,0.6515042547010641,-0.3033049525277993,-0.3820177629674778,0.5541589904344826
1779788828.9281864,10.0,10.0,6.937837626349072,0.15864100191937333,0.026901769073891177,0.6515209202839309,-0.3003317084951356,-0.3832202411356523,0.5541589904344826
1779788828.9381697,10.0,10.0,6.898254250466187,0.15842263044458643,0.026456544869604207,0.6515715504643308,-0.29735184501473055,-0.3843976985906056,0.5541589904344826
1779788828.9481423,10.0,10.0,6.881306577210347,0.15819307109659886,0.02602762311591097,0.6516479288489537,-0.294338265094393,-0.3855605449822229,0.5541589904344826
1779788828.9581602,10.0,10.0,6.897440790924996,0.15795265015481758,0.025607441394480453,0.6517567054586302,-0.2912683165238704,-0.38671652773906684,0.5541589904344826
1779788828.9681582,10.0,10.0,6.963197402404069,0.1577123902845269,0.02519354690678151,0.6518913615726979,-0.2912683165238704,-0.38671652773906684,0.5541589904344826
1779788828.9781518,10.0,10.0,7.077935622673458,0.15747328198568514,0.02477633695098917,0.6520449810882387,-0.28826370864572914,-0.3878201968953591,0.5541589904344826
1779788828.988171,10.0,10.0,7.224627711627891,0.157246723560042,0.024358196394636888,0.6522052824633846,-0.2851278907188286,-0.3889430916961715,0.5541589904344826
1779788828.998152,10.0,10.0,7.421281288662524,0.15703638563830538,0.023940089849787315,0.6523624954532051,-0.2820852561726275,-0.3900045803301485,0.5541589904344826
1779788829.008132,10.0,10.0,7.631976149722244,0.15684174784799834,0.02351076632796706,0.6525152540225786,-0.2789836408201277,-0.3910584646181569,0.5541589904344826
1779788829.0182133,10.0,10.0,7.854246090084447,0.15666730808652948,0.023060969972300654,0.6526640810172109,-0.2759171949054431,-0.39207265951751047,0.5541589904344826
1779788829.0282564,10.0,10.0,8.066724952993614,0.15652043903796478,0.02257632674716762,0.6527953585254199,-0.2728514679245252,-0.39305926605439406,0.5541589904344826
1779788829.0382113,10.0,10.0,8.30439066965512,0.1563966511692804,0.022067677465629397,0.6529051269615018,-0.2697826758838502,-0.39401968275724364,0.5541589904344826
1779788829.0481548,10.0,10.0,8.560213937372291,0.15629198718079942,0.021545975613331988,0.6529929677041181,-0.26659599936339584,-0.39498843532229455,0.5541589904344826
1779788829.0582411,10.0,10.0,8.78040410157857,0.15620348170725207,0.021002119472924095,0.6530664729376905,-0.2635127439972573,-0.39589825782859395,0.5541589904344826
1779788829.0681427,10.0,10.0,8.944304104301805,0.15612569853685584,0.02045252834330104,0.6531252448733971,-0.2602911961837242,-0.39682021577337745,0.5541589904344826
1779788829.0782504,10.0,10.0,9.093587800524427,0.15606659552878566,0.019890030479648182,0.6531760407902564,-0.25720602696999784,-0.3976758683977041,0.5541589904344826
1779788829.0881565,10.0,10.0,9.22654455631372,0.15602356564516645,0.019312239716893533,0.6532164992556648,-0.2541074136704806,-0.3985085701946095,0.5541589904344826
1779788829.098158,10.0,10.0,9.295908469542077,0.15599966649891175,0.018710024557112924,0.6532376662126277,-0.2508547622338785,-0.39935409110083164,0.5541589904344826
1779788829.1082237,10.0,10.0,9.324654104228866,0.1560017346223161,0.018096559043490928,0.653243092336838,-0.24773272245378677,-0.40013830449448834,0.5541589904344826
1779788829.1182196,10.0,10.0,9.343002546161596,0.15602652041656212,0.01747682221648618,0.6532262386013538,-0.24448137729086697,-0.4009266922221616,0.5541589904344826
1779788829.128181,10.0,10.0,9.33619311814419,0.15607019454444523,0.016828946124247884,0.6531965094623907,-0.24136520207648401,-0.4016553601738396,0.5541589904344826
1779788829.1381476,10.0,10.0,9.276585465931309,0.15612465246205773,0.016176654370492895,0.6531400029823642,-0.23824597075188056,-0.40235848226663873,0.5541589904344826
1779788829.148171,10.0,10.0,9.18203808654745,0.1561967325208885,0.0155234586397454,0.6530529185781058,-0.2350753515287032,-0.40304640768814326,0.5541589904344826
1779788829.1581385,10.0,10.0,9.080105932989005,0.15626450240337666,0.014871998188972814,0.6529362828878598,-0.23192065497949702,-0.4037042224447,0.5541589904344826
1779788829.1681418,10.0,10.0,8.930470557686617,0.15631838046229155,0.014230111689852935,0.6528052523053803,-0.22876235822553206,-0.40433628772328983,0.5541589904344826
1779788829.178115,10.0,10.0,8.747294452644242,0.15635163320655354,0.01359112557096318,0.6526665652346264,-0.2256225690376619,-0.404938492899244,0.5541589904344826
1779788829.1881483,10.0,10.0,8.546046355372216,0.15636474002773074,0.012961365834877489,0.6525234399620068,-0.22241825354591263,-0.40552630974000375,0.5541589904344826
1779788829.1982253,10.0,10.0,8.334574776310726,0.15635598544257678,0.0123372642812265,0.6523873233674551,-0.21924434253213124,-0.4060820140566987,0.5541589904344826
1779788829.2081454,10.0,10.0,8.132245145143232,0.15632011460866932,0.011725215516017172,0.6522603828322865,-0.21608639701663132,-0.40660882436639145,0.5541589904344826
1779788829.2181814,10.0,10.0,7.928168107927491,0.15626576726701585,0.011135755316144875,0.6521411365867151,-0.21292024280868097,-0.4071109743367346,0.5541589904344826
1779788829.2281754,10.0,10.0,7.730655961561836,0.15619473035278061,0.010555449444966815,0.652022564599242,-0.20971475611428284,-0.4075929125947589,0.5541589904344826
1779788829.2382326,10.0,10.0,7.553160261056069,0.15610079702946764,0.00998337218981168,0.6519120767670215,-0.20651510337047788,-0.40804752961628266,0.5541589904344826
1779788829.2482085,10.0,10.0,7.406741849588447,0.15598755678793289,0.00941835985283332,0.651807874728349,-0.2033307346799663,-0.408473834112591,0.5541589904344826
1779788829.2582018,10.0,10.0,7.302340396327051,0.1558539373897316,0.008862197709724018,0.6517186064091476,-0.20007387537159868,-0.4088829553003743,0.5541589904344826
1779788829.2681937,10.0,10.0,7.219144596955292,0.15570430436866928,0.008325300532309137,0.6516414973803777,-0.1968147286743129,-0.4092652280650818,0.5541589904344826
1779788829.2781324,10.0,10.0,7.140271444484023,0.15553358295011982,0.007790737439864129,0.6515828278839418,-0.1968147286743129,-0.4092652280650818,0.5541589904344826
1779788829.2881565,10.0,10.0,7.07034792170237,0.15534655933505273,0.007265965475512838,0.6515406557666823,-0.19361828171193404,-0.40961385518996896,0.5541589904344826
1779788829.2981482,10.0,10.0,7.037063701960552,0.15513995735342248,0.006738623949847888,0.6515217597805897,-0.19028718705117362,-0.4099495378745793,0.5541589904344826
1779788829.3081563,10.0,10.0,7.044871745231583,0.15491237141431624,0.0062139238984180115,0.6515249344325083,-0.1870995899616951,-0.41024442086260404,0.5541589904344826
1779788829.3181593,10.0,10.0,7.056061085807041,0.15466253046540268,0.00569603422787948,0.6515586332966731,-0.18388288591382881,-0.41051594237209355,0.5541589904344826
1779788829.32812,10.0,10.0,7.082291634850503,0.15440137917646352,0.005181016888187839,0.6516181300349252,-0.18061408340666,-0.4107651045035382,0.5541589904344826
1779788829.3381438,10.0,10.0,7.148733850137341,0.1541455151721342,0.004666906594928677,0.6517023489819482,-0.17738987677711718,-0.41098449384282004,0.5541589904344826
1779788829.348147,10.0,10.0,7.275052539111785,0.15390783703935457,0.004146559084935027,0.6518085037149909,-0.17415762662261183,-0.41117818361786307,0.5541589904344826
1779788829.3581421,10.0,10.0,7.418163813124294,0.15369046292018748,0.003602067897789508,0.6519335854912205,-0.17080211987086077,-0.41135149841280255,0.5541589904344826
1779788829.3681252,10.0,10.0,7.584863759541119,0.15350209845893698,0.003041483125375481,0.6520585796921438,-0.16759205151909087,-0.41149086636242405,0.5541589904344826
1779788829.378173,10.0,10.0,7.794203414678577,0.15333441775614415,0.0024772621929161666,0.6521768961098892,-0.16431191452344898,-0.41160660322630793,0.5541589904344826
1779788829.3881307,10.0,10.0,8.024788358595469,0.1531916707492688,0.0018844725317307715,0.6522896854724123,-0.16109286054891223,-0.41169399457152006,0.5541589904344826
1779788829.39814,10.0,10.0,8.244173583909738,0.1530620756962997,0.0012857879956293219,0.6523788121793115,-0.1578831458993787,-0.4117553181140473,0.5541589904344826
1779788829.408149,10.0,10.0,8.462414392365096,0.1529616387481421,0.0006760140059807485,0.6524500302674141,-0.15463547496298238,-0.4117911431586869,0.5541589904344826
1779788829.4181662,10.0,10.0,8.665261473414507,0.15287236084442316,5.091652756582053e-05,0.6524969125969443,-0.15141456279534035,-0.41180062726862793,0.5541589904344826
1779788829.428137,10.0,10.0,8.834776565999478,0.15281805548908453,-0.0005983149737291821,0.6525236267090516,-0.14819724141264443,-0.4117842080078212,0.5541589904344826
1779788829.438132,10.0,10.0,8.964607125947206,0.15278105748133558,-0.0012430116317391038,0.652522856200936,-0.14498009648881457,-0.4117419102334946,0.5541589904344826
1779788829.4481776,10.0,10.0,9.069382851749742,0.15276428616303067,-0.001906765635084662,0.6524990856822876,-0.141643560032387,-0.41167069681078056,0.5541589904344826
1779788829.45814,10.0,10.0,9.141591209116601,0.15277537256268248,-0.0025866519920297137,0.6524602418075869,-0.13844671318032528,-0.4115763313642247,0.5541589904344826
1779788829.4681559,10.0,10.0,9.18417465074765,0.15279912872475937,-0.0032799239232139776,0.6523996523494842,-0.13524696796681349,-0.41145625248156986,0.5541589904344826
1779788829.4781382,10.0,10.0,9.206408135286472,0.1528319874872897,-0.003977349233962995,0.6523326390687634,-0.13187510101329522,-0.4113019433414372,0.5541589904344826
1779788829.4881508,10.0,10.0,9.204064516096851,0.1528822239063762,-0.004677557659943843,0.6522474677875616,-0.1286701149037273,-0.41112882414314333,0.5541589904344826
1779788829.4981277,10.0,10.0,9.164102381080777,0.1529406442464726,-0.005375809659992266,0.6521461756424052,-0.1253674602737602,-0.4109234270045106,0.5541589904344826
1779788829.5081437,10.0,10.0,9.076320596745337,0.15301455354388727,-0.006090265443652354,0.6520266916997949,-0.12215914834024585,-0.4106976130426807,0.5541589904344826
1779788829.5181384,10.0,10.0,8.953730961942336,0.15309531298208798,-0.00680599766884152,0.6518896321156967,-0.11896639423286878,-0.41044713491426454,0.5541589904344826
1779788829.528142,10.0,10.0,8.788050624065384,0.15316474794820137,-0.007515585062783465,0.6517429199413182,-0.11567117485672865,-0.4101616198443532,0.5541589904344826
1779788829.5381563,10.0,10.0,8.581990123769621,0.1532196266300077,-0.008221409775844324,0.6515899249769106,-0.11246144618988138,-0.4098570897799224,0.5541589904344826
1779788829.5481162,10.0,10.0,8.380344624802756,0.15326246628137166,-0.008918416487266356,0.6514361766380056,-0.10927925039539557,-0.40952937196260697,0.5541589904344826
1779788829.5581017,10.0,10.0,8.19711360514132,0.15328080583514744,-0.009589937256275067,0.6512842872492385,-0.10603682897468633,-0.4091689630954413,0.5541589904344826
1779788829.5681477,10.0,10.0,7.996413218672834,0.1532616430320031,-0.010248934955136844,0.6511408551713227,-0.10281298881531645,-0.40878404034247284,0.5541589904344826
1779788829.5782201,10.0,10.0,7.740116682299957,0.15321962584933269,-0.01089034245695868,0.650995617266113,-0.10281298881531645,-0.40878404034247284,0.5541589904344826
1779788829.5881464,10.0,10.0,7.480882317874493,0.1531595026911141,-0.01152544032627449,0.6508465148608972,-0.09960849359879911,-0.4083750860732948,0.5541589904344826
1779788829.5981555,10.0,10.0,7.286854013344264,0.15308565378359504,-0.012152883469896656,0.6507056778456625,-0.09626716546226374,-0.40792061320466966,0.5541589904344826
1779788829.6081333,10.0,10.0,7.1248032632556315,0.15298277673408314,-0.012757202955187216,0.6505794634623608,-0.09308701743550965,-0.4074613709871378,0.5541589904344826
1779788829.6181257,10.0,10.0,6.955582225006261,0.1528574715730246,-0.013360374754271579,0.6504607010830188,-0.0899149708062009,-0.40697727362862735,0.5541589904344826
1779788829.628154,10.0,10.0,6.806994630930853,0.15270751122049764,-0.013957987226177568,0.6503464080214933,-0.0866834932421531,-0.40645728033604345,0.5541589904344826
1779788829.6381402,10.0,10.0,6.6844909298096296,0.15252635981356708,-0.01455740954473339,0.650242269262179,-0.08350594112062024,-0.4059194601916495,0.5541589904344826
1779788829.6481695,10.0,10.0,6.617437016659958,0.1523226089520171,-0.015154090704529964,0.6501603830288895,-0.08031411781087286,-0.4053526567505342,0.5541589904344826
1779788829.6581347,10.0,10.0,6.58693135008707,0.15209576292347113,-0.01576139535663947,0.6501010463710171,-0.0770207249528995,-0.4047397828523147,0.5541589904344826
1779788829.6681678,10.0,10.0,6.563942966313304,0.15185205813634287,-0.016367747306083258,0.6500723706150845,-0.07387563623290525,-0.40412780732365333,0.5541589904344826
1779788829.6781967,10.0,10.0,6.564270015803282,0.1515969089991915,-0.01696478582953472,0.6500686352998832,-0.07061405641884841,-0.4034654800829457,0.5541589904344826
1779788829.6881912,10.0,10.0,6.607906176710564,0.15132783831741783,-0.017566864816267805,0.6500919977153432,-0.06743962182399146,-0.4027936462229495,0.5541589904344826
1779788829.6981413,10.0,10.0,6.692684343468613,0.15104493115944997,-0.018176951323062508,0.6501411504005193,-0.06416460743474053,-0.402072254007514,0.5541589904344826
1779788829.7081308,10.0,10.0,6.807514047942581,0.15075918107316524,-0.018788345213353756,0.6502109900606144,-0.06103400929116545,-0.4013556858015964,0.5541589904344826
1779788829.718129,10.0,10.0,6.98479183974412,0.1505109192620574,-0.01940972915161017,0.6503056938257208,-0.05792412203580041,-0.4006175947618992,0.5541589904344826
1779788829.728133,10.0,10.0,7.200013767115355,0.15028737650700022,-0.020047941696523172,0.6504262309269819,-0.05476984760853168,-0.3998420760446196,0.5541589904344826
1779788829.7381284,10.0,10.0,7.396173951905918,0.15009934719710777,-0.02070165199660484,0.6505599011169825,-0.05161214809624651,-0.3990384252721985,0.5541589904344826
1779788829.7481709,10.0,10.0,7.596715713449327,0.14994073864911256,-0.021355965503073643,0.6506968556460806,-0.048490741980774604,-0.39821700881673,0.5541589904344826
1779788829.7581642,10.0,10.0,7.826117993041484,0.1498140762338708,-0.022033385457949535,0.6508366708237704,-0.04526695209915885,-0.39734028486725964,0.5541589904344826
1779788829.76812,10.0,10.0,8.051206206166011,0.14970974030248524,-0.022729185525530833,0.6509670669914838,-0.04216558140461066,-0.39646947037128416,0.5541589904344826
1779788829.7781332,10.0,10.0,8.241625962444838,0.14960678793712795,-0.023432753804060805,0.6510850037893013,-0.039028075478936636,-0.3955609964091411,0.5541589904344826
1779788829.7881472,10.0,10.0,8.407702883274435,0.1495209895770807,-0.02413161466770585,0.6511817436900529,-0.035897957061304636,-0.39462689112689814,0.5541589904344826
1779788829.7981203,10.0,10.0,8.545664891194317,0.14944486917725008,-0.024847073529481397,0.6512657832102678,-0.03282135286173657,-0.39368152807995704,0.5541589904344826
1779788829.8081403,10.0,10.0,8.632051546240698,0.14938670974391022,-0.02557086865271822,0.6513266737800656,-0.029701272005626028,-0.3926950304814393,0.5541589904344826
1779788829.8181248,10.0,10.0,8.699401121644915,0.14934100197579836,-0.026297865261352565,0.6513571619050175,-0.026640580249907814,-0.3916999243542899,0.5541589904344826
1779788829.8281224,10.0,10.0,8.761732293440838,0.14931487691118425,-0.02701882243783882,0.651363888221785,-0.023590984112753094,-0.3906812365138371,0.5541589904344826
1779788829.838137,10.0,10.0,8.804508628433515,0.14929860023554176,-0.02774848400322736,0.651340118641993,-0.020564721687441195,-0.3896432972728784,0.5541589904344826
1779788829.8481584,10.0,10.0,8.834393706722775,0.14929887366421005,-0.028464126591193645,0.6512812968515644,-0.017498017712059638,-0.3885637743486682,0.5541589904344826
1779788829.858212,10.0,10.0,8.8615409972298,0.14931528020577342,-0.02917406349659872,0.6511922958118637,-0.01439356044220999,-0.38744230243496447,0.5541589904344826
1779788829.8681676,10.0,10.0,8.85252578161889,0.14934449651362444,-0.029888356118982915,0.6510832955829217,-0.01439356044220999,-0.38744230243496447,0.5541589904344826
1779788829.8781734,10.0,10.0,8.781433468699129,0.1493817088828647,-0.030615753437848597,0.6509500365814681,-0.011380922826871892,-0.3863261878149593,0.5541589904344826
1779788829.8881166,10.0,10.0,8.673307160111117,0.14942394635648368,-0.031345773270473075,0.6508021315403443,-0.008250928558935916,-0.3851373127036397,0.5541589904344826
1779788829.8981385,10.0,10.0,8.536536152236092,0.14946955471033896,-0.032070961165689915,0.6506391706174678,-0.005265421775695139,-0.3839752522920965,0.5541589904344826
1779788829.9081655,10.0,10.0,8.375838890825795,0.1495074121139683,-0.03279305011380662,0.6504582421775432,-0.0022236504300281734,-0.3827628382318998,0.5541589904344826
1779788829.9181185,10.0,10.0,8.21194145387625,0.14952455479346488,-0.03349662808433742,0.6502637475152668,0.0007874906094057776,-0.3815340705687263,0.5541589904344826
1779788829.928186,10.0,10.0,8.028501694272043,0.14952064938699025,-0.03420107306238949,0.6500694293918059,0.0037690628825684525,-0.380289088302551,0.5541589904344826
1779788829.9381466,10.0,10.0,7.826522814894092,0.14949162882123665,-0.03490095357048543,0.6498770504103544,0.006776218260353406,-0.37900462733597123,0.5541589904344826
1779788829.9481301,10.0,10.0,7.630727122013508,0.14944313455557395,-0.03559057122773455,0.649669665849049,0.009784767101347042,-0.3776903278347489,0.5541589904344826
1779788829.9581275,10.0,10.0,7.461364542168193,0.14937042988312849,-0.03628563013759227,0.6494618422003218,0.01271487100550911,-0.3763818800018719,0.5541589904344826
1779788829.9681578,10.0,10.0,7.310723009263468,0.14927801930218293,-0.036975791969066835,0.6492628892110425,0.015754856402858897,-0.374994397859132,0.5541589904344826
1779788829.978115,10.0,10.0,7.189424053556226,0.1491708973189566,-0.03764901943327006,0.649081171249396,0.018658821049295393,-0.3736401778436882,0.5541589904344826
1779788829.988146,10.0,10.0,7.099473232720832,0.14905339264422782,-0.03831270122008443,0.6489182151944827,0.021541313281277175,-0.3722678051045195,0.5541589904344826
1779788829.9981308,10.0,10.0,7.020460629211163,0.14891671459152458,-0.038971945709504956,0.6487797915883728,0.024544254126875165,-0.3708078931578812,0.5541589904344826
1779788830.0081387,10.0,10.0,6.950119785129374,0.14876212152231835,-0.039614301623649886,0.6486679256939639,0.027429017978303133,-0.3693760723850525,0.5541589904344826
1779788830.018206,10.0,10.0,6.896632476571304,0.14859098050981853,-0.040253502838308565,0.6485878448629653,0.030427972740554837,-0.3678566929000479,0.5541589904344826
1779788830.028158,10.0,10.0,6.83182404807643,0.14839395362507204,-0.040897149199826316,0.6485465032401848,0.03327837250864599,-0.3663830324835432,0.5541589904344826
1779788830.0381923,10.0,10.0,6.763432381981065,0.1481833402796367,-0.04153680752485546,0.6485314184310953,0.036108738040585425,-0.36489087670363585,0.5541589904344826
1779788830.0481215,10.0,10.0,6.7220500348952985,0.14794989037779915,-0.04216625009973396,0.6485457284683057,0.03903756133457145,-0.36331615458600997,0.5541589904344826
1779788830.0581417,10.0,10.0,6.730074413352268,0.14770384469974,-0.04280711502148218,0.6485862929518272,0.04187363969714633,-0.3617611871872609,0.5541589904344826
1779788830.0681107,10.0,10.0,6.772035078144062,0.1474335184386717,-0.04346294331190542,0.648652999371969,0.04480861855841109,-0.3601203731799037,0.5541589904344826
1779788830.078144,10.0,10.0,6.8407071185329125,0.14716250791275123,-0.04412274727493588,0.6487376712906106,0.04760387505373559,-0.35852735566523214,0.5541589904344826
1779788830.0881152,10.0,10.0,6.9890296639197995,0.14690664412543983,-0.04478754400191534,0.6488439023885816,0.05042514899746711,-0.35688909635130944,0.5541589904344826
1779788830.0981307,10.0,10.0,7.193997993636482,0.14667792917711872,-0.045475902668527385,0.6489704714806132,0.05322155570808712,-0.3552346955065987,0.5541589904344826
1779788830.1082094,10.0,10.0,7.404496185943863,0.14648597601934582,-0.04618232155367616,0.6491128832779686,0.056037112014725304,-0.3535377568333297,0.5541589904344826
1779788830.118209,10.0,10.0,7.623709761030604,0.14632225629154794,-0.046894771844443774,0.6492642772165461,0.05887331347266908,-0.3517962407638982,0.5541589904344826
1779788830.128118,10.0,10.0,7.8450780953793675,0.14618257791456093,-0.047617918444835275,0.6494141220275308,0.06159550539670816,-0.3500939358317694,0.5541589904344826
1779788830.1380868,10.0,10.0,8.07515513697325,0.14606957761089978,-0.0483647292940343,0.6495583129928523,0.06159550539670816,-0.3500939358317694,0.5541589904344826
1779788830.14815,10.0,10.0,8.275043119595487,0.14598151433906165,-0.0491242738340318,0.6496872209951259,0.06429158110098579,-0.34837777669457104,0.5541589904344826
1779788830.1581314,10.0,10.0,8.459691914305337,0.1459157446149836,-0.04988348100328373,0.6497954372903284,0.06709238186818808,-0.3465626453634153,0.5541589904344826
1779788830.1681283,10.0,10.0,8.624316181531034,0.14586308703265255,-0.05065481188323849,0.6498856289895799,0.06978467677962116,-0.34478630194618554,0.5541589904344826
1779788830.178129,10.0,10.0,8.757300927374134,0.14582144494232363,-0.051434876897047774,0.6499520679477077,0.07249591070893455,-0.3429657161279974,0.5541589904344826
1779788830.1881094,10.0,10.0,8.853000979669167,0.14579029176677402,-0.0522164413164414,0.6499917705493098,0.07515615655738106,-0.3411478947128304,0.5541589904344826
1779788830.198149,10.0,10.0,8.917581497558254,0.14577588305573871,-0.052996016311978186,0.6500017827000131,0.07778835280525484,-0.33931804421604533,0.5541589904344826
1779788830.2081213,10.0,10.0,8.962713560758454,0.14578703098998075,-0.05377468037364322,0.6499883618795,0.08040582512400926,-0.3374671390291662,0.5541589904344826
1779788830.2181196,10.0,10.0,8.979356209185422,0.1458143794397868,-0.054554595446016256,0.6499436089224739,0.0830353752354612,-0.3355757335358864,0.5541589904344826
1779788830.228105,10.0,10.0,8.974111106143457,0.14586056076312295,-0.05532731830907392,0.6498675848421133,0.08566762339669315,-0.3336497398419935,0.5541589904344826
1779788830.2381916,10.0,10.0,8.923011407542129,0.14592305173719383,-0.05610362655944056,0.6497636542992486,0.08824456057896865,-0.33173200759112587,0.5541589904344826
1779788830.2481232,10.0,10.0,8.840778785908713,0.14599919547137957,-0.056874648040825156,0.6496323843840404,0.09079495177395738,-0.3298020845077499,0.5541589904344826
1779788830.2581422,10.0,10.0,8.712129753428979,0.14607082771452237,-0.057648052520489115,0.6494663009153456,0.09344091245591354,-0.32776562765501277,0.5541589904344826
1779788830.268133,10.0,10.0,8.525586870645833,0.14611776672769214,-0.05840611747023246,0.6492782412328257,0.09596500513550962,-0.3257898779722231,0.5541589904344826
1779788830.2781708,10.0,10.0,8.300500223194222,0.1461458853778876,-0.059147561882051405,0.6490684922956924,0.09852202495940723,-0.3237547724984068,0.5541589904344826
1779788830.2881064,10.0,10.0,8.079025272535759,0.14614017802313842,-0.05987487360170566,0.6488505278996607,0.10104377538321471,-0.32171398784277755,0.5541589904344826
1779788830.29811,10.0,10.0,7.863805465718245,0.1461126497391166,-0.06059405756650765,0.6486239384764845,0.10352777049388076,-0.3196703398056706,0.5541589904344826
1779788830.3081653,10.0,10.0,7.683265956238481,0.14606301602157662,-0.06130095538824426,0.6483973488178135,0.10602574723444189,-0.31758106724958307,0.5541589904344826
1779788830.318137,10.0,10.0,7.5303849820462165,0.14598819469176447,-0.0619983618002905,0.6481715719019325,0.10850633808197888,-0.31547177922032654,0.5541589904344826
1779788830.3281617,10.0,10.0,7.382899918102604,0.14588598850966739,-0.06269144385895803,0.6479572781766567,0.11093660614692083,-0.31337118863252356,0.5541589904344826
1779788830.3380756,10.0,10.0,7.239953579294954,0.14576838321297825,-0.06339097099962938,0.6477546995567406,0.1133886454335922,-0.31121685505289715,0.5541589904344826
1779788830.3481047,10.0,10.0,7.141447832275687,0.1456336052999678,-0.06407746882863585,0.6475632431545634,0.1158046347614827,-0.3090591434139493,0.5541589904344826
1779788830.3581176,10.0,10.0,7.094650264446904,0.1454972978026829,-0.06477169733916993,0.6473935338259886,0.11817998902969942,-0.30690306061615574,0.5541589904344826
1779788830.3681984,10.0,10.0,7.064369529856695,0.14534740260086765,-0.06546076784991625,0.6472539427806003,0.1205353686131013,-0.30473042125069366,0.5541589904344826
1779788830.3781354,10.0,10.0,6.999966602218127,0.14517975983645087,-0.06613673852951622,0.6471488402137828,0.12288066604161177,-0.302531991931736,0.5541589904344826
1779788830.3881245,10.0,10.0,6.918377300146932,0.14499525101521116,-0.06680441614349573,0.647072673798396,0.125328478927369,-0.30019925523952135,0.5541589904344826
1779788830.3980746,10.0,10.0,6.867801823165527,0.1448076192307717,-0.06747723326238665,0.6470315655185582,0.12773644346072263,-0.29786549882773494,0.5541589904344826
1779788830.4081113,10.0,10.0,6.839208909519949,0.14460071571375557,-0.06814105212003355,0.6470221128645867,0.13003457291000428,-0.29560124283315703,0.5541589904344826
1779788830.418131,10.0,10.0,6.813491733347473,0.14437609402312804,-0.06880496551779244,0.6470467744700673,0.13229259635299404,-0.2933404970703326,0.5541589904344826
1779788830.4281425,10.0,10.0,6.814178625436652,0.14414638860946624,-0.06948054012311385,0.6470948806448427,0.13458590224882874,-0.2910070006309598,0.5541589904344826
1779788830.4381208,10.0,10.0,6.8764257804548325,0.1439038673504491,-0.0701630014702331,0.6471685828580748,0.13684251452786286,-0.28867310431800686,0.5541589904344826
1779788830.4481673,10.0,10.0,6.995421489767514,0.14367216507906697,-0.07086445137360604,0.6472666668067144,0.13684251452786286,-0.28867310431800686,0.5541589904344826
1779788830.4581318,10.0,10.0,7.154878830771718,0.14345890152482726,-0.07157085947236591,0.6473920296314906,0.13906053906562857,-0.2863417098181065,0.5541589904344826
1779788830.4681256,10.0,10.0,7.33265341542142,0.14326981354082097,-0.07228390520796492,0.647538597756485,0.14131986177377912,-0.28392778750940023,0.5541589904344826
1779788830.4781034,10.0,10.0,7.516203592174503,0.14310126424160405,-0.0730158626238485,0.6477020157356639,0.14348844786785167,-0.2815727002726982,0.5541589904344826
1779788830.488177,10.0,10.0,7.681089103204122,0.14295471659705697,-0.07375234666255838,0.6478713049259984,0.14565446146054176,-0.279182145909694,0.5541589904344826
1779788830.4981875,10.0,10.0,7.850768924896749,0.14282391357566476,-0.0745065620082588,0.6480437805217231,0.14782662784129522,-0.27674535881812734,0.5541589904344826
1779788830.508117,10.0,10.0,8.008954308606937,0.14271394157588985,-0.07526201793543325,0.6482155704241189,0.1499557550134367,-0.2743174629305853,0.5541589904344826
1779788830.518103,10.0,10.0,8.148437105606789,0.14261622184183242,-0.07602989159372438,0.6483938812884764,0.1520398825841329,-0.2719020545976534,0.5541589904344826
1779788830.528138,10.0,10.0,8.2720430436454,0.14254400051580732,-0.07680260853208068,0.6485586317667247,0.15411561347967248,-0.2694571176069119,0.5541589904344826
1779788830.5381322,10.0,10.0,8.388622003907662,0.1424949170485653,-0.07758930331642541,0.6487125967621145,0.1562598909337399,-0.2668891011125511,0.5541589904344826
1779788830.5481093,10.0,10.0,8.506046805491442,0.14247232201896345,-0.07836494383706032,0.6488471794983728,0.15830390885398224,-0.26439990956061493,0.5541589904344826
1779788830.5580912,10.0,10.0,8.616442925323621,0.14246578463449305,-0.07914351962306959,0.6489537584795326,0.16041712002671868,-0.2617828283949388,0.5541589904344826
1779788830.56811,10.0,10.0,8.712240804580176,0.14247441997510085,-0.07991816750468839,0.6490271456113696,0.1624126566355618,-0.2592695095660886,0.5541589904344826
1779788830.5781288,10.0,10.0,8.795639192337473,0.14249223721600734,-0.08068327596820193,0.6490678931419127,0.16438199593952993,-0.2567479677054797,0.5541589904344826
1779788830.5881293,10.0,10.0,8.867170696906161,0.14251859338126388,-0.08143795614030479,0.6490687736322881,0.1663692977717833,-0.2541606141055537,0.5541589904344826
1779788830.5980873,10.0,10.0,8.910459419944502,0.14256207744307536,-0.08218605527460113,0.6490437736723191,0.16831323788736327,-0.25158677243839994,0.5541589904344826
1779788830.608097,10.0,10.0,8.915577575352724,0.14262944820687098,-0.08293292982688726,0.6489816723706667,0.17023558005564668,-0.24899839900992143,0.5541589904344826
1779788830.6181166,10.0,10.0,8.883586081577354,0.14271388252954412,-0.08366826022532534,0.64889049807283,0.17214521666183744,-0.24638326256957574,0.5541589904344826
1779788830.6281333,10.0,10.0,8.8146782232767,0.14280495955907685,-0.08438392746760669,0.6487612027822102,0.1740288294246289,-0.2437594835213997,0.5541589904344826
1779788830.6381898,10.0,10.0,8.704182962000209,0.14289557804290476,-0.08508674941887844,0.6486006419639462,0.17587548058482536,-0.24114303697771786,0.5541589904344826
1779788830.648091,10.0,10.0,8.542634075493057,0.14297736626772714,-0.08577061565598036,0.6484205099657179,0.17770441093188807,-0.23850711305537434,0.5541589904344826
1779788830.658186,10.0,10.0,8.33632040778868,0.14304705329291612,-0.08644333149037307,0.6482234613636219,0.17960449441220247,-0.23571996066435916,0.5541589904344826
1779788830.6681564,10.0,10.0,8.113239869525321,0.14311426647031628,-0.08710828046163183,0.6480152716477903,0.18138687633914977,-0.23305871787308194,0.5541589904344826
1779788830.6780849,10.0,10.0,7.9036959869333465,0.14315918255244003,-0.08776825852343184,0.6477968756621104,0.18317852571590013,-0.23033633159533382,0.5541589904344826
1779788830.6881132,10.0,10.0,7.702598020625086,0.14318092466342877,-0.08840572146385527,0.6475711805603099,0.18499816410089862,-0.2275210256129638,0.5541589904344826
1779788830.6981087,10.0,10.0,7.510181185358212,0.1431773310153964,-0.08904141280067088,0.6473534758456035,0.1867690439562976,-0.22473049257959207,0.5541589904344826
1779788830.7081668,10.0,10.0,7.309867298913665,0.1431443143666682,-0.08966482134470836,0.6471478025099348,0.18851055847124085,-0.22193554367731028,0.5541589904344826
1779788830.7181208,10.0,10.0,7.13514628963353,0.14309738463763708,-0.09028308597629288,0.6469540163460671,0.19027085303945987,-0.21905728753255366,0.5541589904344826
1779788830.7281473,10.0,10.0,6.998941821837931,0.14302953127057932,-0.0908853521411582,0.6467836000706354,0.19192083950084612,-0.21630886454798617,0.5541589904344826
1779788830.7380943,10.0,10.0,6.872141581800906,0.14295062999873773,-0.09147326166908691,0.6466426631345459,0.19192083950084612,-0.21630886454798617,0.5541589904344826
1779788830.7481072,10.0,10.0,6.751477523631773,0.1428442891211627,-0.09205788399558314,0.6465315822573977,0.1935699473074977,-0.21351100647185578,0.5541589904344826
1779788830.7580917,10.0,10.0,6.630450557848361,0.14271680080684748,-0.09263887392518765,0.646445683543906,0.19521229079696464,-0.21067192031023255,0.5541589904344826
1779788830.7681122,10.0,10.0,6.5397123538884925,0.14256577557837874,-0.0932114040513062,0.6463909697819449,0.19680421930775324,-0.20786762550364382,0.5541589904344826
1779788830.7781143,10.0,10.0,6.4719952332959565,0.14239178863839294,-0.09377292223221077,0.646376098541847,0.1984393128573276,-0.20493125006858248,0.5541589904344826
1779788830.7881398,10.0,10.0,6.39868144115966,0.142200818476536,-0.09432477246969644,0.6464013207734284,0.19998145414735705,-0.2021074198435536,0.5541589904344826
1779788830.7981012,10.0,10.0,6.355480322143843,0.14199019553017203,-0.0948631309200422,0.6464625134367694,0.20149521270230222,-0.19928186684106006,0.5541589904344826
1779788830.8081048,10.0,10.0,6.3557294013201915,0.14175906042668968,-0.09539763004736429,0.6465631350609371,0.20301462725157485,-0.19638978719101582,0.5541589904344826
1779788830.8181038,10.0,10.0,6.403974657121421,0.1415228383668091,-0.09594356973341198,0.646699819140811,0.20449616223296538,-0.19351326083471293,0.5541589904344826
1779788830.8281152,10.0,10.0,6.499922207088049,0.1412881605505647,-0.0964884845891373,0.6468775504609016,0.20594432618596883,-0.19064496014877594,0.5541589904344826
1779788830.8381352,10.0,10.0,6.623212046521337,0.14106693068660556,-0.09702601204067417,0.6470950510919335,0.2074077519239985,-0.1876868112006439,0.5541589904344826
1779788830.8481157,10.0,10.0,6.766249890997261,0.1408873730234792,-0.0975511194227607,0.6473410424615238,0.2088234891159311,-0.18476514032738564,0.5541589904344826
1779788830.858118,10.0,10.0,6.912367147629275,0.14074240580711572,-0.09807590902745847,0.6476056047422751,0.21019634894186404,-0.18187277676609578,0.5541589904344826
1779788830.8681188,10.0,10.0,7.060857065927457,0.14063158568771095,-0.09858683848556969,0.647873527061128,0.21156923002598996,-0.17891904134573586,0.5541589904344826
1779788830.8781166,10.0,10.0,7.223796920068728,0.14054223212582442,-0.09909965877838425,0.6481430084627643,0.21289670185780687,-0.17600157301470085,0.5541589904344826
1779788830.8881211,10.0,10.0,7.391123978449561,0.1404431892899736,-0.09961301998197497,0.6484018268012729,0.21419950942901086,-0.17307638375314846,0.5541589904344826
1779788830.8980968,10.0,10.0,7.517399222964427,0.1403420909976976,-0.10011492465818496,0.6486513831165585,0.2154789786430242,-0.17014057857559609,0.5541589904344826
1779788830.9081419,10.0,10.0,7.617677120921466,0.1402494282333338,-0.1006139365723718,0.6488988975013581,0.21676413282861326,-0.16712527293767843,0.5541589904344826
1779788830.9180837,10.0,10.0,7.715226503023881,0.1401700037439133,-0.10109470774525008,0.6491402378798585,0.2180149702052597,-0.1641227656649525,0.5541589904344826
1779788830.9280832,10.0,10.0,7.821544568979542,0.14011550540426435,-0.10154789692075965,0.6493812989454307,0.21922977434832655,-0.16113895612529622,0.5541589904344826
1779788830.9380884,10.0,10.0,7.930883373397495,0.140079743753209,-0.10199170559938096,0.6496224134252073,0.22046305817519393,-0.15803717373200937,0.5541589904344826
1779788830.948091,10.0,10.0,8.03415983152615,0.14006267298301306,-0.10240385583274585,0.6498502310011403,0.22162355788777668,-0.15504743326597453,0.5541589904344826
1779788830.958099,10.0,10.0,8.156302992680555,0.14005753666007192,-0.10279084076698049,0.6500600879673782,0.2227904681350614,-0.15196720873215033,0.5541589904344826
1779788830.968176,10.0,10.0,8.27487343818747,0.14006249830633155,-0.10314582488016016,0.6502474822233782,0.22392093925983367,-0.1489077277124836,0.5541589904344826
1779788830.9781148,10.0,10.0,8.36257319283368,0.1400788640453338,-0.10348169531407504,0.6504136393502247,0.22501314075720594,-0.14587647738287463,0.5541589904344826
1779788830.988109,10.0,10.0,8.418254559133565,0.14010509872708699,-0.10378097457843281,0.6505504597225718,0.22612844315875982,-0.14269929675660106,0.5541589904344826
1779788830.9981086,10.0,10.0,8.455104081443752,0.1401443422881028,-0.1040575505643679,0.6506641169459837,0.22717331461780924,-0.1396423126767223,0.5541589904344826
1779788831.0080922,10.0,10.0,8.457198787886943,0.14019015579558872,-0.10429906746774568,0.6507450590766409,0.22717331461780924,-0.1396423126767223,0.5541589904344826
1779788831.0181284,10.0,10.0,8.427617808652005,0.14025218041340373,-0.10450922965363958,0.6507973169651744,0.22825207523421023,-0.1363983256463821,0.5541589904344826
1779788831.0281365,10.0,10.0,8.375259030261082,0.14032304253311256,-0.10468714764554547,0.650821196337965,0.22925845028268163,-0.13328530657605484,0.5541589904344826
1779788831.0381303,10.0,10.0,8.303275884529597,0.1404015635867935,-0.10482302134321592,0.6508269441879124,0.2302300301140485,-0.130194177484919,0.5541589904344826
1779788831.0481517,10.0,10.0,8.199954902568715,0.14047555070368667,-0.10492264931177689,0.6508219049120474,0.23116963937383658,-0.127118196568857,0.5541589904344826
1779788831.058159,10.0,10.0,8.080567351274214,0.14054527306404405,-0.10498717671227542,0.6508056493586356,0.23209638954558906,-0.12399402986773192,0.5541589904344826
1779788831.0681112,10.0,10.0,7.963796795502365,0.14060186355630325,-0.10502072987554051,0.6507824865105443,0.23299648228966405,-0.12086656259072545,0.5541589904344826
1779788831.0781214,10.0,10.0,7.841174290822895,0.1406440283723244,-0.10503127459340497,0.6507548997832904,0.23387013423223743,-0.11773539315747053,0.5541589904344826
1779788831.0881186,10.0,10.0,7.7242111511352824,0.14067647986619522,-0.10502604708119112,0.6507387737195316,0.23473152036257613,-0.11454753959724134,0.5541589904344826
1779788831.0980895,10.0,10.0,7.620390617131049,0.14069430391724036,-0.1050122715751738,0.6507348191303522,0.23555395477753147,-0.11140172569297987,0.5541589904344826
1779788831.108102,10.0,10.0,7.532275717972202,0.14070579525937368,-0.10499200929944284,0.6507394844404738,0.23634137483512754,-0.10828721915413281,0.5541589904344826
1779788831.1181092,10.0,10.0,7.451593087888354,0.14070712707084668,-0.10497055110510155,0.6507472388887788,0.23713190704249995,-0.10504913818755415,0.5541589904344826
1779788831.1280804,10.0,10.0,7.374597504338279,0.14070252673647374,-0.10495261202281377,0.65075832425828,0.23787799645568333,-0.1018800380321809,0.5541589904344826
1779788831.1380763,10.0,10.0,7.296527798331997,0.14068508007295022,-0.1049372500438082,0.6507798471036527,0.238600716170242,-0.09869396555669321,0.5541589904344826
1779788831.1480935,10.0,10.0,7.205323956811065,0.14065704745192517,-0.10492473394332909,0.6508171778373507,0.23929424191749823,-0.0955168048269924,0.5541589904344826
1779788831.1581569,10.0,10.0,7.138438547758979,0.14062209697394976,-0.10491490168981486,0.6508663781588198,0.23995094463346825,-0.09238746456500058,0.5541589904344826
1779788831.1681502,10.0,10.0,7.108299165710101,0.1405711087523926,-0.1049068623915322,0.6509401406419371,0.24058307386524777,-0.0892506314545985,0.5541589904344826
1779788831.1781166,10.0,10.0,7.078498588015622,0.14050086031189715,-0.10489482059780644,0.6510431264589773,0.2412026659167534,-0.08604228925730778,0.5541589904344826
1779788831.188086,10.0,10.0,7.069051946823238,0.14041432340435972,-0.10488165136379644,0.6511736214867843,0.24179176272065586,-0.08285262926474884,0.5541589904344826
1779788831.1981137,10.0,10.0,7.076330717636672,0.14031053513568167,-0.10487464385437804,0.6513279506495735,0.24235782893624033,-0.07964171805505776,0.5541589904344826
1779788831.2080684,10.0,10.0,7.119698044168427,0.14019521274983418,-0.1048678701213465,0.6515101613596973,0.24289298624036984,-0.07645511122228954,0.5541589904344826
1779788831.2180984,10.0,10.0,7.212871643026248,0.1400730358624292,-0.10486059395747843,0.6517093563939792,0.2433974783286804,-0.07329582777856711,0.5541589904344826
1779788831.2281308,10.0,10.0,7.360012587394053,0.13994909368926134,-0.10485090262948991,0.6519160337510685,0.2438764093583389,-0.07013448479332098,0.5541589904344826
1779788831.2381084,10.0,10.0,7.531953557248402,0.139825698047508,-0.10484585311102437,0.6521283491770329,0.24433898574664772,-0.06690524262891365,0.5541589904344826
1779788831.2480848,10.0,10.0,7.710886457111405,0.13971028831156748,-0.1048327678611029,0.652343888102609,0.24477047824999706,-0.06370850913166266,0.5541589904344826
1779788831.258106,10.0,10.0,7.898900804283479,0.13960490099786085,-0.10481639871758132,0.6525592427981992,0.24521282160631727,-0.06020877213283738,0.5541589904344826
1779788831.2681496,10.0,10.0,8.0820154742342,0.13951850138467145,-0.10479022961520103,0.6527709793837151,0.2455908901302349,-0.0569998777755803,0.5541589904344826
1779788831.2781577,10.0,10.0,8.245169445877632,0.13944849754176813,-0.10476023098753053,0.6529775126505434,0.2459572501682866,-0.05365305348825533,0.5541589904344826
1779788831.2881963,10.0,10.0,8.380391560172072,0.1393966559702805,-0.10472226999975164,0.6531717739732416,0.2459572501682866,-0.05365305348825533,0.5541589904344826
1779788831.2981005,10.0,10.0,8.503995678920527,0.13936460139204865,-0.10467489414743787,0.6533468665361736,0.24628285333471392,-0.05043306529673272,0.5541589904344826
1779788831.3081446,10.0,10.0,8.624111592151857,0.1393519888211827,-0.10461801746683222,0.6534945551246127,0.24658761465979886,-0.047151745460937755,0.5541589904344826
1779788831.318135,10.0,10.0,8.735339305407047,0.1393550675047199,-0.1045560069293262,0.6536177464711147,0.24686126319562976,-0.043918580882415854,0.5541589904344826
1779788831.3281455,10.0,10.0,8.838316553153257,0.139384173385612,-0.10448470192399194,0.6537100379179613,0.24710564013558864,-0.04072520873905319,0.5541589904344826
1779788831.3380818,10.0,10.0,8.92781987094184,0.13943467714985705,-0.10440212893075745,0.6537712064589428,0.24732770420422304,-0.037479303101772894,0.5541589904344826
1779788831.3480768,10.0,10.0,9.018509417227701,0.1395070350223604,-0.10431192882733517,0.6538065638842906,0.24752325657779436,-0.0342335367166099,0.5541589904344826
1779788831.358109,10.0,10.0,9.087220098282998,0.13958996724896688,-0.10420772388691893,0.6538252482818148,0.24769094180341997,-0.031016993907700765,0.5541589904344826
1779788831.3680456,10.0,10.0,9.132655254750883,0.1396807422107519,-0.10409575669487399,0.6538372589140524,0.24783664865569358,-0.027700786685786072,0.5541589904344826
1779788831.378142,10.0,10.0,9.156565804026169,0.13977935643422548,-0.10396564794980827,0.6538406028221092,0.2479513267067042,-0.024494345575882683,0.5541589904344826
1779788831.388126,10.0,10.0,9.163309516537506,0.13988556720808482,-0.10381271402247166,0.6538362169731669,0.24803993521326836,-0.02130168169246926,0.5541589904344826
1779788831.398098,10.0,10.0,9.12717812048477,0.14000013690801008,-0.1036380677133799,0.6538228046830996,0.2481053377823849,-0.017961544437667315,0.5541589904344826
1779788831.4081168,10.0,10.0,9.03337885217132,0.1401224185483835,-0.10344194905354888,0.6537983080498172,0.24814196970466654,-0.014742053798460272,0.5541589904344826
1779788831.418056,10.0,10.0,8.917888918501587,0.14025272836080285,-0.10322423636463422,0.6537637240744936,0.24815269991350966,-0.01154286237508738,0.5541589904344826
1779788831.4281235,10.0,10.0,8.761136401079575,0.1403782712936373,-0.10300122107755601,0.6537245378790582,0.2481368045940959,-0.008225590126471503,0.5541589904344826
1779788831.4380803,10.0,10.0,8.580596074411572,0.1405014007986085,-0.10276332568825651,0.6536794396815093,0.24809522946857057,-0.005015612037078719,0.5541589904344826
1779788831.4480727,10.0,10.0,8.41227346599974,0.14061956880547083,-0.10252059565059826,0.6536283218212938,0.2480276906085009,-0.0017979437162255543,0.5541589904344826
1779788831.4581065,10.0,10.0,8.237372041730323,0.14073374133966882,-0.10227642723128771,0.6535842211003098,0.24792949303945286,0.001562604021582547,0.5541589904344826
1779788831.4680836,10.0,10.0,8.047352184460737,0.1408415708221252,-0.10202500168277097,0.6535530248684293,0.24780854536496552,0.004790452816306304,0.5541589904344826
1779788831.4780755,10.0,10.0,7.866797453504574,0.14094760891519792,-0.10177266136847504,0.6535363497634349,0.24766004646316045,0.008047225158361655,0.5541589904344826
1779788831.4880729,10.0,10.0,7.695289896530278,0.14104739008599698,-0.1015098655651232,0.6535405160720931,0.24748445944439915,0.011312171478837982,0.5541589904344826
1779788831.4981537,10.0,10.0,7.52697574484523,0.14113317066787098,-0.10123594310506986,0.6535688152108842,0.24727652193327002,0.01466120808818238,0.5541589904344826
1779788831.50805,10.0,10.0,7.346435078491314,0.14120156193715752,-0.1009556998132434,0.6536181432169326,0.24704778586123974,0.01791069855376669,0.5541589904344826
1779788831.5180893,10.0,10.0,7.169588436739166,0.14125401564817122,-0.10066771205719646,0.6536724425965882,0.24679146124493992,0.021171919959223497,0.5541589904344826
1779788831.5280669,10.0,10.0,7.019563543327425,0.14128701153051254,-0.10036773851963181,0.6537345421682762,0.24650793020761,0.024436919954755956,0.5541589904344826
1779788831.5380893,10.0,10.0,6.903877531843022,0.14130050260893917,-0.1000691665617618,0.6538046405750156,0.24620400967337422,0.027635429614567053,0.5541589904344826
1779788831.548098,10.0,10.0,6.8003947925278085,0.14129337982345794,-0.0997638980953911,0.6538909989857653,0.24585985229678334,0.0309669668989433,0.5541589904344826
1779788831.5581174,10.0,10.0,6.712823015911,0.14126384541169415,-0.0994591186390679,0.6539990585796288,0.24585985229678334,0.0309669668989433,0.5541589904344826
1779788831.568129,10.0,10.0,6.649948384046197,0.1412146932300164,-0.09914901449624511,0.6541285807257137,0.24549974189701393,0.03419255510916453,0.5541589904344826
1779788831.5781405,10.0,10.0,6.614137209354191,0.14114498382248866,-0.0988369025493612,0.6542882735925629,0.2451016565039784,0.03751031311123466,0.5541589904344826
1779788831.5881565,10.0,10.0,6.614568464386318,0.1410616054959932,-0.09852310338391115,0.6544727766323255,0.2446936072827051,0.0406908025645741,0.5541589904344826
1779788831.5980844,10.0,10.0,6.655830201503346,0.14095627613576428,-0.09820948459481972,0.6546794318568139,0.24426087687474082,0.043862215017946536,0.5541589904344826
1779788831.6080966,10.0,10.0,6.738593643027531,0.1408338677390965,-0.09789139762515324,0.6549073566030534,0.24378408225877382,0.04715569173062093,0.5541589904344826
1779788831.6181078,10.0,10.0,6.838091417670069,0.14069164899558403,-0.0975746356603434,0.6551511241052418,0.2432974676013798,0.05033349578109638,0.5541589904344826
1779788831.6280735,10.0,10.0,6.969918168774267,0.14054833996655017,-0.09726748875542929,0.6553987668659556,0.2427864826242417,0.05350031188738937,0.5541589904344826
1779788831.638039,10.0,10.0,7.1437943812283615,0.14040748942827852,-0.09695331563434341,0.6556521991548009,0.2422310657482408,0.05677250937056438,0.5541589904344826
1779788831.6480331,10.0,10.0,7.349498175634133,0.14028854310239228,-0.09661613080570575,0.6559100557093751,0.2416639258125032,0.05995553619507723,0.5541589904344826
1779788831.6580863,10.0,10.0,7.587103441640037,0.14019753687761202,-0.09626082373687907,0.6561601207655371,0.24107386463974897,0.06311925417151529,0.5541589904344826
1779788831.668128,10.0,10.0,7.837801616588905,0.14012374671336084,-0.0958931043346619,0.6563960597911593,0.24045196602989252,0.0663102844695437,0.5541589904344826
1779788831.6781223,10.0,10.0,8.069738097877561,0.14006991111032582,-0.09550983646725424,0.6566197148247748,0.2398043859832418,0.06949503023296219,0.5541589904344826
1779788831.6881006,10.0,10.0,8.286041306758218,0.14002643679207166,-0.09512905449254806,0.6568327776946338,0.2391361334610734,0.07265042502435334,0.5541589904344826
1779788831.6981018,10.0,10.0,8.496203571211263,0.14001282665888973,-0.09474304625495107,0.6570366785015075,0.23841743296472392,0.07591175516784901,0.5541589904344826
1779788831.7080896,10.0,10.0,8.717974318026826,0.1400274026458646,-0.09435513199040181,0.657237713684918,0.23769955530569928,0.0790468810277272,0.5541589904344826
1779788831.7180762,10.0,10.0,8.907244622477346,0.14007052757108926,-0.09395336609453657,0.6574342473606413,0.2369277851933745,0.08229482281718686,0.5541589904344826
1779788831.7281582,10.0,10.0,9.059109159376863,0.14013568141997626,-0.09354693142403625,0.6576182725350471,0.2361572849082013,0.08542314087541134,0.5541589904344826
1779788831.7380784,10.0,10.0,9.185475436723742,0.14022771255746,-0.09313687427264208,0.6577870546079844,0.235365729986421,0.08852926272173109,0.5541589904344826
1779788831.7481415,10.0,10.0,9.278411663889228,0.14034258261674157,-0.09272068445454332,0.657935337928919,0.2345201520963401,0.09173780875994772,0.5541589904344826
1779788831.7581172,10.0,10.0,9.353646430092915,0.14047270841022755,-0.09230226904915399,0.6580596729969941,0.23366377803136376,0.09488218707327822,0.5541589904344826
1779788831.768105,10.0,10.0,9.41054524792339,0.1406197534499509,-0.0918843696950643,0.6581585620823084,0.23275591591884645,0.09811014929206038,0.5541589904344826
1779788831.778067,10.0,10.0,9.437268107082446,0.14078056527187555,-0.09146096028666238,0.6582288384026671,0.23185888284780717,0.10120192202858638,0.5541589904344826
1779788831.788074,10.0,10.0,9.431752477735042,0.14096077854369574,-0.09102361909902405,0.6582777358669031,0.23092898407461573,0.10431278988436773,0.5541589904344826
1779788831.7980804,10.0,10.0,9.392199084345048,0.14115290018074642,-0.09057672609441522,0.6583047073255084,0.22997758288085166,0.10740409789414321,0.5541589904344826
1779788831.8080528,10.0,10.0,9.302149178381162,0.14136766502661802,-0.09011680070285635,0.6583144558995113,0.22899660354344634,0.11050197781031965,0.5541589904344826
1779788831.8181078,10.0,10.0,9.187477463682162,0.1415921599263831,-0.0896451995215468,0.6583041712399702,0.22798622080276612,0.11360471922791307,0.5541589904344826
1779788831.8280907,10.0,10.0,9.018809238301783,0.141811238130115,-0.08916975370723526,0.6582818573004139,0.22696010646601059,0.11667097136832538,0.5541589904344826
1779788831.8380742,10.0,10.0,8.789112508616158,0.14201120949244542,-0.0886824243946113,0.6582439959175984,0.22591553815283702,0.11971073864465209,0.5541589904344826
1779788831.848085,10.0,10.0,8.54896487201976,0.14218614039106586,-0.08817532299069131,0.6581950977730756,0.22591553815283702,0.11971073864465209,0.5541589904344826
1779788831.8580744,10.0,10.0,8.298806047498452,0.14233396034763407,-0.087655756050962,0.6581486895307966,0.2248526675435583,0.12272496181791062,0.5541589904344826
1779788831.8681242,10.0,10.0,8.051962163968215,0.14246300863102396,-0.08711392440172427,0.6581087258557144,0.22373479408002003,0.12581510090562487,0.5541589904344826
1779788831.878112,10.0,10.0,7.823404361626961,0.14257265379003048,-0.08656362522651398,0.6580803144509898,0.22259104180888364,0.1288973634253593,0.5541589904344826
1779788831.8880458,10.0,10.0,7.617346729960016,0.14266977609960782,-0.08601112605933856,0.6580765554634004,0.22143169379714853,0.13194493813354136,0.5541589904344826
1779788831.8981664,10.0,10.0,7.435291009936215,0.14276080946257025,-0.08545635524165551,0.6580988866687392,0.2202524192042766,0.13497059654289612,0.5541589904344826
1779788831.9080687,10.0,10.0,7.265838679815958,0.14283613384345617,-0.08488566264532152,0.6581501856648924,0.21906530720162068,0.13794525548120537,0.5541589904344826
1779788831.9180677,10.0,10.0,7.128018036021634,0.14288276595144972,-0.08431000854916613,0.6582273663535997,0.2178529915294339,0.14091376116274593,0.5541589904344826
1779788831.9280703,10.0,10.0,7.011899873460751,0.14291672066488043,-0.08373102569719934,0.6583329083053219,0.21658517032856003,0.14394757711269907,0.5541589904344826
1779788831.9380484,10.0,10.0,6.896617288973476,0.14293223805979718,-0.08313370198353745,0.6584522552783236,0.21531507645338008,0.14691854635588428,0.5541589904344826
1779788831.9480813,10.0,10.0,6.784325199785335,0.14292516786052978,-0.08252246464328401,0.6585835624328962,0.21402662430161093,0.1498664896145936,0.5541589904344826
1779788831.9580734,10.0,10.0,6.691113914540016,0.14289951132812242,-0.08189826225902111,0.6587349606018644,0.21267142654303198,0.15289934698777496,0.5541589904344826
1779788831.9681456,10.0,10.0,6.632074209819999,0.14285692755756194,-0.08127636929517762,0.6589057501603955,0.21134094990605243,0.1558128479240814,0.5541589904344826
1779788831.9780571,10.0,10.0,6.59350293764018,0.1427924993319607,-0.0806549558587638,0.6590872297337543,0.20999036521836675,0.15870885746916252,0.5541589904344826
1779788831.988111,10.0,10.0,6.610152673505339,0.14272001879412433,-0.08002982390658084,0.659278864026863,0.20855407020461655,0.16172410025180897,0.5541589904344826
1779788831.9980917,10.0,10.0,6.684995746463513,0.14264045684662408,-0.07939982020815452,0.6594947316483363,0.20714587730031217,0.16461897416334437,0.5541589904344826
1779788832.0080569,10.0,10.0,6.781527670783323,0.14254498743500693,-0.07876976546647116,0.6597382954437303,0.2057212606439485,0.16748880347612263,0.5541589904344826
1779788832.0180843,10.0,10.0,6.909929592006602,0.1424678710805939,-0.07813672204300484,0.6599945928587856,0.20419532497583245,0.1705002862647933,0.5541589904344826
1779788832.0280638,10.0,10.0,7.115282371984285,0.14241756131360023,-0.07751778123529816,0.6602570570392035,0.20272458303624816,0.1733445915715561,0.5541589904344826
1779788832.0381167,10.0,10.0,7.352455313768612,0.1423820046054503,-0.07689928197277106,0.6605281787892173,0.2011529567300512,0.17632377144756572,0.5541589904344826
1779788832.0480528,10.0,10.0,7.561799752929728,0.14236643145678665,-0.07627680001681361,0.6608044815169419,0.1996285473074351,0.17915669210978086,0.5541589904344826
1779788832.0580623,10.0,10.0,7.748468286068632,0.1423607768836677,-0.07565547601334967,0.6610678212603822,0.19808979394164541,0.1819621085184306,0.5541589904344826
1779788832.0680377,10.0,10.0,7.974468156089012,0.1423840578873912,-0.07502207674283357,0.6613142554870872,0.19650726899591678,0.18479301496787928,0.5541589904344826
1779788832.0780723,10.0,10.0,8.221112553410054,0.14241307612340165,-0.07439882130504018,0.6615408952368722,0.1949193045784853,0.18758063135099978,0.5541589904344826
1779788832.088018,10.0,10.0,8.41284075908469,0.14245510751314405,-0.07378450810357343,0.6617640062764475,0.19327076310064348,0.19042074958889146,0.5541589904344826
1779788832.098108,10.0,10.0,8.556832208357818,0.14251679719158186,-0.07318333519711619,0.6619705489776462,0.19161537797053577,0.19321973755584756,0.5541589904344826
1779788832.1080468,10.0,10.0,8.710051227095796,0.14261524090130254,-0.07258481660944763,0.6621620036163299,0.18993570027825027,0.19600779481356284,0.5541589904344826
1779788832.1180255,10.0,10.0,8.874243258261806,0.1427482742188198,-0.07197889265443987,0.6623388921043513,0.18826285600823758,0.19873449995110992,0.5541589904344826
1779788832.1280665,10.0,10.0,9.015855404621439,0.14290785639859047,-0.07137835331605656,0.6625005209625783,0.186520422827234,0.20152363428451603,0.5541589904344826
1779788832.1380677,10.0,10.0,9.10578108013572,0.14309091850645916,-0.0707804929821289,0.6626451030325851,0.18478946134787608,0.20424484425644743,0.5541589904344826
1779788832.148041,10.0,10.0,9.148736359395262,0.14330260913190204,-0.07017746014978013,0.6627749022103463,0.18478946134787608,0.20424484425644743,0.5541589904344826
1779788832.1580951,10.0,10.0,9.179246203685016,0.14353372189803718,-0.06957324800966101,0.6628769531209463,0.18304172473019073,0.20694418848429838,0.5541589904344826
1779788832.1681275,10.0,10.0,9.169210059127886,0.14377196950624266,-0.0689655219029019,0.6629610787577818,0.181175921352259,0.20977438420392794,0.5541589904344826
1779788832.1780338,10.0,10.0,9.085436753409454,0.1440139707829998,-0.06836947380300168,0.6630253770827236,0.17938743856536196,0.21243919544817522,0.5541589904344826
1779788832.1880517,10.0,10.0,8.94590244265027,0.14425442361853544,-0.06776171407425981,0.6630613083835314,0.17750684845353862,0.21519230966986896,0.5541589904344826
1779788832.198054,10.0,10.0,8.786896178868519,0.1444885501178322,-0.067141073610487,0.663078504129252,0.17563926306293334,0.21787849230741121,0.5541589904344826
1779788832.208111,10.0,10.0,8.588097656210536,0.14469575567922016,-0.06651787992044653,0.6630816359511386,0.17377364378493151,0.22051585165669405,0.5541589904344826
1779788832.2180722,10.0,10.0,8.361161503336726,0.1448892600364432,-0.06588056556806997,0.6630688995790115,0.1718734747518512,0.2231563982788694,0.5541589904344826
1779788832.2280724,10.0,10.0,8.179662093761168,0.14506925846830715,-0.06522751749714606,0.6630509185008182,0.16996960720499124,0.2257574089317587,0.5541589904344826
1779788832.238036,10.0,10.0,8.008261884134155,0.14523506921283919,-0.06457161346160782,0.6630421019142761,0.16801959509868922,0.22837662018918184,0.5541589904344826
1779788832.2480319,10.0,10.0,7.803278287424247,0.14538573721804357,-0.0639175531673579,0.6630459964117439,0.16607246284228952,0.2309481392446159,0.5541589904344826
1779788832.2580352,10.0,10.0,7.612416409247591,0.14551772890051343,-0.06324210633108575,0.6630553672310042,0.16408368885781596,0.23353087904367065,0.5541589904344826
1779788832.2680554,10.0,10.0,7.476400838327232,0.1456316487656562,-0.0625527282961068,0.6630865869312902,0.16201700608294342,0.23616939813544496,0.5541589904344826
1779788832.2780557,10.0,10.0,7.34953049581971,0.1457284946248962,-0.06186974129287944,0.6631412867721663,0.16001475733228662,0.23868288879421476,0.5541589904344826
1779788832.288042,10.0,10.0,7.2108216626301695,0.1457895259951944,-0.06116891720530155,0.6632168430586104,0.15799599947490314,0.2411757805069555,0.5541589904344826
1779788832.298052,10.0,10.0,7.077914725764205,0.14582737443858354,-0.060459354192644636,0.6633119806960281,0.15590101549188282,0.24372022490090936,0.5541589904344826
1779788832.3080287,10.0,10.0,6.962265521618207,0.14583771582023852,-0.05974197708889972,0.6634219183889187,0.15383765338342723,0.2461851075308075,0.5541589904344826
1779788832.3180652,10.0,10.0,6.883471128342527,0.14583054520912836,-0.059016324952837845,0.6635422947422704,0.15175908855626472,0.24862803748257775,0.5541589904344826
1779788832.3280475,10.0,10.0,6.861064203868861,0.14580356033007735,-0.05827966625694774,0.6636768164723855,0.14958724169925927,0.25113880326779714,0.5541589904344826
1779788832.3380399,10.0,10.0,6.855153057896837,0.14575335211232077,-0.05754412664567124,0.6638330275779891,0.1474712603308221,0.2535450435532956,0.5541589904344826
1779788832.3481312,10.0,10.0,6.843856098962026,0.1456995689072143,-0.056799093233138254,0.6639995537742529,0.14534274952649776,0.2559268434482106,0.5541589904344826
1779788832.3580682,10.0,10.0,6.8971075284682515,0.14564597290363354,-0.05605803400295105,0.6641804023872543,0.14314972271615847,0.2583413339445871,0.5541589904344826
1779788832.3680267,10.0,10.0,7.00931840098603,0.14559390537966296,-0.05532920431253114,0.664378531795028,0.140939876777921,0.2607348571117965,0.5541589904344826
1779788832.3780825,10.0,10.0,7.135130268865341,0.14554968128391776,-0.05461419589481226,0.6645888035997533,0.13875059884169952,0.2630680338498151,0.5541589904344826
1779788832.3880732,10.0,10.0,7.279289243671751,0.14552133466514877,-0.053899199086093925,0.6648055794650826,0.13647237310816648,0.26545680595625526,0.5541589904344826
1779788832.3980742,10.0,10.0,7.454916052120595,0.14551188862322925,-0.05318732801337992,0.6650306166785259,0.13423742212886228,0.26776233253407417,0.5541589904344826
1779788832.4081116,10.0,10.0,7.622650737079327,0.14553019388310434,-0.05249585083085504,0.6652467048552431,0.13195092245408127,0.27008318602135617,0.5541589904344826
1779788832.4180706,10.0,10.0,7.799587642004375,0.14555946159052846,-0.05181510830011235,0.665458176596606,0.12957290861623996,0.2724573188631341,0.5541589904344826
1779788832.4280598,10.0,10.0,7.993178429511313,0.14559948796436153,-0.05114579583839724,0.6656697508699175,0.12728462165107354,0.27470466524782833,0.5541589904344826
1779788832.4380472,10.0,10.0,8.172268904689686,0.14565776947706283,-0.05047876037288105,0.6658789495566788,0.12728462165107354,0.27470466524782833,0.5541589904344826
1779788832.44803,10.0,10.0,8.34429560460017,0.1457460400560979,-0.04982183895984412,0.6660691680608072,0.12498746926342921,0.2769248849926745,0.5541589904344826
1779788832.458044,10.0,10.0,8.520125469170846,0.14586321449478218,-0.04916321429820161,0.6662486170918079,0.1226054028562639,0.279190134341628,0.5541589904344826
1779788832.4680295,10.0,10.0,8.693353319130823,0.14599910716494546,-0.04850438657361154,0.6664229404749277,0.12025596318967227,0.2813882575649079,0.5541589904344826
1779788832.4780102,10.0,10.0,8.836128230805786,0.14616147950566954,-0.047853536667393864,0.6665833962989302,0.11789101551823664,0.2835654976640635,0.5541589904344826
1779788832.4880636,10.0,10.0,8.917186609741652,0.1463416556459066,-0.04720429919639764,0.6667177343670808,0.11541995840786337,0.2858033339642285,0.5541589904344826
1779788832.4981234,10.0,10.0,8.968304598359989,0.14653568697598035,-0.04655581623577932,0.6668294634512226,0.11303525913489684,0.28792780587356065,0.5541589904344826
1779788832.508166,10.0,10.0,9.002107049306197,0.14674613114273938,-0.04591089762521001,0.6669181968039906,0.11062426807849221,0.2900413484873384,0.5541589904344826
1779788832.5180929,10.0,10.0,8.988850000119601,0.1469676080419716,-0.04526885116303283,0.6669800671495392,0.1080677070986851,0.292245569889351,0.5541589904344826
1779788832.528076,10.0,10.0,8.942129244912485,0.14719455162136294,-0.04461818859418263,0.6670078694574565,0.10561768033431498,0.2943230135096001,0.5541589904344826
1779788832.5380356,10.0,10.0,8.883827026900304,0.14743298289725074,-0.043962063224131244,0.6670144937732355,0.10312551106857629,0.29640184476968756,0.5541589904344826
1779788832.5481045,10.0,10.0,8.774365076133073,0.147678765245051,-0.04331759030230512,0.6670028441057754,0.10061118435927688,0.29846475985406745,0.5541589904344826
1779788832.558061,10.0,10.0,8.597064484427252,0.14791576638749976,-0.04266911669360441,0.6669712323403816,0.0980815784880956,0.30050603467326514,0.5541589904344826
1779788832.568028,10.0,10.0,8.411314796327096,0.14813896113502645,-0.042005376357192155,0.6669288967761708,0.09547022880051434,0.30257802012950125,0.5541589904344826
1779788832.5780346,10.0,10.0,8.221823111393178,0.14833999086211916,-0.04135813521810765,0.666883601686273,0.09292703383537093,0.30456216785118656,0.5541589904344826
1779788832.5881035,10.0,10.0,8.001045119152977,0.1485203065205054,-0.04070140695921324,0.666839741517409,0.0903798890873227,0.30651663611706914,0.5541589904344826
1779788832.5980573,10.0,10.0,7.791351565389532,0.14867721104699327,-0.0400300385234548,0.6668074570478462,0.08778514737810059,0.3084745358622368,0.5541589904344826
1779788832.60805,10.0,10.0,7.595068620371016,0.14880924268779247,-0.039350180008310795,0.6667854609884174,0.08518794678391953,0.3104014528045961,0.5541589904344826
1779788832.6180263,10.0,10.0,7.422017548972043,0.1489243275246331,-0.03866658367623053,0.6667771286750008,0.0825998799711424,0.3122894946283859,0.5541589904344826
1779788832.6280673,10.0,10.0,7.286694128225179,0.14901893356578427,-0.03796244171070885,0.6667851571947397,0.07999254334041886,0.31415975842089955,0.5541589904344826
1779788832.6380782,10.0,10.0,7.173544499580531,0.14908143653784878,-0.03725781643664029,0.6668060387073949,0.07734147173517636,0.3160291938183913,0.5541589904344826
1779788832.6480339,10.0,10.0,7.054106742631983,0.14911837067562,-0.03653092736108813,0.6668253061876055,0.07468181464632151,0.3178726103412496,0.5541589904344826
1779788832.6580915,10.0,10.0,6.992230772059637,0.14913253917533698,-0.03578853216007765,0.6668470217218828,0.07203571289612049,0.31967528231108894,0.5541589904344826
1779788832.668098,10.0,10.0,6.976126114757029,0.149131493794236,-0.035059555793515815,0.6668883272283643,0.06932781638642904,0.32148820946018153,0.5541589904344826
1779788832.6780577,10.0,10.0,6.950404676210612,0.14912526672062915,-0.03433778197096235,0.6669412942538704,0.06663596161689411,0.32325898520902974,0.5541589904344826
1779788832.6880577,10.0,10.0,6.945004052625628,0.14910582364816816,-0.03362148396886094,0.6670055370945875,0.063879356082853,0.3250404154857189,0.5541589904344826
1779788832.6980402,10.0,10.0,6.976570856883986,0.14906366654689282,-0.032915508710596814,0.6670830409220717,0.061080175415914845,0.32681680752305764,0.5541589904344826
1779788832.7080355,10.0,10.0,7.023553783468878,0.14900896213808917,-0.032205196004069556,0.6671772966478733,0.05832306371313731,0.3285349334449355,0.5541589904344826
1779788832.718033,10.0,10.0,7.109160483177182,0.1489376452372104,-0.03148733567273327,0.6672846748832817,0.05559415598463638,0.3302050989601394,0.5541589904344826
1779788832.7280438,10.0,10.0,7.250851744503312,0.14888013329158448,-0.03077156201448705,0.6674012272714434,0.052800225942749496,0.33188420409518976,0.5541589904344826
1779788832.7380533,10.0,10.0,7.417614904584549,0.148836450590961,-0.03006958146950903,0.6675296868886629,0.05001956345571598,0.33352478649731604,0.5541589904344826
1779788832.7480688,10.0,10.0,7.594103289718589,0.1488252597915109,-0.029369250734515517,0.667658108518853,0.05001956345571598,0.33352478649731604,0.5541589904344826
1779788832.7580438,10.0,10.0,7.806162811563149,0.14884687643794947,-0.028673138889618442,0.6677962000435774,0.04724731343471039,0.33513049794655714,0.5541589904344826
1779788832.7680926,10.0,10.0,8.003638721745356,0.14890511642362783,-0.027994081636444037,0.6679390351023139,0.04442576277351501,0.3367345278471918,0.5541589904344826
1779788832.7780354,10.0,10.0,8.185862015303558,0.14898052578454846,-0.02731887287028957,0.6680782285637521,0.041568966579064254,0.33832794357948587,0.5541589904344826
1779788832.788041,10.0,10.0,8.334692878959935,0.14907281498086639,-0.02664804439104414,0.6682098018024585,0.03875119066782182,0.3398697901206028,0.5541589904344826
1779788832.798106,10.0,10.0,8.468828035783977,0.14919840652643873,-0.025987606088156222,0.6683354033684878,0.03591927404993117,0.3413899439517281,0.5541589904344826
1779788832.808019,10.0,10.0,8.616017793302861,0.14934557167914522,-0.02534446406222547,0.668453657201149,0.033040335379314806,0.34290548633168577,0.5541589904344826
1779788832.8180554,10.0,10.0,8.726865737709218,0.14950160302623064,-0.024710254771325827,0.668552575141482,0.030179367035528565,0.34438212928045686,0.5541589904344826
1779788832.8281007,10.0,10.0,8.80790905757745,0.14967578298299136,-0.024084400655634608,0.6686310282889921,0.02728863526249059,0.345844698588727,0.5541589904344826
1779788832.8380713,10.0,10.0,8.86666011714946,0.14987661882175898,-0.023471333532797446,0.6686904111082667,0.024349072702795155,0.34730200358461116,0.5541589904344826
1779788832.848091,10.0,10.0,8.902476353861234,0.15009217024723073,-0.022875393772849757,0.6687299050144708,0.02143047258853728,0.3487193771938511,0.5541589904344826
1779788832.8580334,10.0,10.0,8.901822030243167,0.15032504155852297,-0.02227959442711789,0.6687416844933252,0.018526260664949556,0.35010089081042295,0.5541589904344826
1779788832.8680387,10.0,10.0,8.888715792924708,0.1505788469748875,-0.021669822129717544,0.6687383465155702,0.0156189554067864,0.35145535842802994,0.5541589904344826
1779788832.8780155,10.0,10.0,8.863832536564031,0.15085106486030303,-0.021062510662940737,0.6687132772816661,0.012650551329740078,0.35280918283706736,0.5541589904344826
1779788832.8880517,10.0,10.0,8.762785818311754,0.15112331530784823,-0.020457156638607497,0.6686673340950318,0.00971468807796258,0.35411955477172324,0.5541589904344826
1779788832.8980424,10.0,10.0,8.60985501803701,0.1513872317668879,-0.019849743897792923,0.6685990102706937,0.0067156858925351,0.35542904747136594,0.5541589904344826
1779788832.908047,10.0,10.0,8.431128070651187,0.15162400929883874,-0.01924964010306687,0.6685131780297605,0.0037267049680264064,0.35670525109547807,0.5541589904344826
1779788832.918009,10.0,10.0,8.218930883861852,0.1518250304876338,-0.018646884604761663,0.6684125675480823,0.0007422685399088857,0.35795101357207637,0.5541589904344826
1779788832.9280205,10.0,10.0,8.002990062112051,0.15200093421593408,-0.01804654894377038,0.6683033833014986,-0.0023636246574188224,0.35921754213638935,0.5541589904344826
1779788832.9380438,10.0,10.0,7.811991848390568,0.15215296592634028,-0.017431602495885268,0.6681950940280651,-0.005356016139240444,0.3604091978573308,0.5541589904344826
1779788832.9480662,10.0,10.0,7.626466413150855,0.15227952229144948,-0.01680693343421851,0.6681008735947648,-0.008405290950667915,0.361594925926069,0.5541589904344826
1779788832.9580367,10.0,10.0,7.432250380955678,0.15239478964553949,-0.016174960869626647,0.6680189908149647,-0.011408384012197487,0.36273476351469713,0.5541589904344826
1779788832.968031,10.0,10.0,7.273583639414024,0.15249433174865532,-0.015531096576618508,0.6679528975793769,-0.014408041998538873,0.3638458786573981,0.5541589904344826
1779788832.978042,10.0,10.0,7.125821399320414,0.15257527829009956,-0.014885052784507956,0.6679075742258271,-0.017419895916803402,0.3649341853992492,0.5541589904344826
1779788832.9880917,10.0,10.0,7.004750837656425,0.15264142968536798,-0.014250538088123219,0.6678694878851903,-0.020438841199649033,0.3659978137029533,0.5541589904344826
1779788832.9980133,10.0,10.0,6.895802801864659,0.15269510898504185,-0.01361779304232907,0.6678353927769358,-0.02351296376486492,0.3670530940844238,0.5541589904344826
1779788833.008081,10.0,10.0,6.809403916493321,0.1527337503453445,-0.01299422525946299,0.6678179364793888,-0.026573813983785693,0.36807619059962393,0.5541589904344826
1779788833.0180402,10.0,10.0,6.7393495595351185,0.15275746659585857,-0.012379880297257726,0.6678126604633142,-0.0296113360841381,0.3690644554187946,0.5541589904344826
1779788833.0280178,10.0,10.0,6.698227321051149,0.15275307851283132,-0.01176365617225097,0.6678151313635238,-0.03265735641023884,0.37002865195761303,0.5541589904344826
1779788833.0380383,10.0,10.0,6.694106625163065,0.15272706543177803,-0.011139248409781524,0.6678356925254335,-0.03583379612980073,0.371005729864892,0.5541589904344826
1779788833.0480375,10.0,10.0,6.724417979697298,0.15269269685816697,-0.010506037928247149,0.667869591269622,-0.038917515345348735,0.37192675374071793,0.5541589904344826
1779788833.0580215,10.0,10.0,6.779758106183732,0.1526406956960341,-0.009868456297423077,0.6679119172429231,-0.042062922890062665,0.372838461737529,0.5541589904344826
1779788833.068073,10.0,10.0,6.879779155257188,0.1525774014202584,-0.009233373944472682,0.6679710428104911,-0.045188511642430124,0.3737168693308679,0.5541589904344826
1779788833.0780811,10.0,10.0,7.018447318192469,0.1525253354865697,-0.008611911897438665,0.6680374814945965,-0.04827533622417282,0.37455760641001734,0.5541589904344826
1779788833.088045,10.0,10.0,7.213713264898507,0.15249119079390747,-0.007992732943175962,0.6681202242217107,-0.04827533622417282,0.37455760641001734,0.5541589904344826
1779788833.098074,10.0,10.0,7.416519553483477,0.15247313126920178,-0.007379343053574515,0.6682117223126285,-0.051367339538811535,0.37537325235353847,0.5541589904344826
1779788833.1080203,10.0,10.0,7.6155302138678564,0.15248536639194352,-0.006775352200104539,0.6683153184092184,-0.054647090549834215,0.3762096224184066,0.5541589904344826
1779788833.118028,10.0,10.0,7.812403852600376,0.15252168471776992,-0.006195171507266618,0.6684229585361243,-0.05777366087614952,0.37697949583608853,0.5541589904344826
1779788833.1280842,10.0,10.0,7.998286735218441,0.15258223411756783,-0.005639422240725816,0.6685300309427161,-0.06089819253670928,0.3777222766586549,0.5541589904344826
1779788833.1380806,10.0,10.0,8.17798488038944,0.15265136199146473,-0.005092131001425963,0.6686312185455261,-0.06406491977319098,0.37844812120845456,0.5541589904344826
1779788833.1480644,10.0,10.0,8.329256879001944,0.15273306316183385,-0.004562247917787133,0.6687227939177203,-0.0671834601207291,0.37913653563934885,0.5541589904344826
1779788833.1580305,10.0,10.0,8.454450160438121,0.15282502361184655,-0.004052330822152384,0.6688067233155391,-0.07032316462768193,0.3798033125014819,0.5541589904344826
1779788833.1680331,10.0,10.0,8.562154955744681,0.15293939778154464,-0.003567004569998899,0.6688816636428808,-0.07354211740684072,0.38045965344874577,0.5541589904344826
1779788833.1780007,10.0,10.0,8.661507378545627,0.1530782471913592,-0.003096443039137297,0.6689399750994034,-0.0767028007259434,0.381077385432225,0.5541589904344826
1779788833.1880364,10.0,10.0,8.739372857368291,0.15323813109681458,-0.0026325030913847097,0.6689833890653195,-0.07984879718647783,0.38166607199455604,0.5541589904344826
1779788833.1980693,10.0,10.0,8.788879103451753,0.15341377379583923,-0.0021771783799679925,0.6690083421103453,-0.08299659421188019,0.38222907638603826,0.5541589904344826
1779788833.208088,10.0,10.0,8.81680673814047,0.1536085349698059,-0.001739261947677315,0.6690028040566642,-0.08633249219566355,0.38279744189484616,0.5541589904344826
1779788833.218022,10.0,10.0,8.809828167105362,0.15381639801995878,-0.0013158675933926578,0.6689817465850494,-0.08960043986637653,0.3833261294082958,0.5541589904344826
1779788833.2280748,10.0,10.0,8.74959677922718,0.15403708545377504,-0.0008921394199152571,0.6689337366048138,-0.09283043801686422,0.3838214584033445,0.5541589904344826
1779788833.2381034,10.0,10.0,8.655870927140699,0.1542558771606446,-0.0004600498969183237,0.6688716769304203,-0.09600359397692307,0.38428181923015065,0.5541589904344826
1779788833.24805,10.0,10.0,8.508757706824913,0.1544600210575854,-3.153452488413244e-05,0.6687879725762342,-0.09922691452859786,0.38472291329036523,0.5541589904344826
1779788833.2580037,10.0,10.0,8.325742857479229,0.1546448554990866,0.0004015898700615077,0.668695418325306,-0.10244138178534914,0.385136241392095,0.5541589904344826
1779788833.2680142,10.0,10.0,8.12880074608085,0.15479938328643938,0.0008371058028213298,0.6685926333135689,-0.10564383875909575,0.3855217379631927,0.5541589904344826
1779788833.278004,10.0,10.0,7.936599517150075,0.1549236298368314,0.0012742370771104843,0.668490584248976,-0.10893679112342933,0.38589084768634535,0.5541589904344826
1779788833.2880385,10.0,10.0,7.758518217944892,0.1550385834604218,0.0017178988410400423,0.6683903103603827,-0.11213649367539738,0.3862230808161762,0.5541589904344826
1779788833.298068,10.0,10.0,7.610590278701236,0.15513500777230008,0.0021656543738103697,0.6682975018261919,-0.11532341571539065,0.3865281634818541,0.5541589904344826
1779788833.3080244,10.0,10.0,7.480463843583674,0.15520913454996998,0.002611441596183498,0.6682152081113835,-0.11857257589986256,0.38681273393084176,0.5541589904344826
1779788833.3180904,10.0,10.0,7.348176647384501,0.15526248161778156,0.0030721588155816545,0.6681494203485652,-0.12182925277895254,0.3870712007280141,0.5541589904344826
1779788833.328007,10.0,10.0,7.236562738274368,0.15530181603860643,0.003531349476330305,0.6680974703943473,-0.12504821199042596,0.387300395741637,0.5541589904344826
1779788833.3380523,10.0,10.0,7.153547332906357,0.1553241015862795,0.003989434131473921,0.6680506146617228,-0.1283145752185725,0.3875063071953248,0.5541589904344826
1779788833.3480587,10.0,10.0,7.099322492986459,0.15531808204557515,0.004454642602364697,0.6680132434369718,-0.13152656106579305,0.3876826439697786,0.5541589904344826
1779788833.358029,10.0,10.0,7.043064909441411,0.1552979797574626,0.00491457177125866,0.667979971665545,-0.13472641833855162,0.38783256859880016,0.5541589904344826
1779788833.3680632,10.0,10.0,7.008426660624843,0.15525651239664615,0.00538722150719635,0.6679567559118373,-0.13793975439542136,0.3879572937420721,0.5541589904344826
1779788833.378002,10.0,10.0,6.995323033517156,0.15520310479089494,0.005857363787125609,0.6679422584187664,-0.14120765941454957,0.38805761347871964,0.5541589904344826
1779788833.388014,10.0,10.0,7.013930330705047,0.15514158487874907,0.006328153460787539,0.6679398148202836,-0.14444308494948385,0.38813060641140784,0.5541589904344826
1779788833.3980663,10.0,10.0,7.069008684220288,0.1550663952130013,0.006787287162491026,0.6679548043009136,-0.14764931280200924,0.38817711013944767,0.5541589904344826
1779788833.408024,10.0,10.0,7.142984809534102,0.1549899363077512,0.007236844687109795,0.6679815240961205,-0.14764931280200924,0.38817711013944767,0.5541589904344826
1779788833.4180236,10.0,10.0,7.2730868621944955,0.15493619218517643,0.0076718231157591075,0.6680190204992634,-0.15100602276836125,0.38819825423395565,0.5541589904344826
1779788833.427995,10.0,10.0,7.459233791042847,0.15489652906940649,0.008086812517831344,0.6680624236939278,-0.15428161728870618,0.388191730794084,0.5541589904344826
1779788833.4380682,10.0,10.0,7.645968513819765,0.15487425875399866,0.008483035085220542,0.6681150476661915,-0.15753654797822483,0.38815867608742166,0.5541589904344826
1779788833.4481275,10.0,10.0,7.830161627579799,0.1548732365687604,0.008865615571287991,0.6681707477382761,-0.16076236977609756,0.3880997764643749,0.5541589904344826
1779788833.4580457,10.0,10.0,8.029110257403934,0.15488656087798314,0.009225260972118711,0.6682319108274516,-0.16396725367360085,0.38801547746524223,0.5541589904344826
1779788833.4680152,10.0,10.0,8.20605910144724,0.15492418311992895,0.009577156975683218,0.668293790054282,-0.1671776868385437,0.387905251645969,0.5541589904344826
1779788833.4780085,10.0,10.0,8.362175019677089,0.1549776373190138,0.009916571090415703,0.668356488561934,-0.17044501391672287,0.38776655726776627,0.5541589904344826
1779788833.4880464,10.0,10.0,8.495743481754767,0.15505378823596142,0.01024671206480997,0.6684157015208232,-0.1736713291516295,0.38760333016408904,0.5541589904344826
1779788833.4980145,10.0,10.0,8.599230318857838,0.15514713920686077,0.010564433449639666,0.668471325686703,-0.17688290194989745,0.38741488802435436,0.5541589904344826
1779788833.5080779,10.0,10.0,8.684043983546257,0.15525637147349056,0.010870418202593107,0.6685125107454816,-0.18014842581799165,0.3871966845673499,0.5541589904344826
1779788833.5180178,10.0,10.0,8.73953214093346,0.1553718543459798,0.01115923421841954,0.6685378515003847,-0.18335298872238529,0.3869564412991226,0.5541589904344826
1779788833.5280755,10.0,10.0,8.760512584099326,0.15550063855658525,0.011444516618177438,0.6685467595865702,-0.18662030211800293,0.38668481294505186,0.5541589904344826
1779788833.5380104,10.0,10.0,8.769704831167184,0.15564684855181798,0.011719694478651796,0.6685346693777625,-0.1898925952048728,0.386385714595783,0.5541589904344826
1779788833.547992,10.0,10.0,8.769062303923972,0.15579622283380185,0.011987849345712696,0.6685049982027066,-0.19310073168982536,0.38606613601356476,0.5541589904344826
1779788833.557983,10.0,10.0,8.732755142838007,0.15595084742168308,0.0122589155160463,0.6684561355870803,-0.19636232513688165,0.3857144279309149,0.5541589904344826
1779788833.5680003,10.0,10.0,8.655202472246266,0.15610080242925187,0.012529441946657345,0.6683885985073466,-0.19957445945523325,0.38534156951243004,0.5541589904344826
1779788833.5780537,10.0,10.0,8.533220933196983,0.15624386445751148,0.01279629094598364,0.6683102303988527,-0.20281324452278518,0.38493893259737844,0.5541589904344826
1779788833.5879948,10.0,10.0,8.386537208159885,0.15636648674734047,0.013066369317897258,0.6682205972437132,-0.20618625550098693,0.3844910373266834,0.5541589904344826
1779788833.598018,10.0,10.0,8.21929103273241,0.15646653503941757,0.013350403645786874,0.6681289589253658,-0.20942825263698142,0.3840329729745874,0.5541589904344826
1779788833.6080234,10.0,10.0,8.06780938280604,0.15655436459302435,0.013645142741717938,0.6680373313034692,-0.21267610992736405,0.3835468917048347,0.5541589904344826
1779788833.6180296,10.0,10.0,7.937463023231916,0.15662788575317174,0.013954341477548458,0.6679488107887176,-0.2158408345193147,0.38304697893309825,0.5541589904344826
1779788833.627998,10.0,10.0,7.806289560281225,0.15668357549852396,0.014274096482437148,0.6678709393509861,-0.21909244398275665,0.3825062264719219,0.5541589904344826
1779788833.638013,10.0,10.0,7.687191896284108,0.1567156355091957,0.014611162583798836,0.66779922150912,-0.2223087245116744,0.38194420340241786,0.5541589904344826
1779788833.647984,10.0,10.0,7.57231533110336,0.15673411553726682,0.014948520419583947,0.6677402406067291,-0.22547783787600797,0.38136390274548826,0.5541589904344826
1779788833.6579974,10.0,10.0,7.474676693696526,0.15674200261288168,0.015283277461538718,0.6676952077076189,-0.22871898165716573,0.3807430621215778,0.5541589904344826
1779788833.668084,10.0,10.0,7.411833170186924,0.15674027067399232,0.015604165797669066,0.6676639354629297,-0.23188097235426472,0.38011060576852673,0.5541589904344826
1779788833.6779969,10.0,10.0,7.372290361475255,0.1567242558040678,0.015932946728425896,0.6676432883702518,-0.23188097235426472,0.38011060576852673,0.5541589904344826
1779788833.688006,10.0,10.0,7.367700121965253,0.1567007151370261,0.01625420857049534,0.6676319364420128,-0.23502449939573297,0.3794554992979754,0.5541589904344826
1779788833.6980033,10.0,10.0,7.379835198040012,0.15664957998240794,0.016571200831464426,0.6676286454764143,-0.23826364244812934,0.37875285002157344,0.5541589904344826
1779788833.7080188,10.0,10.0,7.398815240346601,0.15658984567666057,0.01688272623973122,0.667634483212217,-0.24142687149938488,0.3780394720587346,0.5541589904344826
1779788833.7180605,10.0,10.0,7.449811531312487,0.15651579219542502,0.01719186402767761,0.6676519566815254,-0.24453871280056663,0.3773113161230849,0.5541589904344826
1779788833.7279954,10.0,10.0,7.536023411046385,0.15646032057981746,0.017492944460189567,0.6676802288784963,-0.24768220243794567,0.3765490525379991,0.5541589904344826
1779788833.7379947,10.0,10.0,7.681443028922547,0.1564219720474589,0.017772121867194225,0.6677109131112354,-0.25084674018302455,0.3757544178803904,0.5541589904344826
1779788833.7480197,10.0,10.0,7.8524650618598395,0.15640493316831694,0.018031481140033626,0.667748676645642,-0.2540672610944902,0.3749174633182472,0.5541589904344826
1779788833.7580667,10.0,10.0,8.028094195243426,0.15640707052743363,0.018277575617587378,0.6677899389611056,-0.2572465241261783,0.37406308631200524,0.5541589904344826
1779788833.7680216,10.0,10.0,8.183574650865419,0.15642698090177687,0.018515610325639982,0.6678326406486506,-0.2603463395488046,0.37320295740149245,0.5541589904344826
1779788833.7779925,10.0,10.0,8.329759275800985,0.156465027224482,0.01873812363827175,0.6678735392011279,-0.26348198965173486,0.3723054749439746,0.5541589904344826
1779788833.7880337,10.0,10.0,8.454097583464883,0.15651445245655737,0.018943947712819223,0.6679112641524835,-0.26656336430980165,0.37139648414143583,0.5541589904344826
1779788833.7979958,10.0,10.0,8.551410687630051,0.1565703212971908,0.0191303060338585,0.6679348133227665,-0.269661624862523,0.370455290130107,0.5541589904344826
1779788833.8080037,10.0,10.0,8.632792182031135,0.15664034928284637,0.019302665546086128,0.6679472126313338,-0.27283667820968827,0.36946223720483434,0.5541589904344826
1779788833.8180387,10.0,10.0,8.686717037856393,0.1567226121297024,0.01945809788162356,0.6679436714243737,-0.275896540560144,0.3684776752081497,0.5541589904344826
1779788833.8280365,10.0,10.0,8.691573170612035,0.15681574296162298,0.019604990586926982,0.6679247134845604,-0.27893444026000846,0.3674732317880534,0.5541589904344826
1779788833.838013,10.0,10.0,8.659800221047396,0.1569063583701816,0.019750349257042124,0.6678893084773508,-0.28207522091031567,0.36640631340773194,0.5541589904344826
1779788833.8480225,10.0,10.0,8.610923659319603,0.15700161525859357,0.019893256028916326,0.6678347024082132,-0.2851460024270469,0.3653349680847532,0.5541589904344826
1779788833.857976,10.0,10.0,8.553997407473716,0.1570937060312124,0.02003782384850713,0.6677547767048901,-0.2883238214659596,0.3641966605464132,0.5541589904344826
1779788833.8680205,10.0,10.0,8.491089063180816,0.15717849963052313,0.020179548766083338,0.6676587485276394,-0.29133826290728426,0.36308878661266963,0.5541589904344826
1779788833.877961,10.0,10.0,8.41329712591525,0.1572437676390197,0.02032102255293743,0.6675566390282673,-0.2943293452383763,0.36196222292883573,0.5541589904344826
1779788833.8880286,10.0,10.0,8.315224087297345,0.15729916565756982,0.02046501430461964,0.6674545255943656,-0.29748100501331687,0.36074551136739114,0.5541589904344826
1779788833.898033,10.0,10.0,8.213006419000097,0.1573390254612782,0.02061549940895857,0.6673454588480837,-0.30046518635902353,0.3595651295789858,0.5541589904344826
1779788833.908024,10.0,10.0,8.112589640479143,0.15735959248947207,0.02077392417358158,0.6672454826794844,-0.3035385271457518,0.35832039778053637,0.5541589904344826
1779788833.9180315,10.0,10.0,8.020649723119588,0.15736697675367328,0.02094677524579788,0.6671524118046525,-0.3065109929152532,0.3570881686479274,0.5541589904344826
1779788833.9280457,10.0,10.0,7.944846370627251,0.15736886904824932,0.02112221677821249,0.6670720029583503,-0.30946560529702183,0.355835431340061,0.5541589904344826
1779788833.9379928,10.0,10.0,7.875558215441959,0.15735525939717412,0.021297883779640096,0.6670076837684266,-0.3125251921227856,0.3545085547748292,0.5541589904344826
1779788833.9480543,10.0,10.0,7.822951746635771,0.15733538302964842,0.02147322742167951,0.6669589546369993,-0.3125251921227856,0.3545085547748292,0.5541589904344826
1779788833.9580011,10.0,10.0,7.782340249005181,0.1573058444932376,0.021638161646845046,0.6669302941082467,-0.31550056498107737,0.3531889764878584,0.5541589904344826
1779788833.9680152,10.0,10.0,7.744216405132115,0.15726125875936917,0.021801955038281383,0.6669173001307422,-0.31852317186397694,0.3518186184630768,0.5541589904344826
1779788833.9780016,10.0,10.0,7.731528534261225,0.15720110349128763,0.021964609993718888,0.6669104615240764,-0.3214454930472034,0.35046482125080025,0.5541589904344826
1779788833.9879756,10.0,10.0,7.753769427822294,0.15713865519026152,0.022115867374967735,0.6669088425998047,-0.3243305744173173,0.3491000827351047,0.5541589904344826
1779788833.9980688,10.0,10.0,7.821269414428624,0.1570731062988689,0.022260606736808,0.6669155911212234,-0.327334862553631,0.34764883789111967,0.5541589904344826
1779788834.0080504,10.0,10.0,7.932173123653448,0.15701580334854198,0.022399283360544198,0.6669294406180997,-0.3302177887882596,0.3462269855355042,0.5541589904344826
1779788834.0180383,10.0,10.0,8.06592141497544,0.156971922864049,0.02250552686872731,0.6669464242957562,-0.3330935282164895,0.3447798093193529,0.5541589904344826
1779788834.0280192,10.0,10.0,8.192321049310516,0.15694389421131535,0.022593353140503987,0.6669648860245636,-0.3360955318059875,0.3432379513377759,0.5541589904344826
1779788834.0380337,10.0,10.0,8.305006679306315,0.15692553836795428,0.022661282140020375,0.66698287921162,-0.3389958201535852,0.34171773838738806,0.5541589904344826
1779788834.0479891,10.0,10.0,8.405518288509196,0.15691810910800458,0.022714213158721113,0.6669982808683781,-0.3418392127763673,0.34019777723057437,0.5541589904344826
1779788834.05809,10.0,10.0,8.496939380864795,0.15692143349957424,0.022755514848612525,0.6670090005378029,-0.34465051428590765,0.33866581121159395,0.5541589904344826
1779788834.0679865,10.0,10.0,8.560426576891025,0.1569342529812594,0.022787329685536616,0.6670097527852598,-0.34746373742887626,0.33710339049433485,0.5541589904344826
1779788834.0780017,10.0,10.0,8.591532460136944,0.15695193188409656,0.02281403845229516,0.6670038554793449,-0.35038942787064853,0.3354468751744431,0.5541589904344826
1779788834.0880058,10.0,10.0,8.580545205319263,0.1569750029137313,0.02283951229898246,0.6669860502920155,-0.3531737599524757,0.33384002616274766,0.5541589904344826
1779788834.0980067,10.0,10.0,8.553046236787218,0.15699866810608168,0.02286498129902211,0.6669553922049366,-0.35593224104179155,0.3322184738314697,0.5541589904344826
1779788834.1080132,10.0,10.0,8.513905531229335,0.15702232362430102,0.02288911691003501,0.6669057429577228,-0.35872439902593056,0.3305466690527703,0.5541589904344826
1779788834.1179981,10.0,10.0,8.474528987168853,0.15704863238481626,0.022916052911564542,0.6668365146982528,-0.36147856152388513,0.32886715800022914,0.5541589904344826
1779788834.1279788,10.0,10.0,8.439204598861341,0.15707396948093647,0.022944351384058984,0.6667617364222953,-0.3642122990296398,0.32716974496930895,0.5541589904344826
1779788834.138012,10.0,10.0,8.394580751258049,0.1570921921755234,0.022975656369637575,0.6666840854334805,-0.3670387016178803,0.3253825085852401,0.5541589904344826
1779788834.1480474,10.0,10.0,8.354929688608745,0.157102262476653,0.023014337486304094,0.6666063966684432,-0.36972435635165857,0.32365338614123595,0.5541589904344826
1779788834.1579604,10.0,10.0,8.314792350029412,0.15710635131186618,0.023049559195798104,0.6665278140819707,-0.37241702149692635,0.32188905662055206,0.5541589904344826
1779788834.1679683,10.0,10.0,8.287135031567132,0.15710654493703236,0.023091228570842448,0.6664513686755685,-0.3751265534718159,0.320082157068738,0.5541589904344826
1779788834.1779969,10.0,10.0,8.274313472051388,0.15709730567632002,0.023132577913477916,0.6663839397978815,-0.3777963254674197,0.3182703436828445,0.5541589904344826
1779788834.1880224,10.0,10.0,8.2537434228091,0.1570823286901444,0.02317117624351459,0.6663303158595372,-0.3804596043540448,0.31643133749156027,0.5541589904344826
1779788834.1980126,10.0,10.0,8.222546342479522,0.15706881393857877,0.023207654391374448,0.6662812328172855,-0.3830765766044745,0.3145930467794603,0.5541589904344826
1779788834.20805,10.0,10.0,8.185061043690883,0.15704739834072323,0.023243888635007953,0.666238264829317,-0.3857162740994253,0.31270686450189067,0.5541589904344826
1779788834.2179785,10.0,10.0,8.151474296542279,0.1570150203873687,0.023284881258279953,0.6662126107016453,-0.3883040112237788,0.31082614382871887,0.5541589904344826
1779788834.2280054,10.0,10.0,8.130026691909352,0.15698133909773992,0.023326931862500542,0.6661988247010063,-0.3908986760121731,0.3089083526560115,0.5541589904344826
1779788834.2380495,10.0,10.0,8.126568643049861,0.15694287040356453,0.02336244692064856,0.6661980366224811,-0.3935064836965628,0.3069479407228824,0.5541589904344826
1779788834.2480345,10.0,10.0,8.133916356830929,0.15691526900579403,0.023385663386902275,0.666199744633947,-0.3961095883884176,0.304957554364462,0.5541589904344826
1779788834.2579663,10.0,10.0,8.157905415744391,0.15689927919758834,0.02339634560347301,0.6661999750119305,-0.3961095883884176,0.304957554364462,0.5541589904344826
1779788834.2679749,10.0,10.0,8.182673178379208,0.1568918896066657,0.02340100837037826,0.6661978095700077,-0.39863708230437356,0.3029923443967441,0.5541589904344826
1779788834.2780135,10.0,10.0,8.213896725901495,0.15689076382865208,0.02340293688088423,0.6661914262468449,-0.4012171759672678,0.30095243370048097,0.5541589904344826
1779788834.2879694,10.0,10.0,8.222083883716941,0.15689330635533905,0.02340936503143152,0.6661749656386258,-0.4037630928287772,0.2989054171586649,0.5541589904344826
1779788834.2979732,10.0,10.0,8.216073622346258,0.15689632084309765,0.023417296968147316,0.6661422510006122,-0.40624917240868585,0.29687314967546957,0.5541589904344826
1779788834.3080056,10.0,10.0,8.20130507292628,0.15689858664813514,0.02342676041370743,0.6660950363764039,-0.40880677580868996,0.294747316159106,0.5541589904344826
1779788834.317968,10.0,10.0,8.170314172214843,0.15690387532510378,0.023441636302129847,0.6660360366071396,-0.4112486643970882,0.29268376730084333,0.5541589904344826
1779788834.327965,10.0,10.0,8.128803746477496,0.15690767991753507,0.023464924840702197,0.6659745343697322,-0.41371929634145355,0.29056152727786355,0.5541589904344826
1779788834.3379955,10.0,10.0,8.072886427302866,0.15691268230691682,0.023491529427051256,0.6659162460696433,-0.4161973650806885,0.2883974051408137,0.5541589904344826
1779788834.347971,10.0,10.0,8.007433584891043,0.15691393552030797,0.023523990388879364,0.6658631586259302,-0.41861689056297546,0.2862493714304823,0.5541589904344826
1779788834.3579764,10.0,10.0,7.940215924357715,0.15691611581018008,0.023551555305396373,0.6658142806738966,-0.4209891742835057,0.28410893372619705,0.5541589904344826
1779788834.3680458,10.0,10.0,7.891493120843723,0.1569118198483081,0.02357970479382758,0.6657708509065109,-0.42344224361969096,0.28185904654837174,0.5541589904344826
1779788834.378015,10.0,10.0,7.872670560641734,0.15689828141851891,0.023609591130777957,0.6657334626155544,-0.4257882691045569,0.27967177881081134,0.5541589904344826
1779788834.38801,10.0,10.0,7.869449087955314,0.15687696082546662,0.02363995247013798,0.6657066387371221,-0.42810995442926014,0.2774721928697026,0.5541589904344826
1779788834.3979764,10.0,10.0,7.886056279896519,0.15684684912470115,0.02367085671656887,0.665697795864229,-0.4305012252107897,0.2751694222972211,0.5541589904344826
1779788834.4080384,10.0,10.0,7.921315702092638,0.15681831314112865,0.023692235941750444,0.6657022906983661,-0.43279518794644956,0.2729239840861054,0.5541589904344826
1779788834.4179606,10.0,10.0,7.968405956822439,0.1567932538439837,0.02370313195983615,0.6657073870546458,-0.4350609486583945,0.2706703445926749,0.5541589904344826
1779788834.4279616,10.0,10.0,8.010453267714635,0.15677982536417182,0.02370368788669269,0.6657109055147828,-0.43740582844315945,0.2682996195782501,0.5541589904344826
1779788834.438016,10.0,10.0,8.04771856790111,0.15677520033248207,0.02370115903724019,0.6657112118728884,-0.4396444299725688,0.265999002202599,0.5541589904344826
1779788834.4480414,10.0,10.0,8.078905819660465,0.1567738686636369,0.023701490323375728,0.665711002603456,-0.44186886471722775,0.26367589599813385,0.5541589904344826
1779788834.4579892,10.0,10.0,8.098672208442121,0.1567753558803287,0.02370330414051953,0.6657084975112284,-0.4441472946671787,0.2612571262248489,0.5541589904344826
1779788834.4679747,10.0,10.0,8.088282635143775,0.15677632361152796,0.02371072816985845,0.6656943597301486,-0.44632241523075233,0.25890997627692025,0.5541589904344826
1779788834.4779878,10.0,10.0,8.059649449425514,0.15678034699931837,0.023716798112530326,0.66567102605578,-0.4484769001827822,0.2565474776343107,0.5541589904344826
1779788834.4880292,10.0,10.0,8.027207180466634,0.1567813725238224,0.02372385706015206,0.665638211757303,-0.45072236933319476,0.25404428774541704,0.5541589904344826
1779788834.4980643,10.0,10.0,7.972933663627472,0.15678434249818993,0.023736374025463813,0.6656004885285833,-0.45285504641699925,0.2516270920043527,0.5541589904344826
1779788834.507984,10.0,10.0,7.914613178337728,0.1567902896016415,0.023748490879653455,0.6655720180554199,-0.4550409098245062,0.2491082887564021,0.5541589904344826
1779788834.5180547,10.0,10.0,7.865664140942775,0.15679315888415393,0.02376397850298153,0.6655440320824261,-0.4571226881306524,0.24666942069962663,0.5541589904344826
1779788834.527997,10.0,10.0,7.825832282428932,0.15679322412681226,0.02377407619704864,0.6655255141582986,-0.4591762512275527,0.24422426377773013,0.5541589904344826
1779788834.538038,10.0,10.0,7.796537277621897,0.15678834953176932,0.023782133849836972,0.6655147476244397,-0.46122206301004454,0.2417483540524977,0.5541589904344826
1779788834.54797,10.0,10.0,7.780712500892986,0.15677786312113484,0.023790390712830498,0.6655126495377404,-0.4632796661911486,0.23921672680828235,0.5541589904344826
1779788834.5580003,10.0,10.0,7.7858686093216605,0.1567635027441613,0.023803378831342495,0.6655133070715492,-0.46528255145003483,0.23671129346591352,0.5541589904344826
1779788834.5679657,10.0,10.0,7.81321737962283,0.15674330728900743,0.023815871771587876,0.665517887894084,-0.46528255145003483,0.23671129346591352,0.5541589904344826
1779788834.5779567,10.0,10.0,7.862007956776206,0.15672722675983822,0.023823824049450323,0.6655183777774062,-0.46726531014321127,0.2341898427223517,0.5541589904344826
1779788834.58798,10.0,10.0,7.907369625232251,0.15671823770324428,0.023818590699957704,0.665524724208141,-0.4693167691526423,0.23153652465372834,0.5541589904344826
1779788834.5979853,10.0,10.0,7.941689497020516,0.15671610871288172,0.023813693082685536,0.6655263262236975,-0.47126677000939654,0.2289711244071902,0.5541589904344826
1779788834.607989,10.0,10.0,7.976536302047535,0.1567151371399045,0.023809879861149186,0.665526604179458,-0.473270207818148,0.22629000563721158,0.5541589904344826
1779788834.617957,10.0,10.0,7.990708215946604,0.15671674365880825,0.02380815353600749,0.6655237577432286,-0.47517310273834645,0.22369939678103018,0.5541589904344826
1779788834.628011,10.0,10.0,7.9966942212107375,0.15671817096015714,0.023806891879946144,0.6655178267775375,-0.4770443167018108,0.22110866252755412,0.5541589904344826
1779788834.637998,10.0,10.0,7.99406377148961,0.1567218714789039,0.023811355185484502,0.6655017113587037,-0.4789297924722967,0.21845332164957637,0.5541589904344826
1779788834.647972,10.0,10.0,7.981996603654407,0.15672379245513188,0.023818792934018864,0.6654769784002957,-0.48084435102374656,0.21570932692644876,0.5541589904344826
1779788834.6580389,10.0,10.0,7.954133141291527,0.15672572336993057,0.023826856027206,0.6654425875113095,-0.482706896357772,0.2129920934767582,0.5541589904344826
1779788834.6679547,10.0,10.0,7.916673568175382,0.15672901153335964,0.02383431498879057,0.6654113370121253,-0.48450305582571873,0.21032543799049616,0.5541589904344826
1779788834.6779463,10.0,10.0,7.871146040253034,0.1567341720524052,0.023842406601535065,0.6653852077828396,-0.4862749499784742,0.20764865762304782,0.5541589904344826
1779788834.6880748,10.0,10.0,7.836613627954093,0.15673542862581938,0.02385093849662343,0.665367363251689,-0.4880972375286635,0.20484614106669363,0.5541589904344826
1779788834.69797,10.0,10.0,7.814862969549659,0.1567354394903059,0.023856374367609456,0.665358284090348,-0.4898229527191096,0.20214399609199518,0.5541589904344826
1779788834.7079716,10.0,10.0,7.80693452356485,0.15672795688931448,0.023855062247496638,0.6653580739270216,-0.49153418182325015,0.19941648142515936,0.5541589904344826
1779788834.7179844,10.0,10.0,7.812762239604376,0.15672011540264413,0.023853612592151935,0.665360002727153,-0.4932770191855076,0.19658745439359404,0.5541589904344826
1779788834.7280054,10.0,10.0,7.8315788400553945,0.15671044313572333,0.023846115703737628,0.6653617959839827,-0.4949356509425846,0.19384525811935235,0.5541589904344826
1779788834.737951,10.0,10.0,7.858442755774624,0.15669613928357273,0.023829995591831726,0.665357570199193,-0.4965737870484386,0.19108726511311017,0.5541589904344826
1779788834.7480392,10.0,10.0,7.887778329582492,0.1566852894156586,0.02381181080120431,0.6653520219907944,-0.4982539399763476,0.18820509414363096,0.5541589904344826
1779788834.758006,10.0,10.0,7.917734171866664,0.15668152734082308,0.02380041636785532,0.6653489866848529,-0.4998481708533882,0.18541814400283804,0.5541589904344826
1779788834.7679536,10.0,10.0,7.938232779161711,0.15668108550466106,0.023792430410904494,0.6653498189217695,-0.5014226573701934,0.18261367371442344,0.5541589904344826
1779788834.777968,10.0,10.0,7.951596370959661,0.15668324527394015,0.02378484585955444,0.6653480560419123,-0.5030843895313255,0.17959519029571558,0.5541589904344826
1779788834.7879646,10.0,10.0,7.954562363521713,0.156685494702937,0.02377751082910949,0.6653409955327108,-0.5046096611141779,0.17676917331900135,0.5541589904344826
1779788834.7979748,10.0,10.0,7.93901100880421,0.15669122392278317,0.023775452029735772,0.6653250238778076,-0.5061149677693808,0.17392571379849486,0.5541589904344826
1779788834.8080125,10.0,10.0,7.910206314299761,0.1566938293209079,0.023773750734913977,0.6653015413759742,-0.5076196531672261,0.17102685431237202,0.5541589904344826
1779788834.818013,10.0,10.0,7.87832783089479,0.15669338698414856,0.023774299067735673,0.6652778482573116,-0.5091431348966624,0.1680313576880283,0.5541589904344826
1779788834.8279676,10.0,10.0,7.834609675163144,0.15669314076852467,0.023773030788639356,0.6652594663425796,-0.5105731088765111,0.1651616613667696,0.5541589904344826
1779788834.8379726,10.0,10.0,7.801375954151751,0.15669369445944994,0.023772216856525148,0.665246273917219,-0.5105731088765111,0.1651616613667696,0.5541589904344826
1779788834.8479931,10.0,10.0,7.779050299496767,0.15668599201022054,0.023765993634600226,0.6652411163474334,-0.5119766472333236,0.16228760302323234,0.5541589904344826
1779788834.8579493,10.0,10.0,7.767725629980034,0.1566774481036084,0.023755935810526232,0.6652381897980637,-0.5134362006386273,0.15923541216609702,0.5541589904344826
1779788834.8680267,10.0,10.0,7.771237480681525,0.1566623097955847,0.023743046244187105,0.6652386265396475,-0.5147944781615033,0.156333863087234,0.5541589904344826
1779788834.8779502,10.0,10.0,7.794244571067375,0.15665287714111567,0.02373219764644926,0.6652359077975698,-0.5161881156204658,0.1532921716276219,0.5541589904344826
1779788834.8879495,10.0,10.0,7.83211806015265,0.15664365162880375,0.023721822318173876,0.6652386824020732,-0.517495505976419,0.1503759825984429,0.5541589904344826
1779788834.8980172,10.0,10.0,7.874345571661303,0.15663667081975058,0.023709356354578638,0.6652407358491237,-0.5187785568366643,0.14745174236270744,0.5541589904344826
1779788834.9080007,10.0,10.0,7.90779511442511,0.1566304629130427,0.02369471903993437,0.6652417335739919,-0.5200977533712744,0.1443770577198352,0.5541589904344826
1779788834.9180443,10.0,10.0,7.933505561609175,0.15662440959708415,0.023681239109491735,0.6652388074309826,-0.5213379170452619,0.14141996791915437,0.5541589904344826
1779788834.9279888,10.0,10.0,7.954446689549518,0.15662342513076333,0.023669757348695416,0.6652369793039545,-0.5225599887507129,0.1384390827458314,0.5541589904344826
1779788834.9379601,10.0,10.0,7.967577907365887,0.15662337424495157,0.02365912866575214,0.6652341979114788,-0.5237723699526743,0.135412183388867,0.5541589904344826
1779788834.9480143,10.0,10.0,7.967978998283786,0.15662993328074698,0.023648577894251576,0.6652235713182428,-0.5249515831720706,0.13239737678989041,0.5541589904344826
1779788834.9579928,10.0,10.0,7.960225635835321,0.15663907650648645,0.023641723715332626,0.6652037371474986,-0.5260903970632521,0.12941543414957868,0.5541589904344826
1779788834.9679694,10.0,10.0,7.93736478426209,0.15664436258194417,0.023630218675812217,0.665182092007662,-0.5272249810408947,0.12637125668144897,0.5541589904344826
1779788834.97795,10.0,10.0,7.889950663067029,0.15664913308469983,0.023620071195769882,0.6651622165012131,-0.5283426960769919,0.12329597122345826,0.5541589904344826
1779788834.9880176,10.0,10.0,7.845724081840864,0.15664722468227982,0.02360754624397606,0.6651442716774577,-0.5294131737150243,0.12027467864829314,0.5541589904344826
1779788834.997989,10.0,10.0,7.8145066228080715,0.15664210087299904,0.0235963222600749,0.6651332228657616,-0.5304566800265151,0.11725290435224528,0.5541589904344826
1779788835.0079854,10.0,10.0,7.802375182264194,0.15662922902086776,0.023585262938380862,0.6651289359229522,-0.5315132577566587,0.11411060528619418,0.5541589904344826
1779788835.0179937,10.0,10.0,7.8061564383866395,0.15661923672592618,0.023573972419325333,0.6651290234275478,-0.5325092061494124,0.11106675012803707,0.5541589904344826
1779788835.027961,10.0,10.0,7.813347836423822,0.15660792201354642,0.02356033659129245,0.6651280067089843,-0.53348239227184,0.10800979313419454,0.5541589904344826
1779788835.0379486,10.0,10.0,7.825770760372927,0.15659899663935584,0.023543706725109772,0.6651282443028548,-0.5344682964176944,0.10482293346522528,0.5541589904344826
1779788835.0479503,10.0,10.0,7.847010416654273,0.15658658944208456,0.023522653842616856,0.6651255997666886,-0.5353901183966205,0.10175459963418815,0.5541589904344826
1779788835.0579917,10.0,10.0,7.869414021689138,0.15657575570116541,0.02350291694932054,0.6651241073580726,-0.5362849573797948,0.09868725430936418,0.5541589904344826
1779788835.0679843,10.0,10.0,7.886986939261679,0.1565704411387355,0.02348502748369748,0.6651239767014856,-0.5371749485677775,0.09554222978448926,0.5541589904344826
1779788835.078005,10.0,10.0,7.905735339542452,0.15656745254498622,0.023470943611387213,0.6651261770631361,-0.5380272438359327,0.09243438605550777,0.5541589904344826
1779788835.0879881,10.0,10.0,7.917417258445821,0.1565692896131953,0.023456107496825907,0.6651231691726865,-0.538855892879961,0.08931434384459158,0.5541589904344826
1779788835.0979352,10.0,10.0,7.918280345205808,0.15657680242253813,0.023435944426596026,0.665116280961478,-0.5396865590398381,0.08607990638914523,0.5541589904344826
1779788835.107981,10.0,10.0,7.899577168711271,0.15658863140638954,0.023412856257575162,0.6651026153399573,-0.5404737609208345,0.08290610400346446,0.5541589904344826
1779788835.1180518,10.0,10.0,7.875661703127183,0.15659667687276452,0.023391658135615168,0.6650940403099415,-0.5412349212400782,0.07972626966685553,0.5541589904344826
1779788835.1280243,10.0,10.0,7.835806130893489,0.15659820476312483,0.02336970772185483,0.665084508435132,-0.5419673554518998,0.07655227950551391,0.5541589904344826
1779788835.1379347,10.0,10.0,7.798569037519392,0.15659449025282854,0.023343406287542504,0.665076023522431,-0.5419673554518998,0.07655227950551391,0.5541589904344826
1779788835.1479473,10.0,10.0,7.783137863339127,0.1565826901668909,0.023315415409078288,0.6650703051347635,-0.5426663943860203,0.07340694645726575,0.5541589904344826
1779788835.1579678,10.0,10.0,7.787941299977111,0.1565679743751763,0.023287193910333213,0.6650632917837556,-0.5433693613728867,0.07011623325714109,0.5541589904344826
1779788835.1680195,10.0,10.0,7.800002074629557,0.15655481626692513,0.023253317285758312,0.6650617418843456,-0.5440122751496835,0.06698090740985405,0.5541589904344826
1779788835.1780007,10.0,10.0,7.823155372050606,0.15653893133021132,0.02322253917476265,0.6650598909693357,-0.5446386682889541,0.06379593564593344,0.5541589904344826
1779788835.1879883,10.0,10.0,7.855841973762061,0.1565274608769922,0.023187246958660153,0.6650608324021726,-0.545238676561648,0.06060880281812462,0.5541589904344826
1779788835.197946,10.0,10.0,7.881449020189085,0.15651388794972054,0.023151516350941106,0.665059316888658,-0.5458095885454821,0.05743532663367267,0.5541589904344826
1779788835.2079983,10.0,10.0,7.905820394755965,0.1565040776799801,0.023115742437062013,0.6650594251305203,-0.5463513415739518,0.054278603036959965,0.5541589904344826
1779788835.217989,10.0,10.0,7.923309312423551,0.15649834637913718,0.02307810221139415,0.6650570467647559,-0.5468873247872629,0.050994943909662103,0.5541589904344826
1779788835.2279384,10.0,10.0,7.937025624435895,0.15649669138674313,0.023042163297908157,0.6650541325658239,-0.5473748121072286,0.047847453184152344,0.5541589904344826
1779788835.2379491,10.0,10.0,7.945110951752567,0.1565043842940505,0.023003878844759816,0.6650462307424536,-0.5478406946998415,0.04467183591645756,0.5541589904344826
1779788835.2479475,10.0,10.0,7.930584722523096,0.15651704450909057,0.022959096311907054,0.6650351649728108,-0.5482988369997867,0.04136033611747383,0.5541589904344826
1779788835.2579887,10.0,10.0,7.88200911931571,0.15652778468109363,0.022913890132901654,0.6650242773317351,-0.5487094571579411,0.03820276104637388,0.5541589904344826
1779788835.2679572,10.0,10.0,7.827084678087707,0.15653398574638042,0.02287400703631036,0.6650120484603729,-0.5490960603704108,0.03503242121827515,0.5541589904344826
1779788835.2779398,10.0,10.0,7.777513429881653,0.156535434001341,0.022834188893533718,0.6650005205742695,-0.5494728838966308,0.03171728359603648,0.5541589904344826
1779788835.2879739,10.0,10.0,7.753892169604014,0.1565266186856048,0.02279930248413417,0.6649914856789044,-0.5498113550409192,0.028504780279888016,0.5541589904344826
1779788835.2979696,10.0,10.0,7.742653277908388,0.15650770667390285,0.022764809499932114,0.6649830552952961,-0.5501221909087075,0.025307696573887387,0.5541589904344826
1779788835.30801,10.0,10.0,7.743830478323967,0.15648984172718525,0.02273428317783423,0.6649785061679919,-0.5504143045063448,0.02202629740142041,0.5541589904344826
1779788835.3179471,10.0,10.0,7.758070208161905,0.15646579704306218,0.02269781947312058,0.6649796068904623,-0.5506745790956061,0.018805268030815538,0.5541589904344826
1779788835.3279445,10.0,10.0,7.768265287040655,0.15644218365645346,0.022662172029320773,0.6649799514155271,-0.5509069201697147,0.015609961644875752,0.5541589904344826
1779788835.3379447,10.0,10.0,7.7985476090359,0.15642093319679995,0.022626502102655537,0.6649815428716562,-0.5511235807939563,0.01224877951942091,0.5541589904344826
1779788835.3479474,10.0,10.0,7.833278669764113,0.15639795068736947,0.02258812857242016,0.6649797814673106,-0.5513044794022994,0.009029295247640078,0.5541589904344826
1779788835.357976,10.0,10.0,7.872312897188079,0.15638017068618168,0.022555248001187713,0.6649797830130425,-0.5514649962002958,0.005681428436404446,0.5541589904344826
1779788835.367944,10.0,10.0,7.903951447376527,0.15636511358716862,0.022524808199836335,0.6649784056814538,-0.5515924627101869,0.0024728361604183582,0.5541589904344826
1779788835.3779604,10.0,10.0,7.909927443013682,0.1563565205667353,0.022484586563675923,0.6649776442879552,-0.5516952110759594,-0.0007744593388689623,0.5541589904344826
1779788835.387975,10.0,10.0,7.915118227314118,0.1563574208035075,0.02243797086144666,0.6649720804932735,-0.5517738929001018,-0.004142283758799749,0.5541589904344826
1779788835.3979435,10.0,10.0,7.915850286207993,0.15636486923186577,0.022389874267379154,0.6649628215729343,-0.5518238490360032,-0.007477236514276263,0.5541589904344826
1779788835.4080129,10.0,10.0,7.888662376567318,0.15637330583369397,0.022340973321808975,0.6649542920357807,-0.5518457015427103,-0.010699830239503163,0.5541589904344826
1779788835.4180038,10.0,10.0,7.84311094587865,0.15637899822390877,0.022291070250217968,0.6649397198612462,-0.5518457015427103,-0.010699830239503163,0.5541589904344826
1779788835.4279723,10.0,10.0,7.810640089934877,0.15638135867533962,0.022238844813706467,0.6649229887175233,-0.551841738452867,-0.013894354378687869,0.5541589904344826
1779788835.4379625,10.0,10.0,7.8063011305569985,0.15637890986112046,0.022184340276134935,0.6649107595382064,-0.551810553365834,-0.017216530086209183,0.5541589904344826
1779788835.4479597,10.0,10.0,7.800782377785803,0.15636498479350266,0.02212697089470012,0.6649004976321842,-0.5517544704095297,-0.02041414031945106,0.5541589904344826
1779788835.4580007,10.0,10.0,7.791353931191969,0.15634162377662994,0.022069602005356747,0.6648909263730498,-0.5516725013870889,-0.02362210783067529,0.5541589904344826
1779788835.467994,10.0,10.0,7.796502445424475,0.15631191861276272,0.022005836534064967,0.6648834359416301,-0.5515593890918397,-0.02697252522023233,0.5541589904344826
1779788835.477922,10.0,10.0,7.8296203253824865,0.1562828991864798,0.021946460309354366,0.6648802731060973,-0.5514246296696714,-0.030182678088417902,0.5541589904344826
1779788835.487953,10.0,10.0,7.876013577064037,0.15625406664371613,0.02188627821356687,0.664875643943304,-0.5512604682108745,-0.03345853109937716,0.5541589904344826
1779788835.4979343,10.0,10.0,7.915465915815726,0.15623057015694192,0.021832139772034714,0.6648727743387631,-0.5510705686441898,-0.036715022046760075,0.5541589904344826
1779788835.5079424,10.0,10.0,7.949651953518946,0.1562129258331116,0.021772623038623866,0.6648689887935428,-0.5508574407154623,-0.03992276155652982,0.5541589904344826
1779788835.5179548,10.0,10.0,7.963070659842641,0.15619832721931806,0.021710719555048275,0.6648649479089481,-0.5506091021128097,-0.04324857798250881,0.5541589904344826
1779788835.5279264,10.0,10.0,7.973383480460806,0.15619565283834475,0.021644632023294925,0.66485789595691,-0.550342200092301,-0.04646710357269315,0.5541589904344826
1779788835.5379705,10.0,10.0,7.967786123117735,0.15620446519302486,0.021570343661557124,0.6648454516006203,-0.5500519769509667,-0.049655439031376335,0.5541589904344826
1779788835.5479727,10.0,10.0,7.945220779649406,0.15621665226635661,0.021489837159995837,0.6648284919426454,-0.5497228850973721,-0.0529706638096201,0.5541589904344826
1779788835.5579712,10.0,10.0,7.893311107049275,0.156224938343784,0.021409810724676515,0.6648073002682452,-0.5493758398932713,-0.05619673816921123,0.5541589904344826
1779788835.5679653,10.0,10.0,7.820310942429966,0.15622688243487148,0.021328886405757818,0.6647847410619098,-0.5489921095040534,-0.05950761407303441,0.5541589904344826
1779788835.577962,10.0,10.0,7.766878464164973,0.15623371160958496,0.02124210398984955,0.6647595901468838,-0.5485919935622356,-0.06272808557733413,0.5541589904344826
1779788835.5879407,10.0,10.0,7.760148802921385,0.15623067028659673,0.021154517034056255,0.6647365400701001,-0.548172334442783,-0.06589708284822021,0.5541589904344826
1779788835.5979428,10.0,10.0,7.750730085397666,0.15621536619480514,0.021077513036174576,0.6647204207675541,-0.5477153676185252,-0.06914549686007646,0.5541589904344826
1779788835.6080036,10.0,10.0,7.736932604571801,0.15619007761611053,0.020997834458999165,0.6647039489151848,-0.5472394954478408,-0.07233965915148734,0.5541589904344826
1779788835.6179798,10.0,10.0,7.750847887850863,0.15615878338706327,0.020921613458306502,0.6646941653951245,-0.5467409007065301,-0.07551097407655397,0.5541589904344826
1779788835.627954,10.0,10.0,7.7802614264863,0.15611570906869987,0.02084866412713065,0.6646879875925457,-0.5461999719226176,-0.07877775721264904,0.5541589904344826
1779788835.6379762,10.0,10.0,7.819299914054737,0.156069759766991,0.02078023503810006,0.664682396527833,-0.5456512746980792,-0.08193191035481787,0.5541589904344826
1779788835.6479352,10.0,10.0,7.865570379725671,0.15602166095714828,0.02070882093615743,0.6646772626361761,-0.5450776826758702,-0.08507978572711991,0.5541589904344826
1779788835.6579282,10.0,10.0,7.898916352066216,0.15598067369107607,0.020639046511061583,0.6646730160697605,-0.5444473012282862,-0.08838528376733432,0.5541589904344826
1779788835.6679394,10.0,10.0,7.921797471688866,0.15594706923547966,0.02056866040788223,0.6646680092237418,-0.5438168123407974,-0.09154944266012174,0.5541589904344826
1779788835.6779397,10.0,10.0,7.931075520084298,0.15591841418745786,0.020491688647214703,0.6646633085522948,-0.5431557996769402,-0.0947321161067256,0.5541589904344826
1779788835.6879401,10.0,10.0,7.933597965012556,0.15590635715400825,0.020410284173235142,0.6646549149076345,-0.5424702148213136,-0.0979035527412318,0.5541589904344826
1779788835.6979208,10.0,10.0,7.9400719556556885,0.15590555464084663,0.02032572175585129,0.6646433737572398,-0.5417648762207734,-0.10104333396864817,0.5541589904344826
1779788835.7079768,10.0,10.0,7.935051260189725,0.15590395601653806,0.020239195583252614,0.6646294311354887,-0.5417648762207734,-0.10104333396864817,0.5541589904344826
1779788835.7179906,10.0,10.0,7.905159502671715,0.15590194193643814,0.020149952278013434,0.6646076121443483,-0.5410373331928888,-0.10416456281678532,0.5541589904344826
1779788835.7279623,10.0,10.0,7.875919866440124,0.15590332524668085,0.02005356114961791,0.6645832769820104,-0.5402616289779553,-0.10737410267975736,0.5541589904344826
1779788835.7379391,10.0,10.0,7.858375563963499,0.15589995705160636,0.019959807642787722,0.6645586307558339,-0.5394817887449816,-0.11048945581834432,0.5541589904344826
1779788835.7479398,10.0,10.0,7.851939045412653,0.15588709037103296,0.0198599547174142,0.6645377139174928,-0.538679707364036,-0.11358801323281292,0.5541589904344826
1779788835.7579503,10.0,10.0,7.845593251688662,0.15586156094269607,0.019759682983645742,0.6645203125469998,-0.5378422903605068,-0.11671894001464331,0.5541589904344826
1779788835.7679882,10.0,10.0,7.844375413560322,0.15582782139671952,0.019658057316585924,0.6645019105836284,-0.5369716144924064,-0.1198712011522999,0.5541589904344826
1779788835.7779343,10.0,10.0,7.866555460495105,0.15578954786538396,0.019550347192604168,0.6644860522395613,-0.5360820332219283,-0.12299261415296256,0.5541589904344826
1779788835.7879202,10.0,10.0,7.909163798405544,0.1557544001839227,0.019440716247287968,0.6644747821383827,-0.5351410753144552,-0.1261941219317757,0.5541589904344826
1779788835.7979052,10.0,10.0,7.9427104357117155,0.155725726683786,0.01933646808354341,0.6644720268895793,-0.5342082603460572,-0.12927440057932907,0.5541589904344826
1779788835.80795,10.0,10.0,7.9518442508003915,0.15569948652709398,0.019229657512329072,0.6644680038236589,-0.5332384308419715,-0.13238585996731955,0.5541589904344826
1779788835.817946,10.0,10.0,7.955820633507817,0.15568214750256776,0.019113320107584684,0.6644643284812176,-0.5322448481721516,-0.13548449844746166,0.5541589904344826
1779788835.827955,10.0,10.0,7.962442903399629,0.15567392193276916,0.01898401523998672,0.6644529311394362,-0.5312381525249125,-0.13853885063590146,0.5541589904344826
1779788835.83795,10.0,10.0,7.965183886546656,0.15566325281861346,0.018849301343580156,0.6644419092832443,-0.5302090026920914,-0.14157897589271567,0.5541589904344826
1779788835.8479464,10.0,10.0,7.928978819602662,0.15565960989151398,0.018704346873360915,0.6644287253828122,-0.5291203011311036,-0.14471067993478715,0.5541589904344826
1779788835.8579385,10.0,10.0,7.887425322954167,0.15564515464995277,0.01855873810989014,0.6644137324913213,-0.528031609748488,-0.14776152675793325,0.5541589904344826
1779788835.86799,10.0,10.0,7.8458653514222805,0.15562834588779828,0.01840860745707905,0.6643959896156184,-0.526881903633662,-0.15090148574466541,0.5541589904344826
1779788835.8779411,10.0,10.0,7.8134393749107165,0.15560301885773,0.018257655170622913,0.6643800934477236,-0.5257333112148759,-0.15395988652192955,0.5541589904344826
1779788835.8879688,10.0,10.0,7.795632605075943,0.15557268140738978,0.018105600856246892,0.6643652981922217,-0.5245363010409065,-0.15706904961409915,0.5541589904344826
1779788835.8979473,10.0,10.0,7.792429770814024,0.15552692815281333,0.017956506338713166,0.6643497710961398,-0.5233616367714577,-0.1600473985317345,0.5541589904344826
1779788835.9079764,10.0,10.0,7.81030491405013,0.15547413453657186,0.01780837573024133,0.6643386588297938,-0.522162661102108,-0.1630174997985479,0.5541589904344826
1779788835.9180305,10.0,10.0,7.84978226978347,0.15541057038953965,0.017651229839563347,0.6643279062697406,-0.5209249640592291,-0.1660137548110535,0.5541589904344826
1779788835.9279902,10.0,10.0,7.901488835450563,0.15535082486958007,0.017500959676844237,0.6643190625313287,-0.5196583537193585,-0.16901080883708705,0.5541589904344826
1779788835.9379182,10.0,10.0,7.96543441465543,0.15529285618093183,0.017352183257088837,0.6643144105585493,-0.5183802161190506,-0.17196815027072943,0.5541589904344826
1779788835.947955,10.0,10.0,8.007697973611505,0.15524402480140526,0.01719734534966944,0.6643108767049923,-0.5170624634746405,-0.17495055833297832,0.5541589904344826
1779788835.9579546,10.0,10.0,8.031735134161096,0.15520723517228635,0.017040133780681293,0.6643077800777007,-0.515733258368704,-0.1778940544072159,0.5541589904344826
1779788835.9679263,10.0,10.0,8.046094387119194,0.15517922190273784,0.01687319519349302,0.6643032527867445,-0.5143895371856881,-0.180806973538502,0.5541589904344826
1779788835.9779406,10.0,10.0,8.041322370751326,0.15516050643020887,0.016693019712566107,0.6642934230331591,-0.5130222022223172,-0.1837096451050132,0.5541589904344826
1779788835.9879222,10.0,10.0,8.027087228834576,0.1551496507927235,0.016505907140577192,0.6642782504101231,-0.5116129430588121,-0.18663970782189768,0.5541589904344826
1779788835.997945,10.0,10.0,7.990507568304387,0.15513389698945385,0.016305717868506535,0.6642589534554881,-0.5101974813649213,-0.18952280122132958,0.5541589904344826
1779788836.0079944,10.0,10.0,7.9204942293746505,0.15511615199719547,0.016106473433379828,0.664237285833611,-0.5087537372133044,-0.19240467003371484,0.5541589904344826
1779788836.0180075,10.0,10.0,7.866386475018422,0.15509307706988282,0.01589966030129011,0.6642078238689983,-0.5087537372133044,-0.19240467003371484,0.5541589904344826
1779788836.0279984,10.0,10.0,7.833402685462343,0.15506208309671055,0.015688949519815844,0.6641812918421637,-0.5072990893372191,-0.19525103533085114,0.5541589904344826
1779788836.0379508,10.0,10.0,7.808446754826572,0.1550249767055471,0.015484155817041125,0.664152325322518,-0.505788397929962,-0.1981490309770512,0.5541589904344826
1779788836.0479252,10.0,10.0,7.788164427038713,0.1549805188245093,0.015276417880026297,0.6641297123618047,-0.5042711035721787,-0.20100288051107365,0.5541589904344826
1779788836.0579765,10.0,10.0,7.768211611107468,0.1549210777974753,0.015070100395954591,0.664108262191034,-0.5027424944416713,-0.20382300629747133,0.5541589904344826
1779788836.067927,10.0,10.0,7.7754792041711305,0.15485352074300968,0.014868450911914941,0.6640893051611159,-0.5011671583252343,-0.20667409828484223,0.5541589904344826
1779788836.0779645,10.0,10.0,7.7920861199354565,0.1547746100635288,0.0146631265952971,0.6640800823445722,-0.499573087615348,-0.20950447483637,0.5541589904344826
1779788836.0879245,10.0,10.0,7.822286654796353,0.15469729112535574,0.014458864174181326,0.6640779060495461,-0.49796619153060906,-0.21230436593408336,0.5541589904344826
1779788836.0979311,10.0,10.0,7.863999288635938,0.15461553202217346,0.014254769268067508,0.6640780066686529,-0.4963184052102,-0.2151222826846182,0.5541589904344826
1779788836.1079168,10.0,10.0,7.899676500499985,0.15453957621764502,0.014053421453328782,0.6640760116464987,-0.49464213836538373,-0.21793586994010017,0.5541589904344826
1779788836.1179082,10.0,10.0,7.918437991622092,0.1544705446065324,0.013846471209467377,0.664070894352666,-0.492980330091739,-0.22067450505009387,0.5541589904344826
1779788836.1279416,10.0,10.0,7.938925353125813,0.15440516673004018,0.013632344134062852,0.6640602583235261,-0.49126949264443365,-0.22344329253157955,0.5541589904344826
1779788836.138016,10.0,10.0,7.945909236905861,0.15434638296634345,0.013402257655360074,0.6640456786279053,-0.48953061719024415,-0.22620683401853167,0.5541589904344826
1779788836.147902,10.0,10.0,7.93709310093524,0.1543051489699966,0.013167748887932366,0.664026255051207,-0.48777579974981633,-0.22894594458141945,0.5541589904344826
1779788836.1579936,10.0,10.0,7.92113900814301,0.1542774837578286,0.01293026187149293,0.6640019621208623,-0.4859379292676773,-0.23176312142262617,0.5541589904344826
1779788836.1679866,10.0,10.0,7.890577538369169,0.15423973694260662,0.012686054180269843,0.6639709795965263,-0.48415785074901085,-0.2344432710050924,0.5541589904344826
1779788836.1779418,10.0,10.0,7.839877610641123,0.15419462645607943,0.01244906277940811,0.6639337944148115,-0.4822562478005701,-0.23725567333022904,0.5541589904344826
1779788836.1880326,10.0,10.0,7.8005066297472885,0.15414812720773827,0.012210713873799864,0.6638932785191335,-0.4804307305204656,-0.2399080171388706,0.5541589904344826
1779788836.197912,10.0,10.0,7.768314331943072,0.154089755698669,0.011969253011583646,0.6638515781191885,-0.47851632971717684,-0.24264126222482454,0.5541589904344826
1779788836.207907,10.0,10.0,7.735965156152732,0.15402489000176886,0.011730139748460664,0.6638156259575032,-0.47664677554580503,-0.24526444876326844,0.5541589904344826
1779788836.21792,10.0,10.0,7.712150985479211,0.1539543761969692,0.011491451461378997,0.6637843204508375,-0.4747354200919164,-0.24790085750300475,0.5541589904344826
1779788836.2279074,10.0,10.0,7.721679606460802,0.15386999787550773,0.011248958224255994,0.6637567084616278,-0.4728167736751616,-0.25050264929279437,0.5541589904344826
1779788836.2380264,10.0,10.0,7.743091818966871,0.1537769906182442,0.011006964298704883,0.663743307155153,-0.47089734389759197,-0.2530621645172012,0.5541589904344826
1779788836.2479267,10.0,10.0,7.787831384192443,0.15367965333439415,0.010762991635710649,0.6637363989391002,-0.46895395694620345,-0.25561085983237053,0.5541589904344826
1779788836.2579775,10.0,10.0,7.845901857470502,0.1535821441640317,0.010518396261362086,0.663732306922575,-0.4669584882915957,-0.2581844780623566,0.5541589904344826
1779788836.2679262,10.0,10.0,7.885194950090323,0.1534804903531763,0.010273530738135682,0.6637279154372618,-0.46494299861915234,-0.2607406761879475,0.5541589904344826
1779788836.2779546,10.0,10.0,7.88010456172673,0.15338168623597473,0.010029952747552645,0.6637183059579245,-0.4629299025638913,-0.2632517762849372,0.5541589904344826
1779788836.288006,10.0,10.0,7.851777696239619,0.1532826899212353,0.009775897503285832,0.6637029036894155,-0.4608886664138476,-0.2657563346587209,0.5541589904344826
1779788836.2979605,10.0,10.0,7.800787538919936,0.15317624451744088,0.009511082533219847,0.6636802734520137,-0.4588262834725926,-0.26824549987243024,0.5541589904344826
1779788836.3079462,10.0,10.0,7.709365914793573,0.15304469752328484,0.009229659358434233,0.6636587603587673,-0.4567302750982858,-0.27073390436294925,0.5541589904344826
1779788836.317917,10.0,10.0,7.592711804569287,0.15288922516318978,0.008934785368152207,0.6636350072222783,-0.4567302750982858,-0.27073390436294925,0.5541589904344826
1779788836.3279192,10.0,10.0,7.46102675169407,0.15270834082217447,0.008626018739866998,0.6636096337712297,-0.4545852792188585,-0.2732385509881083,0.5541589904344826
1779788836.337912,10.0,10.0,7.324357111618686,0.15250822292700597,0.008307638581718584,0.6635886272487467,-0.45245808691776124,-0.27568171470368347,0.5541589904344826
1779788836.3480053,10.0,10.0,7.203637295225304,0.15228624985874126,0.007983733490374572,0.6635719527332995,-0.450345635647716,-0.2780689479549129,0.5541589904344826
1779788836.3579597,10.0,10.0,7.104679365866203,0.15205833865283008,0.007652611382138604,0.6635698910300255,-0.4482006626486592,-0.28045423492206395,0.5541589904344826
1779788836.3679454,10.0,10.0,7.034143337016455,0.1518194452936993,0.00730373053149781,0.6635808150896096,-0.445957291741117,-0.2829083378520761,0.5541589904344826
1779788836.3779335,10.0,10.0,6.968228912820019,0.151566429402023,0.006948496327277778,0.6636083017650237,-0.44377418319700856,-0.2852577067326504,0.5541589904344826
1779788836.3879266,10.0,10.0,6.900087920066702,0.1512986736542404,0.00658036758436491,0.6636513352361875,-0.4415711302045142,-0.28759073425537335,0.5541589904344826
1779788836.3979177,10.0,10.0,6.824319894528176,0.1510135593186404,0.006194650726042018,0.6637090831337584,-0.43926094006986527,-0.28999746749555994,0.5541589904344826
1779788836.407938,10.0,10.0,6.760958834642724,0.15071060489033006,0.005802087694814056,0.6637890232536905,-0.4370078486987081,-0.29230650123818075,0.5541589904344826
1779788836.4179006,10.0,10.0,6.71354501076392,0.150387144728103,0.005403660689927799,0.663885250896333,-0.4346485955300987,-0.29468490151746296,0.5541589904344826
1779788836.4279346,10.0,10.0,6.670824421897546,0.15003687048192896,0.004990121490553099,0.6640086229859017,-0.4323669378513296,-0.29694764126096734,0.5541589904344826
1779788836.4379203,10.0,10.0,6.626059081290995,0.14965902308948975,0.004570187363659873,0.664147449126807,-0.43007421825780134,-0.2991851609408282,0.5541589904344826
1779788836.4479325,10.0,10.0,6.620516471206774,0.14926122383965953,0.0041276757490744526,0.6643071211609473,-0.42767445152844896,-0.3014892052175745,0.5541589904344826
1779788836.4579172,10.0,10.0,6.642352868313132,0.14884373757515384,0.003662333299956057,0.6644960736007679,-0.42529746410108493,-0.30373400821900837,0.5541589904344826
1779788836.4678974,10.0,10.0,6.692413709875985,0.14840945565630853,0.0031847441790416146,0.664711229726809,-0.4228634449281532,-0.30599502186347527,0.5541589904344826
1779788836.4779189,10.0,10.0,6.795053769601149,0.14796570301141074,0.002696558135141162,0.6649395687151796,-0.4204430564857562,-0.3082064532198701,0.5541589904344826
1779788836.487974,10.0,10.0,6.920073815671632,0.14752326250547151,0.0021993159892041165,0.6651821662988503,-0.41803523481791616,-0.3103706840901987,0.5541589904344826
1779788836.4979694,10.0,10.0,7.060653252645332,0.14708941446681967,0.0017030922536612311,0.6654259690523973,-0.4155788370538347,-0.3125426650037214,0.5541589904344826
1779788836.5079045,10.0,10.0,7.2056229621324075,0.14665124420739412,0.0011958348659417018,0.6656852521615784,-0.4131459850934375,-0.3146588374281274,0.5541589904344826
1779788836.5179343,10.0,10.0,7.313853120018192,0.14621036489825262,0.0006661187466231761,0.6659421404564863,-0.4106641205798136,-0.3167825170324836,0.5541589904344826
1779788836.5278783,10.0,10.0,7.389669076852629,0.1457751659948087,0.0001238800296867336,0.6661996375742333,-0.4081908674094221,-0.3188642632337695,0.5541589904344826
1779788836.5379136,10.0,10.0,7.465095291765327,0.14534213839378224,-0.00042867975480443896,0.6664507489722986,-0.4057208719288081,-0.3209095270566505,0.5541589904344826
1779788836.5479634,10.0,10.0,7.5179355997221915,0.1449076477137355,-0.0010037490474573817,0.6666928389575014,-0.4032446821316443,-0.32292674328116255,0.5541589904344826
1779788836.5579445,10.0,10.0,7.516194653980835,0.14447924708191606,-0.0015931742208057775,0.6669264362039187,-0.40065154420778615,-0.3250043202149362,0.5541589904344826
1779788836.5679455,10.0,10.0,7.507489488302969,0.1440611822825067,-0.0021849514507663145,0.6671372532505085,-0.39812380327673624,-0.326995789821852,0.5541589904344826
1779788836.5779605,10.0,10.0,7.518662330031784,0.14364618220856964,-0.0028068002512107886,0.6673283813882407,-0.3954800245643769,-0.32904375719013423,0.5541589904344826
1779788836.5879045,10.0,10.0,7.495041091459099,0.1432283576722031,-0.0034514921687722523,0.6674931102389063,-0.392906853451368,-0.3310033857086049,0.5541589904344826
1779788836.597955,10.0,10.0,7.463049901036507,0.1428231265946597,-0.004106199316839434,0.667624751333811,-0.392906853451368,-0.3310033857086049,0.5541589904344826
1779788836.6079109,10.0,10.0,7.474417975128769,0.14242484889739057,-0.004772031603932361,0.6677315596975549,-0.3903492160709816,-0.33291890245382527,0.5541589904344826
1779788836.617986,10.0,10.0,7.457197423442148,0.14201723358653845,-0.005454977308490119,0.6678270256676816,-0.3877071555195032,-0.33486446079296417,0.5541589904344826
1779788836.627961,10.0,10.0,7.418604513781766,0.1416078865876482,-0.006136537020130481,0.6679044727870423,-0.38511326337667895,-0.33674231991064224,0.5541589904344826
1779788836.6379998,10.0,10.0,7.390214145727024,0.1411916780748507,-0.006824829899020441,0.6679677379171284,-0.3824947675316357,-0.33860616626065515,0.5541589904344826
1779788836.647906,10.0,10.0,7.350873686686304,0.14075024365934266,-0.007529597213699375,0.668024808030494,-0.37987470535825774,-0.34043966678430293,0.5541589904344826
1779788836.6579394,10.0,10.0,7.295769846435356,0.1402915679041692,-0.008237558808471091,0.6680758723832269,-0.3771555653224774,-0.3423097841656267,0.5541589904344826
1779788836.6679578,10.0,10.0,7.253644766438001,0.13981757643957324,-0.008960983292120814,0.6681251351890262,-0.37448353285583935,-0.34411557776649626,0.5541589904344826
1779788836.6779423,10.0,10.0,7.1982854513887915,0.13931449935237977,-0.009699224179559342,0.6681859794473165,-0.37178307136825295,-0.34590895740342076,0.5541589904344826
1779788836.6878836,10.0,10.0,7.124540939203986,0.13880134390081036,-0.010428205654951903,0.6682522789787019,-0.3690869312248838,-0.347668255493774,0.5541589904344826
1779788836.6979184,10.0,10.0,7.08778048819109,0.138277114061744,-0.011157321853944429,0.6683441571172524,-0.3663762941923807,-0.3494060670633222,0.5541589904344826
1779788836.7079196,10.0,10.0,7.056979662753225,0.13771884357964917,-0.011904374886830061,0.668458673698586,-0.36367431469977074,-0.3511079207610241,0.5541589904344826
1779788836.7179615,10.0,10.0,6.9880184528231934,0.13712066642534393,-0.012654069854092547,0.6685933578855543,-0.36095910328104575,-0.3527879855971922,0.5541589904344826
1779788836.7279878,10.0,10.0,6.932783391734945,0.13647700219209583,-0.013406464789420891,0.6687621122839356,-0.35821750731674495,-0.3544541893088876,0.5541589904344826
1779788836.7379518,10.0,10.0,6.850972920715387,0.13578146253420997,-0.014179636826474381,0.6689489778393225,-0.3554024055118561,-0.35613396332680314,0.5541589904344826
1779788836.7479298,10.0,10.0,6.760242151490134,0.13503898676558757,-0.014959180098154773,0.6691624673105309,-0.35263203430133994,-0.3577567212926794,0.5541589904344826
1779788836.7579422,10.0,10.0,6.6916453661233914,0.13424548549173188,-0.015752203408922135,0.6694050470162364,-0.34985685478307793,-0.3593525599975223,0.5541589904344826
1779788836.7678685,10.0,10.0,6.594044345597437,0.13340753600702351,-0.016569429220783173,0.6696896543474196,-0.3469950484843317,-0.3609674745235625,0.5541589904344826
1779788836.7779408,10.0,10.0,6.517087364726071,0.1325356609013487,-0.017374385356713703,0.6700122656193555,-0.34417295158662464,-0.36252983321320176,0.5541589904344826
1779788836.7878933,10.0,10.0,6.447226790431003,0.1316209233887083,-0.018179924930149586,0.670389389526355,-0.3413474308718105,-0.3640644967587908,0.5541589904344826
1779788836.7979002,10.0,10.0,6.313941125395854,0.13065160377649498,-0.01898391877046841,0.6708137264219541,-0.33838605291947743,-0.36564159188152856,0.5541589904344826
1779788836.8079112,10.0,10.0,6.1886528957933145,0.12963877569873897,-0.01978535979220059,0.6712637865098315,-0.3355395525790841,-0.36712764860248237,0.5541589904344826
1779788836.817924,10.0,10.0,6.094616890842058,0.12855769192081917,-0.02060725543830224,0.6717429594671969,-0.33269524031795705,-0.3685836977533964,0.5541589904344826
1779788836.8279443,10.0,10.0,5.975690552576924,0.12738617145342096,-0.021427848979394353,0.6722506343330367,-0.32974823441221546,-0.3700622573923017,0.5541589904344826
1779788836.837896,10.0,10.0,5.824228725785946,0.12611449855209844,-0.022268839814883985,0.6727860475053408,-0.32686896749647476,-0.3714776422853855,0.5541589904344826
1779788836.84788,10.0,10.0,5.608151911232641,0.12477187185612626,-0.023128042204537454,0.6733500102636651,-0.32397425015729997,-0.37287188531588983,0.5541589904344826
1779788836.8579917,10.0,10.0,5.459545402807286,0.1233703868116823,-0.024001069070558784,0.6739482237913939,-0.32093960603006977,-0.37430294943206727,0.5541589904344826
1779788836.8678975,10.0,10.0,5.301722812901393,0.12193109113963371,-0.02486746959095076,0.6745851899600236,-0.31802612490488935,-0.37564776659962035,0.5541589904344826
1779788836.8779209,10.0,10.0,5.170658091935504,0.12048787523116967,-0.025743312924467153,0.6752576767807118,-0.31511255195998333,-0.3769644278418261,0.5541589904344826
1779788836.8879247,10.0,10.0,5.051067749528923,0.11894760674659006,-0.026671127463238995,0.6759104951093148,-0.312039093172529,-0.37832311538298324,0.5541589904344826
1779788836.8978999,10.0,10.0,4.954904138207556,0.11731620381101898,-0.027587768194633013,0.6765733268147215,-0.3090859992238085,-0.37959967219408375,0.5541589904344826
1779788836.9078934,10.0,10.0,4.83783846390765,0.11563576545291393,-0.028497234985819863,0.677264598872409,-0.30598059759881857,-0.3809118214679733,0.5541589904344826
1779788836.9179237,10.0,10.0,4.625902384479076,0.11391286271734198,-0.029377651356383722,0.6780093133114541,-0.30302199080126924,-0.3821333979446583,0.5541589904344826
1779788836.9278922,10.0,10.0,4.392896991693595,0.112149372876769,-0.030284722785748796,0.6787707889768805,-0.30302199080126924,-0.3821333979446583,0.5541589904344826
1779788836.937923,10.0,10.0,4.159684458943266,0.11037116372133589,-0.03122695615463803,0.6795608929046586,-0.3000109591992344,-0.3833483083772912,0.5541589904344826
1779788836.9479496,10.0,10.0,3.9134116436381428,0.10855616640047133,-0.03218612573134891,0.6803780128045478,-0.29697136443249206,-0.38454605813657344,0.5541589904344826
1779788836.957952,10.0,10.0,3.7003795556415375,0.1066849057587807,-0.03314698440290382,0.6812055914939759,-0.2939646235056763,-0.3857027771836307,0.5541589904344826
1779788836.9678907,10.0,10.0,3.5202130718110207,0.1047531400190517,-0.034113916425757354,0.6820227311836146,-0.290921127843382,-0.38684545499079304,0.5541589904344826
1779788836.977905,10.0,10.0,3.443606387380892,0.1027765057591509,-0.0350907409217782,0.682813422685855,-0.28786725582423356,-0.38796379005938647,0.5541589904344826
1779788836.9879363,10.0,10.0,3.445009173527998,0.10076405869604438,-0.0361334522688061,0.6835867524649595,-0.28486090481132553,-0.38903733725378353,0.5541589904344826
1779788836.997895,10.0,10.0,3.4786633654277535,0.09874341334666233,-0.0372141250470611,0.6843850408002116,-0.281833976333852,-0.39009101757385967,0.5541589904344826
1779788837.007878,10.0,10.0,3.4385876837105456,0.09671238149675508,-0.038293154235210514,0.6852171735150043,-0.278736797026796,-0.39114112335647855,0.5541589904344826
1779788837.017885,10.0,10.0,3.33087372301325,0.09464057213757254,-0.0393921791511266,0.686061597087369,-0.2756635639079834,-0.3921553172689691,0.5541589904344826
1779788837.0279074,10.0,10.0,3.1537602142277192,0.09252251800842028,-0.04054113865908769,0.6869052314526047,-0.27262156402649185,-0.39313215694467046,0.5541589904344826
1779788837.0378788,10.0,10.0,3.000499770303685,0.09035795399482126,-0.041710873051540955,0.6877445656113075,-0.26956784897903674,-0.3940859025255357,0.5541589904344826
1779788837.0478792,10.0,10.0,2.9923332649511676,0.08816455419720323,-0.04286347977245849,0.6885591582878862,-0.26647574059675394,-0.395024427272954,0.5541589904344826
1779788837.0579045,10.0,10.0,3.017423043750094,0.085934277090436,-0.0439833485537528,0.6893620399873708,-0.26335180715674533,-0.3959450091320725,0.5541589904344826
1779788837.0678875,10.0,10.0,3.0674759449865485,0.08370560711367306,-0.04511750797067138,0.6901550753498492,-0.2602519694393446,-0.39683126216319026,0.5541589904344826
1779788837.077901,10.0,10.0,3.1468925252900917,0.08148256597469986,-0.04629059198434463,0.6909558273589367,-0.25703746157862806,-0.39772185371486113,0.5541589904344826
1779788837.0879488,10.0,10.0,3.1924016092665997,0.07922990398172353,-0.04752957438541068,0.6917430206187004,-0.2539507352104139,-0.3985499679708394,0.5541589904344826
1779788837.0978975,10.0,10.0,3.118049134414719,0.07692249193782989,-0.048836982675252064,0.6925159465281949,-0.2508445948745863,-0.3993566883962433,0.5541589904344826
1779788837.107905,10.0,10.0,2.9371648084004462,0.07457441866813391,-0.05016457757966614,0.6932930471124631,-0.24765914722542656,-0.40015646376950775,0.5541589904344826
1779788837.1179168,10.0,10.0,2.8106307323529642,0.0722189451517043,-0.051505279628471456,0.6940390437944882,-0.24452991646212177,-0.400915133929597,0.5541589904344826
1779788837.127922,10.0,10.0,2.885071978386047,0.06987160983162316,-0.052833507367995865,0.6947452142652671,-0.24140183988468336,-0.4016469456259818,0.5541589904344826
1779788837.1379142,10.0,10.0,3.0784378280314377,0.06750902763539915,-0.054162550206868776,0.6954462604708714,-0.2382758598667172,-0.40235186902781234,0.5541589904344826
1779788837.1479278,10.0,10.0,3.1734834422501117,0.06510165612815948,-0.05552293233354688,0.6961652319470076,-0.23503680578568323,-0.4030546053886182,0.5541589904344826
1779788837.1578867,10.0,10.0,3.083949449911373,0.06270183020741596,-0.05688490983579362,0.6968891236305071,-0.23191009617305772,-0.40370637966493983,0.5541589904344826
1779788837.167969,10.0,10.0,2.997157182773954,0.060330958103824585,-0.05830348598087297,0.6976127876061058,-0.22871263368265163,-0.4043460277016139,0.5541589904344826
1779788837.1779013,10.0,10.0,2.96252911566731,0.057936871632946106,-0.05974184835779639,0.6983175103904938,-0.2255748552585021,-0.4049474437658504,0.5541589904344826
1779788837.1879623,10.0,10.0,2.9557562261821944,0.05547600137264881,-0.06117039029949186,0.6989796527978699,-0.22231886623220756,-0.40554411089668974,0.5541589904344826
1779788837.1978967,10.0,10.0,2.9762048965893793,0.05297785613348218,-0.06264344746789473,0.6995851925636821,-0.21898457463826385,-0.4061263298644261,0.5541589904344826
1779788837.207903,10.0,10.0,3.031995099105933,0.05048941346768788,-0.06414505512673017,0.7001790353824998,-0.21578242345914592,-0.40665816378399344,0.5541589904344826
1779788837.2179105,10.0,10.0,3.102590109728698,0.047996340081615164,-0.06563925783798058,0.7007793040291604,-0.21247690089099971,-0.40717921349182085,0.5541589904344826
1779788837.2279391,10.0,10.0,2.9890319693870424,0.04543229318692699,-0.06713325460602207,0.7013829061817415,-0.21247690089099971,-0.40717921349182085,0.5541589904344826
1779788837.2379334,10.0,10.0,2.67796345756833,0.04284943906639201,-0.06867055426513877,0.701966411532211,-0.2092964749490326,-0.40765384248424563,0.5541589904344826
1779788837.2478817,10.0,10.0,2.5590647492190053,0.04031144348091875,-0.07022971113187117,0.7024920817953992,-0.20605507626314964,-0.40811072484893934,0.5541589904344826
1779788837.2579281,10.0,10.0,2.7801920477715893,0.0377905073447234,-0.07175321842051173,0.702975454595643,-0.20280859889419237,-0.40854125186823204,0.5541589904344826
1779788837.2679074,10.0,10.0,3.034242728129713,0.03524492113284092,-0.07329197662391088,0.7034573031347874,-0.19962713897251602,-0.4089369576319926,0.5541589904344826
1779788837.2778623,10.0,10.0,3.123596436832966,0.032685083407449224,-0.07486006018688961,0.7039346435063244,-0.1963112378984814,-0.4093218680402727,0.5541589904344826
1779788837.2879546,10.0,10.0,3.0858179468444518,0.030098381935606905,-0.07648348190658914,0.704385067002833,-0.19313953982003676,-0.4096638327249659,0.5541589904344826
1779788837.297898,10.0,10.0,2.9131839662995858,0.027474493456565954,-0.0781375356542131,0.7048223983745372,-0.18994555810500138,-0.40998237312689106,0.5541589904344826
1779788837.3079064,10.0,10.0,2.75182852491452,0.024837859027594663,-0.07976283934383159,0.7052223283642292,-0.18662551869759422,-0.41028608020716095,0.5541589904344826
1779788837.3178792,10.0,10.0,2.762143794885378,0.022212435837175318,-0.0813560483724963,0.705575573060066,-0.18342191205582922,-0.41055271219140255,0.5541589904344826
1779788837.3279269,10.0,10.0,2.902484829673738,0.01958617689029139,-0.08297301889624484,0.7059150755094185,-0.18021086608365514,-0.41079397323124917,0.5541589904344826
1779788837.3378737,10.0,10.0,3.043265011959651,0.016981816005926145,-0.08461924358360652,0.7062479550818026,-0.1768867622940364,-0.4110163684263569,0.5541589904344826
1779788837.3478703,10.0,10.0,3.0821003031752694,0.01438956599765958,-0.0862516817242391,0.7065928261747546,-0.17369687895115046,-0.41120365577199885,0.5541589904344826
1779788837.3578837,10.0,10.0,2.9827194821792413,0.011773392747130377,-0.08789569984189653,0.7069096501179737,-0.1705031017125239,-0.411365571861071,0.5541589904344826
1779788837.3678794,10.0,10.0,2.8906610118955105,0.009137111181844784,-0.08954699532932871,0.7071667767089416,-0.1671708783561616,-0.41150723523413374,0.5541589904344826
1779788837.3778813,10.0,10.0,2.9692872328888402,0.00649398113129777,-0.09121253483657923,0.7073576156379099,-0.1639469459927387,-0.4116178150675759,0.5541589904344826
1779788837.3878758,10.0,10.0,3.135057016884663,0.0038378091208676386,-0.09292050448139076,0.7075439405876864,-0.1606963987779664,-0.41170296425058506,0.5541589904344826
1779788837.3978696,10.0,10.0,3.091268142635291,0.001149875317653388,-0.09461614813593229,0.7077280865104355,-0.15746991517723505,-0.411761340883174,0.5541589904344826
1779788837.4079225,10.0,10.0,2.83582187045104,-0.0015613551850478878,-0.09633551470833773,0.7079001339145572,-0.15426778825250873,-0.4117935372313949,0.5541589904344826
1779788837.417897,10.0,10.0,2.568329079673463,-0.004265451748693796,-0.09806819318302783,0.7080378572686225,-0.15106097099508628,-0.41180008852665484,0.5541589904344826
1779788837.4279013,10.0,10.0,2.538237138320256,-0.006944277751661908,-0.09976071155370445,0.7081356896785861,-0.14772929091633022,-0.4117796640511676,0.5541589904344826
1779788837.437934,10.0,10.0,2.7379519889932045,-0.00960470960096624,-0.10144037920039241,0.7081995720244595,-0.144518087176256,-0.4117337104412969,0.5541589904344826
1779788837.4478912,10.0,10.0,2.9543931178339817,-0.012279739945680003,-0.10313594593268448,0.7082455036244767,-0.14132264071772985,-0.4116623789046408,0.5541589904344826
1779788837.4578793,10.0,10.0,3.01319197501889,-0.014978434435384724,-0.10487646705281886,0.7082513780900618,-0.13813145246761702,-0.41156563935211954,0.5541589904344826
1779788837.467888,10.0,10.0,2.9277005300567787,-0.017676572872925237,-0.10663776077879632,0.7082372319571414,-0.13487012262051698,-0.4114404216978387,0.5541589904344826
